x0,y0,z0,x1,y1,z1,x2,y2,z2,x3,y3,z3,x4,y4,z4,x5,y5,z5,x6,y6,z6,x7,y7,z7,x8,y8,z8,x9,y9,z9,x10,y10,z10,x11,y11,z11,x12,y12,z12,x13,y13,z13,x14,y14,z14,x15,y15,z15,x16,y16,z16,x17,y17,z17,x18,y18,z18,x19,y19,z19,x20,y20,z20,label,person_id,collector
0.40982353687286377,0.8440844416618347,2.6577978928798984e-07,0.45468419790267944,0.8204389810562134,-0.009292113594710827,0.4917982816696167,0.8130264282226562,-0.03224615007638931,0.511467695236206,0.8383759260177612,-0.05842791497707367,0.5059560537338257,0.8717339038848877,-0.08601843565702438,0.48402565717697144,0.71736741065979,-0.04145948216319084,0.5274134278297424,0.7230594754219055,-0.07683275640010834,0.5615131258964539,0.7239828109741211,-0.10125557333230972,0.594735324382782,0.7271428108215332,-0.11741482466459274,0.4474850296974182,0.7188367247581482,-0.053686439990997314,0.4964163601398468,0.8217395544052124,-0.08539581298828125,0.4783908426761627,0.8500189185142517,-0.08914124220609665,0.46412304043769836,0.8387758135795593,-0.0906410738825798,0.4144793748855591,0.7506343722343445,-0.06736507266759872,0.4642890691757202,0.8554930090904236,-0.09202699363231659,0.4516371786594391,0.8609222173690796,-0.08118899911642075,0.44155630469322205,0.8360432982444763,-0.072334423661232,0.3875674307346344,0.7923100590705872,-0.08337784558534622,0.4281916618347168,0.8646228313446045,-0.0994592234492302,0.4218200147151947,0.8666627407073975,-0.09122058004140854,0.41037818789482117,0.8473948240280151,-0.0830477625131607,point,RRQ_p8,RRQ
0.5002419948577881,0.744169294834137,4.445977452860461e-08,0.5670093894004822,0.715040922164917,-0.0004269471683073789,0.6115396618843079,0.6779364347457886,-0.02011270634829998,0.6463755965232849,0.6649764776229858,-0.04592166095972061,0.6637166142463684,0.6752868890762329,-0.07201512902975082,0.5985563397407532,0.5593461990356445,-0.02480754628777504,0.6401125192642212,0.5029813051223755,-0.05145672708749771,0.6677255034446716,0.4569576680660248,-0.06930709630250931,0.6892045140266418,0.4205600619316101,-0.08277173340320587,0.573512852191925,0.5666425824165344,-0.04333418235182762,0.6530700325965881,0.6255822777748108,-0.07756861299276352,0.6340497136116028,0.6690500378608704,-0.08265867084264755,0.6082111597061157,0.669336199760437,-0.08249915391206741,0.5534945726394653,0.5977655053138733,-0.061886608600616455,0.6298802495002747,0.6586176156997681,-0.08971134573221207,0.6083388924598694,0.688374400138855,-0.07886312156915665,0.5850245952606201,0.6818074584007263,-0.06872092187404633,0.5390573143959045,0.6393858790397644,-0.08175517618656158,0.6015798449516296,0.6818169355392456,-0.0953163355588913,0.5899689197540283,0.7031387090682983,-0.08391435444355011,0.5700881481170654,0.6993642449378967,-0.07420327514410019,point,RRQ_p8,RRQ
0.49668776988983154,0.7741034030914307,1.7416543585113686e-07,0.5568572878837585,0.7218245267868042,-0.0024395345244556665,0.596498966217041,0.6808024048805237,-0.023192744702100754,0.6294820308685303,0.6716590523719788,-0.049518339335918427,0.6470358371734619,0.6913332939147949,-0.0767299085855484,0.5628839731216431,0.5799331665039062,-0.02501753158867359,0.6034917235374451,0.5368863940238953,-0.05343214422464371,0.6330325603485107,0.5011537671089172,-0.07322648912668228,0.6578332185745239,0.47166770696640015,-0.08785953372716904,0.5373379588127136,0.5945820808410645,-0.04270486161112785,0.6167853474617004,0.6398795247077942,-0.07727108895778656,0.6052290797233582,0.6822823882102966,-0.08378266543149948,0.5826060771942139,0.6860761046409607,-0.08492158353328705,0.5185821652412415,0.6333730816841125,-0.060923460870981216,0.5951592922210693,0.6857694387435913,-0.08838816732168198,0.5783880352973938,0.7096179723739624,-0.08078673481941223,0.5563042759895325,0.6999051570892334,-0.07287381589412689,0.5053693056106567,0.6800832748413086,-0.08059617131948471,0.5675467848777771,0.7159233689308167,-0.09316118061542511,0.5584306120872498,0.732033371925354,-0.08411959558725357,0.5395876169204712,0.7243543863296509,-0.07647444307804108,point,RRQ_p8,RRQ
0.48283451795578003,0.7873958349227905,3.041930654035241e-07,0.4695160686969757,0.706821858882904,-0.0016867872327566147,0.492083340883255,0.6271427869796753,-0.0243779718875885,0.5339794754981995,0.5837580561637878,-0.046988595277071,0.5629227757453918,0.5948054194450378,-0.06984209269285202,0.44900786876678467,0.6521216034889221,-0.06616049259901047,0.4360330402851105,0.5805797576904297,-0.09882324934005737,0.41908514499664307,0.5335201621055603,-0.1188150942325592,0.4034598469734192,0.4966639280319214,-0.13258540630340576,0.4642404317855835,0.6885352730751038,-0.08145088702440262,0.5250800848007202,0.593528151512146,-0.11568265408277512,0.5350701808929443,0.6141744256019592,-0.11440054327249527,0.5252522230148315,0.642532467842102,-0.1099657416343689,0.4914563000202179,0.7236093282699585,-0.09353422373533249,0.5512042045593262,0.6336658000946045,-0.11270363628864288,0.547601044178009,0.6564245820045471,-0.08995632082223892,0.5296041369438171,0.6847615838050842,-0.07211042940616608,0.5226232409477234,0.7511838674545288,-0.10648403316736221,0.5669527053833008,0.6713838577270508,-0.107965849339962,0.5593454241752625,0.6859130859375,-0.08528515696525574,0.543424665927887,0.7124651074409485,-0.06934983283281326,point,RRQ_p8,RRQ
0.3974047601222992,0.8885967135429382,-2.7775735045310057e-09,0.4410480856895447,0.8442949652671814,-0.025592399761080742,0.46436020731925964,0.7728217840194702,-0.0425146222114563,0.44877889752388,0.7257362604141235,-0.05874963104724884,0.4087483584880829,0.7144145369529724,-0.07381493598222733,0.41902288794517517,0.6572026610374451,-0.03277847543358803,0.4195576608181,0.5614923238754272,-0.05776705965399742,0.4192081093788147,0.5029810667037964,-0.07193771749734879,0.4139665365219116,0.4522032141685486,-0.08239562809467316,0.3784671127796173,0.6723552346229553,-0.03688767924904823,0.40238502621650696,0.6627144813537598,-0.07116536796092987,0.416017085313797,0.7260806560516357,-0.0788414478302002,0.4094451367855072,0.7457629442214966,-0.07832147926092148,0.34737464785575867,0.704281747341156,-0.043385714292526245,0.37385109066963196,0.7104962468147278,-0.07842405885457993,0.3941149413585663,0.7656887769699097,-0.07193700969219208,0.39055126905441284,0.7741820812225342,-0.061057474464178085,0.3219079375267029,0.7444153428077698,-0.05228957161307335,0.34540361166000366,0.74619060754776,-0.07342425733804703,0.3662114441394806,0.7832061648368835,-0.06352826952934265,0.3647674024105072,0.793551504611969,-0.05176784470677376,point,RRQ_p8,RRQ
0.3903944492340088,0.8223612904548645,-7.999550888371232e-08,0.42034292221069336,0.7610106468200684,-0.025033757090568542,0.42475587129592896,0.6828044056892395,-0.040552351623773575,0.3949532210826874,0.6530069708824158,-0.05480576306581497,0.35480237007141113,0.6640388369560242,-0.06809878349304199,0.34921491146087646,0.6013872027397156,-0.0353059396147728,0.31245100498199463,0.5159977674484253,-0.05960441753268242,0.2885948419570923,0.4689682722091675,-0.07399818301200867,0.26386481523513794,0.42869827151298523,-0.08486826717853546,0.3192615509033203,0.639509379863739,-0.039606232196092606,0.3346666991710663,0.6122546195983887,-0.07475829869508743,0.3669012486934662,0.6661125421524048,-0.08383642137050629,0.369384229183197,0.6912734508514404,-0.08426164835691452,0.30001771450042725,0.6855120658874512,-0.045814406126737595,0.31375449895858765,0.6683026552200317,-0.08156987279653549,0.35026630759239197,0.7108619809150696,-0.07597509771585464,0.3533075749874115,0.7246335744857788,-0.06535571068525314,0.28703975677490234,0.736488401889801,-0.05398950353264809,0.29348161816596985,0.7135602235794067,-0.0757589042186737,0.32631853222846985,0.735105574131012,-0.06526071578264236,0.33441582322120667,0.7477681636810303,-0.05310869589447975,point,RRQ_p8,RRQ
0.40367019176483154,0.8331195712089539,-2.5993362129383968e-08,0.43284425139427185,0.7725789546966553,-0.023709861561655998,0.4385685920715332,0.6983187198638916,-0.04197746515274048,0.41278114914894104,0.6640586853027344,-0.060395579785108566,0.37380310893058777,0.6722214221954346,-0.07816300541162491,0.36361604928970337,0.6137689352035522,-0.0322829894721508,0.32822978496551514,0.5364497900009155,-0.057252634316682816,0.30269891023635864,0.49234485626220703,-0.07127797603607178,0.2757534980773926,0.45536133646965027,-0.08163507282733917,0.33023208379745483,0.6474661231040955,-0.03645039722323418,0.3513718545436859,0.6218445301055908,-0.07455775141716003,0.3836561441421509,0.6727409958839417,-0.08483263105154037,0.3858487606048584,0.6988937854766846,-0.0845501497387886,0.30974268913269043,0.6908826231956482,-0.04224717989563942,0.33711370825767517,0.681708037853241,-0.07965616136789322,0.36987221240997314,0.7238674759864807,-0.07487177103757858,0.3700741231441498,0.739243745803833,-0.06366973370313644,0.29509708285331726,0.7381625175476074,-0.049814436584711075,0.31946682929992676,0.7258106470108032,-0.07231608778238297,0.34712541103363037,0.7506680488586426,-0.06406331807374954,0.3482034206390381,0.7617164254188538,-0.052725810557603836,point,RRQ_p8,RRQ
0.4682406187057495,0.7057859301567078,-8.404651197224666e-08,0.4874306917190552,0.6026639342308044,0.014616532251238823,0.5369987487792969,0.5405230522155762,0.007260222919285297,0.5865997076034546,0.5290610790252686,-0.003824220271781087,0.6251705884933472,0.552456796169281,-0.016376527026295662,0.5645862221717834,0.49505192041397095,-0.031186265870928764,0.6318201422691345,0.40399861335754395,-0.04898292198777199,0.6735865473747253,0.35090839862823486,-0.05751778185367584,0.7052492499351501,0.3081507384777069,-0.06346653401851654,0.5886027216911316,0.5448463559150696,-0.04685480147600174,0.6627318263053894,0.5285851359367371,-0.0620267391204834,0.6391652226448059,0.5588611364364624,-0.05306120589375496,0.6060608625411987,0.5746723413467407,-0.04487190023064613,0.6054551005363464,0.6056401133537292,-0.058868225663900375,0.6639054417610168,0.5973731279373169,-0.06069064140319824,0.6417379975318909,0.6153774261474609,-0.03684399276971817,0.6142078638076782,0.6251043677330017,-0.02199670486152172,0.6145098805427551,0.6620075106620789,-0.07049217075109482,0.6609202027320862,0.6474124193191528,-0.05949721485376358,0.63908851146698,0.6592667698860168,-0.03429568186402321,0.6165776252746582,0.6667312383651733,-0.017321735620498657,point,RRQ_p8,RRQ
0.6409516334533691,0.645379900932312,-2.2042242164843628e-07,0.5910342931747437,0.6367641091346741,-0.00963730551302433,0.5513685941696167,0.6330280900001526,-0.024479124695062637,0.5251736044883728,0.6569849252700806,-0.040497153997421265,0.5112342834472656,0.6872506141662598,-0.05742839351296425,0.5504494309425354,0.5564374327659607,-0.028867380693554878,0.5151830911636353,0.5564960241317749,-0.05356092378497124,0.48416829109191895,0.5609581470489502,-0.06930126994848251,0.45840123295783997,0.5654727816581726,-0.08062301576137543,0.5770150423049927,0.5507010221481323,-0.03803183510899544,0.5401887893676758,0.637600839138031,-0.06613212078809738,0.5514312386512756,0.6825957298278809,-0.06948082894086838,0.5647879242897034,0.6824202537536621,-0.0685870349407196,0.6077069640159607,0.5674039125442505,-0.04873652383685112,0.5736910104751587,0.6553086042404175,-0.072116419672966,0.5838752388954163,0.6801773905754089,-0.0630972608923912,0.5953032970428467,0.6652796864509583,-0.053783513605594635,0.6364291906356812,0.592596173286438,-0.060965489596128464,0.6059417128562927,0.6545242071151733,-0.07657251507043839,0.6069630980491638,0.6738373041152954,-0.0695406049489975,0.615364670753479,0.6626378297805786,-0.06157054379582405,point,RRQ_p8,RRQ
0.6244794130325317,0.6784325838088989,-2.032775228144601e-07,0.5851688385009766,0.6660510897636414,-0.01390892919152975,0.5485232472419739,0.6309913992881775,-0.02680661343038082,0.5362377762794495,0.5917301774024963,-0.04195602238178253,0.555499792098999,0.567829966545105,-0.0574113167822361,0.5519307255744934,0.5409060716629028,-0.018409699201583862,0.5267693996429443,0.4727426767349243,-0.039916444569826126,0.5112813115119934,0.42929714918136597,-0.05418983846902847,0.4978681802749634,0.3927285075187683,-0.0645146518945694,0.5825999975204468,0.5333036780357361,-0.024130767211318016,0.5673877596855164,0.5307999849319458,-0.06120525673031807,0.5726884007453918,0.5899192690849304,-0.0691235214471817,0.5795750617980957,0.6297265291213989,-0.06577476859092712,0.6129867434501648,0.5361487865447998,-0.0318097323179245,0.5954290628433228,0.5404727458953857,-0.06349796056747437,0.5975824594497681,0.5933337807655334,-0.05610723793506622,0.601893424987793,0.6255841255187988,-0.04241819679737091,0.6441261172294617,0.545253336429596,-0.04102581739425659,0.6271342039108276,0.5384271144866943,-0.058090098202228546,0.6211463212966919,0.5744081139564514,-0.049683261662721634,0.6214548945426941,0.5970844030380249,-0.03825647756457329,point,RRQ_p8,RRQ
0.6192218661308289,0.6666648983955383,-1.769266759765742e-07,0.583777904510498,0.6424130797386169,-0.012962688691914082,0.5573362708091736,0.5933898091316223,-0.024327009916305542,0.5654880404472351,0.5525795221328735,-0.03783154860138893,0.5880724787712097,0.5343530178070068,-0.051581524312496185,0.5772736072540283,0.5066205859184265,-0.018734676763415337,0.5716345310211182,0.43112632632255554,-0.03993910178542137,0.5724921822547913,0.38351982831954956,-0.05467895045876503,0.5728187561035156,0.34304100275039673,-0.06523525714874268,0.6088368892669678,0.5147597789764404,-0.024394547566771507,0.6056225299835205,0.5014406442642212,-0.06089302897453308,0.5981414318084717,0.5593627691268921,-0.07049468904733658,0.5922660827636719,0.6000020503997803,-0.06894858181476593,0.6375643014907837,0.5283188819885254,-0.031699683517217636,0.6295871138572693,0.5209757685661316,-0.06293925642967224,0.6195478439331055,0.5739798545837402,-0.056790757924318314,0.613447368144989,0.606665849685669,-0.0445365235209465,0.6653504371643066,0.5458427667617798,-0.04030333831906319,0.6585018038749695,0.5291990041732788,-0.05719570815563202,0.6458916068077087,0.5640217661857605,-0.048656415194272995,0.6387363076210022,0.5864196419715881,-0.03743471950292587,point,RRQ_p8,RRQ
0.5749191641807556,0.6886081099510193,-1.6516312939529598e-07,0.5500356554985046,0.6495201587677002,-0.01601666957139969,0.5400168895721436,0.599395751953125,-0.02946753427386284,0.5553624033927917,0.5773417353630066,-0.04390484467148781,0.5799174904823303,0.573611855506897,-0.05814496800303459,0.5952854156494141,0.5197432637214661,-0.027570465579628944,0.6265580058097839,0.45731207728385925,-0.04981363192200661,0.649947464466095,0.4202696681022644,-0.06373181194067001,0.6706582903862,0.38898223638534546,-0.07330784201622009,0.6264793872833252,0.5387206077575684,-0.030592501163482666,0.6225376129150391,0.5583934783935547,-0.06373001635074615,0.5940553545951843,0.595533549785614,-0.07200448960065842,0.5741330981254578,0.6159515976905823,-0.07105523347854614,0.6475533246994019,0.5680991411209106,-0.03499993309378624,0.6302198767662048,0.5997716188430786,-0.06221640855073929,0.6018065214157104,0.6304558515548706,-0.056910980492830276,0.584467887878418,0.6434952616691589,-0.04722560942173004,0.6618395447731018,0.601349949836731,-0.04151803255081177,0.647769033908844,0.6264773607254028,-0.058156464248895645,0.6203762888908386,0.6487444639205933,-0.05320463702082634,0.6021047830581665,0.6551981568336487,-0.0446704626083374,point,RRQ_p8,RRQ
0.6437471508979797,0.7672954797744751,-1.5365339223194496e-08,0.625239372253418,0.6891114115715027,0.006593757774680853,0.5771523714065552,0.6484106183052063,0.006822117138653994,0.531033992767334,0.6411978006362915,0.006933536380529404,0.4990643262863159,0.653018593788147,0.004961492493748665,0.5463367700576782,0.6324127912521362,-0.017051104456186295,0.48078688979148865,0.6049426198005676,-0.022529685869812965,0.4414658844470978,0.5888521075248718,-0.024925263598561287,0.408902645111084,0.5793103575706482,-0.02726989984512329,0.5313405394554138,0.6757300496101379,-0.021847233176231384,0.48411139845848083,0.6631470322608948,-0.024174971505999565,0.502705991268158,0.6694757342338562,-0.017303476110100746,0.523810088634491,0.6758894920349121,-0.013209652155637741,0.5259453058242798,0.7212329506874084,-0.02414075657725334,0.49005401134490967,0.7065430879592896,-0.02041311375796795,0.5071477293968201,0.7109764218330383,-0.006542295217514038,0.524915874004364,0.7186556458473206,5.6024229706963524e-05,0.5265843272209167,0.7645717859268188,-0.026182040572166443,0.49737271666526794,0.74673992395401,-0.020119234919548035,0.5125921964645386,0.7489555478096008,-0.007234921213239431,0.5269001722335815,0.7558422088623047,0.001059465459547937,point,RRQ_p8,RRQ
0.5849258899688721,0.7719854116439819,-2.7296357529849047e-07,0.5372180342674255,0.7737439870834351,-0.013842766173183918,0.49768489599227905,0.7605139017105103,-0.02890421822667122,0.4726274609565735,0.7502914071083069,-0.04543282836675644,0.4591938853263855,0.7351535558700562,-0.062069229781627655,0.4773039221763611,0.6537268161773682,-0.022089585661888123,0.43232595920562744,0.6243675947189331,-0.04521287605166435,0.40116170048713684,0.6007870435714722,-0.0609939843416214,0.3768925666809082,0.5800179839134216,-0.07269806414842606,0.5040658116340637,0.6321074366569519,-0.028717974200844765,0.4679361581802368,0.6877279877662659,-0.06050846353173256,0.48398664593696594,0.742616593837738,-0.0662282407283783,0.5024287104606628,0.7606828212738037,-0.06429615616798401,0.5329132676124573,0.634293794631958,-0.03747950866818428,0.49768632650375366,0.6983057260513306,-0.06447144597768784,0.5121035575866699,0.7416996359825134,-0.05413604900240898,0.5275862216949463,0.7507240176200867,-0.04168882593512535,0.560051441192627,0.6504613161087036,-0.04838185757398605,0.5295155644416809,0.6966960430145264,-0.06495960056781769,0.5350505113601685,0.729889452457428,-0.056177958846092224,0.5461112260818481,0.7357208132743835,-0.04543387144804001,point,RRQ_p8,RRQ
0.5773101449012756,0.7622360587120056,-1.516471428431032e-07,0.5476126074790955,0.7348245978355408,-0.021219845861196518,0.5294017195701599,0.6924726366996765,-0.037697162479162216,0.5445588231086731,0.675244927406311,-0.0537850596010685,0.5710724592208862,0.6701099276542664,-0.06934377551078796,0.5666796565055847,0.5969545841217041,-0.03240537270903587,0.5824086666107178,0.5344250798225403,-0.0548892579972744,0.5958478450775146,0.49371492862701416,-0.06925548613071442,0.609369158744812,0.45684951543807983,-0.08005855977535248,0.6030007004737854,0.6002890467643738,-0.03354961425065994,0.6001548171043396,0.6348060369491577,-0.06447483599185944,0.5786144137382507,0.6795843243598938,-0.07169399410486221,0.5675156712532043,0.6948577761650085,-0.07144442945718765,0.6301476359367371,0.6229207515716553,-0.03661230206489563,0.6196277141571045,0.6714040637016296,-0.06239006668329239,0.5957455039024353,0.706495463848114,-0.05639789253473282,0.5853146314620972,0.7113058567047119,-0.047627124935388565,0.6517321467399597,0.6530258655548096,-0.0423884317278862,0.6415976881980896,0.6881764531135559,-0.05935736000537872,0.6185423135757446,0.7171334028244019,-0.05436087027192116,0.6055764555931091,0.7217852473258972,-0.04636993631720543,point,RRQ_p8,RRQ
0.33198249340057373,0.7011778354644775,7.639884813670506e-08,0.37140020728111267,0.6516335606575012,0.0009261875529773533,0.39733147621154785,0.5875720977783203,-0.004996470175683498,0.42369598150253296,0.5471588373184204,-0.01621922291815281,0.4527278542518616,0.5185945630073547,-0.026915058493614197,0.333848237991333,0.5124838352203369,0.013515853323042393,0.389693021774292,0.49260979890823364,-0.007513991557061672,0.4281729757785797,0.49209022521972656,-0.024856513366103172,0.45858344435691833,0.4901984930038452,-0.03626301512122154,0.3164122700691223,0.5120542049407959,0.0011222013272345066,0.3841206729412079,0.5017502903938293,-0.023207560181617737,0.3843053877353668,0.55650794506073,-0.031319428235292435,0.36803826689720154,0.576982319355011,-0.031812217086553574,0.30664724111557007,0.5243350267410278,-0.01382455788552761,0.3745051622390747,0.520509660243988,-0.037650056183338165,0.37298935651779175,0.5745576620101929,-0.03180765360593796,0.3563074469566345,0.591700553894043,-0.02152065560221672,0.30104050040245056,0.545666515827179,-0.02959166280925274,0.35652604699134827,0.5375836491584778,-0.04264286905527115,0.3590349853038788,0.5742039680480957,-0.03382595255970955,0.34408333897590637,0.5902713537216187,-0.023198137059807777,pinch,RRQ_p8,RRQ
0.33165982365608215,0.7593337893486023,-3.7501936844819284e-07,0.31228959560394287,0.6844626665115356,-0.03700627014040947,0.33969321846961975,0.5928277969360352,-0.053135402500629425,0.3823563754558563,0.5278571844100952,-0.056576136499643326,0.4113271236419678,0.4818686842918396,-0.05772801861166954,0.36721739172935486,0.6804855465888977,-0.08795489370822906,0.39177778363227844,0.5802674293518066,-0.10297517478466034,0.39914458990097046,0.5241281390190125,-0.09993735700845718,0.40972697734832764,0.4811893701553345,-0.09841553866863251,0.4029775559902191,0.7049795985221863,-0.07194473594427109,0.4214636981487274,0.5802622437477112,-0.08814404904842377,0.3962007761001587,0.5730108618736267,-0.07553357630968094,0.38283228874206543,0.59483802318573,-0.06711083650588989,0.4287988543510437,0.716996967792511,-0.054521895945072174,0.4427706003189087,0.6022024154663086,-0.07059557735919952,0.4158858060836792,0.5986935496330261,-0.05556665360927582,0.4020862281322479,0.6228930354118347,-0.04469247907400131,0.4458528757095337,0.7199902534484863,-0.0389191173017025,0.4555456042289734,0.6295403242111206,-0.054860055446624756,0.43413978815078735,0.6240209341049194,-0.05180784687399864,0.42237406969070435,0.6456466317176819,-0.04881945252418518,pinch,RRQ_p8,RRQ
0.32655295729637146,0.8087274432182312,4.397590771532123e-07,0.36563682556152344,0.763003945350647,-0.014079772867262363,0.39205658435821533,0.6928761005401611,-0.023924976587295532,0.4196321964263916,0.6372137665748596,-0.035005636513233185,0.4490257203578949,0.6030396819114685,-0.045642200857400894,0.3459416329860687,0.6339868903160095,-0.006499116774648428,0.38129544258117676,0.5995146036148071,-0.029327232390642166,0.41182762384414673,0.583026111125946,-0.048584867268800735,0.4381071627140045,0.5748925805091858,-0.05947062373161316,0.317463755607605,0.6197483539581299,-0.013260201551020145,0.3219815790653229,0.540472149848938,-0.025446420535445213,0.32956817746162415,0.4865737557411194,-0.03232162818312645,0.333945095539093,0.4368249773979187,-0.036119136959314346,0.28929150104522705,0.6266217827796936,-0.024328526109457016,0.2749595642089844,0.5549068450927734,-0.03991099074482918,0.27085575461387634,0.5057635307312012,-0.04527060687541962,0.26796209812164307,0.46350014209747314,-0.046517264097929,0.2628679573535919,0.6531880497932434,-0.03729279711842537,0.22861111164093018,0.610065221786499,-0.05056450888514519,0.20945025980472565,0.5773739218711853,-0.05066598206758499,0.19507433474063873,0.5464084148406982,-0.048611853271722794,pinch,RRQ_p8,RRQ
0.2741393744945526,0.7611456513404846,1.3991697755955101e-07,0.31727901101112366,0.7011820077896118,-0.007391365710645914,0.34296923875808716,0.6397024989128113,-0.02180727943778038,0.3720631003379822,0.6010115146636963,-0.04048458859324455,0.40694814920425415,0.5794095993041992,-0.05806044489145279,0.270171195268631,0.5548420548439026,-0.0026450941804796457,0.3395313322544098,0.544087290763855,-0.03105183318257332,0.3801572322845459,0.551097571849823,-0.052441928535699844,0.41402846574783325,0.5486276149749756,-0.0659465491771698,0.25105205178260803,0.5712482929229736,-0.013797735795378685,0.33277222514152527,0.5734997987747192,-0.04350481927394867,0.32867690920829773,0.6249958276748657,-0.052578456699848175,0.3099055588245392,0.6373125314712524,-0.05412737652659416,0.24193483591079712,0.6023074388504028,-0.028022615239024162,0.3205896019935608,0.6048471331596375,-0.05421026423573494,0.31799525022506714,0.6511486172676086,-0.049397483468055725,0.3017478883266449,0.6609249711036682,-0.040419802069664,0.23967036604881287,0.6397557258605957,-0.04400390386581421,0.3020934760570526,0.6330412030220032,-0.058058395981788635,0.30312225222587585,0.6619865298271179,-0.05073462426662445,0.288257360458374,0.672243595123291,-0.04124988242983818,pinch,RRQ_p8,RRQ
0.30042022466659546,0.8348342180252075,8.255256034317426e-08,0.32592493295669556,0.7693236470222473,-0.012156887911260128,0.3253173232078552,0.6760685443878174,-0.014867739751935005,0.32475581765174866,0.6100319027900696,-0.020663004368543625,0.33494412899017334,0.5585527420043945,-0.026628607884049416,0.2851794362068176,0.6528013348579407,0.010453430004417896,0.29187095165252686,0.6020243763923645,-0.007585405837744474,0.30683329701423645,0.5671018362045288,-0.019660022109746933,0.32253187894821167,0.5345852375030518,-0.026270130649209023,0.2581939399242401,0.6652580499649048,0.005677470006048679,0.26748502254486084,0.606212854385376,-0.026037730276584625,0.28649210929870605,0.6638094186782837,-0.034473538398742676,0.2938154339790344,0.7106456160545349,-0.02950257435441017,0.231623575091362,0.6867519617080688,-0.003166060894727707,0.24631361663341522,0.6381204724311829,-0.03859848529100418,0.27075186371803284,0.6958047747612,-0.03437523916363716,0.2784695327281952,0.7399377226829529,-0.018456116318702698,0.20437726378440857,0.7166747450828552,-0.012921759858727455,0.21144729852676392,0.6591650247573853,-0.034158363938331604,0.23386642336845398,0.6812403202056885,-0.02698781155049801,0.24326317012310028,0.7102145552635193,-0.014361095614731312,pinch,RRQ_p8,RRQ
0.5223639607429504,0.7136694192886353,-4.978327865501342e-07,0.5123807787895203,0.6412753462791443,-0.0600571371614933,0.5478677749633789,0.5670247077941895,-0.07967479526996613,0.5859751105308533,0.5140008926391602,-0.07904250919818878,0.6047113537788391,0.4628636837005615,-0.07321925461292267,0.6131417751312256,0.6704838275909424,-0.09882799535989761,0.6359907984733582,0.5613093376159668,-0.11880151182413101,0.6336938738822937,0.49098607897758484,-0.12756869196891785,0.6309159398078918,0.43777573108673096,-0.1326379030942917,0.6390509009361267,0.6884027719497681,-0.06662817299365997,0.6379261612892151,0.5743381977081299,-0.07826153188943863,0.6041945815086365,0.5685097575187683,-0.06941363215446472,0.5863984227180481,0.5911513566970825,-0.06550709158182144,0.6524235606193542,0.686180055141449,-0.03606511652469635,0.652182936668396,0.5829867124557495,-0.05055534839630127,0.6201517581939697,0.5852842330932617,-0.044659607112407684,0.6096721887588501,0.6069002747535706,-0.04187982901930809,0.6581628918647766,0.6815621852874756,-0.009039998054504395,0.6570918560028076,0.6065205931663513,-0.02550543285906315,0.6312723755836487,0.6071875095367432,-0.025789618492126465,0.6188135147094727,0.6234391331672668,-0.025147274136543274,pinch,RRQ_p8,RRQ
0.5231709480285645,0.7703108787536621,9.418976674169244e-07,0.5230128169059753,0.6856312155723572,-0.016917163506150246,0.5260472297668457,0.6095275282859802,-0.04039526730775833,0.5453771948814392,0.5668259859085083,-0.06462842971086502,0.5618314743041992,0.5416178107261658,-0.0888807475566864,0.4555596709251404,0.5914831757545471,-0.05408726632595062,0.5199589729309082,0.5276716947555542,-0.09365985542535782,0.5700954794883728,0.5022264719009399,-0.12396037578582764,0.6104859709739685,0.48204749822616577,-0.14421387016773224,0.46302586793899536,0.6416108012199402,-0.06474503874778748,0.536114513874054,0.5631313323974609,-0.10485515743494034,0.5914687514305115,0.5304335355758667,-0.1234738752245903,0.6318944692611694,0.5077514052391052,-0.13642457127571106,0.48723888397216797,0.690001368522644,-0.07546204328536987,0.5602701306343079,0.6140424609184265,-0.10551625490188599,0.5689756274223328,0.6385427117347717,-0.09711617231369019,0.5578228235244751,0.6668965220451355,-0.08928566426038742,0.5153282880783081,0.7287206649780273,-0.0888751670718193,0.5741135478019714,0.6582915186882019,-0.1069907397031784,0.5782439708709717,0.6735723614692688,-0.09665330499410629,0.5660566687583923,0.6973316073417664,-0.08740571141242981,pinch,RRQ_p8,RRQ
0.5463962554931641,0.7637372612953186,4.823749577553826e-07,0.5701507329940796,0.687739372253418,0.001658651977777481,0.5755825638771057,0.6061253547668457,-0.0006500931340269744,0.5887017250061035,0.5496946573257446,-0.010220449417829514,0.6078511476516724,0.5091298222541809,-0.01921440102159977,0.5109940767288208,0.5688428282737732,0.023139795288443565,0.5375089049339294,0.5205610990524292,0.003103077644482255,0.5774846076965332,0.50350022315979,-0.015775784850120544,0.6133826971054077,0.4897432327270508,-0.02774873934686184,0.48824983835220337,0.5783544182777405,0.0089211855083704,0.5239289402961731,0.5193679928779602,-0.016878299415111542,0.5707575082778931,0.5070486664772034,-0.03253700211644173,0.6063319444656372,0.501925528049469,-0.038285888731479645,0.4700777232646942,0.5991709232330322,-0.008649345487356186,0.5141038298606873,0.5556137561798096,-0.03787712752819061,0.5323703289031982,0.6112118363380432,-0.037506211549043655,0.5315053462982178,0.6519611477851868,-0.028574835509061813,0.45824161171913147,0.6267056465148926,-0.02691374346613884,0.4979577362537384,0.5740432143211365,-0.04421844705939293,0.512753427028656,0.608256459236145,-0.036134786903858185,0.5084801316261292,0.6404628753662109,-0.025140337646007538,pinch,RRQ_p8,RRQ
0.48836231231689453,0.7809586524963379,-4.619693356744392e-07,0.4908142685890198,0.6934619545936584,-0.03280235454440117,0.5390079021453857,0.6200906038284302,-0.05085315927863121,0.590879499912262,0.5701999068260193,-0.05702744424343109,0.618789792060852,0.5222811698913574,-0.06113859638571739,0.5647468566894531,0.7130513787269592,-0.09273822605609894,0.6159703731536865,0.6086322069168091,-0.10623243451118469,0.6227522492408752,0.5572106838226318,-0.09852488338947296,0.6238570809364319,0.5233432054519653,-0.09116346389055252,0.592332661151886,0.753567636013031,-0.07734229415655136,0.6409485340118408,0.6276231408119202,-0.09305796772241592,0.619961142539978,0.5881818532943726,-0.08062246441841125,0.6000590324401855,0.5813878178596497,-0.07174711674451828,0.6123580932617188,0.7790601849555969,-0.05890456214547157,0.6536524891853333,0.663949191570282,-0.07292424142360687,0.6265820860862732,0.6392200589179993,-0.05828212574124336,0.6049940586090088,0.6471969485282898,-0.04743102565407753,0.6253945231437683,0.7906082272529602,-0.04141718149185181,0.6604152321815491,0.7078437805175781,-0.05466155707836151,0.6409701704978943,0.6891102194786072,-0.049320731312036514,0.6232086420059204,0.6998177766799927,-0.044045835733413696,pinch,RRQ_p8,RRQ
0.5961670279502869,0.698215663433075,-5.648694241244812e-07,0.5843643546104431,0.6251945495605469,-0.00019142060773447156,0.5996639132499695,0.5459521412849426,-0.002932765753939748,0.6052212715148926,0.49235597252845764,-0.010652904398739338,0.5952842235565186,0.44173306226730347,-0.01817985810339451,0.6738160848617554,0.5358324646949768,0.018185721710324287,0.6565458178520203,0.4823952615261078,-0.004489582497626543,0.6301642656326294,0.4531570076942444,-0.02355552650988102,0.6037181615829468,0.4280828833580017,-0.03484891727566719,0.6923920512199402,0.5558915138244629,0.006384227424860001,0.6588084697723389,0.49864062666893005,-0.019613921642303467,0.6261308193206787,0.5444507598876953,-0.028847569599747658,0.6163777709007263,0.5811830759048462,-0.02942976914346218,0.7035061717033386,0.5835117101669312,-0.00926719419658184,0.6675747632980347,0.5234302878379822,-0.03376154601573944,0.6349371075630188,0.569301187992096,-0.02610686607658863,0.6269422173500061,0.6050782203674316,-0.014799750410020351,0.7067042589187622,0.6174954175949097,-0.026042042300105095,0.6809467077255249,0.5605292916297913,-0.040171749889850616,0.6545822024345398,0.5835598707199097,-0.03154243156313896,0.648227334022522,0.6093118190765381,-0.021557031199336052,pinch,RRQ_p8,RRQ
0.6181195974349976,0.6799927949905396,-4.4930709464097163e-07,0.577210545539856,0.6512671113014221,-0.002004283247515559,0.5402927398681641,0.5921957492828369,-0.00324269593693316,0.5210701823234558,0.5506121516227722,-0.008413166739046574,0.4958389103412628,0.524247407913208,-0.013946226797997952,0.5628643035888672,0.5279214978218079,0.014338989742100239,0.5424381494522095,0.4971907138824463,-0.006859572138637304,0.5199097394943237,0.49627989530563354,-0.022425608709454536,0.49795979261398315,0.5045276284217834,-0.030460016801953316,0.5883654356002808,0.5230810642242432,0.004911585245281458,0.5611406564712524,0.4972042441368103,-0.022286443039774895,0.5646959543228149,0.5605486631393433,-0.030099371448159218,0.5736820101737976,0.604179322719574,-0.02739046700298786,0.6178329586982727,0.5278176665306091,-0.008086333982646465,0.590064525604248,0.5035569667816162,-0.036042697727680206,0.5914794206619263,0.5663267970085144,-0.030144238844513893,0.599686324596405,0.6050583124160767,-0.017167840152978897,0.650483250617981,0.5400498509407043,-0.02132631093263626,0.6232052445411682,0.5127547383308411,-0.03748323768377304,0.6158701777458191,0.5527140498161316,-0.029635664075613022,0.619236409664154,0.58027583360672,-0.018981732428073883,pinch,RRQ_p8,RRQ
0.5988271236419678,0.6846059560775757,-2.486629000486573e-07,0.563488245010376,0.6349435448646545,-0.0060389358550310135,0.5431929230690002,0.5627513527870178,-0.006198875140398741,0.5422925353050232,0.5065964460372925,-0.010759223252534866,0.5375939607620239,0.4576754570007324,-0.016053061932325363,0.5772499442100525,0.5307722091674805,0.020618237555027008,0.5700773596763611,0.49181365966796875,0.007910196669399738,0.5592167377471924,0.4615323543548584,-0.002162063494324684,0.549262285232544,0.4352185130119324,-0.008937764912843704,0.6015705466270447,0.5338606834411621,0.012994690798223019,0.5917809009552002,0.48672395944595337,-0.012465874664485455,0.5804973244667053,0.5364907383918762,-0.02105097472667694,0.5776994824409485,0.5799336433410645,-0.017846690490841866,0.627051055431366,0.5456250309944153,0.0017421194352209568,0.617788553237915,0.500446617603302,-0.02702455036342144,0.6045770049095154,0.5530264973640442,-0.02394801191985607,0.6016314029693604,0.5989418625831604,-0.01101487036794424,0.6546519994735718,0.5641356110572815,-0.010101662017405033,0.6447570323944092,0.5137558579444885,-0.027522122487425804,0.6304577589035034,0.5405986309051514,-0.021383391693234444,0.6251745223999023,0.5760979652404785,-0.010935714468359947,pinch,RRQ_p8,RRQ
0.5936540365219116,0.781402051448822,-5.300919383444125e-07,0.5761188268661499,0.7160680890083313,0.0009330515167675912,0.5811416506767273,0.6328953504562378,0.002477462636306882,0.5905989408493042,0.5826523900032043,-0.0006624587113037705,0.5864965915679932,0.5394285917282104,-0.004491423722356558,0.6322355270385742,0.6003555655479431,0.021457485854625702,0.6238107085227966,0.5580986738204956,0.0023870684672147036,0.605644166469574,0.5326950550079346,-0.012871580198407173,0.5847117900848389,0.5128474831581116,-0.02124279923737049,0.6561251878738403,0.6154335737228394,0.010738863609731197,0.6336402297019958,0.5724408030509949,-0.015745114535093307,0.6064015030860901,0.6255141496658325,-0.024638056755065918,0.5908946990966797,0.6716273427009583,-0.02254018373787403,0.6771734952926636,0.6425413489341736,-0.003439184743911028,0.6464439034461975,0.6038224101066589,-0.03098919615149498,0.6191766858100891,0.6597049832344055,-0.02632247656583786,0.6066285967826843,0.7047571539878845,-0.014168298803269863,0.6946734189987183,0.67958664894104,-0.017939386889338493,0.6654646396636963,0.6372595429420471,-0.0354250967502594,0.642185628414154,0.6703084111213684,-0.029089603573083878,0.6339396238327026,0.7030867338180542,-0.01910235360264778,pinch,RRQ_p8,RRQ
0.571380615234375,0.715781569480896,-6.87388819642365e-07,0.6048461198806763,0.6355800628662109,-0.00021689575805794448,0.6545832753181458,0.5828294157981873,-0.0060263387858867645,0.6844295859336853,0.5428705811500549,-0.01579306274652481,0.7019872069358826,0.4914831221103668,-0.024943044409155846,0.7282188534736633,0.6591587066650391,0.00614530174061656,0.736945629119873,0.5866755247116089,-0.01855761930346489,0.7268837690353394,0.5414006114006042,-0.0364738330245018,0.7142382264137268,0.5051882863044739,-0.04660453647375107,0.7259597182273865,0.6911869645118713,-0.006189886946231127,0.707470178604126,0.5907250046730042,-0.033279407769441605,0.6561387777328491,0.5930495262145996,-0.04035503789782524,0.6289578080177307,0.6121246814727783,-0.0404529832303524,0.7103581428527832,0.7159113883972168,-0.021595703437924385,0.6857733726501465,0.6136229038238525,-0.046785857528448105,0.6392374038696289,0.6238244771957397,-0.03887508809566498,0.615660548210144,0.6453418135643005,-0.028519906103610992,0.6845558881759644,0.7327675223350525,-0.037998784333467484,0.6712245941162109,0.6493383049964905,-0.05581514909863472,0.6399183869361877,0.6503658294677734,-0.05016140267252922,0.6231659650802612,0.6683037281036377,-0.041875965893268585,pinch,RRQ_p8,RRQ
0.555409848690033,0.7169350385665894,-6.744699021510314e-07,0.584058403968811,0.6320573091506958,-0.0021251798607409,0.6303300261497498,0.5757947564125061,-0.008628918789327145,0.6574503779411316,0.5337351560592651,-0.01814444363117218,0.670805811882019,0.48216360807418823,-0.027205687016248703,0.7098422050476074,0.6492600440979004,0.0007181666442193091,0.7099655866622925,0.5710756182670593,-0.02346504107117653,0.6957532167434692,0.5246490836143494,-0.04107343778014183,0.6804322004318237,0.4888473153114319,-0.051218196749687195,0.7067245841026306,0.6828734874725342,-0.010503685101866722,0.682883083820343,0.5810337662696838,-0.03664616867899895,0.632893443107605,0.5849359035491943,-0.043653588742017746,0.6072156429290771,0.6041223406791687,-0.04422082379460335,0.6896405220031738,0.708715558052063,-0.024364091455936432,0.6598129272460938,0.6061752438545227,-0.04867785423994064,0.6150163412094116,0.6175919771194458,-0.04121096804738045,0.59344482421875,0.6392847299575806,-0.03154774382710457,0.6623941659927368,0.7259519100189209,-0.03919559717178345,0.645073652267456,0.6422770023345947,-0.056421972811222076,0.6158563494682312,0.6441465616226196,-0.050802361220121384,0.6015664339065552,0.662211537361145,-0.042723316699266434,pinch,RRQ_p8,RRQ
0.3557261526584625,0.7463281154632568,4.973754244019801e-07,0.41460490226745605,0.7100762724876404,-0.02839030884206295,0.46773210167884827,0.6577029228210449,-0.04559639096260071,0.5185549855232239,0.6287658214569092,-0.06228140741586685,0.5637140870094299,0.6230745911598206,-0.07970163226127625,0.41612112522125244,0.5348605513572693,-0.02581968903541565,0.43086495995521545,0.45196089148521423,-0.045783694833517075,0.43784043192863464,0.40107667446136475,-0.0627179965376854,0.44343531131744385,0.355995237827301,-0.0754527896642685,0.37849199771881104,0.526918888092041,-0.02861497364938259,0.3824183940887451,0.43482470512390137,-0.0453924760222435,0.383741557598114,0.3764092028141022,-0.06010980159044266,0.38425517082214355,0.32803571224212646,-0.07128593325614929,0.34337472915649414,0.539648175239563,-0.035127680748701096,0.3386508822441101,0.45326507091522217,-0.05137013643980026,0.3365602493286133,0.39639711380004883,-0.06446016579866409,0.3364159166812897,0.34744495153427124,-0.07366765290498734,0.3098532557487488,0.5706707239151001,-0.04488934203982353,0.28736865520477295,0.5095482468605042,-0.06011798232793808,0.27392441034317017,0.4652111232280731,-0.06770958751440048,0.26413315534591675,0.4228031039237976,-0.07258407026529312,open_palm,RRQ_p8,RRQ
0.3674613833427429,0.7687771320343018,5.500494921761856e-07,0.4311615526676178,0.7700949907302856,-0.0333123579621315,0.49605226516723633,0.7605887055397034,-0.05402142181992531,0.5514459609985352,0.7757971286773682,-0.07372341305017471,0.5941102504730225,0.8032160997390747,-0.09456799179315567,0.48780208826065063,0.6196501851081848,-0.03706861659884453,0.5300090312957764,0.5548039674758911,-0.06084127351641655,0.5548988580703735,0.5131722092628479,-0.07949788123369217,0.5772716999053955,0.47494274377822876,-0.0932740718126297,0.4535350501537323,0.5883945822715759,-0.038221199065446854,0.48291322588920593,0.505724310874939,-0.057887330651283264,0.5029667615890503,0.45421022176742554,-0.07319837063550949,0.5195634961128235,0.40989333391189575,-0.08510417491197586,0.4152919054031372,0.5807597041130066,-0.043202370405197144,0.42747780680656433,0.5010348558425903,-0.06186506152153015,0.4360721707344055,0.4505252242088318,-0.07560891658067703,0.4462431073188782,0.4053768813610077,-0.08546996861696243,0.37513089179992676,0.592068612575531,-0.051907435059547424,0.36553820967674255,0.5265911221504211,-0.06897683441638947,0.3597317934036255,0.4842594265937805,-0.0773782804608345,0.35773515701293945,0.44403165578842163,-0.08302202820777893,open_palm,RRQ_p8,RRQ
0.39830803871154785,0.8151580095291138,4.746983393033588e-07,0.4592248499393463,0.7818714380264282,-0.027548406273126602,0.5161519646644592,0.7335461378097534,-0.04587836563587189,0.5707752108573914,0.7143363356590271,-0.0646091103553772,0.6174482703208923,0.7134110927581787,-0.08464250713586807,0.46210557222366333,0.6139512658119202,-0.02943570539355278,0.47851791977882385,0.535800576210022,-0.05068383365869522,0.4876664876937866,0.49013426899909973,-0.06687446683645248,0.49595731496810913,0.45030540227890015,-0.07904907315969467,0.42149561643600464,0.6049898862838745,-0.03405173495411873,0.42080530524253845,0.5126914978027344,-0.05289465934038162,0.42299965023994446,0.4511086344718933,-0.06745358556509018,0.4234573245048523,0.3982269763946533,-0.0786411315202713,0.38494378328323364,0.6192425489425659,-0.04251168668270111,0.3683926463127136,0.5337819457054138,-0.06244629621505737,0.35993391275405884,0.4782528281211853,-0.07875730842351913,0.35504069924354553,0.42678311467170715,-0.09026603400707245,0.35397475957870483,0.6533822417259216,-0.05388500168919563,0.3175927996635437,0.6016519665718079,-0.07393988221883774,0.29283881187438965,0.5645655393600464,-0.08548538386821747,0.27352285385131836,0.5267258286476135,-0.09341797977685928,open_palm,RRQ_p8,RRQ
0.653328537940979,0.7136404514312744,4.488687466164265e-07,0.720123291015625,0.6869032382965088,-0.029441887512803078,0.7836046814918518,0.6444478631019592,-0.04900681972503662,0.841556191444397,0.6309846639633179,-0.0684521421790123,0.8883917331695557,0.635753333568573,-0.08924119174480438,0.7379503846168518,0.5010246634483337,-0.03249572589993477,0.7527710795402527,0.41344690322875977,-0.054840877652168274,0.7584204077720642,0.36047178506851196,-0.0725051537156105,0.7633435130119324,0.31280210614204407,-0.08609422296285629,0.6986966133117676,0.48812389373779297,-0.03616055101156235,0.7008107900619507,0.39051496982574463,-0.05589606240391731,0.7031793594360352,0.3301505446434021,-0.07226788997650146,0.7036430835723877,0.27904632687568665,-0.08498932421207428,0.6613006591796875,0.4985002279281616,-0.043309759348630905,0.6496765613555908,0.4097243845462799,-0.061708226799964905,0.64492267370224,0.35238516330718994,-0.07648458331823349,0.6424486637115479,0.2996590733528137,-0.08710264414548874,0.6266331672668457,0.5286364555358887,-0.053803976625204086,0.5991361141204834,0.4629039764404297,-0.07126215100288391,0.5822127461433411,0.41722726821899414,-0.08117670565843582,0.5700505375862122,0.37162673473358154,-0.08787086606025696,open_palm,RRQ_p8,RRQ
0.3791627287864685,0.6734415888786316,5.366414370655548e-07,0.4391953647136688,0.6453561782836914,-0.02940911240875721,0.4964747130870819,0.6008250713348389,-0.046790916472673416,0.5490221381187439,0.5801529288291931,-0.06334348767995834,0.5956833958625793,0.5812382698059082,-0.08060821890830994,0.4477948546409607,0.47200027108192444,-0.02571764588356018,0.4659346640110016,0.3914998471736908,-0.044693369418382645,0.4752466082572937,0.34441012144088745,-0.060861553996801376,0.4837155342102051,0.3023875951766968,-0.07278632372617722,0.40966251492500305,0.46221041679382324,-0.02668684348464012,0.41616708040237427,0.37224888801574707,-0.042285267263650894,0.4210861325263977,0.31741708517074585,-0.05645555257797241,0.42505815625190735,0.2724190950393677,-0.06734555959701538,0.3739220201969147,0.4716230034828186,-0.031323663890361786,0.37173911929130554,0.38876786828041077,-0.04601934552192688,0.37162041664123535,0.33619725704193115,-0.05797633156180382,0.3730596899986267,0.29100221395492554,-0.06627819687128067,0.33935508131980896,0.49733924865722656,-0.03932643681764603,0.3256458640098572,0.4343435764312744,-0.052503861486911774,0.317383348941803,0.3910938799381256,-0.058854930102825165,0.31184351444244385,0.349989652633667,-0.06280438601970673,open_palm,RRQ_p8,RRQ
0.1790785938501358,0.6232689619064331,6.50905235488608e-07,0.23779599368572235,0.5934270620346069,-0.030420275405049324,0.29204511642456055,0.5505863428115845,-0.046657465398311615,0.34273356199264526,0.5230919718742371,-0.06148713454604149,0.3872700333595276,0.5201297402381897,-0.07652317732572556,0.2452414184808731,0.4223296046257019,-0.02176746539771557,0.27320465445518494,0.3445762097835541,-0.03942784294486046,0.2879526615142822,0.29588139057159424,-0.05600419640541077,0.30006521940231323,0.25313279032707214,-0.06801143288612366,0.2085169553756714,0.40989652276039124,-0.020814716815948486,0.22321149706840515,0.3209052085876465,-0.03404736891388893,0.23216043412685394,0.26396608352661133,-0.04789847135543823,0.2396892011165619,0.21794278919696808,-0.05854244530200958,0.17244090139865875,0.41656848788261414,-0.02382734976708889,0.1746513694524765,0.33335694670677185,-0.03738844767212868,0.17930564284324646,0.28341567516326904,-0.04887684807181358,0.18524284660816193,0.24242807924747467,-0.05647583678364754,0.13498082756996155,0.43952643871307373,-0.03026585467159748,0.1249469518661499,0.3758438527584076,-0.042738549411296844,0.1204601302742958,0.33339595794677734,-0.04809006676077843,0.11858747154474258,0.293228417634964,-0.050971340388059616,open_palm,RRQ_p8,RRQ
0.6184223294258118,0.6306329965591431,2.550980582327611e-07,0.6891818046569824,0.6063511967658997,-0.031587954610586166,0.7361730337142944,0.5261543393135071,-0.04371647164225578,0.7623717188835144,0.44553932547569275,-0.053620629012584686,0.793394148349762,0.38598260283470154,-0.06316706538200378,0.7180050015449524,0.4023805558681488,-0.022119922563433647,0.7281630039215088,0.30545201897621155,-0.04373684898018837,0.728047251701355,0.24520988762378693,-0.061789847910404205,0.7256847023963928,0.19207614660263062,-0.07507526129484177,0.680934727191925,0.38903793692588806,-0.021914055570960045,0.6920908689498901,0.2821432948112488,-0.04118262603878975,0.69614177942276,0.21454791724681854,-0.057602860033512115,0.6968867778778076,0.15779268741607666,-0.06967271119356155,0.6443614363670349,0.3969092071056366,-0.0263761505484581,0.653593897819519,0.29537343978881836,-0.045638129115104675,0.6610751152038574,0.2306562215089798,-0.057800546288490295,0.6668797731399536,0.1725780963897705,-0.06610571593046188,0.6060411930084229,0.4199548661708832,-0.034144554287195206,0.6125916838645935,0.33896052837371826,-0.053025245666503906,0.6205621957778931,0.28480538725852966,-0.06224270910024643,0.6286416053771973,0.2331826090812683,-0.0679948553442955,open_palm,RRQ_p8,RRQ
0.5433414578437805,0.6519925594329834,2.557767118105403e-07,0.5969832539558411,0.6358500123023987,-0.01995798386633396,0.6407214403152466,0.5856684446334839,-0.030689150094985962,0.6775609850883484,0.5454939007759094,-0.04083886370062828,0.7090221047401428,0.5183362364768982,-0.05202311649918556,0.6222016215324402,0.48676830530166626,-0.024184025824069977,0.6363269686698914,0.4135080873966217,-0.042372528463602066,0.6415121555328369,0.3673376441001892,-0.05659674480557442,0.6451770663261414,0.32595759630203247,-0.0674564465880394,0.5919381380081177,0.47617974877357483,-0.028515955433249474,0.6017589569091797,0.3948169946670532,-0.04584965482354164,0.6075459718704224,0.3430846333503723,-0.06013293191790581,0.6108940243721008,0.2983282208442688,-0.0708332359790802,0.5613933205604553,0.4835985600948334,-0.03523027524352074,0.5661232471466064,0.40584152936935425,-0.05193560943007469,0.571172297000885,0.35440605878829956,-0.06331969797611237,0.5760692954063416,0.3073972463607788,-0.07152743637561798,0.530488133430481,0.5037076473236084,-0.04388729855418205,0.5306457281112671,0.44314321875572205,-0.06060011684894562,0.532465934753418,0.4016355276107788,-0.06885414570569992,0.5354615449905396,0.361411452293396,-0.07423095405101776,open_palm,RRQ_p8,RRQ
0.40140944719314575,0.8150995373725891,3.451637269336061e-07,0.35295572876930237,0.7859072685241699,-0.018792644143104553,0.31512686610221863,0.7325373291969299,-0.03052540123462677,0.2869592010974884,0.6875340342521667,-0.042042430490255356,0.2545698285102844,0.6645841598510742,-0.05349965766072273,0.3515377938747406,0.6398012042045593,-0.009687243960797787,0.35071423649787903,0.5715675950050354,-0.025062384083867073,0.3541513681411743,0.5313112139701843,-0.04004138708114624,0.3595850169658661,0.4937768578529358,-0.05110332742333412,0.37742623686790466,0.6325337886810303,-0.013516763225197792,0.3770265579223633,0.5549679398536682,-0.02384352497756481,0.3787657916545868,0.5076337456703186,-0.03390897065401077,0.38087189197540283,0.4658406972885132,-0.04220542311668396,0.4027293026447296,0.6391305923461914,-0.021118372678756714,0.4031957685947418,0.5659611225128174,-0.030421767383813858,0.4020608365535736,0.5219441652297974,-0.03484940901398659,0.40041935443878174,0.4834829568862915,-0.039030853658914566,0.42838722467422485,0.6575402617454529,-0.031614888459444046,0.42862892150878906,0.6004202365875244,-0.03876105323433876,0.42741721868515015,0.5632374882698059,-0.039671946316957474,0.42528825998306274,0.5299569368362427,-0.0408463254570961,open_palm,RRQ_p8,RRQ
0.579125165939331,0.6659866571426392,2.9728604999945674e-07,0.5389034152030945,0.6338372826576233,-0.018768053501844406,0.502996027469635,0.5818568468093872,-0.030397772789001465,0.47340208292007446,0.5410964488983154,-0.04102971777319908,0.44242697954177856,0.5243352055549622,-0.05193319544196129,0.546472430229187,0.49310633540153503,-0.015187138691544533,0.5388306379318237,0.4238448441028595,-0.02841058187186718,0.5362921953201294,0.38295936584472656,-0.04054148495197296,0.5361054539680481,0.34620288014411926,-0.05024334415793419,0.5751364231109619,0.4875481128692627,-0.01848478615283966,0.5789778232574463,0.4115919768810272,-0.028571931645274162,0.5826687812805176,0.3659413456916809,-0.03856111690402031,0.5860238671302795,0.32694825530052185,-0.04696231335401535,0.6005885004997253,0.49767252802848816,-0.02474946714937687,0.6101716160774231,0.4280760586261749,-0.03525277227163315,0.6157329678535461,0.3855670690536499,-0.04294435679912567,0.6187702417373657,0.34847527742385864,-0.04946336895227432,0.6233909130096436,0.5195100903511047,-0.03319520130753517,0.6332370042800903,0.4687438905239105,-0.042217917740345,0.6385856866836548,0.43388476967811584,-0.045734260231256485,0.6419604420661926,0.4017288088798523,-0.04904305934906006,open_palm,RRQ_p8,RRQ
0.8313554525375366,0.46713146567344666,3.606760117236263e-07,0.785778284072876,0.43406620621681213,-0.031506847590208054,0.755664587020874,0.3751840591430664,-0.04819376394152641,0.7435895800590515,0.3169109523296356,-0.06168089061975479,0.7210065126419067,0.27257001399993896,-0.0750252828001976,0.8029680252075195,0.2779867351055145,-0.03058639168739319,0.8045117259025574,0.19791507720947266,-0.05271145701408386,0.8085746765136719,0.14995668828487396,-0.07137397676706314,0.8144863247871399,0.10633526742458344,-0.08467496186494827,0.8334561586380005,0.2724584937095642,-0.029379952698946,0.8378459215164185,0.1821306049823761,-0.04754240810871124,0.8408762216567993,0.126846045255661,-0.06366435438394547,0.8434918522834778,0.0769299566745758,-0.07606849819421768,0.8603489995002747,0.28300219774246216,-0.03202730789780617,0.8670250773429871,0.201304629445076,-0.048307642340660095,0.8686178922653198,0.1501031219959259,-0.06012352555990219,0.8683958649635315,0.10363981127738953,-0.0692732036113739,0.8881096243858337,0.3065841794013977,-0.03797014802694321,0.8957307934761047,0.24413979053497314,-0.05178827419877052,0.8969463109970093,0.20443150401115417,-0.05874697491526604,0.8963228464126587,0.16596005856990814,-0.06410745531320572,open_palm,RRQ_p8,RRQ
0.595789909362793,0.8066401481628418,6.143279733805684e-07,0.5180713534355164,0.7576853036880493,-0.03903840109705925,0.4491995871067047,0.658432126045227,-0.06533706933259964,0.3988552689552307,0.5767460465431213,-0.08920180797576904,0.34237927198410034,0.5327645540237427,-0.11385885626077652,0.5137973427772522,0.4840312898159027,-0.043201494961977005,0.5083405375480652,0.35191887617111206,-0.07772471755743027,0.5136870741844177,0.27295786142349243,-0.10629613697528839,0.5232478976249695,0.2013554573059082,-0.12727420032024384,0.5624368786811829,0.4741477370262146,-0.04977193847298622,0.5586729645729065,0.32222336530685425,-0.07791629433631897,0.5621747374534607,0.22893473505973816,-0.09994088858366013,0.5661945343017578,0.14698383212089539,-0.116805799305439,0.6112143993377686,0.49391451478004456,-0.06175779923796654,0.6081821322441101,0.35053345561027527,-0.08750087767839432,0.6070707440376282,0.26017558574676514,-0.10207732021808624,0.6052612066268921,0.17957818508148193,-0.11371554434299469,0.6631730794906616,0.5356959104537964,-0.07816974073648453,0.6637736558914185,0.4273545444011688,-0.10029943287372589,0.6608141660690308,0.3545016050338745,-0.10879707336425781,0.656658411026001,0.2856740951538086,-0.11548321694135666,open_palm,RRQ_p8,RRQ
0.5929878950119019,0.7979098558425903,6.042275231266103e-07,0.5147477388381958,0.7511779069900513,-0.041122082620859146,0.4475744664669037,0.652667760848999,-0.06652206927537918,0.4070204794406891,0.5631828904151917,-0.08855007588863373,0.35837095975875854,0.5004273056983948,-0.11080864816904068,0.5021654963493347,0.48198309540748596,-0.04746677353978157,0.49470001459121704,0.3469582200050354,-0.08387996256351471,0.49646496772766113,0.26655155420303345,-0.11219827085733414,0.502260148525238,0.192876398563385,-0.13241282105445862,0.5511530041694641,0.47026416659355164,-0.0522766187787056,0.5433891415596008,0.31602615118026733,-0.08295010030269623,0.543916642665863,0.22294750809669495,-0.10556480288505554,0.5446299314498901,0.13865062594413757,-0.1223246231675148,0.5997441411018372,0.4879206717014313,-0.06245957687497139,0.593311071395874,0.34404364228248596,-0.09059362858533859,0.5894225239753723,0.25520896911621094,-0.10549018532037735,0.584703266620636,0.17430415749549866,-0.11663299053907394,0.6526408791542053,0.526558518409729,-0.07700523734092712,0.6491931676864624,0.41688644886016846,-0.10129748284816742,0.6433879137039185,0.34480953216552734,-0.11056023091077805,0.6365024447441101,0.2760399878025055,-0.11714504659175873,open_palm,RRQ_p8,RRQ
0.4964844882488251,0.7192586064338684,2.2475528282939194e-07,0.45918264985084534,0.6919651627540588,-0.014983122237026691,0.43777912855148315,0.6444812417030334,-0.021768059581518173,0.4352094531059265,0.5994004011154175,-0.0277324877679348,0.4304725229740143,0.5620753765106201,-0.03291144222021103,0.46529775857925415,0.5734911561012268,-0.0067424476146698,0.4642006754875183,0.5180649161338806,-0.018539050593972206,0.465755432844162,0.48477935791015625,-0.02975975163280964,0.46842339634895325,0.45491355657577515,-0.03786873072385788,0.48668327927589417,0.5694807767868042,-0.008469125255942345,0.4861851930618286,0.5081080198287964,-0.01710406132042408,0.4862992763519287,0.4705837666988373,-0.025943540036678314,0.4864245057106018,0.4375942647457123,-0.0326814129948616,0.5061423778533936,0.5768420100212097,-0.013051514513790607,0.5067726373672485,0.5197271704673767,-0.020984379574656487,0.5061584711074829,0.48404204845428467,-0.026067892089486122,0.5048832297325134,0.4526047706604004,-0.030232828110456467,0.5266118049621582,0.5937777161598206,-0.019739070907235146,0.5285494327545166,0.5501179695129395,-0.026646506041288376,0.5283541083335876,0.5216372013092041,-0.028809694573283195,0.5271971821784973,0.4956238865852356,-0.030372455716133118,open_palm,RRQ_p8,RRQ
0.5077463388442993,0.7061694860458374,2.0042313053636462e-07,0.4703150987625122,0.6819676756858826,-0.01600339263677597,0.44620901346206665,0.6376584768295288,-0.023370329290628433,0.4388585686683655,0.5934658050537109,-0.029710596427321434,0.4284033477306366,0.5571566224098206,-0.03544282913208008,0.4728993773460388,0.5690923929214478,-0.009089321829378605,0.4677162766456604,0.5159754753112793,-0.021633487194776535,0.46632713079452515,0.48362112045288086,-0.03310175985097885,0.4665845036506653,0.45410388708114624,-0.04139793664216995,0.4936647415161133,0.5628777742385864,-0.010578526183962822,0.48969054222106934,0.5030143857002258,-0.0202007032930851,0.4873027801513672,0.46632441878318787,-0.029551565647125244,0.48512983322143555,0.43386566638946533,-0.036590512841939926,0.5128911137580872,0.568439245223999,-0.014866212382912636,0.5109991431236267,0.5125998854637146,-0.02387937717139721,0.5091716647148132,0.4780738055706024,-0.029513325542211533,0.5066115260124207,0.4471866488456726,-0.03388477489352226,0.533048152923584,0.5837824940681458,-0.021212579682469368,0.5331781506538391,0.5410733222961426,-0.028974974527955055,0.5320806503295898,0.5133014917373657,-0.03163570165634155,0.5301480889320374,0.48767608404159546,-0.033503465354442596,open_palm,RRQ_p8,RRQ
0.3273324966430664,0.9162799119949341,-4.3181569253647467e-07,0.37590694427490234,0.832801103591919,-0.022858498618006706,0.389548659324646,0.7201625108718872,-0.033497508615255356,0.39570218324661255,0.637454628944397,-0.04332886263728142,0.40732714533805847,0.5691754817962646,-0.05061441659927368,0.3010474145412445,0.6747879981994629,-0.016416359692811966,0.3499607443809509,0.6874738335609436,-0.03980765491724014,0.3618854284286499,0.7384058237075806,-0.05518785119056702,0.34419938921928406,0.7479105591773987,-0.06657674163579941,0.26549315452575684,0.7120684385299683,-0.017927708104252815,0.3321513831615448,0.7388008236885071,-0.03740004077553749,0.347720742225647,0.7843373417854309,-0.045384377241134644,0.3293749988079071,0.7855380773544312,-0.05223824456334114,0.24462105333805084,0.7641290426254272,-0.023445600643754005,0.3057481348514557,0.7884739637374878,-0.043442174792289734,0.32181259989738464,0.8245734572410583,-0.041254136711359024,0.30315664410591125,0.8248794674873352,-0.040257617831230164,0.23165535926818848,0.8182646632194519,-0.03168707340955734,0.278779000043869,0.8299476504325867,-0.045176636427640915,0.29552096128463745,0.8517583608627319,-0.042813993990421295,0.28298065066337585,0.8557255864143372,-0.04014968127012253,thumbs_up,RRQ_p8,RRQ
0.33539900183677673,0.8759198188781738,-4.649085099117656e-07,0.368787556886673,0.802537739276886,-0.028239671140909195,0.375247597694397,0.7072471380233765,-0.04512445628643036,0.380523145198822,0.6328011751174927,-0.0604986697435379,0.39283573627471924,0.568717896938324,-0.07388980686664581,0.2778301239013672,0.6866816878318787,-0.03397779539227486,0.3244386315345764,0.7197126150131226,-0.06141199171543121,0.3467549681663513,0.7644695043563843,-0.07773524522781372,0.3335850238800049,0.771778404712677,-0.08890209347009659,0.2419089376926422,0.7345200181007385,-0.035629261285066605,0.30304959416389465,0.7731943130493164,-0.055899228900671005,0.3316625654697418,0.8085548281669617,-0.06047220900654793,0.31914448738098145,0.8061625957489014,-0.06588433682918549,0.2238159328699112,0.7923520803451538,-0.04061726853251457,0.27131888270378113,0.8199087977409363,-0.06228724867105484,0.30333369970321655,0.8464813232421875,-0.05457455664873123,0.2972410023212433,0.8418367505073547,-0.05025753378868103,0.21370701491832733,0.8528647422790527,-0.04899909719824791,0.23866337537765503,0.8728448152542114,-0.06291472166776657,0.2710551917552948,0.8846431970596313,-0.0543978288769722,0.2788729667663574,0.8799087405204773,-0.047555141150951385,thumbs_up,RRQ_p8,RRQ
0.5002791881561279,0.7738075256347656,-4.6425412847383996e-07,0.5441240668296814,0.6689609885215759,-0.001738902647048235,0.5992342233657837,0.5812221765518188,-0.01664302870631218,0.6399661898612976,0.5039595365524292,-0.031162841245532036,0.6454944610595703,0.436806321144104,-0.04288024827837944,0.6830083131790161,0.6507032513618469,-0.026980489492416382,0.7345711588859558,0.6628949642181396,-0.02700059860944748,0.700141429901123,0.6661321520805359,-0.023676294833421707,0.6695323586463928,0.6614218354225159,-0.022747023031115532,0.6858641505241394,0.729315459728241,-0.031093668192625046,0.7341698408126831,0.726435124874115,-0.02184830792248249,0.7052814960479736,0.7218649983406067,-0.012905160896480083,0.672968327999115,0.7214357852935791,-0.012952524237334728,0.677704930305481,0.7993955612182617,-0.03197202831506729,0.7226679921150208,0.788475513458252,-0.01890059933066368,0.698153555393219,0.7860876321792603,-0.003747839480638504,0.6660255193710327,0.7875990867614746,-0.0011241630418226123,0.666088879108429,0.8602355718612671,-0.03265168145298958,0.7065690755844116,0.8424778580665588,-0.021567318588495255,0.6813745498657227,0.8375118970870972,-0.003955475054681301,0.6542041301727295,0.8411304950714111,0.005788280162960291,thumbs_up,RRQ_p8,RRQ
0.2118167281150818,0.5827784538269043,-3.188267498899222e-07,0.23503698408603668,0.499731183052063,0.0008156170952133834,0.2849498987197876,0.4214881658554077,-0.00541148753836751,0.31472256779670715,0.36017751693725586,-0.013002541847527027,0.3178827166557312,0.30709153413772583,-0.018761299550533295,0.33486345410346985,0.4497113823890686,-0.015484249219298363,0.39757588505744934,0.46810397505760193,-0.026460139080882072,0.3807123303413391,0.4806738495826721,-0.030859721824526787,0.3561241030693054,0.48055002093315125,-0.032382506877183914,0.33655014634132385,0.5019363164901733,-0.022984495386481285,0.3951520025730133,0.5160797238349915,-0.02432648465037346,0.3747183680534363,0.5240231156349182,-0.018491875380277634,0.34887003898620605,0.5244756937026978,-0.01681644283235073,0.3334193229675293,0.5571662187576294,-0.030244408175349236,0.3855631947517395,0.5639936327934265,-0.029411189258098602,0.36535829305648804,0.5691808462142944,-0.016391124576330185,0.3405333161354065,0.5702568292617798,-0.010426590219140053,0.3272818922996521,0.6092817187309265,-0.03740604594349861,0.37459704279899597,0.6054340600967407,-0.03225079923868179,0.3549708127975464,0.6068423986434937,-0.017683712765574455,0.3333783447742462,0.6084714531898499,-0.0089906370267272,thumbs_up,RRQ_p8,RRQ
0.6309176683425903,0.43651625514030457,-5.692555760106188e-07,0.6660946011543274,0.3236379623413086,0.0011045555584132671,0.7262298464775085,0.2231057584285736,-0.009106224402785301,0.7727144360542297,0.13927516341209412,-0.01939462684094906,0.7864559292793274,0.06593850255012512,-0.02677205577492714,0.8251635432243347,0.2584691643714905,-0.015276877209544182,0.870139479637146,0.2932663857936859,-0.013134390115737915,0.836729884147644,0.3127704858779907,-0.011303051374852657,0.8057116866111755,0.3075619041919708,-0.012429673224687576,0.8352157473564148,0.33724576234817505,-0.022039437666535378,0.8742159605026245,0.3598805069923401,-0.0074088079854846,0.8419874906539917,0.37287694215774536,0.0012302438262850046,0.806710422039032,0.3706807792186737,-0.00022946414537727833,0.8330628871917725,0.4167894721031189,-0.026297247037291527,0.8665266633033752,0.42669785022735596,-0.010869345627725124,0.8393846750259399,0.4354028105735779,0.0041382103227078915,0.8035963177680969,0.43339288234710693,0.0058134510181844234,0.8253042697906494,0.4895279109477997,-0.030592532828450203,0.855695903301239,0.48465967178344727,-0.018733792006969452,0.826653242111206,0.48827385902404785,-0.0012165491934865713,0.7956249117851257,0.48726457357406616,0.008406777866184711,thumbs_up,RRQ_p8,RRQ
0.6958256363868713,0.8076908588409424,-4.841847953684919e-07,0.7326201796531677,0.693861186504364,-0.004426048137247562,0.784705638885498,0.6062715649604797,-0.019668223336338997,0.8251655697822571,0.5265300273895264,-0.03540417179465294,0.8356707692146301,0.45585256814956665,-0.049441609531641006,0.8846592903137207,0.6783473491668701,-0.018147287890315056,0.9247128367424011,0.6581481695175171,-0.021867383271455765,0.8930516242980957,0.6654914617538452,-0.025383127853274345,0.8644948601722717,0.6765500903129578,-0.02843811735510826,0.8984686732292175,0.7564908862113953,-0.020082933828234673,0.9352426528930664,0.7280296087265015,-0.015377867966890335,0.9053214192390442,0.7241694331169128,-0.01359823439270258,0.8750010132789612,0.7351142764091492,-0.01715131290256977,0.8964383006095886,0.8269595503807068,-0.019700847566127777,0.9331356883049011,0.7981079816818237,-0.011591608636081219,0.9092655181884766,0.7923471927642822,-0.0025940616615116596,0.8786628842353821,0.8004233837127686,-0.001936567248776555,0.8891950249671936,0.8874655961990356,-0.019206199795007706,0.9233431220054626,0.8586628437042236,-0.009354621171951294,0.9016008973121643,0.8508921265602112,0.005890342406928539,0.8765711188316345,0.8578519225120544,0.015104272402822971,thumbs_up,RRQ_p8,RRQ
0.46435078978538513,0.8422856330871582,-3.8125114087961265e-07,0.4896478056907654,0.7514549493789673,-0.005849595181643963,0.5309904217720032,0.6767861843109131,-0.01929386332631111,0.5593027472496033,0.6140297055244446,-0.032435450702905655,0.5625483989715576,0.5568002462387085,-0.04357157275080681,0.5848599672317505,0.7350461483001709,-0.026692010462284088,0.6461531519889832,0.7069721817970276,-0.03780650720000267,0.6175839900970459,0.706290602684021,-0.04173964634537697,0.5871983766555786,0.7173957228660583,-0.04251197353005409,0.5953475832939148,0.7956959009170532,-0.02980515919625759,0.6534700393676758,0.7625241279602051,-0.0352826789021492,0.6299431324005127,0.7583971619606018,-0.033809274435043335,0.603339672088623,0.7705917954444885,-0.033820513635873795,0.5986053347587585,0.8492194414138794,-0.031545061618089676,0.6517496109008789,0.8136154413223267,-0.031099451705813408,0.6320540308952332,0.8091315031051636,-0.02140272781252861,0.6080483794212341,0.8188487887382507,-0.017237791791558266,0.5993209481239319,0.8943577408790588,-0.03336196020245552,0.6460165977478027,0.8611257076263428,-0.02913682349026203,0.6284753680229187,0.854923665523529,-0.01623435690999031,0.6080220937728882,0.8639580607414246,-0.007929452694952488,thumbs_up,RRQ_p8,RRQ
0.46907731890678406,0.8557000160217285,-3.861166533170035e-07,0.5160634517669678,0.7738104462623596,-0.01453095767647028,0.5568134784698486,0.6871445178985596,-0.030367223545908928,0.5729488730430603,0.6129275560379028,-0.04475441202521324,0.5685998797416687,0.5507637858390808,-0.05558086931705475,0.5170742273330688,0.7135797739028931,-0.05086404085159302,0.5980092883110046,0.7218839526176453,-0.08236671984195709,0.581948459148407,0.7397457361221313,-0.09522074460983276,0.5546947121620178,0.7344825863838196,-0.10202421247959137,0.5053927898406982,0.7727954387664795,-0.058223363012075424,0.5992293357849121,0.7764917016029358,-0.08257020264863968,0.5763775706291199,0.789306104183197,-0.07918757945299149,0.5475770831108093,0.7886319160461426,-0.07991020381450653,0.5043699741363525,0.8289912939071655,-0.06689713895320892,0.5945754051208496,0.8290425539016724,-0.08522629737854004,0.5715335011482239,0.8365570902824402,-0.06995709985494614,0.5459363460540771,0.8364977836608887,-0.061945345252752304,0.5087392926216125,0.8794897794723511,-0.07714095711708069,0.5809809565544128,0.8745346069335938,-0.0826399177312851,0.5627939105033875,0.8767743110656738,-0.07059353590011597,0.5375952124595642,0.8766610026359558,-0.06527866423130035,thumbs_up,RRQ_p8,RRQ
0.6299780011177063,0.7196670770645142,4.96731722421373e-08,0.5973868370056152,0.6328439712524414,-0.0004147907893639058,0.5488350987434387,0.5688574314117432,-0.007919020019471645,0.5127081274986267,0.5070505142211914,-0.016983535140752792,0.5112155675888062,0.44956278800964355,-0.025601565837860107,0.4712178707122803,0.6267098188400269,0.00019817125576082617,0.43175870180130005,0.613767683506012,-0.000319490471156314,0.45633935928344727,0.6121551394462585,-0.005219709128141403,0.4787496030330658,0.6160029172897339,-0.009082119911909103,0.4669860601425171,0.6818333268165588,-0.00288816774263978,0.4336133599281311,0.66365647315979,0.004462321754544973,0.4549404978752136,0.6587499976158142,0.004477409180253744,0.47632551193237305,0.6641074419021606,0.0017276131547987461,0.4727768898010254,0.7337418794631958,-0.005196516402065754,0.4389520585536957,0.7122312784194946,0.004177742172032595,0.45726120471954346,0.7054573893547058,0.009283458814024925,0.47916314005851746,0.7103227972984314,0.00949882436543703,0.4824979603290558,0.7780112028121948,-0.0077689094468951225,0.4461436867713928,0.7569052577018738,0.0028684413991868496,0.46135103702545166,0.7491682767868042,0.014977334067225456,0.47945764660835266,0.7508971095085144,0.022984443232417107,thumbs_up,RRQ_p8,RRQ
0.7682397365570068,0.5410680770874023,-4.747496689105901e-07,0.7444234490394592,0.4325849711894989,-0.027855703607201576,0.7376018762588501,0.3243388533592224,-0.04601629450917244,0.7460539937019348,0.24085623025894165,-0.05878948047757149,0.7599125504493713,0.17359454929828644,-0.06786056607961655,0.786407470703125,0.35597699880599976,-0.0591268390417099,0.6885977387428284,0.3757016956806183,-0.0879690945148468,0.695054292678833,0.40140825510025024,-0.0953507274389267,0.7246361970901489,0.39372310042381287,-0.0979357585310936,0.7995409369468689,0.42098796367645264,-0.05984899774193764,0.6884154081344604,0.43428435921669006,-0.08612391352653503,0.7048668265342712,0.4458365738391876,-0.08316203206777573,0.734459638595581,0.4396645426750183,-0.0825977623462677,0.8042094707489014,0.48340702056884766,-0.06315521150827408,0.7008610963821411,0.487695574760437,-0.09040255099534988,0.7162234783172607,0.49376755952835083,-0.08165499567985535,0.7462233304977417,0.4914696216583252,-0.07442089170217514,0.8026867508888245,0.5409481525421143,-0.0687207356095314,0.7239068746566772,0.5359611511230469,-0.08751673251390457,0.7328789830207825,0.5352454781532288,-0.0865473598241806,0.7605497241020203,0.5348958969116211,-0.08440731465816498,thumbs_up,RRQ_p8,RRQ
0.6760594844818115,0.6171413660049438,-6.919613042555284e-07,0.6736811399459839,0.5201997756958008,-0.02397645264863968,0.7066836357116699,0.41432079672813416,-0.03545020893216133,0.7251458168029785,0.33651840686798096,-0.04767477512359619,0.7191063165664673,0.2737014591693878,-0.05547671020030975,0.8086381554603577,0.4260942339897156,-0.0035376467276364565,0.8107130527496338,0.41812968254089355,-0.03285909444093704,0.7640520930290222,0.4567860960960388,-0.05104478448629379,0.7388094067573547,0.48006361722946167,-0.059903666377067566,0.8332101106643677,0.4801757037639618,-0.006027904339134693,0.8275307416915894,0.47753849625587463,-0.03703814372420311,0.7663688063621521,0.5086551904678345,-0.046302974224090576,0.7455898523330688,0.5216312408447266,-0.04588659852743149,0.8417736887931824,0.5414997935295105,-0.01411370187997818,0.8422823548316956,0.5405126810073853,-0.04716416448354721,0.783117413520813,0.556207001209259,-0.03973877429962158,0.7604660987854004,0.560054361820221,-0.02631954848766327,0.84034264087677,0.60182785987854,-0.024388272315263748,0.8571727871894836,0.5979307889938354,-0.04195082187652588,0.8110261559486389,0.5958338379859924,-0.030180735513567924,0.787114143371582,0.5890464186668396,-0.016145765781402588,thumbs_up,RRQ_p8,RRQ
0.6581416130065918,0.643706202507019,-7.296296189451823e-07,0.6638662815093994,0.5506476163864136,-0.034425437450408936,0.7065914869308472,0.44957199692726135,-0.05200432613492012,0.7304660081863403,0.37028753757476807,-0.06764477491378784,0.7296048402786255,0.29930251836776733,-0.07804001867771149,0.8151377439498901,0.47911301255226135,-0.02427511475980282,0.8156009912490845,0.4952579736709595,-0.05703223496675491,0.7639126181602478,0.5183893442153931,-0.07333578914403915,0.7386297583580017,0.5248699188232422,-0.0813923254609108,0.8345140814781189,0.5427541732788086,-0.023514585569500923,0.8247786164283752,0.560255229473114,-0.059738531708717346,0.7578321695327759,0.5687246918678284,-0.06869512796401978,0.737784743309021,0.564005970954895,-0.06862913817167282,0.8352305293083191,0.6086311340332031,-0.028253352269530296,0.830539345741272,0.6266768574714661,-0.06772345304489136,0.767824649810791,0.6210601329803467,-0.06186814606189728,0.7463549971580505,0.6071214079856873,-0.04926624149084091,0.8254674673080444,0.6678022146224976,-0.03556248918175697,0.8381780982017517,0.6812642216682434,-0.05919688567519188,0.7941274642944336,0.670186460018158,-0.050753362476825714,0.7753351926803589,0.6528920531272888,-0.03871436044573784,thumbs_up,RRQ_p8,RRQ
0.23968204855918884,0.7498362064361572,-3.2728840437812323e-07,0.21843384206295013,0.6640520095825195,-0.042159534990787506,0.21135398745536804,0.5650961399078369,-0.062491729855537415,0.2164272516965866,0.48975759744644165,-0.07491224259138107,0.22897690534591675,0.420147180557251,-0.08361442387104034,0.25793251395225525,0.626927375793457,-0.06214607134461403,0.1556219905614853,0.6503581404685974,-0.09051035344600677,0.1678624451160431,0.6559975147247314,-0.10634612292051315,0.20066432654857635,0.6481618285179138,-0.11614251881837845,0.2708430886268616,0.69068843126297,-0.05496254190802574,0.15224117040634155,0.7185744047164917,-0.07749748975038528,0.18079417943954468,0.7093318700790405,-0.08216238021850586,0.21876096725463867,0.6999433040618896,-0.0890549048781395,0.27475687861442566,0.750105619430542,-0.051038336008787155,0.16760031878948212,0.7704898715019226,-0.07566355913877487,0.19541248679161072,0.7577444314956665,-0.06964762508869171,0.23115363717079163,0.7468283772468567,-0.06499305367469788,0.271004855632782,0.8066667318344116,-0.05168348550796509,0.19511611759662628,0.8213112354278564,-0.07388857752084732,0.21594704687595367,0.810306966304779,-0.07463235408067703,0.24900443851947784,0.8014322519302368,-0.07344880700111389,thumbs_up,RRQ_p8,RRQ
0.4062885046005249,0.7359856367111206,-4.2318749393643884e-08,0.36869457364082336,0.6441583633422852,0.004287527408450842,0.3224107325077057,0.572124719619751,-0.004702628590166569,0.30422964692115784,0.5008952617645264,-0.016546692699193954,0.311676561832428,0.44440725445747375,-0.029503213241696358,0.25591379404067993,0.6229568719863892,-0.016452429816126823,0.1904154121875763,0.6296054124832153,-0.02562681958079338,0.2129397690296173,0.6412100791931152,-0.031926229596138,0.24066844582557678,0.6417818069458008,-0.03524273261427879,0.24969398975372314,0.685573935508728,-0.024838779121637344,0.18792888522148132,0.683769941329956,-0.02444380521774292,0.2118016630411148,0.6908935904502869,-0.021152228116989136,0.23954199254512787,0.6898131370544434,-0.02104448340833187,0.25230273604393005,0.7469269037246704,-0.03150064870715141,0.1959497332572937,0.7363021373748779,-0.027759404852986336,0.21741127967834473,0.7405413389205933,-0.017117084935307503,0.24398669600486755,0.742047905921936,-0.012297632172703743,0.2611139118671417,0.801665186882019,-0.03793207183480263,0.20759797096252441,0.7901015281677246,-0.03179861605167389,0.22689425945281982,0.787887692451477,-0.016311390325427055,0.25108715891838074,0.7874812483787537,-0.005438012536615133,thumbs_up,RRQ_p8,RRQ
0.29255586862564087,0.49963870644569397,-1.8604036711167282e-07,0.26297900080680847,0.41369175910949707,0.001437741913832724,0.21883435547351837,0.3409474194049835,-0.004934496711939573,0.18888969719409943,0.27326464653015137,-0.014222100377082825,0.1828760951757431,0.21413934230804443,-0.025001419708132744,0.12234677374362946,0.4004759192466736,0.003758250270038843,0.12726549804210663,0.4177638590335846,-0.00016851304098963737,0.15490542352199554,0.42735663056373596,-0.013272641226649284,0.17536267638206482,0.4286138117313385,-0.023616721853613853,0.11220047622919083,0.45773908495903015,-0.0019028263632208109,0.1266232281923294,0.4752017557621002,0.004899952560663223,0.15310442447662354,0.4792342483997345,-0.0012591502163559198,0.17282772064208984,0.4735603332519531,-0.009943571873009205,0.11631596833467484,0.5127050876617432,-0.0065562850795686245,0.12565985321998596,0.5242225527763367,0.0005308895488269627,0.14962640404701233,0.5231063365936279,0.0018026558682322502,0.16973549127578735,0.5151000618934631,-0.0008817376219667494,0.12593849003314972,0.5620123147964478,-0.012057250365614891,0.1289893090724945,0.5706175565719604,-0.004754008259624243,0.15312914550304413,0.5654796957969666,0.005185647401958704,0.17192678153514862,0.5583441257476807,0.012537111528217793,thumbs_up,RRQ_p8,RRQ
0.4448722004890442,0.7714613080024719,2.9999981165929057e-07,0.4255683422088623,0.6791873574256897,0.00923264678567648,0.4480971693992615,0.6007668972015381,0.010483179241418839,0.48981890082359314,0.5762888193130493,0.012602773495018482,0.5233588814735413,0.5807323455810547,0.014130393043160439,0.4923992455005646,0.5683854818344116,-0.028354056179523468,0.49694356322288513,0.45350876450538635,-0.03441893681883812,0.5023155212402344,0.38745129108428955,-0.03649028390645981,0.5087528228759766,0.33623847365379333,-0.037712641060352325,0.5350723266601562,0.594840407371521,-0.029509099200367928,0.5744968056678772,0.49051520228385925,-0.03272955119609833,0.6008382439613342,0.4311228096485138,-0.031882528215646744,0.6240553855895996,0.39171454310417175,-0.03163561969995499,0.5605431795120239,0.6295654773712158,-0.02533550374209881,0.5633204579353333,0.571407675743103,-0.01825033314526081,0.5411336421966553,0.5739486217498779,-0.007198038976639509,0.523431658744812,0.5931255221366882,0.0002759998897090554,0.5731996893882751,0.6602150201797485,-0.020549343898892403,0.5649580359458923,0.613795280456543,-0.01132354699075222,0.5433361530303955,0.6188650131225586,0.0025102412328124046,0.5308042764663696,0.640739381313324,0.013456318527460098,peace_sign,RRQ_p8,RRQ
0.6584041118621826,0.5338718891143799,3.190375252870581e-07,0.6406821608543396,0.413843035697937,0.020648915320634842,0.6717488765716553,0.3302322030067444,0.03277173638343811,0.7209751009941101,0.3070380687713623,0.043573666363954544,0.7551952004432678,0.3102581799030304,0.05502179265022278,0.7306030988693237,0.2803850769996643,0.0013716107932850718,0.7433850765228271,0.1537112295627594,0.007899719290435314,0.7545934915542603,0.08738473057746887,0.015173370949923992,0.76559978723526,0.0362299382686615,0.020630471408367157,0.7799437046051025,0.3171609342098236,0.00031396697158925235,0.8279907703399658,0.2106931507587433,0.008073283359408379,0.8581809401512146,0.15494906902313232,0.011928566731512547,0.8826202750205994,0.11739546060562134,0.015128297731280327,0.8073469996452332,0.3693287670612335,0.004465336445719004,0.7903085947036743,0.3275822103023529,0.021694263443350792,0.7600939869880676,0.341482937335968,0.028877614066004753,0.7396481037139893,0.365193635225296,0.03400655463337898,0.8204683661460876,0.4164644777774811,0.01028883270919323,0.7942745089530945,0.37985968589782715,0.028173532336950302,0.7669073343276978,0.3901776075363159,0.03958955779671669,0.7499800324440002,0.41476374864578247,0.04887585714459419,peace_sign,RRQ_p8,RRQ
0.27380144596099854,0.7705807089805603,8.100964805635158e-07,0.3230881989002228,0.7416391372680664,-0.035764094442129135,0.3520486354827881,0.6936053037643433,-0.05855175107717514,0.3151693046092987,0.6788612604141235,-0.08133701980113983,0.2676812708377838,0.6759741306304932,-0.1031135693192482,0.3271464705467224,0.5648057460784912,-0.038093697279691696,0.3478543758392334,0.47178053855895996,-0.0712762102484703,0.3637649416923523,0.4126286208629608,-0.0906098335981369,0.372225284576416,0.3579963445663452,-0.10103395581245422,0.28010040521621704,0.5637299418449402,-0.04249386116862297,0.2590733468532562,0.4591251015663147,-0.08350848406553268,0.24313543736934662,0.391091525554657,-0.10653925687074661,0.2257946878671646,0.32679471373558044,-0.11548124998807907,0.2437763214111328,0.5902325510978699,-0.0500166080892086,0.23461833596229553,0.578140377998352,-0.10299144685268402,0.2586469352245331,0.6472863554954529,-0.11055707931518555,0.2748149633407593,0.6843263506889343,-0.09869037568569183,0.21183034777641296,0.6308754682540894,-0.0594552643597126,0.20767414569854736,0.6171112656593323,-0.09194998443126678,0.23035231232643127,0.6623730063438416,-0.08522558212280273,0.24703481793403625,0.689118504524231,-0.07090603560209274,peace_sign,RRQ_p8,RRQ
0.19206255674362183,0.5957046151161194,7.427535138049279e-07,0.23267792165279388,0.5623852610588074,-0.036454591900110245,0.24265050888061523,0.5168598890304565,-0.06016773730516434,0.1977221667766571,0.5058931112289429,-0.08290471136569977,0.14721278846263885,0.5016820430755615,-0.10526441782712936,0.21452520787715912,0.3939014673233032,-0.045362625271081924,0.2273634970188141,0.3006671071052551,-0.07982632517814636,0.2345399558544159,0.23990057408809662,-0.10300619900226593,0.23580801486968994,0.18380706012248993,-0.11711298674345016,0.1685210019350052,0.3987925350666046,-0.04668320342898369,0.13855335116386414,0.29814088344573975,-0.08730766922235489,0.11674481630325317,0.23160451650619507,-0.11333855986595154,0.09565191715955734,0.1697482019662857,-0.1270153820514679,0.13845974206924438,0.42695239186286926,-0.050047144293785095,0.10957711935043335,0.40423962473869324,-0.09700360894203186,0.13597472012043,0.46622800827026367,-0.10447287559509277,0.15809078514575958,0.5053415298461914,-0.09638658165931702,0.11401914060115814,0.470340371131897,-0.055423103272914886,0.09176979213953018,0.4493473172187805,-0.08467010408639908,0.11478060483932495,0.4877997934818268,-0.07873108237981796,0.13934075832366943,0.514568567276001,-0.06683859974145889,peace_sign,RRQ_p8,RRQ
0.575107753276825,0.8717265129089355,6.944343908799055e-07,0.6355882883071899,0.8445222973823547,-0.026448121294379234,0.6825577020645142,0.7950942516326904,-0.048135846853256226,0.6889161467552185,0.7708399891853333,-0.07196445018053055,0.6542216539382935,0.7825163006782532,-0.09392383694648743,0.6610037684440613,0.6540537476539612,-0.04094183072447777,0.6939593553543091,0.5528590679168701,-0.07215230166912079,0.7112054824829102,0.4913824796676636,-0.09010730683803558,0.7201432585716248,0.4346964657306671,-0.101111501455307,0.6123653054237366,0.6522952318191528,-0.052293311804533005,0.6167115569114685,0.5533264875411987,-0.09124160557985306,0.6230834722518921,0.4847317337989807,-0.11310745030641556,0.6220616102218628,0.4203636646270752,-0.12318119406700134,0.5722764134407043,0.6816579103469849,-0.06533628702163696,0.6231523752212524,0.7018752694129944,-0.10932046175003052,0.6420314311981201,0.7606900334358215,-0.11624851077795029,0.6385818719863892,0.7889811396598816,-0.1080450788140297,0.5463624596595764,0.729080855846405,-0.08110775798559189,0.5948676466941833,0.7497003078460693,-0.1061982661485672,0.6139537692070007,0.7843203544616699,-0.10319285094738007,0.6123735904693604,0.802293062210083,-0.0942372977733612,peace_sign,RRQ_p8,RRQ
0.41169917583465576,0.7946487069129944,4.224988288115128e-07,0.4139348566532135,0.6824104189872742,0.01832062005996704,0.45631125569343567,0.6130328178405762,0.02280416153371334,0.5069164037704468,0.5994859933853149,0.028517689555883408,0.5440952777862549,0.6088943481445312,0.0350012332201004,0.5047482848167419,0.5904859304428101,-0.025562157854437828,0.5397452116012573,0.47796353697776794,-0.02378791756927967,0.5610584020614624,0.4167324900627136,-0.019950322806835175,0.5811828374862671,0.3681626319885254,-0.01816786825656891,0.5437958836555481,0.6383283734321594,-0.024970117956399918,0.6100486516952515,0.5468589067459106,-0.02758796326816082,0.6536681056022644,0.49685683846473694,-0.0274716354906559,0.690589427947998,0.46596553921699524,-0.02826826646924019,0.5635614991188049,0.6873605251312256,-0.01579003781080246,0.581910252571106,0.6238622665405273,0.0025383171159774065,0.5561459064483643,0.6135431528091431,0.022622600197792053,0.5329999923706055,0.6225686073303223,0.03421889618039131,0.5722514390945435,0.725567102432251,-0.005386807024478912,0.5726245641708374,0.6688349843025208,0.019658047705888748,0.5489888191223145,0.6635989546775818,0.04299014061689377,0.5317891836166382,0.679497241973877,0.05883165821433067,peace_sign,RRQ_p8,RRQ
0.5162152051925659,0.6277774572372437,5.279016477288678e-07,0.5179876685142517,0.5110408663749695,0.02098887600004673,0.5594544410705566,0.4431740939617157,0.020465664565563202,0.6124594211578369,0.4276443123817444,0.016883499920368195,0.6518304347991943,0.44500139355659485,0.013061619363725185,0.604426920413971,0.39373496174812317,-0.025337673723697662,0.6453596949577332,0.2678718864917755,-0.03335633501410484,0.6702913641929626,0.1950233429670334,-0.03259223699569702,0.6930157542228699,0.14119911193847656,-0.030318021774291992,0.6502981185913086,0.43448367714881897,-0.03405814617872238,0.7263584733009338,0.335085928440094,-0.04451754316687584,0.7762515544891357,0.27572670578956604,-0.048011504113674164,0.8139875531196594,0.24140402674674988,-0.04850936681032181,0.6771156787872314,0.4884400963783264,-0.03485780581831932,0.6857762336730957,0.446923166513443,-0.02532229945063591,0.6600592136383057,0.4524284899234772,-0.008902355097234249,0.6386348605155945,0.47160056233406067,0.0035266196355223656,0.689539909362793,0.53899085521698,-0.034621529281139374,0.6850948929786682,0.4974212050437927,-0.01429993286728859,0.6613010168075562,0.5052533745765686,0.009570704773068428,0.6427215933799744,0.5280921459197998,0.028150906786322594,peace_sign,RRQ_p8,RRQ
0.5498650670051575,0.7856653928756714,5.782622451988573e-07,0.49867555499076843,0.7477660775184631,-0.018254628404974937,0.475382536649704,0.6803051233291626,-0.02805016189813614,0.5033227801322937,0.6267483234405518,-0.03977920487523079,0.530999481678009,0.5898856520652771,-0.05164790153503418,0.4758135974407196,0.5802465677261353,-0.015085527673363686,0.45153337717056274,0.49248915910720825,-0.03268420323729515,0.4385952353477478,0.43615853786468506,-0.04336300864815712,0.42795002460479736,0.38901811838150024,-0.04958667233586311,0.5162760019302368,0.573818027973175,-0.022041967138648033,0.5108314752578735,0.4733694791793823,-0.041890185326337814,0.5087502598762512,0.4087483286857605,-0.0552588552236557,0.5068965554237366,0.35982340574264526,-0.06138111278414726,0.5536444187164307,0.5911743640899658,-0.03161028400063515,0.5458925366401672,0.5570362210273743,-0.06411038339138031,0.5350030660629272,0.6041361093521118,-0.07448388636112213,0.5277069211006165,0.6426985263824463,-0.07226011157035828,0.5867096185684204,0.6213665008544922,-0.04190940782427788,0.573533833026886,0.5981820821762085,-0.06689488887786865,0.5556857585906982,0.6478688716888428,-0.06644769012928009,0.5426551699638367,0.6929682493209839,-0.06046148017048836,peace_sign,RRQ_p8,RRQ
0.740824818611145,0.6014091968536377,7.398630259558558e-07,0.7076103687286377,0.5413187146186829,-0.031844060868024826,0.7022916674613953,0.46855276823043823,-0.04967764765024185,0.7445541620254517,0.41230693459510803,-0.06791582703590393,0.7853867411613464,0.3775233030319214,-0.083640918135643,0.7009792923927307,0.3647668957710266,-0.025173958390951157,0.6878774166107178,0.26182419061660767,-0.05179202929139137,0.6820771098136902,0.19651132822036743,-0.06709498167037964,0.6787550449371338,0.14131224155426025,-0.07481019198894501,0.7444220781326294,0.36465781927108765,-0.027855921536684036,0.7582828402519226,0.2531076669692993,-0.058871544897556305,0.7720274329185486,0.17836283147335052,-0.07625281810760498,0.7852803468704224,0.11778959631919861,-0.08172963559627533,0.7825979590415955,0.3900967538356781,-0.03469148650765419,0.7910507917404175,0.3711707592010498,-0.07783180475234985,0.7713434100151062,0.43113914132118225,-0.08392731100320816,0.7575670480728149,0.47508570551872253,-0.07293946295976639,0.8135553002357483,0.4284665286540985,-0.04383833706378937,0.8214731812477112,0.39819782972335815,-0.07170696556568146,0.799491286277771,0.4403952956199646,-0.06602109968662262,0.7805505394935608,0.4790157675743103,-0.0529944971203804,peace_sign,RRQ_p8,RRQ
0.29025188088417053,0.6862084865570068,5.048678417551855e-07,0.241285502910614,0.6461440324783325,-0.017870455980300903,0.20852744579315186,0.5782378315925598,-0.03398813307285309,0.21857455372810364,0.5218614339828491,-0.053845375776290894,0.24956941604614258,0.48774513602256775,-0.07271161675453186,0.23581232130527496,0.4659339487552643,-0.021198755130171776,0.21446029841899872,0.3742343485355377,-0.046695154160261154,0.20188012719154358,0.31733447313308716,-0.06134001538157463,0.19569602608680725,0.26674866676330566,-0.06904368102550507,0.27464109659194946,0.46447038650512695,-0.03163667395710945,0.26371443271636963,0.3631933331489563,-0.06214527785778046,0.2585824131965637,0.29315054416656494,-0.08009623736143112,0.25765714049339294,0.23221731185913086,-0.08704674243927002,0.3121870756149292,0.48382192850112915,-0.044171713292598724,0.27804234623908997,0.4699736535549164,-0.08563384413719177,0.25364935398101807,0.539594292640686,-0.09090664237737656,0.2428871989250183,0.591867208480835,-0.08117513358592987,0.34372708201408386,0.5158891677856445,-0.0577230267226696,0.30826225876808167,0.49431127309799194,-0.08462639153003693,0.2788114845752716,0.5421232581138611,-0.07942919433116913,0.26106297969818115,0.583762526512146,-0.06815766543149948,peace_sign,RRQ_p8,RRQ
0.6417120695114136,0.7719231247901917,4.300428884107532e-07,0.671783983707428,0.6821948289871216,0.006869535893201828,0.6484341025352478,0.5938712358474731,0.001987840048968792,0.6072286367416382,0.5556577444076538,-0.005761082749813795,0.5690208077430725,0.5489933490753174,-0.015564186498522758,0.6531656980514526,0.542048454284668,-0.0233523640781641,0.6326025128364563,0.4296477735042572,-0.03745254874229431,0.6230834126472473,0.3640528917312622,-0.04431164637207985,0.6139127612113953,0.3137275278568268,-0.0470699816942215,0.6127893924713135,0.5642129182815552,-0.03437686339020729,0.5625154376029968,0.45780059695243835,-0.04683540016412735,0.5326557755470276,0.39399540424346924,-0.05259764567017555,0.5076558589935303,0.3479917645454407,-0.056155893951654434,0.5773453116416931,0.5989092588424683,-0.04186076670885086,0.5422788858413696,0.5346242189407349,-0.05102997273206711,0.5592726469039917,0.5603238344192505,-0.04365869611501694,0.5715653896331787,0.588613748550415,-0.034904174506664276,0.5506186485290527,0.6376138925552368,-0.04857174679636955,0.5301653742790222,0.5777804255485535,-0.0485270656645298,0.5435812473297119,0.5980144143104553,-0.03274579346179962,0.5543942451477051,0.6239942908287048,-0.018744193017482758,peace_sign,RRQ_p8,RRQ
0.7491257786750793,0.6123248934745789,7.81396181537275e-07,0.724501371383667,0.5595947504043579,-0.04042964428663254,0.724370539188385,0.49051615595817566,-0.06136244907975197,0.7714277505874634,0.43651679158210754,-0.08000542223453522,0.8155218958854675,0.4003605246543884,-0.09609915316104889,0.7096617817878723,0.38840174674987793,-0.034435369074344635,0.6942036151885986,0.29158490896224976,-0.06134066358208656,0.6866766810417175,0.22771582007408142,-0.07725612074136734,0.6806183457374573,0.1734689176082611,-0.08618658781051636,0.7517518997192383,0.3865106999874115,-0.031538624316453934,0.7690239548683167,0.28029757738113403,-0.060195714235305786,0.7857432961463928,0.21255534887313843,-0.07602285593748093,0.7994135618209839,0.15204671025276184,-0.08185626566410065,0.7872523069381714,0.4109102785587311,-0.03353516012430191,0.8077869415283203,0.3929036259651184,-0.0737995132803917,0.7894402146339417,0.4465148448944092,-0.08154170960187912,0.7745965123176575,0.4814937710762024,-0.07356255501508713,0.8153989911079407,0.44776809215545654,-0.03848439082503319,0.8333969116210938,0.42153695225715637,-0.06534836441278458,0.8138072490692139,0.45908021926879883,-0.06338058412075043,0.7952941656112671,0.4892151653766632,-0.05444688722491264,peace_sign,RRQ_p8,RRQ
0.2943723201751709,0.7926990389823914,5.92087701534183e-07,0.2439286708831787,0.7612239122390747,-0.01897261291742325,0.2059200406074524,0.7048212885856628,-0.03601019084453583,0.22053587436676025,0.6631428003311157,-0.0553864985704422,0.2499830573797226,0.6335052251815796,-0.07410216331481934,0.2287777066230774,0.5799438953399658,-0.030306469649076462,0.2001798450946808,0.49316051602363586,-0.05516835302114487,0.18532201647758484,0.43664926290512085,-0.07025209814310074,0.1764829158782959,0.3845767080783844,-0.0802910104393959,0.27414119243621826,0.5752062797546387,-0.039125312119722366,0.2721940279006958,0.48235011100769043,-0.0666864737868309,0.27580222487449646,0.41671139001846313,-0.08300234377384186,0.28246957063674927,0.36093246936798096,-0.09113285690546036,0.3137866258621216,0.5948994755744934,-0.049666959792375565,0.2893199324607849,0.5933479070663452,-0.08365610241889954,0.2597373425960541,0.6498720645904541,-0.08913268893957138,0.24153000116348267,0.6946579217910767,-0.08374357968568802,0.34524771571159363,0.6284851431846619,-0.06177215278148651,0.3156701922416687,0.6319593787193298,-0.08617909997701645,0.2867613136768341,0.6774342060089111,-0.08429668843746185,0.26681602001190186,0.7171720862388611,-0.07716894894838333,peace_sign,RRQ_p8,RRQ
0.5222344398498535,0.838147759437561,6.707913371428731e-07,0.48770347237586975,0.7924014329910278,-0.02587372437119484,0.4837755262851715,0.7251617312431335,-0.037960752844810486,0.5274085998535156,0.6922461986541748,-0.05005612224340439,0.5664834976196289,0.6756266951560974,-0.0607769750058651,0.4856756329536438,0.615398108959198,-0.023804225027561188,0.4714648723602295,0.5249515175819397,-0.04272235557436943,0.46353769302368164,0.4662091135978699,-0.05285061523318291,0.4571472704410553,0.4150211811065674,-0.0591219961643219,0.5270945429801941,0.612341046333313,-0.0262722447514534,0.5450096130371094,0.5194205045700073,-0.04672810435295105,0.5624788403511047,0.45587602257728577,-0.059089627116918564,0.5780839323997498,0.40384674072265625,-0.06413604319095612,0.5587912797927856,0.6377710700035095,-0.03191839158535004,0.563008189201355,0.6347259283065796,-0.05970302224159241,0.5443981885910034,0.6827701330184937,-0.06703000515699387,0.5326237678527832,0.7141266465187073,-0.06318934261798859,0.5815986394882202,0.6749849915504456,-0.040150225162506104,0.5772126317024231,0.6827157139778137,-0.06100832298398018,0.5553094148635864,0.7185953855514526,-0.0625292956829071,0.5393199324607849,0.7422153353691101,-0.058278638869524,peace_sign,RRQ_p8,RRQ
0.5160180926322937,0.8180423378944397,6.227336939446104e-07,0.47588151693344116,0.7643945813179016,-0.019058046862483025,0.46674060821533203,0.6957018375396729,-0.030172837898135185,0.5038151144981384,0.6579781770706177,-0.043181486427783966,0.5390669107437134,0.6393094658851624,-0.055376309901475906,0.47905734181404114,0.5919291377067566,-0.018281934782862663,0.46708863973617554,0.5014179348945618,-0.03638317063450813,0.4608818590641022,0.4439983665943146,-0.04643005505204201,0.45526596903800964,0.39355915784835815,-0.052720241248607635,0.520510733127594,0.5924417972564697,-0.02461639605462551,0.5387209057807922,0.4989786744117737,-0.04428163915872574,0.5548357963562012,0.43655574321746826,-0.05681626498699188,0.5685990452766418,0.38579124212265015,-0.0625404417514801,0.5527610182762146,0.618137776851654,-0.03359059989452362,0.5527397394180298,0.6097845435142517,-0.06126849353313446,0.5342544317245483,0.6551101803779602,-0.0692436471581459,0.5218933820724487,0.6867156624794006,-0.06652061641216278,0.5773329138755798,0.6561516523361206,-0.04431244730949402,0.571216344833374,0.656356692314148,-0.06385403126478195,0.5452518463134766,0.691603422164917,-0.06391634792089462,0.5234937071800232,0.7184466123580933,-0.059421226382255554,peace_sign,RRQ_p8,RRQ
0.3478640913963318,0.5849599242210388,4.5289084482647013e-07,0.38451072573661804,0.6149747967720032,-0.0019455964211374521,0.4070586562156677,0.6621221899986267,-0.011760834604501724,0.4120134115219116,0.7091026306152344,-0.02111816219985485,0.41053274273872375,0.7472795248031616,-0.031160935759544373,0.41813385486602783,0.6639155745506287,-0.03690367564558983,0.43078744411468506,0.7364540696144104,-0.05417276918888092,0.4374655783176422,0.7822728753089905,-0.06206594407558441,0.4424438774585724,0.8192617297172546,-0.06673993915319443,0.3945663273334503,0.6637078523635864,-0.0449892058968544,0.39802852272987366,0.7467560768127441,-0.061760008335113525,0.3967471122741699,0.8002931475639343,-0.0670933797955513,0.3942895531654358,0.840582013130188,-0.07082703709602356,0.36697059869766235,0.663345456123352,-0.05162502080202103,0.3681541085243225,0.7407407164573669,-0.06517627835273743,0.3670589327812195,0.7900779247283936,-0.0677730068564415,0.366609662771225,0.8263067007064819,-0.06927268952131271,0.33953237533569336,0.6637320518493652,-0.0578085333108902,0.3418880105018616,0.7241418957710266,-0.06711576879024506,0.34454306960105896,0.7603154182434082,-0.06823252141475677,0.34686824679374695,0.7898426651954651,-0.06875794380903244,neutral,RRQ_p8,RRQ
0.32336002588272095,0.6550175547599792,4.56617385680147e-07,0.36356377601623535,0.6940175294876099,0.004905430134385824,0.3868989944458008,0.7533230781555176,0.00023609552590642124,0.3918484151363373,0.8042382597923279,-0.006297067739069462,0.38707098364830017,0.8453637957572937,-0.013062942773103714,0.4096490740776062,0.770022451877594,-0.014815091155469418,0.41026023030281067,0.8534186482429504,-0.027080023661255836,0.4137042760848999,0.9022517800331116,-0.03399522975087166,0.4179627299308777,0.9395398497581482,-0.038644105195999146,0.39188626408576965,0.7693347930908203,-0.02518911473453045,0.38473862409591675,0.8628334999084473,-0.0362541489303112,0.37497177720069885,0.917332649230957,-0.04131685197353363,0.3661639988422394,0.9586086273193359,-0.04547818750143051,0.3678351044654846,0.7675952315330505,-0.03459502384066582,0.3597800135612488,0.8543123006820679,-0.04383378103375435,0.34832367300987244,0.9018341302871704,-0.046716880053281784,0.3383316993713379,0.9354388117790222,-0.04898517206311226,0.3417476415634155,0.7650153636932373,-0.04356997460126877,0.3362342417240143,0.8313074111938477,-0.048983924090862274,0.3295738995075226,0.8682987093925476,-0.049408845603466034,0.32365962862968445,0.8977547883987427,-0.04982033744454384,neutral,RRQ_p8,RRQ
0.23823004961013794,0.38384586572647095,-1.1078076056492137e-07,0.276877760887146,0.3918594717979431,0.010864745825529099,0.3055255115032196,0.3888999819755554,0.011834164150059223,0.32564857602119446,0.394439160823822,0.00802562851458788,0.34026357531547546,0.40014854073524475,0.006128436420112848,0.3186631500720978,0.3092878758907318,0.021421581506729126,0.3485852777957916,0.3701234757900238,0.011760352179408073,0.3371804356575012,0.40249642729759216,0.0010821144096553326,0.3185814917087555,0.4187508225440979,-0.004128263797610998,0.32052621245384216,0.31121164560317993,0.011150042526423931,0.35282450914382935,0.3745482563972473,0.00380315026268363,0.33907949924468994,0.4072907865047455,-0.0012550406390801072,0.31966426968574524,0.425423264503479,-0.002366813598200679,0.3210633099079132,0.3235117197036743,-0.00023086393775884062,0.3530913293361664,0.38149115443229675,-0.004776501562446356,0.3393571674823761,0.41152670979499817,-0.0029280034359544516,0.3208487927913666,0.42605265974998474,0.0007800970342941582,0.32134565711021423,0.3431716561317444,-0.011648338288068771,0.348489373922348,0.38353070616722107,-0.009843630716204643,0.3400471806526184,0.4005153477191925,-0.00411570817232132,0.3262318968772888,0.40531834959983826,0.001191729330457747,neutral,RRQ_p8,RRQ
0.23764503002166748,0.38558319211006165,-1.1670854149770093e-07,0.27512335777282715,0.3915398418903351,0.013255017809569836,0.3040892779827118,0.3882385194301605,0.015955813229084015,0.3249468505382538,0.3940271735191345,0.01356959156692028,0.33848053216934204,0.40327832102775574,0.012542993761599064,0.31794464588165283,0.31045112013816833,0.025010429322719574,0.3456489145755768,0.3683107793331146,0.017798997461795807,0.3371383547782898,0.40178024768829346,0.007980221882462502,0.31983762979507446,0.4210842251777649,0.003086601849645376,0.32105714082717896,0.3127289116382599,0.014134164899587631,0.35033807158470154,0.3732580244541168,0.009406574070453644,0.340373694896698,0.40723636746406555,0.0034334533847868443,0.3221125304698944,0.4274417459964752,0.0010418407618999481,0.3225013315677643,0.3265000581741333,0.002600336680188775,0.35276636481285095,0.3803853988647461,-0.001264118473045528,0.3418908715248108,0.4126065969467163,-0.0014127710601314902,0.3244970440864563,0.4300345778465271,0.0007465875241905451,0.32360970973968506,0.34708791971206665,-0.008554885163903236,0.35134804248809814,0.3845805525779724,-0.0074718729592859745,0.34332650899887085,0.40428316593170166,-0.0025726270396262407,0.3287712037563324,0.4127310514450073,0.002293570665642619,neutral,RRQ_p8,RRQ
0.1989537924528122,0.25714007019996643,-5.79839536385407e-08,0.2250952422618866,0.22525836527347565,0.024248646572232246,0.251042902469635,0.21647071838378906,0.031180309131741524,0.2680317759513855,0.22629958391189575,0.029957393184304237,0.2790148854255676,0.24242445826530457,0.027952617034316063,0.26913028955459595,0.18760940432548523,0.03567123040556908,0.2887263596057892,0.23690105974674225,0.03268957883119583,0.2823687493801117,0.27304860949516296,0.025998342782258987,0.2681308388710022,0.29845115542411804,0.02304036170244217,0.28025898337364197,0.19852644205093384,0.019967596977949142,0.2972828447818756,0.2554154098033905,0.019879290834069252,0.288822203874588,0.2906096279621124,0.014125957153737545,0.2731405198574066,0.31391069293022156,0.0114870835095644,0.28745901584625244,0.21670763194561005,0.004498002585023642,0.3038627505302429,0.27544355392456055,0.003954021260142326,0.29130229353904724,0.3075089156627655,0.0016674573998898268,0.27423056960105896,0.32443782687187195,0.0018508267821744084,0.29239004850387573,0.23870716989040375,-0.00977199524641037,0.3065721392631531,0.28467386960983276,-0.005978484638035297,0.294400155544281,0.3019929826259613,-0.0018107942305505276,0.2778075337409973,0.3082805275917053,0.002248035976663232,neutral,RRQ_p8,RRQ
0.22634238004684448,0.3101165294647217,-7.988005990000602e-08,0.24989807605743408,0.2767263650894165,0.019152924418449402,0.2751046419143677,0.2672906219959259,0.02336161769926548,0.29261288046836853,0.2766299545764923,0.02089710161089897,0.30278488993644714,0.29314300417900085,0.017908820882439613,0.2942837178707123,0.24329057335853577,0.025692593306303024,0.31388425827026367,0.29173359274864197,0.020994791761040688,0.3077431917190552,0.327042818069458,0.014160698279738426,0.2937885820865631,0.35063761472702026,0.011224253103137016,0.30455511808395386,0.25556114315986633,0.012125651352107525,0.32100388407707214,0.31057408452033997,0.010644570924341679,0.3128563165664673,0.34402981400489807,0.005795421544462442,0.2979251742362976,0.3655402362346649,0.0038680057041347027,0.3104183077812195,0.2750817537307739,-0.0011274454882368445,0.32763347029685974,0.3294920325279236,-0.0034680406097322702,0.3160705268383026,0.3607167899608612,-0.004334350116550922,0.3004106283187866,0.37758928537368774,-0.002788982819765806,0.3130798637866974,0.29814085364341736,-0.013446232303977013,0.32977235317230225,0.3399629592895508,-0.012149682268500328,0.3177887201309204,0.3578740060329437,-0.007524862885475159,0.30162638425827026,0.36567768454551697,-0.0024875907693058252,neutral,RRQ_p8,RRQ
0.24922442436218262,0.3441396951675415,1.7559873555228478e-08,0.2860698401927948,0.3533245921134949,0.0007619267562404275,0.3163778781890869,0.34926313161849976,-0.004793729167431593,0.3356018662452698,0.3411358892917633,-0.01450059749186039,0.34595632553100586,0.32385414838790894,-0.023729968816041946,0.32318979501724243,0.26685813069343567,0.0016752028604969382,0.3342379033565521,0.24419228732585907,-0.014195065014064312,0.33476611971855164,0.2450801283121109,-0.026463322341442108,0.3305604159832001,0.24654093384742737,-0.03305967524647713,0.3130675256252289,0.25200319290161133,-0.0071616037748754025,0.34865790605545044,0.26463913917541504,-0.026653099805116653,0.3481251001358032,0.3055354058742523,-0.033211540430784225,0.33615821599960327,0.3356841504573822,-0.03276731073856354,0.30122363567352295,0.2451818287372589,-0.01736939139664173,0.33740922808647156,0.2710159122943878,-0.036201994866132736,0.3285573422908783,0.311216801404953,-0.03435257822275162,0.31329137086868286,0.3366888165473938,-0.027254370972514153,0.28904029726982117,0.24610336124897003,-0.02795673906803131,0.3205847442150116,0.27207010984420776,-0.04006830230355263,0.31539681553840637,0.30368855595588684,-0.03638695180416107,0.30254411697387695,0.32426324486732483,-0.02946378104388714,neutral,RRQ_p8,RRQ
0.4621984362602234,0.437278687953949,-1.628855841318e-07,0.44699686765670776,0.3896648585796356,0.00593664450570941,0.44694772362709045,0.3410656154155731,0.002400974975898862,0.4447934627532959,0.3044576942920685,-0.0036480496637523174,0.43216949701309204,0.28386443853378296,-0.009443288668990135,0.49113181233406067,0.29984524846076965,-0.0019679793622344732,0.5177714824676514,0.28686821460723877,-0.007939704693853855,0.5217328667640686,0.3079928457736969,-0.012311943806707859,0.5154793858528137,0.3242682218551636,-0.014809642918407917,0.5147666335105896,0.31566122174263,-0.011997121386229992,0.5515872240066528,0.2814442217350006,-0.014605398289859295,0.5539542436599731,0.3033612072467804,-0.013164669275283813,0.5427439212799072,0.3246575891971588,-0.01197438221424818,0.5336660742759705,0.34104856848716736,-0.021576572209596634,0.5708166360855103,0.3095928430557251,-0.023225590586662292,0.5695754289627075,0.33272311091423035,-0.016467051580548286,0.5562824606895447,0.3499649167060852,-0.012564411386847496,0.5469599366188049,0.3741169273853302,-0.03101254813373089,0.5788876414299011,0.3577638864517212,-0.03156750649213791,0.5736272931098938,0.37287136912345886,-0.024239709600806236,0.5585507154464722,0.38345885276794434,-0.018884066492319107,neutral,RRQ_p8,RRQ
0.4410810172557831,0.40117019414901733,-1.7459760215388087e-07,0.40800610184669495,0.36351364850997925,0.001849668682552874,0.3972484767436981,0.32543647289276123,-0.00167421018704772,0.39947235584259033,0.29713255167007446,-0.005598415154963732,0.40401312708854675,0.2832008898258209,-0.008843510411679745,0.4407985508441925,0.25655174255371094,-0.004915464203804731,0.46039456129074097,0.24884666502475739,-0.004390116315335035,0.46034425497055054,0.26761960983276367,-0.0043250201269984245,0.4532434642314911,0.2810831367969513,-0.005002240184694529,0.4714522361755371,0.26497527956962585,-0.010811325162649155,0.49258890748023987,0.2402074933052063,-0.007436129730194807,0.4884454607963562,0.2599537670612335,-0.004029999952763319,0.47898855805397034,0.2810361087322235,-0.002606112277135253,0.4966769814491272,0.28461754322052,-0.01601434499025345,0.5208655595779419,0.25284600257873535,-0.013190063647925854,0.5144011974334717,0.27111488580703735,-0.008252311497926712,0.5042678117752075,0.2909213602542877,-0.006883238907903433,0.5145040154457092,0.31301480531692505,-0.021175794303417206,0.5266084671020508,0.29908570647239685,-0.019637886434793472,0.517876386642456,0.31517013907432556,-0.014458153396844864,0.5085279941558838,0.33021748065948486,-0.01087450422346592,neutral,RRQ_p8,RRQ
0.6409538984298706,0.5949289202690125,1.427165017275911e-07,0.6196251511573792,0.5767789483070374,-0.006540470290929079,0.5983389019966125,0.5394659638404846,-0.008919376879930496,0.5765480995178223,0.5185652375221252,-0.012548759579658508,0.5609707236289978,0.5057601928710938,-0.015638718381524086,0.6295124292373657,0.497788667678833,0.006777008529752493,0.6273084878921509,0.4647757411003113,0.001785268192179501,0.6258999109268188,0.438340961933136,-0.004470259416848421,0.624862015247345,0.4176364839076996,-0.009243259206414223,0.6416711211204529,0.49296486377716064,0.0034849606454372406,0.6422143578529358,0.4580170810222626,7.746359915472567e-05,0.6416014432907104,0.430094838142395,-0.003955558408051729,0.6407294869422913,0.40594184398651123,-0.006744256243109703,0.6544500589370728,0.4902763366699219,-0.002190422033891082,0.6570164561271667,0.4584465026855469,-0.00616599153727293,0.6610382795333862,0.4328359365463257,-0.006807420402765274,0.6646212935447693,0.4092957079410553,-0.006627175956964493,0.6656184196472168,0.4913983941078186,-0.009629909880459309,0.6728467345237732,0.4619274437427521,-0.012160900980234146,0.6786321401596069,0.44034528732299805,-0.010433892719447613,0.6827854514122009,0.4218372106552124,-0.008781004697084427,neutral,RRQ_p8,RRQ
0.663850724697113,0.5928041934967041,1.5240297557284066e-07,0.641910195350647,0.577481210231781,-0.006966580171138048,0.6205441355705261,0.539549708366394,-0.00872413907200098,0.6003898978233337,0.5180952548980713,-0.011420664377510548,0.5849366784095764,0.5053592920303345,-0.013734046369791031,0.6489852070808411,0.497450590133667,0.005179902538657188,0.6465206146240234,0.4643256962299347,-5.590692671830766e-05,0.6447579860687256,0.4374573528766632,-0.0064794099889695644,0.6437630653381348,0.41570529341697693,-0.011530019342899323,0.6610584259033203,0.4912292957305908,0.0020851644221693277,0.6610693335533142,0.4557104706764221,-0.002361460356041789,0.660716712474823,0.42649704217910767,-0.007529177702963352,0.6605628728866577,0.4011656641960144,-0.011187641881406307,0.6741019487380981,0.48816758394241333,-0.0032775287982076406,0.6768068075180054,0.4551007151603699,-0.008653503842651844,0.6814999580383301,0.4275941252708435,-0.011889062821865082,0.6856358051300049,0.4026728868484497,-0.013595210388302803,0.6863699555397034,0.48981404304504395,-0.010209488682448864,0.6939321756362915,0.4601461887359619,-0.0146148931235075,0.7005160450935364,0.4379836320877075,-0.015512805432081223,0.7057810425758362,0.4189038574695587,-0.015834569931030273,neutral,RRQ_p8,RRQ
0.6003907918930054,0.6042879223823547,9.316458715602494e-08,0.6011818051338196,0.5551643371582031,-0.0008341624634340405,0.6252890825271606,0.5232419371604919,-0.0019929183181375265,0.6459064483642578,0.5034902095794678,-0.005410859826952219,0.661239504814148,0.48377349972724915,-0.00933075975626707,0.6684134602546692,0.5225088596343994,0.0017734081484377384,0.6970999836921692,0.49087339639663696,-0.006645439192652702,0.7123889923095703,0.4596063792705536,-0.014169399626553059,0.7237215042114258,0.4332963526248932,-0.019853105768561363,0.6721820831298828,0.5273599028587341,-0.00588197261095047,0.7044609189033508,0.48599690198898315,-0.01406048983335495,0.720471978187561,0.4514806270599365,-0.0212277639657259,0.7332287430763245,0.4221242070198059,-0.02636171318590641,0.6700934767723083,0.5330862998962402,-0.014777504839003086,0.7009440064430237,0.4903032183647156,-0.02274724282324314,0.7147113084793091,0.45697513222694397,-0.028514016419649124,0.7243544459342957,0.4302632510662079,-0.0325663797557354,0.6629042625427246,0.5368146896362305,-0.024367503821849823,0.6829473376274109,0.5023268461227417,-0.030873293057084084,0.6938160061836243,0.47704240679740906,-0.03396884351968765,0.7021385431289673,0.45568230748176575,-0.03618010878562927,neutral,RRQ_p8,RRQ
0.3248654901981354,0.44576534628868103,2.4121357000694843e-07,0.34865573048591614,0.41037100553512573,-0.0016827385406941175,0.3579288125038147,0.36370837688446045,-0.0008776406175456941,0.3668334186077118,0.3249603807926178,-0.0027705212123692036,0.37913212180137634,0.2938214838504791,-0.004305679816752672,0.3130216896533966,0.34588366746902466,0.01660826802253723,0.3194911777973175,0.3027544319629669,0.011672944761812687,0.3322818875312805,0.2761182487010956,0.004948314279317856,0.34453627467155457,0.2580151855945587,0.0008235685527324677,0.2982367277145386,0.3408464193344116,0.012098127044737339,0.29546770453453064,0.28791168332099915,0.006461584009230137,0.31250375509262085,0.2603788375854492,-0.0002640057646203786,0.3316168785095215,0.24528416991233826,-0.003992874175310135,0.2846478521823883,0.34161388874053955,0.005082365591078997,0.28011226654052734,0.28719380497932434,-0.002964042592793703,0.29878807067871094,0.26051297783851624,-0.010170469991862774,0.31955790519714355,0.24830758571624756,-0.01334906741976738,0.2727322578430176,0.34483641386032104,-0.00251611671410501,0.2716883420944214,0.2975609004497528,-0.009840833023190498,0.2882749140262604,0.27200770378112793,-0.013688219711184502,0.30882126092910767,0.25855591893196106,-0.015128825791180134,neutral,RRQ_p8,RRQ
