x0,y0,z0,x1,y1,z1,x2,y2,z2,x3,y3,z3,x4,y4,z4,x5,y5,z5,x6,y6,z6,x7,y7,z7,x8,y8,z8,x9,y9,z9,x10,y10,z10,x11,y11,z11,x12,y12,z12,x13,y13,z13,x14,y14,z14,x15,y15,z15,x16,y16,z16,x17,y17,z17,x18,y18,z18,x19,y19,z19,x20,y20,z20,label,person_id,collector
0.4098235368728637,0.8440844416618347,2.6577978928798984e-07,0.4546841979026794,0.8204389810562134,-0.0092921135947108,0.4917982816696167,0.8130264282226562,-0.0322461500763893,0.511467695236206,0.8383759260177612,-0.0584279149770736,0.5059560537338257,0.8717339038848877,-0.0860184356570243,0.4840256571769714,0.71736741065979,-0.0414594821631908,0.5274134278297424,0.7230594754219055,-0.0768327564001083,0.5615131258964539,0.7239828109741211,-0.1012555733323097,0.594735324382782,0.7271428108215332,-0.1174148246645927,0.4474850296974182,0.7188367247581482,-0.0536864399909973,0.4964163601398468,0.8217395544052124,-0.0853958129882812,0.4783908426761627,0.8500189185142517,-0.0891412422060966,0.4641230404376983,0.8387758135795593,-0.0906410738825798,0.4144793748855591,0.7506343722343445,-0.0673650726675987,0.4642890691757202,0.8554930090904236,-0.0920269936323165,0.4516371786594391,0.8609222173690796,-0.0811889991164207,0.441556304693222,0.8360432982444763,-0.072334423661232,0.3875674307346344,0.7923100590705872,-0.0833778455853462,0.4281916618347168,0.8646228313446045,-0.0994592234492302,0.4218200147151947,0.8666627407073975,-0.0912205800414085,0.4103781878948211,0.8473948240280151,-0.0830477625131607,point,RRQ_p8,RRQ
0.5002419948577881,0.744169294834137,4.445977452860461e-08,0.5670093894004822,0.715040922164917,-0.0004269471683073,0.6115396618843079,0.6779364347457886,-0.0201127063482999,0.6463755965232849,0.6649764776229858,-0.0459216609597206,0.6637166142463684,0.6752868890762329,-0.0720151290297508,0.5985563397407532,0.5593461990356445,-0.024807546287775,0.6401125192642212,0.5029813051223755,-0.0514567270874977,0.6677255034446716,0.4569576680660248,-0.0693070963025093,0.6892045140266418,0.4205600619316101,-0.0827717334032058,0.573512852191925,0.5666425824165344,-0.0433341823518276,0.6530700325965881,0.6255822777748108,-0.0775686129927635,0.6340497136116028,0.6690500378608704,-0.0826586708426475,0.6082111597061157,0.669336199760437,-0.0824991539120674,0.5534945726394653,0.5977655053138733,-0.0618866086006164,0.6298802495002747,0.6586176156997681,-0.089711345732212,0.6083388924598694,0.688374400138855,-0.0788631215691566,0.5850245952606201,0.6818074584007263,-0.0687209218740463,0.5390573143959045,0.6393858790397644,-0.0817551761865615,0.6015798449516296,0.6818169355392456,-0.0953163355588913,0.5899689197540283,0.7031387090682983,-0.0839143544435501,0.5700881481170654,0.6993642449378967,-0.0742032751441001,point,RRQ_p8,RRQ
0.4966877698898315,0.7741034030914307,1.7416543585113686e-07,0.5568572878837585,0.7218245267868042,-0.0024395345244556,0.596498966217041,0.6808024048805237,-0.0231927447021007,0.6294820308685303,0.6716590523719788,-0.0495183393359184,0.6470358371734619,0.6913332939147949,-0.0767299085855484,0.5628839731216431,0.5799331665039062,-0.0250175315886735,0.6034917235374451,0.5368863940238953,-0.0534321442246437,0.6330325603485107,0.5011537671089172,-0.0732264891266822,0.6578332185745239,0.4716677069664001,-0.087859533727169,0.5373379588127136,0.5945820808410645,-0.0427048616111278,0.6167853474617004,0.6398795247077942,-0.0772710889577865,0.6052290797233582,0.6822823882102966,-0.0837826654314994,0.5826060771942139,0.6860761046409607,-0.084921583533287,0.5185821652412415,0.6333730816841125,-0.0609234608709812,0.5951592922210693,0.6857694387435913,-0.0883881673216819,0.5783880352973938,0.7096179723739624,-0.0807867348194122,0.5563042759895325,0.6999051570892334,-0.0728738158941268,0.5053693056106567,0.6800832748413086,-0.0805961713194847,0.5675467848777771,0.7159233689308167,-0.0931611806154251,0.5584306120872498,0.732033371925354,-0.0841195955872535,0.5395876169204712,0.7243543863296509,-0.076474443078041,point,RRQ_p8,RRQ
0.48283451795578,0.7873958349227905,3.041930654035241e-07,0.4695160686969757,0.706821858882904,-0.0016867872327566,0.492083340883255,0.6271427869796753,-0.0243779718875885,0.5339794754981995,0.5837580561637878,-0.046988595277071,0.5629227757453918,0.5948054194450378,-0.069842092692852,0.4490078687667846,0.6521216034889221,-0.0661604925990104,0.4360330402851105,0.5805797576904297,-0.0988232493400573,0.419085144996643,0.5335201621055603,-0.1188150942325592,0.4034598469734192,0.4966639280319214,-0.1325854063034057,0.4642404317855835,0.6885352730751038,-0.0814508870244026,0.5250800848007202,0.593528151512146,-0.1156826540827751,0.5350701808929443,0.6141744256019592,-0.1144005432724952,0.5252522230148315,0.642532467842102,-0.1099657416343689,0.4914563000202179,0.7236093282699585,-0.0935342237353324,0.5512042045593262,0.6336658000946045,-0.1127036362886428,0.547601044178009,0.6564245820045471,-0.0899563208222389,0.5296041369438171,0.6847615838050842,-0.072110429406166,0.5226232409477234,0.7511838674545288,-0.1064840331673622,0.5669527053833008,0.6713838577270508,-0.107965849339962,0.5593454241752625,0.6859130859375,-0.0852851569652557,0.543424665927887,0.7124651074409485,-0.0693498328328132,point,RRQ_p8,RRQ
0.3974047601222992,0.8885967135429382,-2.777573504531005e-09,0.4410480856895447,0.8442949652671814,-0.0255923997610807,0.4643602073192596,0.7728217840194702,-0.0425146222114563,0.44877889752388,0.7257362604141235,-0.0587496310472488,0.4087483584880829,0.7144145369529724,-0.0738149359822273,0.4190228879451751,0.6572026610374451,-0.032778475433588,0.4195576608181,0.5614923238754272,-0.0577670596539974,0.4192081093788147,0.5029810667037964,-0.0719377174973487,0.4139665365219116,0.4522032141685486,-0.0823956280946731,0.3784671127796173,0.6723552346229553,-0.0368876792490482,0.4023850262165069,0.6627144813537598,-0.0711653679609298,0.416017085313797,0.7260806560516357,-0.0788414478302002,0.4094451367855072,0.7457629442214966,-0.0783214792609214,0.3473746478557586,0.704281747341156,-0.0433857142925262,0.3738510906696319,0.7104962468147278,-0.0784240588545799,0.3941149413585663,0.7656887769699097,-0.071937009692192,0.3905512690544128,0.7741820812225342,-0.061057474464178,0.3219079375267029,0.7444153428077698,-0.0522895716130733,0.3454036116600036,0.74619060754776,-0.073424257338047,0.3662114441394806,0.7832061648368835,-0.0635282695293426,0.3647674024105072,0.793551504611969,-0.0517678447067737,point,RRQ_p8,RRQ
0.3903944492340088,0.8223612904548645,-7.999550888371233e-08,0.4203429222106933,0.7610106468200684,-0.0250337570905685,0.4247558712959289,0.6828044056892395,-0.0405523516237735,0.3949532210826874,0.6530069708824158,-0.0548057630658149,0.3548023700714111,0.6640388369560242,-0.0680987834930419,0.3492149114608764,0.6013872027397156,-0.0353059396147728,0.3124510049819946,0.5159977674484253,-0.0596044175326824,0.2885948419570923,0.4689682722091675,-0.0739981830120086,0.2638648152351379,0.4286982715129852,-0.0848682671785354,0.3192615509033203,0.639509379863739,-0.0396062321960926,0.3346666991710663,0.6122546195983887,-0.0747582986950874,0.3669012486934662,0.6661125421524048,-0.0838364213705062,0.369384229183197,0.6912734508514404,-0.0842616483569145,0.3000177145004272,0.6855120658874512,-0.0458144061267375,0.3137544989585876,0.6683026552200317,-0.0815698727965354,0.3502663075923919,0.7108619809150696,-0.0759750977158546,0.3533075749874115,0.7246335744857788,-0.0653557106852531,0.2870397567749023,0.736488401889801,-0.053989503532648,0.2934816181659698,0.7135602235794067,-0.0757589042186737,0.3263185322284698,0.735105574131012,-0.0652607157826423,0.3344158232212066,0.7477681636810303,-0.0531086958944797,point,RRQ_p8,RRQ
0.4036701917648315,0.8331195712089539,-2.5993362129383968e-08,0.4328442513942718,0.7725789546966553,-0.0237098615616559,0.4385685920715332,0.6983187198638916,-0.0419774651527404,0.412781149148941,0.6640586853027344,-0.0603955797851085,0.3738031089305877,0.6722214221954346,-0.0781630054116249,0.3636160492897033,0.6137689352035522,-0.0322829894721508,0.3282297849655151,0.5364497900009155,-0.0572526343166828,0.3026989102363586,0.492344856262207,-0.0712779760360717,0.2757534980773926,0.4553613364696502,-0.0816350728273391,0.3302320837974548,0.6474661231040955,-0.0364503972232341,0.3513718545436859,0.6218445301055908,-0.07455775141716,0.3836561441421509,0.6727409958839417,-0.0848326310515403,0.3858487606048584,0.6988937854766846,-0.0845501497387886,0.3097426891326904,0.6908826231956482,-0.0422471798956394,0.3371137082576751,0.681708037853241,-0.0796561613678932,0.3698722124099731,0.7238674759864807,-0.0748717710375785,0.3700741231441498,0.739243745803833,-0.0636697337031364,0.2950970828533172,0.7381625175476074,-0.049814436584711,0.3194668292999267,0.7258106470108032,-0.0723160877823829,0.3471254110336303,0.7506680488586426,-0.0640633180737495,0.3482034206390381,0.7617164254188538,-0.0527258105576038,point,RRQ_p8,RRQ
0.4682406187057495,0.7057859301567078,-8.404651197224666e-08,0.4874306917190552,0.6026639342308044,0.0146165322512388,0.5369987487792969,0.5405230522155762,0.0072602229192852,0.5865997076034546,0.5290610790252686,-0.003824220271781,0.6251705884933472,0.552456796169281,-0.0163765270262956,0.5645862221717834,0.4950519204139709,-0.0311862658709287,0.6318201422691345,0.4039986133575439,-0.0489829219877719,0.6735865473747253,0.3509083986282348,-0.0575177818536758,0.7052492499351501,0.3081507384777069,-0.0634665340185165,0.5886027216911316,0.5448463559150696,-0.0468548014760017,0.6627318263053894,0.5285851359367371,-0.0620267391204834,0.6391652226448059,0.5588611364364624,-0.0530612058937549,0.6060608625411987,0.5746723413467407,-0.0448719002306461,0.6054551005363464,0.6056401133537292,-0.0588682256639003,0.6639054417610168,0.5973731279373169,-0.0606906414031982,0.6417379975318909,0.6153774261474609,-0.0368439927697181,0.6142078638076782,0.6251043677330017,-0.0219967048615217,0.6145098805427551,0.6620075106620789,-0.0704921707510948,0.6609202027320862,0.6474124193191528,-0.0594972148537635,0.63908851146698,0.6592667698860168,-0.0342956818640232,0.6165776252746582,0.6667312383651733,-0.0173217356204986,point,RRQ_p8,RRQ
0.6409516334533691,0.645379900932312,-2.204224216484363e-07,0.5910342931747437,0.6367641091346741,-0.0096373055130243,0.5513685941696167,0.6330280900001526,-0.0244791246950626,0.5251736044883728,0.6569849252700806,-0.0404971539974212,0.5112342834472656,0.6872506141662598,-0.0574283935129642,0.5504494309425354,0.5564374327659607,-0.0288673806935548,0.5151830911636353,0.5564960241317749,-0.0535609237849712,0.4841682910919189,0.5609581470489502,-0.0693012699484825,0.4584012329578399,0.5654727816581726,-0.0806230157613754,0.5770150423049927,0.5507010221481323,-0.0380318351089954,0.5401887893676758,0.637600839138031,-0.0661321207880973,0.5514312386512756,0.6825957298278809,-0.0694808289408683,0.5647879242897034,0.6824202537536621,-0.0685870349407196,0.6077069640159607,0.5674039125442505,-0.0487365238368511,0.5736910104751587,0.6553086042404175,-0.072116419672966,0.5838752388954163,0.6801773905754089,-0.0630972608923912,0.5953032970428467,0.6652796864509583,-0.0537835136055946,0.6364291906356812,0.592596173286438,-0.0609654895961284,0.6059417128562927,0.6545242071151733,-0.0765725150704383,0.6069630980491638,0.6738373041152954,-0.0695406049489975,0.615364670753479,0.6626378297805786,-0.061570543795824,point,RRQ_p8,RRQ
0.6244794130325317,0.6784325838088989,-2.032775228144601e-07,0.5851688385009766,0.6660510897636414,-0.0139089291915297,0.5485232472419739,0.6309913992881775,-0.0268066134303808,0.5362377762794495,0.5917301774024963,-0.0419560223817825,0.555499792098999,0.567829966545105,-0.0574113167822361,0.5519307255744934,0.5409060716629028,-0.0184096992015838,0.5267693996429443,0.4727426767349243,-0.0399164445698261,0.5112813115119934,0.4292971491813659,-0.0541898384690284,0.4978681802749634,0.3927285075187683,-0.0645146518945694,0.5825999975204468,0.5333036780357361,-0.024130767211318,0.5673877596855164,0.5307999849319458,-0.061205256730318,0.5726884007453918,0.5899192690849304,-0.0691235214471817,0.5795750617980957,0.6297265291213989,-0.0657747685909271,0.6129867434501648,0.5361487865447998,-0.0318097323179245,0.5954290628433228,0.5404727458953857,-0.0634979605674743,0.5975824594497681,0.5933337807655334,-0.0561072379350662,0.601893424987793,0.6255841255187988,-0.0424181967973709,0.6441261172294617,0.545253336429596,-0.0410258173942565,0.6271342039108276,0.5384271144866943,-0.0580900982022285,0.6211463212966919,0.5744081139564514,-0.0496832616627216,0.6214548945426941,0.5970844030380249,-0.0382564775645732,point,RRQ_p8,RRQ
0.6192218661308289,0.6666648983955383,-1.769266759765742e-07,0.583777904510498,0.6424130797386169,-0.012962688691914,0.5573362708091736,0.5933898091316223,-0.0243270099163055,0.5654880404472351,0.5525795221328735,-0.0378315486013889,0.5880724787712097,0.5343530178070068,-0.0515815243124961,0.5772736072540283,0.5066205859184265,-0.0187346767634153,0.5716345310211182,0.4311263263225555,-0.0399391017854213,0.5724921822547913,0.3835198283195495,-0.054678950458765,0.5728187561035156,0.3430410027503967,-0.0652352571487426,0.6088368892669678,0.5147597789764404,-0.0243945475667715,0.6056225299835205,0.5014406442642212,-0.060893028974533,0.5981414318084717,0.5593627691268921,-0.0704946890473365,0.5922660827636719,0.6000020503997803,-0.0689485818147659,0.6375643014907837,0.5283188819885254,-0.0316996835172176,0.6295871138572693,0.5209757685661316,-0.0629392564296722,0.6195478439331055,0.5739798545837402,-0.0567907579243183,0.613447368144989,0.606665849685669,-0.0445365235209465,0.6653504371643066,0.5458427667617798,-0.0403033383190631,0.6585018038749695,0.5291990041732788,-0.057195708155632,0.6458916068077087,0.5640217661857605,-0.0486564151942729,0.6387363076210022,0.5864196419715881,-0.0374347195029258,point,RRQ_p8,RRQ
0.5749191641807556,0.6886081099510193,-1.6516312939529598e-07,0.5500356554985046,0.6495201587677002,-0.0160166695713996,0.5400168895721436,0.599395751953125,-0.0294675342738628,0.5553624033927917,0.5773417353630066,-0.0439048446714878,0.5799174904823303,0.573611855506897,-0.0581449680030345,0.5952854156494141,0.5197432637214661,-0.0275704655796289,0.6265580058097839,0.4573120772838592,-0.0498136319220066,0.649947464466095,0.4202696681022644,-0.06373181194067,0.6706582903862,0.3889822363853454,-0.07330784201622,0.6264793872833252,0.5387206077575684,-0.0305925011634826,0.6225376129150391,0.5583934783935547,-0.0637300163507461,0.5940553545951843,0.595533549785614,-0.0720044896006584,0.5741330981254578,0.6159515976905823,-0.0710552334785461,0.6475533246994019,0.5680991411209106,-0.0349999330937862,0.6302198767662048,0.5997716188430786,-0.0622164085507392,0.6018065214157104,0.6304558515548706,-0.0569109804928302,0.584467887878418,0.6434952616691589,-0.04722560942173,0.6618395447731018,0.601349949836731,-0.0415180325508117,0.647769033908844,0.6264773607254028,-0.0581564642488956,0.6203762888908386,0.6487444639205933,-0.0532046370208263,0.6021047830581665,0.6551981568336487,-0.0446704626083374,point,RRQ_p8,RRQ
0.6437471508979797,0.7672954797744751,-1.5365339223194496e-08,0.625239372253418,0.6891114115715027,0.0065937577746808,0.5771523714065552,0.6484106183052063,0.0068221171386539,0.531033992767334,0.6411978006362915,0.0069335363805294,0.4990643262863159,0.653018593788147,0.0049614924937486,0.5463367700576782,0.6324127912521362,-0.0170511044561862,0.4807868897914886,0.6049426198005676,-0.0225296858698129,0.4414658844470978,0.5888521075248718,-0.0249252635985612,0.408902645111084,0.5793103575706482,-0.0272698998451232,0.5313405394554138,0.6757300496101379,-0.0218472331762313,0.4841113984584808,0.6631470322608948,-0.0241749715059995,0.502705991268158,0.6694757342338562,-0.0173034761101007,0.523810088634491,0.6758894920349121,-0.0132096521556377,0.5259453058242798,0.7212329506874084,-0.0241407565772533,0.4900540113449096,0.7065430879592896,-0.0204131137579679,0.5071477293968201,0.7109764218330383,-0.006542295217514,0.524915874004364,0.7186556458473206,5.602422970696352e-05,0.5265843272209167,0.7645717859268188,-0.0261820405721664,0.4973727166652679,0.74673992395401,-0.020119234919548,0.5125921964645386,0.7489555478096008,-0.0072349212132394,0.5269001722335815,0.7558422088623047,0.0010594654595479,point,RRQ_p8,RRQ
0.5849258899688721,0.7719854116439819,-2.729635752984905e-07,0.5372180342674255,0.7737439870834351,-0.0138427661731839,0.497684895992279,0.7605139017105103,-0.0289042182266712,0.4726274609565735,0.7502914071083069,-0.0454328283667564,0.4591938853263855,0.7351535558700562,-0.0620692297816276,0.4773039221763611,0.6537268161773682,-0.0220895856618881,0.4323259592056274,0.6243675947189331,-0.0452128760516643,0.4011617004871368,0.6007870435714722,-0.0609939843416214,0.3768925666809082,0.5800179839134216,-0.072698064148426,0.5040658116340637,0.6321074366569519,-0.0287179742008447,0.4679361581802368,0.6877279877662659,-0.0605084635317325,0.4839866459369659,0.742616593837738,-0.0662282407283783,0.5024287104606628,0.7606828212738037,-0.064296156167984,0.5329132676124573,0.634293794631958,-0.0374795086681842,0.4976863265037536,0.6983057260513306,-0.0644714459776878,0.5121035575866699,0.7416996359825134,-0.0541360490024089,0.5275862216949463,0.7507240176200867,-0.0416888259351253,0.560051441192627,0.6504613161087036,-0.048381857573986,0.5295155644416809,0.6966960430145264,-0.0649596005678176,0.5350505113601685,0.729889452457428,-0.0561779588460922,0.5461112260818481,0.7357208132743835,-0.04543387144804,point,RRQ_p8,RRQ
0.5773101449012756,0.7622360587120056,-1.516471428431032e-07,0.5476126074790955,0.7348245978355408,-0.0212198458611965,0.5294017195701599,0.6924726366996765,-0.0376971624791622,0.5445588231086731,0.675244927406311,-0.0537850596010685,0.5710724592208862,0.6701099276542664,-0.0693437755107879,0.5666796565055847,0.5969545841217041,-0.0324053727090358,0.5824086666107178,0.5344250798225403,-0.0548892579972744,0.5958478450775146,0.4937149286270141,-0.0692554861307144,0.609369158744812,0.4568495154380798,-0.0800585597753524,0.6030007004737854,0.6002890467643738,-0.0335496142506599,0.6001548171043396,0.6348060369491577,-0.0644748359918594,0.5786144137382507,0.6795843243598938,-0.0716939941048622,0.5675156712532043,0.6948577761650085,-0.0714444294571876,0.6301476359367371,0.6229207515716553,-0.0366123020648956,0.6196277141571045,0.6714040637016296,-0.0623900666832923,0.5957455039024353,0.706495463848114,-0.0563978925347328,0.5853146314620972,0.7113058567047119,-0.0476271249353885,0.6517321467399597,0.6530258655548096,-0.0423884317278862,0.6415976881980896,0.6881764531135559,-0.0593573600053787,0.6185423135757446,0.7171334028244019,-0.0543608702719211,0.6055764555931091,0.7217852473258972,-0.0463699363172054,point,RRQ_p8,RRQ
0.3319824934005737,0.7011778354644775,7.639884813670508e-08,0.3714002072811126,0.6516335606575012,0.0009261875529773,0.3973314762115478,0.5875720977783203,-0.0049964701756834,0.4236959815025329,0.5471588373184204,-0.0162192229181528,0.4527278542518616,0.5185945630073547,-0.0269150584936141,0.333848237991333,0.5124838352203369,0.0135158533230423,0.389693021774292,0.4926097989082336,-0.0075139915570616,0.4281729757785797,0.4920902252197265,-0.0248565133661031,0.4585834443569183,0.4901984930038452,-0.0362630151212215,0.3164122700691223,0.5120542049407959,0.0011222013272345,0.3841206729412079,0.5017502903938293,-0.0232075601816177,0.3843053877353668,0.55650794506073,-0.0313194282352924,0.3680382668972015,0.576982319355011,-0.0318122170865535,0.30664724111557,0.5243350267410278,-0.0138245578855276,0.3745051622390747,0.520509660243988,-0.0376500561833381,0.3729893565177917,0.5745576620101929,-0.0318076536059379,0.3563074469566345,0.591700553894043,-0.0215206556022167,0.3010405004024505,0.545666515827179,-0.0295916628092527,0.3565260469913482,0.5375836491584778,-0.0426428690552711,0.3590349853038788,0.5742039680480957,-0.0338259525597095,0.3440833389759063,0.5902713537216187,-0.0231981370598077,pinch,RRQ_p8,RRQ
0.3316598236560821,0.7593337893486023,-3.7501936844819284e-07,0.3122895956039428,0.6844626665115356,-0.0370062701404094,0.3396932184696197,0.5928277969360352,-0.0531354025006294,0.3823563754558563,0.5278571844100952,-0.0565761364996433,0.4113271236419678,0.4818686842918396,-0.0577280186116695,0.3672173917293548,0.6804855465888977,-0.087954893708229,0.3917777836322784,0.5802674293518066,-0.1029751747846603,0.3991445899009704,0.5241281390190125,-0.0999373570084571,0.4097269773483276,0.4811893701553345,-0.0984155386686325,0.4029775559902191,0.7049795985221863,-0.071944735944271,0.4214636981487274,0.5802622437477112,-0.0881440490484237,0.3962007761001587,0.5730108618736267,-0.0755335763096809,0.3828322887420654,0.59483802318573,-0.0671108365058898,0.4287988543510437,0.716996967792511,-0.0545218959450721,0.4427706003189087,0.6022024154663086,-0.0705955773591995,0.4158858060836792,0.5986935496330261,-0.0555666536092758,0.4020862281322479,0.6228930354118347,-0.0446924790740013,0.4458528757095337,0.7199902534484863,-0.0389191173017025,0.4555456042289734,0.6295403242111206,-0.0548600554466247,0.4341397881507873,0.6240209341049194,-0.0518078468739986,0.4223740696907043,0.6456466317176819,-0.0488194525241851,pinch,RRQ_p8,RRQ
0.3265529572963714,0.8087274432182312,4.397590771532123e-07,0.3656368255615234,0.763003945350647,-0.0140797728672623,0.3920565843582153,0.6928761005401611,-0.0239249765872955,0.4196321964263916,0.6372137665748596,-0.0350056365132331,0.4490257203578949,0.6030396819114685,-0.0456422008574008,0.3459416329860687,0.6339868903160095,-0.0064991167746484,0.3812954425811767,0.5995146036148071,-0.0293272323906421,0.4118276238441467,0.583026111125946,-0.0485848672688007,0.4381071627140045,0.5748925805091858,-0.0594706237316131,0.317463755607605,0.6197483539581299,-0.0132602015510201,0.3219815790653229,0.540472149848938,-0.0254464205354452,0.3295681774616241,0.4865737557411194,-0.0323216281831264,0.333945095539093,0.4368249773979187,-0.0361191369593143,0.289291501045227,0.6266217827796936,-0.024328526109457,0.2749595642089844,0.5549068450927734,-0.0399109907448291,0.2708557546138763,0.5057635307312012,-0.0452706068754196,0.267962098121643,0.4635001420974731,-0.046517264097929,0.2628679573535919,0.6531880497932434,-0.0372927971184253,0.2286111116409301,0.610065221786499,-0.0505645088851451,0.2094502598047256,0.5773739218711853,-0.0506659820675849,0.1950743347406387,0.5464084148406982,-0.0486118532717227,pinch,RRQ_p8,RRQ
0.2741393744945526,0.7611456513404846,1.3991697755955101e-07,0.3172790110111236,0.7011820077896118,-0.0073913657106459,0.3429692387580871,0.6397024989128113,-0.0218072794377803,0.3720631003379822,0.6010115146636963,-0.0404845885932445,0.4069481492042541,0.5794095993041992,-0.0580604448914527,0.270171195268631,0.5548420548439026,-0.0026450941804796,0.3395313322544098,0.544087290763855,-0.0310518331825733,0.3801572322845459,0.551097571849823,-0.0524419285356998,0.4140284657478332,0.5486276149749756,-0.0659465491771698,0.251052051782608,0.5712482929229736,-0.0137977357953786,0.3327722251415252,0.5734997987747192,-0.0435048192739486,0.3286769092082977,0.6249958276748657,-0.0525784566998481,0.3099055588245392,0.6373125314712524,-0.0541273765265941,0.2419348359107971,0.6023074388504028,-0.0280226152390241,0.3205896019935608,0.6048471331596375,-0.0542102642357349,0.3179952502250671,0.6511486172676086,-0.0493974834680557,0.3017478883266449,0.6609249711036682,-0.040419802069664,0.2396703660488128,0.6397557258605957,-0.0440039038658142,0.3020934760570526,0.6330412030220032,-0.0580583959817886,0.3031222522258758,0.6619865298271179,-0.0507346242666244,0.288257360458374,0.672243595123291,-0.0412498824298381,pinch,RRQ_p8,RRQ
0.3004202246665954,0.8348342180252075,8.255256034317426e-08,0.3259249329566955,0.7693236470222473,-0.0121568879112601,0.3253173232078552,0.6760685443878174,-0.014867739751935,0.3247558176517486,0.6100319027900696,-0.0206630043685436,0.3349441289901733,0.5585527420043945,-0.0266286078840494,0.2851794362068176,0.6528013348579407,0.0104534300044178,0.2918709516525268,0.6020243763923645,-0.0075854058377444,0.3068332970142364,0.5671018362045288,-0.0196600221097469,0.3225318789482116,0.5345852375030518,-0.026270130649209,0.2581939399242401,0.6652580499649048,0.0056774700060486,0.2674850225448608,0.606212854385376,-0.0260377302765846,0.286492109298706,0.6638094186782837,-0.0344735383987426,0.2938154339790344,0.7106456160545349,-0.0295025743544101,0.231623575091362,0.6867519617080688,-0.0031660608947277,0.2463136166334152,0.6381204724311829,-0.0385984852910041,0.2707518637180328,0.6958047747612,-0.0343752391636371,0.2784695327281952,0.7399377226829529,-0.0184561163187026,0.2043772637844085,0.7166747450828552,-0.0129217598587274,0.2114472985267639,0.6591650247573853,-0.0341583639383316,0.2338664233684539,0.6812403202056885,-0.026987811550498,0.2432631701231002,0.7102145552635193,-0.0143610956147313,pinch,RRQ_p8,RRQ
0.5223639607429504,0.7136694192886353,-4.978327865501342e-07,0.5123807787895203,0.6412753462791443,-0.0600571371614933,0.5478677749633789,0.5670247077941895,-0.0796747952699661,0.5859751105308533,0.5140008926391602,-0.0790425091981887,0.6047113537788391,0.4628636837005615,-0.0732192546129226,0.6131417751312256,0.6704838275909424,-0.0988279953598976,0.6359907984733582,0.5613093376159668,-0.118801511824131,0.6336938738822937,0.4909860789775848,-0.1275686919689178,0.6309159398078918,0.4377757310867309,-0.1326379030942917,0.6390509009361267,0.6884027719497681,-0.0666281729936599,0.6379261612892151,0.5743381977081299,-0.0782615318894386,0.6041945815086365,0.5685097575187683,-0.0694136321544647,0.5863984227180481,0.5911513566970825,-0.0655070915818214,0.6524235606193542,0.686180055141449,-0.0360651165246963,0.652182936668396,0.5829867124557495,-0.0505553483963012,0.6201517581939697,0.5852842330932617,-0.0446596071124076,0.6096721887588501,0.6069002747535706,-0.041879829019308,0.6581628918647766,0.6815621852874756,-0.0090399980545043,0.6570918560028076,0.6065205931663513,-0.0255054328590631,0.6312723755836487,0.6071875095367432,-0.0257896184921264,0.6188135147094727,0.6234391331672668,-0.0251472741365432,pinch,RRQ_p8,RRQ
0.5231709480285645,0.7703108787536621,9.418976674169244e-07,0.5230128169059753,0.6856312155723572,-0.0169171635061502,0.5260472297668457,0.6095275282859802,-0.0403952673077583,0.5453771948814392,0.5668259859085083,-0.064628429710865,0.5618314743041992,0.5416178107261658,-0.0888807475566864,0.4555596709251404,0.5914831757545471,-0.0540872663259506,0.5199589729309082,0.5276716947555542,-0.0936598554253578,0.5700954794883728,0.5022264719009399,-0.1239603757858276,0.6104859709739685,0.4820474982261657,-0.1442138701677322,0.4630258679389953,0.6416108012199402,-0.0647450387477874,0.536114513874054,0.5631313323974609,-0.1048551574349403,0.5914687514305115,0.5304335355758667,-0.1234738752245903,0.6318944692611694,0.5077514052391052,-0.136424571275711,0.4872388839721679,0.690001368522644,-0.0754620432853698,0.5602701306343079,0.6140424609184265,-0.1055162549018859,0.5689756274223328,0.6385427117347717,-0.0971161723136901,0.5578228235244751,0.6668965220451355,-0.0892856642603874,0.5153282880783081,0.7287206649780273,-0.0888751670718193,0.5741135478019714,0.6582915186882019,-0.1069907397031784,0.5782439708709717,0.6735723614692688,-0.0966533049941062,0.5660566687583923,0.6973316073417664,-0.0874057114124298,pinch,RRQ_p8,RRQ
0.5463962554931641,0.7637372612953186,4.823749577553826e-07,0.5701507329940796,0.687739372253418,0.0016586519777774,0.5755825638771057,0.6061253547668457,-0.0006500931340269,0.5887017250061035,0.5496946573257446,-0.0102204494178295,0.6078511476516724,0.5091298222541809,-0.0192144010215997,0.5109940767288208,0.5688428282737732,0.0231397952884435,0.5375089049339294,0.5205610990524292,0.0031030776444822,0.5774846076965332,0.50350022315979,-0.0157757848501205,0.6133826971054077,0.4897432327270508,-0.0277487393468618,0.4882498383522033,0.5783544182777405,0.0089211855083704,0.5239289402961731,0.5193679928779602,-0.0168782994151115,0.5707575082778931,0.5070486664772034,-0.0325370021164417,0.6063319444656372,0.501925528049469,-0.0382858887314796,0.4700777232646942,0.5991709232330322,-0.0086493454873561,0.5141038298606873,0.5556137561798096,-0.0378771275281906,0.5323703289031982,0.6112118363380432,-0.0375062115490436,0.5315053462982178,0.6519611477851868,-0.0285748355090618,0.4582416117191314,0.6267056465148926,-0.0269137434661388,0.4979577362537384,0.5740432143211365,-0.0442184470593929,0.512753427028656,0.608256459236145,-0.0361347869038581,0.5084801316261292,0.6404628753662109,-0.0251403376460075,pinch,RRQ_p8,RRQ
0.4883623123168945,0.7809586524963379,-4.619693356744392e-07,0.4908142685890198,0.6934619545936584,-0.0328023545444011,0.5390079021453857,0.6200906038284302,-0.0508531592786312,0.590879499912262,0.5701999068260193,-0.057027444243431,0.618789792060852,0.5222811698913574,-0.0611385963857173,0.5647468566894531,0.7130513787269592,-0.0927382260560989,0.6159703731536865,0.6086322069168091,-0.1062324345111846,0.6227522492408752,0.5572106838226318,-0.0985248833894729,0.6238570809364319,0.5233432054519653,-0.0911634638905525,0.592332661151886,0.753567636013031,-0.0773422941565513,0.6409485340118408,0.6276231408119202,-0.0930579677224159,0.619961142539978,0.5881818532943726,-0.0806224644184112,0.6000590324401855,0.5813878178596497,-0.0717471167445182,0.6123580932617188,0.7790601849555969,-0.0589045621454715,0.6536524891853333,0.663949191570282,-0.0729242414236068,0.6265820860862732,0.6392200589179993,-0.0582821257412433,0.6049940586090088,0.6471969485282898,-0.0474310256540775,0.6253945231437683,0.7906082272529602,-0.0414171814918518,0.6604152321815491,0.7078437805175781,-0.0546615570783615,0.6409701704978943,0.6891102194786072,-0.0493207313120365,0.6232086420059204,0.6998177766799927,-0.0440458357334136,pinch,RRQ_p8,RRQ
0.5961670279502869,0.698215663433075,-5.648694241244812e-07,0.5843643546104431,0.6251945495605469,-0.0001914206077344,0.5996639132499695,0.5459521412849426,-0.0029327657539397,0.6052212715148926,0.4923559725284576,-0.0106529043987393,0.5952842235565186,0.4417330622673034,-0.0181798581033945,0.6738160848617554,0.5358324646949768,0.0181857217103242,0.6565458178520203,0.4823952615261078,-0.0044895824976265,0.6301642656326294,0.4531570076942444,-0.023555526509881,0.6037181615829468,0.4280828833580017,-0.0348489172756671,0.6923920512199402,0.5558915138244629,0.00638422742486,0.6588084697723389,0.49864062666893,-0.0196139216423034,0.6261308193206787,0.5444507598876953,-0.0288475695997476,0.6163777709007263,0.5811830759048462,-0.0294297691434621,0.7035061717033386,0.5835117101669312,-0.0092671941965818,0.6675747632980347,0.5234302878379822,-0.0337615460157394,0.6349371075630188,0.569301187992096,-0.0261068660765886,0.6269422173500061,0.6050782203674316,-0.0147997504100203,0.7067042589187622,0.6174954175949097,-0.026042042300105,0.6809467077255249,0.5605292916297913,-0.0401717498898506,0.6545822024345398,0.5835598707199097,-0.0315424315631389,0.648227334022522,0.6093118190765381,-0.021557031199336,pinch,RRQ_p8,RRQ
0.6181195974349976,0.6799927949905396,-4.4930709464097163e-07,0.577210545539856,0.6512671113014221,-0.0020042832475155,0.5402927398681641,0.5921957492828369,-0.0032426959369331,0.5210701823234558,0.5506121516227722,-0.0084131667390465,0.4958389103412628,0.524247407913208,-0.0139462267979979,0.5628643035888672,0.5279214978218079,0.0143389897421002,0.5424381494522095,0.4971907138824463,-0.0068595721386373,0.5199097394943237,0.4962798953056335,-0.0224256087094545,0.4979597926139831,0.5045276284217834,-0.0304600168019533,0.5883654356002808,0.5230810642242432,0.0049115852452814,0.5611406564712524,0.4972042441368103,-0.0222864430397748,0.5646959543228149,0.5605486631393433,-0.0300993714481592,0.5736820101737976,0.604179322719574,-0.0273904670029878,0.6178329586982727,0.5278176665306091,-0.0080863339826464,0.590064525604248,0.5035569667816162,-0.0360426977276802,0.5914794206619263,0.5663267970085144,-0.0301442388445138,0.599686324596405,0.6050583124160767,-0.0171678401529788,0.650483250617981,0.5400498509407043,-0.0213263109326362,0.6232052445411682,0.5127547383308411,-0.037483237683773,0.6158701777458191,0.5527140498161316,-0.029635664075613,0.619236409664154,0.58027583360672,-0.0189817324280738,pinch,RRQ_p8,RRQ
0.5988271236419678,0.6846059560775757,-2.486629000486573e-07,0.563488245010376,0.6349435448646545,-0.006038935855031,0.5431929230690002,0.5627513527870178,-0.0061988751403987,0.5422925353050232,0.5065964460372925,-0.0107592232525348,0.5375939607620239,0.4576754570007324,-0.0160530619323253,0.5772499442100525,0.5307722091674805,0.020618237555027,0.5700773596763611,0.4918136596679687,0.0079101966693997,0.5592167377471924,0.4615323543548584,-0.0021620634943246,0.549262285232544,0.4352185130119324,-0.0089377649128437,0.6015705466270447,0.5338606834411621,0.012994690798223,0.5917809009552002,0.4867239594459533,-0.0124658746644854,0.5804973244667053,0.5364907383918762,-0.0210509747266769,0.5776994824409485,0.5799336433410645,-0.0178466904908418,0.627051055431366,0.5456250309944153,0.0017421194352209,0.617788553237915,0.500446617603302,-0.0270245503634214,0.6045770049095154,0.5530264973640442,-0.023948011919856,0.6016314029693604,0.5989418625831604,-0.0110148703679442,0.6546519994735718,0.5641356110572815,-0.010101662017405,0.6447570323944092,0.5137558579444885,-0.0275221224874258,0.6304577589035034,0.5405986309051514,-0.0213833916932344,0.6251745223999023,0.5760979652404785,-0.0109357144683599,pinch,RRQ_p8,RRQ
0.5936540365219116,0.781402051448822,-5.300919383444125e-07,0.5761188268661499,0.7160680890083313,0.0009330515167675,0.5811416506767273,0.6328953504562378,0.0024774626363068,0.5905989408493042,0.5826523900032043,-0.0006624587113037,0.5864965915679932,0.5394285917282104,-0.0044914237223565,0.6322355270385742,0.6003555655479431,0.0214574858546257,0.6238107085227966,0.5580986738204956,0.0023870684672147,0.605644166469574,0.5326950550079346,-0.0128715801984071,0.5847117900848389,0.5128474831581116,-0.0212427992373704,0.6561251878738403,0.6154335737228394,0.0107388636097311,0.6336402297019958,0.5724408030509949,-0.0157451145350933,0.6064015030860901,0.6255141496658325,-0.0246380567550659,0.5908946990966797,0.6716273427009583,-0.022540183737874,0.6771734952926636,0.6425413489341736,-0.003439184743911,0.6464439034461975,0.6038224101066589,-0.0309891961514949,0.6191766858100891,0.6597049832344055,-0.0263224765658378,0.6066285967826843,0.7047571539878845,-0.0141682988032698,0.6946734189987183,0.67958664894104,-0.0179393868893384,0.6654646396636963,0.6372595429420471,-0.0354250967502594,0.642185628414154,0.6703084111213684,-0.0290896035730838,0.6339396238327026,0.7030867338180542,-0.0191023536026477,pinch,RRQ_p8,RRQ
0.571380615234375,0.715781569480896,-6.87388819642365e-07,0.6048461198806763,0.6355800628662109,-0.0002168957580579,0.6545832753181458,0.5828294157981873,-0.0060263387858867,0.6844295859336853,0.5428705811500549,-0.0157930627465248,0.7019872069358826,0.4914831221103668,-0.0249430444091558,0.7282188534736633,0.6591587066650391,0.0061453017406165,0.736945629119873,0.5866755247116089,-0.0185576193034648,0.7268837690353394,0.5414006114006042,-0.0364738330245018,0.7142382264137268,0.5051882863044739,-0.046604536473751,0.7259597182273865,0.6911869645118713,-0.0061898869462311,0.707470178604126,0.5907250046730042,-0.0332794077694416,0.6561387777328491,0.5930495262145996,-0.0403550378978252,0.6289578080177307,0.6121246814727783,-0.0404529832303524,0.7103581428527832,0.7159113883972168,-0.0215957034379243,0.6857733726501465,0.6136229038238525,-0.0467858575284481,0.6392374038696289,0.6238244771957397,-0.0388750880956649,0.615660548210144,0.6453418135643005,-0.0285199061036109,0.6845558881759644,0.7327675223350525,-0.0379987843334674,0.6712245941162109,0.6493383049964905,-0.0558151490986347,0.6399183869361877,0.6503658294677734,-0.0501614026725292,0.6231659650802612,0.6683037281036377,-0.0418759658932685,pinch,RRQ_p8,RRQ
0.555409848690033,0.7169350385665894,-6.744699021510314e-07,0.584058403968811,0.6320573091506958,-0.0021251798607409,0.6303300261497498,0.5757947564125061,-0.0086289187893271,0.6574503779411316,0.5337351560592651,-0.0181444436311721,0.670805811882019,0.4821636080741882,-0.0272056870162487,0.7098422050476074,0.6492600440979004,0.0007181666442193,0.7099655866622925,0.5710756182670593,-0.0234650410711765,0.6957532167434692,0.5246490836143494,-0.0410734377801418,0.6804322004318237,0.4888473153114319,-0.0512181967496871,0.7067245841026306,0.6828734874725342,-0.0105036851018667,0.682883083820343,0.5810337662696838,-0.0366461686789989,0.632893443107605,0.5849359035491943,-0.0436535887420177,0.6072156429290771,0.6041223406791687,-0.0442208237946033,0.6896405220031738,0.708715558052063,-0.0243640914559364,0.6598129272460938,0.6061752438545227,-0.0486778542399406,0.6150163412094116,0.6175919771194458,-0.0412109680473804,0.59344482421875,0.6392847299575806,-0.0315477438271045,0.6623941659927368,0.7259519100189209,-0.0391955971717834,0.645073652267456,0.6422770023345947,-0.056421972811222,0.6158563494682312,0.6441465616226196,-0.0508023612201213,0.6015664339065552,0.662211537361145,-0.0427233166992664,pinch,RRQ_p8,RRQ
0.3557261526584625,0.7463281154632568,4.973754244019801e-07,0.414604902267456,0.7100762724876404,-0.0283903088420629,0.4677321016788482,0.6577029228210449,-0.0455963909626007,0.5185549855232239,0.6287658214569092,-0.0622814074158668,0.5637140870094299,0.6230745911598206,-0.0797016322612762,0.4161211252212524,0.5348605513572693,-0.0258196890354156,0.4308649599552154,0.4519608914852142,-0.045783694833517,0.4378404319286346,0.4010766744613647,-0.0627179965376854,0.4434353113174438,0.355995237827301,-0.0754527896642685,0.378491997718811,0.526918888092041,-0.0286149736493825,0.3824183940887451,0.4348247051239013,-0.0453924760222435,0.383741557598114,0.3764092028141022,-0.0601098015904426,0.3842551708221435,0.3280357122421264,-0.0712859332561492,0.3433747291564941,0.539648175239563,-0.035127680748701,0.3386508822441101,0.4532650709152221,-0.0513701364398002,0.3365602493286133,0.3963971138000488,-0.064460165798664,0.3364159166812897,0.3474449515342712,-0.0736676529049873,0.3098532557487488,0.5706707239151001,-0.0448893420398235,0.2873686552047729,0.5095482468605042,-0.060117982327938,0.2739244103431701,0.4652111232280731,-0.0677095875144004,0.2641331553459167,0.4228031039237976,-0.0725840702652931,open_palm,RRQ_p8,RRQ
0.3674613833427429,0.7687771320343018,5.500494921761856e-07,0.4311615526676178,0.7700949907302856,-0.0333123579621315,0.4960522651672363,0.7605887055397034,-0.0540214218199253,0.5514459609985352,0.7757971286773682,-0.0737234130501747,0.5941102504730225,0.8032160997390747,-0.0945679917931556,0.4878020882606506,0.6196501851081848,-0.0370686165988445,0.5300090312957764,0.5548039674758911,-0.0608412735164165,0.5548988580703735,0.5131722092628479,-0.0794978812336921,0.5772716999053955,0.4749427437782287,-0.0932740718126297,0.4535350501537323,0.5883945822715759,-0.0382211990654468,0.4829132258892059,0.505724310874939,-0.0578873306512832,0.5029667615890503,0.4542102217674255,-0.0731983706355094,0.5195634961128235,0.4098933339118957,-0.0851041749119758,0.4152919054031372,0.5807597041130066,-0.0432023704051971,0.4274778068065643,0.5010348558425903,-0.0618650615215301,0.4360721707344055,0.4505252242088318,-0.075608916580677,0.4462431073188782,0.4053768813610077,-0.0854699686169624,0.3751308917999267,0.592068612575531,-0.0519074350595474,0.3655382096767425,0.5265911221504211,-0.0689768344163894,0.3597317934036255,0.4842594265937805,-0.0773782804608345,0.3577351570129394,0.4440316557884216,-0.0830220282077789,open_palm,RRQ_p8,RRQ
0.3983080387115478,0.8151580095291138,4.746983393033588e-07,0.4592248499393463,0.7818714380264282,-0.0275484062731266,0.5161519646644592,0.7335461378097534,-0.0458783656358718,0.5707752108573914,0.7143363356590271,-0.0646091103553772,0.6174482703208923,0.7134110927581787,-0.084642507135868,0.4621055722236633,0.6139512658119202,-0.0294357053935527,0.4785179197788238,0.535800576210022,-0.0506838336586952,0.4876664876937866,0.4901342689990997,-0.0668744668364524,0.4959573149681091,0.4503054022789001,-0.0790490731596946,0.4214956164360046,0.6049898862838745,-0.0340517349541187,0.4208053052425384,0.5126914978027344,-0.0528946593403816,0.4229996502399444,0.4511086344718933,-0.0674535855650901,0.4234573245048523,0.3982269763946533,-0.0786411315202713,0.3849437832832336,0.6192425489425659,-0.0425116866827011,0.3683926463127136,0.5337819457054138,-0.0624462962150573,0.3599339127540588,0.4782528281211853,-0.0787573084235191,0.3550406992435455,0.4267831146717071,-0.0902660340070724,0.3539747595787048,0.6533822417259216,-0.0538850016891956,0.3175927996635437,0.6016519665718079,-0.0739398822188377,0.2928388118743896,0.5645655393600464,-0.0854853838682174,0.2735228538513183,0.5267258286476135,-0.0934179797768592,open_palm,RRQ_p8,RRQ
0.653328537940979,0.7136404514312744,4.488687466164265e-07,0.720123291015625,0.6869032382965088,-0.029441887512803,0.7836046814918518,0.6444478631019592,-0.0490068197250366,0.841556191444397,0.6309846639633179,-0.0684521421790123,0.8883917331695557,0.635753333568573,-0.0892411917448043,0.7379503846168518,0.5010246634483337,-0.0324957258999347,0.7527710795402527,0.4134469032287597,-0.0548408776521682,0.7584204077720642,0.3604717850685119,-0.0725051537156105,0.7633435130119324,0.312802106142044,-0.0860942229628562,0.6986966133117676,0.4881238937377929,-0.0361605510115623,0.7008107900619507,0.3905149698257446,-0.0558960624039173,0.7031793594360352,0.3301505446434021,-0.0722678899765014,0.7036430835723877,0.2790463268756866,-0.0849893242120742,0.6613006591796875,0.4985002279281616,-0.0433097593486309,0.6496765613555908,0.4097243845462799,-0.0617082267999649,0.64492267370224,0.3523851633071899,-0.0764845833182334,0.6424486637115479,0.2996590733528137,-0.0871026441454887,0.6266331672668457,0.5286364555358887,-0.053803976625204,0.5991361141204834,0.4629039764404297,-0.0712621510028839,0.5822127461433411,0.4172272682189941,-0.0811767056584358,0.5700505375862122,0.3716267347335815,-0.0878708660602569,open_palm,RRQ_p8,RRQ
0.3791627287864685,0.6734415888786316,5.366414370655548e-07,0.4391953647136688,0.6453561782836914,-0.0294091124087572,0.4964747130870819,0.6008250713348389,-0.0467909164726734,0.5490221381187439,0.5801529288291931,-0.0633434876799583,0.5956833958625793,0.5812382698059082,-0.0806082189083099,0.4477948546409607,0.4720002710819244,-0.0257176458835601,0.4659346640110016,0.3914998471736908,-0.0446933694183826,0.4752466082572937,0.3444101214408874,-0.0608615539968013,0.4837155342102051,0.3023875951766968,-0.0727863237261772,0.409662514925003,0.4622104167938232,-0.0266868434846401,0.4161670804023742,0.372248888015747,-0.0422852672636508,0.4210861325263977,0.3174170851707458,-0.0564555525779724,0.4250581562519073,0.2724190950393677,-0.0673455595970153,0.3739220201969147,0.4716230034828186,-0.0313236638903617,0.3717391192913055,0.3887678682804107,-0.0460193455219268,0.3716204166412353,0.3361972570419311,-0.0579763315618038,0.3730596899986267,0.2910022139549255,-0.0662781968712806,0.3393550813198089,0.4973392486572265,-0.039326436817646,0.3256458640098572,0.4343435764312744,-0.0525038614869117,0.317383348941803,0.3910938799381256,-0.0588549301028251,0.3118435144424438,0.349989652633667,-0.0628043860197067,open_palm,RRQ_p8,RRQ
0.1790785938501358,0.6232689619064331,6.50905235488608e-07,0.2377959936857223,0.5934270620346069,-0.0304202754050493,0.2920451164245605,0.5505863428115845,-0.0466574653983116,0.3427335619926452,0.5230919718742371,-0.0614871345460414,0.3872700333595276,0.5201297402381897,-0.0765231773257255,0.2452414184808731,0.4223296046257019,-0.0217674653977155,0.2732046544551849,0.3445762097835541,-0.0394278429448604,0.2879526615142822,0.2958813905715942,-0.0560041964054107,0.3000652194023132,0.2531327903270721,-0.0680114328861236,0.2085169553756714,0.4098965227603912,-0.0208147168159484,0.2232114970684051,0.3209052085876465,-0.0340473689138889,0.2321604341268539,0.2639660835266113,-0.0478984713554382,0.2396892011165619,0.217942789196968,-0.0585424453020095,0.1724409013986587,0.4165684878826141,-0.0238273497670888,0.1746513694524765,0.3333569467067718,-0.0373884476721286,0.1793056428432464,0.283415675163269,-0.0488768480718135,0.1852428466081619,0.2424280792474746,-0.0564758367836475,0.1349808275699615,0.4395264387130737,-0.0302658546715974,0.1249469518661499,0.3758438527584076,-0.0427385494112968,0.1204601302742958,0.3333959579467773,-0.0480900667607784,0.1185874715447425,0.293228417634964,-0.0509713403880596,open_palm,RRQ_p8,RRQ
0.6184223294258118,0.6306329965591431,2.550980582327611e-07,0.6891818046569824,0.6063511967658997,-0.0315879546105861,0.7361730337142944,0.5261543393135071,-0.0437164716422557,0.7623717188835144,0.4455393254756927,-0.0536206290125846,0.793394148349762,0.3859826028347015,-0.0631670653820037,0.7180050015449524,0.4023805558681488,-0.0221199225634336,0.7281630039215088,0.3054520189762115,-0.0437368489801883,0.728047251701355,0.2452098876237869,-0.0617898479104042,0.7256847023963928,0.1920761466026306,-0.0750752612948417,0.680934727191925,0.389037936925888,-0.02191405557096,0.6920908689498901,0.2821432948112488,-0.0411826260387897,0.69614177942276,0.2145479172468185,-0.0576028600335121,0.6968867778778076,0.1577926874160766,-0.0696727111935615,0.6443614363670349,0.3969092071056366,-0.0263761505484581,0.653593897819519,0.2953734397888183,-0.0456381291151046,0.6610751152038574,0.2306562215089798,-0.0578005462884902,0.6668797731399536,0.1725780963897705,-0.0661057159304618,0.6060411930084229,0.4199548661708832,-0.0341445542871952,0.6125916838645935,0.3389605283737182,-0.0530252456665039,0.6205621957778931,0.2848053872585296,-0.0622427091002464,0.6286416053771973,0.2331826090812683,-0.0679948553442955,open_palm,RRQ_p8,RRQ
0.5433414578437805,0.6519925594329834,2.557767118105403e-07,0.5969832539558411,0.6358500123023987,-0.0199579838663339,0.6407214403152466,0.5856684446334839,-0.0306891500949859,0.6775609850883484,0.5454939007759094,-0.0408388637006282,0.7090221047401428,0.5183362364768982,-0.0520231164991855,0.6222016215324402,0.4867683053016662,-0.0241840258240699,0.6363269686698914,0.4135080873966217,-0.042372528463602,0.6415121555328369,0.3673376441001892,-0.0565967448055744,0.6451770663261414,0.3259575963020324,-0.0674564465880394,0.5919381380081177,0.4761797487735748,-0.0285159554332494,0.6017589569091797,0.3948169946670532,-0.0458496548235416,0.6075459718704224,0.3430846333503723,-0.0601329319179058,0.6108940243721008,0.2983282208442688,-0.0708332359790802,0.5613933205604553,0.4835985600948334,-0.0352302752435207,0.5661232471466064,0.4058415293693542,-0.0519356094300746,0.571172297000885,0.3544060587882995,-0.0633196979761123,0.5760692954063416,0.3073972463607788,-0.0715274363756179,0.530488133430481,0.5037076473236084,-0.043887298554182,0.5306457281112671,0.443143218755722,-0.0606001168489456,0.532465934753418,0.4016355276107788,-0.0688541457056999,0.5354615449905396,0.361411452293396,-0.0742309540510177,open_palm,RRQ_p8,RRQ
0.4014094471931457,0.8150995373725891,3.451637269336061e-07,0.3529557287693023,0.7859072685241699,-0.0187926441431045,0.3151268661022186,0.7325373291969299,-0.0305254012346267,0.2869592010974884,0.6875340342521667,-0.0420424304902553,0.2545698285102844,0.6645841598510742,-0.0534996576607227,0.3515377938747406,0.6398012042045593,-0.0096872439607977,0.350714236497879,0.5715675950050354,-0.025062384083867,0.3541513681411743,0.5313112139701843,-0.0400413870811462,0.3595850169658661,0.4937768578529358,-0.0511033274233341,0.3774262368679046,0.6325337886810303,-0.0135167632251977,0.3770265579223633,0.5549679398536682,-0.0238435249775648,0.3787657916545868,0.5076337456703186,-0.0339089706540107,0.3808718919754028,0.4658406972885132,-0.0422054231166839,0.4027293026447296,0.6391305923461914,-0.0211183726787567,0.4031957685947418,0.5659611225128174,-0.0304217673838138,0.4020608365535736,0.5219441652297974,-0.0348494090139865,0.4004193544387817,0.4834829568862915,-0.0390308536589145,0.4283872246742248,0.6575402617454529,-0.031614888459444,0.428628921508789,0.6004202365875244,-0.0387610532343387,0.4274172186851501,0.5632374882698059,-0.0396719463169574,0.4252882599830627,0.5299569368362427,-0.0408463254570961,open_palm,RRQ_p8,RRQ
0.579125165939331,0.6659866571426392,2.972860499994568e-07,0.5389034152030945,0.6338372826576233,-0.0187680535018444,0.502996027469635,0.5818568468093872,-0.0303977727890014,0.4734020829200744,0.5410964488983154,-0.041029717773199,0.4424269795417785,0.5243352055549622,-0.0519331954419612,0.546472430229187,0.493106335401535,-0.0151871386915445,0.5388306379318237,0.4238448441028595,-0.0284105818718671,0.5362921953201294,0.3829593658447265,-0.0405414849519729,0.5361054539680481,0.3462028801441192,-0.0502433441579341,0.5751364231109619,0.4875481128692627,-0.0184847861528396,0.5789778232574463,0.4115919768810272,-0.0285719316452741,0.5826687812805176,0.3659413456916809,-0.0385611169040203,0.5860238671302795,0.3269482553005218,-0.0469623133540153,0.6005885004997253,0.4976725280284881,-0.0247494671493768,0.6101716160774231,0.4280760586261749,-0.0352527722716331,0.6157329678535461,0.3855670690536499,-0.0429443567991256,0.6187702417373657,0.3484752774238586,-0.0494633689522743,0.6233909130096436,0.5195100903511047,-0.0331952013075351,0.6332370042800903,0.4687438905239105,-0.042217917740345,0.6385856866836548,0.4338847696781158,-0.0457342602312564,0.6419604420661926,0.4017288088798523,-0.04904305934906,open_palm,RRQ_p8,RRQ
0.8313554525375366,0.4671314656734466,3.606760117236263e-07,0.785778284072876,0.4340662062168121,-0.031506847590208,0.755664587020874,0.3751840591430664,-0.0481937639415264,0.7435895800590515,0.3169109523296356,-0.0616808906197547,0.7210065126419067,0.2725700139999389,-0.0750252828001976,0.8029680252075195,0.2779867351055145,-0.0305863916873931,0.8045117259025574,0.1979150772094726,-0.0527114570140838,0.8085746765136719,0.1499566882848739,-0.0713739767670631,0.8144863247871399,0.1063352674245834,-0.0846749618649482,0.8334561586380005,0.2724584937095642,-0.029379952698946,0.8378459215164185,0.1821306049823761,-0.0475424081087112,0.8408762216567993,0.126846045255661,-0.0636643543839454,0.8434918522834778,0.0769299566745758,-0.0760684981942176,0.8603489995002747,0.2830021977424621,-0.0320273078978061,0.8670250773429871,0.201304629445076,-0.04830764234066,0.8686178922653198,0.1501031219959259,-0.0601235255599021,0.8683958649635315,0.1036398112773895,-0.0692732036113739,0.8881096243858337,0.3065841794013977,-0.0379701480269432,0.8957307934761047,0.2441397905349731,-0.0517882741987705,0.8969463109970093,0.2044315040111541,-0.058746974915266,0.8963228464126587,0.1659600585699081,-0.0641074553132057,open_palm,RRQ_p8,RRQ
0.595789909362793,0.8066401481628418,6.143279733805684e-07,0.5180713534355164,0.7576853036880493,-0.0390384010970592,0.4491995871067047,0.658432126045227,-0.0653370693325996,0.3988552689552307,0.5767460465431213,-0.089201807975769,0.3423792719841003,0.5327645540237427,-0.1138588562607765,0.5137973427772522,0.4840312898159027,-0.043201494961977,0.5083405375480652,0.351918876171112,-0.0777247175574302,0.5136870741844177,0.2729578614234924,-0.1062961369752883,0.5232478976249695,0.2013554573059082,-0.1272742003202438,0.5624368786811829,0.4741477370262146,-0.0497719384729862,0.5586729645729065,0.3222233653068542,-0.0779162943363189,0.5621747374534607,0.2289347350597381,-0.0999408885836601,0.5661945343017578,0.1469838321208953,-0.116805799305439,0.6112143993377686,0.4939145147800445,-0.0617577992379665,0.6081821322441101,0.3505334556102752,-0.0875008776783943,0.6070707440376282,0.2601755857467651,-0.1020773202180862,0.6052612066268921,0.1795781850814819,-0.1137155443429946,0.6631730794906616,0.5356959104537964,-0.0781697407364845,0.6637736558914185,0.4273545444011688,-0.1002994328737258,0.6608141660690308,0.3545016050338745,-0.1087970733642578,0.656658411026001,0.2856740951538086,-0.1154832169413566,open_palm,RRQ_p8,RRQ
0.5929878950119019,0.7979098558425903,6.042275231266103e-07,0.5147477388381958,0.7511779069900513,-0.0411220826208591,0.4475744664669037,0.652667760848999,-0.0665220692753791,0.4070204794406891,0.5631828904151917,-0.0885500758886337,0.3583709597587585,0.5004273056983948,-0.1108086481690406,0.5021654963493347,0.4819830954074859,-0.0474667735397815,0.494700014591217,0.3469582200050354,-0.0838799625635147,0.4964649677276611,0.2665515542030334,-0.1121982708573341,0.502260148525238,0.192876398563385,-0.1324128210544586,0.5511530041694641,0.4702641665935516,-0.0522766187787056,0.5433891415596008,0.3160261511802673,-0.0829501003026962,0.543916642665863,0.2229475080966949,-0.1055648028850555,0.5446299314498901,0.1386506259441375,-0.1223246231675148,0.5997441411018372,0.4879206717014313,-0.0624595768749713,0.593311071395874,0.3440436422824859,-0.0905936285853385,0.5894225239753723,0.2552089691162109,-0.1054901853203773,0.584703266620636,0.1743041574954986,-0.1166329905390739,0.6526408791542053,0.526558518409729,-0.0770052373409271,0.6491931676864624,0.4168864488601684,-0.1012974828481674,0.6433879137039185,0.3448095321655273,-0.110560230910778,0.6365024447441101,0.2760399878025055,-0.1171450465917587,open_palm,RRQ_p8,RRQ
0.4964844882488251,0.7192586064338684,2.2475528282939202e-07,0.4591826498508453,0.6919651627540588,-0.0149831222370266,0.4377791285514831,0.6444812417030334,-0.0217680595815181,0.4352094531059265,0.5994004011154175,-0.0277324877679348,0.4304725229740143,0.5620753765106201,-0.032911442220211,0.4652977585792541,0.5734911561012268,-0.0067424476146698,0.4642006754875183,0.5180649161338806,-0.0185390505939722,0.465755432844162,0.4847793579101562,-0.0297597516328096,0.4684233963489532,0.4549135565757751,-0.0378687307238578,0.4866832792758941,0.5694807767868042,-0.0084691252559423,0.4861851930618286,0.5081080198287964,-0.017104061320424,0.4862992763519287,0.4705837666988373,-0.0259435400366783,0.4864245057106018,0.4375942647457123,-0.0326814129948616,0.5061423778533936,0.5768420100212097,-0.0130515145137906,0.5067726373672485,0.5197271704673767,-0.0209843795746564,0.5061584711074829,0.4840420484542846,-0.0260678920894861,0.5048832297325134,0.4526047706604004,-0.0302328281104564,0.5266118049621582,0.5937777161598206,-0.0197390709072351,0.5285494327545166,0.5501179695129395,-0.0266465060412883,0.5283541083335876,0.5216372013092041,-0.0288096945732831,0.5271971821784973,0.4956238865852356,-0.0303724557161331,open_palm,RRQ_p8,RRQ
0.5077463388442993,0.7061694860458374,2.0042313053636465e-07,0.4703150987625122,0.6819676756858826,-0.0160033926367759,0.4462090134620666,0.6376584768295288,-0.0233703292906284,0.4388585686683655,0.5934658050537109,-0.0297105964273214,0.4284033477306366,0.5571566224098206,-0.03544282913208,0.4728993773460388,0.5690923929214478,-0.0090893218293786,0.4677162766456604,0.5159754753112793,-0.0216334871947765,0.4663271307945251,0.4836211204528808,-0.0331017598509788,0.4665845036506653,0.4541038870811462,-0.0413979366421699,0.4936647415161133,0.5628777742385864,-0.0105785261839628,0.4896905422210693,0.5030143857002258,-0.0202007032930851,0.4873027801513672,0.4663244187831878,-0.0295515656471252,0.4851298332214355,0.4338656663894653,-0.0365905128419399,0.5128911137580872,0.568439245223999,-0.0148662123829126,0.5109991431236267,0.5125998854637146,-0.0238793771713972,0.5091716647148132,0.4780738055706024,-0.0295133255422115,0.5066115260124207,0.4471866488456726,-0.0338847748935222,0.533048152923584,0.5837824940681458,-0.0212125796824693,0.5331781506538391,0.5410733222961426,-0.028974974527955,0.5320806503295898,0.5133014917373657,-0.0316357016563415,0.5301480889320374,0.4876760840415954,-0.0335034653544425,open_palm,RRQ_p8,RRQ
0.3273324966430664,0.916279911994934,-4.3181569253647467e-07,0.3759069442749023,0.832801103591919,-0.0228584986180067,0.389548659324646,0.7201625108718872,-0.0334975086152553,0.3957021832466125,0.637454628944397,-0.0433288626372814,0.4073271453380584,0.5691754817962646,-0.0506144165992736,0.3010474145412445,0.6747879981994629,-0.0164163596928119,0.3499607443809509,0.6874738335609436,-0.0398076549172401,0.3618854284286499,0.7384058237075806,-0.055187851190567,0.344199389219284,0.7479105591773987,-0.0665767416357994,0.2654931545257568,0.7120684385299683,-0.0179277081042528,0.3321513831615448,0.7388008236885071,-0.0374000407755374,0.347720742225647,0.7843373417854309,-0.0453843772411346,0.3293749988079071,0.7855380773544312,-0.0522382445633411,0.2446210533380508,0.7641290426254272,-0.023445600643754,0.3057481348514557,0.7884739637374878,-0.0434421747922897,0.3218125998973846,0.8245734572410583,-0.041254136711359,0.3031566441059112,0.8248794674873352,-0.0402576178312301,0.2316553592681884,0.8182646632194519,-0.0316870734095573,0.278779000043869,0.8299476504325867,-0.0451766364276409,0.2955209612846374,0.8517583608627319,-0.0428139939904212,0.2829806506633758,0.8557255864143372,-0.0401496812701225,thumbs_up,RRQ_p8,RRQ
0.3353990018367767,0.8759198188781738,-4.649085099117656e-07,0.368787556886673,0.802537739276886,-0.0282396711409091,0.375247597694397,0.7072471380233765,-0.0451244562864303,0.380523145198822,0.6328011751174927,-0.0604986697435379,0.3928357362747192,0.568717896938324,-0.0738898068666458,0.2778301239013672,0.6866816878318787,-0.0339777953922748,0.3244386315345764,0.7197126150131226,-0.0614119917154312,0.3467549681663513,0.7644695043563843,-0.0777352452278137,0.3335850238800049,0.771778404712677,-0.0889020934700965,0.2419089376926422,0.7345200181007385,-0.0356292612850666,0.3030495941638946,0.7731943130493164,-0.055899228900671,0.3316625654697418,0.8085548281669617,-0.0604722090065479,0.3191444873809814,0.8061625957489014,-0.0658843368291854,0.2238159328699112,0.7923520803451538,-0.0406172685325145,0.2713188827037811,0.8199087977409363,-0.0622872486710548,0.3033336997032165,0.8464813232421875,-0.0545745566487312,0.2972410023212433,0.8418367505073547,-0.050257533788681,0.2137070149183273,0.8528647422790527,-0.0489990971982479,0.238663375377655,0.8728448152542114,-0.0629147216677665,0.2710551917552948,0.8846431970596313,-0.0543978288769722,0.2788729667663574,0.8799087405204773,-0.0475551411509513,thumbs_up,RRQ_p8,RRQ
0.5002791881561279,0.7738075256347656,-4.642541284738401e-07,0.5441240668296814,0.6689609885215759,-0.0017389026470482,0.5992342233657837,0.5812221765518188,-0.0166430287063121,0.6399661898612976,0.5039595365524292,-0.031162841245532,0.6454944610595703,0.436806321144104,-0.0428802482783794,0.6830083131790161,0.6507032513618469,-0.0269804894924163,0.7345711588859558,0.6628949642181396,-0.0270005986094474,0.700141429901123,0.6661321520805359,-0.0236762948334217,0.6695323586463928,0.6614218354225159,-0.0227470230311155,0.6858641505241394,0.729315459728241,-0.031093668192625,0.7341698408126831,0.726435124874115,-0.0218483079224824,0.7052814960479736,0.7218649983406067,-0.01290516089648,0.672968327999115,0.7214357852935791,-0.0129525242373347,0.677704930305481,0.7993955612182617,-0.0319720283150672,0.7226679921150208,0.788475513458252,-0.0189005993306636,0.698153555393219,0.7860876321792603,-0.0037478394806385,0.6660255193710327,0.7875990867614746,-0.0011241630418226,0.666088879108429,0.8602355718612671,-0.0326516814529895,0.7065690755844116,0.8424778580665588,-0.0215673185884952,0.6813745498657227,0.8375118970870972,-0.0039554750546813,0.6542041301727295,0.8411304950714111,0.0057882801629602,thumbs_up,RRQ_p8,RRQ
0.2118167281150818,0.5827784538269043,-3.188267498899222e-07,0.2350369840860366,0.499731183052063,0.0008156170952133,0.2849498987197876,0.4214881658554077,-0.0054114875383675,0.3147225677967071,0.3601775169372558,-0.013002541847527,0.3178827166557312,0.3070915341377258,-0.0187612995505332,0.3348634541034698,0.4497113823890686,-0.0154842492192983,0.3975758850574493,0.4681039750576019,-0.026460139080882,0.3807123303413391,0.4806738495826721,-0.0308597218245267,0.3561241030693054,0.4805500209331512,-0.0323825068771839,0.3365501463413238,0.5019363164901733,-0.0229844953864812,0.3951520025730133,0.5160797238349915,-0.0243264846503734,0.3747183680534363,0.5240231156349182,-0.0184918753802776,0.348870038986206,0.5244756937026978,-0.0168164428323507,0.3334193229675293,0.5571662187576294,-0.0302444081753492,0.3855631947517395,0.5639936327934265,-0.0294111892580986,0.365358293056488,0.5691808462142944,-0.0163911245763301,0.3405333161354065,0.5702568292617798,-0.01042659021914,0.3272818922996521,0.6092817187309265,-0.0374060459434986,0.3745970427989959,0.6054340600967407,-0.0322507992386817,0.3549708127975464,0.6068423986434937,-0.0176837127655744,0.3333783447742462,0.6084714531898499,-0.0089906370267272,thumbs_up,RRQ_p8,RRQ
0.6309176683425903,0.4365162551403045,-5.692555760106188e-07,0.6660946011543274,0.3236379623413086,0.0011045555584132,0.7262298464775085,0.2231057584285736,-0.0091062244027853,0.7727144360542297,0.1392751634120941,-0.019394626840949,0.7864559292793274,0.0659385025501251,-0.0267720557749271,0.8251635432243347,0.2584691643714905,-0.0152768772095441,0.870139479637146,0.2932663857936859,-0.0131343901157379,0.836729884147644,0.3127704858779907,-0.0113030513748526,0.8057116866111755,0.3075619041919708,-0.0124296732246875,0.8352157473564148,0.337245762348175,-0.0220394376665353,0.8742159605026245,0.3598805069923401,-0.0074088079854846,0.8419874906539917,0.3728769421577453,0.001230243826285,0.806710422039032,0.3706807792186737,-0.0002294641453772,0.8330628871917725,0.4167894721031189,-0.0262972470372915,0.8665266633033752,0.4266978502273559,-0.0108693456277251,0.8393846750259399,0.4354028105735779,0.0041382103227078,0.8035963177680969,0.4333928823471069,0.0058134510181844,0.8253042697906494,0.4895279109477997,-0.0305925328284502,0.855695903301239,0.4846596717834472,-0.0187337920069694,0.826653242111206,0.4882738590240478,-0.0012165491934865,0.7956249117851257,0.4872645735740661,0.0084067778661847,thumbs_up,RRQ_p8,RRQ
0.6958256363868713,0.8076908588409424,-4.841847953684919e-07,0.7326201796531677,0.693861186504364,-0.0044260481372475,0.784705638885498,0.6062715649604797,-0.0196682233363389,0.8251655697822571,0.5265300273895264,-0.0354041717946529,0.8356707692146301,0.4558525681495666,-0.049441609531641,0.8846592903137207,0.6783473491668701,-0.018147287890315,0.9247128367424012,0.6581481695175171,-0.0218673832714557,0.8930516242980957,0.6654914617538452,-0.0253831278532743,0.8644948601722717,0.6765500903129578,-0.0284381173551082,0.8984686732292175,0.7564908862113953,-0.0200829338282346,0.9352426528930664,0.7280296087265015,-0.0153778679668903,0.9053214192390442,0.7241694331169128,-0.0135982343927025,0.8750010132789612,0.7351142764091492,-0.0171513129025697,0.8964383006095886,0.8269595503807068,-0.0197008475661277,0.9331356883049012,0.7981079816818237,-0.0115916086360812,0.9092655181884766,0.7923471927642822,-0.0025940616615116,0.8786628842353821,0.8004233837127686,-0.0019365672487765,0.8891950249671936,0.8874655961990356,-0.0192061997950077,0.9233431220054626,0.8586628437042236,-0.0093546211719512,0.9016008973121644,0.8508921265602112,0.0058903424069285,0.8765711188316345,0.8578519225120544,0.0151042724028229,thumbs_up,RRQ_p8,RRQ
0.4643507897853851,0.8422856330871582,-3.812511408796128e-07,0.4896478056907654,0.7514549493789673,-0.0058495951816439,0.5309904217720032,0.6767861843109131,-0.0192938633263111,0.5593027472496033,0.6140297055244446,-0.0324354507029056,0.5625483989715576,0.5568002462387085,-0.0435715727508068,0.5848599672317505,0.7350461483001709,-0.026692010462284,0.6461531519889832,0.7069721817970276,-0.0378065072000026,0.6175839900970459,0.706290602684021,-0.0417396463453769,0.5871983766555786,0.7173957228660583,-0.042511973530054,0.5953475832939148,0.7956959009170532,-0.0298051591962575,0.6534700393676758,0.7625241279602051,-0.0352826789021492,0.6299431324005127,0.7583971619606018,-0.0338092744350433,0.603339672088623,0.7705917954444885,-0.0338205136358737,0.5986053347587585,0.8492194414138794,-0.0315450616180896,0.6517496109008789,0.8136154413223267,-0.0310994517058134,0.6320540308952332,0.8091315031051636,-0.0214027278125286,0.6080483794212341,0.8188487887382507,-0.0172377917915582,0.5993209481239319,0.8943577408790588,-0.0333619602024555,0.6460165977478027,0.8611257076263428,-0.029136823490262,0.6284753680229187,0.854923665523529,-0.0162343569099903,0.6080220937728882,0.8639580607414246,-0.0079294526949524,thumbs_up,RRQ_p8,RRQ
0.469077318906784,0.8557000160217285,-3.861166533170035e-07,0.5160634517669678,0.7738104462623596,-0.0145309576764702,0.5568134784698486,0.6871445178985596,-0.0303672235459089,0.5729488730430603,0.6129275560379028,-0.0447544120252132,0.5685998797416687,0.5507637858390808,-0.0555808693170547,0.5170742273330688,0.7135797739028931,-0.050864040851593,0.5980092883110046,0.7218839526176453,-0.082366719841957,0.581948459148407,0.7397457361221313,-0.0952207446098327,0.5546947121620178,0.7344825863838196,-0.1020242124795913,0.5053927898406982,0.7727954387664795,-0.0582233630120754,0.5992293357849121,0.7764917016029358,-0.0825702026486396,0.5763775706291199,0.789306104183197,-0.0791875794529914,0.5475770831108093,0.7886319160461426,-0.0799102038145065,0.5043699741363525,0.8289912939071655,-0.0668971389532089,0.5945754051208496,0.8290425539016724,-0.08522629737854,0.5715335011482239,0.8365570902824402,-0.0699570998549461,0.5459363460540771,0.8364977836608887,-0.0619453452527523,0.5087392926216125,0.8794897794723511,-0.0771409571170806,0.5809809565544128,0.8745346069335938,-0.0826399177312851,0.5627939105033875,0.8767743110656738,-0.0705935359001159,0.5375952124595642,0.8766610026359558,-0.0652786642313003,thumbs_up,RRQ_p8,RRQ
0.6299780011177063,0.7196670770645142,4.96731722421373e-08,0.5973868370056152,0.6328439712524414,-0.0004147907893639,0.5488350987434387,0.5688574314117432,-0.0079190200194716,0.5127081274986267,0.5070505142211914,-0.0169835351407527,0.5112155675888062,0.4495627880096435,-0.0256015658378601,0.4712178707122803,0.6267098188400269,0.0001981712557608,0.4317587018013,0.613767683506012,-0.0003194904711563,0.4563393592834472,0.6121551394462585,-0.0052197091281414,0.4787496030330658,0.6160029172897339,-0.0090821199119091,0.4669860601425171,0.6818333268165588,-0.0028881677426397,0.4336133599281311,0.66365647315979,0.0044623217545449,0.4549404978752136,0.6587499976158142,0.0044774091802537,0.476325511932373,0.6641074419021606,0.0017276131547987,0.4727768898010254,0.7337418794631958,-0.0051965164020657,0.4389520585536957,0.7122312784194946,0.0041777421720325,0.4572612047195434,0.7054573893547058,0.0092834588140249,0.4791631400585174,0.7103227972984314,0.009498824365437,0.4824979603290558,0.7780112028121948,-0.0077689094468951,0.4461436867713928,0.7569052577018738,0.0028684413991868,0.4613510370254516,0.7491682767868042,0.0149773340672254,0.4794576466083526,0.7508971095085144,0.0229844432324171,thumbs_up,RRQ_p8,RRQ
0.7682397365570068,0.5410680770874023,-4.747496689105901e-07,0.7444234490394592,0.4325849711894989,-0.0278557036072015,0.7376018762588501,0.3243388533592224,-0.0460162945091724,0.7460539937019348,0.2408562302589416,-0.0587894804775714,0.7599125504493713,0.1735945492982864,-0.0678605660796165,0.786407470703125,0.3559769988059997,-0.0591268390417099,0.6885977387428284,0.3757016956806183,-0.0879690945148468,0.695054292678833,0.4014082551002502,-0.0953507274389267,0.7246361970901489,0.3937231004238128,-0.0979357585310936,0.7995409369468689,0.4209879636764526,-0.0598489977419376,0.6884154081344604,0.43428435921669,-0.086123913526535,0.7048668265342712,0.4458365738391876,-0.0831620320677757,0.734459638595581,0.4396645426750183,-0.0825977623462677,0.8042094707489014,0.4834070205688476,-0.063155211508274,0.7008610963821411,0.487695574760437,-0.0904025509953498,0.7162234783172607,0.4937675595283508,-0.0816549956798553,0.7462233304977417,0.4914696216583252,-0.0744208917021751,0.8026867508888245,0.5409481525421143,-0.0687207356095314,0.7239068746566772,0.5359611511230469,-0.0875167325139045,0.7328789830207825,0.5352454781532288,-0.0865473598241806,0.7605497241020203,0.5348958969116211,-0.0844073146581649,thumbs_up,RRQ_p8,RRQ
0.6760594844818115,0.6171413660049438,-6.919613042555284e-07,0.6736811399459839,0.5201997756958008,-0.0239764526486396,0.7066836357116699,0.4143207967281341,-0.0354502089321613,0.7251458168029785,0.3365184068679809,-0.0476747751235961,0.7191063165664673,0.2737014591693878,-0.0554767102003097,0.8086381554603577,0.4260942339897156,-0.0035376467276364,0.8107130527496338,0.4181296825408935,-0.032859094440937,0.7640520930290222,0.4567860960960388,-0.0510447844862937,0.7388094067573547,0.4800636172294616,-0.0599036663770675,0.8332101106643677,0.4801757037639618,-0.0060279043391346,0.8275307416915894,0.4775384962558746,-0.0370381437242031,0.7663688063621521,0.5086551904678345,-0.0463029742240905,0.7455898523330688,0.5216312408447266,-0.0458865985274314,0.8417736887931824,0.5414997935295105,-0.0141137018799781,0.8422823548316956,0.5405126810073853,-0.0471641644835472,0.783117413520813,0.556207001209259,-0.0397387742996215,0.7604660987854004,0.560054361820221,-0.0263195484876632,0.84034264087677,0.60182785987854,-0.0243882723152637,0.8571727871894836,0.5979307889938354,-0.0419508218765258,0.8110261559486389,0.5958338379859924,-0.0301807355135679,0.787114143371582,0.5890464186668396,-0.0161457657814025,thumbs_up,RRQ_p8,RRQ
0.6581416130065918,0.643706202507019,-7.296296189451823e-07,0.6638662815093994,0.5506476163864136,-0.0344254374504089,0.7065914869308472,0.4495719969272613,-0.0520043261349201,0.7304660081863403,0.370287537574768,-0.0676447749137878,0.7296048402786255,0.2993025183677673,-0.0780400186777114,0.8151377439498901,0.4791130125522613,-0.0242751147598028,0.8156009912490845,0.4952579736709595,-0.0570322349667549,0.7639126181602478,0.5183893442153931,-0.0733357891440391,0.7386297583580017,0.5248699188232422,-0.0813923254609108,0.8345140814781189,0.5427541732788086,-0.0235145855695009,0.8247786164283752,0.560255229473114,-0.0597385317087173,0.7578321695327759,0.5687246918678284,-0.0686951279640197,0.737784743309021,0.564005970954895,-0.0686291381716728,0.8352305293083191,0.6086311340332031,-0.0282533522695302,0.830539345741272,0.6266768574714661,-0.0677234530448913,0.767824649810791,0.6210601329803467,-0.0618681460618972,0.7463549971580505,0.6071214079856873,-0.0492662414908409,0.8254674673080444,0.6678022146224976,-0.0355624891817569,0.8381780982017517,0.6812642216682434,-0.0591968856751918,0.7941274642944336,0.670186460018158,-0.0507533624768257,0.7753351926803589,0.6528920531272888,-0.0387143604457378,thumbs_up,RRQ_p8,RRQ
0.2396820485591888,0.7498362064361572,-3.272884043781233e-07,0.2184338420629501,0.6640520095825195,-0.0421595349907875,0.211353987455368,0.5650961399078369,-0.0624917298555374,0.2164272516965866,0.4897575974464416,-0.074912242591381,0.2289769053459167,0.420147180557251,-0.0836144238710403,0.2579325139522552,0.626927375793457,-0.062146071344614,0.1556219905614853,0.6503581404685974,-0.0905103534460067,0.1678624451160431,0.6559975147247314,-0.1063461229205131,0.2006643265485763,0.6481618285179138,-0.1161425188183784,0.2708430886268616,0.69068843126297,-0.0549625419080257,0.1522411704063415,0.7185744047164917,-0.0774974897503852,0.1807941794395446,0.7093318700790405,-0.0821623802185058,0.2187609672546386,0.6999433040618896,-0.0890549048781395,0.2747568786144256,0.750105619430542,-0.0510383360087871,0.1676003187894821,0.7704898715019226,-0.0756635591387748,0.1954124867916107,0.7577444314956665,-0.0696476250886917,0.2311536371707916,0.7468283772468567,-0.0649930536746978,0.271004855632782,0.8066667318344116,-0.051683485507965,0.1951161175966262,0.8213112354278564,-0.0738885775208473,0.2159470468759536,0.810306966304779,-0.074632354080677,0.2490044385194778,0.8014322519302368,-0.0734488070011138,thumbs_up,RRQ_p8,RRQ
0.4062885046005249,0.7359856367111206,-4.231874939364389e-08,0.3686945736408233,0.6441583633422852,0.0042875274084508,0.3224107325077057,0.572124719619751,-0.0047026285901665,0.3042296469211578,0.5008952617645264,-0.0165466926991939,0.311676561832428,0.4444072544574737,-0.0295032132416963,0.2559137940406799,0.6229568719863892,-0.0164524298161268,0.1904154121875763,0.6296054124832153,-0.0256268195807933,0.2129397690296173,0.6412100791931152,-0.031926229596138,0.2406684458255767,0.6417818069458008,-0.0352427326142787,0.2496939897537231,0.685573935508728,-0.0248387791216373,0.1879288852214813,0.683769941329956,-0.0244438052177429,0.2118016630411148,0.6908935904502869,-0.0211522281169891,0.2395419925451278,0.6898131370544434,-0.0210444834083318,0.25230273604393,0.7469269037246704,-0.0315006487071514,0.1959497332572937,0.7363021373748779,-0.0277594048529863,0.2174112796783447,0.7405413389205933,-0.0171170849353075,0.2439866960048675,0.742047905921936,-0.0122976321727037,0.2611139118671417,0.801665186882019,-0.0379320718348026,0.2075979709625244,0.7901015281677246,-0.0317986160516738,0.2268942594528198,0.787887692451477,-0.016311390325427,0.2510871589183807,0.7874812483787537,-0.0054380125366151,thumbs_up,RRQ_p8,RRQ
0.2925558686256408,0.4996387064456939,-1.8604036711167282e-07,0.2629790008068084,0.413691759109497,0.0014377419138327,0.2188343554735183,0.3409474194049835,-0.0049344967119395,0.1888896971940994,0.2732646465301513,-0.0142221003770828,0.1828760951757431,0.2141393423080444,-0.0250014197081327,0.1223467737436294,0.4004759192466736,0.0037582502700388,0.1272654980421066,0.4177638590335846,-0.0001685130409896,0.1549054235219955,0.4273566305637359,-0.0132726412266492,0.1753626763820648,0.4286138117313385,-0.0236167218536138,0.1122004762291908,0.4577390849590301,-0.0019028263632208,0.1266232281923294,0.4752017557621002,0.0048999525606632,0.1531044244766235,0.4792342483997345,-0.0012591502163559,0.1728277206420898,0.4735603332519531,-0.0099435718730092,0.1163159683346748,0.5127050876617432,-0.0065562850795686,0.1256598532199859,0.5242225527763367,0.0005308895488269,0.1496264040470123,0.5231063365936279,0.0018026558682322,0.1697354912757873,0.5151000618934631,-0.0008817376219667,0.1259384900331497,0.5620123147964478,-0.0120572503656148,0.1289893090724945,0.5706175565719604,-0.0047540082596242,0.1531291455030441,0.5654796957969666,0.0051856474019587,0.1719267815351486,0.5583441257476807,0.0125371115282177,thumbs_up,RRQ_p8,RRQ
0.4448722004890442,0.7714613080024719,2.9999981165929057e-07,0.4255683422088623,0.6791873574256897,0.0092326467856764,0.4480971693992615,0.6007668972015381,0.0104831792414188,0.4898189008235931,0.5762888193130493,0.0126027734950184,0.5233588814735413,0.5807323455810547,0.0141303930431604,0.4923992455005646,0.5683854818344116,-0.0283540561795234,0.4969435632228851,0.4535087645053863,-0.0344189368188381,0.5023155212402344,0.3874512910842895,-0.0364902839064598,0.5087528228759766,0.3362384736537933,-0.0377126410603523,0.5350723266601562,0.594840407371521,-0.0295090992003679,0.5744968056678772,0.4905152022838592,-0.0327295511960983,0.6008382439613342,0.4311228096485138,-0.0318825282156467,0.6240553855895996,0.3917145431041717,-0.0316356196999549,0.5605431795120239,0.6295654773712158,-0.0253355037420988,0.5633204579353333,0.571407675743103,-0.0182503331452608,0.5411336421966553,0.5739486217498779,-0.0071980389766395,0.523431658744812,0.5931255221366882,0.000275999889709,0.5731996893882751,0.6602150201797485,-0.0205493438988924,0.5649580359458923,0.613795280456543,-0.0113235469907522,0.5433361530303955,0.6188650131225586,0.0025102412328124,0.5308042764663696,0.640739381313324,0.01345631852746,peace_sign,RRQ_p8,RRQ
0.6584041118621826,0.5338718891143799,3.190375252870581e-07,0.6406821608543396,0.413843035697937,0.0206489153206348,0.6717488765716553,0.3302322030067444,0.0327717363834381,0.7209751009941101,0.3070380687713623,0.0435736663639545,0.7551952004432678,0.3102581799030304,0.0550217926502227,0.7306030988693237,0.2803850769996643,0.001371610793285,0.7433850765228271,0.1537112295627594,0.0078997192904353,0.7545934915542603,0.0873847305774688,0.0151733709499239,0.76559978723526,0.0362299382686615,0.0206304714083671,0.7799437046051025,0.3171609342098236,0.0003139669715892,0.8279907703399658,0.2106931507587433,0.0080732833594083,0.8581809401512146,0.1549490690231323,0.0119285667315125,0.8826202750205994,0.1173954606056213,0.0151282977312803,0.8073469996452332,0.3693287670612335,0.004465336445719,0.7903085947036743,0.3275822103023529,0.0216942634433507,0.7600939869880676,0.341482937335968,0.0288776140660047,0.7396481037139893,0.365193635225296,0.0340065546333789,0.8204683661460876,0.4164644777774811,0.0102888327091932,0.7942745089530945,0.3798596858978271,0.0281735323369503,0.7669073343276978,0.3901776075363159,0.0395895577967166,0.7499800324440002,0.4147637486457824,0.0488758571445941,peace_sign,RRQ_p8,RRQ
0.2738014459609985,0.7705807089805603,8.100964805635158e-07,0.3230881989002228,0.7416391372680664,-0.0357640944421291,0.3520486354827881,0.6936053037643433,-0.0585517510771751,0.3151693046092987,0.6788612604141235,-0.0813370198011398,0.2676812708377838,0.6759741306304932,-0.1031135693192482,0.3271464705467224,0.5648057460784912,-0.0380936972796916,0.3478543758392334,0.4717805385589599,-0.0712762102484703,0.3637649416923523,0.4126286208629608,-0.0906098335981369,0.372225284576416,0.3579963445663452,-0.1010339558124542,0.280100405216217,0.5637299418449402,-0.0424938611686229,0.2590733468532562,0.4591251015663147,-0.0835084840655326,0.2431354373693466,0.391091525554657,-0.1065392568707466,0.2257946878671646,0.3267947137355804,-0.115481249988079,0.2437763214111328,0.5902325510978699,-0.0500166080892086,0.2346183359622955,0.578140377998352,-0.102991446852684,0.2586469352245331,0.6472863554954529,-0.1105570793151855,0.2748149633407593,0.6843263506889343,-0.0986903756856918,0.2118303477764129,0.6308754682540894,-0.0594552643597126,0.2076741456985473,0.6171112656593323,-0.0919499844312667,0.2303523123264312,0.6623730063438416,-0.0852255821228027,0.2470348179340362,0.689118504524231,-0.0709060356020927,peace_sign,RRQ_p8,RRQ
0.1920625567436218,0.5957046151161194,7.427535138049279e-07,0.2326779216527938,0.5623852610588074,-0.0364545919001102,0.2426505088806152,0.5168598890304565,-0.0601677373051643,0.1977221667766571,0.5058931112289429,-0.0829047113656997,0.1472127884626388,0.5016820430755615,-0.1052644178271293,0.2145252078771591,0.3939014673233032,-0.0453626252710819,0.2273634970188141,0.3006671071052551,-0.0798263251781463,0.2345399558544159,0.2399005740880966,-0.1030061990022659,0.2358080148696899,0.1838070601224899,-0.1171129867434501,0.1685210019350052,0.3987925350666046,-0.0466832034289836,0.1385533511638641,0.2981408834457397,-0.0873076692223548,0.1167448163032531,0.231604516506195,-0.1133385598659515,0.0956519171595573,0.1697482019662857,-0.1270153820514679,0.1384597420692443,0.4269523918628692,-0.050047144293785,0.1095771193504333,0.4042396247386932,-0.0970036089420318,0.13597472012043,0.4662280082702636,-0.1044728755950927,0.1580907851457595,0.5053415298461914,-0.096386581659317,0.1140191406011581,0.470340371131897,-0.0554231032729148,0.0917697921395301,0.4493473172187805,-0.084670104086399,0.1147806048393249,0.4877997934818268,-0.0787310823798179,0.1393407583236694,0.514568567276001,-0.0668385997414588,peace_sign,RRQ_p8,RRQ
0.575107753276825,0.8717265129089355,6.944343908799055e-07,0.6355882883071899,0.8445222973823547,-0.0264481212943792,0.6825577020645142,0.7950942516326904,-0.0481358468532562,0.6889161467552185,0.7708399891853333,-0.0719644501805305,0.6542216539382935,0.7825163006782532,-0.0939238369464874,0.6610037684440613,0.6540537476539612,-0.0409418307244777,0.6939593553543091,0.5528590679168701,-0.0721523016691207,0.7112054824829102,0.4913824796676636,-0.0901073068380355,0.7201432585716248,0.4346964657306671,-0.101111501455307,0.6123653054237366,0.6522952318191528,-0.052293311804533,0.6167115569114685,0.5533264875411987,-0.091241605579853,0.6230834722518921,0.4847317337989807,-0.1131074503064155,0.6220616102218628,0.4203636646270752,-0.1231811940670013,0.5722764134407043,0.6816579103469849,-0.0653362870216369,0.6231523752212524,0.7018752694129944,-0.1093204617500305,0.6420314311981201,0.7606900334358215,-0.1162485107779502,0.6385818719863892,0.7889811396598816,-0.1080450788140297,0.5463624596595764,0.729080855846405,-0.0811077579855918,0.5948676466941833,0.7497003078460693,-0.1061982661485672,0.6139537692070007,0.7843203544616699,-0.10319285094738,0.6123735904693604,0.802293062210083,-0.0942372977733612,peace_sign,RRQ_p8,RRQ
0.4116991758346557,0.7946487069129944,4.224988288115128e-07,0.4139348566532135,0.6824104189872742,0.018320620059967,0.4563112556934356,0.6130328178405762,0.0228041615337133,0.5069164037704468,0.5994859933853149,0.0285176895558834,0.5440952777862549,0.6088943481445312,0.0350012332201004,0.5047482848167419,0.5904859304428101,-0.0255621578544378,0.5397452116012573,0.4779635369777679,-0.0237879175692796,0.5610584020614624,0.4167324900627136,-0.0199503228068351,0.5811828374862671,0.3681626319885254,-0.0181678682565689,0.5437958836555481,0.6383283734321594,-0.0249701179563999,0.6100486516952515,0.5468589067459106,-0.0275879632681608,0.6536681056022644,0.4968568384647369,-0.0274716354906559,0.690589427947998,0.4659655392169952,-0.0282682664692401,0.5635614991188049,0.6873605251312256,-0.0157900378108024,0.581910252571106,0.6238622665405273,0.0025383171159774,0.5561459064483643,0.6135431528091431,0.022622600197792,0.5329999923706055,0.6225686073303223,0.0342188961803913,0.5722514390945435,0.725567102432251,-0.0053868070244789,0.5726245641708374,0.6688349843025208,0.0196580477058887,0.5489888191223145,0.6635989546775818,0.0429901406168937,0.5317891836166382,0.679497241973877,0.0588316582143306,peace_sign,RRQ_p8,RRQ
0.5162152051925659,0.6277774572372437,5.279016477288678e-07,0.5179876685142517,0.5110408663749695,0.0209888760000467,0.5594544410705566,0.4431740939617157,0.0204656645655632,0.6124594211578369,0.4276443123817444,0.0168834999203681,0.6518304347991943,0.4450013935565948,0.0130616193637251,0.604426920413971,0.3937349617481231,-0.0253376737236976,0.6453596949577332,0.2678718864917755,-0.0333563350141048,0.6702913641929626,0.1950233429670334,-0.032592236995697,0.6930157542228699,0.1411991119384765,-0.0303180217742919,0.6502981185913086,0.4344836771488189,-0.0340581461787223,0.7263584733009338,0.335085928440094,-0.0445175431668758,0.7762515544891357,0.275726705789566,-0.0480115041136741,0.8139875531196594,0.2414040267467498,-0.0485093668103218,0.6771156787872314,0.4884400963783264,-0.0348578058183193,0.6857762336730957,0.446923166513443,-0.0253222994506359,0.6600592136383057,0.4524284899234772,-0.0089023550972342,0.6386348605155945,0.4716005623340606,0.0035266196355223,0.689539909362793,0.53899085521698,-0.0346215292811393,0.6850948929786682,0.4974212050437927,-0.0142999328672885,0.6613010168075562,0.5052533745765686,0.0095707047730684,0.6427215933799744,0.5280921459197998,0.0281509067863225,peace_sign,RRQ_p8,RRQ
0.5498650670051575,0.7856653928756714,5.782622451988573e-07,0.4986755549907684,0.7477660775184631,-0.0182546284049749,0.475382536649704,0.6803051233291626,-0.0280501618981361,0.5033227801322937,0.6267483234405518,-0.0397792048752307,0.530999481678009,0.5898856520652771,-0.0516479015350341,0.4758135974407196,0.5802465677261353,-0.0150855276733636,0.4515333771705627,0.4924891591072082,-0.0326842032372951,0.4385952353477478,0.436158537864685,-0.0433630086481571,0.4279500246047973,0.3890181183815002,-0.0495866723358631,0.5162760019302368,0.573818027973175,-0.022041967138648,0.5108314752578735,0.4733694791793823,-0.0418901853263378,0.5087502598762512,0.4087483286857605,-0.0552588552236557,0.5068965554237366,0.3598234057426452,-0.0613811127841472,0.5536444187164307,0.5911743640899658,-0.0316102840006351,0.5458925366401672,0.5570362210273743,-0.0641103833913803,0.5350030660629272,0.6041361093521118,-0.0744838863611221,0.5277069211006165,0.6426985263824463,-0.0722601115703582,0.5867096185684204,0.6213665008544922,-0.0419094078242778,0.573533833026886,0.5981820821762085,-0.0668948888778686,0.5556857585906982,0.6478688716888428,-0.06644769012928,0.5426551699638367,0.6929682493209839,-0.0604614801704883,peace_sign,RRQ_p8,RRQ
0.740824818611145,0.6014091968536377,7.398630259558558e-07,0.7076103687286377,0.5413187146186829,-0.0318440608680248,0.7022916674613953,0.4685527682304382,-0.0496776476502418,0.7445541620254517,0.412306934595108,-0.0679158270359039,0.7853867411613464,0.3775233030319214,-0.083640918135643,0.7009792923927307,0.3647668957710266,-0.0251739583909511,0.6878774166107178,0.2618241906166076,-0.0517920292913913,0.6820771098136902,0.1965113282203674,-0.0670949816703796,0.6787550449371338,0.1413122415542602,-0.074810191988945,0.7444220781326294,0.3646578192710876,-0.027855921536684,0.7582828402519226,0.2531076669692993,-0.0588715448975563,0.7720274329185486,0.1783628314733505,-0.0762528181076049,0.7852803468704224,0.1177895963191986,-0.0817296355962753,0.7825979590415955,0.3900967538356781,-0.0346914865076541,0.7910507917404175,0.3711707592010498,-0.0778318047523498,0.7713434100151062,0.4311391413211822,-0.0839273110032081,0.7575670480728149,0.4750857055187225,-0.0729394629597663,0.8135553002357483,0.4284665286540985,-0.0438383370637893,0.8214731812477112,0.3981978297233581,-0.0717069655656814,0.799491286277771,0.4403952956199646,-0.0660210996866226,0.7805505394935608,0.4790157675743103,-0.0529944971203804,peace_sign,RRQ_p8,RRQ
0.2902518808841705,0.6862084865570068,5.048678417551855e-07,0.241285502910614,0.6461440324783325,-0.0178704559803009,0.2085274457931518,0.5782378315925598,-0.033988133072853,0.2185745537281036,0.5218614339828491,-0.0538453757762908,0.2495694160461425,0.4877451360225677,-0.0727116167545318,0.2358123213052749,0.4659339487552643,-0.0211987551301717,0.2144602984189987,0.3742343485355377,-0.0466951541602611,0.2018801271915435,0.3173344731330871,-0.0613400153815746,0.1956960260868072,0.2667486667633056,-0.069043681025505,0.2746410965919494,0.4644703865051269,-0.0316366739571094,0.2637144327163696,0.3631933331489563,-0.0621452778577804,0.2585824131965637,0.2931505441665649,-0.0800962373614311,0.2576571404933929,0.2322173118591308,-0.08704674243927,0.3121870756149292,0.4838219285011291,-0.0441717132925987,0.2780423462390899,0.4699736535549164,-0.0856338441371917,0.253649353981018,0.539594292640686,-0.0909066423773765,0.2428871989250183,0.591867208480835,-0.0811751335859298,0.3437270820140838,0.5158891677856445,-0.0577230267226696,0.3082622587680816,0.4943112730979919,-0.0846263915300369,0.2788114845752716,0.5421232581138611,-0.0794291943311691,0.2610629796981811,0.583762526512146,-0.0681576654314994,peace_sign,RRQ_p8,RRQ
0.6417120695114136,0.7719231247901917,4.300428884107532e-07,0.671783983707428,0.6821948289871216,0.0068695358932018,0.6484341025352478,0.5938712358474731,0.0019878400489687,0.6072286367416382,0.5556577444076538,-0.0057610827498137,0.5690208077430725,0.5489933490753174,-0.0155641864985227,0.6531656980514526,0.542048454284668,-0.0233523640781641,0.6326025128364563,0.4296477735042572,-0.0374525487422943,0.6230834126472473,0.3640528917312622,-0.0443116463720798,0.6139127612113953,0.3137275278568268,-0.0470699816942215,0.6127893924713135,0.5642129182815552,-0.0343768633902072,0.5625154376029968,0.4578005969524383,-0.0468354001641273,0.5326557755470276,0.3939954042434692,-0.0525976456701755,0.5076558589935303,0.3479917645454407,-0.0561558939516544,0.5773453116416931,0.5989092588424683,-0.0418607667088508,0.5422788858413696,0.5346242189407349,-0.0510299727320671,0.5592726469039917,0.5603238344192505,-0.0436586961150169,0.5715653896331787,0.588613748550415,-0.0349041745066642,0.5506186485290527,0.6376138925552368,-0.0485717467963695,0.5301653742790222,0.5777804255485535,-0.0485270656645298,0.5435812473297119,0.5980144143104553,-0.0327457934617996,0.5543942451477051,0.6239942908287048,-0.0187441930174827,peace_sign,RRQ_p8,RRQ
0.7491257786750793,0.6123248934745789,7.81396181537275e-07,0.724501371383667,0.5595947504043579,-0.0404296442866325,0.724370539188385,0.4905161559581756,-0.0613624490797519,0.7714277505874634,0.4365167915821075,-0.0800054222345352,0.8155218958854675,0.4003605246543884,-0.0960991531610488,0.7096617817878723,0.3884017467498779,-0.0344353690743446,0.6942036151885986,0.2915849089622497,-0.0613406635820865,0.6866766810417175,0.2277158200740814,-0.0772561207413673,0.6806183457374573,0.1734689176082611,-0.0861865878105163,0.7517518997192383,0.3865106999874115,-0.0315386243164539,0.7690239548683167,0.280297577381134,-0.0601957142353057,0.7857432961463928,0.2125553488731384,-0.0760228559374809,0.7994135618209839,0.1520467102527618,-0.0818562656641006,0.7872523069381714,0.4109102785587311,-0.0335351601243019,0.8077869415283203,0.3929036259651184,-0.0737995132803917,0.7894402146339417,0.4465148448944092,-0.0815417096018791,0.7745965123176575,0.4814937710762024,-0.0735625550150871,0.8153989911079407,0.4477680921554565,-0.0384843908250331,0.8333969116210938,0.4215369522571563,-0.0653483644127845,0.8138072490692139,0.4590802192687988,-0.0633805841207504,0.7952941656112671,0.4892151653766632,-0.0544468872249126,peace_sign,RRQ_p8,RRQ
0.2943723201751709,0.7926990389823914,5.92087701534183e-07,0.2439286708831787,0.7612239122390747,-0.0189726129174232,0.2059200406074524,0.7048212885856628,-0.0360101908445358,0.2205358743667602,0.6631428003311157,-0.0553864985704422,0.2499830573797226,0.6335052251815796,-0.0741021633148193,0.2287777066230774,0.5799438953399658,-0.0303064696490764,0.2001798450946808,0.4931605160236358,-0.0551683530211448,0.1853220164775848,0.4366492629051208,-0.0702520981431007,0.1764829158782959,0.3845767080783844,-0.0802910104393959,0.2741411924362182,0.5752062797546387,-0.0391253121197223,0.2721940279006958,0.4823501110076904,-0.0666864737868309,0.2758022248744964,0.4167113900184631,-0.0830023437738418,0.2824695706367492,0.3609324693679809,-0.0911328569054603,0.3137866258621216,0.5948994755744934,-0.0496669597923755,0.2893199324607849,0.5933479070663452,-0.0836561024188995,0.2597373425960541,0.6498720645904541,-0.0891326889395713,0.2415300011634826,0.6946579217910767,-0.083743579685688,0.3452477157115936,0.6284851431846619,-0.0617721527814865,0.3156701922416687,0.6319593787193298,-0.0861790999770164,0.2867613136768341,0.6774342060089111,-0.0842966884374618,0.2668160200119018,0.7171720862388611,-0.0771689489483833,peace_sign,RRQ_p8,RRQ
0.5222344398498535,0.838147759437561,6.707913371428731e-07,0.4877034723758697,0.7924014329910278,-0.0258737243711948,0.4837755262851715,0.7251617312431335,-0.0379607528448104,0.5274085998535156,0.6922461986541748,-0.0500561222434043,0.5664834976196289,0.6756266951560974,-0.0607769750058651,0.4856756329536438,0.615398108959198,-0.0238042250275611,0.4714648723602295,0.5249515175819397,-0.0427223555743694,0.4635376930236816,0.4662091135978699,-0.0528506152331829,0.4571472704410553,0.4150211811065674,-0.0591219961643219,0.5270945429801941,0.612341046333313,-0.0262722447514534,0.5450096130371094,0.5194205045700073,-0.046728104352951,0.5624788403511047,0.4558760225772857,-0.0590896271169185,0.5780839323997498,0.4038467407226562,-0.0641360431909561,0.5587912797927856,0.6377710700035095,-0.03191839158535,0.563008189201355,0.6347259283065796,-0.0597030222415924,0.5443981885910034,0.6827701330184937,-0.0670300051569938,0.5326237678527832,0.7141266465187073,-0.0631893426179885,0.5815986394882202,0.6749849915504456,-0.0401502251625061,0.5772126317024231,0.6827157139778137,-0.0610083229839801,0.5553094148635864,0.7185953855514526,-0.0625292956829071,0.5393199324607849,0.7422153353691101,-0.058278638869524,peace_sign,RRQ_p8,RRQ
0.5160180926322937,0.8180423378944397,6.227336939446104e-07,0.4758815169334411,0.7643945813179016,-0.019058046862483,0.466740608215332,0.6957018375396729,-0.0301728378981351,0.5038151144981384,0.6579781770706177,-0.0431814864277839,0.5390669107437134,0.6393094658851624,-0.0553763099014759,0.4790573418140411,0.5919291377067566,-0.0182819347828626,0.4670886397361755,0.5014179348945618,-0.0363831706345081,0.4608818590641022,0.4439983665943146,-0.046430055052042,0.4552659690380096,0.3935591578483581,-0.0527202412486076,0.520510733127594,0.5924417972564697,-0.0246163960546255,0.5387209057807922,0.4989786744117737,-0.0442816391587257,0.5548357963562012,0.4365557432174682,-0.0568162649869918,0.5685990452766418,0.3857912421226501,-0.0625404417514801,0.5527610182762146,0.618137776851654,-0.0335905998945236,0.5527397394180298,0.6097845435142517,-0.0612684935331344,0.5342544317245483,0.6551101803779602,-0.0692436471581459,0.5218933820724487,0.6867156624794006,-0.0665206164121627,0.5773329138755798,0.6561516523361206,-0.044312447309494,0.571216344833374,0.656356692314148,-0.0638540312647819,0.5452518463134766,0.691603422164917,-0.0639163479208946,0.5234937071800232,0.7184466123580933,-0.0594212263822555,peace_sign,RRQ_p8,RRQ
0.3478640913963318,0.5849599242210388,4.5289084482647013e-07,0.384510725736618,0.6149747967720032,-0.0019455964211374,0.4070586562156677,0.6621221899986267,-0.0117608346045017,0.4120134115219116,0.7091026306152344,-0.0211181621998548,0.4105327427387237,0.7472795248031616,-0.0311609357595443,0.4181338548660278,0.6639155745506287,-0.0369036756455898,0.430787444114685,0.7364540696144104,-0.0541727691888809,0.4374655783176422,0.7822728753089905,-0.0620659440755844,0.4424438774585724,0.8192617297172546,-0.0667399391531944,0.3945663273334503,0.6637078523635864,-0.0449892058968544,0.3980285227298736,0.7467560768127441,-0.0617600083351135,0.3967471122741699,0.8002931475639343,-0.0670933797955513,0.3942895531654358,0.840582013130188,-0.0708270370960235,0.3669705986976623,0.663345456123352,-0.051625020802021,0.3681541085243225,0.7407407164573669,-0.0651762783527374,0.3670589327812195,0.7900779247283936,-0.0677730068564415,0.366609662771225,0.8263067007064819,-0.0692726895213127,0.3395323753356933,0.6637320518493652,-0.0578085333108902,0.3418880105018616,0.7241418957710266,-0.067115768790245,0.3445430696010589,0.7603154182434082,-0.0682325214147567,0.3468682467937469,0.7898426651954651,-0.0687579438090324,neutral,RRQ_p8,RRQ
0.3233600258827209,0.6550175547599792,4.56617385680147e-07,0.3635637760162353,0.6940175294876099,0.0049054301343858,0.3868989944458008,0.7533230781555176,0.0002360955259064,0.3918484151363373,0.8042382597923279,-0.0062970677390694,0.3870709836483001,0.8453637957572937,-0.0130629427731037,0.4096490740776062,0.770022451877594,-0.0148150911554694,0.4102602303028106,0.8534186482429504,-0.0270800236612558,0.4137042760848999,0.9022517800331116,-0.0339952297508716,0.4179627299308777,0.9395398497581482,-0.0386441051959991,0.3918862640857696,0.7693347930908203,-0.0251891147345304,0.3847386240959167,0.8628334999084473,-0.0362541489303112,0.3749717772006988,0.917332649230957,-0.0413168519735336,0.3661639988422394,0.958608627319336,-0.0454781875014305,0.3678351044654846,0.7675952315330505,-0.0345950238406658,0.3597800135612488,0.8543123006820679,-0.0438337810337543,0.3483236730098724,0.9018341302871704,-0.0467168800532817,0.3383316993713379,0.9354388117790222,-0.0489851720631122,0.3417476415634155,0.7650153636932373,-0.0435699746012687,0.3362342417240143,0.8313074111938477,-0.0489839240908622,0.3295738995075226,0.8682987093925476,-0.049408845603466,0.3236596286296844,0.8977547883987427,-0.0498203374445438,neutral,RRQ_p8,RRQ
0.2382300496101379,0.3838458657264709,-1.1078076056492137e-07,0.276877760887146,0.3918594717979431,0.010864745825529,0.3055255115032196,0.3888999819755554,0.0118341641500592,0.3256485760211944,0.394439160823822,0.0080256285145878,0.3402635753154754,0.4001485407352447,0.0061284364201128,0.3186631500720978,0.3092878758907318,0.0214215815067291,0.3485852777957916,0.3701234757900238,0.011760352179408,0.3371804356575012,0.4024964272975921,0.0010821144096553,0.3185814917087555,0.4187508225440979,-0.0041282637976109,0.3205262124538421,0.3112116456031799,0.0111500425264239,0.3528245091438293,0.3745482563972473,0.0038031502626836,0.3390794992446899,0.4072907865047455,-0.0012550406390801,0.3196642696857452,0.425423264503479,-0.0023668135982006,0.3210633099079132,0.3235117197036743,-0.0002308639377588,0.3530913293361664,0.3814911544322967,-0.0047765015624463,0.3393571674823761,0.4115267097949981,-0.0029280034359544,0.3208487927913666,0.4260526597499847,0.0007800970342941,0.3213456571102142,0.3431716561317444,-0.0116483382880687,0.348489373922348,0.383530706167221,-0.0098436307162046,0.3400471806526184,0.4005153477191925,-0.0041157081723213,0.3262318968772888,0.4053183495998382,0.0011917293304577,neutral,RRQ_p8,RRQ
0.2376450300216674,0.3855831921100616,-1.1670854149770093e-07,0.2751233577728271,0.3915398418903351,0.0132550178095698,0.3040892779827118,0.3882385194301605,0.015955813229084,0.3249468505382538,0.3940271735191345,0.0135695915669202,0.338480532169342,0.4032783210277557,0.012542993761599,0.3179446458816528,0.3104511201381683,0.0250104293227195,0.3456489145755768,0.3683107793331146,0.0177989974617958,0.3371383547782898,0.4017802476882934,0.0079802218824625,0.3198376297950744,0.4210842251777649,0.0030866018496453,0.3210571408271789,0.3127289116382599,0.0141341648995876,0.3503380715847015,0.3732580244541168,0.0094065740704536,0.340373694896698,0.4072363674640655,0.0034334533847868,0.3221125304698944,0.4274417459964752,0.0010418407618999,0.3225013315677643,0.3265000581741333,0.0026003366801887,0.3527663648128509,0.3803853988647461,-0.0012641184730455,0.3418908715248108,0.4126065969467163,-0.0014127710601314,0.3244970440864563,0.4300345778465271,0.0007465875241905,0.323609709739685,0.3470879197120666,-0.0085548851639032,0.3513480424880981,0.3845805525779724,-0.0074718729592859,0.3433265089988708,0.4042831659317016,-0.0025726270396262,0.3287712037563324,0.4127310514450073,0.0022935706656426,neutral,RRQ_p8,RRQ
0.1989537924528122,0.2571400701999664,-5.79839536385407e-08,0.2250952422618866,0.2252583652734756,0.0242486465722322,0.251042902469635,0.216470718383789,0.0311803091317415,0.2680317759513855,0.2262995839118957,0.0299573931843042,0.2790148854255676,0.2424244582653045,0.027952617034316,0.2691302895545959,0.1876094043254852,0.035671230405569,0.2887263596057892,0.2369010597467422,0.0326895788311958,0.2823687493801117,0.2730486094951629,0.0259983427822589,0.2681308388710022,0.298451155424118,0.0230403617024421,0.2802589833736419,0.1985264420509338,0.0199675969779491,0.2972828447818756,0.2554154098033905,0.0198792908340692,0.288822203874588,0.2906096279621124,0.0141259571537375,0.2731405198574066,0.3139106929302215,0.0114870835095644,0.2874590158462524,0.21670763194561,0.0044980025850236,0.3038627505302429,0.2754435539245605,0.0039540212601423,0.2913022935390472,0.3075089156627655,0.0016674573998898,0.2742305696010589,0.3244378268718719,0.0018508267821744,0.2923900485038757,0.2387071698904037,-0.0097719952464103,0.3065721392631531,0.2846738696098327,-0.0059784846380352,0.294400155544281,0.3019929826259613,-0.0018107942305505,0.2778075337409973,0.3082805275917053,0.0022480359766632,neutral,RRQ_p8,RRQ
0.2263423800468444,0.3101165294647217,-7.988005990000603e-08,0.249898076057434,0.2767263650894165,0.0191529244184494,0.2751046419143677,0.2672906219959259,0.0233616176992654,0.2926128804683685,0.2766299545764923,0.0208971016108989,0.3027848899364471,0.2931430041790008,0.0179088208824396,0.2942837178707123,0.2432905733585357,0.025692593306303,0.3138842582702636,0.2917335927486419,0.0209947917610406,0.3077431917190552,0.327042818069458,0.0141606982797384,0.2937885820865631,0.3506376147270202,0.011224253103137,0.3045551180839538,0.2555611431598663,0.0121256513521075,0.3210038840770721,0.3105740845203399,0.0106445709243416,0.3128563165664673,0.344029814004898,0.0057954215444624,0.2979251742362976,0.3655402362346649,0.0038680057041347,0.3104183077812195,0.2750817537307739,-0.0011274454882368,0.3276334702968597,0.3294920325279236,-0.0034680406097322,0.3160705268383026,0.3607167899608612,-0.0043343501165509,0.3004106283187866,0.3775892853736877,-0.0027889828197658,0.3130798637866974,0.2981408536434173,-0.013446232303977,0.3297723531723022,0.3399629592895508,-0.0121496822685003,0.3177887201309204,0.3578740060329437,-0.0075248628854751,0.3016263842582702,0.3656776845455169,-0.0024875907693058,neutral,RRQ_p8,RRQ
0.2492244243621826,0.3441396951675415,1.7559873555228478e-08,0.2860698401927948,0.3533245921134949,0.0007619267562404,0.3163778781890869,0.3492631316184997,-0.0047937291674315,0.3356018662452698,0.3411358892917633,-0.0145005974918603,0.3459563255310058,0.3238541483879089,-0.0237299688160419,0.3231897950172424,0.2668581306934356,0.0016752028604969,0.3342379033565521,0.244192287325859,-0.0141950650140643,0.3347661197185516,0.2450801283121109,-0.0264633223414421,0.3305604159832001,0.2465409338474273,-0.0330596752464771,0.3130675256252289,0.2520031929016113,-0.0071616037748754,0.3486579060554504,0.264639139175415,-0.0266530998051166,0.3481251001358032,0.3055354058742523,-0.0332115404307842,0.3361582159996032,0.3356841504573822,-0.0327673107385635,0.3012236356735229,0.2451818287372589,-0.0173693913966417,0.3374092280864715,0.2710159122943878,-0.0362019948661327,0.3285573422908783,0.311216801404953,-0.0343525782227516,0.3132913708686828,0.3366888165473938,-0.0272543709725141,0.2890402972698211,0.24610336124897,-0.0279567390680313,0.3205847442150116,0.2720701098442077,-0.0400683023035526,0.3153968155384063,0.3036885559558868,-0.036386951804161,0.3025441169738769,0.3242632448673248,-0.0294637810438871,neutral,RRQ_p8,RRQ
0.4621984362602234,0.437278687953949,-1.628855841318e-07,0.4469968676567077,0.3896648585796356,0.0059366445057094,0.4469477236270904,0.3410656154155731,0.0024009749758988,0.4447934627532959,0.3044576942920685,-0.0036480496637523,0.432169497013092,0.2838644385337829,-0.0094432886689901,0.4911318123340606,0.2998452484607696,-0.0019679793622344,0.5177714824676514,0.2868682146072387,-0.0079397046938538,0.5217328667640686,0.3079928457736969,-0.0123119438067078,0.5154793858528137,0.3242682218551636,-0.0148096429184079,0.5147666335105896,0.31566122174263,-0.0119971213862299,0.5515872240066528,0.2814442217350006,-0.0146053982898592,0.5539542436599731,0.3033612072467804,-0.0131646692752838,0.5427439212799072,0.3246575891971588,-0.0119743822142481,0.5336660742759705,0.3410485684871673,-0.0215765722095966,0.5708166360855103,0.3095928430557251,-0.0232255905866622,0.5695754289627075,0.3327231109142303,-0.0164670515805482,0.5562824606895447,0.3499649167060852,-0.0125644113868474,0.5469599366188049,0.3741169273853302,-0.0310125481337308,0.5788876414299011,0.3577638864517212,-0.0315675064921379,0.5736272931098938,0.3728713691234588,-0.0242397096008062,0.5585507154464722,0.3834588527679443,-0.0188840664923191,neutral,RRQ_p8,RRQ
0.4410810172557831,0.4011701941490173,-1.745976021538809e-07,0.4080061018466949,0.3635136485099792,0.0018496686825528,0.3972484767436981,0.3254364728927612,-0.0016742101870477,0.3994723558425903,0.2971325516700744,-0.0055984151549637,0.4040131270885467,0.2832008898258209,-0.0088435104116797,0.4407985508441925,0.2565517425537109,-0.0049154642038047,0.4603945612907409,0.2488466650247573,-0.004390116315335,0.4603442549705505,0.2676196098327636,-0.0043250201269984,0.4532434642314911,0.2810831367969513,-0.0050022401846945,0.4714522361755371,0.2649752795696258,-0.0108113251626491,0.4925889074802398,0.2402074933052063,-0.0074361297301948,0.4884454607963562,0.2599537670612335,-0.0040299999527633,0.4789885580539703,0.2810361087322235,-0.0026061122771352,0.4966769814491272,0.28461754322052,-0.0160143449902534,0.5208655595779419,0.2528460025787353,-0.0131900636479258,0.5144011974334717,0.2711148858070373,-0.0082523114979267,0.5042678117752075,0.2909213602542877,-0.0068832389079034,0.5145040154457092,0.313014805316925,-0.0211757943034172,0.5266084671020508,0.2990857064723968,-0.0196378864347934,0.517876386642456,0.3151701390743255,-0.0144581533968448,0.5085279941558838,0.3302174806594848,-0.0108745042234659,neutral,RRQ_p8,RRQ
0.6409538984298706,0.5949289202690125,1.427165017275911e-07,0.6196251511573792,0.5767789483070374,-0.006540470290929,0.5983389019966125,0.5394659638404846,-0.0089193768799304,0.5765480995178223,0.5185652375221252,-0.0125487595796585,0.5609707236289978,0.5057601928710938,-0.015638718381524,0.6295124292373657,0.497788667678833,0.0067770085297524,0.6273084878921509,0.4647757411003113,0.0017852681921795,0.6258999109268188,0.438340961933136,-0.0044702594168484,0.624862015247345,0.4176364839076996,-0.0092432592064142,0.6416711211204529,0.4929648637771606,0.0034849606454372,0.6422143578529358,0.4580170810222626,7.746359915472567e-05,0.6416014432907104,0.430094838142395,-0.0039555584080517,0.6407294869422913,0.4059418439865112,-0.0067442562431097,0.6544500589370728,0.4902763366699219,-0.002190422033891,0.6570164561271667,0.4584465026855469,-0.0061659915372729,0.6610382795333862,0.4328359365463257,-0.0068074204027652,0.6646212935447693,0.4092957079410553,-0.0066271759569644,0.6656184196472168,0.4913983941078186,-0.0096299098804593,0.6728467345237732,0.4619274437427521,-0.0121609009802341,0.6786321401596069,0.440345287322998,-0.0104338927194476,0.6827854514122009,0.4218372106552124,-0.0087810046970844,neutral,RRQ_p8,RRQ
0.663850724697113,0.5928041934967041,1.5240297557284066e-07,0.641910195350647,0.577481210231781,-0.006966580171138,0.6205441355705261,0.539549708366394,-0.0087241390720009,0.6003898978233337,0.5180952548980713,-0.0114206643775105,0.5849366784095764,0.5053592920303345,-0.013734046369791,0.6489852070808411,0.497450590133667,0.0051799025386571,0.6465206146240234,0.4643256962299347,-5.590692671830766e-05,0.6447579860687256,0.4374573528766632,-0.0064794099889695,0.6437630653381348,0.4157052934169769,-0.0115300193428993,0.6610584259033203,0.4912292957305908,0.0020851644221693,0.6610693335533142,0.4557104706764221,-0.0023614603560417,0.660716712474823,0.4264970421791076,-0.0075291777029633,0.6605628728866577,0.4011656641960144,-0.0111876418814063,0.6741019487380981,0.4881675839424133,-0.0032775287982076,0.6768068075180054,0.4551007151603699,-0.0086535038426518,0.6814999580383301,0.4275941252708435,-0.011889062821865,0.6856358051300049,0.4026728868484497,-0.0135952103883028,0.6863699555397034,0.4898140430450439,-0.0102094886824488,0.6939321756362915,0.4601461887359619,-0.0146148931235075,0.7005160450935364,0.4379836320877075,-0.0155128054320812,0.7057810425758362,0.4189038574695587,-0.0158345699310302,neutral,RRQ_p8,RRQ
0.6003907918930054,0.6042879223823547,9.316458715602496e-08,0.6011818051338196,0.5551643371582031,-0.000834162463434,0.6252890825271606,0.5232419371604919,-0.0019929183181375,0.6459064483642578,0.5034902095794678,-0.0054108598269522,0.661239504814148,0.4837734997272491,-0.009330759756267,0.6684134602546692,0.5225088596343994,0.0017734081484377,0.6970999836921692,0.4908733963966369,-0.0066454391926527,0.7123889923095703,0.4596063792705536,-0.014169399626553,0.7237215042114258,0.4332963526248932,-0.0198531057685613,0.6721820831298828,0.5273599028587341,-0.0058819726109504,0.7044609189033508,0.4859969019889831,-0.0140604898333549,0.720471978187561,0.4514806270599365,-0.0212277639657259,0.7332287430763245,0.4221242070198059,-0.0263617131859064,0.6700934767723083,0.5330862998962402,-0.014777504839003,0.7009440064430237,0.4903032183647156,-0.0227472428232431,0.7147113084793091,0.4569751322269439,-0.0285140164196491,0.7243544459342957,0.4302632510662079,-0.0325663797557354,0.6629042625427246,0.5368146896362305,-0.0243675038218498,0.6829473376274109,0.5023268461227417,-0.030873293057084,0.6938160061836243,0.477042406797409,-0.0339688435196876,0.7021385431289673,0.4556823074817657,-0.0361801087856292,neutral,RRQ_p8,RRQ
0.679784893989563,0.5768190026283264,-3.558339187748061e-07,0.6440367102622986,0.5525001287460327,0.0071547529660165,0.627203643321991,0.525661289691925,0.00647195847705,0.6121536493301392,0.5072513222694397,0.0020598077680915,0.6000138521194458,0.4893862009048462,-0.0026041255332529,0.6520297527313232,0.463672012090683,0.0103380670771002,0.610107958316803,0.4678835272789001,0.0005363799282349,0.5974199771881104,0.4938403367996216,-0.0082638720050454,0.5986257791519165,0.5172856450080872,-0.012506197206676,0.6556404829025269,0.4641803205013275,0.0020843094680458,0.6091129183769226,0.4663275182247162,-0.0067661316134035,0.5998517870903015,0.4978857338428497,-0.0120076248422265,0.6039697527885437,0.5224623084068298,-0.0138698732480406,0.6569655537605286,0.4714089632034302,-0.0066540222615003,0.6118015646934509,0.4760066866874695,-0.0151663860306143,0.6091001033782959,0.5061421990394592,-0.0150875020772218,0.618472695350647,0.52786785364151,-0.0128056248649954,0.6549452543258667,0.4844162762165069,-0.0150288213044404,0.6190280318260193,0.4872417449951172,-0.0206990987062454,0.6173121929168701,0.5063695907592773,-0.01845233887434,0.6253861784934998,0.5221474170684814,-0.0146478032693266,neutral,RRQ_p8,RRQ
0.1515736281871795,0.5355978608131409,-1.2438754026788956e-07,0.1980503648519516,0.5565875768661499,0.0031917218584567,0.2340060323476791,0.6070760488510132,-0.0035420767962932,0.2478388994932174,0.6575332880020142,-0.0123639767989516,0.2523236870765686,0.6927936673164368,-0.0192731339484453,0.2696323096752167,0.6247366070747375,-0.0143192019313573,0.2567541003227234,0.7066413164138794,-0.027845237404108,0.2413668632507324,0.6966816782951355,-0.0341932438313961,0.2402571141719818,0.6766180992126465,-0.0383976623415946,0.2513162195682525,0.6210244297981262,-0.0247202049940824,0.2309736311435699,0.7111923098564148,-0.0325534902513027,0.2186667770147323,0.6909127235412598,-0.029332049190998,0.2214263528585434,0.6659418940544128,-0.0291359312832355,0.226195603609085,0.6183914542198181,-0.0352205000817775,0.2066461741924286,0.7004672884941101,-0.0387723334133625,0.1981520801782608,0.6778762340545654,-0.0296211615204811,0.2021923810243606,0.6533453464508057,-0.0259869787842035,0.1980688124895095,0.614689290523529,-0.0462948754429817,0.1860122084617614,0.6803621649742126,-0.044155579060316,0.1794133782386779,0.6624947190284729,-0.0355927385389804,0.1823926120996475,0.6391252279281616,-0.0312413331121206,neutral,RRQ_p8,RRQ
0.3126794397830963,0.5286546945571899,3.4259082326570933e-07,0.3541480600833893,0.5596374869346619,0.0083832368254661,0.383019745349884,0.6093055009841919,0.0037784373853355,0.3995333015918731,0.649973452091217,-0.0028960984200239,0.4133157134056091,0.677513599395752,-0.0103637147694826,0.4001237452030182,0.6263247728347778,-0.0202500615268945,0.415584921836853,0.7005594968795776,-0.0343707725405693,0.4140167534351349,0.7452459931373596,-0.0416725240647792,0.4084983766078949,0.7789404392242432,-0.045661237090826,0.382110983133316,0.6234824657440186,-0.0317432843148708,0.3823099136352539,0.7136605978012085,-0.0460741929709911,0.36655193567276,0.7538248896598816,-0.0504443533718586,0.3521422147750854,0.7773318290710449,-0.0527757257223129,0.3568502068519592,0.6214008927345276,-0.0412923991680145,0.3570596277713775,0.7062509655952454,-0.0508017875254154,0.3464614450931549,0.7466139197349548,-0.0513187013566494,0.3370203971862793,0.7705506086349487,-0.051584668457508,0.3296902179718017,0.6197925806045532,-0.0498212687671184,0.3304630219936371,0.6868144273757935,-0.054030854254961,0.327335387468338,0.7235803008079529,-0.0527949593961238,0.3246473371982574,0.7521247267723083,-0.0518108047544956,neutral,RRQ_p8,RRQ
0.3916718363761902,0.6616530418395996,-2.803479901558603e-07,0.4493626058101654,0.6221336126327515,-0.012545444071292877,0.48960548639297485,0.563575029373169,-0.020352818071842194,0.4919329881668091,0.5012518167495728,-0.030728459358215332,0.45802944898605347,0.4652519226074219,-0.03744659945368767,0.46015211939811707,0.4937874674797058,0.0034048480447381735,0.4921988248825073,0.45146387815475464,-0.019746778532862663,0.48713943362236023,0.5114408731460571,-0.029873555526137352,0.4697153866291046,0.5299564003944397,-0.03345006704330444,0.4301483631134033,0.4854876399040222,-0.002839589724317193,0.46359753608703613,0.44130560755729675,-0.029134543612599373,0.4557930529117584,0.5153682827949524,-0.035444166511297226,0.43195250630378723,0.5298014283180237,-0.03350549191236496,0.39793527126312256,0.48182374238967896,-0.012916886247694492,0.431901752948761,0.4413036108016968,-0.043458614498376846,0.4268622398376465,0.5157642364501953,-0.03518703952431679,0.40235328674316406,0.5352858304977417,-0.021210314705967903,0.3591206669807434,0.4813605844974518,-0.023400604724884033,0.39517638087272644,0.44105255603790283,-0.039637938141822815,0.40075331926345825,0.490175724029541,-0.026292840018868446,0.3831843137741089,0.5127626061439514,-0.011593117378652096,fist,RRQ_p8,RRQ
0.35915130376815796,0.5216367840766907,-2.9349769192776876e-07,0.4124968647956848,0.4702802896499634,-0.013516629114747047,0.44582468271255493,0.3932655453681946,-0.018986428156495094,0.4247100353240967,0.3258935809135437,-0.02612687274813652,0.3808501958847046,0.3098009526729584,-0.029562480747699738,0.42041444778442383,0.3382752537727356,0.004358572419732809,0.43002191185951233,0.27701154351234436,-0.01849033683538437,0.42784762382507324,0.3344019055366516,-0.03118334896862507,0.42258813977241516,0.36381351947784424,-0.036328546702861786,0.3833106458187103,0.33826446533203125,9.451682853978127e-05,0.3903196454048157,0.28134483098983765,-0.02470405586063862,0.39273926615715027,0.35176190733909607,-0.031729765236377716,0.3866090774536133,0.3786022663116455,-0.029811035841703415,0.34757155179977417,0.34582963585853577,-0.00802561268210411,0.35146400332450867,0.29560160636901855,-0.036190152168273926,0.3624894618988037,0.36628207564353943,-0.029272794723510742,0.3595515191555023,0.39866071939468384,-0.016030490398406982,0.30868545174598694,0.35832706093788147,-0.016907237470149994,0.3189145624637604,0.30962374806404114,-0.032199133187532425,0.33291465044021606,0.35576608777046204,-0.020253274589776993,0.33336248993873596,0.38676467537879944,-0.006261525675654411,fist,RRQ_p8,RRQ
0.3713321387767792,0.521141529083252,-1.214643532421178e-07,0.41268813610076904,0.5303384065628052,-0.0324762761592865,0.4455568790435791,0.5356833934783936,-0.06106774881482124,0.45012810826301575,0.5367908477783203,-0.08591224253177643,0.42329058051109314,0.5330396890640259,-0.10773579776287079,0.47091832756996155,0.38786908984184265,-0.048909302800893784,0.47043269872665405,0.4762829840183258,-0.08683770149946213,0.4522465467453003,0.5102267861366272,-0.11074985563755035,0.44435378909111023,0.4927026331424713,-0.12675423920154572,0.42812031507492065,0.37268394231796265,-0.05049533396959305,0.4293907582759857,0.4755801856517792,-0.08170800656080246,0.415625661611557,0.5159584879875183,-0.08896192908287048,0.4138067364692688,0.4924103915691376,-0.09383075684309006,0.38433822989463806,0.3818989396095276,-0.05576580390334129,0.38981664180755615,0.4849926829338074,-0.08181218802928925,0.3845875561237335,0.5129350423812866,-0.07564014196395874,0.3830811679363251,0.4856604337692261,-0.0706242099404335,0.34463071823120117,0.40268829464912415,-0.06490402668714523,0.3519171476364136,0.4773183763027191,-0.0829852744936943,0.35343948006629944,0.5000489950180054,-0.08059041202068329,0.3536030352115631,0.48230281472206116,-0.07711122184991837,fist,RRQ_p8,RRQ
0.5575894117355347,0.6266751289367676,-2.1541231376431824e-07,0.5962734222412109,0.5577918887138367,-0.013158253394067287,0.6275388598442078,0.4784836173057556,-0.026932919397950172,0.6441717147827148,0.4176439046859741,-0.03842511028051376,0.6395437121391296,0.3658895492553711,-0.04559420421719551,0.5804044008255005,0.43422019481658936,-0.05393373966217041,0.6674245595932007,0.4682491421699524,-0.07697615772485733,0.6601877212524414,0.5049233436584473,-0.07791208475828171,0.6345444917678833,0.5054633617401123,-0.07826974242925644,0.564319908618927,0.4789868891239166,-0.060816485434770584,0.661439836025238,0.5182161331176758,-0.08417588472366333,0.6439132690429688,0.5477741360664368,-0.07815874367952347,0.6192929744720459,0.5429185032844543,-0.07606159895658493,0.5572109818458557,0.5319873690605164,-0.06781648844480515,0.6495389938354492,0.5708259344100952,-0.0866064503788948,0.6293666958808899,0.5900242924690247,-0.07557506859302521,0.6053491234779358,0.5831421613693237,-0.07026874274015427,0.5558596253395081,0.5858291387557983,-0.07626132667064667,0.6313552260398865,0.6095689535140991,-0.09136785566806793,0.6168112754821777,0.6162052154541016,-0.09121426939964294,0.5930931568145752,0.6092581152915955,-0.09169497340917587,fist,RRQ_p8,RRQ
0.5984912514686584,0.6414824724197388,-2.5936276415450266e-07,0.6487568020820618,0.657077968120575,-0.015659207478165627,0.6943667531013489,0.6584844589233398,-0.031234998255968094,0.7260501384735107,0.6591423749923706,-0.047948434948921204,0.7504489421844482,0.6569363474845886,-0.062044210731983185,0.7214272022247314,0.5241965651512146,-0.01745033822953701,0.7398601770401001,0.607382595539093,-0.045562583953142166,0.7121313810348511,0.6295496225357056,-0.06517767161130905,0.7009530663490295,0.6088216304779053,-0.07894548773765564,0.6858181953430176,0.5023829936981201,-0.024585634469985962,0.7027038931846619,0.6041033267974854,-0.04863512143492699,0.6766411066055298,0.625178337097168,-0.05766334757208824,0.6663845777511597,0.6027271747589111,-0.06452605873346329,0.6459696292877197,0.49989283084869385,-0.034845754504203796,0.661409854888916,0.5930460095405579,-0.055933982133865356,0.6415250897407532,0.6157703995704651,-0.05384805053472519,0.6308342814445496,0.5971071720123291,-0.05225782096385956,0.6066101789474487,0.5101630687713623,-0.04749953746795654,0.6208536624908447,0.5787343978881836,-0.06052803993225098,0.6099870800971985,0.5985038876533508,-0.05819234624505043,0.6003640294075012,0.5849636197090149,-0.055347464978694916,fist,RRQ_p8,RRQ
0.6883012056350708,0.4714019000530243,-2.7075211050942016e-07,0.7402071356773376,0.46843603253364563,-0.020939959213137627,0.7908251285552979,0.4588201642036438,-0.041436001658439636,0.8234020471572876,0.44095826148986816,-0.06190864369273186,0.8031357526779175,0.4225563406944275,-0.07854483276605606,0.8061420321464539,0.29192864894866943,-0.02224166877567768,0.8378191590309143,0.3500441908836365,-0.05554697662591934,0.8121289610862732,0.3953132927417755,-0.07697013020515442,0.7935971021652222,0.39167460799217224,-0.09055587649345398,0.7649285197257996,0.27143001556396484,-0.02919885888695717,0.7946649193763733,0.35759973526000977,-0.0574958361685276,0.7700812816619873,0.4119641184806824,-0.06498899310827255,0.7583436369895935,0.4034479856491089,-0.06831841170787811,0.7213227152824402,0.27573463320732117,-0.04016457870602608,0.746976375579834,0.3707013726234436,-0.06460138410329819,0.7302030324935913,0.4162002205848694,-0.06034483760595322,0.7194859385490417,0.4047738313674927,-0.0554632842540741,0.6805306673049927,0.2955944538116455,-0.054166585206985474,0.7019599080085754,0.3697715699672699,-0.06637708842754364,0.6941263675689697,0.40536120533943176,-0.061692383140325546,0.6862112283706665,0.396729975938797,-0.056619685143232346,fist,RRQ_p8,RRQ
0.2542578876018524,0.5387159585952759,-6.503627503207099e-08,0.2831350564956665,0.5395228266716003,-0.04254912957549095,0.2962198257446289,0.5228421688079834,-0.06783213466405869,0.24878336489200592,0.5156434774398804,-0.08498769998550415,0.2033233344554901,0.5069214701652527,-0.09636899083852768,0.28886088728904724,0.3888431787490845,-0.050333671271800995,0.2569536864757538,0.4458068907260895,-0.0849573090672493,0.26483845710754395,0.481928288936615,-0.10288941115140915,0.27828308939933777,0.47127941250801086,-0.1123337373137474,0.24948464334011078,0.37441202998161316,-0.04164167121052742,0.2200687974691391,0.44142499566078186,-0.07136768102645874,0.23094336688518524,0.4807584285736084,-0.07757725566625595,0.24239790439605713,0.4662379324436188,-0.07887545973062515,0.2153383195400238,0.382696270942688,-0.03756244480609894,0.18900977075099945,0.4432462453842163,-0.06367538124322891,0.2021828442811966,0.4815334677696228,-0.0581648088991642,0.21390914916992188,0.4678383469581604,-0.05146172642707825,0.185145303606987,0.4019348919391632,-0.037479009479284286,0.16920973360538483,0.44486626982688904,-0.053282976150512695,0.18098145723342896,0.4721548557281494,-0.05032147467136383,0.19235531985759735,0.4635965824127197,-0.04482673853635788,fist,RRQ_p8,RRQ
0.616797924041748,0.7003343105316162,-2.96654377507366e-07,0.5983441472053528,0.6313862800598145,0.0008107189205475152,0.5470530986785889,0.5692024230957031,-0.012444829568266869,0.48011016845703125,0.561085045337677,-0.026382090523838997,0.43415313959121704,0.5802764892578125,-0.040605492889881134,0.5712248086929321,0.531561017036438,-0.0379711352288723,0.476306289434433,0.5288964509963989,-0.06201135367155075,0.48265331983566284,0.5568615198135376,-0.07057381421327591,0.5045105218887329,0.5679634809494019,-0.07355880737304688,0.5685291290283203,0.584311306476593,-0.04960604012012482,0.46949341893196106,0.5796288251876831,-0.07043924182653427,0.48644980788230896,0.6008109450340271,-0.06799221783876419,0.5125975012779236,0.6066445708274841,-0.06620807945728302,0.5603505373001099,0.6392913460731506,-0.05995842069387436,0.4711332619190216,0.6316045522689819,-0.07942679524421692,0.49283841252326965,0.6462816596031189,-0.0674743726849556,0.5199528336524963,0.6477722525596619,-0.05819954723119736,0.5466623306274414,0.6913987994194031,-0.06894740462303162,0.47760480642318726,0.6759699583053589,-0.08432100713253021,0.4965278208255768,0.6844537854194641,-0.07558399438858032,0.5215598344802856,0.687720537185669,-0.06734421104192734,fist,RRQ_p8,RRQ
0.7546826004981995,0.4380694031715393,-2.100542850769216e-08,0.7493544816970825,0.37188270688056946,-0.039581529796123505,0.7326706051826477,0.3201540410518646,-0.07406960427761078,0.6948404908180237,0.3280697166919708,-0.10144373774528503,0.6610013842582703,0.37838977575302124,-0.1254681795835495,0.8299099206924438,0.3229638934135437,-0.07532927393913269,0.7266654968261719,0.31353431940078735,-0.10753332078456879,0.7202371954917908,0.3346535563468933,-0.12552441656589508,0.7474848628044128,0.34670713543891907,-0.13726523518562317,0.8348565697669983,0.3904443383216858,-0.07127032428979874,0.7134722471237183,0.38150787353515625,-0.09452040493488312,0.7236353158950806,0.3860033452510834,-0.09758437424898148,0.7588697671890259,0.3821863532066345,-0.10114148259162903,0.8222932815551758,0.45702818036079407,-0.0689028799533844,0.7075505256652832,0.44179579615592957,-0.08417045325040817,0.7204226851463318,0.4337652027606964,-0.07037462294101715,0.7522271275520325,0.4281105697154999,-0.06064743921160698,0.8014601469039917,0.5124508738517761,-0.07193941622972488,0.7128739953041077,0.4925352931022644,-0.0836724266409874,0.7208898663520813,0.4826846718788147,-0.07689208537340164,0.7480908632278442,0.4806503355503082,-0.06973373144865036,fist,RRQ_p8,RRQ
0.4461577534675598,0.6467026472091675,-7.789437006522348e-08,0.38711482286453247,0.6681464314460754,-0.01009043212980032,0.34281665086746216,0.7081623673439026,-0.03419160097837448,0.32808607816696167,0.7660635709762573,-0.05744890868663788,0.3354417383670807,0.799810528755188,-0.08038046211004257,0.32329118251800537,0.6462724804878235,-0.06150096282362938,0.3170630931854248,0.7710138559341431,-0.08158806711435318,0.34343475103378296,0.7677432298660278,-0.08407760411500931,0.35102176666259766,0.7346317768096924,-0.08679641038179398,0.36668702960014343,0.6428389549255371,-0.07326138764619827,0.36430230736732483,0.7791321277618408,-0.09485304355621338,0.38082870841026306,0.7579882740974426,-0.09008915722370148,0.3823482394218445,0.7212682962417603,-0.08973877131938934,0.41273975372314453,0.6504725813865662,-0.0836053267121315,0.4055064022541046,0.7761619687080383,-0.0984615609049797,0.41737520694732666,0.750906229019165,-0.08307957649230957,0.4166663885116577,0.7124974727630615,-0.07620025426149368,0.4557696282863617,0.6632117033004761,-0.09463464468717575,0.44391965866088867,0.7598483562469482,-0.10766326636075974,0.4492438733577728,0.739436686038971,-0.09962978214025497,0.4497249126434326,0.7025288939476013,-0.09486901015043259,fist,RRQ_p8,RRQ
