x0,y0,z0,x1,y1,z1,x2,y2,z2,x3,y3,z3,x4,y4,z4,x5,y5,z5,x6,y6,z6,x7,y7,z7,x8,y8,z8,x9,y9,z9,x10,y10,z10,x11,y11,z11,x12,y12,z12,x13,y13,z13,x14,y14,z14,x15,y15,z15,x16,y16,z16,x17,y17,z17,x18,y18,z18,x19,y19,z19,x20,y20,z20,label,person_id,collector
0.7459682822227478,0.9337099194526672,-2.735885118454462e-07,0.6974170207977295,0.8858075141906738,-0.018492884933948517,0.6621837019920349,0.8280702233314514,-0.03303570672869682,0.6511039733886719,0.7837911248207092,-0.04986162111163139,0.659153938293457,0.7400363683700562,-0.06663308292627335,0.7110028266906738,0.7189213037490845,-0.020609784871339798,0.7113358974456787,0.642744779586792,-0.04579414427280426,0.7150964140892029,0.5922690629959106,-0.06277510523796082,0.7161996364593506,0.5494089722633362,-0.07456793636083603,0.7527617812156677,0.7265806198120117,-0.02675957977771759,0.7159594297409058,0.7159260511398315,-0.06961506605148315,0.6863458752632141,0.7749044895172119,-0.08341049402952194,0.6650989651679993,0.8254362940788269,-0.08352223038673401,0.7870694398880005,0.7537084817886353,-0.03557178005576134,0.7427181005477905,0.763036847114563,-0.07639040052890778,0.7143419981002808,0.8175641894340515,-0.07605379819869995,0.6938350796699524,0.8607703447341919,-0.06497430056333542,0.8163196444511414,0.791805624961853,-0.04579692706465721,0.784816324710846,0.7907673120498657,-0.07231829315423965,0.7545376420021057,0.8173977136611938,-0.06998152285814285,0.7290155291557312,0.8423886299133301,-0.0608186237514019,point,RRQ_p7,RRQ
0.7058484554290771,0.686147153377533,-3.440832330170451e-08,0.6712315082550049,0.6353492140769958,-0.030006250366568565,0.6508529186248779,0.5789396166801453,-0.05363810807466507,0.6558108329772949,0.5413820147514343,-0.07759654521942139,0.6863675713539124,0.5175852179527283,-0.10064955800771713,0.7272040247917175,0.4728394150733948,-0.03424331918358803,0.7755610346794128,0.41197291016578674,-0.06618521362543106,0.8131862282752991,0.37516558170318604,-0.08853147178888321,0.8441591858863831,0.34614288806915283,-0.10311184078454971,0.7666566371917725,0.5024038553237915,-0.0360555499792099,0.7534435987472534,0.49845194816589355,-0.08659254759550095,0.7143638730049133,0.5503130555152893,-0.10262210667133331,0.6850723624229431,0.5922728776931763,-0.1021716520190239,0.7941089868545532,0.5440130829811096,-0.04127664119005203,0.7738033533096313,0.5519663095474243,-0.08772051334381104,0.7330502271652222,0.593779981136322,-0.08638451248407364,0.7008074522018433,0.6224193572998047,-0.07279381901025772,0.8134022355079651,0.5911177396774292,-0.04884761571884155,0.8042895197868347,0.5941827297210693,-0.08034718036651611,0.7699087262153625,0.6160190105438232,-0.07729680836200714,0.7387967705726624,0.629605770111084,-0.06536123901605606,point,RRQ_p7,RRQ
0.915590226650238,0.6544771790504456,-4.6822947297187056e-08,0.8605374693870544,0.6369534730911255,-0.03063119202852249,0.8157036900520325,0.605222225189209,-0.0520147942006588,0.7943907380104065,0.5656111240386963,-0.07330965250730515,0.780612051486969,0.5217252969741821,-0.0928058996796608,0.7958278059959412,0.5044041872024536,-0.03558780252933502,0.7397811412811279,0.44610801339149475,-0.0699353739619255,0.7070935368537903,0.40855246782302856,-0.09169891476631165,0.6820374131202698,0.3742656707763672,-0.1057959794998169,0.8368740081787109,0.4845576882362366,-0.040749311447143555,0.8071613907814026,0.44441860914230347,-0.09565114229917526,0.813907265663147,0.5016724467277527,-0.11278408765792847,0.8237133026123047,0.5523736476898193,-0.11145450174808502,0.8821093440055847,0.4822849631309509,-0.049595654010772705,0.865159273147583,0.47714540362358093,-0.10291069746017456,0.8680030703544617,0.5524813532829285,-0.10154374688863754,0.870332658290863,0.6068025231361389,-0.08560946583747864,0.9289178252220154,0.49153605103492737,-0.06062747910618782,0.9194867014884949,0.47701236605644226,-0.09501009434461594,0.9081884622573853,0.5261282324790955,-0.09086272120475769,0.8982575535774231,0.5674965977668762,-0.07862357795238495,point,RRQ_p7,RRQ
0.8503032326698303,0.524423360824585,-5.050559082064865e-09,0.7890695333480835,0.5262662172317505,-0.012952757067978382,0.7374007105827332,0.4938453435897827,-0.018334796652197838,0.7090949416160583,0.4407137632369995,-0.0266416072845459,0.6941231489181519,0.3923500180244446,-0.03416794538497925,0.737725019454956,0.4451045095920563,0.008451027795672417,0.6944663524627686,0.4143058955669403,-0.005523053463548422,0.6644532084465027,0.39034757018089294,-0.01613779366016388,0.6406181454658508,0.3674156069755554,-0.023920046165585518,0.7601009607315063,0.41764187812805176,0.004281627479940653,0.7255510687828064,0.37336304783821106,-0.024338003247976303,0.73079514503479,0.4012097418308258,-0.0363919660449028,0.7430203557014465,0.4341455399990082,-0.036076366901397705,0.7883220911026001,0.3983575999736786,-0.0032882734667509794,0.7596020102500916,0.36499208211898804,-0.030840639024972916,0.7622013688087463,0.4059681296348572,-0.03261369839310646,0.7724996209144592,0.4468032717704773,-0.02405756711959839,0.8216108083724976,0.38380154967308044,-0.012359993532299995,0.7972921133041382,0.34686681628227234,-0.02818799763917923,0.7848607301712036,0.36398035287857056,-0.02838677540421486,0.780412495136261,0.39372438192367554,-0.023446589708328247,point,RRQ_p7,RRQ
0.8110178709030151,0.5229666233062744,2.2571665425630272e-08,0.7691091895103455,0.4330967664718628,-0.0007030527340248227,0.7088146805763245,0.38249602913856506,-0.013667399063706398,0.6527318954467773,0.3996278643608093,-0.02562984824180603,0.6263008117675781,0.44012847542762756,-0.040118247270584106,0.7647339105606079,0.3904153108596802,-0.04090369492769241,0.7480447888374329,0.3764485716819763,-0.06534197926521301,0.7237362265586853,0.35811638832092285,-0.07852741330862045,0.7080733776092529,0.34520119428634644,-0.08664416521787643,0.7699694633483887,0.44522836804389954,-0.053089894354343414,0.6687827110290527,0.4397142231464386,-0.0818486288189888,0.6691681146621704,0.4508645534515381,-0.08366969972848892,0.6957606673240662,0.46026885509490967,-0.08169388025999069,0.7630287408828735,0.5022696256637573,-0.06324990093708038,0.6605064272880554,0.5012654066085815,-0.08932381868362427,0.6767206788063049,0.4989658296108246,-0.08040504157543182,0.7125434875488281,0.49335983395576477,-0.06811294704675674,0.7512723803520203,0.5534262657165527,-0.07194237411022186,0.6699642539024353,0.5423675775527954,-0.08909863978624344,0.6801618337631226,0.5311286449432373,-0.08265471458435059,0.7107859253883362,0.5232528448104858,-0.07503820210695267,point,RRQ_p7,RRQ
0.7402536273002625,0.6171310544013977,-3.0819055751862834e-08,0.719985842704773,0.5230525732040405,0.006606388371437788,0.6726229786872864,0.4803519546985626,0.011085866019129753,0.6232407689094543,0.48408371210098267,0.01644793525338173,0.5978838205337524,0.5119075775146484,0.020759759470820427,0.61664217710495,0.48718053102493286,-0.01852179504930973,0.5392816662788391,0.46372008323669434,-0.01906663179397583,0.493435263633728,0.454883873462677,-0.01614909991621971,0.45796698331832886,0.450115442276001,-0.01483685988932848,0.5961001515388489,0.5441136360168457,-0.019033197313547134,0.5615823864936829,0.5259934663772583,-0.011055368930101395,0.5833839774131775,0.5289669632911682,0.0023792528081685305,0.6091222167015076,0.5342824459075928,0.009271465241909027,0.5953305959701538,0.5940444469451904,-0.016626963391900063,0.5808627009391785,0.5742371678352356,-0.0028102025389671326,0.5991344451904297,0.573058009147644,0.010873882099986076,0.6199511885643005,0.5796262621879578,0.01469559408724308,0.6024054884910583,0.6397342085838318,-0.014331852085888386,0.5978589653968811,0.6182615160942078,-0.0002925814187619835,0.6160301566123962,0.6167469620704651,0.01166649628430605,0.6329445242881775,0.6216545701026917,0.01813363842666149,point,RRQ_p7,RRQ
0.660811722278595,0.6476107239723206,1.3489645311892673e-07,0.6396880149841309,0.560774564743042,0.004740423057228327,0.5944212675094604,0.5145418047904968,0.005128695163875818,0.550552487373352,0.517694354057312,0.005108553450554609,0.526531994342804,0.5414406061172485,0.0034581320360302925,0.5424129366874695,0.5075093507766724,-0.014886375516653061,0.4866553544998169,0.44333332777023315,-0.01851082034409046,0.450479656457901,0.4087165594100952,-0.01725797727704048,0.42233753204345703,0.3877300024032593,-0.016421666368842125,0.5205827355384827,0.5569882392883301,-0.018100911751389503,0.4858439862728119,0.5340237617492676,-0.01949169673025608,0.5073549747467041,0.5411064624786377,-0.011608748696744442,0.531584620475769,0.5510032176971436,-0.0056817978620529175,0.5156189799308777,0.6060714721679688,-0.018745599314570427,0.5023691654205322,0.5911501049995422,-0.015279117040336132,0.5233615040779114,0.592825710773468,-0.0035797152668237686,0.5441531538963318,0.600309431552887,0.002628747606649995,0.5182315707206726,0.6523249745368958,-0.01921466737985611,0.5117369890213013,0.6395663022994995,-0.012722672894597054,0.531328558921814,0.6394999623298645,-0.001041240873746574,0.5475971698760986,0.6450963616371155,0.007839550264179707,point,RRQ_p7,RRQ
0.36493241786956787,0.5813607573509216,-1.1231406915612752e-07,0.3959444463253021,0.5173497200012207,0.011799839325249195,0.44082891941070557,0.4769470691680908,0.009568818844854832,0.47868067026138306,0.44171014428138733,0.004479946568608284,0.4993162453174591,0.40733808279037476,-0.0021272858139127493,0.48788678646087646,0.49956077337265015,-0.012517460621893406,0.556326150894165,0.5100204944610596,-0.020440375432372093,0.5953851938247681,0.518460750579834,-0.022917382419109344,0.6263719797134399,0.5254749655723572,-0.02439350262284279,0.49389225244522095,0.5454119443893433,-0.020687449723482132,0.5373223423957825,0.57294762134552,-0.024055326357483864,0.5145167112350464,0.5747626423835754,-0.014027401804924011,0.48748037219047546,0.5660351514816284,-0.0066674635745584965,0.4873165488243103,0.5939932465553284,-0.026660682633519173,0.5131281018257141,0.6119018793106079,-0.025330238044261932,0.49355506896972656,0.6137741804122925,-0.011275041848421097,0.4713336229324341,0.6068731546401978,-0.0034936165902763605,0.4766078591346741,0.6375834345817566,-0.03161483258008957,0.49300509691238403,0.6461308598518372,-0.026310108602046967,0.4739720821380615,0.6439939737319946,-0.013695101253688335,0.45529550313949585,0.6365798711776733,-0.005153493024408817,point,RRQ_p7,RRQ
0.34086790680885315,0.6085940599441528,2.9484314723049465e-07,0.41334572434425354,0.5751439332962036,0.0008881361573003232,0.455459326505661,0.526069164276123,-0.008079014718532562,0.4836035668849945,0.49350810050964355,-0.021053239703178406,0.5100810527801514,0.4712061285972595,-0.03332719951868057,0.42572519183158875,0.43200787901878357,-0.007959543727338314,0.43140944838523865,0.367953896522522,-0.02360980026423931,0.4381486475467682,0.32054269313812256,-0.036240022629499435,0.44328245520591736,0.28654682636260986,-0.04589717835187912,0.4012283384799957,0.4322029948234558,-0.01928197592496872,0.4512005150318146,0.43491095304489136,-0.041032932698726654,0.46766969561576843,0.4853782057762146,-0.048352841287851334,0.4662661552429199,0.5210400819778442,-0.05041547119617462,0.3804221749305725,0.45198705792427063,-0.03032546117901802,0.43163159489631653,0.46408021450042725,-0.04633714258670807,0.4360150992870331,0.5022503137588501,-0.037523992359638214,0.4258368909358978,0.5228115916252136,-0.02919088304042816,0.364329993724823,0.48169001936912537,-0.04220908507704735,0.4064543843269348,0.48978227376937866,-0.051997050642967224,0.4144454002380371,0.516444742679596,-0.04314057156443596,0.4092947840690613,0.5312161445617676,-0.0343015119433403,point,RRQ_p7,RRQ
0.1977815330028534,0.5520220994949341,2.835835175574175e-07,0.23515187203884125,0.49398237466812134,-0.0023580340202897787,0.2680083215236664,0.44523701071739197,-0.020175086334347725,0.3012850284576416,0.42352110147476196,-0.04082786664366722,0.33049318194389343,0.40425941348075867,-0.060374293476343155,0.220251202583313,0.3970763683319092,-0.035778291523456573,0.21573737263679504,0.36562466621398926,-0.06319558620452881,0.19460846483707428,0.34770122170448303,-0.08359671384096146,0.17130598425865173,0.3369961977005005,-0.09784166514873505,0.20178060233592987,0.42405855655670166,-0.050744518637657166,0.265840083360672,0.41054767370224,-0.0789974182844162,0.3035302758216858,0.42632603645324707,-0.08764319121837616,0.32763344049453735,0.44151437282562256,-0.09224352985620499,0.19914881885051727,0.46753305196762085,-0.06442918628454208,0.27180883288383484,0.4680721163749695,-0.07994498312473297,0.26306310296058655,0.4873461127281189,-0.06505667418241501,0.24143947660923004,0.49838778376579285,-0.055505163967609406,0.2048896700143814,0.5120578408241272,-0.08017084747552872,0.26537373661994934,0.51700758934021,-0.08904017508029938,0.25595420598983765,0.525599479675293,-0.07594893872737885,0.23535282909870148,0.5287431478500366,-0.06582619249820709,point,RRQ_p7,RRQ
0.19709773361682892,0.547752857208252,2.761800601547293e-07,0.2322976440191269,0.4946993589401245,0.006104710046201944,0.27914828062057495,0.46201080083847046,-0.00469652283936739,0.3217562437057495,0.45611369609832764,-0.018402358517050743,0.3522511422634125,0.4572916328907013,-0.03246564045548439,0.26232653856277466,0.4216194450855255,-0.027903540059924126,0.2890881299972534,0.3893320560455322,-0.046419743448495865,0.306409627199173,0.362712562084198,-0.057066209614276886,0.31961360573768616,0.33916136622428894,-0.0643654465675354,0.2536894381046295,0.4448968172073364,-0.04389355704188347,0.33480459451675415,0.44724443554878235,-0.06389201432466507,0.3459501564502716,0.47278541326522827,-0.06403238326311111,0.341982901096344,0.4860793948173523,-0.061610396951436996,0.24955151975154877,0.48545339703559875,-0.05788099393248558,0.3269428014755249,0.5037187933921814,-0.07210185378789902,0.3141767978668213,0.5211976170539856,-0.05800192803144455,0.2912491261959076,0.5204973816871643,-0.04618360102176666,0.24842914938926697,0.5317682027816772,-0.07170426845550537,0.30913448333740234,0.543243944644928,-0.0745096206665039,0.29808637499809265,0.5510581135749817,-0.05870557576417923,0.2759893834590912,0.5485553741455078,-0.04669863358139992,point,RRQ_p7,RRQ
0.19931632280349731,0.5713680386543274,3.878517418343108e-08,0.22412024438381195,0.49313434958457947,0.005680019035935402,0.2735995054244995,0.4542548656463623,0.0038097004871815443,0.3201387822628021,0.45156896114349365,0.0005330410785973072,0.35233211517333984,0.4667835533618927,-0.002616652986034751,0.29547998309135437,0.43976104259490967,-0.009450099430978298,0.3579833209514618,0.4322742819786072,-0.014055369421839714,0.39465466141700745,0.43245285749435425,-0.014961224049329758,0.42331865429878235,0.43291813135147095,-0.015881549566984177,0.3085806667804718,0.48534029722213745,-0.01638290099799633,0.358423113822937,0.4799545407295227,-0.02124590426683426,0.34465745091438293,0.4858499765396118,-0.016794050112366676,0.3235492706298828,0.49101001024246216,-0.01221000961959362,0.3157356381416321,0.5334842801094055,-0.021566051989793777,0.3506585359573364,0.5243058800697327,-0.02101677656173706,0.33645299077033997,0.5284993648529053,-0.00966828502714634,0.3178763687610626,0.5336237549781799,-0.0021581046748906374,0.318050354719162,0.577378511428833,-0.026761498302221298,0.34265097975730896,0.5635089874267578,-0.019955500960350037,0.32943594455718994,0.5659101009368896,-0.007415445521473885,0.3142584562301636,0.572304904460907,0.0016340455040335655,point,RRQ_p7,RRQ
0.19890883564949036,0.5628084540367126,-2.2226549489801073e-08,0.21433019638061523,0.48498913645744324,0.009130734018981457,0.24719750881195068,0.4369564950466156,0.0041741360910236835,0.28117483854293823,0.42982739210128784,-0.0035237178672105074,0.3085561990737915,0.44695812463760376,-0.011897904798388481,0.2621687948703766,0.4063495993614197,-0.015525401569902897,0.2951056957244873,0.33944880962371826,-0.025175508111715317,0.3164358139038086,0.29847657680511475,-0.028571827337145805,0.3306017518043518,0.2644251585006714,-0.030917443335056305,0.28131717443466187,0.4377724826335907,-0.02780156210064888,0.3340718448162079,0.4099770486354828,-0.03946998342871666,0.3243641257286072,0.4353195130825043,-0.036318644881248474,0.30338746309280396,0.4516926407814026,-0.030566319823265076,0.2956809401512146,0.48156699538230896,-0.037642378360033035,0.3346501886844635,0.47064292430877686,-0.042642079293727875,0.3210979402065277,0.4890384376049042,-0.0301031693816185,0.3022303283214569,0.49655988812446594,-0.019912248477339745,0.3043975532054901,0.5275607705116272,-0.04695313423871994,0.3374502956867218,0.5130214095115662,-0.04150902107357979,0.32412055134773254,0.5244224071502686,-0.02500075288116932,0.3068675994873047,0.5299145579338074,-0.012554994784295559,point,RRQ_p7,RRQ
0.18340913951396942,0.5779886245727539,9.00841001794106e-08,0.19510462880134583,0.5008543729782104,0.004608311224728823,0.2286328375339508,0.4472145736217499,-0.002197965746745467,0.26698625087738037,0.43485116958618164,-0.011053800582885742,0.2979818284511566,0.4498012959957123,-0.020177965983748436,0.23430076241493225,0.41791003942489624,-0.019337335601449013,0.28899654746055603,0.3683459162712097,-0.0314837209880352,0.3230248987674713,0.3411504030227661,-0.03682469576597214,0.3491460978984833,0.31971120834350586,-0.04031364992260933,0.2528148889541626,0.4548535645008087,-0.030293835327029228,0.31533363461494446,0.4269692599773407,-0.046543434262275696,0.3026919364929199,0.4495140314102173,-0.04468560218811035,0.2795283794403076,0.46638399362564087,-0.0391833558678627,0.2701560854911804,0.5003014802932739,-0.03932112827897072,0.3178575336933136,0.4777502417564392,-0.04735995829105377,0.30367884039878845,0.49489885568618774,-0.033791203051805496,0.28433912992477417,0.5056878328323364,-0.022185856476426125,0.2830432951450348,0.5459563136100769,-0.04837481677532196,0.32130444049835205,0.5223173499107361,-0.0455925427377224,0.30700457096099854,0.5326281785964966,-0.029601093381643295,0.289655476808548,0.5414981842041016,-0.017214970663189888,point,RRQ_p7,RRQ
0.1927674412727356,0.5709533095359802,4.383243634720202e-08,0.22538045048713684,0.5029318332672119,0.009353479370474815,0.27566155791282654,0.47520577907562256,0.00744972238317132,0.31774160265922546,0.47948116064071655,0.0032348178792744875,0.3472389876842499,0.49546363949775696,-0.0009399719419889152,0.3000235855579376,0.45669037103652954,-0.011053948663175106,0.3632141053676605,0.4646139144897461,-0.01651020534336567,0.3985469341278076,0.4739239811897278,-0.017703695222735405,0.4262780249118805,0.4809594750404358,-0.01863320916891098,0.3062642216682434,0.5007696747779846,-0.020572880282998085,0.35941532254219055,0.5106918215751648,-0.024522600695490837,0.343843936920166,0.5176168084144592,-0.01870405673980713,0.3223356008529663,0.5186792612075806,-0.013964473269879818,0.3060009479522705,0.5485994219779968,-0.027943843975663185,0.3444214463233948,0.5551913976669312,-0.02668827585875988,0.3277522921562195,0.5592313408851624,-0.014010281302034855,0.3080601692199707,0.5590224862098694,-0.006206620950251818,0.300809383392334,0.5934278964996338,-0.03504031151533127,0.334178626537323,0.5971518754959106,-0.027394043281674385,0.3205859959125519,0.5971755981445312,-0.013781588524580002,0.3024424910545349,0.5955674648284912,-0.004470130894333124,point,RRQ_p7,RRQ
0.7721328139305115,0.6210901737213135,-4.856721602664038e-07,0.748519778251648,0.5561681389808655,-0.0037538029719144106,0.7522213459014893,0.47149354219436646,-0.006805438548326492,0.7579900026321411,0.4111762046813965,-0.014455066993832588,0.75136798620224,0.3586387038230896,-0.022688647732138634,0.8143739700317383,0.4366510212421417,0.0200180821120739,0.8024851679801941,0.3959777355194092,-0.0032201746944338083,0.7836202383041382,0.36519113183021545,-0.019555022940039635,0.770401120185852,0.34023165702819824,-0.029567983001470566,0.8428276777267456,0.4488104283809662,0.007881094701588154,0.8302842974662781,0.3885601758956909,-0.024685408920049667,0.7924558520317078,0.43634384870529175,-0.03297566622495651,0.7829444408416748,0.476087749004364,-0.028317855671048164,0.8647538423538208,0.4757910668849945,-0.00877008493989706,0.8363842368125916,0.42644351720809937,-0.042751993983983994,0.8006978034973145,0.4773745834827423,-0.03700525686144829,0.7982954978942871,0.5119410753250122,-0.022625301033258438,0.8808889985084534,0.513439953327179,-0.02613140270113945,0.8460408449172974,0.4705958664417267,-0.04667516425251961,0.8175952434539795,0.5027486085891724,-0.04028419032692909,0.8175742030143738,0.5300961136817932,-0.029937665909528732,pinch,RRQ_p7,RRQ
0.7681955099105835,0.6275436878204346,-4.834106448470266e-07,0.7465128898620605,0.568818211555481,-0.00738347414880991,0.7451179623603821,0.487634539604187,-0.0134007278829813,0.7463688254356384,0.4296756982803345,-0.02284672111272812,0.7412555813789368,0.3778843879699707,-0.031914860010147095,0.8136776089668274,0.442554235458374,0.012296684086322784,0.8000951409339905,0.40293076634407043,-0.013176013715565205,0.778491199016571,0.37478917837142944,-0.030331352725625038,0.7607475519180298,0.3547842502593994,-0.03998919203877449,0.8430967330932617,0.4576334059238434,0.00226150662638247,0.8235893249511719,0.400829941034317,-0.02933349646627903,0.7862017750740051,0.4483422636985779,-0.0366109199821949,0.7778921723365784,0.48651179671287537,-0.03207891434431076,0.8652209639549255,0.48747193813323975,-0.012459373101592064,0.8294176459312439,0.44538557529449463,-0.04507070407271385,0.7957403659820557,0.4951550364494324,-0.03875031694769859,0.7946823239326477,0.5284765958786011,-0.024851234629750252,0.8809783458709717,0.5280768275260925,-0.028340337797999382,0.8440882563591003,0.49120086431503296,-0.047879017889499664,0.8139930367469788,0.5194103717803955,-0.041586119681596756,0.8105485439300537,0.5432084798812866,-0.03159131854772568,pinch,RRQ_p7,RRQ
0.7356674671173096,0.8983205556869507,-9.335261665910366e-07,0.6545074582099915,0.8309856057167053,-0.029798706993460655,0.5922915935516357,0.6982554197311401,-0.05243886262178421,0.54142165184021,0.6140412092208862,-0.0769658014178276,0.4751024842262268,0.5502219796180725,-0.09814523160457611,0.6892533302307129,0.5135939717292786,-0.016782324761152267,0.6118613481521606,0.4797316789627075,-0.07792363315820694,0.5439327359199524,0.4815737009048462,-0.11125680804252625,0.4895395040512085,0.48533642292022705,-0.12692461907863617,0.7546302676200867,0.524802029132843,-0.031940948218107224,0.6477804183959961,0.504672646522522,-0.09233536571264267,0.6053625345230103,0.6380260586738586,-0.09600488841533661,0.6178961396217346,0.6843864321708679,-0.08243760466575623,0.808609664440155,0.5838873386383057,-0.05715840682387352,0.6908512115478516,0.619770884513855,-0.11720114201307297,0.6536706686019897,0.7338987588882446,-0.09547591954469681,0.6736422181129456,0.753874659538269,-0.06592156738042831,0.8485500812530518,0.6681336164474487,-0.08650785684585571,0.7514705657958984,0.7016443014144897,-0.12180527299642563,0.7035451531410217,0.7704430818557739,-0.10537420213222504,0.7054945230484009,0.7851388454437256,-0.08407753705978394,pinch,RRQ_p7,RRQ
0.5486533641815186,0.8687210083007812,-9.639055633670068e-07,0.42715972661972046,0.7863016724586487,-0.013810714706778526,0.34759625792503357,0.676243245601654,-0.035338494926691055,0.2806943655014038,0.6168598532676697,-0.05962264537811279,0.2052333950996399,0.5768011808395386,-0.08185901492834091,0.4499838352203369,0.4788171648979187,-0.016362827271223068,0.34949249029159546,0.476637601852417,-0.0723198875784874,0.26940762996673584,0.49564796686172485,-0.11020044982433319,0.20534537732601166,0.5219602584838867,-0.13177978992462158,0.5036212205886841,0.4986444115638733,-0.03833772614598274,0.3593265116214752,0.5213720202445984,-0.09087582677602768,0.3378845751285553,0.6350159645080566,-0.10063296556472778,0.35741621255874634,0.67661452293396,-0.09854559600353241,0.5432858467102051,0.5602275729179382,-0.06696999818086624,0.39642974734306335,0.6221275925636292,-0.11537477374076843,0.39152348041534424,0.7125955820083618,-0.10016698390245438,0.4223722219467163,0.7234296798706055,-0.0822300836443901,0.5650535821914673,0.6463720798492432,-0.09824390709400177,0.43989282846450806,0.7002125978469849,-0.1324024349451065,0.4214338958263397,0.7596197128295898,-0.12271952629089355,0.44043368101119995,0.7668412923812866,-0.10937215387821198,pinch,RRQ_p7,RRQ
0.6800771951675415,0.9291605949401855,-8.805335482975352e-07,0.5701749920845032,0.8817244172096252,-0.032616470009088516,0.48426342010498047,0.7929445505142212,-0.06386199593544006,0.4087626039981842,0.7486885786056519,-0.09557560086250305,0.32531484961509705,0.7186152935028076,-0.12411665916442871,0.5487721562385559,0.5686111450195312,-0.03902837634086609,0.4555167555809021,0.5776422619819641,-0.1114717498421669,0.38113003969192505,0.6185516119003296,-0.15521661937236786,0.32360202074050903,0.6511172652244568,-0.17861032485961914,0.6184308528900146,0.5705788731575012,-0.05782698839902878,0.4909723103046417,0.6084660291671753,-0.12491463869810104,0.47048890590667725,0.745079517364502,-0.1343294084072113,0.4882124662399292,0.7828853130340576,-0.12721464037895203,0.6803094744682312,0.6288757920265198,-0.08608049899339676,0.5535712242126465,0.7371568083763123,-0.14954939484596252,0.541243851184845,0.8474406003952026,-0.1310582011938095,0.5660101175308228,0.8465031385421753,-0.10609026998281479,0.7262532114982605,0.7193421125411987,-0.11842329055070877,0.6197361946105957,0.818996787071228,-0.1594015508890152,0.5971215963363647,0.8892511129379272,-0.1461842805147171,0.6114695072174072,0.884122371673584,-0.12785115838050842,pinch,RRQ_p7,RRQ
0.25353947281837463,0.7298088669776917,4.7405671921296744e-07,0.2957114279270172,0.6629574298858643,-0.027399221435189247,0.32186397910118103,0.5955986380577087,-0.05303415283560753,0.34632933139801025,0.5420570373535156,-0.08069504052400589,0.36325082182884216,0.49197134375572205,-0.10696817934513092,0.2571966350078583,0.4892691671848297,-0.02987796440720558,0.2971307635307312,0.427747905254364,-0.0846666768193245,0.33456355333328247,0.4510553777217865,-0.1278487592935562,0.3553681969642639,0.4847877323627472,-0.1492050439119339,0.2158266305923462,0.4830227792263031,-0.042137838900089264,0.20353028178215027,0.3602786660194397,-0.07654280215501785,0.19267761707305908,0.2772892117500305,-0.10680502653121948,0.17474843561649323,0.20174890756607056,-0.12777218222618103,0.1794547140598297,0.5112244486808777,-0.06082246080040932,0.14706745743751526,0.4017833471298218,-0.09380704909563065,0.12824702262878418,0.3273983597755432,-0.11797407269477844,0.10960519313812256,0.25857365131378174,-0.13204653561115265,0.14875799417495728,0.565168023109436,-0.08186779171228409,0.1179015040397644,0.4824128746986389,-0.10367241501808167,0.10135316848754883,0.4252820312976837,-0.1099487841129303,0.08710354566574097,0.3693206310272217,-0.11331194639205933,pinch,RRQ_p7,RRQ
0.21513371169567108,0.8954575061798096,7.415263780785608e-07,0.2581546902656555,0.8272331953048706,-0.04895636439323425,0.27997639775276184,0.749783456325531,-0.08919770270586014,0.3059414327144623,0.6958706378936768,-0.1288791447877884,0.3470236659049988,0.6596242189407349,-0.16640788316726685,0.23116686940193176,0.6173879504203796,-0.053998611867427826,0.27507483959198,0.5569995641708374,-0.12459507584571838,0.31549495458602905,0.589663028717041,-0.17877881228923798,0.3410971760749817,0.6272106766700745,-0.2067570686340332,0.17647111415863037,0.6069411635398865,-0.06280580163002014,0.16716061532497406,0.4708605408668518,-0.11018943786621094,0.1621319055557251,0.3724227249622345,-0.14652585983276367,0.1512075513601303,0.276498407125473,-0.17127637565135956,0.12468473613262177,0.6373019814491272,-0.08090654760599136,0.08648953586816788,0.5060133934020996,-0.1272447407245636,0.0659630224108696,0.40893781185150146,-0.1591113805770874,0.04899954795837402,0.31412068009376526,-0.17710697650909424,0.07798223197460175,0.6990882158279419,-0.10291626304388046,0.03859202563762665,0.5973924398422241,-0.1324339210987091,0.018398091197013855,0.5248606204986572,-0.14292559027671814,0.003463149070739746,0.4510588049888611,-0.14969925582408905,pinch,RRQ_p7,RRQ
0.27326858043670654,0.83188796043396,1.8420119829443138e-07,0.2948606610298157,0.7537541389465332,-0.022930685430765152,0.2883882522583008,0.6535475254058838,-0.03794221952557564,0.2822941541671753,0.574698805809021,-0.054157499223947525,0.2995438873767853,0.5103548169136047,-0.06845398992300034,0.23324033617973328,0.5908678770065308,-0.0010441062040627003,0.2373097687959671,0.5476218461990356,-0.03095386177301407,0.2489660680294037,0.5132178068161011,-0.043210770934820175,0.2588808238506317,0.47758418321609497,-0.04838435724377632,0.1862221658229828,0.620015561580658,-0.0042395698837935925,0.19735856354236603,0.5684353113174438,-0.03838832676410675,0.2318696826696396,0.6422119140625,-0.03588973730802536,0.22292616963386536,0.655606746673584,-0.02245267666876316,0.15050192177295685,0.6648910641670227,-0.013851525261998177,0.17136865854263306,0.6406928300857544,-0.05997749790549278,0.21187472343444824,0.7016059160232544,-0.04841909557580948,0.20349924266338348,0.7090322971343994,-0.027448279783129692,0.12076278030872345,0.7209751009941101,-0.024501098319888115,0.1401987075805664,0.7041873931884766,-0.055243607610464096,0.1833982616662979,0.7388122081756592,-0.044280607253313065,0.18609726428985596,0.7470560073852539,-0.027732593938708305,pinch,RRQ_p7,RRQ
0.24804674088954926,0.6817225813865662,-1.2167516771910414e-08,0.27813395857810974,0.6100828051567078,-0.022056803107261658,0.2823600769042969,0.5177220702171326,-0.03327362984418869,0.2646327018737793,0.4557633399963379,-0.04395987465977669,0.2562267780303955,0.40139874815940857,-0.053439605981111526,0.21326172351837158,0.4374314546585083,-0.01138830091804266,0.21425627171993256,0.40942245721817017,-0.03999539092183113,0.222028449177742,0.3903922438621521,-0.0597299300134182,0.23835009336471558,0.38065576553344727,-0.06950965523719788,0.16631752252578735,0.45908790826797485,-0.012076104059815407,0.19556628167629242,0.45538926124572754,-0.05354247987270355,0.2343825399875641,0.5186542272567749,-0.06489584594964981,0.26574113965034485,0.5695198178291321,-0.060228381305933,0.13048076629638672,0.5014361143112183,-0.01678774692118168,0.16747106611728668,0.5140199661254883,-0.06011725589632988,0.21176345646381378,0.5714744925498962,-0.05866039916872978,0.24505844712257385,0.6116446852684021,-0.04397060349583626,0.10218530148267746,0.5573920011520386,-0.023208942264318466,0.13914194703102112,0.5665012001991272,-0.05640828609466553,0.18268457055091858,0.6007642149925232,-0.0564943328499794,0.21061725914478302,0.622100830078125,-0.04554547742009163,pinch,RRQ_p7,RRQ
0.3037121295928955,0.7336481809616089,2.2756840678539447e-07,0.2934889793395996,0.6200493574142456,-0.01262880489230156,0.2625383138656616,0.5254879593849182,-0.02919776365160942,0.24457332491874695,0.4564110338687897,-0.049999043345451355,0.24952320754528046,0.38291919231414795,-0.07042790949344635,0.1347741335630417,0.5377559661865234,-0.006329814903438091,0.17087580263614655,0.4533357322216034,-0.046042442321777344,0.19330403208732605,0.3979906439781189,-0.07573626190423965,0.21351973712444305,0.34582218527793884,-0.09292449057102203,0.11245974898338318,0.5847954750061035,-0.018523426726460457,0.18060381710529327,0.4894985556602478,-0.06742678582668304,0.2406524121761322,0.5308098793029785,-0.08077780157327652,0.27332887053489685,0.5691964030265808,-0.07706750184297562,0.11289249360561371,0.6385882496833801,-0.03488483652472496,0.19747649133205414,0.5541659593582153,-0.0824609324336052,0.2583714723587036,0.5931167006492615,-0.07820279151201248,0.2871255874633789,0.6258693337440491,-0.05992411449551582,0.1294075846672058,0.695864200592041,-0.05337231978774071,0.19908757507801056,0.6255902647972107,-0.08081553876399994,0.25082927942276,0.6352861523628235,-0.07391060143709183,0.2765153646469116,0.6503859162330627,-0.058421894907951355,pinch,RRQ_p7,RRQ
0.7045725584030151,0.6935882568359375,-6.275720920712047e-07,0.6671172976493835,0.6031201481819153,-0.03322984278202057,0.6630289554595947,0.46345770359039307,-0.05432863160967827,0.6593199968338013,0.3598739504814148,-0.07729245722293854,0.6328648328781128,0.27393895387649536,-0.10007727146148682,0.7654106616973877,0.36755073070526123,-0.006983460858464241,0.7257970571517944,0.30653268098831177,-0.0584888756275177,0.6993678212165833,0.254357248544693,-0.09343647211790085,0.6838817596435547,0.2078137993812561,-0.11465620249509811,0.8254294395446777,0.3999978303909302,-0.018029993399977684,0.7870148420333862,0.310134619474411,-0.08749169856309891,0.7190790772438049,0.40733012557029724,-0.10493356734514236,0.6962156295776367,0.485490620136261,-0.09751281142234802,0.8729647397994995,0.463685005903244,-0.03765909746289253,0.8219268918037415,0.40172144770622253,-0.11240420490503311,0.7458778619766235,0.49127304553985596,-0.10265465080738068,0.7202593684196472,0.5570446252822876,-0.07328139990568161,0.9092011451721191,0.5465490221977234,-0.05976337194442749,0.8731202483177185,0.4911470115184784,-0.10621243715286255,0.8044453859329224,0.5242452025413513,-0.09503251314163208,0.7695353627204895,0.5580440759658813,-0.07365754246711731,pinch,RRQ_p7,RRQ
0.7833603620529175,0.6382447481155396,-9.525785458208702e-07,0.6761742234230042,0.569046139717102,-0.05024749040603638,0.5910631418228149,0.4442070722579956,-0.09064633399248123,0.5109157562255859,0.37239736318588257,-0.12962333858013153,0.4176005721092224,0.33414894342422485,-0.16343426704406738,0.6862738132476807,0.1838524490594864,-0.04421810060739517,0.5607590675354004,0.19175191223621368,-0.13412192463874817,0.476065456867218,0.22617308795452118,-0.1891135275363922,0.41308364272117615,0.23832130432128906,-0.21892213821411133,0.7719127535820007,0.17628933489322662,-0.06043706461787224,0.6164717078208923,0.19001848995685577,-0.1542111039161682,0.5986894369125366,0.34916919469833374,-0.17356045544147491,0.6298407912254333,0.39062967896461487,-0.16568022966384888,0.8462100028991699,0.2329133301973343,-0.08895871043205261,0.689815104007721,0.33460232615470886,-0.17264512181282043,0.6865141987800598,0.46964237093925476,-0.15203596651554108,0.7305840253829956,0.4684341549873352,-0.11978588253259659,0.9044625163078308,0.32197409868240356,-0.12398026883602142,0.7763983011245728,0.4125533699989319,-0.1735658049583435,0.7631902694702148,0.4998164176940918,-0.15739770233631134,0.7972304224967957,0.494332492351532,-0.13375653326511383,pinch,RRQ_p7,RRQ
0.7400703430175781,0.8208231329917908,-7.970143656166329e-07,0.6732891798019409,0.821374773979187,-0.020926998928189278,0.5725303292274475,0.7667243480682373,-0.028947267681360245,0.5067038536071777,0.7352163195610046,-0.03892212733626366,0.443059504032135,0.7357122898101807,-0.04870152100920677,0.5562831163406372,0.6239035725593567,0.0047155641950666904,0.5027822852134705,0.6233283281326294,-0.03880859911441803,0.4636155366897583,0.644618034362793,-0.07051564753055573,0.4258520007133484,0.673806369304657,-0.08806771785020828,0.5938732624053955,0.5795221328735352,-0.004924259148538113,0.5282289385795593,0.6107448935508728,-0.06038766726851463,0.5587018728256226,0.7195106744766235,-0.0748014748096466,0.5911616086959839,0.7915623188018799,-0.069333516061306,0.6457952857017517,0.5621658563613892,-0.022283639758825302,0.588948667049408,0.6183205246925354,-0.08083098381757736,0.619684636592865,0.7263829708099365,-0.07414297759532928,0.6493493914604187,0.7875840663909912,-0.05214661732316017,0.7031936645507812,0.5629007816314697,-0.04167124629020691,0.6567946672439575,0.6179689764976501,-0.0826517641544342,0.6640247106552124,0.7032087445259094,-0.07819486409425735,0.6772515773773193,0.749579668045044,-0.06395982205867767,pinch,RRQ_p7,RRQ
0.7153675556182861,0.7518247365951538,-5.0516113958565256e-08,0.6657509803771973,0.7325742244720459,-0.05513853207230568,0.6154187321662903,0.7001866698265076,-0.09516753256320953,0.588451623916626,0.6513654589653015,-0.1294739842414856,0.5598125457763672,0.6103069186210632,-0.15889723598957062,0.577843427658081,0.5471360087394714,-0.056055422872304916,0.5557162761688232,0.5268658995628357,-0.11075735092163086,0.5578148365020752,0.5118898153305054,-0.14309784770011902,0.5775479078292847,0.5361602902412415,-0.1572762280702591,0.6289514303207397,0.5036660432815552,-0.05131107568740845,0.6313565373420715,0.5192575454711914,-0.11580876260995865,0.6562174558639526,0.6145850419998169,-0.1304631233215332,0.6714279055595398,0.6846749186515808,-0.12371717393398285,0.6880693435668945,0.4908859431743622,-0.054163608700037,0.7045644521713257,0.5223332643508911,-0.11655104160308838,0.7171700596809387,0.6173366904258728,-0.10699152946472168,0.715679407119751,0.6816583275794983,-0.08348194509744644,0.7475926280021667,0.4996160566806793,-0.06170392408967018,0.7692970633506775,0.5172064304351807,-0.10533050447702408,0.7660806179046631,0.5889913439750671,-0.09739162772893906,0.7510355710983276,0.6363384127616882,-0.078652024269104,pinch,RRQ_p7,RRQ
0.5526744723320007,0.4864776134490967,7.405391784232052e-07,0.5684863328933716,0.5442544221878052,-0.09902050346136093,0.6322232484817505,0.5396617650985718,-0.15489858388900757,0.7261207699775696,0.5079312920570374,-0.1839025765657425,0.8014554381370544,0.4735206961631775,-0.2047186940908432,0.5635570287704468,0.36807695031166077,-0.1758391410112381,0.6890161037445068,0.36413446068763733,-0.22093726694583893,0.7753704786300659,0.39100712537765503,-0.2351359874010086,0.8381884098052979,0.4118669629096985,-0.24526134133338928,0.5846037864685059,0.29325181245803833,-0.13558067381381989,0.6900628209114075,0.34167373180389404,-0.17863233387470245,0.684765100479126,0.40782544016838074,-0.1734447479248047,0.6586247682571411,0.42524152994155884,-0.17102275788784027,0.6055865287780762,0.26313507556915283,-0.09686774760484695,0.6905598044395447,0.32490378618240356,-0.13210666179656982,0.6767928600311279,0.3864486515522003,-0.11529328674077988,0.6476919054985046,0.39813312888145447,-0.10415343940258026,0.623507559299469,0.2606472969055176,-0.0651082694530487,0.6883091926574707,0.31451380252838135,-0.09336118400096893,0.6770036220550537,0.3615887761116028,-0.08939704298973083,0.6509672999382019,0.36583706736564636,-0.08417727053165436,pinch,RRQ_p7,RRQ
0.6719191074371338,0.46088284254074097,-4.92597393986216e-07,0.6115447282791138,0.41921505331993103,-0.02847628854215145,0.5608365535736084,0.35246893763542175,-0.04712338373064995,0.5700286626815796,0.279476523399353,-0.06683763116598129,0.6212860941886902,0.24300238490104675,-0.0798037201166153,0.5819968581199646,0.24211715161800385,-0.008196799084544182,0.5690509676933289,0.17758353054523468,-0.05429956689476967,0.5747278928756714,0.25384923815727234,-0.07573345303535461,0.5861057043075562,0.28887397050857544,-0.08315490186214447,0.6322627067565918,0.23851516842842102,-0.01385454274713993,0.6228812336921692,0.16407030820846558,-0.05978821963071823,0.6169574856758118,0.26061490178108215,-0.06332360953092575,0.6230804324150085,0.2872046232223511,-0.051904432475566864,0.6804870963096619,0.2522028386592865,-0.028337113559246063,0.6736056804656982,0.2037850171327591,-0.07364983856678009,0.6597480177879333,0.2968379557132721,-0.0597737580537796,0.6623405814170837,0.31852987408638,-0.0359840989112854,0.7302746772766113,0.27828335762023926,-0.045822735875844955,0.7186295986175537,0.24176977574825287,-0.0682641938328743,0.7003196477890015,0.3036910891532898,-0.05418672040104866,0.6966058015823364,0.32602015137672424,-0.035900816321372986,fist,RRQ_p7,RRQ
0.6787756085395813,0.4563278555870056,-5.46105184184853e-07,0.6183938384056091,0.41571247577667236,-0.025939006358385086,0.567681610584259,0.34711694717407227,-0.04259190708398819,0.5794116854667664,0.27270713448524475,-0.06064823642373085,0.6348758935928345,0.24245807528495789,-0.07236320525407791,0.5898269414901733,0.23790432512760162,-0.0082973912358284,0.577000081539154,0.1727142632007599,-0.05045698955655098,0.5846015810966492,0.24951452016830444,-0.06953968852758408,0.5944057106971741,0.28148558735847473,-0.07657258212566376,0.6397281289100647,0.23483526706695557,-0.014216063544154167,0.6303302645683289,0.16624867916107178,-0.05651295930147171,0.6264408230781555,0.26254189014434814,-0.0592777319252491,0.6309321522712708,0.28807878494262695,-0.04888186231255531,0.6869765520095825,0.24836787581443787,-0.028216706588864326,0.6811510324478149,0.20628014206886292,-0.07038827985525131,0.6674867272377014,0.2983517646789551,-0.05810358747839928,0.6670401692390442,0.3208947777748108,-0.03666233643889427,0.7352400422096252,0.27376461029052734,-0.04496174305677414,0.7243165373802185,0.2416713535785675,-0.06576202064752579,0.7057946920394897,0.3022082448005676,-0.05332184210419655,0.7001882195472717,0.3256171941757202,-0.03707224130630493,fist,RRQ_p7,RRQ
0.6567516326904297,0.607962429523468,-5.500382371792512e-07,0.6524599194526672,0.5342686176300049,-0.042192403227090836,0.6627612709999084,0.4481962025165558,-0.0680265724658966,0.6910468339920044,0.40719538927078247,-0.08967693895101547,0.7237095236778259,0.4521150588989258,-0.10293760895729065,0.7992287278175354,0.41622480750083923,-0.027808597311377525,0.7829238772392273,0.3849315345287323,-0.06804462522268295,0.7302528023719788,0.4257105588912964,-0.08934181928634644,0.7241715788841248,0.450380802154541,-0.10108600556850433,0.8288241624832153,0.4809378683567047,-0.026688626036047935,0.806086540222168,0.4478321671485901,-0.06694269180297852,0.7401838302612305,0.47602689266204834,-0.07092459499835968,0.7325250506401062,0.49176228046417236,-0.06399666517972946,0.8326714634895325,0.54969322681427,-0.03373938053846359,0.7886277437210083,0.5272763967514038,-0.07123009115457535,0.7325655817985535,0.5408735871315002,-0.060723647475242615,0.7331675291061401,0.5489580035209656,-0.044190663844347,0.8234094381332397,0.6196215152740479,-0.04585213586688042,0.7755576372146606,0.5981714129447937,-0.0653543472290039,0.7334268093109131,0.592119038105011,-0.0587194487452507,0.7279660105705261,0.5883245468139648,-0.04797452315688133,fist,RRQ_p7,RRQ
0.6915588974952698,0.6538346409797668,-5.200919304115814e-07,0.6313152313232422,0.6166630983352661,-0.020924318581819534,0.5795712471008301,0.5385218858718872,-0.03182467818260193,0.5885164737701416,0.46191298961639404,-0.043953895568847656,0.6427562236785889,0.44968709349632263,-0.05044307932257652,0.6126829385757446,0.44247904419898987,-0.0019287338946014643,0.5986586809158325,0.3861551284790039,-0.03749670833349228,0.6034537553787231,0.45704635977745056,-0.05335582047700882,0.613944411277771,0.482849657535553,-0.05978218838572502,0.6583166122436523,0.4407067894935608,-0.008589331991970539,0.6458055377006531,0.37857213616371155,-0.04581142216920853,0.6398981809616089,0.4683893322944641,-0.04643569514155388,0.6471470594406128,0.4905654788017273,-0.0349285788834095,0.7014106512069702,0.45588797330856323,-0.022569485008716583,0.687271237373352,0.416481614112854,-0.05955237150192261,0.6749251484870911,0.5030480027198792,-0.04589865356683731,0.680584192276001,0.5195086002349854,-0.024635227397084236,0.7465485334396362,0.48179346323013306,-0.03906581923365593,0.7246153354644775,0.45969876646995544,-0.05721844732761383,0.7089720368385315,0.5169326663017273,-0.044671062380075455,0.7118659019470215,0.532736599445343,-0.028970733284950256,fist,RRQ_p7,RRQ
0.6975377202033997,0.6522670388221741,-3.5583175872488937e-07,0.642823338508606,0.6578406095504761,-0.06369328498840332,0.5915812849998474,0.6585860252380371,-0.1079811304807663,0.603327751159668,0.6919777393341064,-0.13979744911193848,0.6612594723701477,0.7058919668197632,-0.16313721239566803,0.6261107325553894,0.4624544680118561,-0.09906005859375,0.6161662340164185,0.6120423078536987,-0.142050638794899,0.6198800206184387,0.6599394083023071,-0.16101515293121338,0.629115879535675,0.640297532081604,-0.17378459870815277,0.6940199136734009,0.4692806005477905,-0.08796726912260056,0.6821498274803162,0.6402899622917175,-0.12640883028507233,0.6689685583114624,0.6684080958366394,-0.12821443378925323,0.6674166321754456,0.6229599714279175,-0.12929284572601318,0.7521418929100037,0.5049218535423279,-0.08170048892498016,0.7388769388198853,0.6603132486343384,-0.11515231430530548,0.7189779281616211,0.6699725389480591,-0.09896475821733475,0.7145020961761475,0.6228998899459839,-0.08573642373085022,0.7990979552268982,0.5519662499427795,-0.08263314515352249,0.7848466038703918,0.6605219841003418,-0.11319021880626678,0.7618188261985779,0.6758886575698853,-0.11034909635782242,0.7532782554626465,0.6511456370353699,-0.10279469192028046,fist,RRQ_p7,RRQ
0.7009555697441101,0.4853690564632416,1.1365158059106761e-07,0.6999006867408752,0.5225178003311157,-0.12295962870121002,0.7381711006164551,0.5682016611099243,-0.1718752384185791,0.7939686179161072,0.6180236339569092,-0.18890805542469025,0.8435674905776978,0.6393969058990479,-0.19080521166324615,0.8405886888504028,0.4317767024040222,-0.1484888345003128,0.8837111592292786,0.5530291199684143,-0.18008475005626678,0.8331129550933838,0.5717556476593018,-0.17847199738025665,0.809725821018219,0.5400295853614807,-0.17308813333511353,0.8572731018066406,0.4440465569496155,-0.09094126522541046,0.8903444409370422,0.5596429705619812,-0.12565389275550842,0.833919882774353,0.5756287574768066,-0.11607557535171509,0.8109672665596008,0.5477809906005859,-0.10341987013816833,0.8650427460670471,0.4654706120491028,-0.04113658145070076,0.8871324062347412,0.5617386698722839,-0.07601805776357651,0.8353754281997681,0.5780913829803467,-0.06860493868589401,0.8201677799224854,0.552852213382721,-0.057449210435152054,0.8717938661575317,0.4855320155620575,0.0006814477383159101,0.8812917470932007,0.5492796897888184,-0.02601488307118416,0.8471271991729736,0.5644949674606323,-0.031542956829071045,0.8340640068054199,0.5489227175712585,-0.030519861727952957,fist,RRQ_p7,RRQ
0.6960686445236206,0.5468206405639648,4.458932778561575e-08,0.6954945921897888,0.5916102528572083,-0.12724699079990387,0.7399967312812805,0.6493977308273315,-0.1726319044828415,0.8006843328475952,0.7108594179153442,-0.1834906041622162,0.8513454794883728,0.731636643409729,-0.17818263173103333,0.857471764087677,0.5122566819190979,-0.1481781303882599,0.899455726146698,0.6466895341873169,-0.17625968158245087,0.8431379795074463,0.6610522270202637,-0.17346784472465515,0.8170050382614136,0.6257340908050537,-0.16775201261043549,0.8720415234565735,0.5260317325592041,-0.08589205145835876,0.9063383936882019,0.6520000100135803,-0.1170620396733284,0.8439866304397583,0.6631031632423401,-0.10714823007583618,0.8180307149887085,0.6305789947509766,-0.09486575424671173,0.8769195675849915,0.5464262962341309,-0.03154448792338371,0.8986323475837708,0.6519060134887695,-0.06386964023113251,0.840802788734436,0.6635865569114685,-0.057553935796022415,0.8248365521430969,0.6330335736274719,-0.04773657023906708,0.8809646368026733,0.5657320618629456,0.014684869907796383,0.8898661136627197,0.6365671157836914,-0.010678846389055252,0.8518921732902527,0.64729905128479,-0.0173140000551939,0.8385253548622131,0.6248136758804321,-0.01757565326988697,fist,RRQ_p7,RRQ
0.5063196420669556,0.6859387755393982,-5.591637091129087e-07,0.4296630918979645,0.7583016753196716,-0.010819337330758572,0.36350902915000916,0.7795739769935608,-0.029183998703956604,0.3151472210884094,0.794852077960968,-0.05124198645353317,0.304555207490921,0.7664800882339478,-0.06575614959001541,0.3156062066555023,0.5618997812271118,0.007400848437100649,0.25704723596572876,0.6679115891456604,-0.02803763747215271,0.30370110273361206,0.7024102210998535,-0.053265996277332306,0.33175843954086304,0.6783185601234436,-0.06897120922803879,0.321732759475708,0.5504896640777588,-0.004929292481392622,0.2622474730014801,0.6858789324760437,-0.04154123365879059,0.3126125931739807,0.7126772403717041,-0.04947250708937645,0.33517250418663025,0.6717982888221741,-0.049902260303497314,0.3326796889305115,0.5639292001724243,-0.02334771491587162,0.2788265347480774,0.7025920152664185,-0.054361555725336075,0.32835105061531067,0.729276716709137,-0.04313867539167404,0.35062646865844727,0.6890744566917419,-0.031156685203313828,0.34624963998794556,0.5991814136505127,-0.045154739171266556,0.31096693873405457,0.7185899615287781,-0.06704340875148773,0.34910181164741516,0.738761842250824,-0.0634874552488327,0.37326526641845703,0.7064641714096069,-0.05619247630238533,fist,RRQ_p7,RRQ
0.6781786680221558,0.5003347396850586,-6.939388867976959e-07,0.6730337142944336,0.3603172302246094,0.040560007095336914,0.6842527985572815,0.27718275785446167,0.029675152152776718,0.6909992098808289,0.21012842655181885,0.00397487310692668,0.7143166065216064,0.19495967030525208,-0.017755957320332527,0.8363248109817505,0.2811810374259949,0.02690029889345169,0.7637426257133484,0.17677554488182068,-0.0007277667173184454,0.7275115847587585,0.23797178268432617,-0.015483882278203964,0.7402688264846802,0.27804628014564514,-0.026410017162561417,0.8334577083587646,0.2974371314048767,-0.017813898622989655,0.7322954535484314,0.18435285985469818,-0.04505644738674164,0.7011255025863647,0.2551814913749695,-0.04435403645038605,0.7244511842727661,0.29593873023986816,-0.043337807059288025,0.8086942434310913,0.30896782875061035,-0.063358835875988,0.7071726322174072,0.2126842439174652,-0.0772930309176445,0.6781989336013794,0.28491318225860596,-0.05832145735621452,0.7035914659500122,0.3224408030509949,-0.05049876123666763,0.7740143537521362,0.3160359561443329,-0.10861019045114517,0.6839548349380493,0.2619830071926117,-0.11643928289413452,0.6661791801452637,0.3158237934112549,-0.10860437154769897,0.6914582252502441,0.34705400466918945,-0.10464408248662949,fist,RRQ_p7,RRQ
0.6227515935897827,0.4432370662689209,-5.505530111804546e-07,0.5819148421287537,0.34532463550567627,-0.04077890142798424,0.560117781162262,0.25478994846343994,-0.07247275114059448,0.5522010326385498,0.18945559859275818,-0.10038282722234726,0.5880749821662903,0.22487512230873108,-0.11845607310533524,0.6953125596046448,0.13897787034511566,-0.03768637776374817,0.6297187209129333,0.11043389141559601,-0.08418167382478714,0.5981087684631348,0.18880823254585266,-0.10566636174917221,0.6148763298988342,0.21222728490829468,-0.1184576079249382,0.7370909452438354,0.18732452392578125,-0.03969206660985947,0.6468753814697266,0.16858872771263123,-0.08781503885984421,0.6075401306152344,0.24669750034809113,-0.08964356780052185,0.6269494295120239,0.2641628086566925,-0.08124340325593948,0.7536043524742126,0.2581927478313446,-0.04937470704317093,0.6492779850959778,0.2703452408313751,-0.0902072936296463,0.617268443107605,0.32404202222824097,-0.0754009410738945,0.6438093185424805,0.3287414312362671,-0.05676891282200813,0.7522642016410828,0.3326922059059143,-0.06441906839609146,0.6569830179214478,0.3517056107521057,-0.08635783195495605,0.6367727518081665,0.3813420534133911,-0.0804532840847969,0.6606494784355164,0.3837125897407532,-0.0699930191040039,fist,RRQ_p7,RRQ
0.6542701721191406,0.6146025657653809,-1.7042179933923762e-07,0.6884375214576721,0.5111830234527588,0.005113462917506695,0.6984662413597107,0.42719247937202454,-0.005447613541036844,0.718173623085022,0.3673408627510071,-0.020424392074346542,0.7348653078079224,0.3524278402328491,-0.03062053956091404,0.5826146006584167,0.38864314556121826,-0.0029262516181916,0.6602064371109009,0.30872416496276855,-0.022456688806414604,0.6849417090415955,0.35541999340057373,-0.03437570109963417,0.6770328879356384,0.3940465450286865,-0.043595246970653534,0.5873122215270996,0.3918226659297943,-0.019933678209781647,0.6805534362792969,0.31254318356513977,-0.035753436386585236,0.7002556920051575,0.36393600702285767,-0.0381157360970974,0.6862823963165283,0.39857879281044006,-0.040661804378032684,0.6101143956184387,0.40300682187080383,-0.03799327462911606,0.7085120677947998,0.34820157289505005,-0.04619889333844185,0.7169799208641052,0.3989790678024292,-0.0397835411131382,0.6934645771980286,0.4285176992416382,-0.0386509895324707,0.6457141041755676,0.4173791706562042,-0.057375844568014145,0.7328706383705139,0.39764243364334106,-0.05811857804656029,0.736893892288208,0.44191470742225647,-0.05336417630314827,0.7152642607688904,0.46609431505203247,-0.05291973799467087,fist,RRQ_p7,RRQ
0.5103434324264526,0.5768985748291016,-3.538172848038812e-07,0.5812190175056458,0.5633349418640137,-0.03610217198729515,0.6534139513969421,0.5215148329734802,-0.059673573821783066,0.6836657524108887,0.4563976526260376,-0.08142755925655365,0.6595796346664429,0.39389070868492126,-0.09546729922294617,0.6594353318214417,0.356467068195343,-0.027363508939743042,0.7014219760894775,0.3267805874347687,-0.07449018955230713,0.6736950874328613,0.41124165058135986,-0.09571187198162079,0.6495696306228638,0.4337922930717468,-0.10451849550008774,0.6071426868438721,0.32861262559890747,-0.03071903996169567,0.646119236946106,0.31640416383743286,-0.08003047853708267,0.6215447783470154,0.42280635237693787,-0.09062577784061432,0.6037636995315552,0.42602410912513733,-0.0878581777215004,0.5499274730682373,0.32463592290878296,-0.04060201719403267,0.5803436040878296,0.3344598412513733,-0.09093963354825974,0.5668444633483887,0.4305078387260437,-0.08141528069972992,0.5507726073265076,0.42680782079696655,-0.06438559293746948,0.48962339758872986,0.3364567160606384,-0.05287821218371391,0.5225730538368225,0.35889875888824463,-0.08292114734649658,0.5235508680343628,0.4270215332508087,-0.07150517404079437,0.5109493136405945,0.42652690410614014,-0.05581188574433327,fist,RRQ_p7,RRQ
0.5100256204605103,0.6313937902450562,5.219394338951133e-08,0.5380064845085144,0.498779833316803,-0.021425817161798477,0.6123780608177185,0.38532671332359314,-0.06230912357568741,0.6853748559951782,0.36972013115882874,-0.0958615094423294,0.7047393918037415,0.4381862282752991,-0.12470883876085281,0.5178183913230896,0.43126291036605835,-0.14433030784130096,0.6330478191375732,0.36588993668556213,-0.18150892853736877,0.6341642141342163,0.4062865674495697,-0.18335933983325958,0.5995781421661377,0.43792831897735596,-0.18335874378681183,0.5209879875183105,0.5206034779548645,-0.1565173864364624,0.6602672934532166,0.4526440501213074,-0.19359275698661804,0.6410800218582153,0.48010751605033875,-0.1748509556055069,0.5957897901535034,0.5049809813499451,-0.1650916337966919,0.5408952236175537,0.5964493155479431,-0.16373257339000702,0.6768309473991394,0.530369758605957,-0.17410892248153687,0.6514647603034973,0.537875235080719,-0.13780640065670013,0.6090614795684814,0.5508310794830322,-0.12035884708166122,0.5707917809486389,0.6611354351043701,-0.17437614500522614,0.6766356229782104,0.5922863483428955,-0.16924017667770386,0.6555432677268982,0.5856297016143799,-0.14440463483333588,0.617746889591217,0.5926954746246338,-0.13399244844913483,fist,RRQ_p7,RRQ
0.5843146443367004,0.5611600875854492,-3.875542802234122e-07,0.5355771780014038,0.47539132833480835,-0.010602389462292194,0.532421350479126,0.37977519631385803,-0.02861042693257332,0.5705150961875916,0.31725239753723145,-0.04162400960922241,0.6165657043457031,0.3046138882637024,-0.05074404552578926,0.5397352576255798,0.4221515953540802,-0.07741794735193253,0.558607280254364,0.2743500769138336,-0.09667829424142838,0.5578463673591614,0.3115376830101013,-0.09225132316350937,0.5528257489204407,0.3583250939846039,-0.08408790826797485,0.5979910492897034,0.4422188103199005,-0.07895048707723618,0.6130634546279907,0.2874681353569031,-0.09478307515382767,0.6036000847816467,0.3205486834049225,-0.08301138877868652,0.5942149758338928,0.3731982409954071,-0.07186492532491684,0.6490623354911804,0.45285508036613464,-0.07675416767597198,0.6551811099052429,0.3174699544906616,-0.0818508192896843,0.6416938304901123,0.34390348196029663,-0.06456345319747925,0.6326172947883606,0.3866287171840668,-0.05258813127875328,0.6906080842018127,0.4568122625350952,-0.07449974119663239,0.6799128651618958,0.35592710971832275,-0.07399878650903702,0.6647517085075378,0.3743467330932617,-0.06052174046635628,0.6612149477005005,0.4085128903388977,-0.05125446990132332,fist,RRQ_p7,RRQ
0.6414437294006348,0.6134635806083679,-3.594002748741332e-07,0.7192963361740112,0.6403866410255432,-0.022678468376398087,0.7967444658279419,0.6453149914741516,-0.04528046399354935,0.8495362997055054,0.6246298551559448,-0.06982596218585968,0.8445485234260559,0.5686235427856445,-0.08721958100795746,0.8560560345649719,0.48804306983947754,-0.018731703981757164,0.9108474850654602,0.5159428715705872,-0.06437130272388458,0.8623901009559631,0.575968861579895,-0.0877191573381424,0.8320315480232239,0.5750285983085632,-0.09965857863426208,0.8205471634864807,0.43965601921081543,-0.03148111701011658,0.8681949973106384,0.48476532101631165,-0.0786471739411354,0.8177111148834229,0.5639757513999939,-0.09052368253469467,0.7975299954414368,0.5601889491081238,-0.08993003517389297,0.7748820185661316,0.41602298617362976,-0.04971323907375336,0.8038191199302673,0.49119749665260315,-0.09395182132720947,0.759145975112915,0.5617186427116394,-0.086271271109581,0.7400597333908081,0.5449851751327515,-0.07267995178699493,0.7247253060340881,0.4138721525669098,-0.07059144228696823,0.7441269159317017,0.5008223652839661,-0.09664203971624374,0.7158557772636414,0.5458744764328003,-0.08938495814800262,0.6990294456481934,0.5234754681587219,-0.07843480259180069,fist,RRQ_p7,RRQ
0.6783215999603271,0.5434268116950989,5.579841513281281e-07,0.6252862811088562,0.5241543054580688,-0.03626372665166855,0.5800244212150574,0.4800276756286621,-0.05829700082540512,0.5445042252540588,0.4339835047721863,-0.07622022181749344,0.5071941614151001,0.4053148627281189,-0.09520679712295532,0.6069382429122925,0.37368056178092957,-0.05151993781328201,0.59014892578125,0.29184311628341675,-0.07966851443052292,0.5812649726867676,0.23687352240085602,-0.09944001585245132,0.5768635272979736,0.18599022924900055,-0.11404313147068024,0.6478087306022644,0.35289856791496277,-0.05261936038732529,0.6391172409057617,0.2523770332336426,-0.07939541339874268,0.6331993937492371,0.18618232011795044,-0.09974472224712372,0.6276425719261169,0.12502636015415192,-0.11466699093580246,0.6874444484710693,0.3573813736438751,-0.056763604283332825,0.6978623867034912,0.2606949210166931,-0.08876585960388184,0.7042058706283569,0.1948513686656952,-0.1110125333070755,0.7069873809814453,0.1342608630657196,-0.1256585717201233,0.7244811058044434,0.3815810978412628,-0.0626913532614708,0.758108377456665,0.3184893727302551,-0.09392229467630386,0.7786132097244263,0.274198055267334,-0.11024107038974762,0.7928555607795715,0.22991159558296204,-0.12068279832601547,open_palm,RRQ_p7,RRQ
0.693727970123291,0.8101727366447449,7.050628596516617e-07,0.6167488098144531,0.7955650687217712,-0.044076211750507355,0.5400629043579102,0.7645854949951172,-0.0746585950255394,0.4724280834197998,0.7578510642051697,-0.10285649448633194,0.4078158140182495,0.7692304253578186,-0.1346701681613922,0.5939957499504089,0.5805107951164246,-0.06430032104253769,0.5492291450500488,0.47061535716056824,-0.09648860991001129,0.5234161019325256,0.39571624994277954,-0.12156243622303009,0.504292368888855,0.32774800062179565,-0.14180821180343628,0.6553539633750916,0.5499587655067444,-0.0707302987575531,0.6454514265060425,0.40754207968711853,-0.09755851328372955,0.6407448649406433,0.3112699091434479,-0.12243657559156418,0.6371163725852966,0.22798925638198853,-0.14405708014965057,0.7135988473892212,0.558154284954071,-0.08134206384420395,0.7327114939689636,0.4265928268432617,-0.11855114996433258,0.7452116012573242,0.33683520555496216,-0.14994758367538452,0.7530110478401184,0.2531372010707855,-0.17340126633644104,0.7690867185592651,0.5955657958984375,-0.09459694474935532,0.8276071548461914,0.5135389566421509,-0.13332809507846832,0.8677536845207214,0.45745471119880676,-0.15391965210437775,0.8988500237464905,0.40261203050613403,-0.16900107264518738,open_palm,RRQ_p7,RRQ
0.6573495268821716,0.661035418510437,8.155926138897485e-07,0.5816746950149536,0.6385623812675476,-0.05195169523358345,0.5136053562164307,0.5925151109695435,-0.09045109897851944,0.459806352853775,0.5452898740768433,-0.12302448600530624,0.4064229726791382,0.5091524124145508,-0.15716372430324554,0.5547300577163696,0.4407254159450531,-0.08022259920835495,0.5423858165740967,0.3250412940979004,-0.1244097575545311,0.5394191741943359,0.25055861473083496,-0.1560584008693695,0.5400264859199524,0.18088781833648682,-0.17817352712154388,0.6072418689727783,0.4208236634731293,-0.08209554105997086,0.595764696598053,0.2835017144680023,-0.12332654744386673,0.5911052823066711,0.19163039326667786,-0.15152978897094727,0.5870732665061951,0.10711032152175903,-0.17196327447891235,0.6589669585227966,0.4298178255558014,-0.08816750347614288,0.6550296545028687,0.30010026693344116,-0.12793877720832825,0.6509160995483398,0.21292494237422943,-0.150004044175148,0.6455502510070801,0.13522958755493164,-0.1647290736436844,0.709456205368042,0.4589069187641144,-0.09778344631195068,0.7074591517448425,0.3628885746002197,-0.1323913335800171,0.7003319263458252,0.2970690131187439,-0.1468185931444168,0.6906075477600098,0.23555389046669006,-0.1562601774930954,open_palm,RRQ_p7,RRQ
0.5762375593185425,0.761476457118988,1.1492535350043909e-06,0.5227510333061218,0.7332348823547363,-0.07711930572986603,0.49212807416915894,0.6881183385848999,-0.1295914351940155,0.4911686182022095,0.644717812538147,-0.17063146829605103,0.4933050870895386,0.6038506627082825,-0.21302546560764313,0.5838610529899597,0.5411916375160217,-0.11463149636983871,0.6228939294815063,0.45062097907066345,-0.1624463051557541,0.6579917669296265,0.39413338899612427,-0.19817447662353516,0.6960940361022949,0.3453119099140167,-0.2236027717590332,0.6393042206764221,0.549422025680542,-0.10260523855686188,0.6992082595825195,0.44691863656044006,-0.145499587059021,0.7442564368247986,0.38342663645744324,-0.17848944664001465,0.7873633503913879,0.32462358474731445,-0.20401529967784882,0.6772363781929016,0.5821622610092163,-0.09494271874427795,0.7475059032440186,0.4981483519077301,-0.1354023814201355,0.7953658699989319,0.44202500581741333,-0.16492502391338348,0.8372718095779419,0.39138102531433105,-0.18659622967243195,0.7023880481719971,0.6312578320503235,-0.09233593940734863,0.7711325883865356,0.5842465758323669,-0.12748001515865326,0.8166029453277588,0.5560048818588257,-0.14735175669193268,0.856212854385376,0.5252917408943176,-0.16213653981685638,open_palm,RRQ_p7,RRQ
0.6330528259277344,0.7544063925743103,6.096372544561746e-07,0.5897465348243713,0.671172022819519,-0.029238641262054443,0.5772476196289062,0.5661042332649231,-0.04876616969704628,0.578270435333252,0.4867922067642212,-0.06588470190763474,0.5729933977127075,0.415160596370697,-0.08469352126121521,0.6475642919540405,0.4912022352218628,-0.050630975514650345,0.6796879172325134,0.39043503999710083,-0.08660582453012466,0.6999544501304626,0.32649004459381104,-0.11243561655282974,0.7205226421356201,0.27013513445854187,-0.1313265860080719,0.6850818395614624,0.51760333776474,-0.06119508296251297,0.7252380847930908,0.40741413831710815,-0.09622110426425934,0.7525815963745117,0.331192284822464,-0.12338879704475403,0.7771496176719666,0.26232171058654785,-0.1428467482328415,0.7114219665527344,0.5668866634368896,-0.0747036412358284,0.7572265863418579,0.4677557647228241,-0.11272849887609482,0.7891220450401306,0.40024513006210327,-0.13811813294887543,0.8168758153915405,0.33454930782318115,-0.15522347390651703,0.7303188443183899,0.6345796585083008,-0.0894981101155281,0.7744539976119995,0.5806114673614502,-0.12777557969093323,0.803417980670929,0.5374795198440552,-0.14691434800624847,0.8287972211837769,0.4918833076953888,-0.15924444794654846,open_palm,RRQ_p7,RRQ
0.18455637991428375,0.7114852666854858,4.473605201837927e-07,0.24338531494140625,0.6734105944633484,-0.0301993228495121,0.2858077883720398,0.6126476526260376,-0.04640226066112518,0.3111225962638855,0.5561027526855469,-0.060673587024211884,0.33652353286743164,0.509340763092041,-0.07511689513921738,0.24944493174552917,0.49867334961891174,-0.031822144985198975,0.26175543665885925,0.4160403311252594,-0.05534067749977112,0.26549795269966125,0.3626317083835602,-0.07383806258440018,0.2668873965740204,0.31376999616622925,-0.08748218417167664,0.20645159482955933,0.487613320350647,-0.03460327908396721,0.21084439754486084,0.3881373405456543,-0.056301817297935486,0.21249021589756012,0.32306957244873047,-0.07439611852169037,0.212103933095932,0.26426127552986145,-0.08749838918447495,0.16572633385658264,0.5011911988258362,-0.040892649441957474,0.15801388025283813,0.40917712450027466,-0.06334595382213593,0.15299955010414124,0.3468638062477112,-0.07947531342506409,0.14971566200256348,0.2908697724342346,-0.09020943939685822,0.1259615421295166,0.5331803560256958,-0.04975796490907669,0.10632016509771347,0.4653564989566803,-0.07173414528369904,0.0942816361784935,0.4171311855316162,-0.08250617980957031,0.08573225140571594,0.36943691968917847,-0.0889766737818718,open_palm,RRQ_p7,RRQ
0.11128546297550201,0.5698060989379883,4.916490183859423e-07,0.1612613946199417,0.598115086555481,-0.02931479550898075,0.2119300663471222,0.6058822274208069,-0.04729456827044487,0.2549218535423279,0.6104827523231506,-0.0632917508482933,0.29012736678123474,0.6185327768325806,-0.07951973378658295,0.2507796287536621,0.4960029125213623,-0.0352441668510437,0.3032078742980957,0.453708291053772,-0.05820877477526665,0.33472758531570435,0.42217862606048584,-0.07571525126695633,0.36155417561531067,0.39242279529571533,-0.08822520822286606,0.2304360419511795,0.4507831335067749,-0.03714660927653313,0.2851981222629547,0.3895619511604309,-0.05722217634320259,0.31961655616760254,0.3488842844963074,-0.07320158183574677,0.34801673889160156,0.3130468428134918,-0.08470527827739716,0.1995861977338791,0.4226595461368561,-0.04194239154458046,0.2426842898130417,0.3587050437927246,-0.06115628033876419,0.27221670746803284,0.31725966930389404,-0.07446631044149399,0.2987764775753021,0.2823038697242737,-0.0834684893488884,0.1601666361093521,0.40708357095718384,-0.04936308413743973,0.18444010615348816,0.3496032953262329,-0.06730612367391586,0.20242537558078766,0.3126799464225769,-0.07513085752725601,0.22208735346794128,0.27999651432037354,-0.07969234138727188,open_palm,RRQ_p7,RRQ
0.1313045173883438,0.5127288103103638,4.874464138993062e-07,0.18644727766513824,0.5347400307655334,-0.024586860090494156,0.24113917350769043,0.5356387495994568,-0.04008889198303223,0.28836193680763245,0.5393685102462769,-0.054339442402124405,0.3289428949356079,0.5518126487731934,-0.06939805299043655,0.26708194613456726,0.4395824074745178,-0.02777286060154438,0.3133888244628906,0.39381474256515503,-0.047336675226688385,0.3408052325248718,0.36271417140960693,-0.0627131387591362,0.36540094017982483,0.33503982424736023,-0.07425501197576523,0.24313150346279144,0.4002085328102112,-0.03015992045402527,0.2864430546760559,0.3481125235557556,-0.04857946187257767,0.31372344493865967,0.31726399064064026,-0.0632081925868988,0.3387669324874878,0.2905249297618866,-0.0741589218378067,0.2100740522146225,0.3738299310207367,-0.03550645709037781,0.24949952960014343,0.31572315096855164,-0.05440051481127739,0.2757161855697632,0.27765554189682007,-0.0671532154083252,0.3015608787536621,0.24666984379291534,-0.07598678022623062,0.17076213657855988,0.35693198442459106,-0.04297613352537155,0.1949714869260788,0.30262917280197144,-0.06132343038916588,0.21202610433101654,0.26718980073928833,-0.07027922570705414,0.23143881559371948,0.23558256030082703,-0.07578293979167938,open_palm,RRQ_p7,RRQ
0.21115264296531677,0.9070578813552856,1.0036984576800023e-06,0.3181309401988983,0.84466552734375,-0.06648466736078262,0.4006246328353882,0.7365715503692627,-0.10884616523981094,0.4611094892024994,0.6413900852203369,-0.14604417979717255,0.5223943591117859,0.5624972581863403,-0.18558773398399353,0.3287273943424225,0.5308030843734741,-0.0965820699930191,0.35127949714660645,0.3601858913898468,-0.15669144690036774,0.3598344624042511,0.24581843614578247,-0.1999567747116089,0.36443543434143066,0.1399455964565277,-0.23076501488685608,0.24732796847820282,0.513129711151123,-0.10372212529182434,0.2509850561618805,0.30428797006607056,-0.16034682095050812,0.2541542947292328,0.16410315036773682,-0.20338977873325348,0.25514286756515503,0.03555065393447876,-0.2344098836183548,0.17060765624046326,0.5427504181861877,-0.11624348908662796,0.16280125081539154,0.3515789806842804,-0.17041365802288055,0.16152003407478333,0.22031527757644653,-0.2062888890504837,0.16321054100990295,0.102206289768219,-0.230085551738739,0.09720470011234283,0.6054378151893616,-0.13376565277576447,0.07097692787647247,0.4633970260620117,-0.18386022746562958,0.05864951014518738,0.36555716395378113,-0.20798514783382416,0.05233295261859894,0.27028363943099976,-0.22306600213050842,open_palm,RRQ_p7,RRQ
0.2736041247844696,0.45849743485450745,2.1381362103056745e-07,0.31292295455932617,0.43881380558013916,-0.017964644357562065,0.34007328748703003,0.4023571014404297,-0.026073351502418518,0.35653170943260193,0.3650703430175781,-0.033048711717128754,0.3702443838119507,0.3356046676635742,-0.04016968607902527,0.3096083402633667,0.329898476600647,-0.016421547159552574,0.31238341331481934,0.275454044342041,-0.028929395601153374,0.3110623061656952,0.2417885810136795,-0.03895445168018341,0.30919429659843445,0.2119278609752655,-0.04637712240219116,0.28499534726142883,0.32394546270370483,-0.016859013587236404,0.2809206545352936,0.26132482290267944,-0.028621003031730652,0.2776734530925751,0.22164225578308105,-0.03914415463805199,0.274322509765625,0.18814653158187866,-0.046713415533304214,0.2627509534358978,0.33119896054267883,-0.019318735226988792,0.25495660305023193,0.27379289269447327,-0.031268514692783356,0.2502536177635193,0.2355269193649292,-0.04015493392944336,0.2467540204524994,0.20228637754917145,-0.046075742691755295,0.24176263809204102,0.34884610772132874,-0.023443568497896194,0.23061537742614746,0.30705320835113525,-0.03545139729976654,0.22435514628887177,0.27792707085609436,-0.04148794338107109,0.21989989280700684,0.2505424916744232,-0.04493087902665138,open_palm,RRQ_p7,RRQ
0.28866317868232727,0.5429956316947937,2.5197493869200116e-07,0.3270008862018585,0.5268759727478027,-0.014961314387619495,0.36281681060791016,0.501276433467865,-0.025376195088028908,0.39096540212631226,0.4820709824562073,-0.03530602157115936,0.41393476724624634,0.46854838728904724,-0.04628530144691467,0.34247153997421265,0.43256843090057373,-0.02325311116874218,0.3554820716381073,0.3819509446620941,-0.03858325630426407,0.3617323637008667,0.3502303957939148,-0.04969111829996109,0.366517573595047,0.32093849778175354,-0.05767657980322838,0.3187669813632965,0.4247717261314392,-0.02718310058116913,0.3233680725097656,0.3628908395767212,-0.041271720081567764,0.3264974355697632,0.32307153940200806,-0.052305884659290314,0.3272475600242615,0.288521409034729,-0.06025843694806099,0.2959580421447754,0.43237271904945374,-0.03235168009996414,0.29145264625549316,0.37721771001815796,-0.04604828730225563,0.2896099090576172,0.33915281295776367,-0.05521537736058235,0.28832247853279114,0.30526065826416016,-0.06144612282514572,0.2744647264480591,0.45105689764022827,-0.038736093789339066,0.2637839615345001,0.41058051586151123,-0.05187825486063957,0.25843894481658936,0.3823637068271637,-0.05746881291270256,0.25519031286239624,0.35474109649658203,-0.060756050050258636,open_palm,RRQ_p7,RRQ
0.6557682156562805,0.47059208154678345,3.045071537144395e-07,0.6178169250488281,0.4672142267227173,-0.016748234629631042,0.5814028382301331,0.45024681091308594,-0.026885194703936577,0.55223149061203,0.4341251850128174,-0.03582450747489929,0.5276108980178833,0.4315967261791229,-0.04552306607365608,0.5978837609291077,0.37641480565071106,-0.02232993394136429,0.5813168287277222,0.3260859251022339,-0.034592341631650925,0.5723402500152588,0.2940787971019745,-0.04348267987370491,0.5667526125907898,0.2654510736465454,-0.050492510199546814,0.6221529245376587,0.3612782061100006,-0.02468472346663475,0.6122936010360718,0.30046409368515015,-0.03553765267133713,0.6067801713943481,0.2608555853366852,-0.04460947960615158,0.6037114262580872,0.22721703350543976,-0.05215563252568245,0.6459800601005554,0.3598456382751465,-0.028916439041495323,0.6489079594612122,0.3011118769645691,-0.04333856701850891,0.6503185629844666,0.2632887065410614,-0.05403205752372742,0.6510350704193115,0.23059190809726715,-0.06172936037182808,0.6691951155662537,0.36980003118515015,-0.03419463708996773,0.6845637559890747,0.33003532886505127,-0.04930555075407028,0.6935631036758423,0.3015061914920807,-0.0571206696331501,0.7000349760055542,0.27500373125076294,-0.06252869963645935,open_palm,RRQ_p7,RRQ
0.2063654512166977,0.5335472226142883,3.2201538147091924e-07,0.24326790869235992,0.4930862486362457,-0.01304966863244772,0.25982800126075745,0.44198209047317505,-0.01670823246240616,0.2639397978782654,0.39574137330055237,-0.020188575610518456,0.2711280584335327,0.3583056926727295,-0.023974915966391563,0.22074063122272491,0.39353349804878235,-0.0026632877998054028,0.22383679449558258,0.3441407382488251,-0.01421890314668417,0.22742095589637756,0.3115937411785126,-0.024875372648239136,0.23126158118247986,0.28172767162323,-0.03242058306932449,0.19656306505203247,0.39478060603141785,-0.0040963864885270596,0.19637085497379303,0.339062362909317,-0.014155905693769455,0.1990794837474823,0.30042874813079834,-0.023695513606071472,0.20264524221420288,0.2640773057937622,-0.030555985867977142,0.17348860204219818,0.407207727432251,-0.008462955243885517,0.16673000156879425,0.3526226878166199,-0.02054418995976448,0.16614532470703125,0.31508249044418335,-0.028671910986304283,0.16834817826747894,0.2802054286003113,-0.03359319269657135,0.15029917657375336,0.42891886830329895,-0.014171166345477104,0.13988986611366272,0.3882160782814026,-0.02621668204665184,0.13580322265625,0.3585146367549896,-0.03192749246954918,0.13385999202728271,0.3285614848136902,-0.035147301852703094,open_palm,RRQ_p7,RRQ
0.20332518219947815,0.5314418077468872,3.315476249099447e-07,0.24138866364955902,0.4945862889289856,-0.013914084993302822,0.26170262694358826,0.4446086585521698,-0.01859811507165432,0.26765814423561096,0.3996434807777405,-0.022983534261584282,0.2767007350921631,0.36234408617019653,-0.027552824467420578,0.22206394374370575,0.39079269766807556,-0.00388573226518929,0.22941438853740692,0.3426467478275299,-0.016085494309663773,0.23551297187805176,0.31201815605163574,-0.02726331166923046,0.24185091257095337,0.2835386395454407,-0.03518788143992424,0.1976533979177475,0.3897961974143982,-0.0053878058679401875,0.20076318085193634,0.3342643976211548,-0.016073383390903473,0.20580603182315826,0.2963612675666809,-0.02601168118417263,0.21159133315086365,0.26051485538482666,-0.03305530548095703,0.1746872365474701,0.40119776129722595,-0.00983605720102787,0.16997598111629486,0.3472241461277008,-0.022614777088165283,0.17223766446113586,0.311980277299881,-0.030617276206612587,0.1772049069404602,0.27884411811828613,-0.035343803465366364,0.15180665254592896,0.4226040244102478,-0.01563679613173008,0.1433858573436737,0.3828057050704956,-0.02800249680876732,0.14138932526111603,0.35415518283843994,-0.03328907862305641,0.14195099472999573,0.32544028759002686,-0.036125607788562775,open_palm,RRQ_p7,RRQ
0.24176813662052155,0.5671521425247192,3.483565649275988e-07,0.2842545509338379,0.5294937491416931,-0.02373356744647026,0.31112053990364075,0.47289127111434937,-0.03480915725231171,0.3241659998893738,0.4190813899040222,-0.044128332287073135,0.3398393392562866,0.37771081924438477,-0.053408317267894745,0.27395373582839966,0.39352479577064514,-0.022059360519051552,0.2751315236091614,0.3233492970466614,-0.039430949836969376,0.27390968799591064,0.2799765467643738,-0.053263358771800995,0.2722383439540863,0.24097833037376404,-0.0631851851940155,0.24188733100891113,0.39010870456695557,-0.022733822464942932,0.23684141039848328,0.3108004927635193,-0.03815310820937157,0.23373447358608246,0.25903210043907166,-0.05100981518626213,0.23117771744728088,0.21428325772285461,-0.06002293899655342,0.21362820267677307,0.40407827496528625,-0.02627216838300228,0.20348352193832397,0.330904096364975,-0.041824765503406525,0.19902771711349487,0.2829870879650116,-0.05206620320677757,0.1968536674976349,0.24048402905464172,-0.05864673852920532,0.18691861629486084,0.431705117225647,-0.03205927088856697,0.1737688034772873,0.37799912691116333,-0.047243501991033554,0.1670857071876526,0.3414049744606018,-0.053934283554553986,0.16285797953605652,0.30630433559417725,-0.05748460069298744,open_palm,RRQ_p7,RRQ
0.15557995438575745,0.656934380531311,-2.18036362298335e-07,0.16181795299053192,0.5854935050010681,-0.005157728213816881,0.18184944987297058,0.5072686076164246,-0.01642892137169838,0.1857774257659912,0.4503404200077057,-0.028022507205605507,0.17395959794521332,0.40614837408065796,-0.03693801537156105,0.2256649285554886,0.49897468090057373,-0.02518239989876747,0.2909916639328003,0.5119397044181824,-0.040387894958257675,0.2740209698677063,0.5332167148590088,-0.047626979649066925,0.24929679930210114,0.5332998037338257,-0.05208827182650566,0.23269417881965637,0.5421850085258484,-0.03301253169775009,0.2973443269729614,0.5528825521469116,-0.0395839661359787,0.2773805260658264,0.5681881308555603,-0.03590453788638115,0.2524867653846741,0.567050576210022,-0.035977888852357864,0.23723500967025757,0.5914536118507385,-0.04104887694120407,0.29263919591903687,0.5983564853668213,-0.044328030198812485,0.27249473333358765,0.6096664667129517,-0.03239163011312485,0.24869287014007568,0.608912467956543,-0.027439305558800697,0.2390078753232956,0.6412540078163147,-0.04975682869553566,0.2826783061027527,0.6394721269607544,-0.04887713864445686,0.26388466358184814,0.6463751792907715,-0.03690889850258827,0.24230080842971802,0.6463280320167542,-0.030125431716442108,thumbs_up,RRQ_p7,RRQ
0.163330078125,0.6354842185974121,-1.9765373338032077e-07,0.17169657349586487,0.565077006816864,-0.005695158150047064,0.19590875506401062,0.48569855093955994,-0.016247261315584183,0.20340749621391296,0.42897921800613403,-0.02711394429206848,0.19582653045654297,0.3839654326438904,-0.03520817682147026,0.23327474296092987,0.4784506559371948,-0.025046808645129204,0.2995685338973999,0.4938429892063141,-0.04222448170185089,0.2820565104484558,0.5119326114654541,-0.05054078623652458,0.2573167085647583,0.5097457766532898,-0.055290643125772476,0.23737512528896332,0.5216613411903381,-0.032993532717227936,0.30589932203292847,0.5350046157836914,-0.04236332327127457,0.28544607758522034,0.5483055710792542,-0.039567600935697556,0.26058992743492126,0.546123206615448,-0.039512332528829575,0.23931099474430084,0.5706351399421692,-0.04139191657304764,0.29904696345329285,0.5804336071014404,-0.0473317876458168,0.2782672345638275,0.5910577178001404,-0.035815101116895676,0.2543194591999054,0.5891479849815369,-0.030307618901133537,0.23914657533168793,0.6202803254127502,-0.050462763756513596,0.2871508002281189,0.6212930083274841,-0.051258888095617294,0.26804253458976746,0.6275469064712524,-0.039854999631643295,0.24552352726459503,0.6260579228401184,-0.03314956650137901,thumbs_up,RRQ_p7,RRQ
0.1689063310623169,0.674392819404602,-2.505339011804608e-07,0.18827562034130096,0.5854990482330322,-0.01235866453498602,0.23247265815734863,0.48409193754196167,-0.03195636346936226,0.24841944873332977,0.4091082215309143,-0.05010761693120003,0.24240727722644806,0.3395359516143799,-0.06447482854127884,0.2470555603504181,0.5043430924415588,-0.06364268064498901,0.3478407859802246,0.5035893321037292,-0.09599132835865021,0.3231278657913208,0.5237083435058594,-0.10702138394117355,0.28667721152305603,0.5250306129455566,-0.11042287200689316,0.2438652515411377,0.5683069825172424,-0.07223561406135559,0.35219627618789673,0.569818913936615,-0.09512776881456375,0.32049962878227234,0.5801637768745422,-0.08777060359716415,0.2813754379749298,0.5792255401611328,-0.08329291641712189,0.2430262565612793,0.6341182589530945,-0.08048171550035477,0.3367641568183899,0.6299200654029846,-0.09372273832559586,0.30643779039382935,0.6349241137504578,-0.07208739221096039,0.2716878056526184,0.6345092058181763,-0.05922320485115051,0.2433796375989914,0.6961274743080139,-0.08954562991857529,0.31876763701438904,0.6822845339775085,-0.0918520912528038,0.2936677634716034,0.681484580039978,-0.07302471250295639,0.2608587145805359,0.6809737682342529,-0.06146635487675667,thumbs_up,RRQ_p7,RRQ
0.6762264966964722,0.7025447487831116,-4.1641666825853463e-07,0.6936051845550537,0.600342869758606,-0.007337118498980999,0.7210911512374878,0.5243455171585083,-0.022706223651766777,0.7455706596374512,0.45294076204299927,-0.03692340850830078,0.7530393600463867,0.3933570384979248,-0.0495249480009079,0.827743649482727,0.5681561827659607,-0.023292889818549156,0.8406117558479309,0.5663051009178162,-0.017889289185404778,0.8146499395370483,0.5779817700386047,-0.013552062213420868,0.7930663824081421,0.5841274261474609,-0.012903963215649128,0.8421208262443542,0.6366332173347473,-0.02221539430320263,0.84429532289505,0.62425297498703,-0.00839950144290924,0.8199039697647095,0.6254190802574158,-0.0030307702254503965,0.7963928580284119,0.6315057873725891,-0.0061851246282458305,0.8366591334342957,0.6992863416671753,-0.01822480745613575,0.8359923958778381,0.679135799407959,-0.003030720865353942,0.8149780631065369,0.6799501180648804,0.004733980633318424,0.7905380129814148,0.6852735280990601,0.002241874346509576,0.8251097202301025,0.7516035437583923,-0.014796098694205284,0.8208021521568298,0.7319769859313965,-0.0022770690266042948,0.8000715970993042,0.7278636693954468,0.008667126297950745,0.7792750597000122,0.7295258045196533,0.013598660007119179,thumbs_up,RRQ_p7,RRQ
0.5790408253669739,0.72774338722229,-3.82760589445752e-07,0.6186923980712891,0.6147156357765198,-0.012462127953767776,0.6706333756446838,0.5207475423812866,-0.03719340264797211,0.6971499919891357,0.4377979040145874,-0.05980324372649193,0.6999518275260925,0.3594544231891632,-0.07847960293292999,0.7216352224349976,0.5906144976615906,-0.0704733356833458,0.8369928002357483,0.6049344539642334,-0.09209441393613815,0.7982577085494995,0.6077058911323547,-0.09271574765443802,0.7567569613456726,0.6012864112854004,-0.08926276862621307,0.7218784689903259,0.6827991604804993,-0.07546751201152802,0.8305699825286865,0.6806540489196777,-0.0851389616727829,0.7960675358772278,0.6697377562522888,-0.07277127355337143,0.7540479302406311,0.6657336950302124,-0.06605973094701767,0.7165114283561707,0.7611963152885437,-0.07804611325263977,0.8073837757110596,0.7478049993515015,-0.07752931118011475,0.7775402665138245,0.7370637059211731,-0.0535782091319561,0.7401514649391174,0.7363094687461853,-0.04201161861419678,0.710719645023346,0.826614260673523,-0.08118857443332672,0.7801191210746765,0.8078122735023499,-0.07430438697338104,0.7543215155601501,0.7949925661087036,-0.05068579688668251,0.7239658832550049,0.7957409024238586,-0.036642707884311676,thumbs_up,RRQ_p7,RRQ
0.5321059823036194,0.6037042737007141,-4.0357184616368613e-07,0.5474703311920166,0.48351654410362244,-0.01205707248300314,0.5797688961029053,0.4065699279308319,-0.03068402037024498,0.6137629747390747,0.3397393226623535,-0.04558742418885231,0.6278116703033447,0.2789812684059143,-0.057614415884017944,0.6874481439590454,0.4649015963077545,-0.04148745909333229,0.7210156321525574,0.40745627880096436,-0.037401486188173294,0.6856065392494202,0.41472870111465454,-0.029279908165335655,0.6586204767227173,0.4363724887371063,-0.02538559027016163,0.7041212916374207,0.5366382598876953,-0.03563985601067543,0.7285277843475342,0.47333309054374695,-0.02797541581094265,0.6964572668075562,0.46986058354377747,-0.019713792949914932,0.671484112739563,0.48589280247688293,-0.019771169871091843,0.6993506550788879,0.5943883061408997,-0.025669962167739868,0.7175509929656982,0.5358293652534485,-0.015265166759490967,0.6935493350028992,0.5311419367790222,-0.0038092215545475483,0.6681222915649414,0.5442830324172974,-0.0029982044361531734,0.6883258819580078,0.6370570659637451,-0.015602619387209415,0.7027443051338196,0.5870417356491089,-0.006901540327817202,0.6805226802825928,0.5825940370559692,0.005546783562749624,0.6593588590621948,0.5932596325874329,0.011921393685042858,thumbs_up,RRQ_p7,RRQ
0.29774072766304016,0.6803866028785706,-2.601338451313495e-07,0.30606013536453247,0.5929217338562012,-0.023139094933867455,0.29272812604904175,0.5025262236595154,-0.040019843727350235,0.2960871458053589,0.42711788415908813,-0.057934537529945374,0.3195633590221405,0.37610381841659546,-0.06992074102163315,0.20462164282798767,0.49402227997779846,-0.017224058508872986,0.16203562915325165,0.4622294008731842,-0.05003985017538071,0.20756123960018158,0.497687965631485,-0.0634419173002243,0.22602352499961853,0.5146155953407288,-0.0684896856546402,0.18207602202892303,0.5505031943321228,-0.019494816660881042,0.15025797486305237,0.5264539122581482,-0.04792157933115959,0.21272781491279602,0.5595775246620178,-0.04648422449827194,0.21525360643863678,0.5592756271362305,-0.04033803567290306,0.16950532793998718,0.6071507334709167,-0.027151061221957207,0.1374630630016327,0.5838788151741028,-0.0538899227976799,0.19237607717514038,0.6064872741699219,-0.0355035699903965,0.19611285626888275,0.6074674129486084,-0.017731012776494026,0.16201749444007874,0.6649595499038696,-0.0374692864716053,0.1384112387895584,0.6527279615402222,-0.04909372702240944,0.17822220921516418,0.655236005783081,-0.031959690153598785,0.1891651451587677,0.6528964638710022,-0.016011912375688553,thumbs_up,RRQ_p7,RRQ
0.6692968010902405,0.6663105487823486,-4.775578190674423e-07,0.668480634689331,0.5893093347549438,-0.02340357005596161,0.6901666522026062,0.5134226083755493,-0.036557670682668686,0.7146362662315369,0.4590056240558624,-0.04888137802481651,0.7290032505989075,0.41391491889953613,-0.05750994384288788,0.7719513177871704,0.5320996046066284,-0.013138591311872005,0.7943825721740723,0.5425328612327576,-0.03995063155889511,0.7546498775482178,0.5663591027259827,-0.056779421865940094,0.7239368557929993,0.5782296061515808,-0.0646262839436531,0.7838313579559326,0.5836399793624878,-0.013375500217080116,0.8088823556900024,0.5908741354942322,-0.04414239898324013,0.7555996179580688,0.6070114970207214,-0.0533643513917923,0.7190752029418945,0.6103441715240479,-0.05235520750284195,0.7855529189109802,0.6306902766227722,-0.017931479960680008,0.8048932552337646,0.641353189945221,-0.04965430498123169,0.7555069327354431,0.6449900269508362,-0.04677065461874008,0.721378743648529,0.6380196213722229,-0.036029864102602005,0.7796350717544556,0.6745271682739258,-0.023922163993120193,0.7965431213378906,0.680905818939209,-0.04413209110498428,0.7594660520553589,0.6769939064979553,-0.038768332451581955,0.7313695549964905,0.6640112400054932,-0.029083972796797752,thumbs_up,RRQ_p7,RRQ
0.6727449893951416,0.687384307384491,-1.6492551324631677e-08,0.6532653570175171,0.5779803991317749,0.0014285830548033118,0.6118334531784058,0.4964137673377991,-0.0016536097973585129,0.5792832970619202,0.4231072664260864,-0.005606516730040312,0.5708791017532349,0.3664696216583252,-0.008803469128906727,0.5047215223312378,0.5405516624450684,0.004663610365241766,0.4788113832473755,0.5356471538543701,0.014593989588320255,0.5084553360939026,0.5416614413261414,0.015431899577379227,0.5317192673683167,0.5470051765441895,0.013704233802855015,0.49470239877700806,0.6048014163970947,0.003842547070235014,0.4794677793979645,0.5890589952468872,0.02258504368364811,0.5060141086578369,0.5882370471954346,0.026192499324679375,0.5293055772781372,0.5939368009567261,0.022879736497998238,0.5001083612442017,0.665176272392273,0.004792605061084032,0.48864996433258057,0.6439372897148132,0.02418806403875351,0.5104963779449463,0.6410284042358398,0.030057193711400032,0.5352111458778381,0.6463523507118225,0.027594489976763725,0.5110520124435425,0.7150624394416809,0.00513446144759655,0.5037170648574829,0.6947734355926514,0.02200854942202568,0.5235702395439148,0.6904333829879761,0.033014461398124695,0.5431550741195679,0.6917514204978943,0.038894329220056534,thumbs_up,RRQ_p7,RRQ
0.7354448437690735,0.6321972012519836,-3.708316000938794e-07,0.7064958214759827,0.5641571879386902,-0.02517039142549038,0.6905642151832581,0.4859710931777954,-0.04332294687628746,0.6802077293395996,0.42370522022247314,-0.061053287237882614,0.6586394309997559,0.3836659789085388,-0.0755152553319931,0.7729830741882324,0.44711458683013916,-0.02274557203054428,0.8100202083587646,0.4403388798236847,-0.05155908688902855,0.7860836982727051,0.4879229962825775,-0.06885816156864166,0.7613027691841125,0.5192422270774841,-0.07693522423505783,0.8032935261726379,0.4875634014606476,-0.023459555581212044,0.8437917828559875,0.4728144705295563,-0.0548943430185318,0.803257167339325,0.5201653838157654,-0.06372731178998947,0.7712019681930542,0.5439574122428894,-0.06357816606760025,0.8232985138893127,0.5289013981819153,-0.028116775676608086,0.8575805425643921,0.5222406387329102,-0.05733568221330643,0.8171153664588928,0.5568169951438904,-0.05250852555036545,0.7853553891181946,0.5716175436973572,-0.042324792593717575,0.8353462815284729,0.5707323551177979,-0.03462062403559685,0.8655058741569519,0.5626726150512695,-0.04937239736318588,0.8351611495018005,0.5820472836494446,-0.04090056195855141,0.8081159591674805,0.5874210596084595,-0.03122607059776783,thumbs_up,RRQ_p7,RRQ
0.735578715801239,0.6392754316329956,-4.3571051833168895e-07,0.7021304965019226,0.5723233222961426,-0.029035385698080063,0.6818283200263977,0.4935820698738098,-0.047707006335258484,0.6697555184364319,0.4282682538032532,-0.06529197841882706,0.6511043906211853,0.38032016158103943,-0.07838771492242813,0.7542051672935486,0.43955984711647034,-0.023394519463181496,0.7914645075798035,0.43037861585617065,-0.0564488023519516,0.7715882658958435,0.48716408014297485,-0.07509062439203262,0.7498800158500671,0.5217146873474121,-0.08354880660772324,0.7907675504684448,0.47342559695243835,-0.022789206355810165,0.8279953002929688,0.4595624804496765,-0.05977407097816467,0.7909107208251953,0.5192735195159912,-0.07027888298034668,0.7617904543876648,0.5431199073791504,-0.0705297663807869,0.8162834644317627,0.5118516087532043,-0.02681376226246357,0.8508996367454529,0.5042183995246887,-0.06261076778173447,0.8120089769363403,0.5513051748275757,-0.05758430063724518,0.7814105749130249,0.5670620799064636,-0.04595222696661949,0.8325176239013672,0.5530954003334045,-0.03281162679195404,0.8639191389083862,0.5466777086257935,-0.05269328132271767,0.834536075592041,0.5752637386322021,-0.0450957790017128,0.8075711131095886,0.5816984176635742,-0.03491155058145523,thumbs_up,RRQ_p7,RRQ
0.5389541983604431,0.7476809620857239,-9.973038004318369e-07,0.5634238123893738,0.5969010591506958,-0.06325940042734146,0.6242943406105042,0.4386852979660034,-0.10064637660980225,0.6828135848045349,0.3258730471134186,-0.13395600020885468,0.7238394618034363,0.2319568693637848,-0.15686294436454773,0.7968518137931824,0.4846711754798889,-0.04800857976078987,0.8325298428535461,0.4912479817867279,-0.12516745924949646,0.7333062887191772,0.5318066477775574,-0.16953860223293304,0.6698964834213257,0.5501171946525574,-0.1900000423192978,0.8208216428756714,0.599798858165741,-0.04617462307214737,0.8555765151977539,0.610348641872406,-0.1371268928050995,0.7263566255569458,0.6299289464950562,-0.16540567576885223,0.6640718579292297,0.6226323246955872,-0.16562391817569733,0.8189343810081482,0.7097615599632263,-0.05462341383099556,0.8393353819847107,0.7364979982376099,-0.14262865483760834,0.7192867398262024,0.7241559028625488,-0.13496264815330505,0.6609591841697693,0.690808892250061,-0.10778476297855377,0.8008763790130615,0.8093318939208984,-0.0672415941953659,0.8062214851379395,0.8344607353210449,-0.12207687646150589,0.720363974571228,0.8079370260238647,-0.11238327622413635,0.6795729398727417,0.7630264759063721,-0.09094931930303574,thumbs_up,RRQ_p7,RRQ
0.48661500215530396,0.6913841962814331,-9.420031119589112e-07,0.5025234222412109,0.5584956407546997,-0.04179483279585838,0.5669607520103455,0.41964197158813477,-0.06315386295318604,0.6224289536476135,0.32475024461746216,-0.08391673117876053,0.663658857345581,0.24647167325019836,-0.09798917174339294,0.6948071122169495,0.4536953568458557,-0.020733602344989777,0.7347890734672546,0.4360043704509735,-0.07841945439577103,0.6544187664985657,0.4763413667678833,-0.11337770521640778,0.5993472337722778,0.5056072473526001,-0.12988950312137604,0.7176064252853394,0.5529477000236511,-0.024993950501084328,0.7568638324737549,0.5421308279037476,-0.08864615112543106,0.6504263281822205,0.5660675764083862,-0.10710981488227844,0.59333336353302,0.5709405541419983,-0.10503289848566055,0.7187099456787109,0.6488367319107056,-0.038329802453517914,0.7440072894096375,0.6510154604911804,-0.10439374297857285,0.6404353976249695,0.6508978009223938,-0.0960720032453537,0.5860788822174072,0.6332106590270996,-0.07332821190357208,0.7062686681747437,0.7403357028961182,-0.05441012978553772,0.7145377397537231,0.7435492277145386,-0.09765677899122238,0.6397364735603333,0.72981858253479,-0.08738285303115845,0.6004040241241455,0.7025717496871948,-0.06846105307340622,thumbs_up,RRQ_p7,RRQ
0.6416301727294922,0.6690798997879028,-7.812737976564677e-07,0.6422239542007446,0.5627166032791138,-0.037032417953014374,0.6858388185501099,0.4500379264354706,-0.053174521774053574,0.7280990481376648,0.3779565691947937,-0.06722354143857956,0.7573544383049011,0.3160551190376282,-0.07526446133852005,0.8051828742027283,0.4658508896827698,-0.015012811869382858,0.8107998967170715,0.45445576310157776,-0.060480061918497086,0.7512595057487488,0.49110662937164307,-0.09131891280412674,0.7109012007713318,0.5168849229812622,-0.1067899838089943,0.8331435322761536,0.5377324819564819,-0.014937927015125751,0.8274683952331543,0.535529375076294,-0.06264527142047882,0.7497513294219971,0.5592024326324463,-0.07960087805986404,0.7075870633125305,0.5653652548789978,-0.08059234917163849,0.8383889198303223,0.611244797706604,-0.022737519815564156,0.8227332234382629,0.6190615892410278,-0.07199443876743317,0.7474998235702515,0.6228972673416138,-0.0690782368183136,0.7080880999565125,0.6111598610877991,-0.05484897270798683,0.829686164855957,0.681869387626648,-0.03375100716948509,0.8076381683349609,0.6892551183700562,-0.06738870590925217,0.7508711218833923,0.6793326139450073,-0.0637996643781662,0.7234632968902588,0.6567450761795044,-0.05222512409090996,thumbs_up,RRQ_p7,RRQ
0.7439343333244324,0.6850916743278503,-3.901487133362025e-08,0.7209410071372986,0.5668897032737732,-0.001823502709157765,0.6726507544517517,0.4776379466056824,-0.009629225358366966,0.6317631006240845,0.4019935131072998,-0.017878176644444466,0.6248623728752136,0.3340608775615692,-0.025327149778604507,0.5689415335655212,0.513129711151123,-0.009891873225569725,0.5184991955757141,0.5119630098342896,-0.009504874236881733,0.5482535362243652,0.5207523703575134,-0.011904532089829445,0.5755869746208191,0.5257546901702881,-0.014142656698822975,0.5561298131942749,0.5845925211906433,-0.011920207180082798,0.5180253386497498,0.572385311126709,-0.0020867662969976664,0.546324610710144,0.5751364827156067,0.0021227782126516104,0.5734120011329651,0.5793038606643677,0.0011989464983344078,0.5573598742485046,0.6541935205459595,-0.012345883995294571,0.5296856164932251,0.6358935832977295,0.0005757208564318717,0.5537049770355225,0.6362054347991943,0.009762954898178577,0.5810497403144836,0.6407573223114014,0.010851592756807804,0.5660328269004822,0.7137805223464966,-0.013425794430077076,0.547102153301239,0.6955902576446533,-0.0001334041589871049,0.570354700088501,0.6932565569877625,0.013426278717815876,0.5921832919120789,0.6935580968856812,0.022049885243177414,thumbs_up,RRQ_p7,RRQ
0.743802547454834,0.6614298820495605,1.023945742417709e-06,0.6882713437080383,0.6689152717590332,-0.054237429052591324,0.650253415107727,0.6278210878372192,-0.08981683850288391,0.6940565705299377,0.5713416337966919,-0.12197083979845047,0.7356303334236145,0.5184298157691956,-0.1522872895002365,0.6139808893203735,0.4890514612197876,-0.07699813693761826,0.5541839599609375,0.39545130729675293,-0.12139781564474106,0.5172080993652344,0.33615821599960327,-0.1468379944562912,0.4844585061073303,0.276094913482666,-0.16572144627571106,0.6659889817237854,0.43729615211486816,-0.07890722900629044,0.639845073223114,0.310472309589386,-0.12436851859092712,0.6319137811660767,0.22414280474185944,-0.14991943538188934,0.6162344813346863,0.1426086723804474,-0.16586196422576904,0.7173347473144531,0.4356081187725067,-0.08520174026489258,0.7264664769172668,0.34959572553634644,-0.14672395586967468,0.7539021968841553,0.42451944947242737,-0.1587587296962738,0.765257716178894,0.48792213201522827,-0.15430691838264465,0.769925057888031,0.459335595369339,-0.095218226313591,0.8014146089553833,0.44915834069252014,-0.15384119749069214,0.8007680177688599,0.5144659876823425,-0.16799494624137878,0.7886145710945129,0.5736899971961975,-0.1685345321893692,peace_sign,RRQ_p7,RRQ
0.7474866509437561,0.7526984214782715,7.99789688699093e-07,0.6986879110336304,0.7405843734741211,-0.047971416264772415,0.6688554883003235,0.6932914853096008,-0.07955262809991837,0.7103658318519592,0.6543211936950684,-0.10939343273639679,0.7532729506492615,0.6167421340942383,-0.13744932413101196,0.6479167938232422,0.5430410504341125,-0.061279911547899246,0.6036964654922485,0.4432664215564728,-0.10111826658248901,0.5758675336837769,0.3779781460762024,-0.12482206523418427,0.5534992218017578,0.317502498626709,-0.141910120844841,0.7018932104110718,0.5086045861244202,-0.06482428312301636,0.6861142516136169,0.38285693526268005,-0.10650811344385147,0.6832945346832275,0.300690233707428,-0.13244011998176575,0.675154447555542,0.22583061456680298,-0.14818912744522095,0.7503501772880554,0.5179830193519592,-0.072861447930336,0.7697523832321167,0.43714994192123413,-0.13086803257465363,0.7835235595703125,0.5095316767692566,-0.14559337496757507,0.7835336923599243,0.5706850290298462,-0.14275875687599182,0.7990617156028748,0.552851140499115,-0.08403494954109192,0.8271102905273438,0.541423499584198,-0.1368314027786255,0.8183726668357849,0.5997862219810486,-0.15040497481822968,0.7981265187263489,0.6521744728088379,-0.15104535222053528,peace_sign,RRQ_p7,RRQ
0.7260711193084717,0.6949012279510498,8.561627282688278e-07,0.6815999746322632,0.6886516809463501,-0.0629153922200203,0.659785270690918,0.6415361166000366,-0.1013069748878479,0.7177881598472595,0.6018122434616089,-0.13562193512916565,0.7689676284790039,0.5590730309486389,-0.16764014959335327,0.647016167640686,0.48704782128334045,-0.07824130356311798,0.6124827861785889,0.3747149705886841,-0.12629957497119904,0.5890790820121765,0.301533579826355,-0.15410691499710083,0.5706043243408203,0.23058173060417175,-0.1732868254184723,0.7063651084899902,0.4527705907821655,-0.07739794999361038,0.6936365365982056,0.31919988989830017,-0.12672291696071625,0.6913754940032959,0.230375275015831,-0.15385273098945618,0.6838018894195557,0.1423586905002594,-0.16909794509410858,0.7568390369415283,0.46422114968299866,-0.08239836245775223,0.7802734971046448,0.38591253757476807,-0.1513802409172058,0.7897253036499023,0.47578495740890503,-0.16442687809467316,0.7863397598266602,0.5422978401184082,-0.15711981058120728,0.8045633435249329,0.5004516839981079,-0.09179570525884628,0.8320473432540894,0.49804818630218506,-0.15585178136825562,0.8171972036361694,0.5647143125534058,-0.17056167125701904,0.7912667989730835,0.6183322072029114,-0.1690736562013626,peace_sign,RRQ_p7,RRQ
0.757476806640625,0.7032421827316284,8.374901767638221e-07,0.7253162264823914,0.6707736849784851,-0.08520959317684174,0.732741117477417,0.6103666424751282,-0.13234685361385345,0.8214768767356873,0.6001195311546326,-0.1719553917646408,0.8971830606460571,0.5823695659637451,-0.20832134783267975,0.7666076421737671,0.4336705207824707,-0.09714799374341965,0.7606104016304016,0.28979068994522095,-0.15169864892959595,0.7571969628334045,0.1933148205280304,-0.18700172007083893,0.7617930173873901,0.10497620701789856,-0.21231168508529663,0.8426705598831177,0.43065351247787476,-0.08978863060474396,0.8716064095497131,0.26435041427612305,-0.14448823034763336,0.9018338918685913,0.15895047783851624,-0.18221712112426758,0.9277030229568481,0.062066733837127686,-0.2065090835094452,0.8942309021949768,0.47463327646255493,-0.08973290026187897,0.9503189325332642,0.38557443022727966,-0.16848060488700867,0.9465888142585754,0.4741836190223694,-0.19572322070598602,0.9290722012519836,0.5455746650695801,-0.19729791581630707,0.9322201013565063,0.5498145222663879,-0.09526100009679794,0.9806301593780518,0.5285972356796265,-0.17074504494667053,0.9658201336860657,0.5890459418296814,-0.1936372071504593,0.9330611824989319,0.6448338031768799,-0.19674326479434967,peace_sign,RRQ_p7,RRQ
0.7499030828475952,0.7023882865905762,8.933030812841025e-07,0.7114584445953369,0.6696234941482544,-0.08356547355651855,0.7128623723983765,0.6032766699790955,-0.13198693096637726,0.8011556267738342,0.5851760506629944,-0.17360569536685944,0.8764015436172485,0.5626394152641296,-0.2111254781484604,0.7494403719902039,0.4223899841308594,-0.09632974117994308,0.7441349625587463,0.2777442932128906,-0.15347856283187866,0.741401195526123,0.18098336458206177,-0.18935343623161316,0.7451465129852295,0.09242856502532959,-0.2146170735359192,0.8258918523788452,0.420124888420105,-0.09072723239660263,0.8552557229995728,0.25786083936691284,-0.15001890063285828,0.8852311372756958,0.15341347455978394,-0.18717075884342194,0.9090805053710938,0.053250253200531006,-0.2096070498228073,0.8777427077293396,0.46486717462539673,-0.09234476089477539,0.9294344186782837,0.3801499605178833,-0.17124120891094208,0.9175170063972473,0.4766950011253357,-0.18852998316287994,0.8951128125190735,0.545716404914856,-0.1825535148382187,0.9185665845870972,0.5410766005516052,-0.10005620121955872,0.9608115553855896,0.5249724984169006,-0.170796200633049,0.9334225058555603,0.5859601497650146,-0.18588103353977203,0.8929440379142761,0.633712887763977,-0.18352621793746948,peace_sign,RRQ_p7,RRQ
0.21452918648719788,0.7337234020233154,8.362825383301242e-07,0.27468642592430115,0.6806643009185791,-0.04712209478020668,0.28696203231811523,0.6042317152023315,-0.07474847137928009,0.22601905465126038,0.5665539503097534,-0.10083533823490143,0.1546408087015152,0.5507614612579346,-0.1261214166879654,0.2428642213344574,0.45549410581588745,-0.05389639362692833,0.25018155574798584,0.3318491280078888,-0.09385296702384949,0.25393882393836975,0.25632190704345703,-0.11885712295770645,0.2532733082771301,0.18593990802764893,-0.13573531806468964,0.17854297161102295,0.4565598964691162,-0.05759016424417496,0.14173945784568787,0.31731876730918884,-0.10195638239383698,0.11083848029375076,0.23151874542236328,-0.1276976764202118,0.08192387968301773,0.1558513641357422,-0.1417217254638672,0.1370745152235031,0.49594083428382874,-0.06507840007543564,0.07548916339874268,0.41900718212127686,-0.12473592907190323,0.10321594774723053,0.4917585849761963,-0.13415846228599548,0.13629619777202606,0.5479415059089661,-0.12535667419433594,0.1099361926317215,0.564310610294342,-0.07545165717601776,0.061734795570373535,0.5359230637550354,-0.12656433880329132,0.08813726902008057,0.580384373664856,-0.13058573007583618,0.12692269682884216,0.6191706657409668,-0.12224836647510529,peace_sign,RRQ_p7,RRQ
0.20040135085582733,0.7724742889404297,9.133573826147767e-07,0.2641752362251282,0.7245857119560242,-0.04821642488241196,0.2837409973144531,0.6516426801681519,-0.0761551782488823,0.22388052940368652,0.6095167994499207,-0.10285107791423798,0.15190298855304718,0.5889880061149597,-0.12908394634723663,0.24873235821723938,0.492251992225647,-0.05312834680080414,0.2590058445930481,0.36302274465560913,-0.09282316267490387,0.2628789246082306,0.28485554456710815,-0.11755922436714172,0.26228442788124084,0.21198001503944397,-0.13419775664806366,0.18173041939735413,0.4872934818267822,-0.05782327428460121,0.15872256457805634,0.3400597870349884,-0.10116338729858398,0.1361352503299713,0.24881026148796082,-0.12623365223407745,0.11299685388803482,0.1675453782081604,-0.1395493745803833,0.13579431176185608,0.5244370102882385,-0.06672172248363495,0.07697320729494095,0.44074293971061707,-0.12760932743549347,0.09910973906517029,0.520078718662262,-0.1379416137933731,0.12717746198177338,0.582287073135376,-0.1291668564081192,0.10104109346866608,0.5951029658317566,-0.07852248847484589,0.052753694355487823,0.5613481402397156,-0.1314041167497635,0.07558362931013107,0.6094447374343872,-0.13527335226535797,0.11066176742315292,0.6544724106788635,-0.126386821269989,peace_sign,RRQ_p7,RRQ
0.31717321276664734,0.7550288438796997,8.268757483165246e-07,0.3712869882583618,0.7123757004737854,-0.04388165846467018,0.38524144887924194,0.6454074382781982,-0.06947436928749084,0.3284713327884674,0.6168232560157776,-0.09368746727705002,0.26641595363616943,0.5991541147232056,-0.11717478930950165,0.35197871923446655,0.5052306652069092,-0.04996379837393761,0.357064813375473,0.38930004835128784,-0.08670109510421753,0.3574615716934204,0.31863880157470703,-0.10899025946855545,0.35532820224761963,0.2532782256603241,-0.12356940656900406,0.2933153510093689,0.5039507150650024,-0.053933050483465195,0.26947617530822754,0.37156128883361816,-0.09383591264486313,0.24809926748275757,0.28987443447113037,-0.11604105681180954,0.22680512070655823,0.2176147997379303,-0.12717998027801514,0.25297945737838745,0.5380366444587708,-0.06173045188188553,0.19960269331932068,0.4629446864128113,-0.11802946031093597,0.22033250331878662,0.535216212272644,-0.12622302770614624,0.2458324283361435,0.5917711853981018,-0.11673794686794281,0.22427250444889069,0.6000192761421204,-0.07215718924999237,0.18092095851898193,0.5738462209701538,-0.12068808823823929,0.20215708017349243,0.6173593401908875,-0.12365693598985672,0.2328631430864334,0.6552958488464355,-0.11465407907962799,peace_sign,RRQ_p7,RRQ
0.24553467333316803,0.5725753307342529,4.244827493948833e-07,0.2709631025791168,0.5193732976913452,-0.01410168968141079,0.2698017358779907,0.4624888002872467,-0.020414497703313828,0.23727788031101227,0.4300382137298584,-0.027576005086302757,0.20666496455669403,0.4198145866394043,-0.03427236154675484,0.2587949335575104,0.41918596625328064,-0.010080193169414997,0.26300808787345886,0.35424312949180603,-0.02435777336359024,0.26186180114746094,0.31274425983428955,-0.033010873943567276,0.2601081132888794,0.27872854471206665,-0.03767947480082512,0.22968441247940063,0.428867906332016,-0.014260462485253811,0.2133723497390747,0.35922640562057495,-0.032674506306648254,0.2022065967321396,0.3122394382953644,-0.0434282086789608,0.19307976961135864,0.2739441394805908,-0.047677140682935715,0.20586274564266205,0.45379066467285156,-0.01995992846786976,0.19745391607284546,0.42486339807510376,-0.04878100007772446,0.2186870276927948,0.4581699073314667,-0.052653949707746506,0.23289108276367188,0.48688486218452454,-0.04564056172966957,0.1856173872947693,0.4885925054550171,-0.02604658342897892,0.18490898609161377,0.46142223477363586,-0.047598812729120255,0.20523566007614136,0.48175403475761414,-0.04494388401508331,0.21964311599731445,0.5034468770027161,-0.03674577549099922,peace_sign,RRQ_p7,RRQ
0.27911537885665894,0.5757169723510742,3.9194563328237564e-07,0.2540249824523926,0.5057738423347473,0.009611810557544231,0.2620292901992798,0.45180562138557434,0.0054496414959430695,0.28729012608528137,0.4215181767940521,-0.001931352075189352,0.31365665793418884,0.41397932171821594,-0.00954000186175108,0.2631013095378876,0.41389498114585876,-0.012593679130077362,0.26024141907691956,0.34245193004608154,-0.023753222078084946,0.2559000849723816,0.29716986417770386,-0.03121071308851242,0.2532077431678772,0.26108863949775696,-0.03592262789607048,0.2950330972671509,0.41787976026535034,-0.022424664348363876,0.32303738594055176,0.3470611572265625,-0.02897135727107525,0.34189003705978394,0.30233949422836304,-0.033503320068120956,0.35661619901657104,0.2721050977706909,-0.03691200911998749,0.32163551449775696,0.4356139600276947,-0.02935779094696045,0.3347277343273163,0.40569812059402466,-0.02586069516837597,0.32299917936325073,0.4167310297489166,-0.016317246481776237,0.311966210603714,0.43248990178108215,-0.010113827884197235,0.34111663699150085,0.46076029539108276,-0.03674381598830223,0.34468409419059753,0.442146360874176,-0.027137290686368942,0.33567339181900024,0.45304641127586365,-0.012916655279695988,0.32932519912719727,0.4692886769771576,-0.0021937366109341383,peace_sign,RRQ_p7,RRQ
0.7590660452842712,0.5841041207313538,4.5068472331877274e-07,0.7938228249549866,0.5214338898658752,-2.1594149075099267e-05,0.78889399766922,0.45977509021759033,-0.003269488224759698,0.7634159326553345,0.4230560064315796,-0.007948365993797779,0.7392086386680603,0.4077068865299225,-0.013137176632881165,0.7787919044494629,0.4055270552635193,-0.013927988708019257,0.7837148904800415,0.32399484515190125,-0.02441512979567051,0.7859751582145691,0.27548032999038696,-0.030248669907450676,0.7864351272583008,0.2382129281759262,-0.032514773309230804,0.742591917514801,0.40537646412849426,-0.018774595111608505,0.7276497483253479,0.3196517825126648,-0.025353742763400078,0.718602180480957,0.2672504186630249,-0.027574874460697174,0.7100239992141724,0.23010031878948212,-0.028389450162649155,0.7113622426986694,0.4229828119277954,-0.02227066457271576,0.6968149542808533,0.3706221282482147,-0.02751068025827408,0.7104141712188721,0.3902024030685425,-0.02279500663280487,0.720707356929779,0.4166906476020813,-0.016925858333706856,0.6892463564872742,0.4501374661922455,-0.025913717225193977,0.6813672780990601,0.4214683771133423,-0.026506196707487106,0.691773533821106,0.4353126287460327,-0.017696762457489967,0.6993954181671143,0.4549776017665863,-0.008876878768205643,peace_sign,RRQ_p7,RRQ
0.7555155158042908,0.6092837452888489,4.822283585781406e-07,0.7937823534011841,0.540988028049469,0.0021418770775198936,0.7862186431884766,0.4719342291355133,-0.00075396808097139,0.7559775710105896,0.4383244812488556,-0.004885651171207428,0.7277775406837463,0.4266022741794586,-0.009970051236450672,0.7760190963745117,0.4224048852920532,-0.018583863973617554,0.7798685431480408,0.33282119035720825,-0.029154732823371887,0.7809910774230957,0.28044652938842773,-0.03382191061973572,0.7800899147987366,0.24032139778137207,-0.035086795687675476,0.736042320728302,0.42343083024024963,-0.023357147350907326,0.7201221585273743,0.3303321599960327,-0.029509833082556725,0.7093576192855835,0.2738135755062103,-0.03019435703754425,0.6978119015693665,0.2336323857307434,-0.030055131763219833,0.7017614841461182,0.44174298644065857,-0.02596667781472206,0.6852156519889832,0.3793276846408844,-0.0297657810151577,0.7006610035896301,0.4017849564552307,-0.02278350107371807,0.710813045501709,0.43069973587989807,-0.015316805802285671,0.6771482825279236,0.46985918283462524,-0.0283373910933733,0.6694068908691406,0.4294847249984741,-0.02682424895465374,0.6818291544914246,0.44360873103141785,-0.01563253067433834,0.6894862651824951,0.4645155370235443,-0.005103060510009527,peace_sign,RRQ_p7,RRQ
0.40023666620254517,0.5577049255371094,4.380790983304905e-07,0.39818960428237915,0.476998507976532,-0.002134954323992133,0.3670122027397156,0.43312156200408936,-0.0054050106555223465,0.32545408606529236,0.44083958864212036,-0.0074115172028541565,0.3004617393016815,0.45839789509773254,-0.009232087060809135,0.3176727592945099,0.4269779920578003,-0.024597810581326485,0.2651406526565552,0.3680601119995117,-0.03494201973080635,0.23225456476211548,0.33776476979255676,-0.038671333342790604,0.20642822980880737,0.31692856550216675,-0.03881440684199333,0.2906554341316223,0.4703182280063629,-0.023866504430770874,0.22224342823028564,0.43648430705070496,-0.029963035136461258,0.18096044659614563,0.41638556122779846,-0.03012687712907791,0.15000709891319275,0.406673789024353,-0.02855839766561985,0.2804986834526062,0.511023998260498,-0.020529579371213913,0.25166258215904236,0.48705217242240906,-0.021917596459388733,0.27094799280166626,0.47787946462631226,-0.016434263437986374,0.2906438410282135,0.4837302565574646,-0.00956433080136776,0.2826925218105316,0.5442514419555664,-0.01730111986398697,0.2770799994468689,0.5207547545433044,-0.013006852939724922,0.29219260811805725,0.514078676700592,-0.004125283099710941,0.3064335882663727,0.518298864364624,0.005179238505661488,peace_sign,RRQ_p7,RRQ
0.3888905942440033,0.5554672479629517,3.9695748910162365e-07,0.38840651512145996,0.4770776927471161,-0.002637231722474098,0.3584984540939331,0.43254944682121277,-0.004636436700820923,0.31900593638420105,0.4351324439048767,-0.005505677312612534,0.2953490614891052,0.4426121711730957,-0.006178718991577625,0.3050975501537323,0.4238094687461853,-0.022860927507281303,0.25493380427360535,0.36767539381980896,-0.03449738025665283,0.2216651737689972,0.33800971508026123,-0.04026876762509346,0.19542548060417175,0.3176766037940979,-0.041956543922424316,0.27876442670822144,0.46720239520072937,-0.022213662043213844,0.21209603548049927,0.4348917007446289,-0.028867412358522415,0.1709383726119995,0.41568723320961,-0.02975684218108654,0.13992939889431,0.4074230194091797,-0.028739994391798973,0.2696934640407562,0.5077900290489197,-0.01940232142806053,0.2397756278514862,0.48641419410705566,-0.021930798888206482,0.2578698992729187,0.47700604796409607,-0.017067188397049904,0.2776990830898285,0.48252686858177185,-0.01042049191892147,0.2734197676181793,0.5421098470687866,-0.01686224155128002,0.26542556285858154,0.5200680494308472,-0.01416502520442009,0.27997758984565735,0.5128984451293945,-0.005913908127695322,0.2952466905117035,0.5165484547615051,0.0032326194923371077,peace_sign,RRQ_p7,RRQ
0.5274247527122498,0.5866658687591553,4.542585259059706e-07,0.537779688835144,0.5067580938339233,0.006526514422148466,0.5771952271461487,0.46943923830986023,0.003326000878587365,0.618510365486145,0.4701533317565918,-0.0026328640524297953,0.6451409459114075,0.49134373664855957,-0.008987524546682835,0.6176276206970215,0.44741156697273254,-0.01638336293399334,0.6691657304763794,0.4025435745716095,-0.02647664211690426,0.7006384134292603,0.374634325504303,-0.031883660703897476,0.7254776954650879,0.3556087017059326,-0.0349404402077198,0.6415771245956421,0.48856449127197266,-0.024627061560750008,0.7056851983070374,0.4693794250488281,-0.028554853051900864,0.74604731798172,0.4573526382446289,-0.03215113654732704,0.7739048600196838,0.453322172164917,-0.03538207709789276,0.6507356762886047,0.5342589020729065,-0.030111119151115417,0.6656756401062012,0.5343887209892273,-0.024445336312055588,0.6500998735427856,0.5336530804634094,-0.016913631930947304,0.6324334144592285,0.5366274118423462,-0.012882021255791187,0.6491192579269409,0.5746084451675415,-0.03650297597050667,0.6464182734489441,0.5752905011177063,-0.026759730651974678,0.6320967078208923,0.5750291347503662,-0.015483747236430645,0.6159886121749878,0.5782003402709961,-0.007050085347145796,peace_sign,RRQ_p7,RRQ
0.4806666076183319,0.5268152952194214,3.5221464145251957e-07,0.48806002736091614,0.47934970259666443,0.007401067763566971,0.48305511474609375,0.4406868815422058,0.006307152099907398,0.47037261724472046,0.4185582101345062,0.0026416033506393433,0.45820069313049316,0.4036046266555786,-0.0026766774244606495,0.4813690781593323,0.42313215136528015,-0.004561442416161299,0.49781280755996704,0.3686501383781433,-0.016924573108553886,0.5067254900932312,0.3332594037055969,-0.025936516001820564,0.5131614804267883,0.30290716886520386,-0.030857332050800323,0.46743202209472656,0.4177878499031067,-0.014457299374043941,0.47614261507987976,0.3477277457714081,-0.023247376084327698,0.48107007145881653,0.3028629422187805,-0.02876667119562626,0.48566800355911255,0.26565486192703247,-0.033200640231370926,0.4482908546924591,0.4188908338546753,-0.024404456838965416,0.45225632190704346,0.3485559821128845,-0.03332831338047981,0.4567243456840515,0.3034781813621521,-0.04157969355583191,0.46164944767951965,0.2685743272304535,-0.04742579162120819,0.4250703454017639,0.4259968400001526,-0.033262018114328384,0.41983872652053833,0.3757786154747009,-0.04075247421860695,0.41954103112220764,0.3453825116157532,-0.04496384412050247,0.42107245326042175,0.32073497772216797,-0.04830588400363922,neutral,RRQ_p7,RRQ
0.44853314757347107,0.5459483861923218,-1.264806002154728e-07,0.4735337197780609,0.5004664659500122,-0.002629426773637533,0.4897385835647583,0.44651657342910767,-0.011636880226433277,0.4958914518356323,0.3996044993400574,-0.019879285246133804,0.4996018409729004,0.3625165522098541,-0.031127119436860085,0.4828793704509735,0.4258701205253601,-0.03865443542599678,0.47252950072288513,0.3553057312965393,-0.058291055262088776,0.45647329092025757,0.31502458453178406,-0.06878654658794403,0.4410199224948883,0.28904980421066284,-0.07447527348995209,0.46306976675987244,0.4383179545402527,-0.04599267244338989,0.43512946367263794,0.356239378452301,-0.06487707793712616,0.4076418876647949,0.33241748809814453,-0.070914126932621,0.3876023590564728,0.32668381929397583,-0.07397272437810898,0.4392275810241699,0.45484527945518494,-0.05149959400296211,0.40447431802749634,0.38013583421707153,-0.0672125294804573,0.3792961835861206,0.3548484444618225,-0.0696251168847084,0.36182901263237,0.34462764859199524,-0.07069813460111618,0.4135090112686157,0.4740208089351654,-0.05605604872107506,0.3800179064273834,0.4287821650505066,-0.0689704418182373,0.3639906346797943,0.4126777648925781,-0.07046477496623993,0.353632390499115,0.40307697653770447,-0.07020941376686096,neutral,RRQ_p7,RRQ
0.48529332876205444,0.5195995569229126,-1.1146050127308627e-07,0.4942757487297058,0.46607089042663574,0.0010371394455432892,0.4922727942466736,0.4144766330718994,-0.0035008732229471207,0.4950093626976013,0.37484681606292725,-0.009894553571939468,0.5031579732894897,0.3446693420410156,-0.017682066187262535,0.4568322002887726,0.3898857831954956,-0.009013255126774311,0.4199782907962799,0.3570111393928528,-0.01916360668838024,0.3936825692653656,0.3507184684276581,-0.025627411901950836,0.3751188814640045,0.3487114906311035,-0.029785213991999626,0.441518098115921,0.4106069505214691,-0.014725512824952602,0.3950917422771454,0.40282002091407776,-0.023511050269007683,0.38875916600227356,0.42580509185791016,-0.024304747581481934,0.3958152234554291,0.44007983803749084,-0.024729503318667412,0.42911577224731445,0.4397667348384857,-0.020277127623558044,0.3885195553302765,0.43351027369499207,-0.02770811878144741,0.3875757157802582,0.45391517877578735,-0.021974336355924606,0.3986971974372864,0.4658258557319641,-0.017685137689113617,0.4200741946697235,0.47116008400917053,-0.025922559201717377,0.38641414046287537,0.46844035387039185,-0.030254501849412918,0.3864850699901581,0.4800632894039154,-0.02475092001259327,0.3970586061477661,0.48578736186027527,-0.019705818966031075,neutral,RRQ_p7,RRQ
0.47685518860816956,0.5427576303482056,3.401154629045777e-07,0.48735713958740234,0.48533332347869873,0.006665083579719067,0.4782564043998718,0.44243016839027405,0.00584656186401844,0.46126484870910645,0.4198738932609558,0.002751294756308198,0.44513750076293945,0.40969914197921753,-0.0020018843933939934,0.4738118052482605,0.42898914217948914,-0.004558993969112635,0.4771955609321594,0.37114933133125305,-0.01513761281967163,0.47967880964279175,0.33523061871528625,-0.022491373121738434,0.48130881786346436,0.3053508400917053,-0.026385949924588203,0.4540320336818695,0.43129345774650574,-0.013005966320633888,0.45060816407203674,0.3634496331214905,-0.020969364792108536,0.4476863741874695,0.3208080530166626,-0.02567490190267563,0.4456704556941986,0.2856850028038025,-0.029086511582136154,0.43237265944480896,0.44049665331840515,-0.02124098874628544,0.42826467752456665,0.3738844096660614,-0.028739912435412407,0.42714008688926697,0.3301413655281067,-0.03485538810491562,0.42819297313690186,0.2968723773956299,-0.038906343281269073,0.4096260666847229,0.4553503096103668,-0.02845444530248642,0.40206998586654663,0.40652552247047424,-0.03405270725488663,0.39922547340393066,0.3756130337715149,-0.0364864356815815,0.39765363931655884,0.3498789966106415,-0.038208868354558945,neutral,RRQ_p7,RRQ
