x0,y0,z0,x1,y1,z1,x2,y2,z2,x3,y3,z3,x4,y4,z4,x5,y5,z5,x6,y6,z6,x7,y7,z7,x8,y8,z8,x9,y9,z9,x10,y10,z10,x11,y11,z11,x12,y12,z12,x13,y13,z13,x14,y14,z14,x15,y15,z15,x16,y16,z16,x17,y17,z17,x18,y18,z18,x19,y19,z19,x20,y20,z20,label,person_id,collector
0.7574740052223206,0.6813706159591675,-2.647913674991287e-07,0.7092075347900391,0.6269780397415161,-0.03349127620458603,0.6777729988098145,0.5407997965812683,-0.061486758291721344,0.6894708275794983,0.48173320293426514,-0.08993349969387054,0.7315335869789124,0.46036139130592346,-0.11855411529541016,0.7517459988594055,0.4157874882221222,-0.055041469633579254,0.7736567854881287,0.29068902134895325,-0.0999092236161232,0.7962062954902649,0.21492524445056915,-0.12891559302806854,0.8170669078826904,0.149494469165802,-0.14851728081703186,0.8083446025848389,0.4381118416786194,-0.06015907600522041,0.7923474311828613,0.43230417370796204,-0.12801170349121094,0.7540128231048584,0.5280777215957642,-0.14086072146892548,0.728077232837677,0.5924866199493408,-0.1344957947731018,0.8530682921409607,0.4803387522697449,-0.06859732419252396,0.8287791609764099,0.49676579236984253,-0.12726157903671265,0.7837608456611633,0.5739052295684814,-0.11337453871965408,0.7532892227172852,0.6195593476295471,-0.08908314257860184,0.8888261914253235,0.5329263806343079,-0.08034314960241318,0.8733600378036499,0.5398842692375183,-0.11737096309661865,0.8287369012832642,0.5934675335884094,-0.10455410927534103,0.7984248995780945,0.6251183748245239,-0.0845942497253418,point,RRQ_p22,RRQ
0.6206273436546326,0.6780102849006653,-4.6452129254248575e-07,0.5212888717651367,0.6637340784072876,-0.005825097672641277,0.4501152038574219,0.6301529407501221,-0.024243755266070366,0.39971500635147095,0.6032934784889221,-0.050478655844926834,0.37652409076690674,0.5534271001815796,-0.07730177044868469,0.453030526638031,0.4620746374130249,-0.005147392861545086,0.39165014028549194,0.39874711632728577,-0.03798520192503929,0.3493853807449341,0.35241925716400146,-0.06067909672856331,0.31472986936569214,0.31430667638778687,-0.07701042294502258,0.49279269576072693,0.44092971086502075,-0.02413421869277954,0.4094884991645813,0.4931792914867401,-0.07602011412382126,0.4171670079231262,0.5897089242935181,-0.08717604726552963,0.44230812788009644,0.6439744234085083,-0.08390948921442032,0.5303270220756531,0.4501188099384308,-0.04672219604253769,0.4504246413707733,0.5284428596496582,-0.09179744124412537,0.46213942766189575,0.6105892658233643,-0.07846403867006302,0.4873877167701721,0.6532254219055176,-0.058528173714876175,0.5639537572860718,0.48127248883247375,-0.07128504663705826,0.4937710165977478,0.5387142300605774,-0.09922096133232117,0.48934075236320496,0.6032488346099854,-0.0883944034576416,0.5029167532920837,0.6403496265411377,-0.07274157553911209,point,RRQ_p22,RRQ
0.5658121705055237,0.8088237643241882,-5.847852548868104e-07,0.45810461044311523,0.8151127696037292,0.003935659304261208,0.3737764358520508,0.8053414225578308,-0.012396883219480515,0.31200072169303894,0.8057001829147339,-0.034550171345472336,0.2725209593772888,0.8083363771438599,-0.057331740856170654,0.3477788269519806,0.6448903679847717,-0.01502048596739769,0.2551133334636688,0.6719352006912231,-0.05065165460109711,0.19274257123470306,0.6899489760398865,-0.07534215599298477,0.14068926870822906,0.7029100060462952,-0.09276528656482697,0.37736737728118896,0.6383159756660461,-0.03704651817679405,0.2881699800491333,0.7611150145530701,-0.07880239933729172,0.32208725810050964,0.8262490630149841,-0.0841301828622818,0.3603248596191406,0.8401789665222168,-0.08258378505706787,0.4101666808128357,0.6642453670501709,-0.060956187546253204,0.33286166191101074,0.7950302958488464,-0.09586779773235321,0.36347493529319763,0.8478866815567017,-0.08013352751731873,0.3958747386932373,0.8511986136436462,-0.06406306475400925,0.443639874458313,0.7082374095916748,-0.08600343763828278,0.38055241107940674,0.8020025491714478,-0.10703251510858536,0.39073649048805237,0.8502079248428345,-0.09572609513998032,0.4103906452655792,0.8625181913375854,-0.08347239345312119,point,RRQ_p22,RRQ
0.7312498092651367,0.6370431780815125,-4.5265022663443233e-07,0.6769422888755798,0.5804682374000549,-0.0234379880130291,0.6312153935432434,0.496100515127182,-0.04241582006216049,0.6156696677207947,0.4288783371448517,-0.06383559107780457,0.6446236968040466,0.3885059952735901,-0.08528959006071091,0.6958884000778198,0.35437828302383423,-0.02348402515053749,0.6791074275970459,0.2475724071264267,-0.056281108409166336,0.6757815480232239,0.1776191145181656,-0.07856618613004684,0.6751992702484131,0.11716550588607788,-0.09510554373264313,0.7489119172096252,0.35992029309272766,-0.030679401010274887,0.6870449185371399,0.3512577712535858,-0.08371568471193314,0.6647230982780457,0.4448845386505127,-0.09524699300527573,0.6629306674003601,0.5070856809616089,-0.09083922952413559,0.7912498712539673,0.3922019600868225,-0.04175350442528725,0.7221304178237915,0.40939459204673767,-0.09058114886283875,0.6971973180770874,0.4912448823451996,-0.07982005178928375,0.6921217441558838,0.5410891175270081,-0.059622786939144135,0.8238942623138428,0.4416460394859314,-0.05555662885308266,0.7663915157318115,0.4464893043041229,-0.08618243783712387,0.7357048392295837,0.503618597984314,-0.07644133269786835,0.7248005270957947,0.5418751835823059,-0.060479823499917984,point,RRQ_p22,RRQ
0.8348696827888489,0.7521601915359497,-5.694541300726996e-07,0.7787577509880066,0.7219343185424805,-0.03088013082742691,0.7319626808166504,0.7002946734428406,-0.05848521739244461,0.6973261833190918,0.7119000554084778,-0.08359573781490326,0.6807640790939331,0.7208563685417175,-0.10609836876392365,0.7332047820091248,0.5647216439247131,-0.06134120374917984,0.6727506518363953,0.6327896118164062,-0.10827673226594925,0.6359385848045349,0.6863512992858887,-0.1329808235168457,0.6082208752632141,0.7226306200027466,-0.14490577578544617,0.7832787036895752,0.5716568231582642,-0.06568191945552826,0.7189925909042358,0.6969120502471924,-0.10376772284507751,0.7242403030395508,0.7690015435218811,-0.10442952066659927,0.7402804493904114,0.7774481773376465,-0.09968859702348709,0.8324369192123413,0.610885739326477,-0.07406888902187347,0.7717235088348389,0.7347731590270996,-0.10571572184562683,0.7685407400131226,0.7849466800689697,-0.08541712164878845,0.7787889242172241,0.7792754173278809,-0.06600771844387054,0.8759586215019226,0.6610862016677856,-0.08662521094083786,0.8278536796569824,0.7448391318321228,-0.10847657918930054,0.8111892342567444,0.7786585092544556,-0.09463268518447876,0.811332643032074,0.7751257419586182,-0.07817400991916656,point,RRQ_p22,RRQ
0.6956321001052856,0.6805152893066406,-3.602457354645594e-07,0.6120603084564209,0.6667039394378662,-0.0013729664497077465,0.5347029566764832,0.6485620141029358,-0.016878031194210052,0.479661762714386,0.6532878875732422,-0.035796478390693665,0.45007550716400146,0.6643775701522827,-0.05510549247264862,0.5083686709403992,0.5121443271636963,-0.01810034178197384,0.42505472898483276,0.5402879118919373,-0.042839907109737396,0.370361328125,0.5463616847991943,-0.05887308716773987,0.3266547620296478,0.5444695949554443,-0.07282783091068268,0.5304399132728577,0.5216579437255859,-0.03466867655515671,0.4502018690109253,0.6421317458152771,-0.06605054438114166,0.4861202538013458,0.6761433482170105,-0.0678834542632103,0.5169235467910767,0.6612135171890259,-0.0669761523604393,0.5554447770118713,0.5556401014328003,-0.05248136445879936,0.49531999230384827,0.6799014806747437,-0.07774938642978668,0.5293588042259216,0.7004129886627197,-0.06330481916666031,0.5516886115074158,0.6771759390830994,-0.05243362486362457,0.5811759829521179,0.6018082499504089,-0.07198973000049591,0.5375841856002808,0.6939283013343811,-0.08833954483270645,0.5606723427772522,0.7146847248077393,-0.07956325262784958,0.5781750082969666,0.6998129487037659,-0.07188231498003006,point,RRQ_p22,RRQ
0.7748872637748718,0.6839412450790405,-4.1677247963889386e-07,0.7094733119010925,0.6101062297821045,-0.0053571793250739574,0.6732481718063354,0.5332028269767761,-0.021207395941019058,0.6525332927703857,0.47680211067199707,-0.042815811932086945,0.6573669910430908,0.4395957589149475,-0.06519507616758347,0.7463222146034241,0.41266903281211853,-0.009454844519495964,0.7275890111923218,0.32017427682876587,-0.03707053139805794,0.7185980677604675,0.2573685646057129,-0.05743500217795372,0.7139521241188049,0.20206928253173828,-0.07382486015558243,0.7827916741371155,0.4212038516998291,-0.026329664513468742,0.6890571117401123,0.4187122881412506,-0.07052978873252869,0.6708968877792358,0.4974827170372009,-0.08005058020353317,0.6841645836830139,0.5462018251419067,-0.07847388833761215,0.8045693039894104,0.45257464051246643,-0.04557409510016441,0.7064113616943359,0.46681758761405945,-0.08408421277999878,0.6957672238349915,0.5388525128364563,-0.07015437632799149,0.7110348343849182,0.5807265639305115,-0.05268186703324318,0.8154705166816711,0.4978792667388916,-0.06684105098247528,0.733590304851532,0.5037392377853394,-0.09279146790504456,0.7163894176483154,0.556338369846344,-0.0823986604809761,0.7247152924537659,0.5911077260971069,-0.06818666309118271,point,RRQ_p22,RRQ
0.7032504081726074,0.7003306150436401,-3.989374306456739e-07,0.6808459162712097,0.6149885058403015,-0.00797634944319725,0.6901369094848633,0.5222702622413635,-0.013060602359473705,0.7093053460121155,0.45626774430274963,-0.02533203549683094,0.7473080158233643,0.4199620485305786,-0.03779434412717819,0.789555549621582,0.49160152673721313,0.022046642377972603,0.8325451016426086,0.4270144999027252,0.003970352467149496,0.8570130467414856,0.38563835620880127,-0.007688355632126331,0.8809980750083923,0.3564414978027344,-0.01569274812936783,0.8126965761184692,0.5163208246231079,0.01164131797850132,0.7990429997444153,0.43331876397132874,-0.03265831246972084,0.7407011985778809,0.46619927883148193,-0.04774187505245209,0.7040234208106995,0.513545036315918,-0.04331688582897186,0.8322767615318298,0.5483845472335815,-0.002922412008047104,0.8019388318061829,0.47287607192993164,-0.04970259964466095,0.7440664768218994,0.5171980857849121,-0.04975462332367897,0.7118673324584961,0.5676771998405457,-0.03266487270593643,0.8495305776596069,0.5905445218086243,-0.01792747713625431,0.8199150562286377,0.5163699388504028,-0.048539869487285614,0.7740229964256287,0.5347107648849487,-0.04536043480038643,0.7441266179084778,0.569449782371521,-0.0319715179502964,point,RRQ_p22,RRQ
0.3335912823677063,0.7094134092330933,-2.457854542115001e-08,0.39280325174331665,0.6146445870399475,-0.011611211113631725,0.42311567068099976,0.518146276473999,-0.029631998389959335,0.4441206455230713,0.4443674385547638,-0.05436822772026062,0.4373147487640381,0.37433815002441406,-0.07777287065982819,0.3282845616340637,0.3927106261253357,-0.02862047404050827,0.3170318305492401,0.2766808271408081,-0.0628201812505722,0.3031196594238281,0.19286203384399414,-0.08502145111560822,0.2881532907485962,0.12297579646110535,-0.09998930990695953,0.2854693531990051,0.40619051456451416,-0.04509320855140686,0.3892956078052521,0.39005786180496216,-0.10075095295906067,0.4297634959220886,0.4688265323638916,-0.11568958312273026,0.4405527710914612,0.5309804081916809,-0.11415471136569977,0.2601161003112793,0.4461735188961029,-0.06282296776771545,0.36930903792381287,0.442399799823761,-0.11460971087217331,0.4049043655395508,0.5177720785140991,-0.10581687092781067,0.4166417717933655,0.5760397911071777,-0.0859181359410286,0.24805738031864166,0.49957776069641113,-0.08283904939889908,0.31822437047958374,0.4714166224002838,-0.11930076777935028,0.3708952069282532,0.49392855167388916,-0.11242470890283585,0.4111025333404541,0.5237396955490112,-0.09561076760292053,point,RRQ_p22,RRQ
0.32073184847831726,0.764873743057251,1.5841669664951041e-07,0.3959846496582031,0.6889441013336182,0.014272957108914852,0.47443053126335144,0.6429513692855835,-0.003797148820012808,0.5428051352500916,0.6449317336082458,-0.027557650581002235,0.5972011089324951,0.6539802551269531,-0.05190334841609001,0.4763389527797699,0.538287878036499,-0.04964016377925873,0.5582656860351562,0.47573888301849365,-0.08053437620401382,0.6086096167564392,0.4265681505203247,-0.09834055602550507,0.6487969160079956,0.38719943165779114,-0.11124883592128754,0.4569063186645508,0.5671272873878479,-0.07660849392414093,0.5685115456581116,0.6578331589698792,-0.11050490289926529,0.5523936748504639,0.7085294127464294,-0.1121954694390297,0.528444230556488,0.716477632522583,-0.1115017756819725,0.4357547163963318,0.6258249878883362,-0.0992492139339447,0.5439006686210632,0.7197131514549255,-0.12796898186206818,0.5265570878982544,0.7607356905937195,-0.11135367304086685,0.502100944519043,0.7659929990768433,-0.09740772098302841,0.4166380763053894,0.6961230039596558,-0.12080509960651398,0.4987163245677948,0.751289427280426,-0.13780006766319275,0.5301339626312256,0.7955338954925537,-0.12334071844816208,0.5499088168144226,0.8262292742729187,-0.10950984805822372,point,RRQ_p22,RRQ
0.4350648522377014,0.6789735555648804,1.0734961364278206e-08,0.5153172016143799,0.5721399784088135,0.0014356872998178005,0.5478118658065796,0.4829421043395996,-0.01849205419421196,0.5748354196548462,0.4173787236213684,-0.04722093790769577,0.5845861434936523,0.35627883672714233,-0.07648960500955582,0.4549834430217743,0.3495173454284668,-0.035657018423080444,0.4808840751647949,0.23870354890823364,-0.07295601814985275,0.4932113587856293,0.15066483616828918,-0.09830334782600403,0.5024896860122681,0.07782909274101257,-0.11662029474973679,0.4187546670436859,0.37353307008743286,-0.060966894030570984,0.5526923537254333,0.384199857711792,-0.11401531100273132,0.576143741607666,0.47487565875053406,-0.12529464066028595,0.5744072198867798,0.534438967704773,-0.12495717406272888,0.40455520153045654,0.42961442470550537,-0.08566046506166458,0.539734959602356,0.4514245390892029,-0.13535873591899872,0.5554830431938171,0.5336673855781555,-0.1238018050789833,0.5528305768966675,0.5897234082221985,-0.10656686127185822,0.40715253353118896,0.4986388683319092,-0.1116405725479126,0.4994741678237915,0.4980250895023346,-0.14955861866474152,0.5528452396392822,0.5328491926193237,-0.14297237992286682,0.5953345894813538,0.5672436952590942,-0.12877067923545837,point,RRQ_p22,RRQ
0.5095378160476685,0.697682797908783,1.8283306246758002e-07,0.5769160389900208,0.6405207514762878,0.018523160368204117,0.6638951897621155,0.6390148997306824,0.009381231851875782,0.73320472240448,0.6832928657531738,-0.00420262711122632,0.7827613353729248,0.7247707843780518,-0.01920229010283947,0.6937620043754578,0.5598574876785278,-0.0361761599779129,0.7980892062187195,0.6128976345062256,-0.05185346677899361,0.8601012825965881,0.636520504951477,-0.06113344803452492,0.912403404712677,0.6488320827484131,-0.06953436881303787,0.6787109375,0.5911887884140015,-0.056591182947158813,0.7483277916908264,0.7224293351173401,-0.0705777034163475,0.7172212600708008,0.7540878057479858,-0.06966257840394974,0.692416250705719,0.7444552183151245,-0.07241714000701904,0.6557511687278748,0.6461533904075623,-0.07148273289203644,0.7229619026184082,0.766024649143219,-0.08249104768037796,0.6906084418296814,0.7882997393608093,-0.06804432719945908,0.662177562713623,0.777640700340271,-0.06039212644100189,0.6320010423660278,0.7024992108345032,-0.08463216572999954,0.6981956958770752,0.7827396988868713,-0.08887609839439392,0.7064485549926758,0.8325159549713135,-0.07550361007452011,0.7072968482971191,0.8643736243247986,-0.06545164436101913,point,RRQ_p22,RRQ
0.2825623154640198,0.7140724658966064,-4.23648991443315e-08,0.3373538553714752,0.6152472496032715,-0.004958015866577625,0.36066097021102905,0.5145144462585449,-0.019318442791700363,0.37597209215164185,0.44135209918022156,-0.04076266661286354,0.36581194400787354,0.38324886560440063,-0.062102772295475006,0.2607991397380829,0.4079433083534241,-0.025133388116955757,0.27003738284111023,0.2991374731063843,-0.05460575222969055,0.2675628960132599,0.22063066065311432,-0.07391801476478577,0.2612234950065613,0.15409353375434875,-0.08762811124324799,0.21932338178157806,0.42410796880722046,-0.042746976017951965,0.3278733193874359,0.4072459042072296,-0.09012128412723541,0.3658672571182251,0.4842863976955414,-0.10172346979379654,0.37537652254104614,0.543067455291748,-0.10058802366256714,0.19855085015296936,0.4662404954433441,-0.060635536909103394,0.31253743171691895,0.45562127232551575,-0.10728044807910919,0.3489447832107544,0.5280090570449829,-0.099507175385952,0.3624033033847809,0.5839747786521912,-0.0827077105641365,0.19405695796012878,0.5222617983818054,-0.08001210540533066,0.2676827907562256,0.49126821756362915,-0.11545881628990173,0.3226209580898285,0.5101204514503479,-0.11096262186765671,0.36703240871429443,0.5368751287460327,-0.09717386960983276,point,RRQ_p22,RRQ
0.24998171627521515,0.8035446405410767,-2.2950917610842225e-08,0.29130101203918457,0.6929708123207092,-0.016907216981053352,0.30624276399612427,0.5866320133209229,-0.040329109877347946,0.31014323234558105,0.5059927701950073,-0.06963278353214264,0.2733595073223114,0.46186333894729614,-0.09822871536016464,0.1794102042913437,0.4918970465660095,-0.04036388173699379,0.13294607400894165,0.3923209309577942,-0.07973036170005798,0.09177234023809433,0.3241381049156189,-0.10505984723567963,0.054085150361061096,0.2696157991886139,-0.12185180932283401,0.13497690856456757,0.5272680521011353,-0.0560835562646389,0.2286357283592224,0.4860512316226959,-0.11793753504753113,0.29000863432884216,0.5486699342727661,-0.13407206535339355,0.322365939617157,0.6036604046821594,-0.13222667574882507,0.1140936091542244,0.5839204788208008,-0.0732162743806839,0.22013252973556519,0.5499764680862427,-0.12778979539871216,0.2754279673099518,0.6073130369186401,-0.11893905699253082,0.30768322944641113,0.6551918983459473,-0.09914582967758179,0.10909127444028854,0.6500083208084106,-0.09337510913610458,0.18280187249183655,0.6115700602531433,-0.13111473619937897,0.2450897991657257,0.623230516910553,-0.12458180636167526,0.2951560616493225,0.6405900120735168,-0.10804858803749084,point,RRQ_p22,RRQ
0.32110998034477234,0.7828078269958496,5.852616880019923e-08,0.3987542390823364,0.6906523108482361,0.003152881981804967,0.43842417001724243,0.6148615479469299,-0.01545796636492014,0.4722859859466553,0.5636193156242371,-0.042110830545425415,0.49455785751342773,0.5126894116401672,-0.06857533007860184,0.3739136755466461,0.47795429825782776,-0.03005661629140377,0.4025609791278839,0.3791223466396332,-0.06418456882238388,0.41625985503196716,0.29797133803367615,-0.08822323381900787,0.4242429733276367,0.23093870282173157,-0.105504110455513,0.3382143974304199,0.4953594207763672,-0.05363849550485611,0.46000605821609497,0.526362419128418,-0.10405208170413971,0.4819629192352295,0.6103249788284302,-0.11664800345897675,0.4815087914466858,0.66685950756073,-0.1168445497751236,0.31943002343177795,0.5441126823425293,-0.07617338746786118,0.44306644797325134,0.5874231457710266,-0.1201934665441513,0.45659682154655457,0.6610307097434998,-0.10877753794193268,0.4554769694805145,0.7124497294425964,-0.09154003858566284,0.31396275758743286,0.6081341505050659,-0.09997465461492538,0.4028303027153015,0.624268651008606,-0.13156184554100037,0.4522557258605957,0.6585059762001038,-0.1239684447646141,0.4915820062160492,0.691277265548706,-0.10951374471187592,point,RRQ_p22,RRQ
0.7114956974983215,0.6695296168327332,2.3154652240009455e-07,0.6301143765449524,0.6469552516937256,-0.020907694473862648,0.5567579865455627,0.5976921916007996,-0.04476208984851837,0.4964275360107422,0.5686163306236267,-0.07255393266677856,0.44298550486564636,0.5332818627357483,-0.10171214491128922,0.577941358089447,0.419588178396225,-0.014946895651519299,0.5122436881065369,0.39865243434906006,-0.06879489123821259,0.4694138765335083,0.4482576549053192,-0.11779411882162094,0.44973504543304443,0.4955131411552429,-0.14574576914310455,0.607014000415802,0.3807762563228607,-0.03192204236984253,0.5625389814376831,0.25807204842567444,-0.06650993227958679,0.5247496962547302,0.17201992869377136,-0.09786497056484222,0.4937119781970978,0.09665444493293762,-0.11989440768957138,0.6485739350318909,0.3799317181110382,-0.05629603937268257,0.6377425193786621,0.24023909866809845,-0.09325319528579712,0.6179516315460205,0.1472620666027069,-0.11851833760738373,0.5944932699203491,0.06548354029655457,-0.13401314616203308,0.6921460032463074,0.4147302508354187,-0.08230825513601303,0.711736261844635,0.31215906143188477,-0.1107269749045372,0.7180691361427307,0.23490694165229797,-0.11846081167459488,0.7172080874443054,0.16377758979797363,-0.12239055335521698,pinch,RRQ_p22,RRQ
0.7822221517562866,0.5630514621734619,3.947200255538519e-08,0.7272223234176636,0.527066171169281,-0.013597020879387856,0.6780230402946472,0.4642336368560791,-0.026493974030017853,0.6407960057258606,0.4198150038719177,-0.04220260679721832,0.6062939167022705,0.38764941692352295,-0.05874696746468544,0.7104185223579407,0.3465832471847534,-0.006384660489857197,0.6620692610740662,0.32023224234580994,-0.042561229318380356,0.6276710629463196,0.3401651978492737,-0.07390668988227844,0.6061472296714783,0.36452215909957886,-0.09102745354175568,0.74159175157547,0.31875234842300415,-0.019677096977829933,0.718296229839325,0.22536005079746246,-0.047736361622810364,0.6876358389854431,0.16575732827186584,-0.07149384170770645,0.6581122875213623,0.11713290214538574,-0.08617182821035385,0.777439296245575,0.32114166021347046,-0.038000356405973434,0.7830566167831421,0.2188427895307541,-0.06881135702133179,0.7661112546920776,0.15467961132526398,-0.08917326480150223,0.7451367378234863,0.09868049621582031,-0.09976658970117569,0.8115133047103882,0.350127637386322,-0.05704943463206291,0.8375746607780457,0.2715955972671509,-0.07918362319469452,0.8472885489463806,0.21088425815105438,-0.08677756041288376,0.8499315977096558,0.15372386574745178,-0.09024398028850555,pinch,RRQ_p22,RRQ
0.6718100905418396,0.696706235408783,1.5130288133491376e-08,0.6045347452163696,0.6575077772140503,-0.01067287940531969,0.5431894659996033,0.5875922441482544,-0.023926058784127235,0.49262726306915283,0.5444697141647339,-0.0419304296374321,0.44281983375549316,0.5168053507804871,-0.06178310140967369,0.5736269950866699,0.45901089906692505,0.0015352293848991394,0.5182027220726013,0.42631229758262634,-0.03773012384772301,0.475631445646286,0.4499927759170532,-0.07502945512533188,0.44520336389541626,0.47909218072891235,-0.09640230238437653,0.6003201603889465,0.43041080236434937,-0.01567317731678486,0.5677095651626587,0.3221719264984131,-0.04420311376452446,0.526177167892456,0.26113206148147583,-0.07235492020845413,0.48689788579940796,0.21178382635116577,-0.0908515527844429,0.6340110301971436,0.43387752771377563,-0.03841816633939743,0.6280137300491333,0.31460434198379517,-0.06741759926080704,0.5972639918327332,0.24696393311023712,-0.0895690768957138,0.5635827779769897,0.18823644518852234,-0.10272177308797836,0.6671451926231384,0.46461308002471924,-0.062180183827877045,0.6805259585380554,0.3742471933364868,-0.08222398161888123,0.6765572428703308,0.30731701850891113,-0.0891980528831482,0.6648688912391663,0.24473577737808228,-0.09334094077348709,pinch,RRQ_p22,RRQ
0.7407611608505249,0.6387839317321777,-3.041702356654241e-08,0.6801402568817139,0.5937204360961914,-0.01525028608739376,0.6291598081588745,0.5147117972373962,-0.02838575653731823,0.593235433101654,0.4575284421443939,-0.044609036296606064,0.5582252740859985,0.40901869535446167,-0.06165207549929619,0.670153021812439,0.3776113986968994,-0.0036205167416483164,0.620461106300354,0.3309806287288666,-0.04018007591366768,0.5815929770469666,0.34606844186782837,-0.0738387405872345,0.5538436770439148,0.36893966794013977,-0.09306306391954422,0.7075900435447693,0.3493933379650116,-0.01805700547993183,0.6866395473480225,0.2444634884595871,-0.04428962245583534,0.6529631018638611,0.1809743195772171,-0.07035446912050247,0.6189761161804199,0.13202977180480957,-0.08752231299877167,0.7473561763763428,0.35723626613616943,-0.03818010538816452,0.7522120475769043,0.24691526591777802,-0.0672767236828804,0.7338560223579407,0.17618364095687866,-0.0897626206278801,0.7116745710372925,0.11507195234298706,-0.10341192781925201,0.7833368182182312,0.39423641562461853,-0.059523697942495346,0.8140400052070618,0.31314224004745483,-0.08282366394996643,0.8272002339363098,0.24842438101768494,-0.09283742308616638,0.832082986831665,0.18613462150096893,-0.09863939881324768,pinch,RRQ_p22,RRQ
0.5533608198165894,0.7155107259750366,1.0417990381483833e-07,0.504378080368042,0.6517789363861084,-0.019557993859052658,0.4813409745693207,0.559857189655304,-0.03120124340057373,0.4635021984577179,0.48302844166755676,-0.04517914354801178,0.45206418633461,0.4142400622367859,-0.05875245854258537,0.5618757009506226,0.48795628547668457,0.001438097096979618,0.5335115194320679,0.42823153734207153,-0.03387274965643883,0.4987177848815918,0.40691491961479187,-0.06549926102161407,0.4712746739387512,0.3986567258834839,-0.08235414326190948,0.6023597717285156,0.4764705002307892,-0.007414092775434256,0.6177819967269897,0.37464475631713867,-0.027886537835001945,0.6192494630813599,0.30147436261177063,-0.046315357089042664,0.6168171167373657,0.24360093474388123,-0.057923298329114914,0.6369925737380981,0.4952852725982666,-0.023501766845583916,0.6721084117889404,0.4066917896270752,-0.04874886944890022,0.6815615892410278,0.3393241763114929,-0.06397809833288193,0.6838598251342773,0.2799886167049408,-0.0709739476442337,0.6620340347290039,0.5326669216156006,-0.04185223579406738,0.7133978009223938,0.475790411233902,-0.062178947031497955,0.7468262314796448,0.42636409401893616,-0.06954222917556763,0.7707709074020386,0.3762560784816742,-0.07225289195775986,pinch,RRQ_p22,RRQ
0.704619824886322,0.6652871370315552,1.1202093475048969e-07,0.6286640167236328,0.6345250606536865,-0.010705484077334404,0.5673679709434509,0.5874254703521729,-0.03127351403236389,0.5135365128517151,0.566250205039978,-0.056249070912599564,0.46114107966423035,0.5494633316993713,-0.08478665351867676,0.5862653851509094,0.4514898657798767,-0.020890789106488228,0.519364595413208,0.4343344271183014,-0.06769228726625443,0.4854634702205658,0.4787530303001404,-0.10914559662342072,0.4631677269935608,0.5263833403587341,-0.13439181447029114,0.611996591091156,0.4309109151363373,-0.04377702623605728,0.5681902766227722,0.32033735513687134,-0.08202307671308517,0.5203134417533875,0.2666652798652649,-0.11676938831806183,0.4722387194633484,0.22870653867721558,-0.14045237004756927,0.6467829942703247,0.44539326429367065,-0.07073724269866943,0.6366240978240967,0.3242592513561249,-0.11006700247526169,0.6028884053230286,0.2534198760986328,-0.14139126241207123,0.5648424029350281,0.19506725668907166,-0.16201017796993256,0.6794936060905457,0.48877158761024475,-0.09718591719865799,0.6917992234230042,0.41121500730514526,-0.13021697103977203,0.6860458850860596,0.350835382938385,-0.1446068435907364,0.6722030639648438,0.294007807970047,-0.15429140627384186,pinch,RRQ_p22,RRQ
0.7034257650375366,0.5867156982421875,-2.8864192813671252e-08,0.6521884799003601,0.5325294137001038,-0.01376360934227705,0.6343984007835388,0.4398927688598633,-0.015101627446711063,0.6268120408058167,0.3603266179561615,-0.019968604668974876,0.6161155700683594,0.297652006149292,-0.024298185482621193,0.7041144371032715,0.3893304169178009,0.023827625438570976,0.6822139620780945,0.32757166028022766,0.001611442887224257,0.653174877166748,0.2945517897605896,-0.021013343706727028,0.6251693964004517,0.27702534198760986,-0.03295249119400978,0.7433446049690247,0.37448230385780334,0.016795802861452103,0.7498111128807068,0.28009170293807983,0.005406161304563284,0.7401858568191528,0.21519173681735992,-0.007577578537166119,0.7261903882026672,0.16599756479263306,-0.014889591373503208,0.780200183391571,0.3822585940361023,0.0022991877049207687,0.7993465662002563,0.29262563586235046,-0.015189794823527336,0.7954049706459045,0.23043964803218842,-0.025515399873256683,0.7850101590156555,0.1793033629655838,-0.028722722083330154,0.8120854496955872,0.4036062955856323,-0.014661378227174282,0.8468533754348755,0.33336108922958374,-0.028606049716472626,0.8647699952125549,0.2802819311618805,-0.03330616652965546,0.8723925352096558,0.2301705777645111,-0.034213073551654816,pinch,RRQ_p22,RRQ
0.3350302577018738,0.6374768614768982,3.038546765310457e-07,0.36607807874679565,0.5660020709037781,-0.0074326093308627605,0.3648037910461426,0.47740939259529114,-0.011476419866085052,0.37124109268188477,0.40529316663742065,-0.019551021978259087,0.3836680054664612,0.3441741168498993,-0.026794156059622765,0.2943517863750458,0.4230163097381592,0.012465418316423893,0.3137126564979553,0.35855886340141296,-0.012251580134034157,0.3455866873264313,0.33655500411987305,-0.03375278040766716,0.37634867429733276,0.32698726654052734,-0.045530036091804504,0.26436635851860046,0.4212326109409332,0.0019625970162451267,0.2542472779750824,0.3377947211265564,-0.022059839218854904,0.2798510491847992,0.2925047278404236,-0.03763808310031891,0.31244686245918274,0.2665508985519409,-0.04334977641701698,0.23875677585601807,0.44042786955833435,-0.01376368384808302,0.20895765721797943,0.3625113070011139,-0.03663521632552147,0.22019127011299133,0.30917900800704956,-0.048671796917915344,0.24279074370861053,0.26934152841567993,-0.05221174284815788,0.2199714630842209,0.4743143618106842,-0.031150970607995987,0.18424540758132935,0.42163902521133423,-0.049316130578517914,0.18747055530548096,0.3759903311729431,-0.05616159737110138,0.20600107312202454,0.3365838825702667,-0.0580291673541069,pinch,RRQ_p22,RRQ
0.3755098581314087,0.6301206350326538,2.858627397017699e-07,0.4330853223800659,0.5866960883140564,-0.0027508053462952375,0.4716852009296417,0.5258588790893555,-0.016598640009760857,0.5126388669013977,0.4861963391304016,-0.0346226766705513,0.5533286929130554,0.4581931531429291,-0.05313178524374962,0.44181472063064575,0.4145313501358032,-0.015884747728705406,0.4987408518791199,0.37702476978302,-0.05622881278395653,0.5339036583900452,0.4057863652706146,-0.08711563050746918,0.5585657954216003,0.44371169805526733,-0.1037873923778534,0.42141246795654297,0.4063386917114258,-0.035617679357528687,0.44639021158218384,0.31313347816467285,-0.0658763125538826,0.492621511220932,0.2709501385688782,-0.08491894602775574,0.5366408824920654,0.24546268582344055,-0.09661353379487991,0.39723294973373413,0.4273606836795807,-0.05891934782266617,0.3938431441783905,0.32768839597702026,-0.08804608136415482,0.4203416705131531,0.27262693643569946,-0.10530076920986176,0.4545811712741852,0.2285679131746292,-0.11580944061279297,0.37735098600387573,0.4688006639480591,-0.08251959085464478,0.34207895398139954,0.4033953547477722,-0.1096041277050972,0.34887242317199707,0.35747331380844116,-0.12128714472055435,0.3705330789089203,0.31762179732322693,-0.1281563937664032,pinch,RRQ_p22,RRQ
0.3403337001800537,0.7832447290420532,3.0152634167279757e-07,0.3640470802783966,0.7041622996330261,-0.008159957826137543,0.3594127297401428,0.6121745109558105,-0.01667323336005211,0.36033564805984497,0.5394993424415588,-0.02934856526553631,0.3606139123439789,0.47551998496055603,-0.0413002073764801,0.2735667824745178,0.5649190545082092,0.002391793066635728,0.2824564576148987,0.4904187023639679,-0.03003588877618313,0.31430262327194214,0.47018522024154663,-0.05583236366510391,0.34725242853164673,0.46761590242385864,-0.06860153377056122,0.2406502515077591,0.5742020010948181,-0.010314281098544598,0.2142908126115799,0.49225372076034546,-0.03346242383122444,0.2265455424785614,0.4304589331150055,-0.04699205979704857,0.24805721640586853,0.3845605254173279,-0.052912384271621704,0.21796494722366333,0.6061532497406006,-0.028602546080946922,0.17267316579818726,0.5390786528587341,-0.051303111016750336,0.16711241006851196,0.4782549738883972,-0.06101046875119209,0.1740594208240509,0.42203330993652344,-0.06443777680397034,0.20701062679290771,0.6531223058700562,-0.04865679517388344,0.1514746993780136,0.6274966597557068,-0.06816257536411285,0.1408756524324417,0.5827232003211975,-0.07329249382019043,0.1473153680562973,0.5310144424438477,-0.07400628179311752,pinch,RRQ_p22,RRQ
0.3779604136943817,0.6782935261726379,4.042391594794026e-07,0.4141937792301178,0.6115169525146484,-0.011608422733843327,0.4296252727508545,0.5257779955863953,-0.02253696694970131,0.4493572413921356,0.4583272635936737,-0.036106616258621216,0.4725613296031952,0.4015614986419678,-0.04929126799106598,0.3619515895843506,0.4561881721019745,-0.007467090617865324,0.39528462290763855,0.39481398463249207,-0.039890583604574203,0.43213510513305664,0.3814500570297241,-0.06537449359893799,0.46522361040115356,0.38005802035331726,-0.07967628538608551,0.3307037651538849,0.4507237374782562,-0.019511619582772255,0.3232395350933075,0.359256386756897,-0.04454875364899635,0.3474419414997101,0.301692396402359,-0.05840807408094406,0.3748813271522522,0.25672852993011475,-0.06544424593448639,0.30443525314331055,0.47216305136680603,-0.03655395284295082,0.27394670248031616,0.3886446952819824,-0.062071554362773895,0.2788753807544708,0.3242350220680237,-0.07311023026704788,0.29332417249679565,0.2646992802619934,-0.0778026282787323,0.28547000885009766,0.512142539024353,-0.05516768991947174,0.23988249897956848,0.4647665023803711,-0.07587829232215881,0.23084452748298645,0.4169307351112366,-0.08148380368947983,0.23633024096488953,0.3668016791343689,-0.08347271382808685,pinch,RRQ_p22,RRQ
0.456908255815506,0.5829967856407166,2.646885661761189e-07,0.48410120606422424,0.5101320147514343,-0.0047415331937372684,0.4852712154388428,0.42587003111839294,-0.013012837618589401,0.4946011006832123,0.35772743821144104,-0.025761734694242477,0.5033884048461914,0.2947939336299896,-0.03750302642583847,0.40132561326026917,0.37365373969078064,0.003278051270172,0.42121678590774536,0.29715496301651,-0.03013070859014988,0.4567077159881592,0.28073650598526,-0.056979138404130936,0.48963961005210876,0.2853703796863556,-0.07017636299133301,0.37391868233680725,0.3734557628631592,-0.010746277868747711,0.35192418098449707,0.28785061836242676,-0.03313080221414566,0.36995038390159607,0.22379323840141296,-0.046580925583839417,0.3940984308719635,0.178496852517128,-0.05311639979481697,0.35574793815612793,0.3973020017147064,-0.030070118606090546,0.31437399983406067,0.32276180386543274,-0.05152938887476921,0.3134971857070923,0.2582588195800781,-0.06147301569581032,0.3226403295993805,0.20285068452358246,-0.06579618155956268,0.3483021855354309,0.4343850910663605,-0.050849054008722305,0.2939675450325012,0.4034402370452881,-0.06926748156547546,0.2858967185020447,0.3560881018638611,-0.07464369386434555,0.2944861948490143,0.30413585901260376,-0.07616546005010605,pinch,RRQ_p22,RRQ
0.3220244348049164,0.7075918912887573,4.507169535372668e-07,0.37902140617370605,0.688274085521698,-0.011504130437970161,0.4260645806789398,0.6573166251182556,-0.03059457428753376,0.47215723991394043,0.6484187841415405,-0.050882723182439804,0.5173935890197754,0.6510728001594543,-0.07224901765584946,0.4097360670566559,0.5535843372344971,-0.033661138266325,0.4770938754081726,0.5496484637260437,-0.07683055847883224,0.5059387683868408,0.5879690647125244,-0.10757885873317719,0.5296998620033264,0.6330046057701111,-0.12489767372608185,0.39050009846687317,0.5432877540588379,-0.050601258873939514,0.4410833418369293,0.47584399580955505,-0.0864008292555809,0.4889693856239319,0.4649149179458618,-0.10709849745035172,0.5373423099517822,0.4670199751853943,-0.11883646249771118,0.36105892062187195,0.5591955780982971,-0.07066591084003448,0.3884068429470062,0.4775941073894501,-0.10570251941680908,0.4220142066478729,0.44374287128448486,-0.1255892962217331,0.46392813324928284,0.4175976812839508,-0.1371045559644699,0.3312526047229767,0.5943312644958496,-0.09094315022230148,0.3102370798587799,0.5366801023483276,-0.12270936369895935,0.3237699270248413,0.5017867088317871,-0.13710714876651764,0.3522073030471802,0.4750916063785553,-0.14562033116817474,pinch,RRQ_p22,RRQ
0.33069270849227905,0.6585109233856201,2.2298618773675116e-07,0.34308144450187683,0.5747182965278625,-0.009978488087654114,0.33066967129707336,0.48707595467567444,-0.02319767139852047,0.3252100944519043,0.4131130278110504,-0.03972030058503151,0.31257182359695435,0.3535814881324768,-0.05526050180196762,0.2355482131242752,0.45507386326789856,-0.010356497019529343,0.2325189709663391,0.37493687868118286,-0.04778282716870308,0.2660285532474518,0.3547831177711487,-0.07666775584220886,0.30111417174339294,0.3524697422981262,-0.09088006615638733,0.20520608127117157,0.47167539596557617,-0.023734696209430695,0.1617029458284378,0.39489519596099854,-0.05075911059975624,0.1676299273967743,0.32937514781951904,-0.06579557061195374,0.18281619250774384,0.27812451124191284,-0.07267901301383972,0.1891479194164276,0.5101882815361023,-0.042349450290203094,0.12946194410324097,0.45353659987449646,-0.06695724278688431,0.11245745420455933,0.3930061459541321,-0.07865696400403976,0.1060231477022171,0.33370351791381836,-0.08381418138742447,0.18901948630809784,0.5609633326530457,-0.06252763420343399,0.12495884299278259,0.5551137328147888,-0.08153107762336731,0.09783357381820679,0.5171383023262024,-0.08747238665819168,0.08406361937522888,0.4671911597251892,-0.08974896371364594,pinch,RRQ_p22,RRQ
0.5042861700057983,0.6083829402923584,2.7333243224347825e-07,0.5492753386497498,0.5499449968338013,-0.0046718791127204895,0.5796974897384644,0.4798344671726227,-0.0188276469707489,0.6153839230537415,0.4282807409763336,-0.036070920526981354,0.6510847806930542,0.38983505964279175,-0.05340295657515526,0.5251766443252563,0.38854047656059265,-0.01623528264462948,0.5814015865325928,0.334611713886261,-0.05255817994475365,0.6206786036491394,0.35055387020111084,-0.08000729233026505,0.6532755494117737,0.3790106773376465,-0.09505244344472885,0.5045968294143677,0.3855360150337219,-0.03377921134233475,0.5244830846786499,0.2909066081047058,-0.064471036195755,0.5672265291213989,0.24633313715457916,-0.08222154527902603,0.6122927069664001,0.22090354561805725,-0.09143036603927612,0.4846785068511963,0.41012799739837646,-0.05483187735080719,0.4815760850906372,0.31501340866088867,-0.0843532606959343,0.5078856945037842,0.26285436749458313,-0.10116429626941681,0.5410553216934204,0.22160227596759796,-0.11009495705366135,0.47302451729774475,0.4519338011741638,-0.07625702768564224,0.4234260320663452,0.40248170495033264,-0.10416538268327713,0.4166499376296997,0.35302144289016724,-0.11836577206850052,0.4266810417175293,0.3056279420852661,-0.1263941377401352,pinch,RRQ_p22,RRQ
0.7816801071166992,0.5068851709365845,-6.621240231652337e-07,0.7160073518753052,0.481061726808548,-0.010063347406685352,0.6570525169372559,0.40389612317085266,-0.01190208550542593,0.6499237418174744,0.31857234239578247,-0.017893122509121895,0.688447892665863,0.27051490545272827,-0.019426515325903893,0.7009343504905701,0.3267596364021301,0.020545322448015213,0.678041398525238,0.28293636441230774,-0.00958864577114582,0.6800751090049744,0.3496973216533661,-0.023424025624990463,0.6919769644737244,0.3694804906845093,-0.028720494359731674,0.741741955280304,0.315521240234375,0.012981599196791649,0.7173919081687927,0.2779967188835144,-0.01891777291893959,0.7207279205322266,0.3590072989463806,-0.021585654467344284,0.736910879611969,0.3669115900993347,-0.01371251605451107,0.7857133746147156,0.3122781217098236,-0.0017737856833264232,0.7614046335220337,0.27040809392929077,-0.035806845873594284,0.7587101459503174,0.35441792011260986,-0.021219527348876,0.7715083956718445,0.3689644932746887,-0.000976875307969749,0.8357541561126709,0.3161640763282776,-0.018092554062604904,0.8026160001754761,0.28365498781204224,-0.03555215150117874,0.7942295074462891,0.3466692566871643,-0.022386867552995682,0.8053131699562073,0.36611539125442505,-0.006624526344239712,fist,RRQ_p22,RRQ
0.7728937268257141,0.5148913264274597,-6.919874522282043e-07,0.7045543789863586,0.48163893818855286,-0.0064528523944318295,0.6503553986549377,0.4045269191265106,-0.007157583720982075,0.6435379981994629,0.3172115683555603,-0.014135648496448994,0.6814291477203369,0.26952895522117615,-0.016416514292359352,0.7072675228118896,0.3263474404811859,0.03397049382328987,0.6849124431610107,0.2782643139362335,0.0017955135554075241,0.6829875111579895,0.3450353145599365,-0.015020975843071938,0.6949626803398132,0.36663612723350525,-0.021337058395147324,0.7477579116821289,0.320228636264801,0.024273503571748734,0.7212287187576294,0.2751390337944031,-0.011055265553295612,0.7207087874412537,0.36201566457748413,-0.016507558524608612,0.7391615509986877,0.3722136616706848,-0.008291320875287056,0.791472315788269,0.31972941756248474,0.006642949767410755,0.7650944590568542,0.27308547496795654,-0.02951188199222088,0.7583677172660828,0.36094310879707336,-0.015372165478765965,0.7733651399612427,0.375423401594162,0.006523992400616407,0.8405275344848633,0.3280394375324249,-0.012433221563696861,0.8096107244491577,0.2866884469985962,-0.028506431728601456,0.7969631552696228,0.3476807773113251,-0.01373319886624813,0.8094245791435242,0.3670511841773987,0.00391874834895134,fist,RRQ_p22,RRQ
0.7002229690551758,0.6252577304840088,-3.597578768221865e-07,0.6443477272987366,0.629589319229126,-0.052165236324071884,0.587788999080658,0.6405252814292908,-0.09102433919906616,0.5777496099472046,0.6719641089439392,-0.12139804661273956,0.6286954283714294,0.6845360994338989,-0.14433255791664124,0.5941687822341919,0.47457197308540344,-0.07925713807344437,0.5851558446884155,0.6092832684516907,-0.11742980778217316,0.6054221391677856,0.6521473526954651,-0.1324349045753479,0.6178520321846008,0.6245132684707642,-0.14240357279777527,0.6584280729293823,0.46654239296913147,-0.07364466786384583,0.6452109217643738,0.6233181953430176,-0.10687369108200073,0.6530380845069885,0.6537744998931885,-0.10681966692209244,0.6566119194030762,0.6067984700202942,-0.10623723268508911,0.7171464562416077,0.48531436920166016,-0.07281076163053513,0.7035654783248901,0.6302218437194824,-0.10179506242275238,0.7001384496688843,0.6504003405570984,-0.08783941715955734,0.7029565572738647,0.6094292998313904,-0.07597535103559494,0.7676876783370972,0.5149713158607483,-0.07812647521495819,0.752581775188446,0.6161453723907471,-0.0977449044585228,0.738070011138916,0.6392379403114319,-0.09218275547027588,0.7346623539924622,0.6212204098701477,-0.08523855358362198,fist,RRQ_p22,RRQ
0.7054842114448547,0.670307993888855,-2.2295704127373028e-07,0.6442527174949646,0.6730249524116516,-0.053827326744794846,0.5864501595497131,0.6883882880210876,-0.09637328237295151,0.5781934857368469,0.7281175851821899,-0.12995971739292145,0.6325811147689819,0.7511773705482483,-0.1562226265668869,0.5973454117774963,0.5257221460342407,-0.09061060100793839,0.5888957381248474,0.6801554560661316,-0.13261865079402924,0.608557939529419,0.715069591999054,-0.1464468389749527,0.621521532535553,0.6802858114242554,-0.1538931429386139,0.6621399521827698,0.5233149528503418,-0.08579837530851364,0.6513485312461853,0.6980264186859131,-0.12193109095096588,0.6585206985473633,0.7176750302314758,-0.11762813478708267,0.6599444150924683,0.6635535359382629,-0.11208844929933548,0.7221195697784424,0.545891523361206,-0.08556196093559265,0.7078338861465454,0.7071532011032104,-0.11675482243299484,0.7031324505805969,0.7155861258506775,-0.0951995998620987,0.7045124173164368,0.6670166254043579,-0.07576008141040802,0.7719807624816895,0.5783524513244629,-0.09202698618173599,0.7500827312469482,0.6929094195365906,-0.11311168968677521,0.7353367805480957,0.7099804282188416,-0.10328876972198486,0.7335776090621948,0.6867232322692871,-0.09113521873950958,fist,RRQ_p22,RRQ
0.6522849798202515,0.4606519341468811,-5.053835820945096e-07,0.6681663393974304,0.4171780049800873,-0.010931321419775486,0.6784546971321106,0.3454887270927429,-0.013987679034471512,0.6625019311904907,0.29544150829315186,-0.016051823273301125,0.6389694213867188,0.27522894740104675,-0.01564096473157406,0.7206176519393921,0.27392181754112244,-0.00013663366553373635,0.6442552208900452,0.24554145336151123,-0.020086362957954407,0.6200317740440369,0.2859610319137573,-0.03341492637991905,0.6253180503845215,0.3161068260669708,-0.03933858498930931,0.7082042694091797,0.26498332619667053,-0.0009911231463775039,0.625254213809967,0.247024804353714,-0.019320519641041756,0.6068106889724731,0.29163798689842224,-0.025391656905412674,0.614409863948822,0.3181361258029938,-0.02534755878150463,0.6889083385467529,0.2691071033477783,-0.004797143861651421,0.613365888595581,0.2550891041755676,-0.022661283612251282,0.5983691215515137,0.2997119128704071,-0.022648105397820473,0.6067975163459778,0.3235178589820862,-0.018375610932707787,0.6670346260070801,0.2813575565814972,-0.010140365920960903,0.6070432066917419,0.2683725357055664,-0.025230756029486656,0.5942410826683044,0.3038867712020874,-0.025925246998667717,0.6007061004638672,0.3265742063522339,-0.021110503003001213,fist,RRQ_p22,RRQ
0.7303400039672852,0.46395522356033325,-1.4705103978940315e-07,0.641200602054596,0.5006312131881714,0.00790451094508171,0.5744209885597229,0.578862190246582,0.0031638387590646744,0.5161251425743103,0.6399277448654175,-0.0024448963813483715,0.46930554509162903,0.6679866313934326,-0.008868930861353874,0.5807062983512878,0.6668562889099121,-0.02670893631875515,0.5850816965103149,0.7618606090545654,-0.02948019653558731,0.5965772271156311,0.7315657734870911,-0.02751648798584938,0.5992113947868347,0.6942185163497925,-0.02610897459089756,0.6392671465873718,0.68785560131073,-0.03408513963222504,0.636053204536438,0.7704010009765625,-0.02880835346877575,0.6440896987915039,0.738720178604126,-0.02065632864832878,0.6500115394592285,0.6980983018875122,-0.019000021740794182,0.6975426077842712,0.695870041847229,-0.037598706781864166,0.6899771094322205,0.7557777762413025,-0.028345732018351555,0.6935188174247742,0.7253286242485046,-0.013324513100087643,0.6986759901046753,0.6868575811386108,-0.008863437920808792,0.7513965964317322,0.6936943531036377,-0.04026080295443535,0.7375198006629944,0.7401351928710938,-0.031597573310136795,0.7410685420036316,0.7077563405036926,-0.015096264891326427,0.7453408241271973,0.6762728095054626,-0.004510348197072744,fist,RRQ_p22,RRQ
0.6956008076667786,0.5213203430175781,-6.601615041290643e-07,0.6863728761672974,0.46127933263778687,-0.006408607587218285,0.692318856716156,0.38245487213134766,-0.007909798994660378,0.6871136426925659,0.32736414670944214,-0.009946142323315144,0.674261748790741,0.29390406608581543,-0.008547205477952957,0.7290515303611755,0.28596231341362,0.0053859371691942215,0.6308679580688477,0.2908552587032318,-0.020906902849674225,0.6210404634475708,0.34516867995262146,-0.03676105663180351,0.6386628746986389,0.372695654630661,-0.042864035815000534,0.7269415259361267,0.2818883955478668,0.0009778206003829837,0.6183964014053345,0.29530084133148193,-0.025161245837807655,0.6150312423706055,0.3537205457687378,-0.03174138814210892,0.6326697468757629,0.37843525409698486,-0.030340442433953285,0.7170513868331909,0.2925223410129547,-0.007029565516859293,0.6160226464271545,0.30531951785087585,-0.029776932671666145,0.6139966249465942,0.363543838262558,-0.026041749864816666,0.6296044588088989,0.38682806491851807,-0.01823548413813114,0.7031976580619812,0.31327277421951294,-0.01690799929201603,0.6239890456199646,0.32486817240715027,-0.034287821501493454,0.620606005191803,0.37065988779067993,-0.034597013145685196,0.6342130303382874,0.39118853211402893,-0.028541268780827522,fist,RRQ_p22,RRQ
0.6846000552177429,0.5516846776008606,-6.944432584532478e-07,0.6085556745529175,0.5211602449417114,-0.001703864079900086,0.5549005270004272,0.4582781195640564,0.0012778277741745114,0.5513037443161011,0.3808766007423401,-0.0032469918951392174,0.5960644483566284,0.34851258993148804,-0.003274107351899147,0.6160634756088257,0.3890395760536194,0.0421595573425293,0.5879077911376953,0.33583253622055054,0.014751993119716644,0.586972177028656,0.39919745922088623,-0.0018524881452322006,0.6032034158706665,0.42064228653907776,-0.00898185558617115,0.6528069972991943,0.38227036595344543,0.03259370103478432,0.6255664825439453,0.32596728205680847,-0.0019863336347043514,0.6253262758255005,0.4106774628162384,-0.011189091019332409,0.6459959745407104,0.4312952756881714,-0.005319884512573481,0.6916400194168091,0.376105934381485,0.01605968549847603,0.6632013916969299,0.3126293122768402,-0.016866382211446762,0.6585716605186462,0.4021841585636139,-0.005623298231512308,0.679086446762085,0.4309239387512207,0.014792846515774727,0.7384578585624695,0.37620505690574646,-0.0018226233078166842,0.7070844173431396,0.3232983946800232,-0.01685800403356552,0.6950511932373047,0.3830360770225525,-0.00478466646745801,0.7104750871658325,0.41165101528167725,0.011233322322368622,fist,RRQ_p22,RRQ
0.37460434436798096,0.49250203371047974,-1.8869624796025164e-07,0.4521106481552124,0.4639352560043335,-0.0033608058001846075,0.5026627779006958,0.418332576751709,-0.0041105602867901325,0.530800461769104,0.3613731861114502,-0.011389920487999916,0.5016158223152161,0.3244102895259857,-0.01592661626636982,0.4450206458568573,0.3190266489982605,0.03359006345272064,0.48271751403808594,0.29295578598976135,0.009801497682929039,0.4799036979675293,0.3471413254737854,-0.006146101746708155,0.4597209393978119,0.37720122933387756,-0.011423848569393158,0.42067259550094604,0.30152052640914917,0.022840892896056175,0.46371009945869446,0.2739418148994446,-0.006696951575577259,0.45747292041778564,0.3458904027938843,-0.022900467738509178,0.42828601598739624,0.374550461769104,-0.0249788798391819,0.3895186483860016,0.2845204472541809,0.007067906204611063,0.43697476387023926,0.24910497665405273,-0.02757612243294716,0.4337618350982666,0.325825572013855,-0.029584184288978577,0.4032304286956787,0.357954740524292,-0.019156549125909805,0.347730815410614,0.2716432213783264,-0.00864499807357788,0.39663589000701904,0.22769923508167267,-0.030204899609088898,0.40912526845932007,0.2824534475803375,-0.022578386589884758,0.39629292488098145,0.3218901455402374,-0.009028078056871891,fist,RRQ_p22,RRQ
0.40953710675239563,0.51918625831604,-4.050936865951371e-07,0.47354158759117126,0.4282546043395996,-0.006997569929808378,0.5142089128494263,0.3284635543823242,-0.014073356054723263,0.5257002115249634,0.2439350187778473,-0.02648480236530304,0.4824424684047699,0.20921950042247772,-0.034338850528001785,0.42927828431129456,0.251356303691864,0.01059761643409729,0.47487133741378784,0.20295101404190063,-0.022911962121725082,0.47948169708251953,0.2894970774650574,-0.03510855883359909,0.4533916115760803,0.3181053400039673,-0.03808663785457611,0.388096421957016,0.2569994628429413,-0.0034562149085104465,0.43907663226127625,0.20867198705673218,-0.04009220004081726,0.44860339164733887,0.3135128319263458,-0.04432551562786102,0.41608187556266785,0.33390581607818604,-0.03923708572983742,0.34328484535217285,0.2684803009033203,-0.022766614332795143,0.3961053490638733,0.2110593616962433,-0.06492882966995239,0.41158708930015564,0.3144083619117737,-0.04887264221906662,0.380580872297287,0.3449459373950958,-0.02753029391169548,0.2925821542739868,0.2897661030292511,-0.042201798409223557,0.3389914035797119,0.2210894227027893,-0.06575655192136765,0.363444060087204,0.2891395688056946,-0.04612161964178085,0.34827759861946106,0.32823944091796875,-0.024828016757965088,fist,RRQ_p22,RRQ
0.3496191203594208,0.6556154489517212,-2.136142853714773e-07,0.4047924280166626,0.6637868881225586,-0.03057117387652397,0.4569968581199646,0.6664329767227173,-0.05848335102200508,0.4882681667804718,0.6740618348121643,-0.0857655256986618,0.4683075547218323,0.6790568828582764,-0.11166194081306458,0.4438296854496002,0.49010518193244934,-0.05012645944952965,0.4511035978794098,0.6051856875419617,-0.09208140522241592,0.4464912414550781,0.643629789352417,-0.11977645009756088,0.4452057480812073,0.6285466551780701,-0.13709135353565216,0.3843202292919159,0.48410704731941223,-0.05532155930995941,0.3977150619029999,0.6305912733078003,-0.08453294634819031,0.3984938859939575,0.6625827550888062,-0.09250509738922119,0.40095254778862,0.6338503956794739,-0.10013182461261749,0.32969164848327637,0.5047591328620911,-0.06422882527112961,0.34817764163017273,0.6405558586120605,-0.08819519728422165,0.3518471419811249,0.6638306379318237,-0.08112332224845886,0.35207462310791016,0.6330682635307312,-0.07648233324289322,0.2839857339859009,0.5360598564147949,-0.07808306813240051,0.3019872009754181,0.6327195763587952,-0.09272212535142899,0.30788731575012207,0.6567339897155762,-0.08719389140605927,0.30578261613845825,0.6386879086494446,-0.08201486617326736,fist,RRQ_p22,RRQ
0.3825628161430359,0.4854377508163452,-2.2596364601668029e-07,0.4430982768535614,0.47559958696365356,-0.007968707010149956,0.494137167930603,0.43276020884513855,-0.0071170697920024395,0.5127573609352112,0.37337931990623474,-0.008959600701928139,0.49227234721183777,0.334255576133728,-0.009949101135134697,0.46646061539649963,0.37596139311790466,0.013235118240118027,0.4904188811779022,0.3440045118331909,-0.0038025060202926397,0.4848630428314209,0.38227736949920654,-0.013834849931299686,0.47068867087364197,0.40041518211364746,-0.01686895079910755,0.43788039684295654,0.3567512035369873,0.009993601590394974,0.46384522318840027,0.3235347867012024,-0.008920847438275814,0.4527950584888458,0.3836412727832794,-0.015183684416115284,0.43503621220588684,0.40328800678253174,-0.013528973795473576,0.4061771333217621,0.3435119390487671,0.0031262303236871958,0.43291687965393066,0.30564385652542114,-0.022264083847403526,0.42583099007606506,0.3702421486377716,-0.018279654905200005,0.4077179729938507,0.3972316086292267,-0.007393650244921446,0.367928683757782,0.3352288007736206,-0.003848831634968519,0.3921709358692169,0.2897855043411255,-0.02046261541545391,0.39930635690689087,0.33052560687065125,-0.013124745339155197,0.39306870102882385,0.35914474725723267,-0.0024723506066948175,fist,RRQ_p22,RRQ
0.18073008954524994,0.3460277318954468,-2.288179814513569e-07,0.21768227219581604,0.35914188623428345,-0.01639052852988243,0.2681708037853241,0.3378472924232483,-0.018282601609826088,0.29012924432754517,0.2868266701698303,-0.01864774525165558,0.27487581968307495,0.25154802203178406,-0.01511519867926836,0.2768271863460541,0.28823843598365784,0.004856579937040806,0.2890079617500305,0.2625804841518402,-0.011425714008510113,0.270374059677124,0.29451537132263184,-0.01940440945327282,0.2629011869430542,0.30596277117729187,-0.022305019199848175,0.2552756667137146,0.2637960910797119,0.007206868380308151,0.2610856890678406,0.24021466076374054,-0.011380384676158428,0.24131274223327637,0.288693368434906,-0.01479258667677641,0.2385478913784027,0.2950136065483093,-0.0116210225969553,0.23195210099220276,0.24719306826591492,0.005509805399924517,0.23605027794837952,0.2234581857919693,-0.018298450857400894,0.21985149383544922,0.2749619483947754,-0.012266287580132484,0.21690873801708221,0.28461819887161255,-0.0015211004065349698,0.20447291433811188,0.23161569237709045,0.0029394347220659256,0.21079276502132416,0.21428123116493225,-0.012567383237183094,0.20087185502052307,0.25255313515663147,-0.006300123408436775,0.1985682249069214,0.264655739068985,0.0029533226042985916,fist,RRQ_p22,RRQ
0.20000192523002625,0.5817728638648987,-9.934950639944873e-08,0.2638249397277832,0.6058919429779053,-0.02997005172073841,0.3185620903968811,0.6213114857673645,-0.05298669636249542,0.3399907350540161,0.6352761387825012,-0.07370513677597046,0.30674803256988525,0.6366768479347229,-0.09286700189113617,0.3277924656867981,0.4551473557949066,-0.04720093682408333,0.31618833541870117,0.577329695224762,-0.08116694539785385,0.3083983361721039,0.587966799736023,-0.10518817603588104,0.3081579804420471,0.5616164803504944,-0.1225966140627861,0.274480938911438,0.43949079513549805,-0.04980188608169556,0.2661956250667572,0.6004919409751892,-0.07398416846990585,0.2622102200984955,0.5997388958930969,-0.0829390212893486,0.2637161910533905,0.5607821941375732,-0.09359907358884811,0.22057408094406128,0.4496198296546936,-0.05549849942326546,0.21980109810829163,0.5996055603027344,-0.07451080530881882,0.21865762770175934,0.595054030418396,-0.07072767615318298,0.22139978408813477,0.5546610355377197,-0.07006553560495377,0.17235061526298523,0.47412779927253723,-0.06605765968561172,0.17784565687179565,0.5864571332931519,-0.08196018636226654,0.17735126614570618,0.5836504697799683,-0.08322866261005402,0.1733473539352417,0.5506017804145813,-0.08379848301410675,fist,RRQ_p22,RRQ
0.17632822692394257,0.43359652161598206,-3.651354916200944e-07,0.15086692571640015,0.4646952152252197,-0.05807216465473175,0.11259330809116364,0.45534735918045044,-0.08499498665332794,0.06350021809339523,0.4250008761882782,-0.0971500426530838,0.025639422237873077,0.392091304063797,-0.10200081020593643,0.14704851806163788,0.3371419310569763,-0.08346366137266159,0.06366205215454102,0.35205936431884766,-0.10377520322799683,0.07268062978982925,0.4002782702445984,-0.10477094352245331,0.09425950795412064,0.4118247330188751,-0.10393202304840088,0.13570144772529602,0.3049282729625702,-0.05840492621064186,0.057369112968444824,0.34970852732658386,-0.0794103741645813,0.07206599414348602,0.3973655104637146,-0.07440504431724548,0.09524267911911011,0.4035511910915375,-0.0699458196759224,0.12113023549318314,0.29533523321151733,-0.035583868622779846,0.05454518646001816,0.34547194838523865,-0.054080501198768616,0.07224088162183762,0.38912346959114075,-0.04434393346309662,0.09572602063417435,0.3966269791126251,-0.037448037415742874,0.10707277059555054,0.2980460822582245,-0.016999127343297005,0.060784369707107544,0.343266099691391,-0.03902297839522362,0.07504558563232422,0.37672990560531616,-0.04142994433641434,0.09693174809217453,0.38485899567604065,-0.03898155316710472,fist,RRQ_p22,RRQ
0.7932493686676025,0.6605799198150635,6.36373385987099e-07,0.7138882875442505,0.6240160465240479,-0.03213535249233246,0.6357570290565491,0.5636593103408813,-0.05098036304116249,0.570361852645874,0.5273168683052063,-0.06803262233734131,0.5150684118270874,0.516792893409729,-0.08591391146183014,0.6795697212219238,0.39289095997810364,-0.030004750937223434,0.641444206237793,0.28688451647758484,-0.052482862025499344,0.6224677562713623,0.21975965797901154,-0.07080060988664627,0.6114977598190308,0.16024914383888245,-0.08561739325523376,0.7331719398498535,0.36449867486953735,-0.03607446327805519,0.7138111591339111,0.23216618597507477,-0.05577537789940834,0.7037580609321594,0.14905238151550293,-0.07485030591487885,0.6968847513198853,0.08007687330245972,-0.09020975977182388,0.7880051136016846,0.3665316104888916,-0.04712267220020294,0.7882229685783386,0.24149388074874878,-0.0735541358590126,0.7865434288978577,0.1618700623512268,-0.09571672976016998,0.7824057340621948,0.09246501326560974,-0.11165070533752441,0.8417988419532776,0.391806960105896,-0.06063970550894737,0.8712289333343506,0.2987966239452362,-0.08634954690933228,0.8896523714065552,0.23336559534072876,-0.10123129189014435,0.9023661613464355,0.17172156274318695,-0.11217714846134186,open_palm,RRQ_p22,RRQ
0.6422629356384277,0.6236717700958252,4.463408629362675e-07,0.5870579481124878,0.6829104423522949,-0.02538680098950863,0.5235866904258728,0.7229279279708862,-0.040075793862342834,0.47486042976379395,0.760102391242981,-0.054640620946884155,0.4362286627292633,0.793716549873352,-0.06950012594461441,0.45248666405677795,0.6005542278289795,-0.010547641664743423,0.3867366313934326,0.5905859470367432,-0.028694799169898033,0.3452358543872833,0.5814822912216187,-0.04610461741685867,0.31076765060424805,0.5682688355445862,-0.05989585071802139,0.460534930229187,0.5423815250396729,-0.01616469770669937,0.38854947686195374,0.5040045976638794,-0.03199604153633118,0.34223151206970215,0.4791841506958008,-0.048346079885959625,0.302989661693573,0.4568943679332733,-0.06119335815310478,0.48354825377464294,0.4972269535064697,-0.027232790365815163,0.4227815866470337,0.44199517369270325,-0.04905761778354645,0.38329800963401794,0.41059499979019165,-0.0660688579082489,0.3471474051475525,0.3872385323047638,-0.07760100811719894,0.5169293284416199,0.4628063142299652,-0.040760502219200134,0.47876307368278503,0.398356556892395,-0.061396341770887375,0.4514923095703125,0.35774359107017517,-0.07228190451860428,0.42304664850234985,0.32563990354537964,-0.0799480751156807,open_palm,RRQ_p22,RRQ
0.5326944589614868,0.9045361280441284,6.752693479938898e-07,0.45535364747047424,0.8538386225700378,-0.03206024691462517,0.38733455538749695,0.779773473739624,-0.057229556143283844,0.3261030614376068,0.7278595566749573,-0.08086113631725311,0.26926299929618835,0.694057047367096,-0.10647233575582504,0.4561654031276703,0.6294609308242798,-0.0487033948302269,0.44085046648979187,0.5071632266044617,-0.08002238720655441,0.4304659366607666,0.43120187520980835,-0.10315654426813126,0.4229465425014496,0.3631000816822052,-0.12146918475627899,0.513126015663147,0.6286442875862122,-0.05938415974378586,0.5212342143058777,0.49577921628952026,-0.08871833235025406,0.5249194502830505,0.40964820981025696,-0.11308319121599197,0.5268296003341675,0.33196330070495605,-0.13232335448265076,0.5631545782089233,0.6560673713684082,-0.073682501912117,0.5865113735198975,0.5375322103500366,-0.10953738540410995,0.596936047077179,0.4573524594306946,-0.1341448724269867,0.6017133593559265,0.3808174133300781,-0.15141071379184723,0.6059477925300598,0.704147458076477,-0.08962339162826538,0.6492326259613037,0.6266236305236816,-0.12530119717121124,0.6765904426574707,0.5710611939430237,-0.14213301241397858,0.6970853805541992,0.513892650604248,-0.15347802639007568,open_palm,RRQ_p22,RRQ
0.6589785814285278,0.796424150466919,7.34484558506665e-07,0.5865929126739502,0.7423118352890015,-0.03803900256752968,0.5230844020843506,0.6633132696151733,-0.06385164707899094,0.46611711382865906,0.6072505116462708,-0.08710549026727676,0.4104899764060974,0.576964795589447,-0.11219516396522522,0.5980713367462158,0.5024033784866333,-0.0467153862118721,0.5814690589904785,0.3827992081642151,-0.07531677931547165,0.5740851759910583,0.3072582483291626,-0.09760434925556183,0.5725998878479004,0.2393157184123993,-0.11538325250148773,0.65716552734375,0.49784931540489197,-0.053558554500341415,0.6696830987930298,0.36211124062538147,-0.07883134484291077,0.6797016263008118,0.27385929226875305,-0.10100936889648438,0.6896008849143982,0.19688516855239868,-0.11893224716186523,0.7079797983169556,0.5236705541610718,-0.06521579623222351,0.7377980947494507,0.4004683792591095,-0.09768851846456528,0.754096508026123,0.3216683268547058,-0.12257388979196548,0.7658551931381226,0.24848327040672302,-0.14029628038406372,0.75072181224823,0.5703582167625427,-0.07949377596378326,0.800154447555542,0.49338316917419434,-0.11155824363231659,0.8333800435066223,0.4374927878379822,-0.1289905309677124,0.8598654270172119,0.3799649477005005,-0.1414373815059662,open_palm,RRQ_p22,RRQ
0.4061107635498047,0.7434402704238892,5.421817945716612e-07,0.32920175790786743,0.726617693901062,-0.025945696979761124,0.25485536456108093,0.680465042591095,-0.04432663321495056,0.19278711080551147,0.6478384733200073,-0.06192619726061821,0.13947580754756927,0.6304644346237183,-0.08076509833335876,0.27981260418891907,0.5141619443893433,-0.029157832264900208,0.23809310793876648,0.4208120107650757,-0.054066985845565796,0.21213287115097046,0.36332520842552185,-0.07467859238386154,0.1913542002439499,0.310279905796051,-0.09116809815168381,0.32090991735458374,0.48839351534843445,-0.038959335535764694,0.2975553572177887,0.37061551213264465,-0.06156272813677788,0.2776050865650177,0.29439637064933777,-0.08238445967435837,0.2591191232204437,0.23074239492416382,-0.09878883510828018,0.36412203311920166,0.4912515878677368,-0.05286078527569771,0.36153724789619446,0.3797222077846527,-0.0792699083685875,0.3510860502719879,0.3054380416870117,-0.09997427463531494,0.336805135011673,0.23923176527023315,-0.11546188592910767,0.40664511919021606,0.516624391078949,-0.06879151612520218,0.4266399145126343,0.43470528721809387,-0.0947418287396431,0.4319142699241638,0.3744218647480011,-0.1087123453617096,0.43142256140708923,0.31671297550201416,-0.11907996237277985,open_palm,RRQ_p22,RRQ
0.7045800089836121,0.6916662454605103,4.200675789434172e-07,0.7728471159934998,0.620083212852478,-0.002009106334298849,0.8164659738540649,0.5336728096008301,-0.014035798609256744,0.8457796573638916,0.4491955041885376,-0.024993734434247017,0.8810967206954956,0.3951554000377655,-0.03862283006310463,0.7635549306869507,0.45430055260658264,-0.04349483177065849,0.7610607147216797,0.32528430223464966,-0.059207983314991,0.7513996958732605,0.25189727544784546,-0.06474728137254715,0.7413471341133118,0.19802457094192505,-0.06884434819221497,0.7120863199234009,0.45635712146759033,-0.05291682854294777,0.6965119242668152,0.3146480619907379,-0.06983977556228638,0.6806815266609192,0.23230984807014465,-0.07792022824287415,0.6670634746551514,0.1765553057193756,-0.08456308394670486,0.6628891229629517,0.47783714532852173,-0.05933438986539841,0.6425763964653015,0.346447229385376,-0.07487780600786209,0.6280018091201782,0.2660839557647705,-0.08557122945785522,0.6167899370193481,0.20822107791900635,-0.09429939091205597,0.6181192398071289,0.5130413770675659,-0.0637073963880539,0.5876002311706543,0.4207899868488312,-0.08117679506540298,0.5682028532028198,0.36535578966140747,-0.08980311453342438,0.5524277687072754,0.31596294045448303,-0.09484356641769409,open_palm,RRQ_p22,RRQ
0.5072438716888428,0.7103328704833984,7.019236818450736e-07,0.485420286655426,0.5894123315811157,-0.020445935428142548,0.44171831011772156,0.5010814070701599,-0.04201612249016762,0.3892708718776703,0.4256662130355835,-0.05640900135040283,0.3547024130821228,0.36253732442855835,-0.07141971588134766,0.3619370460510254,0.5677408576011658,-0.08004552870988846,0.2610214650630951,0.5138677954673767,-0.10329973697662354,0.20000557601451874,0.4882175624370575,-0.1110464558005333,0.15361106395721436,0.47249746322631836,-0.11528514325618744,0.3415883183479309,0.6457557678222656,-0.07619751244783401,0.2288808822631836,0.6028187870979309,-0.10239547491073608,0.1633138656616211,0.5784527063369751,-0.11242108047008514,0.11777941882610321,0.5662171840667725,-0.11862902343273163,0.33611080050468445,0.7130595445632935,-0.06840217858552933,0.23417545855045319,0.7104818820953369,-0.08807528764009476,0.17051926255226135,0.704620361328125,-0.10007050633430481,0.12472063302993774,0.7003834247589111,-0.10877257585525513,0.34232181310653687,0.7591131925582886,-0.059637561440467834,0.2716486155986786,0.775216817855835,-0.07710948586463928,0.2286497950553894,0.7833653688430786,-0.08698372542858124,0.1897638887166977,0.7864541411399841,-0.0926613062620163,open_palm,RRQ_p22,RRQ
0.24598026275634766,0.6805305480957031,4.506790673985961e-07,0.19271710515022278,0.6268192529678345,-0.001906474819406867,0.15313252806663513,0.5570670962333679,-0.01119853276759386,0.12270199507474899,0.4940749704837799,-0.020589234307408333,0.0870705395936966,0.4581422805786133,-0.032216113060712814,0.20442670583724976,0.4706425666809082,-0.037521619349718094,0.194352388381958,0.35103151202201843,-0.05519101768732071,0.1950305849313736,0.28056275844573975,-0.06132327765226364,0.19831055402755737,0.22723333537578583,-0.06426124274730682,0.2479354590177536,0.4671471416950226,-0.04804900661110878,0.25490042567253113,0.33653151988983154,-0.06523581594228745,0.26040297746658325,0.2548370361328125,-0.07393768429756165,0.2655576467514038,0.19678425788879395,-0.07970477640628815,0.2909654378890991,0.48268774151802063,-0.05694638565182686,0.3077085614204407,0.3716828227043152,-0.07590620219707489,0.3184778094291687,0.2938758134841919,-0.08959696441888809,0.32583796977996826,0.23504118621349335,-0.09878753870725632,0.33010348677635193,0.5127812027931213,-0.06422138959169388,0.3712165355682373,0.4418303668498993,-0.08127215504646301,0.3969477415084839,0.39364388585090637,-0.08958100527524948,0.41716495156288147,0.3510019779205322,-0.09467523545026779,open_palm,RRQ_p22,RRQ
0.3137610852718353,0.7011790871620178,6.399235417120508e-07,0.3849421441555023,0.6635249257087708,-0.04048379883170128,0.4499252736568451,0.6013863682746887,-0.06329230964183807,0.5047110319137573,0.5527193546295166,-0.08343445509672165,0.552286684513092,0.5222619771957397,-0.10353308916091919,0.39286160469055176,0.4351375102996826,-0.04144229739904404,0.41960957646369934,0.32963305711746216,-0.06605500727891922,0.4303625226020813,0.262175053358078,-0.08600478619337082,0.43550118803977966,0.20171210169792175,-0.10142950713634491,0.3396635353565216,0.42120057344436646,-0.04245227202773094,0.3390388488769531,0.29614919424057007,-0.06426256895065308,0.3377998471260071,0.21927332878112793,-0.08274069428443909,0.33311623334884644,0.15553447604179382,-0.09681744128465652,0.2924172282218933,0.4363787770271301,-0.0478941835463047,0.27642741799354553,0.32711702585220337,-0.0708601176738739,0.2712365388870239,0.25563758611679077,-0.08832713216543198,0.26695936918258667,0.19165360927581787,-0.10038839280605316,0.2490372508764267,0.47419100999832153,-0.05721567943692207,0.21371354162693024,0.39361268281936646,-0.08059555292129517,0.19235646724700928,0.3377557396888733,-0.09233652800321579,0.17660558223724365,0.28016772866249084,-0.09949030727148056,open_palm,RRQ_p22,RRQ
0.2753955125808716,0.7314109802246094,5.523221489056596e-07,0.35059478878974915,0.6948580741882324,-0.03918444737792015,0.4194902777671814,0.6348884701728821,-0.06434616446495056,0.4772900342941284,0.5860148072242737,-0.08725451678037643,0.5293745398521423,0.5572078824043274,-0.1114380732178688,0.36518996953964233,0.4617369771003723,-0.04178294539451599,0.36905553936958313,0.3454660177230835,-0.07088377326726913,0.36500418186187744,0.27606797218322754,-0.09538396447896957,0.3599599003791809,0.21252968907356262,-0.11356337368488312,0.3174448013305664,0.4473794102668762,-0.044536251574754715,0.3220476806163788,0.3162859380245209,-0.07150253653526306,0.3212412893772125,0.23380595445632935,-0.096295565366745,0.31888943910598755,0.16217121481895447,-0.1146693080663681,0.27102911472320557,0.45964109897613525,-0.05101710185408592,0.27362319827079773,0.33692580461502075,-0.07469435036182404,0.27892017364501953,0.263019323348999,-0.09133310616016388,0.2840788960456848,0.19503578543663025,-0.10329629480838776,0.2226400226354599,0.49153798818588257,-0.06131036952137947,0.22392567992210388,0.39329788088798523,-0.08194095641374588,0.23027470707893372,0.3354189395904541,-0.08984467387199402,0.23888805508613586,0.2783181965351105,-0.09480151534080505,open_palm,RRQ_p22,RRQ
0.3591464161872864,0.6310662031173706,3.8844885352773417e-07,0.43147826194763184,0.5888733863830566,-0.03590570390224457,0.4714435636997223,0.4980638027191162,-0.0478818379342556,0.4780675768852234,0.4115588963031769,-0.057047899812459946,0.492304265499115,0.3422705829143524,-0.06555686891078949,0.4346184730529785,0.3661552667617798,-0.02289622463285923,0.4420163929462433,0.26070040464401245,-0.04628472402691841,0.43979546427726746,0.1943621039390564,-0.06596687436103821,0.43413639068603516,0.13504475355148315,-0.08035390824079514,0.3915717601776123,0.3525104820728302,-0.021984117105603218,0.3998088836669922,0.22736747562885284,-0.043480198830366135,0.40048202872276306,0.145616352558136,-0.062400806695222855,0.398661732673645,0.07630619406700134,-0.07583204656839371,0.3512980341911316,0.3631618022918701,-0.026304591447114944,0.3551950752735138,0.24683934450149536,-0.04851091653108597,0.36048004031181335,0.17411492764949799,-0.06398583948612213,0.3648795485496521,0.11118581891059875,-0.0740249827504158,0.30963075160980225,0.3936727046966553,-0.03424625098705292,0.30990883708000183,0.30459344387054443,-0.05556482821702957,0.31635573506355286,0.24611227214336395,-0.06604110449552536,0.3254688084125519,0.19037508964538574,-0.07242896407842636,open_palm,RRQ_p22,RRQ
0.4090002477169037,0.6205598711967468,2.0870832884156698e-07,0.35293763875961304,0.5458701252937317,0.00801022443920374,0.3332649767398834,0.46584078669548035,0.005238138139247894,0.35292109847068787,0.3776290714740753,0.0028688826132565737,0.38561129570007324,0.3274640440940857,0.002578916260972619,0.4037725627422333,0.39451274275779724,-0.006268576718866825,0.4343562722206116,0.27820873260498047,-0.009328793734312057,0.45182451605796814,0.22271619737148285,-0.005844036117196083,0.4676128327846527,0.1816520392894745,-0.0018572661792859435,0.4522613286972046,0.4048864543437958,-0.010973797179758549,0.47824957966804504,0.2775476574897766,-0.017690828070044518,0.4924672245979309,0.2114424854516983,-0.015070224180817604,0.5058556199073792,0.16525408625602722,-0.010807608254253864,0.4900771677494049,0.43020233511924744,-0.013542218133807182,0.5127808451652527,0.3128686845302582,-0.01828102208673954,0.5249595046043396,0.24565419554710388,-0.014275367371737957,0.5341456532478333,0.19685007631778717,-0.009544208645820618,0.5199030041694641,0.4670694172382355,-0.014274423941969872,0.5369932055473328,0.3746890425682068,-0.011869024485349655,0.5422871708869934,0.3224203586578369,-0.004045943263918161,0.5443770289421082,0.27827000617980957,0.003260734723880887,open_palm,RRQ_p22,RRQ
0.4043879210948944,0.6862488389015198,5.843768349222955e-07,0.4763515293598175,0.6750469207763672,-0.03478434681892395,0.5493850708007812,0.6373626589775085,-0.058830007910728455,0.6084036827087402,0.6133968234062195,-0.08169283717870712,0.6607645750045776,0.6098482012748718,-0.1057746484875679,0.5355991721153259,0.471055805683136,-0.04679998382925987,0.5785959362983704,0.37622135877609253,-0.07828740030527115,0.605061948299408,0.31338220834732056,-0.1024053692817688,0.6274523138999939,0.2558387517929077,-0.12072169035673141,0.4952077567577362,0.44325894117355347,-0.05421366170048714,0.5264363288879395,0.3252348303794861,-0.08313842862844467,0.5466132760047913,0.24667343497276306,-0.10584566742181778,0.5619080066680908,0.17756763100624084,-0.12289953231811523,0.45024141669273376,0.4442630112171173,-0.06536711752414703,0.4650062322616577,0.3289094567298889,-0.09454015642404556,0.4796057939529419,0.2524142861366272,-0.11626529693603516,0.4943116307258606,0.1832922399044037,-0.1314144879579544,0.40232613682746887,0.46925994753837585,-0.07957377284765244,0.38417744636535645,0.37999314069747925,-0.10865729302167892,0.37497925758361816,0.3171898424625397,-0.12427719682455063,0.3713377118110657,0.2543421983718872,-0.13446351885795593,open_palm,RRQ_p22,RRQ
0.14217278361320496,0.6874995827674866,6.423975378311297e-07,0.2275068312883377,0.6741200685501099,-0.040182143449783325,0.3074095845222473,0.6206567287445068,-0.05878588929772377,0.36658504605293274,0.5628933310508728,-0.07313072681427002,0.4221041202545166,0.5326523780822754,-0.08698770403862,0.28276509046554565,0.4518190622329712,-0.040085211396217346,0.3356415033340454,0.3585778772830963,-0.06325740367174149,0.3641222417354584,0.2945888340473175,-0.08119471371173859,0.3852406144142151,0.23786038160324097,-0.09490354359149933,0.2336888611316681,0.4125903248786926,-0.04025036096572876,0.2721935510635376,0.290107786655426,-0.060812581330537796,0.2956621050834656,0.21237237751483917,-0.07690966129302979,0.3134242594242096,0.14495113492012024,-0.08872871845960617,0.17904628813266754,0.403166800737381,-0.045025333762168884,0.19888471066951752,0.28359442949295044,-0.07076746970415115,0.21935543417930603,0.2074814736843109,-0.09076697379350662,0.23801462352275848,0.1435837745666504,-0.10390790551900864,0.11931931972503662,0.4193088114261627,-0.052920833230018616,0.09198068082332611,0.3222435712814331,-0.0816020593047142,0.07639320194721222,0.2569560408592224,-0.09675818681716919,0.06606677174568176,0.19507670402526855,-0.10540148615837097,open_palm,RRQ_p22,RRQ
0.26920169591903687,0.713889479637146,6.353228627631324e-07,0.3525261878967285,0.7014696598052979,-0.0354333333671093,0.42934492230415344,0.6444486379623413,-0.05213247984647751,0.48944172263145447,0.5914856195449829,-0.06608466058969498,0.5434249639511108,0.5658766031265259,-0.0798880010843277,0.3961080312728882,0.4777330160140991,-0.03363838046789169,0.44659388065338135,0.38595524430274963,-0.05670559033751488,0.47684216499328613,0.3263372778892517,-0.0752902552485466,0.5006662011146545,0.2744844853878021,-0.08930287510156631,0.3509973883628845,0.44487810134887695,-0.03612823411822319,0.3907133638858795,0.32563546299934387,-0.05658966675400734,0.41775715351104736,0.24977338314056396,-0.07327361404895782,0.4386325478553772,0.18399733304977417,-0.08564025163650513,0.3015753924846649,0.439601331949234,-0.04332593083381653,0.32143068313598633,0.31968966126441956,-0.06836757063865662,0.3422924280166626,0.24368785321712494,-0.0883970558643341,0.3618224263191223,0.1784023940563202,-0.10178999602794647,0.24838508665561676,0.4574761688709259,-0.05347133427858353,0.22308242321014404,0.3613271713256836,-0.08124575763940811,0.20990660786628723,0.2948347330093384,-0.0966881513595581,0.20295988023281097,0.23018279671669006,-0.10612121224403381,open_palm,RRQ_p22,RRQ
0.889701783657074,0.7286619544029236,-2.7248177048022626e-07,0.8642740249633789,0.6081361770629883,-0.006608000490814447,0.7939910888671875,0.48686349391937256,-0.028009062632918358,0.7518020868301392,0.39657387137413025,-0.04711037501692772,0.7558500170707703,0.3115643858909607,-0.06676871329545975,0.767546534538269,0.5309708118438721,-0.08138560503721237,0.647396445274353,0.5672311782836914,-0.10949406772851944,0.6788438558578491,0.5735985040664673,-0.11506584286689758,0.7201105356216431,0.5620582103729248,-0.1160532608628273,0.7731121778488159,0.6250634789466858,-0.09204219281673431,0.6483566164970398,0.644986093044281,-0.1159004494547844,0.6882677674293518,0.6426782011985779,-0.10650523006916046,0.7327905297279358,0.6379990577697754,-0.10093775391578674,0.7802319526672363,0.7110401391983032,-0.09936650097370148,0.6674513816833496,0.7210474014282227,-0.11841007322072983,0.7068895101547241,0.7139291167259216,-0.09547562152147293,0.7498870491981506,0.7057253122329712,-0.08060889691114426,0.7884734272956848,0.7877326607704163,-0.10588166117668152,0.702060341835022,0.7863447666168213,-0.12035279721021652,0.7348965406417847,0.7781628370285034,-0.10387317091226578,0.7707973718643188,0.7716323733329773,-0.09127068519592285,thumbs_up,RRQ_p22,RRQ
0.884724497795105,0.7327901124954224,-3.303615301319951e-07,0.8623462915420532,0.613070011138916,-0.002794806146994233,0.7881094217300415,0.497378408908844,-0.020085295662283897,0.7396330833435059,0.406790167093277,-0.035197481513023376,0.7398637533187866,0.3234986364841461,-0.05104466527700424,0.7519654035568237,0.5401934385299683,-0.07494332641363144,0.6416066288948059,0.5806440114974976,-0.09742704778909683,0.6731934547424316,0.5878863334655762,-0.10006369650363922,0.7112568616867065,0.57571941614151,-0.10032032430171967,0.7564540505409241,0.6324787139892578,-0.08565091341733932,0.6377005577087402,0.6551402807235718,-0.1049552857875824,0.6788597702980042,0.6546519994735718,-0.09401851147413254,0.7225660681724548,0.6511513590812683,-0.0880647823214531,0.7626057267189026,0.7164020538330078,-0.09250564128160477,0.656363308429718,0.732679545879364,-0.10685830563306808,0.697760283946991,0.7254180908203125,-0.08314917981624603,0.7403726577758789,0.7177333831787109,-0.06921165436506271,0.7710351347923279,0.7917691469192505,-0.09846264123916626,0.6916274428367615,0.7976334095001221,-0.1103224977850914,0.7258199453353882,0.7900227904319763,-0.0942155048251152,0.7593347430229187,0.7818962931632996,-0.08271642029285431,thumbs_up,RRQ_p22,RRQ
0.7775564789772034,0.7312144041061401,-3.456601120888081e-07,0.7609491944313049,0.6107820868492126,-0.0008662785985507071,0.7083280086517334,0.4856378436088562,-0.017639106139540672,0.6753048300743103,0.3877869248390198,-0.03297317028045654,0.6829267740249634,0.3039122223854065,-0.04976464807987213,0.6669450998306274,0.5121204257011414,-0.06845485419034958,0.5553945899009705,0.5270022749900818,-0.08820634335279465,0.582491934299469,0.5505480766296387,-0.08980176597833633,0.6217357516288757,0.5488989353179932,-0.08933436870574951,0.6594182252883911,0.5935766100883484,-0.07860209792852402,0.5482690930366516,0.6024339199066162,-0.08964690566062927,0.5838021039962769,0.6177353858947754,-0.07623416185379028,0.6225079298019409,0.6170840263366699,-0.07125087082386017,0.6558265686035156,0.6733174920082092,-0.08520272374153137,0.5541412234306335,0.6745412945747375,-0.09332007169723511,0.5922139286994934,0.6850359439849854,-0.07030127942562103,0.6316947340965271,0.6855683922767639,-0.05891674757003784,0.6556729078292847,0.7512335777282715,-0.09077172726392746,0.5773544311523438,0.7440962195396423,-0.09805827587842941,0.6090160608291626,0.7452880144119263,-0.081659696996212,0.6429234743118286,0.7440346479415894,-0.07071226835250854,thumbs_up,RRQ_p22,RRQ
0.7852699756622314,0.7904179692268372,-1.1398783499316778e-06,0.7100748419761658,0.7157024145126343,-0.05432114750146866,0.6696820259094238,0.5722239017486572,-0.07911240309476852,0.6440622210502625,0.46922093629837036,-0.09648396074771881,0.6059393882751465,0.38697782158851624,-0.10535227507352829,0.7833209037780762,0.44633734226226807,-0.05236195772886276,0.7750457525253296,0.5459632277488708,-0.09633997082710266,0.7485088109970093,0.6150904893875122,-0.11573412269353867,0.7413454055786133,0.6045210361480713,-0.1288822889328003,0.859114408493042,0.46738573908805847,-0.04929894581437111,0.8396591544151306,0.5974898934364319,-0.09716667234897614,0.7904431819915771,0.6640478372573853,-0.1083376556634903,0.7790083289146423,0.6437380909919739,-0.11231978982686996,0.9180352091789246,0.5221967697143555,-0.05317780002951622,0.8949170708656311,0.650161862373352,-0.10726134479045868,0.8391996622085571,0.7040534019470215,-0.10390135645866394,0.8231964707374573,0.6767343282699585,-0.0951252281665802,0.963474452495575,0.5892964601516724,-0.062062617391347885,0.9473915696144104,0.676243007183075,-0.10124038904905319,0.8965305685997009,0.7200039625167847,-0.10182707011699677,0.8729568719863892,0.7023851275444031,-0.0965203121304512,thumbs_up,RRQ_p22,RRQ
0.8866584300994873,0.8396984934806824,-4.643664510695089e-07,0.8020396828651428,0.7176043391227722,-0.021412650123238564,0.7376282215118408,0.5716384053230286,-0.051646385341882706,0.7341717481613159,0.456518292427063,-0.0777110904455185,0.7568619251251221,0.35834193229675293,-0.105526864528656,0.7879039645195007,0.6007582545280457,-0.10953351855278015,0.642598032951355,0.6667898893356323,-0.15391790866851807,0.6751562356948853,0.6841886639595032,-0.16895325481891632,0.7221460938453674,0.6652536988258362,-0.1762450933456421,0.8200399279594421,0.7026844620704651,-0.12126141041517258,0.6572506427764893,0.7723198533058167,-0.1581653505563736,0.6989765167236328,0.7670341730117798,-0.15101635456085205,0.7473061680793762,0.7474889755249023,-0.15141776204109192,0.8400252461433411,0.8011418581008911,-0.13168932497501373,0.6877189874649048,0.8501375913619995,-0.16690638661384583,0.7289590835571289,0.8409267663955688,-0.14507512748241425,0.7764536142349243,0.823655366897583,-0.13169555366039276,0.8498323559761047,0.8909552097320557,-0.14252561330795288,0.7335744500160217,0.9157071709632874,-0.17075148224830627,0.7689290642738342,0.9067531228065491,-0.15808898210525513,0.8158849477767944,0.8935815691947937,-0.14781153202056885,thumbs_up,RRQ_p22,RRQ
0.5905777215957642,0.6712122559547424,-2.0825670787871786e-07,0.6195859909057617,0.5685253739356995,-0.008540766313672066,0.6126607656478882,0.47051605582237244,-0.012558931484818459,0.5944589972496033,0.39417552947998047,-0.014894833788275719,0.5974494218826294,0.33623433113098145,-0.01736699417233467,0.5039051175117493,0.45566385984420776,-0.010258781723678112,0.5254921317100525,0.45653587579727173,-0.007103389594703913,0.5482196807861328,0.4852084815502167,-0.010383335873484612,0.5565120577812195,0.5080695152282715,-0.015368163585662842,0.4714720845222473,0.5032435059547424,-0.00763847166672349,0.49938908219337463,0.5053467154502869,0.0031305686570703983,0.5210537910461426,0.5275198817253113,0.0011210235534235835,0.5293426513671875,0.5491917729377747,-0.006276097148656845,0.4554314613342285,0.5550629496574402,-0.00376857235096395,0.4791069030761719,0.5525872111320496,0.0031720187980681658,0.4996923804283142,0.567507803440094,0.002870759228244424,0.5104313492774963,0.5862601399421692,-0.002139550168067217,0.44690173864364624,0.6059535145759583,-0.000500503636430949,0.46470391750335693,0.5993697643280029,0.002317852573469281,0.48686522245407104,0.6083114743232727,0.006227632984519005,0.499900758266449,0.620303213596344,0.008619554340839386,thumbs_up,RRQ_p22,RRQ
0.2981160879135132,0.7410784959793091,-4.256059469298634e-07,0.3071959912776947,0.6337165832519531,0.0017932604532688856,0.33883586525917053,0.548425555229187,-0.004543247167021036,0.36547690629959106,0.478340744972229,-0.01118820533156395,0.3672361671924591,0.42232686281204224,-0.015143622644245625,0.42912396788597107,0.5704159140586853,-0.007906991988420486,0.4662332236766815,0.5746704339981079,-0.0017661938909441233,0.44549766182899475,0.5892811417579651,0.0032087466679513454,0.4216909408569336,0.5939887762069702,0.004581819754093885,0.4458702504634857,0.629291296005249,-0.012725472450256348,0.46995002031326294,0.6270430088043213,0.004068485926836729,0.44822216033935547,0.6369029879570007,0.012450188398361206,0.4263835847377777,0.6443027257919312,0.011287098750472069,0.4494644105434418,0.6894074082374573,-0.01533610187470913,0.47245144844055176,0.6803275942802429,0.00037779254489578307,0.4529760479927063,0.6885108351707458,0.012137980200350285,0.42871469259262085,0.696279764175415,0.012500283308327198,0.4463619887828827,0.7446146607398987,-0.017954174429178238,0.4669703245162964,0.7329460382461548,-0.005833360832184553,0.4472125768661499,0.7364346981048584,0.008639163337647915,0.4260796308517456,0.7432184815406799,0.016342947259545326,thumbs_up,RRQ_p22,RRQ
0.25196245312690735,0.5615964531898499,-3.0742762646696065e-07,0.30573025345802307,0.4724190831184387,-0.039100609719753265,0.3202085793018341,0.3576456904411316,-0.0566212460398674,0.31420522928237915,0.2679102420806885,-0.06925899535417557,0.2951696515083313,0.18242806196212769,-0.07969017326831818,0.23194484412670135,0.34945303201675415,-0.06834925711154938,0.3455525040626526,0.41179129481315613,-0.10899101197719574,0.3366791903972626,0.44212985038757324,-0.13367196917533875,0.29996511340141296,0.43144088983535767,-0.1528235524892807,0.18870501220226288,0.41913625597953796,-0.0685712918639183,0.3368016183376312,0.49169743061065674,-0.09808652848005295,0.31635400652885437,0.4991653263568878,-0.1043943464756012,0.27094271779060364,0.4796038866043091,-0.11557373404502869,0.16746172308921814,0.4993138313293457,-0.07275014370679855,0.3044966459274292,0.5612653493881226,-0.1019914299249649,0.2908667027950287,0.5633682608604431,-0.091849185526371,0.2524397373199463,0.5378026962280273,-0.08824779093265533,0.15847358107566833,0.5794599652290344,-0.08255470544099808,0.266313761472702,0.6234369277954102,-0.11377470195293427,0.26287642121315,0.6158355474472046,-0.11840226501226425,0.2316882163286209,0.5952533483505249,-0.12066902965307236,thumbs_up,RRQ_p22,RRQ
0.4491245150566101,0.6060010194778442,-5.863384444637632e-07,0.5133864283561707,0.49272799491882324,-0.015128621831536293,0.5427287817001343,0.36917373538017273,-0.024132099002599716,0.5519323945045471,0.2729353904724121,-0.03410429134964943,0.5497782230377197,0.17815811932086945,-0.040193695574998856,0.48694050312042236,0.30744338035583496,-0.026692792773246765,0.5905472040176392,0.37413841485977173,-0.061222825199365616,0.5728896856307983,0.4203745722770691,-0.08108650892972946,0.533934473991394,0.40747013688087463,-0.09627960622310638,0.4502156972885132,0.3565104901790619,-0.03727813437581062,0.5718311071395874,0.4429468512535095,-0.06794460117816925,0.5479574203491211,0.4750760495662689,-0.07764630764722824,0.5097538232803345,0.45774948596954346,-0.08903205394744873,0.4241717457771301,0.42396217584609985,-0.05102838948369026,0.5378775000572205,0.501908004283905,-0.07994053512811661,0.5220651030540466,0.5278770327568054,-0.07806091010570526,0.49095696210861206,0.5117356777191162,-0.07902799546718597,0.4092511236667633,0.49733105301856995,-0.0672309473156929,0.49579110741615295,0.5492920875549316,-0.09073793888092041,0.49283599853515625,0.5595587491989136,-0.09511972218751907,0.4662994146347046,0.5447620153427124,-0.09846639633178711,thumbs_up,RRQ_p22,RRQ
0.2520383894443512,0.7391551733016968,-2.9917876531726506e-07,0.3134298324584961,0.6677783131599426,-0.04046231508255005,0.3520599603652954,0.577223539352417,-0.06507506966590881,0.3825428783893585,0.5045348405838013,-0.08556867390871048,0.4064205586910248,0.4338361322879791,-0.10450243204832077,0.23949187994003296,0.5260383486747742,-0.07011914253234863,0.33048129081726074,0.6108314990997314,-0.10849034786224365,0.3321581780910492,0.6317535042762756,-0.13205330073833466,0.30514734983444214,0.6148642301559448,-0.14961396157741547,0.18762941658496857,0.5954644083976746,-0.06976781040430069,0.3068089783191681,0.6940139532089233,-0.09510146826505661,0.3077300488948822,0.6935884356498718,-0.09941636770963669,0.2783562242984772,0.6675546765327454,-0.10976195335388184,0.15989834070205688,0.6755064725875854,-0.07280834764242172,0.26607683300971985,0.7591830492019653,-0.0956370159983635,0.27170687913894653,0.7551258206367493,-0.08387740701436996,0.24574263393878937,0.7270625829696655,-0.08009657263755798,0.14341945946216583,0.7567481398582458,-0.08168166130781174,0.2229008674621582,0.8135638236999512,-0.10383375734090805,0.22980278730392456,0.8086265921592712,-0.10165123641490936,0.2068333476781845,0.7904148101806641,-0.10022954642772675,thumbs_up,RRQ_p22,RRQ
0.3222351670265198,0.6006301641464233,-4.553454004962987e-07,0.38539621233940125,0.5069375038146973,-0.020093299448490143,0.4315650463104248,0.39854079484939575,-0.032408859580755234,0.4579523801803589,0.31092092394828796,-0.043628375977277756,0.46745216846466064,0.2220863699913025,-0.05116552114486694,0.37452182173728943,0.3373660445213318,-0.04763728007674217,0.48017776012420654,0.4143511652946472,-0.0835452601313591,0.45957326889038086,0.45409902930259705,-0.10031276196241379,0.4198746979236603,0.43594515323638916,-0.11219223588705063,0.33426499366760254,0.39032942056655884,-0.05622053146362305,0.4576430916786194,0.4853065013885498,-0.0888230949640274,0.4310893416404724,0.5100783109664917,-0.09564483910799026,0.39499327540397644,0.4902564585208893,-0.10487633943557739,0.30450350046157837,0.4582785367965698,-0.06699451059103012,0.4204117953777313,0.5447577834129333,-0.09832286089658737,0.3990248143672943,0.5625536441802979,-0.09427683055400848,0.36816251277923584,0.5437874794006348,-0.09308300912380219,0.2844693958759308,0.5296593308448792,-0.08015713095664978,0.3711594045162201,0.5922395586967468,-0.10585369914770126,0.36422663927078247,0.5991237163543701,-0.10951720923185349,0.33748286962509155,0.5839272737503052,-0.11166185885667801,thumbs_up,RRQ_p22,RRQ
0.6110466122627258,0.6046486496925354,-5.108897767058806e-07,0.6047170162200928,0.4853905439376831,-0.018787704408168793,0.6300850510597229,0.39090681076049805,-0.034765832126140594,0.6679469347000122,0.3054655194282532,-0.046603843569755554,0.6862090229988098,0.2321252077817917,-0.05470925569534302,0.7531420588493347,0.402299165725708,-0.022953800857067108,0.7573716044425964,0.3735331892967224,-0.013589995913207531,0.725578784942627,0.39460837841033936,-0.0055182697251439095,0.7013431191444397,0.4164186716079712,-0.0034048918168991804,0.7847715020179749,0.46973443031311035,-0.016432849690318108,0.7761803865432739,0.4380285143852234,-0.005397369619458914,0.7452034950256348,0.4505792558193207,-0.004132431000471115,0.7200688123703003,0.4716731309890747,-0.009592347778379917,0.7936992645263672,0.5357086658477783,-0.007577028591185808,0.7862274050712585,0.5031967163085938,0.001991863828152418,0.7620079517364502,0.5116968750953674,0.008128680288791656,0.7366752624511719,0.5286731719970703,0.005835029296576977,0.7939209342002869,0.5964213013648987,0.000294042460154742,0.7889511585235596,0.5653366446495056,0.005234117619693279,0.7652620077133179,0.5685140490531921,0.014159382320940495,0.7442863583564758,0.580305278301239,0.019416624680161476,thumbs_up,RRQ_p22,RRQ
0.30647528171539307,0.46697890758514404,-5.011692678635882e-07,0.3349551856517792,0.3432457447052002,0.0024945102632045746,0.37887006998062134,0.24027085304260254,-0.011793729849159718,0.4133237600326538,0.14948636293411255,-0.026158027350902557,0.41641727089881897,0.07344701886177063,-0.03710661455988884,0.47261467576026917,0.251067578792572,-0.03048630990087986,0.54046231508255,0.3027099668979645,-0.030164195224642754,0.5178677439689636,0.3362160623073578,-0.023954523727297783,0.4866178631782532,0.33806726336479187,-0.02153692953288555,0.48896244168281555,0.3218039572238922,-0.0408041812479496,0.5386592745780945,0.3708145320415497,-0.02630418911576271,0.5108906030654907,0.39438313245773315,-0.01310163177549839,0.4780915379524231,0.39207199215888977,-0.012292593717575073,0.492909699678421,0.4029930531978607,-0.047651346772909164,0.533729076385498,0.43268129229545593,-0.03165026009082794,0.5080386400222778,0.44892382621765137,-0.012331875041127205,0.47502416372299194,0.4461933970451355,-0.009011468850076199,0.49062272906303406,0.48172658681869507,-0.05439423769712448,0.5258802175521851,0.49285292625427246,-0.04127524420619011,0.4992888867855072,0.5029911994934082,-0.020974764600396156,0.47039639949798584,0.5001767873764038,-0.009898499585688114,thumbs_up,RRQ_p22,RRQ
0.2546616196632385,0.6339017152786255,-6.500773679363192e-07,0.3173258900642395,0.5268043279647827,-0.03320601209998131,0.3292217552661896,0.39243799448013306,-0.05034950375556946,0.32190003991127014,0.29159778356552124,-0.06513211876153946,0.31801140308380127,0.1969263255596161,-0.07908162474632263,0.2163824737071991,0.33759504556655884,-0.05666805058717728,0.3057236671447754,0.41143637895584106,-0.09892069548368454,0.3242567479610443,0.4663212299346924,-0.12661024928092957,0.3052798807621002,0.47309577465057373,-0.14520616829395294,0.15750622749328613,0.4010990858078003,-0.05933060124516487,0.27555519342422485,0.4916685223579407,-0.09075069427490234,0.296017050743103,0.5357121825218201,-0.10174762457609177,0.2800346314907074,0.5406293272972107,-0.11321032792329788,0.12246304005384445,0.4827529191970825,-0.06526924669742584,0.2316710203886032,0.5639366507530212,-0.09724216908216476,0.2589752972126007,0.5932296514511108,-0.0955936536192894,0.24951514601707458,0.5886735320091248,-0.09582038223743439,0.10120482742786407,0.5718762874603271,-0.0752401202917099,0.18326827883720398,0.625797688961029,-0.10003089904785156,0.2166680246591568,0.6393435001373291,-0.10016503185033798,0.21698680520057678,0.6330302953720093,-0.09886796772480011,thumbs_up,RRQ_p22,RRQ
0.34589940309524536,0.6068302392959595,-4.78236700018897e-07,0.428117573261261,0.5128844380378723,-0.022026628255844116,0.4851360321044922,0.40642017126083374,-0.043642397969961166,0.5355528593063354,0.3315843343734741,-0.06756842136383057,0.5873569846153259,0.2769641578197479,-0.08841069787740707,0.37864965200424194,0.27873069047927856,-0.03642761707305908,0.4758865237236023,0.33165687322616577,-0.07598353922367096,0.4743356704711914,0.40189486742019653,-0.09932125359773636,0.45182833075523376,0.41111448407173157,-0.11585144698619843,0.3247118592262268,0.31711655855178833,-0.04822288453578949,0.44284629821777344,0.39633792638778687,-0.08737222850322723,0.4388223886489868,0.4590916037559509,-0.10069354623556137,0.41037777066230774,0.4604341387748718,-0.11011158674955368,0.28483256697654724,0.3788892924785614,-0.06326715648174286,0.39456677436828613,0.4504724442958832,-0.10146141052246094,0.3963264226913452,0.5022854208946228,-0.10152437537908554,0.36928966641426086,0.49983978271484375,-0.09903545677661896,0.25556981563568115,0.45101553201675415,-0.08086329698562622,0.3317972421646118,0.4939226508140564,-0.10618825256824493,0.34935832023620605,0.5218084454536438,-0.10509901493787766,0.34045088291168213,0.5199962258338928,-0.10113265365362167,thumbs_up,RRQ_p22,RRQ
0.6617006063461304,0.6732916235923767,8.4203998085286e-07,0.609738826751709,0.6532928347587585,-0.02475344017148018,0.5623257756233215,0.6121882200241089,-0.04687562584877014,0.5515986680984497,0.5665944218635559,-0.07091476023197174,0.573321521282196,0.525203287601471,-0.09356623888015747,0.5594731569290161,0.4736682176589966,-0.037902314215898514,0.5199666023254395,0.3921557068824768,-0.06610654294490814,0.49986550211906433,0.341406911611557,-0.08114569634199142,0.48683685064315796,0.2927170991897583,-0.09049461781978607,0.6060484647750854,0.45553553104400635,-0.04600437358021736,0.6046806573867798,0.351222962141037,-0.07883837074041367,0.6100444197654724,0.2806309461593628,-0.09605491906404495,0.6157158613204956,0.21960100531578064,-0.10274555534124374,0.6497145891189575,0.466773122549057,-0.055895350873470306,0.6210241317749023,0.46225035190582275,-0.09574062377214432,0.6033837795257568,0.5375334620475769,-0.09841825067996979,0.5956080555915833,0.5902284979820251,-0.08870186656713486,0.686632513999939,0.4956873655319214,-0.06775911897420883,0.6557625532150269,0.5142136216163635,-0.0948777049779892,0.6374341249465942,0.569805383682251,-0.09170327335596085,0.6280093193054199,0.6100393533706665,-0.08214829117059708,peace_sign,RRQ_p22,RRQ
0.7433784604072571,0.595912754535675,4.6700384359610325e-07,0.724014163017273,0.5090200901031494,0.008104103617370129,0.6799371242523193,0.43341970443725586,0.003946453798562288,0.6286822557449341,0.4004226326942444,-0.005050521343946457,0.5922555923461914,0.390954852104187,-0.014658304862678051,0.6673154234886169,0.3810778260231018,-0.016271237283945084,0.6235098838806152,0.2940535545349121,-0.039932794868946075,0.5985677242279053,0.23443041741847992,-0.050718843936920166,0.5807377696037292,0.190202534198761,-0.05496520921587944,0.6528249382972717,0.40420329570770264,-0.03175485134124756,0.5712687969207764,0.3352479934692383,-0.05894601345062256,0.5178521275520325,0.2885570228099823,-0.0713723823428154,0.47583937644958496,0.2537235617637634,-0.07593832910060883,0.6381011009216309,0.4478716552257538,-0.04512579366564751,0.5570282936096191,0.4656785726547241,-0.06937295943498611,0.5729444026947021,0.4945124387741089,-0.06624741852283478,0.5972556471824646,0.4996456503868103,-0.05621401593089104,0.6238827109336853,0.5016384124755859,-0.05769743025302887,0.5638223886489868,0.5228279829025269,-0.07071533054113388,0.5807848572731018,0.5476210713386536,-0.06251705437898636,0.6032072901725769,0.55225670337677,-0.05129607766866684,peace_sign,RRQ_p22,RRQ
0.8097360730171204,0.5521265864372253,4.3664991267178266e-07,0.8023236989974976,0.45951464772224426,0.011282472871243954,0.7665122747421265,0.39554110169410706,0.009973415173590183,0.7225731611251831,0.37361377477645874,0.0029500180389732122,0.6871282458305359,0.3808508515357971,-0.004895635414868593,0.7634904384613037,0.33767542243003845,0.00014618584827985615,0.7354508638381958,0.2541368007659912,-0.013862952589988708,0.717930018901825,0.19953352212905884,-0.020452547818422318,0.705106258392334,0.15604422986507416,-0.02311827801167965,0.7364428043365479,0.3516099154949188,-0.013434119522571564,0.6635931730270386,0.28281116485595703,-0.029635455459356308,0.6183626055717468,0.24140599370002747,-0.037172552198171616,0.584986686706543,0.206032395362854,-0.03962862491607666,0.7139862179756165,0.3842231035232544,-0.02539840340614319,0.6495235562324524,0.399247944355011,-0.040398962795734406,0.6622099876403809,0.4353453516960144,-0.04101448878645897,0.6825745105743408,0.449175626039505,-0.03590632602572441,0.6930205821990967,0.4273064434528351,-0.0365968756377697,0.6488032341003418,0.4481895864009857,-0.042769283056259155,0.6607086658477783,0.48072198033332825,-0.03691163286566734,0.6800146698951721,0.4918568432331085,-0.029309047386050224,peace_sign,RRQ_p22,RRQ
0.7354855537414551,0.6526265144348145,6.981313163123559e-07,0.6726409196853638,0.6050786972045898,-0.01871219091117382,0.6358596086502075,0.5201624631881714,-0.03176376596093178,0.6488468050956726,0.43923628330230713,-0.04908667504787445,0.6746312975883484,0.3829479515552521,-0.06463880836963654,0.6485846042633057,0.40057384967803955,-0.011071772314608097,0.6061992645263672,0.3164433240890503,-0.03262757882475853,0.5836412906646729,0.26360252499580383,-0.04670833423733711,0.568327784538269,0.2141791135072708,-0.05666445940732956,0.6973373889923096,0.3881341218948364,-0.022814009338617325,0.7027315497398376,0.26179373264312744,-0.049179404973983765,0.7114570736885071,0.18209870159626007,-0.06811053305864334,0.7238507270812988,0.11626225709915161,-0.0780145525932312,0.7433599233627319,0.40942734479904175,-0.03757278993725777,0.7292945384979248,0.3579930365085602,-0.07559255510568619,0.6959291696548462,0.4262843728065491,-0.08106845617294312,0.676938533782959,0.48087865114212036,-0.07403847575187683,0.7850503325462341,0.44783902168273926,-0.05391434207558632,0.7646547555923462,0.405740886926651,-0.08118587732315063,0.7355243563652039,0.45045194029808044,-0.07706482708454132,0.7167965769767761,0.49540284276008606,-0.06760287284851074,peace_sign,RRQ_p22,RRQ
0.5777174234390259,0.6837716102600098,5.72220358208142e-07,0.5112161040306091,0.7250333428382874,-0.011697371490299702,0.44162121415138245,0.7259551882743835,-0.02559521049261093,0.39151763916015625,0.7020534873008728,-0.04639676213264465,0.3664172887802124,0.6561848521232605,-0.06586889177560806,0.390260249376297,0.6310480237007141,-0.0042812698520720005,0.31462228298187256,0.6387969255447388,-0.031179876998066902,0.2695665955543518,0.646643877029419,-0.04783928394317627,0.23089490830898285,0.6445258855819702,-0.05816678702831268,0.40327218174934387,0.5778919458389282,-0.02027105912566185,0.32102006673812866,0.5267160534858704,-0.05506478250026703,0.2684347629547119,0.48862338066101074,-0.07699482142925262,0.2277815341949463,0.4509214162826538,-0.08637715876102448,0.4337595999240875,0.5412320494651794,-0.03923698514699936,0.3779517412185669,0.5873731970787048,-0.0856470912694931,0.40118929743766785,0.6725892424583435,-0.09126436710357666,0.42790547013282776,0.7248573303222656,-0.08081416040658951,0.47015202045440674,0.5224239826202393,-0.05907723680138588,0.42071500420570374,0.5778214931488037,-0.08983898162841797,0.4331232011318207,0.6430219411849976,-0.08622181415557861,0.4521206319332123,0.6857395172119141,-0.0754721462726593,peace_sign,RRQ_p22,RRQ
0.6881574988365173,0.7486522793769836,6.530906944135495e-07,0.6224712133407593,0.7953177690505981,-0.012534033507108688,0.5483686327934265,0.8025243878364563,-0.02528809942305088,0.49824196100234985,0.765431821346283,-0.044016506522893906,0.4792580008506775,0.7062153220176697,-0.060550786554813385,0.4875005781650543,0.7086173295974731,-0.00933121144771576,0.4068959951400757,0.7127860188484192,-0.03063838556408882,0.3592996597290039,0.7143189311027527,-0.04162265360355377,0.3187617063522339,0.709008514881134,-0.0482405424118042,0.5031422972679138,0.6496284604072571,-0.02358917146921158,0.4230617582798004,0.5834256410598755,-0.05205085873603821,0.370672345161438,0.5419144034385681,-0.06933882087469101,0.33073675632476807,0.5042355060577393,-0.07639548927545547,0.5365642309188843,0.6096214056015015,-0.04043867811560631,0.4916049838066101,0.6425179839134216,-0.08009479939937592,0.5162627100944519,0.7210698127746582,-0.08602241426706314,0.5438300967216492,0.7680364847183228,-0.07734957337379456,0.5760780572891235,0.5848528146743774,-0.058322567492723465,0.5302422046661377,0.6142082214355469,-0.08299682289361954,0.5360350012779236,0.6758183836936951,-0.08013589680194855,0.550886869430542,0.7197554111480713,-0.07173144817352295,peace_sign,RRQ_p22,RRQ
0.5163320899009705,0.7765598297119141,9.093037078855559e-07,0.5149944424629211,0.6451432704925537,-0.002027790993452072,0.46718907356262207,0.5566067695617676,-0.012720618396997452,0.3994189500808716,0.547156572341919,-0.021764153614640236,0.3532348871231079,0.5687391757965088,-0.03140111640095711,0.4276408553123474,0.5231902599334717,-0.04749082773923874,0.3876570761203766,0.3892446756362915,-0.07137914001941681,0.3604000508785248,0.3113941550254822,-0.0825992301106453,0.3379835784435272,0.25426843762397766,-0.08504029363393784,0.3712460398674011,0.5736086368560791,-0.04846266284584999,0.2798559069633484,0.4684409499168396,-0.06480925530195236,0.22207477688789368,0.41034436225891113,-0.06913822889328003,0.17372116446495056,0.37537580728530884,-0.0684550404548645,0.3382999002933502,0.6283031702041626,-0.04459614306688309,0.32188913226127625,0.5705809593200684,-0.04965802654623985,0.3563433289527893,0.5735334753990173,-0.041417066007852554,0.38003987073898315,0.5984480381011963,-0.029865028336644173,0.32263755798339844,0.6806333661079407,-0.040697406977415085,0.33109819889068604,0.625424325466156,-0.03045235574245453,0.3575398325920105,0.6314277648925781,-0.011690866202116013,0.3764890134334564,0.6537080407142639,0.005838022101670504,peace_sign,RRQ_p22,RRQ
0.7258966565132141,0.8049983978271484,4.4078350924792176e-07,0.7745940089225769,0.7028708457946777,0.0042574647814035416,0.7778311371803284,0.5908163785934448,-0.012767947278916836,0.7367052435874939,0.5218096375465393,-0.03316066786646843,0.6904560923576355,0.49797508120536804,-0.05766056478023529,0.8024594783782959,0.5440976619720459,-0.05515596643090248,0.788140058517456,0.3976905941963196,-0.08566143363714218,0.7811245918273926,0.3098766803741455,-0.10158062726259232,0.774848997592926,0.2402438521385193,-0.11042201519012451,0.7540310621261597,0.5659594535827637,-0.07253560423851013,0.7009614109992981,0.4162154793739319,-0.10207823663949966,0.6656497120857239,0.3232269883155823,-0.11453330516815186,0.6380887627601624,0.2532520890235901,-0.12292922288179398,0.7003704905509949,0.5961623191833496,-0.08481623232364655,0.6357311010360718,0.49921444058418274,-0.10565352439880371,0.6484239101409912,0.540282666683197,-0.09453564137220383,0.667762279510498,0.5775277018547058,-0.08212095499038696,0.6497466564178467,0.6290975213050842,-0.0964401438832283,0.6089165210723877,0.5507850050926208,-0.10447315126657486,0.6228200793266296,0.5828666687011719,-0.08618588745594025,0.6427033543586731,0.6142951846122742,-0.06927047669887543,peace_sign,RRQ_p22,RRQ
0.3005746603012085,0.7831871509552002,7.432583970512496e-07,0.3706810176372528,0.7439266443252563,-0.028314797207713127,0.42794227600097656,0.6723952889442444,-0.04631084203720093,0.448947548866272,0.6092230677604675,-0.0671100839972496,0.4149388074874878,0.596538245677948,-0.08522079885005951,0.4073812961578369,0.5317689776420593,-0.03412249684333801,0.4502987563610077,0.42477405071258545,-0.0672699436545372,0.4749941825866699,0.36238330602645874,-0.08406674116849899,0.4930605888366699,0.3039156198501587,-0.0923130139708519,0.35116341710090637,0.5126393437385559,-0.04462644085288048,0.3583294749259949,0.38905566930770874,-0.08938506245613098,0.36815932393074036,0.30611157417297363,-0.11215273290872574,0.3726990818977356,0.23706820607185364,-0.11832809448242188,0.2995595932006836,0.5278063416481018,-0.057445455342531204,0.34151187539100647,0.5392331480979919,-0.11908614635467529,0.364465594291687,0.6202899813652039,-0.1332426518201828,0.3725009858608246,0.6793836951255798,-0.12177228182554245,0.2607850134372711,0.5670788288116455,-0.07222028076648712,0.30945250391960144,0.6140282154083252,-0.117544986307621,0.34020599722862244,0.678411066532135,-0.1241990253329277,0.35779836773872375,0.7281219959259033,-0.11519265174865723,peace_sign,RRQ_p22,RRQ
0.23546674847602844,0.8431353569030762,8.176511414603738e-07,0.30351999402046204,0.8025830984115601,-0.03362729772925377,0.3534500002861023,0.7332547903060913,-0.05251313000917435,0.3471658527851105,0.6755127906799316,-0.07345662266016006,0.29844343662261963,0.6453983783721924,-0.09217972308397293,0.3391956388950348,0.5711143612861633,-0.02844049409031868,0.37901365756988525,0.46181368827819824,-0.0637018084526062,0.40104398131370544,0.3959435820579529,-0.08294515311717987,0.41382384300231934,0.33351215720176697,-0.09194345027208328,0.27791348099708557,0.5523974299430847,-0.036791492253541946,0.2666599750518799,0.4203176498413086,-0.08390168845653534,0.25551268458366394,0.3326669931411743,-0.11077293753623962,0.24330103397369385,0.25287023186683655,-0.11840961873531342,0.22389963269233704,0.5746720433235168,-0.04821771755814552,0.23337015509605408,0.5818210244178772,-0.11292499303817749,0.2575538158416748,0.6767122149467468,-0.12568804621696472,0.272708922624588,0.7373849749565125,-0.11098156124353409,0.17894279956817627,0.6217052340507507,-0.06141410395503044,0.1928538978099823,0.6490875482559204,-0.10562552511692047,0.22130408883094788,0.7186937928199768,-0.10456622391939163,0.24390923976898193,0.7657574415206909,-0.08872460573911667,peace_sign,RRQ_p22,RRQ
0.19404153525829315,0.8086051344871521,7.30078966171277e-07,0.19967927038669586,0.6906733512878418,0.004193093627691269,0.24535512924194336,0.6098099946975708,-0.006775695830583572,0.3029373288154602,0.5911940336227417,-0.019881457090377808,0.3473977744579315,0.603079080581665,-0.033498771488666534,0.2663193941116333,0.5606387257575989,-0.03620126098394394,0.31791844964027405,0.4535291790962219,-0.052739422768354416,0.3456478714942932,0.3847719430923462,-0.061367813497781754,0.3673248291015625,0.33072441816329956,-0.0664345920085907,0.30565038323402405,0.6097046732902527,-0.0489509142935276,0.39045631885528564,0.5205538272857666,-0.06068991497159004,0.4457547068595886,0.4669308662414551,-0.06639288365840912,0.4906412959098816,0.4318403899669647,-0.07102973014116287,0.336398184299469,0.6705904006958008,-0.05741941183805466,0.39182960987091064,0.616478443145752,-0.062341395765542984,0.3663671612739563,0.6261656880378723,-0.04971984773874283,0.33973467350006104,0.645848274230957,-0.039336878806352615,0.35856378078460693,0.7318381071090698,-0.06614828109741211,0.3900393545627594,0.6815887093544006,-0.06139860674738884,0.3704526424407959,0.690688967704773,-0.0402475968003273,0.3532474637031555,0.7106270790100098,-0.023263677954673767,peace_sign,RRQ_p22,RRQ
0.23374411463737488,0.8607255220413208,6.725316552547156e-07,0.27186042070388794,0.7471141815185547,0.008192570880055428,0.342543363571167,0.6940193772315979,0.008724515326321125,0.3993883728981018,0.7081162333488464,0.009211068041622639,0.4297527074813843,0.7429016828536987,0.009159098379313946,0.40113407373428345,0.7119868993759155,-0.028898581862449646,0.4935205578804016,0.6542209982872009,-0.036149512976408005,0.5463534593582153,0.62404465675354,-0.03890204802155495,0.5872582197189331,0.6003885269165039,-0.04037909209728241,0.42046865820884705,0.7865849137306213,-0.03218679875135422,0.5267832279205322,0.7744998335838318,-0.03094448707997799,0.5912665128707886,0.7704065442085266,-0.02976207621395588,0.6377100944519043,0.7747372388839722,-0.030115166679024696,0.4191816449165344,0.850338876247406,-0.030584827065467834,0.46339425444602966,0.8076167702674866,-0.017883477732539177,0.439283549785614,0.7861830592155457,-0.003952329512685537,0.40857312083244324,0.7847234010696411,0.004289892967790365,0.40815165638923645,0.8999376893043518,-0.02931884303689003,0.4256683886051178,0.857101559638977,-0.015594995580613613,0.4052361845970154,0.8443874716758728,0.0010454850271344185,0.38095009326934814,0.8504546880722046,0.013819394633173943,peace_sign,RRQ_p22,RRQ
0.5719935894012451,0.6817055940628052,4.694234405633324e-07,0.5497869849205017,0.5805501937866211,0.010058626532554626,0.5715633630752563,0.4971134662628174,0.015301423147320747,0.6245450973510742,0.48168566823005676,0.01807432994246483,0.6574318408966064,0.49234282970428467,0.02108297497034073,0.6396906971931458,0.45519253611564636,0.00045274203876033425,0.6720263361930847,0.35073766112327576,0.0037628503050655127,0.6917529106140137,0.2984098792076111,0.007356025278568268,0.7081495523452759,0.2592814266681671,0.009597480297088623,0.6835387349128723,0.49515798687934875,-0.0027494749519973993,0.7362015843391418,0.41941770911216736,0.006006928626447916,0.7689613103866577,0.38014137744903564,0.009460209868848324,0.794967532157898,0.36047443747520447,0.011109761893749237,0.7069545984268188,0.5462807416915894,-0.00403061555698514,0.7014705538749695,0.5215261578559875,0.010875845327973366,0.6765981316566467,0.5332392454147339,0.015829365700483322,0.6593829393386841,0.5560486316680908,0.01813061349093914,0.7193769216537476,0.5959711074829102,-0.005591575521975756,0.7086163759231567,0.5772385001182556,0.009166473522782326,0.6875028014183044,0.588485598564148,0.018034638836979866,0.6730536222457886,0.6090991497039795,0.024497803300619125,peace_sign,RRQ_p22,RRQ
0.5285067558288574,0.7263210415840149,3.2647946568431507e-07,0.5036699771881104,0.6240212321281433,0.0066452305763959885,0.5198323726654053,0.5315173864364624,0.010564979165792465,0.5731773972511292,0.5021023750305176,0.013493819162249565,0.6102306246757507,0.5094907879829407,0.016675518825650215,0.5980426073074341,0.4936705231666565,-0.007846132852137089,0.6281976103782654,0.37324172258377075,-0.0079903993755579,0.6498546600341797,0.3100188970565796,-0.005932653788477182,0.6673693060874939,0.26241472363471985,-0.0038777906447649,0.6435550451278687,0.5340901613235474,-0.009377321228384972,0.6938715577125549,0.4315505623817444,-0.002450271975249052,0.7215147018432617,0.3772311806678772,0.003062495496124029,0.7428140044212341,0.3449469804763794,0.00702761160209775,0.6687877774238586,0.5884329676628113,-0.008757159113883972,0.6581124663352966,0.5457597970962524,0.0013580645900219679,0.6308566331863403,0.5560579895973206,0.006255019921809435,0.6111935973167419,0.5817551612854004,0.010429468005895615,0.6787900328636169,0.6394497156143188,-0.008162916637957096,0.6637588739395142,0.6033976078033447,0.0023849415592849255,0.6397556066513062,0.6112238168716431,0.011462971568107605,0.624500572681427,0.6352880001068115,0.019238663837313652,peace_sign,RRQ_p22,RRQ
