x0,y0,z0,x1,y1,z1,x2,y2,z2,x3,y3,z3,x4,y4,z4,x5,y5,z5,x6,y6,z6,x7,y7,z7,x8,y8,z8,x9,y9,z9,x10,y10,z10,x11,y11,z11,x12,y12,z12,x13,y13,z13,x14,y14,z14,x15,y15,z15,x16,y16,z16,x17,y17,z17,x18,y18,z18,x19,y19,z19,x20,y20,z20,label,person_id,collector
0.1895798146724701,0.878940999507904,2.356884891696609e-07,0.22668865323066711,0.8680246472358704,-0.03022611141204834,0.2597728371620178,0.856412947177887,-0.06054173409938812,0.2546237111091614,0.8704749345779419,-0.08928344398736954,0.2256747931241989,0.8870823979377747,-0.11832743883132935,0.24323035776615143,0.7433041334152222,-0.07224739342927933,0.24748441576957703,0.660492479801178,-0.10850076377391815,0.24784627556800842,0.5949708819389343,-0.13172903656959534,0.24552753567695618,0.5384188294410706,-0.15061675012111664,0.19545729458332062,0.730495274066925,-0.07533087581396103,0.187282532453537,0.8078636527061462,-0.11993758380413055,0.20222997665405273,0.8706842064857483,-0.12697069346904755,0.21774525940418243,0.8895837068557739,-0.12884493172168732,0.15597668290138245,0.7522469758987427,-0.07959071546792984,0.16034112870693207,0.8515449166297913,-0.11037623882293701,0.17982639372348785,0.8857910633087158,-0.09640449285507202,0.1945662498474121,0.8829846978187561,-0.08607272803783417,0.12607936561107635,0.7837305068969727,-0.08820700645446777,0.13151374459266663,0.8615254163742065,-0.11090531200170517,0.15185301005840302,0.8919686079025269,-0.10340012609958649,0.16857415437698364,0.8884401321411133,-0.09502610564231873,point,RRQ_p29,RRQ
0.39509809017181396,0.6469922661781311,7.514868372027195e-08,0.4457237720489502,0.6435795426368713,-0.022084927186369896,0.48227837681770325,0.62867271900177,-0.04889483004808426,0.5010936260223389,0.6136798858642578,-0.07713651657104492,0.516351580619812,0.6038855910301208,-0.10433537513017654,0.5039309859275818,0.49042949080467224,-0.0525643415749073,0.5369167923927307,0.41715431213378906,-0.09018128365278244,0.5600845813751221,0.3636425733566284,-0.11361952126026154,0.5750472545623779,0.31746700406074524,-0.1296486109495163,0.46198418736457825,0.467833936214447,-0.06000898778438568,0.48536568880081177,0.5285885334014893,-0.10796049982309341,0.4794791042804718,0.5957470536231995,-0.11814572662115097,0.4682070016860962,0.6251534223556519,-0.11769046634435654,0.42188411951065063,0.47787776589393616,-0.06867358088493347,0.44599366188049316,0.5661509037017822,-0.10820621252059937,0.44756942987442017,0.615753710269928,-0.10078393667936325,0.44184866547584534,0.6280381679534912,-0.08860836923122406,0.38536036014556885,0.5040870308876038,-0.08010678738355637,0.41079747676849365,0.5784792304039001,-0.10398803651332855,0.42054682970046997,0.619243323802948,-0.09682255983352661,0.42260488867759705,0.6291419267654419,-0.0857321172952652,point,RRQ_p29,RRQ
0.11981543898582458,0.6950210928916931,1.3095048245759244e-07,0.1700712889432907,0.7086649537086487,-0.045194678008556366,0.2178393304347992,0.6998820304870605,-0.0798821821808815,0.20293226838111877,0.7028394937515259,-0.10983548313379288,0.1656075268983841,0.7096496820449829,-0.13930223882198334,0.1871580183506012,0.5623127222061157,-0.0758722797036171,0.16932149231433868,0.45818081498146057,-0.11547275632619858,0.15409602224826813,0.39584386348724365,-0.1378747820854187,0.1377798616886139,0.3408008813858032,-0.1535363495349884,0.14404146373271942,0.5484065413475037,-0.07260210812091827,0.1216868907213211,0.5859061479568481,-0.12574398517608643,0.1305120885372162,0.6736100316047668,-0.1349705010652542,0.14500898122787476,0.7099047303199768,-0.13146252930164337,0.10574828833341599,0.5630561113357544,-0.07231693714857101,0.09237303584814072,0.6283180713653564,-0.11368808150291443,0.11342079192399979,0.686234712600708,-0.10151279717683792,0.1342146098613739,0.6996366381645203,-0.08553110063076019,0.07479054480791092,0.5856056213378906,-0.07657043635845184,0.06811797618865967,0.6449138522148132,-0.1024278849363327,0.0863921046257019,0.6930159330368042,-0.09152743220329285,0.10467599332332611,0.7065752744674683,-0.07683037966489792,point,RRQ_p29,RRQ
0.5102570056915283,0.7080935835838318,4.0496509257081925e-08,0.56817626953125,0.7060214877128601,-0.021468885242938995,0.6089746356010437,0.6882227659225464,-0.04913274571299553,0.634741485118866,0.6713279485702515,-0.07887972891330719,0.6602083444595337,0.6774493455886841,-0.10802600532770157,0.617341160774231,0.5481892228126526,-0.05078064650297165,0.6362174153327942,0.46691837906837463,-0.087819404900074,0.6474010944366455,0.4033840000629425,-0.11132974922657013,0.6529167890548706,0.3498271107673645,-0.1271570920944214,0.5772386789321899,0.5273329019546509,-0.058661095798015594,0.6145030856132507,0.5985193252563477,-0.10628331452608109,0.6083874106407166,0.666377067565918,-0.1152448058128357,0.5944123864173889,0.6964302062988281,-0.1135251522064209,0.5381556749343872,0.5389606356620789,-0.06778717041015625,0.5753430128097534,0.6194205284118652,-0.10806817561388016,0.5742830038070679,0.6699603199958801,-0.09933840483427048,0.5656255483627319,0.688867449760437,-0.08556652069091797,0.5036881566047668,0.5659711360931396,-0.07957537472248077,0.5376892685890198,0.6277611255645752,-0.1025642603635788,0.5475314855575562,0.6700167059898376,-0.09306186437606812,0.5484520196914673,0.6883293390274048,-0.08018528670072556,point,RRQ_p29,RRQ
0.35663190484046936,0.9613199830055237,1.8129730960936286e-07,0.407723069190979,0.9544394612312317,-0.03026537597179413,0.45570215582847595,0.9374454021453857,-0.06366150826215744,0.46316927671432495,0.9313323497772217,-0.09762212634086609,0.4281720221042633,0.9475824236869812,-0.13038985431194305,0.44442352652549744,0.7863206267356873,-0.06527726352214813,0.4462050795555115,0.6721256375312805,-0.10700412094593048,0.44718417525291443,0.5999851226806641,-0.1295534074306488,0.44412562251091003,0.5385973453521729,-0.14574450254440308,0.3885664641857147,0.7667800188064575,-0.07268229126930237,0.4031096398830414,0.8229884505271912,-0.12632912397384644,0.41056597232818604,0.9055463671684265,-0.13395042717456818,0.410163938999176,0.9331795573234558,-0.13067099452018738,0.34115856885910034,0.7836596965789795,-0.0822158083319664,0.36246195435523987,0.8792568445205688,-0.12226055562496185,0.3796882927417755,0.9334967732429504,-0.1088443398475647,0.3862789273262024,0.9351372718811035,-0.09340176731348038,0.3040221333503723,0.8163912296295166,-0.09614307433366776,0.32872289419174194,0.9004020094871521,-0.11748136579990387,0.3469747006893158,0.9445532560348511,-0.10568013787269592,0.3545118272304535,0.9453336596488953,-0.09218031167984009,point,RRQ_p29,RRQ
0.2403707206249237,0.66182541847229,-1.5447885459707322e-07,0.2692232131958008,0.5759572982788086,0.005832567811012268,0.32759201526641846,0.5418521761894226,0.0032614939846098423,0.3812807500362396,0.5398239493370056,0.0005862923571839929,0.4155261516571045,0.5559048056602478,-0.0031604524701833725,0.3651582598686218,0.5348000526428223,-0.028962913900613785,0.4424169659614563,0.4881226718425751,-0.04158136248588562,0.4871058464050293,0.46399667859077454,-0.04730265587568283,0.5221349596977234,0.44668859243392944,-0.05072302371263504,0.3783131241798401,0.5918161273002625,-0.03336554765701294,0.4307631850242615,0.5532490611076355,-0.037377070635557175,0.4103376567363739,0.5441308617591858,-0.025804851204156876,0.38487622141838074,0.5507501363754272,-0.017543556168675423,0.37778204679489136,0.6449987888336182,-0.035457536578178406,0.41699472069740295,0.6070424318313599,-0.034291308373212814,0.40163329243659973,0.5963863134384155,-0.0176529623568058,0.37810444831848145,0.6046508550643921,-0.00734686478972435,0.37239372730255127,0.6870679259300232,-0.037224866449832916,0.4043826460838318,0.6557441353797913,-0.03033979795873165,0.3918786942958832,0.643572211265564,-0.014942964538931847,0.37230345606803894,0.6489461660385132,-0.004077543038874865,point,RRQ_p29,RRQ
0.1526636779308319,0.7672548890113831,-1.5668825881220982e-07,0.12036800384521484,0.6940400004386902,-0.0005329936393536627,0.11680330336093903,0.5942010879516602,-0.009879207238554955,0.14835557341575623,0.5138764381408691,-0.017507100477814674,0.1876358836889267,0.4812527596950531,-0.025021569803357124,0.12787193059921265,0.567658007144928,-0.04646408185362816,0.1343095600605011,0.4494580626487732,-0.06670486927032471,0.13818766176700592,0.376936137676239,-0.07735573500394821,0.1400606632232666,0.3204292356967926,-0.08553913980722427,0.17157886922359467,0.587159276008606,-0.05298902094364166,0.20181617140769958,0.5050456523895264,-0.07284292578697205,0.19082890450954437,0.5447097420692444,-0.06543631851673126,0.17426201701164246,0.5827582478523254,-0.05854480713605881,0.212105393409729,0.6145580410957336,-0.05681421980261803,0.24013246595859528,0.5356199145317078,-0.07053343951702118,0.2272520363330841,0.5657018423080444,-0.04939497634768486,0.21103782951831818,0.598416805267334,-0.034156084060668945,0.2464107871055603,0.6416147351264954,-0.06012578681111336,0.26256948709487915,0.5743617415428162,-0.06356221437454224,0.2486458569765091,0.6026180386543274,-0.04426216334104538,0.23773545026779175,0.6306831240653992,-0.030091771855950356,point,RRQ_p29,RRQ
0.18983277678489685,0.7383914589881897,1.6154361048847932e-07,0.22131936252117157,0.6942210793495178,-0.030540920794010162,0.24767692387104034,0.6570835113525391,-0.06647096574306488,0.25777608156204224,0.6340736150741577,-0.10261096060276031,0.2432096004486084,0.632963240146637,-0.13714386522769928,0.16986428201198578,0.5523622035980225,-0.07280221581459045,0.12267650663852692,0.48242050409317017,-0.11688759177923203,0.08633466064929962,0.4352879524230957,-0.14130693674087524,0.053518667817115784,0.3993902802467346,-0.157374307513237,0.12639164924621582,0.5865077972412109,-0.07911916077136993,0.1782206892967224,0.6043996810913086,-0.13082288205623627,0.2224956452846527,0.6446939706802368,-0.1362343579530716,0.23876801133155823,0.6618536114692688,-0.13219952583312988,0.10765576362609863,0.6393394470214844,-0.08725897967815399,0.17911085486412048,0.6710733771324158,-0.12515410780906677,0.21451669931411743,0.6924483776092529,-0.1072126105427742,0.2238125205039978,0.6999250054359436,-0.08884426206350327,0.10287509858608246,0.694960355758667,-0.10006273537874222,0.16230882704257965,0.7189845442771912,-0.12230958789587021,0.19453778862953186,0.7262256741523743,-0.11018320173025131,0.20396852493286133,0.7219096422195435,-0.09577403962612152,point,RRQ_p29,RRQ
0.42481744289398193,0.8286011815071106,-1.570837468989339e-07,0.38725826144218445,0.7979443073272705,-0.024329688400030136,0.36107105016708374,0.7625101804733276,-0.04799426347017288,0.35359686613082886,0.7375795245170593,-0.07310329377651215,0.36367353796958923,0.7271400094032288,-0.09852700680494308,0.3873947858810425,0.623007595539093,-0.039032816886901855,0.38997113704681396,0.5381074547767639,-0.06957615166902542,0.3959128260612488,0.4790608286857605,-0.09089726954698563,0.4032749831676483,0.42962801456451416,-0.10597703605890274,0.42880815267562866,0.6275601983070374,-0.04409962520003319,0.4005511999130249,0.6553397178649902,-0.08873508125543594,0.38289186358451843,0.716643750667572,-0.1019601970911026,0.37660378217697144,0.7583276033401489,-0.10232540965080261,0.46168988943099976,0.6556078791618347,-0.05133284255862236,0.4265134632587433,0.6983492970466614,-0.08680739998817444,0.4082379937171936,0.7457525730133057,-0.08191918581724167,0.39979037642478943,0.7749648690223694,-0.07036203145980835,0.4881095886230469,0.6924440264701843,-0.0616057850420475,0.45734792947769165,0.7219193577766418,-0.08118283003568649,0.4350331127643585,0.7547110915184021,-0.07426874339580536,0.42230191826820374,0.7741131782531738,-0.06299305707216263,point,RRQ_p29,RRQ
0.5129218697547913,0.8195722699165344,-1.2464516885302146e-07,0.4832870662212372,0.7830508947372437,-0.025544730946421623,0.4696812033653259,0.7359784841537476,-0.04687706381082535,0.4901486039161682,0.7249595522880554,-0.06893642246723175,0.5202263593673706,0.7236891388893127,-0.09015760570764542,0.5341174006462097,0.6056551933288574,-0.03709011897444725,0.5787965059280396,0.533957302570343,-0.06421183794736862,0.6126684546470642,0.4914809465408325,-0.08307576924562454,0.6411100625991821,0.4551646113395691,-0.09671555459499359,0.5667051672935486,0.6292656064033508,-0.040197163820266724,0.5678419470787048,0.6614334583282471,-0.08451754599809647,0.5390936136245728,0.719195544719696,-0.09702665358781815,0.5171082615852356,0.7525633573532104,-0.09679464995861053,0.5893348455429077,0.6656089425086975,-0.04546721279621124,0.5776297450065613,0.7051191329956055,-0.07947351038455963,0.5485440492630005,0.7484267950057983,-0.0731116458773613,0.5282753109931946,0.7692862749099731,-0.06113285571336746,0.6046861410140991,0.7076376676559448,-0.05405464023351669,0.590216875076294,0.7390776872634888,-0.07423534989356995,0.560552716255188,0.769140362739563,-0.067690409719944,0.5393718481063843,0.7803439497947693,-0.05665057525038719,point,RRQ_p29,RRQ
0.5509458184242249,0.9302171468734741,-2.1855530007997004e-07,0.5088592171669006,0.8916353583335876,-0.021819239482283592,0.48383796215057373,0.8307347893714905,-0.03677923604846001,0.49198442697525024,0.7799995541572571,-0.053751297295093536,0.5004741549491882,0.7332577705383301,-0.06955818831920624,0.49454063177108765,0.6887331008911133,-0.018975386396050453,0.489055335521698,0.5950668454170227,-0.041870057582855225,0.4896584153175354,0.5348358154296875,-0.057174548506736755,0.49165236949920654,0.483675092458725,-0.06774988770484924,0.5344890356063843,0.6924983859062195,-0.023879870772361755,0.5304821133613586,0.6883488297462463,-0.06337913125753403,0.52092444896698,0.7483335137367249,-0.07656705379486084,0.5161583423614502,0.7953836917877197,-0.0762266293168068,0.5701682567596436,0.7127725481987,-0.03157087415456772,0.5583639740943909,0.7251634001731873,-0.06715651601552963,0.5448068976402283,0.7847505807876587,-0.06341809034347534,0.539443850517273,0.8244283199310303,-0.051132477819919586,0.6013991832733154,0.7423862814903259,-0.04182134568691254,0.5898039937019348,0.7411993741989136,-0.06225495785474777,0.5723893046379089,0.7840929627418518,-0.055052757263183594,0.5642549991607666,0.8153541088104248,-0.04292696714401245,point,RRQ_p29,RRQ
0.3744211494922638,0.8627631664276123,-3.405033623948839e-07,0.31427082419395447,0.8357922434806824,-0.013213485479354858,0.26728102564811707,0.7892853021621704,-0.026970848441123962,0.23479193449020386,0.7574304938316345,-0.0438363216817379,0.19871538877487183,0.746890664100647,-0.06172112002968788,0.27329641580581665,0.6497507691383362,-0.01972080022096634,0.23569902777671814,0.5799260139465332,-0.04433223232626915,0.21059516072273254,0.5313783884048462,-0.0613146647810936,0.191009983420372,0.4877285361289978,-0.0744452178478241,0.3153141140937805,0.6379918456077576,-0.029737232252955437,0.2523852288722992,0.68427973985672,-0.06808476895093918,0.25533902645111084,0.7569899559020996,-0.07751079648733139,0.27384230494499207,0.7974884510040283,-0.07673783600330353,0.350969523191452,0.6590425372123718,-0.04183926805853844,0.2858940064907074,0.724475622177124,-0.07585965842008591,0.2895570993423462,0.787473738193512,-0.06798800826072693,0.3053123652935028,0.8186323642730713,-0.05495554953813553,0.38115015625953674,0.6945298314094543,-0.056044045835733414,0.3268735408782959,0.7402822375297546,-0.07768561691045761,0.3226836621761322,0.7837408781051636,-0.07060548663139343,0.33240723609924316,0.8059638142585754,-0.05943404510617256,point,RRQ_p29,RRQ
0.44413262605667114,0.8779171109199524,3.5505118489709275e-07,0.4538457989692688,0.7864333987236023,-0.004344118293374777,0.42082539200782776,0.7017086148262024,-0.014360292814671993,0.37695953249931335,0.6420852541923523,-0.021649375557899475,0.3444625437259674,0.5987377762794495,-0.030074715614318848,0.41667991876602173,0.7040223479270935,-0.048682622611522675,0.38517260551452637,0.5848215222358704,-0.0624251589179039,0.3673766255378723,0.5198376774787903,-0.06387551128864288,0.3489595949649811,0.47138360142707825,-0.06435298174619675,0.3789888918399811,0.7395437955856323,-0.051984407007694244,0.3438583314418793,0.6363099217414856,-0.06318110972642899,0.3613811433315277,0.64427250623703,-0.053691960871219635,0.37740615010261536,0.6707967519760132,-0.04691002890467644,0.34842875599861145,0.7781241536140442,-0.052094291895627975,0.3260575532913208,0.6893389821052551,-0.05554438754916191,0.3445822596549988,0.6988199949264526,-0.03498430550098419,0.35587263107299805,0.724894106388092,-0.023036008700728416,0.32455453276634216,0.8134023547172546,-0.05216878652572632,0.30909663438796997,0.7383557558059692,-0.050294775515794754,0.328810453414917,0.7448715567588806,-0.03289465233683586,0.33782073855400085,0.7690526247024536,-0.02116970159113407,point,RRQ_p29,RRQ
0.5996895432472229,0.6472100615501404,-9.050987159753277e-08,0.6183677315711975,0.5774710774421692,0.006845143623650074,0.6098266243934631,0.4990842640399933,-0.005877428688108921,0.572372317314148,0.4392601251602173,-0.02087860181927681,0.5453762412071228,0.39776235818862915,-0.037980612367391586,0.6501995325088501,0.46065640449523926,-0.03144797682762146,0.6482751369476318,0.35780245065689087,-0.05237714946269989,0.6444242596626282,0.29218733310699463,-0.06338509917259216,0.6414048671722412,0.23969726264476776,-0.07150860130786896,0.6243048310279846,0.4821692109107971,-0.04541552811861038,0.573017954826355,0.41098475456237793,-0.0687275305390358,0.5645403265953064,0.4487094581127167,-0.06619901955127716,0.5770854353904724,0.479451984167099,-0.06281168013811111,0.5926541090011597,0.5091342926025391,-0.056923117488622665,0.5458062887191772,0.45130085945129395,-0.07283266633749008,0.5452943444252014,0.48282065987586975,-0.05418078973889351,0.5596314668655396,0.5035747289657593,-0.04068431630730629,0.5605391263961792,0.5366061329841614,-0.06769540160894394,0.5282641053199768,0.4865157902240753,-0.07511158287525177,0.5295953750610352,0.513738751411438,-0.05866944044828415,0.5404371023178101,0.5336934924125671,-0.04529761150479317,point,RRQ_p29,RRQ
0.4899337589740753,0.7571136951446533,-5.777392786399105e-08,0.46240323781967163,0.7092406749725342,-0.022148460149765015,0.4608737528324127,0.6499104499816895,-0.037435755133628845,0.48454374074935913,0.6139690279960632,-0.054041504859924316,0.505349338054657,0.5812081694602966,-0.06974374502897263,0.523794949054718,0.5345866680145264,-0.022050872445106506,0.5700204968452454,0.4645649492740631,-0.046931684017181396,0.6026024222373962,0.4265185594558716,-0.06260232627391815,0.6318835616111755,0.39562463760375977,-0.07211306691169739,0.5556787848472595,0.5662287473678589,-0.025126440450549126,0.5577030777931213,0.5495440363883972,-0.0678984597325325,0.5262818932533264,0.5915998220443726,-0.08095163851976395,0.504473090171814,0.6288967728614807,-0.07815426588058472,0.577947199344635,0.6057113409042358,-0.030770188197493553,0.555656373500824,0.6160916686058044,-0.06819839775562286,0.5187895894050598,0.6591047048568726,-0.06516890972852707,0.49726754426956177,0.6889053583145142,-0.051288358867168427,0.5925434231758118,0.6493809223175049,-0.03865024074912071,0.5722425580024719,0.6548514366149902,-0.05891872197389603,0.5423187613487244,0.6849420070648193,-0.05213077366352081,0.5257847905158997,0.7050157189369202,-0.039108242839574814,point,RRQ_p29,RRQ
0.46908578276634216,0.6243770718574524,-4.240600617322343e-07,0.44026610255241394,0.5647388696670532,-0.009883388876914978,0.429028183221817,0.4919467270374298,-0.02049604430794716,0.4144366383552551,0.44261351227760315,-0.03379829600453377,0.39408257603645325,0.4037170112133026,-0.0450601764023304,0.4927411675453186,0.4274739623069763,0.005837699864059687,0.45899346470832825,0.3893581032752991,-0.022477107122540474,0.426492303609848,0.3836047649383545,-0.040360692888498306,0.39971861243247986,0.38168996572494507,-0.049840494990348816,0.5188535451889038,0.43656834959983826,-0.003158632665872574,0.4727804362773895,0.3977847397327423,-0.030400048941373825,0.45483970642089844,0.4569578468799591,-0.034410055726766586,0.4673541486263275,0.480268269777298,-0.030714266002178192,0.5392679572105408,0.46224480867385864,-0.017224732786417007,0.48799318075180054,0.43785950541496277,-0.04238022118806839,0.47191447019577026,0.49254941940307617,-0.031077178195118904,0.48631206154823303,0.508447527885437,-0.01812813989818096,0.5530768036842346,0.49881017208099365,-0.03344416618347168,0.505867600440979,0.48296138644218445,-0.04725707694888115,0.4918348789215088,0.5173263549804688,-0.037943411618471146,0.503685712814331,0.5295324325561523,-0.027778469026088715,pinch,RRQ_p29,RRQ
0.5793980360031128,0.5919046401977539,-3.211772252598166e-07,0.5564351081848145,0.5294436812400818,-0.005426440387964249,0.5572465062141418,0.4507313370704651,-0.010310830548405647,0.5643148422241211,0.39203643798828125,-0.01992667466402054,0.56621253490448,0.3426468074321747,-0.02880752831697464,0.5975775122642517,0.4127061367034912,0.018288232386112213,0.5999196171760559,0.3672000467777252,-0.004675568081438541,0.5860802531242371,0.34237977862358093,-0.016219105571508408,0.5739008784294128,0.3381444215774536,-0.019949931651353836,0.6219117641448975,0.4242185950279236,0.008461548015475273,0.6188981533050537,0.3653488755226135,-0.018733350560069084,0.5901839137077332,0.4161401689052582,-0.020135993137955666,0.5916253328323364,0.44860756397247314,-0.010210927575826645,0.6459823250770569,0.4480039179325104,-0.006483993958681822,0.6320974826812744,0.40655142068862915,-0.036237698048353195,0.6069844961166382,0.4580911099910736,-0.02477385476231575,0.6115282773971558,0.4854836165904999,-0.006642044521868229,0.6672286987304688,0.4817437529563904,-0.022434115409851074,0.6504233479499817,0.44300180673599243,-0.03854186087846756,0.6286026239395142,0.47640231251716614,-0.027081770822405815,0.6318132281303406,0.5004023313522339,-0.012959285639226437,pinch,RRQ_p29,RRQ
0.4610547423362732,0.6944267749786377,-2.722134126997844e-07,0.44242826104164124,0.5985349416732788,-0.010116818360984325,0.43492239713668823,0.517227053642273,-0.0329500287771225,0.412077933549881,0.46631571650505066,-0.05549786612391472,0.3817879557609558,0.423450231552124,-0.07707058638334274,0.5360710024833679,0.5030761957168579,-0.045574482530355453,0.471671462059021,0.437452495098114,-0.07735103368759155,0.4263691306114197,0.4156508147716522,-0.09500856697559357,0.3900287449359894,0.4013599753379822,-0.10611579567193985,0.531666100025177,0.5488492846488953,-0.05787556245923042,0.44891342520713806,0.47654977440834045,-0.08405037224292755,0.44639497995376587,0.5151116847991943,-0.08377575874328613,0.4654633700847626,0.5374749302864075,-0.08459603786468506,0.512083113193512,0.5962989330291748,-0.0712164118885994,0.4267396032810211,0.5299904942512512,-0.09175752103328705,0.4337831437587738,0.565047562122345,-0.07646338641643524,0.4596511423587799,0.5801029205322266,-0.0674867257475853,0.485343873500824,0.6412237882614136,-0.08570928871631622,0.4215710759162903,0.5808917284011841,-0.10159073024988174,0.42753028869628906,0.6004011631011963,-0.09139993786811829,0.4488440155982971,0.6141085028648376,-0.08361057192087173,pinch,RRQ_p29,RRQ
0.390690416097641,0.8617896437644958,-4.7081007892302296e-07,0.3465169370174408,0.7947425246238708,-0.007391299586743116,0.3204253613948822,0.7147688865661621,-0.01892882212996483,0.2975383400917053,0.6604743003845215,-0.0344826839864254,0.27218401432037354,0.6133984327316284,-0.0478992685675621,0.3949912190437317,0.6354050636291504,0.012518735602498055,0.34778377413749695,0.6041936278343201,-0.01545785740017891,0.3107932209968567,0.5922642350196838,-0.0339551717042923,0.27855849266052246,0.5861005783081055,-0.04468682035803795,0.421125590801239,0.637495219707489,-8.144725143210962e-06,0.35721102356910706,0.5983557105064392,-0.030020715668797493,0.3459284007549286,0.6688863635063171,-0.03434240072965622,0.3634241819381714,0.6951457262039185,-0.029552683234214783,0.4440935254096985,0.6560800671577454,-0.017702821642160416,0.3708842396736145,0.634709358215332,-0.046704962849617004,0.36321544647216797,0.7021405696868896,-0.0333714559674263,0.38363465666770935,0.7199769020080566,-0.017651334404945374,0.4591841995716095,0.6900445818901062,-0.03745226934552193,0.3956466317176819,0.6742224097251892,-0.05476076155900955,0.387159138917923,0.7192947864532471,-0.043462492525577545,0.40470415353775024,0.7346527576446533,-0.030814826488494873,pinch,RRQ_p29,RRQ
0.3030562996864319,0.578814685344696,-4.531009381025797e-07,0.27265435457229614,0.5108973383903503,-0.008073227480053902,0.25944289565086365,0.42882388830184937,-0.020847054198384285,0.2438095211982727,0.3677148222923279,-0.03829415515065193,0.22491812705993652,0.313094824552536,-0.054222382605075836,0.3369844853878021,0.37704238295555115,0.012484800070524216,0.30305445194244385,0.3271457850933075,-0.018185246735811234,0.2649509608745575,0.30120715498924255,-0.03835291415452957,0.2306198626756668,0.2844081521034241,-0.04967355728149414,0.3602074682712555,0.3827388882637024,0.0001507992419647053,0.3154400587081909,0.3213847279548645,-0.03236391022801399,0.29463979601860046,0.38623207807540894,-0.03783765807747841,0.30776292085647583,0.4179244339466095,-0.032994527369737625,0.380462646484375,0.4043106138706207,-0.017710408195853233,0.3235523998737335,0.3564583659172058,-0.04980786517262459,0.30537816882133484,0.42105552554130554,-0.03735050559043884,0.32251012325286865,0.4469228684902191,-0.02092355117201805,0.39441221952438354,0.4387917220592499,-0.037439148873090744,0.33926576375961304,0.40127497911453247,-0.0564427375793457,0.3242315948009491,0.44421273469924927,-0.045527830719947815,0.33926519751548767,0.46726059913635254,-0.03279757499694824,pinch,RRQ_p29,RRQ
0.3599211275577545,0.7328405976295471,-4.2592446902744996e-07,0.32215118408203125,0.6695102453231812,-0.009426380507647991,0.2978181540966034,0.594581127166748,-0.023530425503849983,0.2750664949417114,0.5422842502593994,-0.04127180576324463,0.25442785024642944,0.49393677711486816,-0.05674203485250473,0.3719872534275055,0.517220139503479,0.005767914466559887,0.32681962847709656,0.4753042459487915,-0.025877127423882484,0.2886846363544464,0.46585074067115784,-0.04676011949777603,0.2558492124080658,0.46238866448402405,-0.05806725472211838,0.39540767669677734,0.5233864784240723,-0.005152598489075899,0.3386980891227722,0.47888123989105225,-0.035913024097681046,0.326688677072525,0.5423089861869812,-0.04083812236785889,0.34300118684768677,0.5682358145713806,-0.03709735348820686,0.41562095284461975,0.5458459258079529,-0.021363193169236183,0.3530014157295227,0.516046404838562,-0.04951276257634163,0.3415432870388031,0.576408863067627,-0.036793772131204605,0.3595781922340393,0.5944209098815918,-0.022062666714191437,0.43004629015922546,0.5814986824989319,-0.03974359855055809,0.3743579685688019,0.5606167316436768,-0.055464718490839005,0.3638761043548584,0.5999676585197449,-0.044664204120635986,0.3793928921222687,0.6155174374580383,-0.03284447640180588,pinch,RRQ_p29,RRQ
0.6896983981132507,0.4991549551486969,-2.0599277661403903e-07,0.6670026183128357,0.43474069237709045,-0.00579659640789032,0.667214035987854,0.36019232869148254,-0.009127067402005196,0.6781942844390869,0.3031209111213684,-0.01732230931520462,0.6913126707077026,0.25426480174064636,-0.025580717250704765,0.7020749449729919,0.3263572156429291,0.02277335710823536,0.7029582858085632,0.28494158387184143,0.007199149113148451,0.6970054507255554,0.25436559319496155,-0.001571372034959495,0.6970985531806946,0.2328733205795288,-0.006070762872695923,0.7249182462692261,0.33831363916397095,0.013413714244961739,0.7312527298927307,0.27600353956222534,-0.013555005192756653,0.7050879001617432,0.3215523362159729,-0.017879074439406395,0.7001758813858032,0.3576121926307678,-0.00912072230130434,0.7473683953285217,0.3605751693248749,-0.00022387322678696364,0.745805561542511,0.31063276529312134,-0.030321666970849037,0.720099925994873,0.3596765100955963,-0.02226714789867401,0.7167980074882507,0.39565396308898926,-0.00487036956474185,0.7680788636207581,0.39214271306991577,-0.0146519485861063,0.7624842524528503,0.34665122628211975,-0.031363651156425476,0.7404793500900269,0.3763459324836731,-0.021733805537223816,0.7361428141593933,0.4060785174369812,-0.008141350001096725,pinch,RRQ_p29,RRQ
0.17096537351608276,0.6332048177719116,6.466831337093026e-08,0.19190360605716705,0.5697135925292969,-0.010087152943015099,0.18703092634677887,0.4806542694568634,-0.01756918616592884,0.18401676416397095,0.42280757427215576,-0.027171937748789787,0.1853020191192627,0.3738410472869873,-0.036119747906923294,0.11497760564088821,0.44595572352409363,0.002967298496514559,0.13481521606445312,0.40570998191833496,-0.018780827522277832,0.15568912029266357,0.3794861435890198,-0.03299316391348839,0.17293350398540497,0.355157732963562,-0.041089486330747604,0.08693993091583252,0.46914491057395935,-0.003723248839378357,0.12026382237672806,0.42701560258865356,-0.02979196608066559,0.14879228174686432,0.4773835241794586,-0.035610754042863846,0.1446472406387329,0.5030293464660645,-0.03263924643397331,0.06968066841363907,0.5028934478759766,-0.013844717293977737,0.11165595054626465,0.46564042568206787,-0.04393717274069786,0.14124444127082825,0.5134510397911072,-0.037390876561403275,0.13442786037921906,0.5379433631896973,-0.024886012077331543,0.05898219347000122,0.5433725118637085,-0.024892963469028473,0.0976995900273323,0.5083199739456177,-0.04423440247774124,0.12560231983661652,0.5375516414642334,-0.03593234345316887,0.12189377099275589,0.5594447255134583,-0.024216188117861748,pinch,RRQ_p29,RRQ
0.1364143192768097,0.5158275365829468,1.47748721701646e-07,0.1516747772693634,0.45898863673210144,-0.013775154948234558,0.14504916965961456,0.3685956299304962,-0.02333981730043888,0.1377352476119995,0.30709341168403625,-0.03411044925451279,0.1305120885372162,0.2554512917995453,-0.04470601677894592,0.07394993305206299,0.3407925069332123,0.0003577220777515322,0.08734344691038132,0.29626232385635376,-0.020573465153574944,0.10351195931434631,0.25938868522644043,-0.03487435728311539,0.11833459138870239,0.22868776321411133,-0.04311680793762207,0.048134706914424896,0.3658313751220703,-0.0043360511772334576,0.07175496965646744,0.31467634439468384,-0.030269233509898186,0.10521283000707626,0.36234933137893677,-0.035322461277246475,0.10570567101240158,0.39337560534477234,-0.0317060723900795,0.03040478751063347,0.40055519342422485,-0.012694616802036762,0.060250990092754364,0.3518557548522949,-0.04470856487751007,0.0961940810084343,0.39618217945098877,-0.0374174490571022,0.09516308456659317,0.42680490016937256,-0.024008601903915405,0.017286263406276703,0.44447919726371765,-0.021913837641477585,0.04595519229769707,0.397393137216568,-0.04474623501300812,0.08147254586219788,0.42431989312171936,-0.036191534250974655,0.0854162946343422,0.45174917578697205,-0.02386997640132904,pinch,RRQ_p29,RRQ
0.34768638014793396,0.8470138311386108,4.058134805973168e-08,0.368914395570755,0.763481080532074,-0.0009027674677781761,0.36758169531822205,0.6798511743545532,-0.011475548148155212,0.37029480934143066,0.6219592690467834,-0.02762630395591259,0.376141756772995,0.5691360831260681,-0.042801178991794586,0.2738979756832123,0.6471044421195984,0.006362061481922865,0.3083268404006958,0.5928235054016113,-0.017701756209135056,0.3384217619895935,0.5632450580596924,-0.03325548395514488,0.3622555732727051,0.5424568057060242,-0.042687732726335526,0.24975892901420593,0.6702893972396851,-0.008241558447480202,0.31128552556037903,0.6185117959976196,-0.03489239886403084,0.3383881449699402,0.6713255643844604,-0.04114556685090065,0.3267265856266022,0.698693573474884,-0.04011963680386543,0.24245819449424744,0.7032521963119507,-0.025489291176199913,0.30868199467658997,0.6590869426727295,-0.05282017961144447,0.3343479335308075,0.7068019509315491,-0.045673929154872894,0.3204909563064575,0.7292882800102234,-0.03521895781159401,0.2456812858581543,0.741773247718811,-0.04351417347788811,0.3008209466934204,0.7068678140640259,-0.05934678390622139,0.321856826543808,0.7362571358680725,-0.05038417503237724,0.309976726770401,0.7562918066978455,-0.03978324681520462,pinch,RRQ_p29,RRQ
0.5334248542785645,0.5950095057487488,1.259709421219668e-07,0.5642017722129822,0.49921220541000366,0.004176759161055088,0.5651195645332336,0.4296601414680481,-0.004375344607979059,0.5742679238319397,0.37976396083831787,-0.01784229651093483,0.5914187431335449,0.33611616492271423,-0.02984927035868168,0.4752686023712158,0.40631935000419617,0.0014931311598047614,0.5276594758033752,0.3421241044998169,-0.019306661561131477,0.5615095496177673,0.31630939245224,-0.034091249108314514,0.5870205760002136,0.29783427715301514,-0.04505275934934616,0.4702078402042389,0.4200407564640045,-0.01424112357199192,0.5347990393638611,0.353810578584671,-0.037475451827049255,0.5569291710853577,0.3898264765739441,-0.04200234264135361,0.5522486567497253,0.41198718547821045,-0.04280740022659302,0.4814695715904236,0.43832558393478394,-0.03154529258608818,0.5553510785102844,0.38896244764328003,-0.05060442164540291,0.5666136145591736,0.4292074739933014,-0.04333043843507767,0.5495052337646484,0.450175404548645,-0.036926448345184326,0.5025650858879089,0.4567487835884094,-0.049756892025470734,0.5652966499328613,0.4283106029033661,-0.05956157296895981,0.5724401473999023,0.4627479314804077,-0.05366852134466171,0.5549768805503845,0.4816969633102417,-0.04903346672654152,pinch,RRQ_p29,RRQ
0.33728593587875366,0.6673492193222046,4.3160093810001854e-07,0.36366668343544006,0.6106272339820862,-0.016811553388834,0.38066768646240234,0.5411908626556396,-0.03370318189263344,0.4042948782444,0.48768725991249084,-0.05186491087079048,0.42996543645858765,0.44202980399131775,-0.06852162629365921,0.31283438205718994,0.47622552514076233,-0.017562681809067726,0.35209572315216064,0.43370047211647034,-0.05113024264574051,0.3916988968849182,0.4338419437408447,-0.07706153392791748,0.4217395484447479,0.44279566407203674,-0.09035427868366241,0.28381139039993286,0.474036306142807,-0.02718995325267315,0.2747171223163605,0.39139309525489807,-0.05012117698788643,0.2881298363208771,0.332849383354187,-0.062440965324640274,0.3014336824417114,0.2847486138343811,-0.06807687878608704,0.2582699656486511,0.4971667230129242,-0.041622523218393326,0.2212270200252533,0.4249018132686615,-0.06769245862960815,0.21305811405181885,0.370421826839447,-0.07970640808343887,0.21085886657238007,0.31921353936195374,-0.08343153446912766,0.24347715079784393,0.5381832718849182,-0.0573793426156044,0.19409781694412231,0.507453978061676,-0.07892614603042603,0.1644260138273239,0.4826238453388214,-0.08295883238315582,0.14081528782844543,0.45513156056404114,-0.0821804404258728,pinch,RRQ_p29,RRQ
0.4587346613407135,0.7833611369132996,4.976363356945512e-07,0.48139217495918274,0.7217180132865906,-0.016988327726721764,0.49669936299324036,0.6587446331977844,-0.03707648441195488,0.521695613861084,0.61064213514328,-0.05820750072598457,0.5467196702957153,0.56915682554245,-0.07916160672903061,0.4330524802207947,0.6067100167274475,-0.026368586346507072,0.47378188371658325,0.5589482188224792,-0.0603918731212616,0.5141346454620361,0.553977906703949,-0.08745670318603516,0.5457213521003723,0.5539187788963318,-0.10310840606689453,0.409805029630661,0.6062817573547363,-0.036407601088285446,0.40452447533607483,0.5246222019195557,-0.06135251745581627,0.4171212911605835,0.46293991804122925,-0.07774440199136734,0.4300927519798279,0.41222700476646423,-0.08796773850917816,0.3917165994644165,0.6324452757835388,-0.050164274871349335,0.3550232946872711,0.5650348663330078,-0.07659213989973068,0.346951961517334,0.5109496116638184,-0.09343012422323227,0.34584277868270874,0.46001696586608887,-0.10263172537088394,0.38550353050231934,0.6752764582633972,-0.06484124064445496,0.3412999212741852,0.6518096327781677,-0.0863291323184967,0.31410539150238037,0.625839352607727,-0.09371860325336456,0.29332736134529114,0.5973880290985107,-0.09724967926740646,pinch,RRQ_p29,RRQ
0.5930368900299072,0.4905441105365753,3.0896293878868164e-07,0.6207977533340454,0.4379477798938751,-0.0036253919824957848,0.6380091905593872,0.38015273213386536,-0.015114852227270603,0.6649233102798462,0.3362385928630829,-0.03089100681245327,0.6863836050033569,0.2910662293434143,-0.045746952295303345,0.5666922926902771,0.3217569887638092,0.0009906417690217495,0.6079334020614624,0.27566197514533997,-0.03059270977973938,0.6460270881652832,0.2726477384567261,-0.056284647434949875,0.6784267425537109,0.2813568711280823,-0.06950507313013077,0.551115870475769,0.309807151556015,-0.013746905140578747,0.5398784875869751,0.225871741771698,-0.0350409597158432,0.5561445355415344,0.16892100870609283,-0.04784228280186653,0.5763674378395081,0.12800152599811554,-0.05420482158660889,0.5387601852416992,0.32107874751091003,-0.03289446979761124,0.5043715834617615,0.24191707372665405,-0.05448123812675476,0.5021021962165833,0.18315242230892181,-0.06394849717617035,0.5074303150177002,0.13260625302791595,-0.06717570126056671,0.5351431965827942,0.34442734718322754,-0.05288741737604141,0.4980872571468353,0.2995253801345825,-0.06872867047786713,0.47633618116378784,0.2591835856437683,-0.07103227823972702,0.46139711141586304,0.22051924467086792,-0.07058972865343094,pinch,RRQ_p29,RRQ
0.24636264145374298,0.6760385632514954,3.5628977457236033e-07,0.2762809693813324,0.6207973957061768,-0.014651214703917503,0.28887102007865906,0.5457709431648254,-0.02500966377556324,0.3040904402732849,0.4853783845901489,-0.03676345571875572,0.32095587253570557,0.4398542046546936,-0.04752039909362793,0.23133477568626404,0.4848792850971222,-0.00984529685229063,0.2572920620441437,0.42767977714538574,-0.037290479987859726,0.28604856133461,0.41673484444618225,-0.058264899998903275,0.31199198961257935,0.4180508255958557,-0.06887074559926987,0.19821901619434357,0.48175540566444397,-0.017464498057961464,0.18728339672088623,0.3984162211418152,-0.03594936802983284,0.19648124277591705,0.3432033061981201,-0.045506685972213745,0.2062653750181198,0.2977132201194763,-0.04957592487335205,0.1698647439479828,0.5032773017883301,-0.029863951727747917,0.13833677768707275,0.432131826877594,-0.051061000674963,0.1296655237674713,0.38028275966644287,-0.06071406230330467,0.12653705477714539,0.3328001797199249,-0.06377725303173065,0.14936356246471405,0.5428568720817566,-0.04380905628204346,0.10402076691389084,0.5100290179252625,-0.06122984364628792,0.07887186110019684,0.48081040382385254,-0.06508683413267136,0.06000642478466034,0.4486715793609619,-0.06506402790546417,pinch,RRQ_p29,RRQ
0.29627731442451477,0.6712784171104431,-1.289890434463814e-07,0.3417931795120239,0.6660763025283813,-0.021435635164380074,0.37855568528175354,0.6580460667610168,-0.04161769524216652,0.3998086750507355,0.6590675711631775,-0.060988664627075195,0.412291020154953,0.6639465689659119,-0.07812737673521042,0.3869701623916626,0.5377488136291504,-0.03187724947929382,0.3941163718700409,0.6289597749710083,-0.06155063956975937,0.3852800726890564,0.6516662240028381,-0.08111599832773209,0.38374823331832886,0.6395456194877625,-0.0944988951086998,0.34618765115737915,0.530062198638916,-0.035596854984760284,0.3597000241279602,0.6474055647850037,-0.058870814740657806,0.35182374715805054,0.6650857925415039,-0.0643763318657875,0.3500480353832245,0.6386584639549255,-0.06896136701107025,0.3068145513534546,0.5439023971557617,-0.04261471703648567,0.3208238184452057,0.6569294929504395,-0.06285139173269272,0.319151371717453,0.6635230183601379,-0.05796419829130173,0.31936997175216675,0.632375955581665,-0.05437083914875984,0.270195871591568,0.5671306848526001,-0.05293798819184303,0.28177452087402344,0.6513321399688721,-0.0682508572936058,0.2843393087387085,0.6609393954277039,-0.06741935759782791,0.2841491401195526,0.6386613845825195,-0.0651669055223465,fist,RRQ_p29,RRQ
0.3836072087287903,0.7841423153877258,1.7656020645517856e-08,0.4348365068435669,0.782411515712738,-0.014723671600222588,0.47806352376937866,0.785444438457489,-0.03141408786177635,0.5060874223709106,0.7972496747970581,-0.04827126860618591,0.5157997012138367,0.8113196492195129,-0.06364687532186508,0.49197256565093994,0.6724787950515747,-0.02804979868233204,0.507317304611206,0.7640523910522461,-0.05455104261636734,0.49900975823402405,0.7815091609954834,-0.07343113422393799,0.49298572540283203,0.7675228118896484,-0.08664775639772415,0.45561087131500244,0.6697825789451599,-0.03493867442011833,0.47270333766937256,0.7811082005500793,-0.05573618412017822,0.4688439965248108,0.788231372833252,-0.06398481875658035,0.4656999409198761,0.767512857913971,-0.0720454528927803,0.41703301668167114,0.6829046010971069,-0.04415544122457504,0.43320125341415405,0.7878649234771729,-0.06309564411640167,0.43323224782943726,0.7912103533744812,-0.06404461711645126,0.43297111988067627,0.7688251733779907,-0.06486620754003525,0.3808133602142334,0.7040212154388428,-0.05560459941625595,0.3971826732158661,0.7836556434631348,-0.06905827671289444,0.3981546461582184,0.786759078502655,-0.07066855579614639,0.39527595043182373,0.7675840854644775,-0.07122297585010529,fist,RRQ_p29,RRQ
0.603635311126709,0.4984751045703888,-2.2236311281176313e-07,0.6606876850128174,0.5110155344009399,-0.011521019041538239,0.7087047696113586,0.5000605583190918,-0.023756932467222214,0.7371102571487427,0.49616339802742004,-0.03683141991496086,0.755753219127655,0.49806371331214905,-0.046615250408649445,0.7283408641815186,0.36638855934143066,-0.013474012725055218,0.7530593276023865,0.43491876125335693,-0.037430599331855774,0.731055498123169,0.4660935401916504,-0.0521768219769001,0.7182826399803162,0.4527571201324463,-0.0628126710653305,0.6973284482955933,0.3468450903892517,-0.022062527015805244,0.7235580682754517,0.43355312943458557,-0.043492309749126434,0.6997134685516357,0.46873489022254944,-0.04956879839301109,0.6895338892936707,0.44986283779144287,-0.05354447662830353,0.6622173190116882,0.34850943088531494,-0.033237893134355545,0.6830897331237793,0.43877437710762024,-0.05271350219845772,0.6652225255966187,0.46853217482566833,-0.0491509772837162,0.6559520363807678,0.4466586410999298,-0.04619341716170311,0.62654709815979,0.3626018166542053,-0.04628434777259827,0.6439438462257385,0.43329766392707825,-0.05777668207883835,0.634895920753479,0.4579273760318756,-0.053999196738004684,0.6269439458847046,0.4422210454940796,-0.05022166669368744,fist,RRQ_p29,RRQ
0.5599873065948486,0.6722955703735352,-1.1992028703389224e-07,0.6276769042015076,0.6833436489105225,-0.007869238965213299,0.6773897409439087,0.680803656578064,-0.02867598831653595,0.7150657773017883,0.6835422515869141,-0.05150195583701134,0.7217558026313782,0.6904175877571106,-0.07151560485363007,0.6955364942550659,0.5674964189529419,-0.033732932060956955,0.7262767553329468,0.6409628391265869,-0.05864270031452179,0.7105204463005066,0.6750040650367737,-0.06270781904459,0.6943309307098389,0.6759338974952698,-0.06408198177814484,0.662310779094696,0.5571786761283875,-0.04763752594590187,0.6964671611785889,0.6541940569877625,-0.07222677767276764,0.6647630929946899,0.687187910079956,-0.06667513400316238,0.6524500846862793,0.6661728620529175,-0.061144549399614334,0.6277980208396912,0.5649005174636841,-0.0628708004951477,0.6577132344245911,0.6672598123550415,-0.0844348818063736,0.6323966383934021,0.6902173757553101,-0.07019974291324615,0.6206912398338318,0.668423056602478,-0.05959251895546913,0.5940463542938232,0.5828586220741272,-0.07967457920312881,0.6192530393600464,0.6570522785186768,-0.09292960911989212,0.6050461530685425,0.6753987669944763,-0.08445445448160172,0.5948386788368225,0.6591490507125854,-0.07705271244049072,fist,RRQ_p29,RRQ
0.5443732738494873,0.6649609208106995,-3.8607620922448405e-07,0.504646897315979,0.5948098301887512,0.001084942719899118,0.4928145408630371,0.5221903920173645,-0.0009885492036119103,0.5122052431106567,0.4679326117038727,-0.0021554112900048494,0.5416640639305115,0.46082794666290283,-0.0016358718276023865,0.5565221309661865,0.49141114950180054,-0.013551311567425728,0.561167299747467,0.43716904520988464,-0.012302938848733902,0.5463792681694031,0.4634215235710144,-0.009302936494350433,0.5418644547462463,0.4920750558376312,-0.008178742602467537,0.5937590003013611,0.5137508511543274,-0.014319399371743202,0.5886235237121582,0.46471837162971497,-0.008154334500432014,0.5735906362533569,0.4832332730293274,-0.0018584210192784667,0.5691541433334351,0.5086157321929932,-0.00040341386920772493,0.620066225528717,0.5425585508346558,-0.013119040988385677,0.6096468567848206,0.5024558901786804,-0.00772049417719245,0.5956253409385681,0.5153824090957642,-5.8903639001073316e-05,0.5894352793693542,0.5376951098442078,0.0018549563828855753,0.637474000453949,0.5710616111755371,-0.011356199160218239,0.6239091753959656,0.5377822518348694,-0.006762709468603134,0.6095606684684753,0.5507294535636902,0.0012919901637360454,0.604876697063446,0.5707669258117676,0.006148926448076963,fist,RRQ_p29,RRQ
0.49839699268341064,0.63658607006073,-3.01371585464949e-07,0.5506777763366699,0.6131316423416138,-0.014236293733119965,0.6036820411682129,0.5589047074317932,-0.024481479078531265,0.6262428164482117,0.5155559182167053,-0.03503252565860748,0.5990399718284607,0.5069056153297424,-0.04132314398884773,0.5674709677696228,0.42864474654197693,-0.005709941033273935,0.6126731634140015,0.44133973121643066,-0.02876959927380085,0.5994254350662231,0.49770739674568176,-0.0422765389084816,0.579744279384613,0.4955291748046875,-0.051224235445261,0.5331386923789978,0.42051249742507935,-0.012150654569268227,0.5806114077568054,0.45505768060684204,-0.032213106751441956,0.5681576132774353,0.517497181892395,-0.03618401288986206,0.5497871041297913,0.5025715827941895,-0.03699773922562599,0.49947530031204224,0.4344281852245331,-0.022160226479172707,0.5444009304046631,0.464670866727829,-0.04262920469045639,0.5386678576469421,0.5202233195304871,-0.036033786833286285,0.5206120610237122,0.508673906326294,-0.02943909354507923,0.47028645873069763,0.4584871530532837,-0.03404150530695915,0.5085239410400391,0.47999322414398193,-0.04524096101522446,0.5089191198348999,0.5193197131156921,-0.03763427212834358,0.49365684390068054,0.5160297155380249,-0.030049147084355354,fist,RRQ_p29,RRQ
0.2816563844680786,0.6084871292114258,-2.7013305725631653e-07,0.3314807415008545,0.5743789672851562,-0.01872769370675087,0.38355037569999695,0.5115855932235718,-0.026925167068839073,0.3881993293762207,0.4483058452606201,-0.03394218161702156,0.3492130935192108,0.42859572172164917,-0.03683329373598099,0.3448052406311035,0.42556145787239075,-0.007454052101820707,0.3609394431114197,0.3858151137828827,-0.02748117409646511,0.3572395443916321,0.4456709027290344,-0.03789030760526657,0.3459413945674896,0.4578542411327362,-0.04372825101017952,0.3108406662940979,0.42615818977355957,-0.008355418220162392,0.32270461320877075,0.3903326988220215,-0.027599696069955826,0.3270164430141449,0.45942017436027527,-0.03118080459535122,0.31839242577552795,0.46239784359931946,-0.030806496739387512,0.27713215351104736,0.4385676383972168,-0.012574061751365662,0.2870907783508301,0.4010523855686188,-0.03406412526965141,0.2981836497783661,0.465824693441391,-0.023281600326299667,0.2914997637271881,0.4740886986255646,-0.012417578138411045,0.23887138068675995,0.4560888111591339,-0.01815018802881241,0.2530534267425537,0.4279724061489105,-0.02855471707880497,0.26527640223503113,0.47002431750297546,-0.015494177117943764,0.26065683364868164,0.4814089238643646,-0.0037887990474700928,fist,RRQ_p29,RRQ
0.6023339629173279,0.7340396642684937,-4.789039280694851e-07,0.5631259083747864,0.6676050424575806,-0.015095734968781471,0.5407607555389404,0.5974854230880737,-0.02907603606581688,0.5356866717338562,0.54820317029953,-0.04447956383228302,0.5641293525695801,0.5428308248519897,-0.054020266979932785,0.6329159736633301,0.5161707997322083,0.0018426855094730854,0.5824561715126038,0.4964476227760315,-0.02669535204768181,0.5674653649330139,0.54665607213974,-0.04353076219558716,0.580138623714447,0.5571919679641724,-0.05309762433171272,0.6577935814857483,0.5323908925056458,-0.004693400580435991,0.5939327478408813,0.5254852175712585,-0.03443372622132301,0.5819212198257446,0.5829932689666748,-0.03791594132781029,0.6020541191101074,0.5904586911201477,-0.03400610014796257,0.6762070059776306,0.5611585974693298,-0.01697348803281784,0.6147388219833374,0.5562974810600281,-0.04418446123600006,0.6012880802154541,0.6085977554321289,-0.033108942210674286,0.6197166442871094,0.6159195899963379,-0.0191902294754982,0.6886516809463501,0.5997641086578369,-0.03211704269051552,0.6403141021728516,0.5933504104614258,-0.04620112478733063,0.6274833679199219,0.6257248520851135,-0.03848638758063316,0.6395464539527893,0.6345235109329224,-0.02785070613026619,fist,RRQ_p29,RRQ
0.7362964749336243,0.6207228302955627,-4.5523739800046314e-07,0.6999117136001587,0.5634076595306396,-0.013816924765706062,0.6909981369972229,0.48575347661972046,-0.018878154456615448,0.7025672793388367,0.4253191649913788,-0.02627292461693287,0.728313684463501,0.38749074935913086,-0.029100535437464714,0.7424740195274353,0.43689489364624023,0.017093444243073463,0.736951470375061,0.39805981516838074,-0.006542754825204611,0.7235202193260193,0.44427958130836487,-0.01830963045358658,0.7268025875091553,0.4671801030635834,-0.022362999618053436,0.7706714868545532,0.4513905942440033,0.013610034249722958,0.7609530091285706,0.4141184091567993,-0.009222235530614853,0.7411279678344727,0.46890899538993835,-0.011435184627771378,0.748914897441864,0.4851855933666229,-0.005534596741199493,0.7978407144546509,0.47598105669021606,0.0035897353664040565,0.7886168956756592,0.43948718905448914,-0.021882448345422745,0.7656575441360474,0.4899836778640747,-0.011559699662029743,0.7705056667327881,0.5061978101730347,0.0035022133961319923,0.82508784532547,0.5095959305763245,-0.008225609548389912,0.8122742772102356,0.47318577766418457,-0.020535418763756752,0.7901374101638794,0.5054696798324585,-0.009933031164109707,0.7902737855911255,0.5231252312660217,0.0028095711022615433,fist,RRQ_p29,RRQ
0.4425446689128876,0.6284735798835754,-5.387746000451443e-07,0.3940812349319458,0.5754743814468384,-0.0116512980312109,0.3581377863883972,0.5046985745429993,-0.020068438723683357,0.3455592393875122,0.4422704577445984,-0.03126426413655281,0.3689284920692444,0.4001111686229706,-0.03697618097066879,0.42030367255210876,0.42358511686325073,0.013746459037065506,0.3792760968208313,0.4023663103580475,-0.011978015303611755,0.3814168870449066,0.46443694829940796,-0.02488093078136444,0.3979680836200714,0.4804884195327759,-0.030824504792690277,0.44731688499450684,0.4259968400001526,0.008033894002437592,0.4011331796646118,0.40887710452079773,-0.018574433401226997,0.40207573771476746,0.48212960362434387,-0.01800212636590004,0.42297786474227905,0.4904938042163849,-0.010540426708757877,0.4743640720844269,0.4381066560745239,-0.00396514730527997,0.4293554425239563,0.4202101230621338,-0.03086571767926216,0.4262996315956116,0.49008259177207947,-0.015825526788830757,0.4457756578922272,0.49976417422294617,0.0017333682626485825,0.5006430745124817,0.4631751477718353,-0.018035493791103363,0.46183156967163086,0.4422856867313385,-0.031951822340488434,0.4529108703136444,0.4901531934738159,-0.02040126547217369,0.46689456701278687,0.5058881044387817,-0.006880707573145628,fist,RRQ_p29,RRQ
0.6972095370292664,0.44532322883605957,-4.0482075291947694e-07,0.6541603803634644,0.40276211500167847,-0.016610031947493553,0.6311948299407959,0.3311420977115631,-0.019282300025224686,0.6352691650390625,0.25778132677078247,-0.023753950372338295,0.6602773070335388,0.2144177407026291,-0.022913087159395218,0.6523023843765259,0.27753710746765137,0.025230620056390762,0.6549289226531982,0.22893714904785156,0.0036778475623577833,0.6528234481811523,0.2778867185115814,-0.007029479369521141,0.6549015045166016,0.3002103269100189,-0.009664779528975487,0.6809723973274231,0.2814007103443146,0.02551637403666973,0.6817203760147095,0.23855455219745636,0.003213349264115095,0.6761207580566406,0.2993627190589905,-0.0001826600346248597,0.678594172000885,0.3163602948188782,0.0057825506664812565,0.7080691456794739,0.2938532531261444,0.018483860418200493,0.7116803526878357,0.2513245940208435,-0.006247090641409159,0.7002195715904236,0.30906397104263306,0.0009725705604068935,0.6989806890487671,0.33007004857063293,0.014661409892141819,0.7369512915611267,0.31284523010253906,0.009411321952939034,0.734915554523468,0.2828651964664459,-0.002223100047558546,0.7215807437896729,0.32343119382858276,0.005345749668776989,0.7173106670379639,0.34302592277526855,0.01602185331285,fist,RRQ_p29,RRQ
0.589414656162262,0.6211843490600586,-1.1285786172265944e-07,0.6228708624839783,0.5556522607803345,0.005923934746533632,0.6290429830551147,0.48021942377090454,0.00019065618107561022,0.6093331575393677,0.4199256896972656,-0.0057329339906573296,0.5776590704917908,0.395878404378891,-0.012212349101901054,0.6354580521583557,0.46616891026496887,-0.020915577188134193,0.6047400236129761,0.4097670018672943,-0.031663890928030014,0.6003211140632629,0.43200138211250305,-0.036416880786418915,0.6059600114822388,0.45414963364601135,-0.03867662698030472,0.5954512357711792,0.479270875453949,-0.029999205842614174,0.5687105059623718,0.4126421809196472,-0.03537731617689133,0.567790150642395,0.438508003950119,-0.030828190967440605,0.5740839838981628,0.46550580859184265,-0.028449736535549164,0.5572983622550964,0.49751201272010803,-0.03695300966501236,0.5380094647407532,0.44005995988845825,-0.039669424295425415,0.5413438081741333,0.463208943605423,-0.0267831701785326,0.5484858155250549,0.4864501357078552,-0.019334126263856888,0.5231550335884094,0.5182404518127441,-0.042915817350149155,0.5182174444198608,0.4746602475643158,-0.041275400668382645,0.5218586325645447,0.494545042514801,-0.02752912975847721,0.5255959033966064,0.5113009214401245,-0.018087152391672134,fist,RRQ_p29,RRQ
0.5009754300117493,0.7150359153747559,-5.25274458595959e-07,0.4438752233982086,0.6538645029067993,-0.014379249885678291,0.4094647169113159,0.5797153115272522,-0.026053842157125473,0.3934911787509918,0.5230008959770203,-0.03964298963546753,0.40849539637565613,0.47983914613723755,-0.04661410301923752,0.48404690623283386,0.4775637984275818,0.010037459433078766,0.425077348947525,0.46985819935798645,-0.02014225162565708,0.42726755142211914,0.5341924428939819,-0.03897567465901375,0.44779735803604126,0.5493646860122681,-0.0493435375392437,0.5123157501220703,0.4808737337589264,0.0036881263367831707,0.4442216157913208,0.4814520478248596,-0.027570363134145737,0.4463924765586853,0.5552161931991577,-0.03155519440770149,0.4718044102191925,0.5621083974838257,-0.027294719591736794,0.5381178259849548,0.49829697608947754,-0.009030892513692379,0.47394970059394836,0.501009464263916,-0.03701835870742798,0.4701840579509735,0.5682597756385803,-0.0230123121291399,0.49236181378364563,0.574005126953125,-0.006819588132202625,0.5591098666191101,0.5293349623680115,-0.02474784664809704,0.5059378743171692,0.5307020545005798,-0.038929276168346405,0.49771326780319214,0.5736173391342163,-0.029081258922815323,0.5151806473731995,0.5815801620483398,-0.016626296564936638,fist,RRQ_p29,RRQ
0.2504442036151886,0.7305704951286316,-4.994250275558443e-07,0.19372275471687317,0.6595742702484131,-0.00802224688231945,0.1620796024799347,0.589123547077179,-0.018258046358823776,0.14275208115577698,0.5330427885055542,-0.03231867030262947,0.141959547996521,0.4816829562187195,-0.04022490605711937,0.24433039128780365,0.49375811219215393,0.018325164914131165,0.17530252039432526,0.48954322934150696,-0.010796856135129929,0.18466520309448242,0.55620938539505,-0.031011685729026794,0.2132185697555542,0.5694342255592346,-0.04301954433321953,0.26956671476364136,0.4955831468105316,0.009207208640873432,0.18769875168800354,0.4949880540370941,-0.02084168791770935,0.19539402425289154,0.5689970254898071,-0.02648075297474861,0.2268211990594864,0.5729638338088989,-0.025019900873303413,0.2923300266265869,0.5088784098625183,-0.005680653266608715,0.21566423773765564,0.5065248608589172,-0.03140849992632866,0.21783968806266785,0.5765471458435059,-0.016910769045352936,0.24514985084533691,0.5842339396476746,-0.002078105928376317,0.3104555606842041,0.5362190008163452,-0.023257004097104073,0.24820508062839508,0.5328747630119324,-0.037631332874298096,0.24445073306560516,0.5787544250488281,-0.027446860447525978,0.2673114836215973,0.5907338857650757,-0.015187274664640427,fist,RRQ_p29,RRQ
0.5318746566772461,0.5080001950263977,-3.7689721921196906e-07,0.49300411343574524,0.4723758101463318,-0.020070940256118774,0.4673563539981842,0.4009714722633362,-0.027439260855317116,0.461351215839386,0.3354457914829254,-0.03551384061574936,0.47527366876602173,0.28796279430389404,-0.03839745745062828,0.4906589686870575,0.34094107151031494,0.011937472969293594,0.48516181111335754,0.30957484245300293,-0.01047473680227995,0.4859534502029419,0.3585127890110016,-0.01930035464465618,0.4924447238445282,0.3702777624130249,-0.021862594410777092,0.5208293199539185,0.34315308928489685,0.011655552312731743,0.5138779282569885,0.30950993299484253,-0.011071829125285149,0.5090926289558411,0.37424707412719727,-0.010053622536361217,0.5159973502159119,0.37979361414909363,-0.001321381889283657,0.5506711006164551,0.35690373182296753,0.0044051469303667545,0.5467321872711182,0.3234774172306061,-0.021414322778582573,0.5366250872612,0.38232603669166565,-0.009401676245033741,0.5403198599815369,0.39108070731163025,0.007018253207206726,0.580702543258667,0.37750139832496643,-0.005151144694536924,0.5721098184585571,0.3528473973274231,-0.017693763598799706,0.5596780180931091,0.39188215136528015,-0.007521483581513166,0.5600954294204712,0.4037979245185852,0.004759273491799831,fist,RRQ_p29,RRQ
0.5431215763092041,0.7709138989448547,3.374547929979599e-07,0.49566805362701416,0.7295591831207275,-0.019434599205851555,0.461872398853302,0.6671310067176819,-0.03050263226032257,0.43843403458595276,0.6150243878364563,-0.04077238589525223,0.4149061441421509,0.5736435651779175,-0.05102801322937012,0.5091045498847961,0.5707656741142273,-0.014477213844656944,0.5028095841407776,0.49128735065460205,-0.031278401613235474,0.4992048442363739,0.4417206645011902,-0.04602934792637825,0.4982989728450775,0.3984706997871399,-0.057058773934841156,0.542267918586731,0.5675210356712341,-0.01895040273666382,0.544562578201294,0.48047369718551636,-0.032246824353933334,0.5461570024490356,0.42442411184310913,-0.045261453837156296,0.5478734374046326,0.37653112411499023,-0.0552624836564064,0.5724484920501709,0.5822775363922119,-0.026723533868789673,0.5785569548606873,0.5047425031661987,-0.040425755083560944,0.5799480080604553,0.45467817783355713,-0.0498606376349926,0.5797256231307983,0.4099511504173279,-0.05740094557404518,0.6003419756889343,0.611082911491394,-0.03673126548528671,0.6174155473709106,0.5599738359451294,-0.0484737902879715,0.6274229884147644,0.5242043137550354,-0.05279023200273514,0.6354932188987732,0.4896356761455536,-0.056105755269527435,open_palm,RRQ_p29,RRQ
0.6430802941322327,0.5975674390792847,2.815332038608176e-07,0.6014114022254944,0.5613312721252441,-0.016683492809534073,0.5691893696784973,0.4935322403907776,-0.022678067907691002,0.5494992136955261,0.4388802945613861,-0.02793789841234684,0.5262294411659241,0.40086445212364197,-0.03253330662846565,0.6028321385383606,0.3948589563369751,-0.004804144147783518,0.5948981046676636,0.31847596168518066,-0.017338821664452553,0.5917273759841919,0.27196234464645386,-0.029908882454037666,0.5906541347503662,0.23116299510002136,-0.03933332487940788,0.6322197318077087,0.3890610933303833,-0.007314211688935757,0.630553662776947,0.3039209544658661,-0.014873758889734745,0.6298326253890991,0.250771701335907,-0.023737723007798195,0.628881573677063,0.20645511150360107,-0.03079654462635517,0.6610714793205261,0.4019121527671814,-0.013301131315529346,0.6603831648826599,0.325951486825943,-0.02003350667655468,0.6582016944885254,0.28067266941070557,-0.024525044485926628,0.6549590229988098,0.24204982817173004,-0.02901170775294304,0.6902598738670349,0.4285583794116974,-0.021968243643641472,0.6995206475257874,0.3761620819568634,-0.026875844225287437,0.7035895586013794,0.34259259700775146,-0.027480224147439003,0.7069054841995239,0.31124147772789,-0.028507035225629807,open_palm,RRQ_p29,RRQ
0.38474974036216736,0.9470328688621521,3.681890916595876e-07,0.3358045518398285,0.911255955696106,-0.023320185020565987,0.3001555800437927,0.8494288921356201,-0.03864501789212227,0.2733837366104126,0.799622654914856,-0.05233534798026085,0.24372561275959015,0.7578779458999634,-0.0662856251001358,0.3393063545227051,0.7470898628234863,-0.026203852146863937,0.33060935139656067,0.6657826900482178,-0.047283150255680084,0.3215053081512451,0.616740345954895,-0.06416579335927963,0.313932865858078,0.5712253451347351,-0.07693137228488922,0.3710096478462219,0.7455137968063354,-0.031108912080526352,0.3664036989212036,0.6549212336540222,-0.0501130186021328,0.3613428771495819,0.5970298051834106,-0.06676951795816422,0.35628411173820496,0.544569194316864,-0.079239621758461,0.4011729955673218,0.7624040842056274,-0.038965851068496704,0.4024941325187683,0.6785202622413635,-0.05916483700275421,0.3991232216358185,0.6247354745864868,-0.07277797907590866,0.394025593996048,0.5734598636627197,-0.08276599645614624,0.4305000305175781,0.7933467626571655,-0.048765089362859726,0.4477601647377014,0.7365023493766785,-0.06762617081403732,0.45801207423210144,0.6949598789215088,-0.07663977146148682,0.46560078859329224,0.6532977223396301,-0.08286238461732864,open_palm,RRQ_p29,RRQ
0.20989513397216797,0.8346536159515381,4.614311706063745e-07,0.14999181032180786,0.8082188963890076,-0.01968449354171753,0.10609060525894165,0.7516602873802185,-0.03524031117558479,0.06998735666275024,0.7084835171699524,-0.04993801191449165,0.03133227676153183,0.6788323521614075,-0.06592638790607452,0.12951476871967316,0.6558440923690796,-0.03355767950415611,0.11638039350509644,0.5720844864845276,-0.05948399752378464,0.1028367355465889,0.5207535624504089,-0.07865360379219055,0.09038888663053513,0.4757324457168579,-0.0928364172577858,0.15945209562778473,0.6528781652450562,-0.042164355516433716,0.14748726785182953,0.5631410479545593,-0.06759057939052582,0.13403673470020294,0.5032608509063721,-0.08695750683546066,0.12113822996616364,0.45082128047943115,-0.10092060267925262,0.1906425952911377,0.6697614192962646,-0.05293147638440132,0.18396081030368805,0.5860158205032349,-0.0802135318517685,0.17463864386081696,0.5317748188972473,-0.0972902923822403,0.16289874911308289,0.4815506935119629,-0.10893543809652328,0.22272199392318726,0.7024722099304199,-0.06463564187288284,0.23481427133083344,0.6449674963951111,-0.09152516722679138,0.23926618695259094,0.6023688316345215,-0.10436240583658218,0.24037182331085205,0.5605846643447876,-0.11259924620389938,open_palm,RRQ_p29,RRQ
0.4673110544681549,0.844249427318573,4.096108057183301e-07,0.4193228483200073,0.8070443272590637,-0.021100925281643867,0.3818108141422272,0.7483938336372375,-0.035030994564294815,0.3529444932937622,0.7015828490257263,-0.048069022595882416,0.3242723345756531,0.6634838581085205,-0.06137587130069733,0.42122721672058105,0.6426697373390198,-0.02129105105996132,0.41378194093704224,0.5631800889968872,-0.04135926440358162,0.40946298837661743,0.5135214328765869,-0.058336082845926285,0.4078987240791321,0.46880316734313965,-0.07078684866428375,0.45289409160614014,0.6412950754165649,-0.02617092803120613,0.44980889558792114,0.5552800893783569,-0.04338975250720978,0.4479680061340332,0.4984249472618103,-0.059191588312387466,0.4464549124240875,0.4474659562110901,-0.0709294006228447,0.4832858741283417,0.6567639708518982,-0.034097474068403244,0.48455318808555603,0.5806825160980225,-0.052104488015174866,0.4825745224952698,0.5308614373207092,-0.06446072459220886,0.479138046503067,0.484737366437912,-0.0734626054763794,0.5116912722587585,0.6864273548126221,-0.04407791420817375,0.528412938117981,0.6329403519630432,-0.06002763658761978,0.5400476455688477,0.5962803363800049,-0.06702636182308197,0.5495427846908569,0.5601940155029297,-0.07181733101606369,open_palm,RRQ_p29,RRQ
0.5215694308280945,0.6899097561836243,3.495897260563652e-07,0.47213801741600037,0.6545799970626831,-0.021486449986696243,0.44506576657295227,0.5833783745765686,-0.03092663176357746,0.44117823243141174,0.5173332691192627,-0.038905832916498184,0.42448514699935913,0.46580344438552856,-0.04620984569191933,0.47345098853111267,0.48281949758529663,-0.014341131784021854,0.47046905755996704,0.39948225021362305,-0.031020520254969597,0.47123289108276367,0.3496253192424774,-0.04614761844277382,0.4738632142543793,0.30494433641433716,-0.05686001479625702,0.5038726925849915,0.47851842641830444,-0.01669512689113617,0.5005379319190979,0.3844628632068634,-0.02836420014500618,0.4992700517177582,0.32658159732818604,-0.04042650759220123,0.49888065457344055,0.27687186002731323,-0.04968176782131195,0.5328299403190613,0.4913431406021118,-0.022512711584568024,0.530709981918335,0.40679043531417847,-0.03301282599568367,0.5283190011978149,0.35675227642059326,-0.03953750804066658,0.5257704257965088,0.3129706382751465,-0.04526228830218315,0.5632004141807556,0.5176300406455994,-0.03128498047590256,0.5675718784332275,0.4568992853164673,-0.03994448855519295,0.5691806674003601,0.4179143011569977,-0.04209670051932335,0.5694469809532166,0.3819998502731323,-0.04388837888836861,open_palm,RRQ_p29,RRQ
0.6082078814506531,0.6503307819366455,2.739075455338025e-07,0.5670987963676453,0.613503634929657,-0.020794101059436798,0.5472807884216309,0.5483636260032654,-0.030005866661667824,0.5474117994308472,0.48991644382476807,-0.037931643426418304,0.5375021696090698,0.4408951699733734,-0.044438134878873825,0.5793654918670654,0.4521825611591339,-0.009125178679823875,0.5774534344673157,0.3765440285205841,-0.023674946278333664,0.5772028565406799,0.3309464752674103,-0.037649720907211304,0.579413890838623,0.29027870297431946,-0.04792207106947899,0.6075555086135864,0.446511834859848,-0.010389847680926323,0.6062580347061157,0.3605332374572754,-0.02090785652399063,0.6057448983192444,0.30705806612968445,-0.03177836537361145,0.6054442524909973,0.26028192043304443,-0.04019199684262276,0.6333325505256653,0.4579726755619049,-0.01537045743316412,0.6315172910690308,0.38101109862327576,-0.024836696684360504,0.6296544671058655,0.33521735668182373,-0.030332215130329132,0.6275173425674438,0.29493463039398193,-0.03523716703057289,0.6611487865447998,0.4832836985588074,-0.02338726446032524,0.6658588647842407,0.42778438329696655,-0.030711647123098373,0.6670040488243103,0.39258718490600586,-0.03247237950563431,0.6670847535133362,0.3599866032600403,-0.034094978123903275,open_palm,RRQ_p29,RRQ
0.23258158564567566,0.773335337638855,2.9724211003667733e-07,0.2807498574256897,0.7395839691162109,-0.025301087647676468,0.3103209435939789,0.6804800033569336,-0.0369524322450161,0.31327465176582336,0.6231049299240112,-0.04658486694097519,0.3215375244617462,0.57496577501297,-0.05575048178434372,0.2765207886695862,0.5900478959083557,-0.023918302729725838,0.273443341255188,0.5133969187736511,-0.04289045184850693,0.2684454321861267,0.4655967056751251,-0.0571100190281868,0.263113409280777,0.42337924242019653,-0.0669979453086853,0.24417807161808014,0.5863844156265259,-0.024415789172053337,0.24331066012382507,0.5015354156494141,-0.04159006476402283,0.24108414351940155,0.44464367628097534,-0.055135369300842285,0.23863832652568817,0.3967800438404083,-0.064439557492733,0.21512794494628906,0.5991011261940002,-0.02794037014245987,0.21190448105335236,0.5192761421203613,-0.04462773725390434,0.21123361587524414,0.46995317935943604,-0.05531279742717743,0.21111048758029938,0.4274783432483673,-0.06221076101064682,0.18697147071361542,0.6262462139129639,-0.03380979597568512,0.181061252951622,0.5694686770439148,-0.0496220588684082,0.17886167764663696,0.5324093699455261,-0.056787069886922836,0.17739179730415344,0.4985143542289734,-0.060711026191711426,open_palm,RRQ_p29,RRQ
0.12215575575828552,0.6194645166397095,3.7049906609354366e-07,0.16474881768226624,0.5814728736877441,-0.02943534590303898,0.18816177546977997,0.5183855891227722,-0.04156061261892319,0.18600937724113464,0.45763808488845825,-0.05090077221393585,0.19852900505065918,0.40784722566604614,-0.05892030522227287,0.1529489904642105,0.4242739975452423,-0.018120435997843742,0.15291358530521393,0.347528338432312,-0.03538554906845093,0.1501588672399521,0.29984426498413086,-0.049695540219545364,0.1466992199420929,0.25739407539367676,-0.059585023671388626,0.12096630036830902,0.41948068141937256,-0.015073001384735107,0.12178441882133484,0.33411622047424316,-0.029517222195863724,0.12020312994718552,0.2794860899448395,-0.041721757501363754,0.11899139732122421,0.23294521868228912,-0.050079185515642166,0.09314192831516266,0.4299166798591614,-0.016087505966424942,0.09215657413005829,0.3534140884876251,-0.030146319419145584,0.09362627565860748,0.30438125133514404,-0.038800373673439026,0.09625032544136047,0.2626112997531891,-0.04425085335969925,0.06580035388469696,0.45442748069763184,-0.020215904340147972,0.06282088905572891,0.3969782888889313,-0.032405879348516464,0.06433622539043427,0.35981518030166626,-0.036736831068992615,0.06732089817523956,0.32510995864868164,-0.038827791810035706,open_palm,RRQ_p29,RRQ
0.573386013507843,0.5399112701416016,2.5314341201010393e-07,0.621977686882019,0.5152949690818787,-0.0214200671762228,0.6493285298347473,0.454762727022171,-0.030318161472678185,0.659424364566803,0.39708787202835083,-0.037830181419849396,0.6737510561943054,0.3521214425563812,-0.04510540887713432,0.6357704997062683,0.3598184287548065,-0.018526745960116386,0.6428130269050598,0.2836792469024658,-0.03584219887852669,0.6454828977584839,0.23662590980529785,-0.049234941601753235,0.6470382213592529,0.19503270089626312,-0.05864463374018669,0.609085202217102,0.3518049120903015,-0.01983010582625866,0.6179615259170532,0.26731905341148376,-0.03505105897784233,0.6231468319892883,0.21215525269508362,-0.04660661146044731,0.6266556978225708,0.16515640914440155,-0.05452298745512962,0.5825465321540833,0.3606727123260498,-0.024186430498957634,0.5885280966758728,0.2810749411582947,-0.03919593244791031,0.5940355658531189,0.23079106211662292,-0.04794705659151077,0.5991522073745728,0.1869848221540451,-0.05355274677276611,0.5547025203704834,0.38326296210289,-0.030744263902306557,0.5550497174263,0.3251245319843292,-0.04510650038719177,0.5595091581344604,0.28697606921195984,-0.05103592574596405,0.5649193525314331,0.25156062841415405,-0.05426827818155289,open_palm,RRQ_p29,RRQ
0.5820566415786743,0.8051987290382385,2.296649199706735e-07,0.6317957639694214,0.7869367599487305,-0.022541018202900887,0.6655402779579163,0.733357846736908,-0.034518979489803314,0.6808188557624817,0.6785867810249329,-0.044903647154569626,0.699853777885437,0.6355897784233093,-0.05543225631117821,0.6577660441398621,0.6415048241615295,-0.027021275833249092,0.6649155616760254,0.5646771788597107,-0.04740757495164871,0.666659951210022,0.5171011090278625,-0.06200852990150452,0.6671099066734314,0.4742366373538971,-0.07208902388811111,0.6299474835395813,0.6322112679481506,-0.029479846358299255,0.6394409537315369,0.546498715877533,-0.04830750823020935,0.6440639495849609,0.4909329116344452,-0.06149926036596298,0.646513819694519,0.44262853264808655,-0.07054714858531952,0.6011859178543091,0.6394704580307007,-0.03451508656144142,0.6066218614578247,0.5600275993347168,-0.052240222692489624,0.6115865111351013,0.5103691220283508,-0.0614449568092823,0.616050660610199,0.46621549129486084,-0.06726344674825668,0.5699678659439087,0.6590844988822937,-0.04158908873796463,0.5740372538566589,0.5978202223777771,-0.05756091699004173,0.5792381763458252,0.5591486692428589,-0.06374642997980118,0.5844665765762329,0.5233850479125977,-0.0671757385134697,open_palm,RRQ_p29,RRQ
0.4238632917404175,0.73321133852005,4.1010736140378867e-07,0.472586452960968,0.7052046656608582,-0.02501899003982544,0.5115062594413757,0.6529905200004578,-0.03976301848888397,0.5434635877609253,0.610289990901947,-0.0528242364525795,0.5711560249328613,0.5781179666519165,-0.06667773425579071,0.4703601002693176,0.5625172853469849,-0.03564177826046944,0.4828508198261261,0.48419034481048584,-0.05723843723535538,0.4873567223548889,0.43447744846343994,-0.07223404943943024,0.4884881377220154,0.39119991660118103,-0.08281880617141724,0.43724462389945984,0.5573129057884216,-0.03863660991191864,0.4424668252468109,0.46811825037002563,-0.058744724839925766,0.4423295855522156,0.4099889099597931,-0.07309406250715256,0.4389932155609131,0.36190611124038696,-0.08314528316259384,0.40595129132270813,0.5712303519248962,-0.04394042491912842,0.4000450074672699,0.4889369010925293,-0.06403055787086487,0.39558088779449463,0.43425247073173523,-0.07733802497386932,0.3915347456932068,0.3870827853679657,-0.08616821467876434,0.3764727711677551,0.5999313592910767,-0.05113094672560692,0.3557758927345276,0.5455003380775452,-0.07073250412940979,0.34193387627601624,0.5084491968154907,-0.07979636639356613,0.3309297561645508,0.4724707305431366,-0.08515762537717819,open_palm,RRQ_p29,RRQ
0.2416190356016159,0.695310115814209,5.028639975535043e-07,0.2892206311225891,0.6617695093154907,-0.030859356746077538,0.32889336347579956,0.608248233795166,-0.047432638704776764,0.3615870773792267,0.5651010274887085,-0.06139815226197243,0.38889867067337036,0.5330444574356079,-0.07543706148862839,0.2697257399559021,0.5147054195404053,-0.03225741162896156,0.2764955759048462,0.4385225772857666,-0.05203661322593689,0.2786024212837219,0.39032691717147827,-0.06759188324213028,0.27946993708610535,0.3481806516647339,-0.07868895679712296,0.23571772873401642,0.5116367340087891,-0.031236371025443077,0.23502027988433838,0.42486682534217834,-0.04827885329723358,0.2340104579925537,0.3684902787208557,-0.06266076862812042,0.2324211299419403,0.32228344678878784,-0.07316233962774277,0.20552118122577667,0.5262537598609924,-0.03342132642865181,0.19997179508209229,0.44564786553382874,-0.050620537251234055,0.19933730363845825,0.39493119716644287,-0.06340258568525314,0.19917604327201843,0.3513137102127075,-0.07188725471496582,0.17792129516601562,0.5548564791679382,-0.038363017141819,0.16272585093975067,0.4993094205856323,-0.05491394177079201,0.15344694256782532,0.46177393198013306,-0.06295405328273773,0.1462230086326599,0.42573046684265137,-0.0677139088511467,open_palm,RRQ_p29,RRQ
0.640712559223175,0.5237829089164734,2.1477434586358868e-07,0.6932167410850525,0.5126932859420776,-0.017499836161732674,0.7355350255966187,0.4663510024547577,-0.026092439889907837,0.7662041187286377,0.42918556928634644,-0.03416190296411514,0.7917006015777588,0.4046865999698639,-0.043327830731868744,0.7266395688056946,0.3614705204963684,-0.025098485872149467,0.7467519044876099,0.2880420684814453,-0.04308709129691124,0.7555280923843384,0.2402382642030716,-0.05656425654888153,0.760539710521698,0.1991724967956543,-0.06668289005756378,0.6981024742126465,0.34822919964790344,-0.030431803315877914,0.7129413485527039,0.2646650969982147,-0.04732430353760719,0.7198796272277832,0.21043506264686584,-0.06122796982526779,0.7226777672767639,0.16501908004283905,-0.07152524590492249,0.667521595954895,0.35498911142349243,-0.037576764822006226,0.6780070662498474,0.27473732829093933,-0.0553969107568264,0.6815298795700073,0.22423692047595978,-0.06874562799930573,0.6832594275474548,0.1807069033384323,-0.0780433863401413,0.6348640322685242,0.3774646520614624,-0.046006523072719574,0.6273688077926636,0.31952542066574097,-0.06497408449649811,0.6227440237998962,0.2799229621887207,-0.07472394406795502,0.6193400025367737,0.2434983253479004,-0.08066222071647644,open_palm,RRQ_p29,RRQ
0.5093387961387634,0.7693312168121338,2.953529474325478e-07,0.5553933382034302,0.7459621429443359,-0.020145531743764877,0.5940857529640198,0.6990166902542114,-0.03226756304502487,0.6262789368629456,0.6652743816375732,-0.043339285999536514,0.654778242111206,0.6416316628456116,-0.055664192885160446,0.5664544105529785,0.605421245098114,-0.030110927298665047,0.5763413906097412,0.5317504405975342,-0.04833444207906723,0.5816137194633484,0.48719698190689087,-0.061594896018505096,0.5850768685340881,0.4478472173213959,-0.07146073877811432,0.5352305769920349,0.5983441472053528,-0.034425653517246246,0.5379193425178528,0.5168995261192322,-0.0511682964861393,0.5388815999031067,0.4660498797893524,-0.06441579014062881,0.53775554895401,0.4230045676231384,-0.07438918203115463,0.5044205784797668,0.609592616558075,-0.040601570159196854,0.5055128931999207,0.5333524346351624,-0.05790222808718681,0.5069204568862915,0.4831106960773468,-0.07084307819604874,0.507567286491394,0.43841248750686646,-0.08008278161287308,0.47400379180908203,0.6355751156806946,-0.04824712127447128,0.45976418256759644,0.5808287858963013,-0.06628353148698807,0.4504396915435791,0.5436903834342957,-0.07520229369401932,0.4425694942474365,0.5078413486480713,-0.0808129608631134,open_palm,RRQ_p29,RRQ
0.20167681574821472,0.7297329306602478,-2.978684676691046e-07,0.2194235920906067,0.6479103565216064,-0.0007214675424620509,0.2514268457889557,0.5759625434875488,-0.010080376639962196,0.2665330171585083,0.5149068832397461,-0.020619189366698265,0.2692338526248932,0.4639115333557129,-0.029039006680250168,0.30940869450569153,0.6010697484016418,-0.016589166596531868,0.3721000552177429,0.6029160618782043,-0.027040589600801468,0.34951508045196533,0.6124633550643921,-0.031712256371974945,0.3224981129169464,0.6146356463432312,-0.03284246101975441,0.3166356682777405,0.6547929644584656,-0.021761208772659302,0.3715154826641083,0.6476737260818481,-0.02214578539133072,0.3520232141017914,0.651535153388977,-0.018472066149115562,0.32826337218284607,0.6559308767318726,-0.018215788528323174,0.31864821910858154,0.7056767344474792,-0.026362089440226555,0.36913907527923584,0.6921424865722656,-0.022613724693655968,0.35188010334968567,0.6940025687217712,-0.011646693572402,0.32907339930534363,0.6983951926231384,-0.0073064169846475124,0.3182313144207001,0.7493368983268738,-0.030957652255892754,0.36037948727607727,0.7299270033836365,-0.023619988933205605,0.3454885482788086,0.7295369505882263,-0.009902498684823513,0.32698166370391846,0.7348213195800781,-0.0014709151582792401,thumbs_up,RRQ_p29,RRQ
0.1089773178100586,0.6683931946754456,-2.458951087191963e-07,0.1245267316699028,0.5863136649131775,-0.002506690565496683,0.15668398141860962,0.5031799077987671,-0.0161017756909132,0.16200189292430878,0.4344538748264313,-0.03049122355878353,0.15397360920906067,0.376510351896286,-0.04256409779191017,0.21238897740840912,0.5252999067306519,-0.030643586069345474,0.2857125997543335,0.5409262180328369,-0.0450093075633049,0.26510775089263916,0.5479651689529419,-0.04910172149538994,0.23847094178199768,0.5453630089759827,-0.04989568516612053,0.21550410985946655,0.5790544152259827,-0.038411445915699005,0.2869660258293152,0.5871967673301697,-0.04180602729320526,0.26493343710899353,0.588331401348114,-0.03384656831622124,0.2385435700416565,0.5881440043449402,-0.031343765556812286,0.2152799665927887,0.6323422789573669,-0.04555347561836243,0.2816801965236664,0.6323831081390381,-0.044213905930519104,0.2606588900089264,0.6338818073272705,-0.02789851650595665,0.2344302386045456,0.6351632475852966,-0.020661208778619766,0.21302391588687897,0.6806507110595703,-0.05299365520477295,0.2715170085430145,0.672146737575531,-0.0470801405608654,0.2531968951225281,0.671917200088501,-0.03038908913731575,0.22845861315727234,0.6736803650856018,-0.020718801766633987,thumbs_up,RRQ_p29,RRQ
0.43264248967170715,0.6879274249076843,-2.566102921264246e-07,0.44925495982170105,0.6092081069946289,-0.00257536256685853,0.473513126373291,0.5464169979095459,-0.01365229394286871,0.48954302072525024,0.488450288772583,-0.024407891556620598,0.49426472187042236,0.44077956676483154,-0.03295021131634712,0.5513007044792175,0.5695499181747437,-0.014116139151155949,0.5862069725990295,0.5727444887161255,-0.01352471299469471,0.5678532123565674,0.5865760445594788,-0.012526396661996841,0.5483134388923645,0.5913724303245544,-0.012691929936408997,0.5622119307518005,0.6192834973335266,-0.016106421127915382,0.5869976282119751,0.6186928153038025,-0.007176890503615141,0.5691174268722534,0.626050591468811,-0.0019821948371827602,0.5498344898223877,0.6301110982894897,-0.0028442537877708673,0.5622598528862,0.6666356921195984,-0.016572754830121994,0.5825918316841125,0.6596224308013916,-0.00576638150960207,0.5690672397613525,0.6650407910346985,0.002999835181981325,0.5499659776687622,0.6688950657844543,0.0035739364102482796,0.5583545565605164,0.7080116271972656,-0.01731519214808941,0.5758792757987976,0.6954376697540283,-0.00824232492595911,0.5618055462837219,0.6988030076026917,0.0028672944754362106,0.54562908411026,0.7032497525215149,0.009228509850800037,thumbs_up,RRQ_p29,RRQ
0.1991913914680481,0.8646289110183716,-3.242904540456948e-07,0.23911471664905548,0.7726013660430908,-0.02156827785074711,0.26806890964508057,0.6770042181015015,-0.036605894565582275,0.2765706777572632,0.6083263158798218,-0.0490872785449028,0.2832740247249603,0.5501197576522827,-0.05822344869375229,0.2232738733291626,0.7034685015678406,-0.04943039268255234,0.3150630593299866,0.7133018970489502,-0.08057147264480591,0.2987242341041565,0.7338141202926636,-0.0952816978096962,0.2691495418548584,0.7229108214378357,-0.105240598320961,0.2088811695575714,0.764422595500946,-0.05431224778294563,0.3185781240463257,0.7623531818389893,-0.0791921615600586,0.29416754841804504,0.776471734046936,-0.07915152609348297,0.2634316682815552,0.7736075520515442,-0.0834510549902916,0.20636974275112152,0.8202965259552002,-0.06174931675195694,0.30851811170578003,0.8168471455574036,-0.08095397055149078,0.2836061418056488,0.826649010181427,-0.07073747366666794,0.25709089636802673,0.8246967196464539,-0.06717193871736526,0.21088537573814392,0.868709146976471,-0.07183673977851868,0.2842206656932831,0.8645355701446533,-0.08115877211093903,0.26577866077423096,0.8672671914100647,-0.07577435672283173,0.23960046470165253,0.864759624004364,-0.0755060613155365,thumbs_up,RRQ_p29,RRQ
0.4145573377609253,0.5802492499351501,-2.5758728838809475e-07,0.43520623445510864,0.5080884695053101,-0.005917953327298164,0.47637227177619934,0.4253346621990204,-0.0188188087195158,0.5017504692077637,0.3641214668750763,-0.030583614483475685,0.516539990901947,0.31130868196487427,-0.03925297036767006,0.490424782037735,0.4375392198562622,-0.04646804928779602,0.5741040706634521,0.4390455484390259,-0.06866820901632309,0.5536493062973022,0.45131999254226685,-0.07373765856027603,0.5245133638381958,0.4541020095348358,-0.07356949150562286,0.49020612239837646,0.4920583665370941,-0.05313998833298683,0.5751397609710693,0.4872184693813324,-0.06619077175855637,0.5509682893753052,0.49506255984306335,-0.05741700530052185,0.5222502946853638,0.49928945302963257,-0.052326351404190063,0.49179962277412415,0.5478525161743164,-0.058968685567379,0.5689902305603027,0.5379971265792847,-0.06618718802928925,0.5439504384994507,0.5431603193283081,-0.04603256285190582,0.5165997743606567,0.5473133325576782,-0.03408612683415413,0.49438703060150146,0.6012603044509888,-0.06487282365560532,0.5540581345558167,0.5826800465583801,-0.06368106603622437,0.5309188961982727,0.5852171778678894,-0.04546437785029411,0.5052701234817505,0.58934485912323,-0.03393840417265892,thumbs_up,RRQ_p29,RRQ
0.18085965514183044,0.781871497631073,-2.01822700773846e-07,0.1805877387523651,0.6930840015411377,-0.006069365888834,0.193984717130661,0.6168679594993591,-0.019396135583519936,0.20384837687015533,0.5487471222877502,-0.03278164193034172,0.20723755657672882,0.49609360098838806,-0.045318033546209335,0.2742578983306885,0.6259986162185669,-0.0226344745606184,0.33138638734817505,0.6016931533813477,-0.029665667563676834,0.3341061472892761,0.6091251969337463,-0.03235548734664917,0.3309664726257324,0.6161054968833923,-0.03367776796221733,0.29621824622154236,0.6790990829467773,-0.023870620876550674,0.3289923667907715,0.6574081182479858,-0.025583917275071144,0.3081398606300354,0.666061520576477,-0.02214222587645054,0.2867561876773834,0.6787281632423401,-0.021030792966485023,0.30564096570014954,0.7307795882225037,-0.024200912564992905,0.3286341726779938,0.7056116461753845,-0.021605487912893295,0.31225648522377014,0.7118380069732666,-0.013296317309141159,0.2918102741241455,0.72408527135849,-0.01026392076164484,0.31057241559028625,0.7745213508605957,-0.02468954212963581,0.32637661695480347,0.7452645301818848,-0.019693057984113693,0.31096169352531433,0.7484028339385986,-0.009164267219603062,0.29395511746406555,0.7582998871803284,-0.0018206601962447166,thumbs_up,RRQ_p29,RRQ
0.2382928431034088,0.7759525775909424,-3.0989559718364035e-07,0.2614520788192749,0.7012123465538025,-0.04157194122672081,0.24973824620246887,0.6196172833442688,-0.0659201443195343,0.23883481323719025,0.5582464933395386,-0.08555403351783752,0.23267190158367157,0.49901580810546875,-0.10076970607042313,0.15849599242210388,0.6501315236091614,-0.055220458656549454,0.19202449917793274,0.6778956651687622,-0.0893927738070488,0.2374512255191803,0.6870656609535217,-0.10464723408222198,0.2507825493812561,0.6806178689002991,-0.11176033318042755,0.13543474674224854,0.7092585563659668,-0.04920952022075653,0.1899232715368271,0.7377603054046631,-0.07837104797363281,0.23700669407844543,0.7364451885223389,-0.07793490588665009,0.24718263745307922,0.7237686514854431,-0.07523039728403091,0.13123954832553864,0.765984058380127,-0.047794125974178314,0.18121720850467682,0.7868018746376038,-0.073708675801754,0.22295957803726196,0.7788206934928894,-0.06008008494973183,0.2338230162858963,0.7633932828903198,-0.0477469228208065,0.1352161169052124,0.8175849318504333,-0.051261793822050095,0.17363490164279938,0.8298161625862122,-0.0675211027264595,0.20473457872867584,0.823695182800293,-0.059862177819013596,0.21266356110572815,0.813499927520752,-0.05096207931637764,thumbs_up,RRQ_p29,RRQ
0.5363227725028992,0.8260960578918457,-4.746024018231765e-08,0.5188038945198059,0.7391085028648376,-0.004372669383883476,0.4852065145969391,0.662407636642456,-0.016965605318546295,0.46517089009284973,0.5960417985916138,-0.02890564128756523,0.4701634645462036,0.5377693176269531,-0.041276201605796814,0.4342058002948761,0.6762171387672424,-0.03499653562903404,0.3751183748245239,0.6860384345054626,-0.04358185827732086,0.39495226740837097,0.6919735074043274,-0.044662777334451675,0.41851893067359924,0.6927998661994934,-0.044874534010887146,0.42692801356315613,0.7339398860931396,-0.040504105389118195,0.3651111125946045,0.7303973436355591,-0.04494338110089302,0.3869503438472748,0.7327436208724976,-0.039820678532123566,0.41238534450531006,0.7372795939445496,-0.03817932307720184,0.4255918264389038,0.7898634076118469,-0.044023968279361725,0.3701847195625305,0.776093065738678,-0.04657812789082527,0.3909851312637329,0.7757316827774048,-0.034587666392326355,0.41520190238952637,0.7803685665130615,-0.028479360044002533,0.4286907911300659,0.8410094380378723,-0.047429561614990234,0.3847988545894623,0.8195857405662537,-0.048292819410562515,0.4041605591773987,0.8184841275215149,-0.03571412339806557,0.42416852712631226,0.8238904476165771,-0.02671799622476101,thumbs_up,RRQ_p29,RRQ
0.648887038230896,0.5485723614692688,-3.209266878911876e-07,0.6333237290382385,0.4779542088508606,-0.002212303224951029,0.6071462035179138,0.3923242688179016,-0.013350808061659336,0.5985584259033203,0.324581503868103,-0.024843202903866768,0.6099774241447449,0.2671193480491638,-0.03640500083565712,0.5998401641845703,0.38322317600250244,-0.03421114385128021,0.5229475498199463,0.39830639958381653,-0.055914707481861115,0.5380403995513916,0.42144060134887695,-0.06403633952140808,0.563498318195343,0.41767531633377075,-0.06779104471206665,0.6035889983177185,0.4279309809207916,-0.04375574365258217,0.5172882676124573,0.44913914799690247,-0.0625685304403305,0.5378961563110352,0.4611714482307434,-0.058755937963724136,0.5650460720062256,0.4554968476295471,-0.056942760944366455,0.6060418486595154,0.47661644220352173,-0.05345052853226662,0.5280797481536865,0.4882345497608185,-0.07092363387346268,0.5482139587402344,0.4965648949146271,-0.059039484709501266,0.5729056596755981,0.4904744625091553,-0.05058915540575981,0.6079337000846863,0.5232284069061279,-0.06278590857982635,0.5457211136817932,0.5260752439498901,-0.07486620545387268,0.5625580549240112,0.5296189785003662,-0.06763999164104462,0.5856288075447083,0.5254438519477844,-0.061259351670742035,thumbs_up,RRQ_p29,RRQ
0.5446146726608276,0.7428179979324341,-6.02971056196111e-07,0.5301871299743652,0.6702184677124023,-0.030629824846982956,0.5528587102890015,0.5880917310714722,-0.041886106133461,0.5725151896476746,0.5329093337059021,-0.04792581871151924,0.5847984552383423,0.4791662096977234,-0.049249667674303055,0.6300485730171204,0.602820634841919,-0.029607363045215607,0.5628913640975952,0.6242206692695618,-0.05102258920669556,0.5405693054199219,0.6492396593093872,-0.06378886103630066,0.5480717420578003,0.6580396294593811,-0.07265006005764008,0.6506475806236267,0.6536405682563782,-0.025711245834827423,0.5686355829238892,0.6803960204124451,-0.043988265097141266,0.5522750020027161,0.6913545727729797,-0.049227792769670486,0.5632750391960144,0.6912295818328857,-0.053431376814842224,0.6551533341407776,0.7093794941902161,-0.02532557211816311,0.5795034766197205,0.7271257042884827,-0.04570496454834938,0.5653789639472961,0.7320697903633118,-0.04176086187362671,0.5795186161994934,0.7283372282981873,-0.03822636976838112,0.6512472629547119,0.7601863145828247,-0.028457609936594963,0.5924336910247803,0.7696129083633423,-0.04510955885052681,0.5789528489112854,0.7725430727005005,-0.04466019943356514,0.5911234617233276,0.771218478679657,-0.042192284017801285,thumbs_up,RRQ_p29,RRQ
0.44114527106285095,0.8097122311592102,-1.5347424664469145e-08,0.42477041482925415,0.7249035239219666,-0.009063207544386387,0.38834241032600403,0.6545795202255249,-0.02201673947274685,0.3561900556087494,0.5983172655105591,-0.033198755234479904,0.34642916917800903,0.5443819165229797,-0.04390072077512741,0.33480304479599,0.6875924468040466,-0.0333516001701355,0.28813639283180237,0.6843540072441101,-0.046663958579301834,0.3123442232608795,0.6837573051452637,-0.05283842608332634,0.3369237184524536,0.6893602013587952,-0.05525197088718414,0.326770544052124,0.7480065226554871,-0.035789597779512405,0.26698410511016846,0.7344992756843567,-0.04326167330145836,0.2899197041988373,0.7286970019340515,-0.04222555458545685,0.31677907705307007,0.7354564070701599,-0.041996151208877563,0.3267233073711395,0.8033429384231567,-0.03716634213924408,0.272588312625885,0.7856582403182983,-0.042273007333278656,0.292750746011734,0.7779735922813416,-0.033210866153240204,0.3160691261291504,0.7830541133880615,-0.02782697044312954,0.3321884870529175,0.8510558605194092,-0.038660209625959396,0.2899083197116852,0.8289716243743896,-0.04108380153775215,0.3072276711463928,0.8198091387748718,-0.03016609698534012,0.32565608620643616,0.8226189613342285,-0.02166358195245266,thumbs_up,RRQ_p29,RRQ
0.24956992268562317,0.7131755352020264,4.377997697702085e-08,0.24140679836273193,0.617475152015686,-0.003863309510052204,0.21059827506542206,0.5531410574913025,-0.007814846001565456,0.17005382478237152,0.5026488304138184,-0.00972039345651865,0.15201903879642487,0.4517003893852234,-0.009631953202188015,0.11879126727581024,0.5778942704200745,-0.0071645090356469154,0.0817280262708664,0.5693099498748779,0.00230647181160748,0.10332505404949188,0.5748807787895203,0.00976216048002243,0.12341472506523132,0.5827363133430481,0.013499980792403221,0.10399500280618668,0.6367788910865784,-0.005628925748169422,0.06346788257360458,0.6161502003669739,0.007857214659452438,0.08697967976331711,0.6167107224464417,0.016219450160861015,0.11046499013900757,0.6261435747146606,0.01907883957028389,0.10358589887619019,0.6924340724945068,-0.0025039154570549726,0.07143808901309967,0.668422281742096,0.009431755170226097,0.09144482016563416,0.6676977276802063,0.018413813784718513,0.11273854970932007,0.6769104599952698,0.020518815144896507,0.11020666360855103,0.7391581535339355,0.000478675909107551,0.08574233204126358,0.7151380777359009,0.009543881751596928,0.10439145565032959,0.7131979465484619,0.02021878771483898,0.1211782842874527,0.718213677406311,0.0271164420992136,thumbs_up,RRQ_p29,RRQ
0.6360435485839844,0.5410212278366089,-4.122178154375433e-07,0.6212959289550781,0.4558202922344208,-0.012870456092059612,0.6314563751220703,0.3784961700439453,-0.017678648233413696,0.6483254432678223,0.3256045877933502,-0.02123841643333435,0.6608076691627502,0.2808186411857605,-0.02106824330985546,0.686814546585083,0.35900595784187317,-0.00986269861459732,0.6173418760299683,0.352885901927948,-0.029682379215955734,0.6077030897140503,0.38640570640563965,-0.04057677462697029,0.624835193157196,0.39806225895881653,-0.04595459997653961,0.6993159651756287,0.3954845666885376,-0.012751038186252117,0.616942286491394,0.3936150372028351,-0.029088404029607773,0.6118106245994568,0.4230830669403076,-0.030392736196517944,0.6279280185699463,0.4330528676509857,-0.029791543260216713,0.7008318305015564,0.43861302733421326,-0.018999572843313217,0.6233848929405212,0.435596227645874,-0.03585675358772278,0.6175920963287354,0.4579882025718689,-0.029698453843593597,0.6315505504608154,0.4655495285987854,-0.023031996563076973,0.6946631669998169,0.4832638204097748,-0.02714587189257145,0.6355298757553101,0.47697174549102783,-0.03856463357806206,0.6293200850486755,0.49076420068740845,-0.036014750599861145,0.6410194039344788,0.500001847743988,-0.030903343111276627,thumbs_up,RRQ_p29,RRQ
0.5938009023666382,0.6902032494544983,-1.563359148804011e-07,0.5825530886650085,0.6097992658615112,0.0007077208138071001,0.5537095069885254,0.5256326794624329,-0.009193483740091324,0.5432078838348389,0.45856285095214844,-0.019470466300845146,0.5531542301177979,0.4061509370803833,-0.030884260311722755,0.5239038467407227,0.531326413154602,-0.035822395235300064,0.45609575510025024,0.5225949883460999,-0.0491817481815815,0.4646415412425995,0.5338457822799683,-0.05135902017354965,0.4845582842826843,0.5402984023094177,-0.05108461156487465,0.5145763158798218,0.5798094272613525,-0.04435035213828087,0.4415125846862793,0.5668075680732727,-0.055215027183294296,0.45997658371925354,0.5778827667236328,-0.05034294351935387,0.48490461707115173,0.5871976017951965,-0.04740370437502861,0.5082212686538696,0.6302335262298584,-0.0508284866809845,0.4409015476703644,0.6152049899101257,-0.058948297053575516,0.46196261048316956,0.6203534603118896,-0.04619087278842926,0.4869121015071869,0.6279027462005615,-0.038159240037202835,0.5033599734306335,0.6797131896018982,-0.0566670224070549,0.45122653245925903,0.6584174036979675,-0.06208190321922302,0.46923044323921204,0.6594604253768921,-0.05103182792663574,0.48953843116760254,0.6647338271141052,-0.04253876581788063,thumbs_up,RRQ_p29,RRQ
0.601923942565918,0.6576118469238281,-6.14701832546416e-07,0.5863811373710632,0.587876558303833,-0.020373864099383354,0.6134237051010132,0.5048027038574219,-0.026510287076234818,0.6403072476387024,0.45106780529022217,-0.03197133168578148,0.6496675610542297,0.4014245271682739,-0.0329449363052845,0.6964027285575867,0.4898497760295868,-0.00012109626550227404,0.6837096214294434,0.4609149694442749,-0.028402959927916527,0.6475463509559631,0.5028446912765503,-0.0457584373652935,0.6289132237434387,0.5345326662063599,-0.05299665778875351,0.7209144830703735,0.5266258716583252,-0.0009485897608101368,0.6940502524375916,0.5053884983062744,-0.027006732299923897,0.6495075225830078,0.5499799847602844,-0.03195074200630188,0.6367291808128357,0.5751321911811829,-0.027995625510811806,0.7309755682945251,0.5724738240242004,-0.00781422108411789,0.6968703866004944,0.558122456073761,-0.03401296213269234,0.6556611657142639,0.5908836722373962,-0.0258187223225832,0.6480908393859863,0.6087930202484131,-0.012744385749101639,0.7334361672401428,0.6211338043212891,-0.017220210283994675,0.7037414908409119,0.6065290570259094,-0.030890027061104774,0.6737840175628662,0.6217835545539856,-0.023499244824051857,0.6707838177680969,0.631199836730957,-0.01300697959959507,thumbs_up,RRQ_p29,RRQ
0.18546392023563385,0.8121962547302246,3.9329398759946343e-07,0.2338603138923645,0.7875252962112427,-0.024369122460484505,0.2623649835586548,0.7499819397926331,-0.038804054260253906,0.2435503602027893,0.7264478802680969,-0.05403856933116913,0.2101077437400818,0.7113907337188721,-0.06710100919008255,0.24876825511455536,0.6258560419082642,-0.026059962809085846,0.26421889662742615,0.5439870357513428,-0.0477360300719738,0.27297118306159973,0.4951949715614319,-0.0584736168384552,0.276187926530838,0.4520851671695709,-0.06450050324201584,0.20803439617156982,0.6276361346244812,-0.03065262921154499,0.18147292733192444,0.5452215671539307,-0.06058966740965843,0.16488346457481384,0.48969465494155884,-0.07633759081363678,0.1487000584602356,0.443892240524292,-0.08132389932870865,0.17755362391471863,0.6559926271438599,-0.037626784294843674,0.19005827605724335,0.6604446172714233,-0.07508603483438492,0.2145506739616394,0.7024951577186584,-0.08436941355466843,0.22464533150196075,0.7261052131652832,-0.07877849042415619,0.15808001160621643,0.6970760822296143,-0.04634375870227814,0.18563705682754517,0.7233185768127441,-0.07075478881597519,0.20354773104190826,0.7494364976882935,-0.07361796498298645,0.20854000747203827,0.7603085041046143,-0.06855201721191406,peace_sign,RRQ_p29,RRQ
0.18992309272289276,0.6700646877288818,6.212681000761222e-07,0.22016960382461548,0.6428511142730713,-0.03294258192181587,0.22644475102424622,0.5960720181465149,-0.05064605176448822,0.1894731968641281,0.568058431148529,-0.06750902533531189,0.15482576191425323,0.5388468503952026,-0.08199552446603775,0.2081989347934723,0.4796984791755676,-0.025736063718795776,0.22225674986839294,0.4015789031982422,-0.05273881554603577,0.22883740067481995,0.3502194881439209,-0.06949949264526367,0.23144350945949554,0.3074330687522888,-0.07923956215381622,0.17204324901103973,0.48363617062568665,-0.028292188420891762,0.148784339427948,0.3921566605567932,-0.05838746950030327,0.13567377626895905,0.334994375705719,-0.07657954096794128,0.12317155301570892,0.2848042845726013,-0.08411388099193573,0.14711816608905792,0.5139474868774414,-0.034797538071870804,0.12719789147377014,0.48584529757499695,-0.07814614474773407,0.15018011629581451,0.529851496219635,-0.08784939348697662,0.16701136529445648,0.5584987998008728,-0.08169453591108322,0.13159382343292236,0.5587518215179443,-0.043446414172649384,0.12452684342861176,0.5546990036964417,-0.07901155948638916,0.14495760202407837,0.585786759853363,-0.08260376006364822,0.16144508123397827,0.6057425737380981,-0.07610418647527695,peace_sign,RRQ_p29,RRQ
0.3089704215526581,0.9213956594467163,3.7162885746511165e-07,0.35322174429893494,0.9098982214927673,-0.023659203201532364,0.3859556317329407,0.8900132775306702,-0.0393003448843956,0.371826708316803,0.8721215128898621,-0.055897485464811325,0.3405756652355194,0.8650757074356079,-0.07103535532951355,0.3802526891231537,0.7743527293205261,-0.029209556058049202,0.3982679843902588,0.694086492061615,-0.051081910729408264,0.4087834358215332,0.6472678184509277,-0.061486583203077316,0.4133896827697754,0.605880856513977,-0.06697313487529755,0.3426905870437622,0.7715670466423035,-0.03463485836982727,0.3221607804298401,0.6923202276229858,-0.06252317875623703,0.31077665090560913,0.6432371735572815,-0.07739653438329697,0.2994469106197357,0.6027909517288208,-0.08212324976921082,0.3138956129550934,0.7936331033706665,-0.042120080441236496,0.32288432121276855,0.8071742653846741,-0.07678001374006271,0.3408485949039459,0.8457174301147461,-0.08614511787891388,0.34870073199272156,0.8650522232055664,-0.08149023354053497,0.2946033775806427,0.8285744190216064,-0.0512770377099514,0.31327491998672485,0.8576123118400574,-0.0731416791677475,0.32950150966644287,0.883141040802002,-0.07462237775325775,0.3366088271141052,0.8950285315513611,-0.06908253580331802,peace_sign,RRQ_p29,RRQ
0.45434895157814026,0.7369529008865356,4.2689637780313205e-07,0.49446600675582886,0.7225815057754517,-0.022996455430984497,0.5228057503700256,0.6982970237731934,-0.038780275732278824,0.5220938920974731,0.6733497977256775,-0.055174537003040314,0.5111358761787415,0.6473873257637024,-0.06832147389650345,0.530829131603241,0.5814467668533325,-0.02568601258099079,0.5539183020591736,0.5106891989707947,-0.047680020332336426,0.5660697221755981,0.46932071447372437,-0.059334296733140945,0.5729173421859741,0.4318584203720093,-0.06567705422639847,0.495609849691391,0.5723405480384827,-0.030882662162184715,0.4923212230205536,0.48980456590652466,-0.058565158396959305,0.4927346110343933,0.4409796893596649,-0.0727832093834877,0.4910988509654999,0.3975274860858917,-0.07753144204616547,0.46386244893074036,0.5883850455284119,-0.03831767663359642,0.483673095703125,0.5971795320510864,-0.0721793994307518,0.4948442876338959,0.6456969380378723,-0.07711942493915558,0.4967312216758728,0.6716716885566711,-0.06996290385723114,0.43993306159973145,0.6205564737319946,-0.04788912460207939,0.4632883071899414,0.6503056287765503,-0.06951888650655746,0.47729241847991943,0.6814860105514526,-0.06963656842708588,0.48325297236442566,0.6944993734359741,-0.06340685486793518,peace_sign,RRQ_p29,RRQ
0.5383904576301575,0.6249871850013733,4.924876293443958e-07,0.578633725643158,0.6117103695869446,-0.026612048968672752,0.6061244010925293,0.5782137513160706,-0.042844485491514206,0.6053237318992615,0.545244038105011,-0.059641893953084946,0.6004077196121216,0.5121794939041138,-0.07294831424951553,0.614542543888092,0.4571194052696228,-0.024617379531264305,0.6393788456916809,0.382361501455307,-0.047943729907274246,0.651648223400116,0.33741676807403564,-0.06105456501245499,0.657139241695404,0.29758691787719727,-0.06833449006080627,0.5765034556388855,0.44966721534729004,-0.028855010867118835,0.5733010172843933,0.35860422253608704,-0.05887434259057045,0.5744460821151733,0.30315154790878296,-0.07510989159345627,0.5724741220474243,0.2547145485877991,-0.08075075596570969,0.5440303087234497,0.46706047654151917,-0.035951580852270126,0.5625106692314148,0.4499351680278778,-0.07448224723339081,0.5785893797874451,0.5011180639266968,-0.0809098407626152,0.5833821296691895,0.5336213707923889,-0.073326475918293,0.519620418548584,0.5003327131271362,-0.04528016224503517,0.5461102724075317,0.5198351144790649,-0.07387330383062363,0.5613977909088135,0.552861213684082,-0.07697373628616333,0.5660647749900818,0.5693909525871277,-0.07108230143785477,peace_sign,RRQ_p29,RRQ
0.45105570554733276,0.6914217472076416,3.3363190254931396e-07,0.43403956294059753,0.6070635318756104,0.008507074788212776,0.4553167521953583,0.5498036742210388,0.007884013466536999,0.48942309617996216,0.5251489281654358,0.004394074901938438,0.5154864192008972,0.5203971266746521,0.0011166143231093884,0.4765247404575348,0.5164647698402405,-0.005906627047806978,0.48518794775009155,0.42851629853248596,-0.009242750704288483,0.4897582232952118,0.38127732276916504,-0.00936840195208788,0.4946339726448059,0.34366434812545776,-0.008751249872148037,0.5081403255462646,0.5293643474578857,-0.012901458889245987,0.5342237949371338,0.43608349561691284,-0.01527147926390171,0.5541183352470398,0.38665497303009033,-0.016232898458838463,0.5723794102668762,0.35683688521385193,-0.016498180106282234,0.5279037952423096,0.5542561411857605,-0.01786479353904724,0.5456637740135193,0.5081691145896912,-0.018096642568707466,0.5284767746925354,0.521206259727478,-0.014014791697263718,0.5131769776344299,0.5435110926628113,-0.00915346946567297,0.5379816293716431,0.5798222422599792,-0.02211163565516472,0.5432896018028259,0.5481465458869934,-0.017469096928834915,0.5318777561187744,0.5555973052978516,-0.00922372192144394,0.5224531292915344,0.5713507533073425,-0.0018611060222610831,peace_sign,RRQ_p29,RRQ
0.4025787115097046,0.9079435467720032,7.137879265428637e-07,0.4463648200035095,0.8803099393844604,-0.03241559490561485,0.47306856513023376,0.8477262258529663,-0.05770779401063919,0.45146697759628296,0.8281282782554626,-0.08363381028175354,0.41402873396873474,0.8171512484550476,-0.10713014751672745,0.44667866826057434,0.7073139548301697,-0.043930549174547195,0.4602261185646057,0.6086795926094055,-0.07858908176422119,0.4662588834762573,0.5498384237289429,-0.0976279005408287,0.466642826795578,0.49855804443359375,-0.10726726800203323,0.4011247158050537,0.7142490744590759,-0.04949178174138069,0.37279167771339417,0.6155397295951843,-0.09001757204532623,0.358310341835022,0.5488235950469971,-0.11127658933401108,0.34350720047950745,0.48823121190071106,-0.11834143102169037,0.3680379092693329,0.748403787612915,-0.05747779458761215,0.3849385678768158,0.754594087600708,-0.1020834743976593,0.41303354501724243,0.7966424822807312,-0.10872580856084824,0.4231310486793518,0.8186346888542175,-0.0988156870007515,0.34724363684654236,0.7948926091194153,-0.06793288886547089,0.37541496753692627,0.8128136396408081,-0.09226923435926437,0.39732640981674194,0.8347827196121216,-0.08755321055650711,0.402319997549057,0.8428075313568115,-0.0759267583489418,peace_sign,RRQ_p29,RRQ
0.5510836839675903,1.040047526359558,7.88857278166688e-07,0.5115830898284912,1.0028969049453735,-0.029565386474132538,0.49270737171173096,0.9539013504981995,-0.05400974676012993,0.5158509612083435,0.9346387386322021,-0.08038020879030228,0.552542507648468,0.9232685565948486,-0.10558409988880157,0.5195086598396301,0.786389946937561,-0.035952627658843994,0.5125466585159302,0.6846424341201782,-0.06478024274110794,0.5089226365089417,0.6191800832748413,-0.08289182186126709,0.5085330009460449,0.5633749961853027,-0.09444642812013626,0.5637374520301819,0.7944163084030151,-0.045064572244882584,0.5866696834564209,0.689806342124939,-0.07504914700984955,0.6046971082687378,0.6186517477035522,-0.09403733909130096,0.6238241195678711,0.5576797723770142,-0.10427571833133698,0.5979917645454407,0.8351141810417175,-0.05744114890694618,0.6062936782836914,0.8042610287666321,-0.09620372951030731,0.5765023231506348,0.8609187602996826,-0.10276523232460022,0.5578159093856812,0.9038254022598267,-0.09671600908041,0.621613085269928,0.8935597538948059,-0.07229198515415192,0.6160047054290771,0.8806778192520142,-0.10102533549070358,0.5848467946052551,0.9084435701370239,-0.10014951974153519,0.5611696839332581,0.9323477745056152,-0.09269190579652786,peace_sign,RRQ_p29,RRQ
0.6013503074645996,0.8399000763893127,9.36325477596256e-07,0.5666775703430176,0.8118682503700256,-0.05036274716258049,0.5543359518051147,0.7639925479888916,-0.08423613756895065,0.597936749458313,0.7440138459205627,-0.11411089450120926,0.6455817222595215,0.7270417809486389,-0.141514390707016,0.5905581116676331,0.5959161520004272,-0.06487314403057098,0.6072602868080139,0.4933069348335266,-0.10247045755386353,0.6166581511497498,0.4263659119606018,-0.1264437735080719,0.6281428933143616,0.36587226390838623,-0.14369554817676544,0.6393843293190002,0.6020734310150146,-0.06496909260749817,0.6797751188278198,0.5020098090171814,-0.10341760516166687,0.713078498840332,0.4382580816745758,-0.12569724023342133,0.7451672554016113,0.3763681948184967,-0.13905711472034454,0.6721847057342529,0.6420707702636719,-0.06886819005012512,0.7023488879203796,0.6154326796531677,-0.11415566504001617,0.6678112745285034,0.6798415184020996,-0.11830466240644455,0.6420220136642456,0.7254036068916321,-0.11129488795995712,0.6924388408660889,0.6966700553894043,-0.07734012603759766,0.6880115270614624,0.712499737739563,-0.11689447611570358,0.6565432548522949,0.7492634057998657,-0.12158749252557755,0.6334345936775208,0.7727277874946594,-0.11726967245340347,peace_sign,RRQ_p29,RRQ
0.5634772777557373,0.8806512951850891,9.147901209871634e-07,0.5215437412261963,0.8618919253349304,-0.038442179560661316,0.4945812523365021,0.8240708112716675,-0.0670037716627121,0.5239020586013794,0.8131737112998962,-0.09460946917533875,0.5675512552261353,0.8022462129592896,-0.12125139683485031,0.49299949407577515,0.6577321887016296,-0.05704684928059578,0.4794594645500183,0.5495845079421997,-0.09268348664045334,0.47065970301628113,0.4811769425868988,-0.11487671732902527,0.4659465551376343,0.4190791845321655,-0.13033996522426605,0.5410440564155579,0.6461972594261169,-0.06315533071756363,0.5491273403167725,0.5311780571937561,-0.0981595367193222,0.5585100650787354,0.45448294281959534,-0.11872250586748123,0.5668023228645325,0.3837951719760895,-0.1312008947134018,0.5831425786018372,0.6717900633811951,-0.07210028171539307,0.6047388315200806,0.6250932812690735,-0.11454366147518158,0.5859673023223877,0.7019977569580078,-0.11975578218698502,0.56953364610672,0.7606011629104614,-0.11393139511346817,0.6161173582077026,0.7180939316749573,-0.08449749648571014,0.6181639432907104,0.738779604434967,-0.12139022350311279,0.5946792960166931,0.7908092141151428,-0.12537221610546112,0.5749645829200745,0.8265663385391235,-0.12106993049383163,peace_sign,RRQ_p29,RRQ
0.5803664922714233,0.8505206108093262,7.281316243279434e-07,0.5953450202941895,0.7465168833732605,-0.010121758095920086,0.5513501167297363,0.6552591919898987,-0.025019245222210884,0.48708903789520264,0.6082786321640015,-0.03768577426671982,0.443691611289978,0.5716404318809509,-0.050215061753988266,0.578522801399231,0.6504126787185669,-0.052366551011800766,0.5698223114013672,0.5382900238037109,-0.08383063226938248,0.5667595267295837,0.46826064586639404,-0.10122112184762955,0.563880205154419,0.4094899594783783,-0.11044034361839294,0.5431060791015625,0.6787816286087036,-0.05540238693356514,0.5029370188713074,0.5666402578353882,-0.0833386555314064,0.4792186915874481,0.49132707715034485,-0.09532525390386581,0.45958107709884644,0.4321313500404358,-0.10435999184846878,0.5046952962875366,0.7125403881072998,-0.05633063241839409,0.46004319190979004,0.6045606732368469,-0.079949289560318,0.47483915090560913,0.6043646931648254,-0.07422962039709091,0.4905291497707367,0.626193642616272,-0.06502649188041687,0.4704708755016327,0.744277834892273,-0.056898970156908035,0.44510605931282043,0.651849627494812,-0.07162947952747345,0.45845291018486023,0.6346518993377686,-0.06621317565441132,0.47140127420425415,0.6381900310516357,-0.058707963675260544,peace_sign,RRQ_p29,RRQ
0.6175011992454529,0.8356320261955261,6.756415587005904e-07,0.6442594528198242,0.7486894130706787,-0.005947690457105637,0.6249285936355591,0.6476473808288574,-0.020254671573638916,0.5762283802032471,0.580573320388794,-0.031758807599544525,0.5355948805809021,0.5372430682182312,-0.04464105889201164,0.6483006477355957,0.6118004322052002,-0.05769561231136322,0.6423031091690063,0.4738682508468628,-0.08111712336540222,0.6390364170074463,0.3990113139152527,-0.09106314927339554,0.6357524991035461,0.34023338556289673,-0.09477293491363525,0.6079692244529724,0.6295043230056763,-0.06137838214635849,0.5802977681159973,0.4875480830669403,-0.08192121237516403,0.5661027431488037,0.4082476496696472,-0.08760489523410797,0.5547957420349121,0.3508363962173462,-0.09106676280498505,0.5679687857627869,0.6530178785324097,-0.06095775216817856,0.5329845547676086,0.527611494064331,-0.0775163397192955,0.534653902053833,0.5190712809562683,-0.07206133008003235,0.5375401973724365,0.53438401222229,-0.06489824503660202,0.5331113934516907,0.6792101860046387,-0.059473056346178055,0.5188643932342529,0.5859191417694092,-0.0696733370423317,0.5346094965934753,0.5790517926216125,-0.06179514154791832,0.5488115549087524,0.5913350582122803,-0.052900832146406174,peace_sign,RRQ_p29,RRQ
0.5291157364845276,0.8600500822067261,9.265400535696244e-07,0.49627065658569336,0.8409644365310669,-0.05534191429615021,0.48589619994163513,0.79924476146698,-0.08988363295793533,0.5306251645088196,0.7757883667945862,-0.1196371391415596,0.5773755311965942,0.7499809861183167,-0.14620326459407806,0.5053674578666687,0.6248177886009216,-0.06443867087364197,0.5151985287666321,0.5186413526535034,-0.10229169577360153,0.5199152827262878,0.4499584436416626,-0.12554004788398743,0.528170108795166,0.3892979025840759,-0.14126962423324585,0.554610550403595,0.6267685890197754,-0.06194440647959709,0.5860591530799866,0.5231191515922546,-0.10048308968544006,0.6114818453788757,0.4521649479866028,-0.12308035790920258,0.6365808844566345,0.38444241881370544,-0.13584646582603455,0.5892983078956604,0.6640586256980896,-0.06417164206504822,0.618352472782135,0.6390196084976196,-0.11329628527164459,0.5897616147994995,0.7045469284057617,-0.12016072124242783,0.5676282048225403,0.7495336532592773,-0.113026462495327,0.6112615466117859,0.7174574732780457,-0.07096651196479797,0.6144854426383972,0.7297355532646179,-0.11383572220802307,0.588397741317749,0.767115592956543,-0.11973435431718826,0.5678777694702148,0.7912466526031494,-0.1149267852306366,peace_sign,RRQ_p29,RRQ
0.5800179839134216,0.6043751239776611,7.082323918439215e-07,0.5528247356414795,0.5719207525253296,-0.04970832169055939,0.5568627715110779,0.5155101418495178,-0.07618651539087296,0.6072894930839539,0.47794991731643677,-0.09859426319599152,0.6482843160629272,0.44672778248786926,-0.1181153729557991,0.5665723085403442,0.3695351779460907,-0.0464308001101017,0.568622887134552,0.2684404253959656,-0.07637161761522293,0.5710629820823669,0.20252501964569092,-0.09547223150730133,0.576250433921814,0.14730499684810638,-0.1080712229013443,0.6082279086112976,0.36984363198280334,-0.04163997992873192,0.630693793296814,0.2626711130142212,-0.07175616919994354,0.6473020911216736,0.19551551342010498,-0.09024134278297424,0.6623715162277222,0.13703620433807373,-0.1004137396812439,0.6371920704841614,0.400527685880661,-0.04187929630279541,0.6705719232559204,0.34523752331733704,-0.08094422519207001,0.6514431238174438,0.3995211720466614,-0.08688104152679443,0.6329056024551392,0.4406273066997528,-0.0813806802034378,0.6583899855613708,0.44693678617477417,-0.04648182541131973,0.674378514289856,0.43324777483940125,-0.0801326334476471,0.6532120108604431,0.47275906801223755,-0.08468861877918243,0.6331267952919006,0.5019481778144836,-0.08074735850095749,peace_sign,RRQ_p29,RRQ
0.6325197219848633,0.7831887006759644,6.502040150735411e-07,0.648645281791687,0.6776299476623535,0.017854001373052597,0.6117992401123047,0.5820741057395935,0.0157126784324646,0.554609477519989,0.5444802641868591,0.010210707783699036,0.5097317695617676,0.5262222290039062,0.003941468428820372,0.6229262948036194,0.5428681373596191,-0.02349335141479969,0.612674355506897,0.4204634130001068,-0.03869056701660156,0.60785311460495,0.3490232229232788,-0.04606058448553085,0.601215660572052,0.29322683811187744,-0.05058152228593826,0.5824559926986694,0.5661630034446716,-0.03789607062935829,0.5427618026733398,0.43897879123687744,-0.05082571133971214,0.5239180326461792,0.36395972967147827,-0.05504783242940903,0.5052545070648193,0.30771228671073914,-0.06014105677604675,0.5463179349899292,0.5984399318695068,-0.047339942306280136,0.502177894115448,0.48739612102508545,-0.054389990866184235,0.521631121635437,0.5073488354682922,-0.04256738722324371,0.5346634387969971,0.5381500720977783,-0.0334954671561718,0.5234084129333496,0.6317493915557861,-0.05503222346305847,0.5140542984008789,0.5495768189430237,-0.05640368536114693,0.5384790897369385,0.5580644011497498,-0.043661657720804214,0.5549599528312683,0.5781592130661011,-0.033239834010601044,peace_sign,RRQ_p29,RRQ
0.33557572960853577,0.7021656632423401,1.2529103798897268e-07,0.29765230417251587,0.659868061542511,0.026432625949382782,0.2965351939201355,0.6151090264320374,0.03716782480478287,0.28956571221351624,0.5844841599464417,0.04057145491242409,0.2820131480693817,0.5560823082923889,0.0421316884458065,0.34044405817985535,0.554358959197998,0.03672792389988899,0.3487134575843811,0.49720335006713867,0.039390649646520615,0.35624298453330994,0.45919153094291687,0.03864653408527374,0.36567798256874084,0.4288822412490845,0.03777965158224106,0.3461878001689911,0.5494085550308228,0.018027257174253464,0.3546058237552643,0.4783779978752136,0.02058563381433487,0.3628986179828644,0.4379432201385498,0.019715839996933937,0.3752956986427307,0.4080735146999359,0.018360698595643044,0.34272530674934387,0.5507640242576599,-0.0009410896454937756,0.3482762277126312,0.4784192442893982,0.0008861053502187133,0.35504767298698425,0.43694454431533813,0.0005948665784671903,0.3661758601665497,0.4068171977996826,-0.0009361563716083765,0.32677939534187317,0.552922785282135,-0.018611591309309006,0.3253549635410309,0.4927845597267151,-0.01636607013642788,0.32611072063446045,0.4564521908760071,-0.014508110471069813,0.32981452345848083,0.42860719561576843,-0.014634569175541401,neutral,RRQ_p29,RRQ
0.43912649154663086,0.8705857992172241,3.632999323599506e-07,0.43651580810546875,0.7808422446250916,-0.0012869250494986773,0.4031077027320862,0.6956185698509216,-0.01221629697829485,0.363328218460083,0.6335880756378174,-0.022478997707366943,0.33523157238960266,0.5877202749252319,-0.03582615405321121,0.39158356189727783,0.6977292895317078,-0.05233534425497055,0.32111579179763794,0.6216354370117188,-0.07534103840589523,0.2788260281085968,0.5751903057098389,-0.08449045568704605,0.24691173434257507,0.5415687561035156,-0.08870349079370499,0.36637020111083984,0.7432288527488708,-0.06255004554986954,0.28476572036743164,0.658230185508728,-0.08489271998405457,0.23860186338424683,0.6036766171455383,-0.09390157461166382,0.20651772618293762,0.5624496936798096,-0.09920390695333481,0.3425912857055664,0.7885546684265137,-0.06952182203531265,0.26186078786849976,0.7146180868148804,-0.08742950856685638,0.2160746455192566,0.6651984453201294,-0.09520618617534637,0.18534857034683228,0.6277428865432739,-0.09989159554243088,0.3236076235771179,0.8322737812995911,-0.07467548549175262,0.2605198323726654,0.7790242433547974,-0.09014470130205154,0.22369521856307983,0.7463682293891907,-0.09494306892156601,0.19585101306438446,0.7187833189964294,-0.09664235264062881,neutral,RRQ_p29,RRQ
0.3898068964481354,0.7635616064071655,1.223008183615093e-07,0.3728300929069519,0.6791961789131165,-0.0017735239816829562,0.3187122046947479,0.6043069362640381,-0.019558701664209366,0.2556188106536865,0.5714349746704102,-0.03399603068828583,0.19998840987682343,0.5757333040237427,-0.051096174865961075,0.3420488238334656,0.6080493927001953,-0.0729563981294632,0.24632395803928375,0.565702497959137,-0.097409188747406,0.19631686806678772,0.5573673844337463,-0.10343871265649796,0.1643783152103424,0.5626994371414185,-0.10356595367193222,0.33004236221313477,0.6757737994194031,-0.08251965045928955,0.2100721001625061,0.629441499710083,-0.10320448130369186,0.18673941493034363,0.616601824760437,-0.09698782116174698,0.18735317885875702,0.6156823635101318,-0.09118049591779709,0.31345266103744507,0.7385873794555664,-0.08767951279878616,0.20054413378238678,0.6923644542694092,-0.10223715007305145,0.19277113676071167,0.6742121577262878,-0.0835675597190857,0.2050935924053192,0.669491171836853,-0.06890728324651718,0.2941281795501709,0.7942403554916382,-0.09144255518913269,0.20733310282230377,0.7530168294906616,-0.10101789236068726,0.2007572501897812,0.7297064661979675,-0.08664016425609589,0.2093704640865326,0.7178045511245728,-0.0741623267531395,neutral,RRQ_p29,RRQ
0.49314427375793457,0.6341394186019897,-2.8691800935121137e-07,0.47556570172309875,0.5673231482505798,-0.00015367325977422297,0.450863242149353,0.5196412801742554,-0.012270169332623482,0.4209633469581604,0.491951048374176,-0.02539355680346489,0.38969331979751587,0.4816731810569763,-0.0413580946624279,0.4648517668247223,0.47738805413246155,-0.04103337600827217,0.426384836435318,0.4309539198875427,-0.06893496960401535,0.38473716378211975,0.4303548336029053,-0.08529246598482132,0.3487939238548279,0.4412075877189636,-0.0938410684466362,0.4713519513607025,0.5162163376808167,-0.05261418595910072,0.3917965888977051,0.48812583088874817,-0.07502946257591248,0.3429250717163086,0.48727652430534363,-0.08381527662277222,0.3081943690776825,0.49227288365364075,-0.09106312692165375,0.4682350158691406,0.5650231242179871,-0.06315317004919052,0.3846184015274048,0.550495982170105,-0.08354979008436203,0.33848029375076294,0.5462971925735474,-0.08733045309782028,0.3062884211540222,0.5447414517402649,-0.08957929164171219,0.4590843617916107,0.6126101016998291,-0.07258722186088562,0.39121532440185547,0.6075156331062317,-0.08994997292757034,0.3558737337589264,0.6021625995635986,-0.09276902675628662,0.33040764927864075,0.5959477424621582,-0.09336934983730316,neutral,RRQ_p29,RRQ
0.4385988712310791,0.4824793040752411,1.659717554503004e-07,0.3881363868713379,0.4322831332683563,0.005394309759140015,0.330710768699646,0.4187208414077759,-0.004411407746374607,0.281528115272522,0.43142712116241455,-0.01370386965572834,0.24668848514556885,0.4556918144226074,-0.026017308235168457,0.3231067955493927,0.40831270813941956,-0.05054771900177002,0.23920249938964844,0.4226749539375305,-0.07426714152097702,0.1926371455192566,0.4486854672431946,-0.08408301323652267,0.1607765108346939,0.4745389521121979,-0.08817879110574722,0.3351970911026001,0.4575774371623993,-0.06319566816091537,0.2401893138885498,0.4863113462924957,-0.0840424969792366,0.18929249048233032,0.5138065218925476,-0.08965577930212021,0.15618275105953217,0.5336505174636841,-0.09309167414903641,0.3481106460094452,0.5103932619094849,-0.07242300361394882,0.26157718896865845,0.540433406829834,-0.08735893666744232,0.2137499302625656,0.5603023767471313,-0.09041152894496918,0.18107880651950836,0.5695749521255493,-0.09245303273200989,0.3607447147369385,0.5607978105545044,-0.07948242127895355,0.2975098490715027,0.5957803130149841,-0.09249897301197052,0.26127544045448303,0.6136587262153625,-0.09439302235841751,0.23172107338905334,0.6227978467941284,-0.09434157609939575,neutral,RRQ_p29,RRQ
0.20327910780906677,0.6851940751075745,-2.6644005401976756e-07,0.17436064779758453,0.6421147584915161,-0.004920617211610079,0.1645304560661316,0.5938085913658142,-0.009559434838593006,0.17608878016471863,0.5557680130004883,-0.013067292980849743,0.1963658183813095,0.5451107025146484,-0.015449175611138344,0.20744378864765167,0.5465611219406128,-0.0076587144285440445,0.2085002064704895,0.5513788461685181,-0.011160152032971382,0.2041342705488205,0.570522665977478,-0.016057422384619713,0.19858384132385254,0.5832966566085815,-0.020330265164375305,0.23331736028194427,0.5626367926597595,-0.009031015448272228,0.2283221334218979,0.5697543025016785,-0.00836319848895073,0.22285336256027222,0.5856807231903076,-0.010913698934018612,0.21712517738342285,0.5994612574577332,-0.01431985292583704,0.2531798779964447,0.5864512920379639,-0.010051094926893711,0.24554044008255005,0.5938517451286316,-0.010353634133934975,0.23832924664020538,0.6071131229400635,-0.009216101840138435,0.23090839385986328,0.6192511916160583,-0.009710720740258694,0.2677080035209656,0.6132633686065674,-0.011643604375422001,0.2606205344200134,0.6176598072052002,-0.01284781750291586,0.2527194619178772,0.6299757957458496,-0.009712954983115196,0.2462882101535797,0.6399518251419067,-0.006668219342827797,neutral,RRQ_p29,RRQ
0.23409192264080048,0.6112549304962158,4.191077707105251e-08,0.2577745318412781,0.5796359181404114,-0.015750227496027946,0.2664903402328491,0.5304856896400452,-0.022719288244843483,0.26333674788475037,0.48619917035102844,-0.029873110353946686,0.26040270924568176,0.44858625531196594,-0.035935256630182266,0.2269415408372879,0.48073646426200867,-0.006243232637643814,0.2238677442073822,0.4195801019668579,-0.021094905212521553,0.24060945212841034,0.40971997380256653,-0.03355371579527855,0.2547256648540497,0.41618019342422485,-0.04054448753595352,0.21112170815467834,0.48416051268577576,-0.006295079831033945,0.20643816888332367,0.4191459119319916,-0.02010122500360012,0.22619567811489105,0.41419702768325806,-0.03143680468201637,0.24099819362163544,0.42666932940483093,-0.038380008190870285,0.19636625051498413,0.4925117790699005,-0.00930415652692318,0.1911926120519638,0.43198636174201965,-0.023623615503311157,0.21170468628406525,0.4274269938468933,-0.030047204345464706,0.2270599603652954,0.44209346175193787,-0.0324741005897522,0.18257632851600647,0.5050836801528931,-0.013797445222735405,0.18172237277030945,0.45512717962265015,-0.02544986829161644,0.19817538559436798,0.445134699344635,-0.02822621539235115,0.21177715063095093,0.45326459407806396,-0.02864729054272175,neutral,RRQ_p29,RRQ
0.44631046056747437,0.8797712326049805,1.639898670191542e-07,0.4621199071407318,0.8267566561698914,0.0028169339057058096,0.45338982343673706,0.7800852656364441,0.007290567737072706,0.43687504529953003,0.7476744651794434,0.01106963399797678,0.42777198553085327,0.7250499725341797,0.014561774209141731,0.4020801782608032,0.7626123428344727,0.00694013386964798,0.37734508514404297,0.7257204055786133,0.009625201113522053,0.3614557981491089,0.7055352926254272,0.010061731562018394,0.3494284152984619,0.6920468211174011,0.009639397263526917,0.3815478980541229,0.784283459186554,0.004083405714482069,0.3523569405078888,0.742985188961029,0.006570169236510992,0.33539366722106934,0.7193446755409241,0.00543000316247344,0.3238431215286255,0.7018117904663086,0.004069852642714977,0.3690640926361084,0.812418520450592,0.0012714964104816318,0.3397747576236725,0.7710829377174377,0.0018048797501251101,0.3255319893360138,0.7471859455108643,-0.002432637382298708,0.31650733947753906,0.7281591296195984,-0.0063919797539711,0.36295750737190247,0.8447084426879883,-0.0010104118846356869,0.33598074316978455,0.8311355710029602,-0.002905683359131217,0.31944721937179565,0.8223978877067566,-0.005111883394420147,0.30721914768218994,0.8144466280937195,-0.006485504563897848,neutral,RRQ_p29,RRQ
0.3513989746570587,0.7185171246528625,-3.973856976813295e-08,0.36992037296295166,0.6623583436012268,9.294712072005495e-05,0.3575581908226013,0.6067329049110413,0.005097300745546818,0.33519065380096436,0.5678459405899048,0.010829023085534573,0.31714311242103577,0.545974850654602,0.018256399780511856,0.30493447184562683,0.5889338850975037,0.009914860129356384,0.29272475838661194,0.5547283291816711,0.01828150451183319,0.30486103892326355,0.559130847454071,0.02187524549663067,0.31362318992614746,0.5717236399650574,0.02383439429104328,0.28758496046066284,0.612850546836853,0.01237181480973959,0.2807440161705017,0.5775117874145508,0.024717966094613075,0.29627326130867004,0.5802434086799622,0.027783222496509552,0.30625849962234497,0.5940196514129639,0.027491342276334763,0.27990514039993286,0.6396844983100891,0.01512646023184061,0.2714409828186035,0.6044872403144836,0.024920467287302017,0.2856012284755707,0.6051991581916809,0.028213582932949066,0.2957935929298401,0.6187141537666321,0.027655771002173424,0.27765923738479614,0.6637703776359558,0.017783083021640778,0.27132442593574524,0.6312864422798157,0.025158973410725594,0.28294193744659424,0.6313443779945374,0.03051134943962097,0.29180532693862915,0.6417960524559021,0.033306147903203964,neutral,RRQ_p29,RRQ
0.4445708394050598,0.8797141909599304,1.7751396796938934e-07,0.4345865249633789,0.8135191798210144,0.0030296777840703726,0.4063454568386078,0.7659079432487488,-0.005336238536983728,0.36800599098205566,0.743658721446991,-0.012189832516014576,0.33328577876091003,0.7407628893852234,-0.02114506997168064,0.4057530164718628,0.7403186559677124,-0.04398871585726738,0.379219114780426,0.6708950996398926,-0.06393110752105713,0.3445412516593933,0.6464842557907104,-0.07186450809240341,0.3114749789237976,0.638295590877533,-0.07526862621307373,0.3946610689163208,0.7751541137695312,-0.05351240560412407,0.3075242340564728,0.7302106618881226,-0.07324916124343872,0.25543835759162903,0.7169361114501953,-0.07888177037239075,0.21946093440055847,0.7126642465591431,-0.08185697346925735,0.3788734972476959,0.8172821402549744,-0.05969671905040741,0.2919120490550995,0.7873787879943848,-0.07717175036668777,0.24697519838809967,0.7724746465682983,-0.07958833873271942,0.2181619107723236,0.7610676288604736,-0.07929141074419022,0.3634602725505829,0.8574745655059814,-0.06347382068634033,0.30032771825790405,0.8333989977836609,-0.07563034445047379,0.2743479609489441,0.8237743377685547,-0.07348736375570297,0.2582605481147766,0.8147425651550293,-0.06971991807222366,neutral,RRQ_p29,RRQ
