x0,y0,z0,x1,y1,z1,x2,y2,z2,x3,y3,z3,x4,y4,z4,x5,y5,z5,x6,y6,z6,x7,y7,z7,x8,y8,z8,x9,y9,z9,x10,y10,z10,x11,y11,z11,x12,y12,z12,x13,y13,z13,x14,y14,z14,x15,y15,z15,x16,y16,z16,x17,y17,z17,x18,y18,z18,x19,y19,z19,x20,y20,z20,label,person_id,collector
0.18664522469043732,0.8725038170814514,3.2675538363946544e-07,0.2488052397966385,0.8165608644485474,-0.03993760421872139,0.30556821823120117,0.7332174181938171,-0.07210429012775421,0.33425092697143555,0.6614035367965698,-0.10456816107034683,0.3029264807701111,0.6374796032905579,-0.13542309403419495,0.24388471245765686,0.5715301632881165,-0.047926515340805054,0.24761241674423218,0.44127875566482544,-0.09195691347122192,0.25112566351890564,0.3598001003265381,-0.11426224559545517,0.24881859123706818,0.29191267490386963,-0.1278221607208252,0.18078778684139252,0.5856116414070129,-0.05548444762825966,0.21219684183597565,0.5204090476036072,-0.12735708057880402,0.2430294007062912,0.6337828040122986,-0.13971516489982605,0.24833042919635773,0.6909788846969604,-0.12939926981925964,0.12516412138938904,0.619459867477417,-0.06692440062761307,0.16359879076480865,0.6092103123664856,-0.13370974361896515,0.18982148170471191,0.7055799961090088,-0.11805576831102371,0.18650250136852264,0.7399755120277405,-0.08907102048397064,0.07388609647750854,0.6648342609405518,-0.08178871124982834,0.10953503102064133,0.6544971466064453,-0.11950446665287018,0.14140944182872772,0.721325159072876,-0.10083877295255661,0.14139725267887115,0.7485380172729492,-0.07635491341352463,point,RRQ_p38,RRQ
0.6204220652580261,0.9382621049880981,1.3610986115963897e-07,0.7323616743087769,0.9155959486961365,0.009080855175852776,0.8104177713394165,0.8646818995475769,-0.008409355767071247,0.8713194727897644,0.8410632014274597,-0.036372698843479156,0.9148062467575073,0.826812744140625,-0.06388147175312042,0.7770037651062012,0.6734305620193481,-0.00885436125099659,0.8498926162719727,0.6073868870735168,-0.04015318304300308,0.9035720825195312,0.5623293519020081,-0.05925442650914192,0.9452197551727295,0.5255420207977295,-0.07311946898698807,0.7448588013648987,0.6712395548820496,-0.03843437135219574,0.8762362003326416,0.7140166759490967,-0.08681757003068924,0.8614195585250854,0.8016290664672852,-0.09331855177879333,0.8270495533943176,0.8336396217346191,-0.0879194512963295,0.7211597561836243,0.7012738585472107,-0.06859208643436432,0.8393131494522095,0.7705433964729309,-0.10926074534654617,0.8179872632026672,0.8397247195243835,-0.09266794472932816,0.7840837836265564,0.8545179963111877,-0.07302073389291763,0.7057619094848633,0.751314103603363,-0.09946782141923904,0.7991981506347656,0.8019970059394836,-0.11977998912334442,0.7925887107849121,0.8484097719192505,-0.10432718694210052,0.7679945826530457,0.8547347784042358,-0.0887792557477951,point,RRQ_p38,RRQ
0.3996669054031372,0.8114088177680969,3.2782872949610464e-07,0.43822044134140015,0.7269107103347778,-0.04649347439408302,0.4581184387207031,0.6298401355743408,-0.09106606990098953,0.47818422317504883,0.5650771856307983,-0.13612648844718933,0.4925267696380615,0.5012797117233276,-0.17941367626190186,0.3314272165298462,0.5039668083190918,-0.07960664480924606,0.2578039765357971,0.37373241782188416,-0.13557077944278717,0.2151452898979187,0.2948785722255707,-0.16384585201740265,0.17216448485851288,0.23665544390678406,-0.18205486238002777,0.2799857258796692,0.5553316473960876,-0.08812358230352402,0.30371996760368347,0.46977514028549194,-0.16533294320106506,0.3788515627384186,0.5338374376296997,-0.17670302093029022,0.3988032341003418,0.5786246657371521,-0.16842451691627502,0.24649234116077423,0.6229028105735779,-0.10077831149101257,0.309007853269577,0.5882160663604736,-0.17042870819568634,0.3713853657245636,0.6545063257217407,-0.15179795026779175,0.3721557855606079,0.6900264620780945,-0.12338372319936752,0.2238292396068573,0.6990085244178772,-0.11786280572414398,0.2770236134529114,0.6738901138305664,-0.1591084897518158,0.32693326473236084,0.7098009586334229,-0.1407371163368225,0.32681331038475037,0.7349933981895447,-0.11702805012464523,point,RRQ_p38,RRQ
0.37271255254745483,0.7921963930130005,2.5299581807303184e-07,0.43489253520965576,0.6880341172218323,-0.001845158520154655,0.46284395456314087,0.5919083952903748,-0.01745382696390152,0.4723483920097351,0.525212824344635,-0.03993333503603935,0.4605313539505005,0.4806654453277588,-0.06178896501660347,0.3512265086174011,0.4865735173225403,-0.008000652305781841,0.40821346640586853,0.3874265253543854,-0.04128019139170647,0.44668447971343994,0.3274064064025879,-0.06071072071790695,0.472839891910553,0.2753702402114868,-0.07289718836545944,0.31669268012046814,0.5080167651176453,-0.0293765626847744,0.4075821042060852,0.4161485433578491,-0.07400888949632645,0.4352928698062897,0.49667397141456604,-0.08127705752849579,0.4206402003765106,0.5390490293502808,-0.07545456290245056,0.3049466013908386,0.5425378084182739,-0.052969660609960556,0.41011103987693787,0.49485188722610474,-0.0972236841917038,0.42994213104248047,0.5700525641441345,-0.08747228980064392,0.4074496626853943,0.5984525680541992,-0.06947831809520721,0.31060582399368286,0.5867269039154053,-0.0770951434969902,0.3934237062931061,0.5430780053138733,-0.09943488240242004,0.4140606224536896,0.5886895656585693,-0.08572395145893097,0.39720267057418823,0.6153565049171448,-0.06992685794830322,point,RRQ_p38,RRQ
0.34266364574432373,0.8153004050254822,2.514708512535435e-07,0.4269285798072815,0.7355483770370483,0.0012942746980115771,0.47791776061058044,0.6632248759269714,-0.021125616505742073,0.52435302734375,0.6215052604675293,-0.0513869933784008,0.5692877769470215,0.6003743410110474,-0.08125083893537521,0.42549049854278564,0.4992774724960327,-0.018624218180775642,0.5315706133842468,0.5011950731277466,-0.05881161987781525,0.5930262804031372,0.5078421235084534,-0.08599817007780075,0.6399880051612854,0.5126001834869385,-0.10377029329538345,0.3998125493526459,0.5291177034378052,-0.04473333805799484,0.5275778770446777,0.55028235912323,-0.08975429832935333,0.5107572674751282,0.6195179224014282,-0.09707043319940567,0.4785212278366089,0.6385369896888733,-0.09564780443906784,0.38361233472824097,0.582966148853302,-0.07278654724359512,0.5066514611244202,0.627642035484314,-0.11417530477046967,0.48256775736808777,0.6901936531066895,-0.10097160190343857,0.4475383162498474,0.6971117854118347,-0.08405011892318726,0.3753225803375244,0.6471610069274902,-0.10180316120386124,0.47623753547668457,0.6689134836196899,-0.1235283687710762,0.468601256608963,0.7118098139762878,-0.108432836830616,0.4410417675971985,0.7175505757331848,-0.09283333271741867,point,RRQ_p38,RRQ
0.4267519414424896,0.8093371391296387,1.4457027930347977e-07,0.4854215979576111,0.7108808755874634,-0.02989480271935463,0.5160530209541321,0.6292515397071838,-0.0713089108467102,0.5293947458267212,0.57182776927948,-0.11493279039859772,0.518886148929596,0.5664743781089783,-0.1564578413963318,0.39823415875434875,0.5168458223342896,-0.07762262970209122,0.3537290692329407,0.4167122542858124,-0.13156329095363617,0.3138319253921509,0.34670254588127136,-0.16230879724025726,0.2777918577194214,0.29268547892570496,-0.18254069983959198,0.349029004573822,0.558619499206543,-0.09042774140834808,0.4493946135044098,0.5506627559661865,-0.14736942946910858,0.4838051497936249,0.6075348258018494,-0.1525329202413559,0.474001407623291,0.6240189671516418,-0.1500735580921173,0.3280770480632782,0.6224115490913391,-0.10562767088413239,0.44560226798057556,0.6362326145172119,-0.15261442959308624,0.4618421196937561,0.6827508807182312,-0.13643577694892883,0.4383067786693573,0.6951019763946533,-0.12055560201406479,0.32540345191955566,0.6899619102478027,-0.12546348571777344,0.4168325662612915,0.6916947364807129,-0.15154950320720673,0.43802356719970703,0.7165809869766235,-0.13740628957748413,0.4258531630039215,0.7289110422134399,-0.12306876480579376,point,RRQ_p38,RRQ
0.34923842549324036,0.7840026617050171,3.3082403660955606e-07,0.39173424243927,0.6888841390609741,-0.021328719332814217,0.414802610874176,0.5953075289726257,-0.054236359894275665,0.42450541257858276,0.528974711894989,-0.0906897634267807,0.4169265031814575,0.49788352847099304,-0.1265995055437088,0.2883303761482239,0.4969407916069031,-0.04200410842895508,0.34811535477638245,0.42349982261657715,-0.10055872052907944,0.3937497138977051,0.36816152930259705,-0.1365983635187149,0.42837807536125183,0.3176672160625458,-0.15673424303531647,0.23861083388328552,0.5400844216346741,-0.05736815184354782,0.3453214168548584,0.49735212326049805,-0.11706802994012833,0.3781117796897888,0.5805761814117432,-0.12589506804943085,0.3552361726760864,0.6165464520454407,-0.1211157888174057,0.21594703197479248,0.6041947603225708,-0.07732095569372177,0.3325629234313965,0.5951589941978455,-0.13783927261829376,0.3583172559738159,0.6596962809562683,-0.12902334332466125,0.3287005126476288,0.6767290830612183,-0.11022436618804932,0.2092837691307068,0.6747333407402039,-0.09890040010213852,0.30118685960769653,0.6575185060501099,-0.133853480219841,0.3307856023311615,0.695656955242157,-0.12115369737148285,0.3107030689716339,0.7139131426811218,-0.10349912941455841,point,RRQ_p38,RRQ
0.7766627669334412,0.8160220384597778,-5.864924901288759e-07,0.680008590221405,0.7786412835121155,0.008942748419940472,0.6037157773971558,0.7388829588890076,-0.009126704186201096,0.5431214570999146,0.7197920083999634,-0.03270985931158066,0.4873455762863159,0.7012317180633545,-0.05586759373545647,0.616990327835083,0.5448269844055176,-0.01664791628718376,0.5088512897491455,0.5577177405357361,-0.05020349472761154,0.44429874420166016,0.5617468357086182,-0.07449609041213989,0.3916718661785126,0.5582841038703918,-0.09327874332666397,0.6464208960533142,0.5576303601264954,-0.04277648404240608,0.5177901387214661,0.6320911645889282,-0.07780109345912933,0.5488775372505188,0.6896400451660156,-0.08107642084360123,0.5888844728469849,0.6958833932876587,-0.08171053230762482,0.6684910655021667,0.6020926833152771,-0.06988652050495148,0.5498021841049194,0.6878662109375,-0.09854958951473236,0.5811427235603333,0.7370865941047668,-0.07815513014793396,0.6163977980613708,0.7304863333702087,-0.0631084069609642,0.6844770908355713,0.6644222736358643,-0.0977616161108017,0.5936279296875,0.7272087931632996,-0.11781467497348785,0.6064401268959045,0.7650923728942871,-0.10453552007675171,0.6310250759124756,0.7631609439849854,-0.09258026629686356,point,RRQ_p38,RRQ
0.7063695788383484,0.8062015175819397,-3.457362751646542e-08,0.6437312960624695,0.7155470252037048,-0.029545985162258148,0.6094960570335388,0.6350923180580139,-0.06374754011631012,0.5804473757743835,0.5734834671020508,-0.10219695419073105,0.5825895071029663,0.5160622000694275,-0.1406397521495819,0.7261448502540588,0.4865766167640686,-0.04578513279557228,0.7827402353286743,0.37451601028442383,-0.09820441156625748,0.8259928226470947,0.2957035303115845,-0.1331021934747696,0.8633072376251221,0.23850610852241516,-0.15605096518993378,0.774863600730896,0.5249348282814026,-0.05577476695179939,0.679223895072937,0.48018670082092285,-0.1225026398897171,0.6200167536735535,0.5351094007492065,-0.13596385717391968,0.6028710007667542,0.5760425925254822,-0.1315375566482544,0.798719048500061,0.5826559662818909,-0.07075273990631104,0.6859108209609985,0.5769984126091003,-0.12647132575511932,0.6564643979072571,0.6375836730003357,-0.10854069888591766,0.6614146828651428,0.6760480403900146,-0.0820353627204895,0.8080928921699524,0.6470287442207336,-0.09031391888856888,0.7221935987472534,0.6349084377288818,-0.1282372623682022,0.6850833892822266,0.6687660813331604,-0.11634781211614609,0.6767171621322632,0.6911933422088623,-0.09484504908323288,point,RRQ_p38,RRQ
0.7856298089027405,0.8448209166526794,-7.297640536307881e-07,0.7237098813056946,0.7908034324645996,-0.05455785617232323,0.6699169874191284,0.7258933782577515,-0.09547892957925797,0.646989643573761,0.6840432286262512,-0.13039030134677887,0.6594449281692505,0.657658576965332,-0.1591038554906845,0.7674068808555603,0.5352650880813599,-0.0731465071439743,0.7242350578308105,0.5737208127975464,-0.12711568176746368,0.6916993856430054,0.6284295320510864,-0.15709787607192993,0.6704603433609009,0.6591551899909973,-0.1734868288040161,0.8388761281967163,0.5597693920135498,-0.07234100997447968,0.7802297472953796,0.6306085586547852,-0.12400791049003601,0.7308921813964844,0.6966351866722107,-0.14098899066448212,0.711786150932312,0.7113842368125916,-0.14736023545265198,0.892275333404541,0.6191592216491699,-0.07744799554347992,0.8334303498268127,0.689453661441803,-0.1268807053565979,0.7823174595832825,0.7468085885047913,-0.12320981919765472,0.7614520788192749,0.7557663917541504,-0.1136755719780922,0.9296830892562866,0.6943892240524292,-0.08775588124990463,0.8873879909515381,0.7438020706176758,-0.12199296057224274,0.8447723388671875,0.7808204889297485,-0.11771129071712494,0.82379549741745,0.7839841246604919,-0.10758800804615021,point,RRQ_p38,RRQ
0.7504807710647583,0.84662926197052,-2.803040217713715e-07,0.6787381172180176,0.8096285462379456,-0.04930957779288292,0.6191858053207397,0.7591474652290344,-0.0962771624326706,0.5780308842658997,0.7143255472183228,-0.14232267439365387,0.6018078327178955,0.6808798313140869,-0.18725278973579407,0.6614004373550415,0.5549221038818359,-0.07458927482366562,0.6137465834617615,0.44486406445503235,-0.13721682131290436,0.5801226496696472,0.3598359525203705,-0.17511358857154846,0.5581780672073364,0.29512661695480347,-0.20037062466144562,0.7336877584457397,0.5424158573150635,-0.07765503972768784,0.6572126746177673,0.5821338295936584,-0.14292164146900177,0.6377810835838318,0.6950162649154663,-0.1441139578819275,0.6516761183738708,0.7262938022613525,-0.13179795444011688,0.7962248921394348,0.5803028345108032,-0.0877368375658989,0.7161709666252136,0.6621391177177429,-0.1421946883201599,0.6966861486434937,0.7411092519760132,-0.11133567243814468,0.7109335064888,0.7495991587638855,-0.07882741093635559,0.8464698791503906,0.6425976753234863,-0.10441004484891891,0.7793670296669006,0.6987999677658081,-0.13753126561641693,0.7564035654067993,0.7509274482727051,-0.11517644673585892,0.7668168544769287,0.7577129602432251,-0.08924242854118347,point,RRQ_p38,RRQ
0.7700785398483276,0.8302314877510071,-5.181761935091345e-07,0.6811766028404236,0.7843808531761169,0.01742124930024147,0.5835980772972107,0.7640852332115173,0.00020728008530568331,0.503770112991333,0.7722257971763611,-0.02472771517932415,0.4734855592250824,0.7666746973991394,-0.05000893399119377,0.5656867623329163,0.5875409841537476,-0.0037108163814991713,0.46302440762519836,0.6386405229568481,-0.028651844710111618,0.40684348344802856,0.6697395443916321,-0.047453735023736954,0.3598898649215698,0.6849769949913025,-0.063820481300354,0.5941247344017029,0.6081281900405884,-0.03299542888998985,0.4838375449180603,0.7036576867103577,-0.05964330956339836,0.5196773409843445,0.7402797341346741,-0.06013341248035431,0.5526388883590698,0.7272153496742249,-0.06045318767428398,0.6211774349212646,0.6571927666664124,-0.06211896613240242,0.5182286500930786,0.7621057629585266,-0.08293578028678894,0.5579833984375,0.7966553568840027,-0.06375578045845032,0.5892987251281738,0.772973895072937,-0.05184408277273178,0.6454327702522278,0.7217137217521667,-0.09109733998775482,0.5625340342521667,0.8024855256080627,-0.10432392358779907,0.5898165702819824,0.8282891511917114,-0.09041395038366318,0.6179713010787964,0.8111984729766846,-0.08024992793798447,point,RRQ_p38,RRQ
0.6866205334663391,0.8190410733222961,-4.3797591331440344e-08,0.6335557103157043,0.752335786819458,-0.04024907574057579,0.6009491086006165,0.6706409454345703,-0.0747939795255661,0.5766394138336182,0.6099173426628113,-0.11063580214977264,0.5763055682182312,0.5568308234214783,-0.14595380425453186,0.7171205878257751,0.5167120695114136,-0.058046456426382065,0.7898846864700317,0.4017411172389984,-0.11322387307882309,0.8441293239593506,0.3292907476425171,-0.14729706943035126,0.8922685384750366,0.27670952677726746,-0.16828112304210663,0.7764341831207275,0.5613734126091003,-0.062335554510354996,0.7216953039169312,0.5305237174034119,-0.13528162240982056,0.6527501344680786,0.5842679738998413,-0.15047259628772736,0.6242880821228027,0.6174753308296204,-0.14418375492095947,0.8125932216644287,0.6256392598152161,-0.07198604196310043,0.7343512773513794,0.6337146759033203,-0.13148945569992065,0.6845850944519043,0.6807464361190796,-0.1162271499633789,0.6733523011207581,0.6962815523147583,-0.09015041589736938,0.8342889547348022,0.6974806785583496,-0.08646012097597122,0.7639786005020142,0.706792950630188,-0.12125030159950256,0.722672164440155,0.7359549403190613,-0.10732683539390564,0.7139942049980164,0.7415633201599121,-0.084721639752388,point,RRQ_p38,RRQ
0.7574238777160645,0.8586499691009521,-4.1940160144804395e-07,0.6951516270637512,0.7984851002693176,-0.0412919819355011,0.6375468373298645,0.7429583072662354,-0.08107655495405197,0.6002100110054016,0.7229004502296448,-0.11840265989303589,0.5768624544143677,0.7252600193023682,-0.15569400787353516,0.725108802318573,0.5554611682891846,-0.06555256247520447,0.7099987268447876,0.5538628101348877,-0.11904475837945938,0.7043663859367371,0.5363050103187561,-0.16226893663406372,0.6952434182167053,0.5158823728561401,-0.1917676478624344,0.8007037043571472,0.5747383832931519,-0.07527972012758255,0.7326745390892029,0.6512305736541748,-0.1357305496931076,0.6669396162033081,0.7210836410522461,-0.16168764233589172,0.6264612674713135,0.7536370754241943,-0.17193469405174255,0.8529394865036011,0.6400501728057861,-0.08920571208000183,0.7797634601593018,0.7311315536499023,-0.14238135516643524,0.7139938473701477,0.78783118724823,-0.14265547692775726,0.6771005392074585,0.8040108680725098,-0.13389761745929718,0.8879362344741821,0.7225189805030823,-0.10746636241674423,0.8270047903060913,0.7930342555046082,-0.14197184145450592,0.7758274078369141,0.8315927386283875,-0.13676203787326813,0.7481045126914978,0.8401598930358887,-0.12570440769195557,point,RRQ_p38,RRQ
0.7283620834350586,0.8635937571525574,-1.7949540165318467e-07,0.6445494294166565,0.7960504293441772,-0.04970109462738037,0.5875645279884338,0.7181692123413086,-0.09957440942525864,0.5381702780723572,0.6578766107559204,-0.15223009884357452,0.5446274280548096,0.5954890847206116,-0.20367851853370667,0.6548500061035156,0.5012456774711609,-0.0594780407845974,0.6307846903800964,0.3571820557117462,-0.12361873686313629,0.6127609014511108,0.25497525930404663,-0.15827278792858124,0.606816291809082,0.17654109001159668,-0.18084755539894104,0.722465991973877,0.5083821415901184,-0.06738830357789993,0.6281651258468628,0.48756250739097595,-0.14486269652843475,0.6016841530799866,0.6187686920166016,-0.14820964634418488,0.6241266131401062,0.6540951728820801,-0.13246819376945496,0.7795038819313049,0.5507874488830566,-0.08377612382173538,0.6758533716201782,0.5770573019981384,-0.14991483092308044,0.6537243127822876,0.68435138463974,-0.11527068167924881,0.6787207126617432,0.7011442184448242,-0.07646790891885757,0.8215268850326538,0.6184449195861816,-0.10713402926921844,0.7286350727081299,0.6493522524833679,-0.1443740278482437,0.7001040577888489,0.7193697690963745,-0.119255430996418,0.7174350619316101,0.7341439127922058,-0.09027573466300964,point,RRQ_p38,RRQ
0.7171773314476013,0.784684956073761,-6.752866283932235e-07,0.657338559627533,0.6849110126495361,-0.012322923168540001,0.6303905248641968,0.5749533772468567,-0.031420428305864334,0.5999568700790405,0.49546611309051514,-0.055636148899793625,0.5707641243934631,0.4179180860519409,-0.07477787882089615,0.7492376565933228,0.47616517543792725,0.011956124566495419,0.6710414886474609,0.4084726870059967,-0.029808206483721733,0.6192554831504822,0.40009793639183044,-0.05259818583726883,0.5842326879501343,0.3905024826526642,-0.0634722039103508,0.7851603031158447,0.48479247093200684,-0.0012150638503953815,0.6798845529556274,0.41309356689453125,-0.0479545071721077,0.6564416289329529,0.516584575176239,-0.05099226161837578,0.6883410811424255,0.548019528388977,-0.04089019447565079,0.8119984269142151,0.5088304877281189,-0.02180410549044609,0.6974831819534302,0.45763736963272095,-0.06493817269802094,0.6790105700492859,0.557252824306488,-0.04558194428682327,0.7141834497451782,0.5858184099197388,-0.0220961794257164,0.8249884843826294,0.5426107048988342,-0.044995859265327454,0.7245521545410156,0.504136860370636,-0.07123599946498871,0.7101876139640808,0.5645409822463989,-0.05910935252904892,0.7389628887176514,0.591202974319458,-0.04278559982776642,pinch,RRQ_p38,RRQ
0.6867420077323914,0.7911643385887146,-6.189881673890341e-07,0.6363759636878967,0.6824508905410767,-0.007402304094284773,0.6231902837753296,0.5686169862747192,-0.023086795583367348,0.5974559783935547,0.48444664478302,-0.04536869004368782,0.5674099326133728,0.4051028788089752,-0.06404628604650497,0.7380685210227966,0.5030754208564758,0.02746836096048355,0.6770305633544922,0.43376898765563965,-0.009359597228467464,0.626972496509552,0.41212722659111023,-0.03344283998012543,0.5903717279434204,0.38988763093948364,-0.046604398638010025,0.7731298208236694,0.5102601647377014,0.013197638094425201,0.6841185092926025,0.4286264479160309,-0.03048446774482727,0.6551758050918579,0.5237084031105042,-0.03735179081559181,0.6833150386810303,0.5606157183647156,-0.030214712023735046,0.7987507581710815,0.5301216244697571,-0.008354186080396175,0.6968392729759216,0.46305450797080994,-0.0471360944211483,0.6707934737205505,0.555571973323822,-0.03173873946070671,0.7010737061500549,0.5907694697380066,-0.011718840338289738,0.8087414503097534,0.5552189946174622,-0.032328132539987564,0.7132028937339783,0.5102091431617737,-0.05457361042499542,0.6968143582344055,0.5700745582580566,-0.04405989125370979,0.7253192067146301,0.6004974842071533,-0.030065396800637245,pinch,RRQ_p38,RRQ
0.7138895392417908,0.7910088300704956,1.0106398207199163e-07,0.6454883217811584,0.7181838154792786,-0.019538654014468193,0.5981213450431824,0.6140822172164917,-0.03941210359334946,0.5502534508705139,0.535335123538971,-0.06435434520244598,0.5051361322402954,0.46735090017318726,-0.08909133076667786,0.6826817393302917,0.48419469594955444,-0.00038231044891290367,0.6246357560157776,0.41531893610954285,-0.04953666403889656,0.5631883144378662,0.4187051057815552,-0.09383537620306015,0.5232164859771729,0.43793177604675293,-0.11812902987003326,0.7242931723594666,0.4610322117805481,-0.01583842560648918,0.7207024693489075,0.32408010959625244,-0.04889830946922302,0.7024295926094055,0.22273680567741394,-0.07567151635885239,0.6876229643821716,0.13559049367904663,-0.09304449707269669,0.764183759689331,0.47643035650253296,-0.039609942585229874,0.7918767929077148,0.34570059180259705,-0.07224141061306,0.7852717638015747,0.24858257174491882,-0.09117504954338074,0.7717851996421814,0.16476312279701233,-0.1006745770573616,0.7957842350006104,0.5210364460945129,-0.06602272391319275,0.8396108150482178,0.4274582862854004,-0.08802933245897293,0.8514872789382935,0.34589383006095886,-0.09361176937818527,0.8498580455780029,0.2704768776893616,-0.09537296742200851,pinch,RRQ_p38,RRQ
0.5793902277946472,0.9242731332778931,-1.3022645362070762e-07,0.47810134291648865,0.8544869422912598,0.014284389093518257,0.41039806604385376,0.7607027292251587,0.005403033457696438,0.34675803780555725,0.7212972044944763,-0.01669720932841301,0.2831157445907593,0.6949257850646973,-0.04172022268176079,0.4654678702354431,0.6015615463256836,0.02979140356183052,0.37989893555641174,0.5635634660720825,-0.012909621000289917,0.3197360634803772,0.6093728542327881,-0.05829042196273804,0.27800554037094116,0.6617516279220581,-0.08590787649154663,0.48694470524787903,0.5841303467750549,-0.0035896075423806906,0.4348858594894409,0.4586620628833771,-0.033053621649742126,0.37650585174560547,0.39344435930252075,-0.06572791934013367,0.3252938985824585,0.34244680404663086,-0.09006930887699127,0.5149500966072083,0.6010279059410095,-0.042381949722766876,0.49976015090942383,0.454769492149353,-0.06841177493333817,0.4665786325931549,0.37053683400154114,-0.08927926421165466,0.43435290455818176,0.29835566878318787,-0.10496296733617783,0.5370384454727173,0.6454376578330994,-0.08128609508275986,0.5510594248771667,0.5360228419303894,-0.09984810650348663,0.5388262271881104,0.4534775912761688,-0.10594888776540756,0.5198478698730469,0.37641963362693787,-0.11183442175388336,pinch,RRQ_p38,RRQ
0.7549301385879517,0.7818492650985718,-7.048056431813166e-07,0.7329877614974976,0.6430792212486267,-0.0027489408385008574,0.7489879131317139,0.5094548463821411,-0.013668790459632874,0.7600280046463013,0.41014963388442993,-0.03490559756755829,0.7727447748184204,0.3190290331840515,-0.05297432839870453,0.8738532066345215,0.5001111030578613,0.04507054388523102,0.8499139547348022,0.4095609486103058,0.007542064879089594,0.8174142241477966,0.3477228879928589,-0.015531419776380062,0.7975654006004333,0.2988385558128357,-0.028661413118243217,0.9085476398468018,0.5232981443405151,0.023701483383774757,0.8666098117828369,0.3964535593986511,-0.024374056607484818,0.8022576570510864,0.4798315167427063,-0.029613040387630463,0.8217194676399231,0.5350685119628906,-0.01740170828998089,0.9368280172348022,0.560409426689148,-0.0068063875660300255,0.8749531507492065,0.45265430212020874,-0.05238455906510353,0.8158828616142273,0.5320723056793213,-0.03444506600499153,0.8416222929954529,0.5834320187568665,-0.008893017657101154,0.9549826979637146,0.6056715846061707,-0.03964458405971527,0.8909781575202942,0.5142149329185486,-0.06159371882677078,0.8481668829917908,0.5607894659042358,-0.046049561351537704,0.8683797717094421,0.607656717300415,-0.02798505313694477,pinch,RRQ_p38,RRQ
0.7299384474754333,0.8613622784614563,-7.195214379862591e-07,0.6426437497138977,0.7622601389884949,-0.03357774391770363,0.5868538618087769,0.6648439168930054,-0.07452952861785889,0.5379165410995483,0.6051881313323975,-0.11454341560602188,0.4830518960952759,0.5505096316337585,-0.14987850189208984,0.7275433540344238,0.4768393039703369,-0.057525746524333954,0.616715133190155,0.4492912292480469,-0.12037485092878342,0.5406531095504761,0.48045235872268677,-0.15804627537727356,0.4859071969985962,0.5153985619544983,-0.17876501381397247,0.7753089666366577,0.5138762593269348,-0.06898313760757446,0.6241024732589722,0.5299417972564697,-0.11540985107421875,0.6217023134231567,0.629277765750885,-0.11402490735054016,0.6576370000839233,0.6557424068450928,-0.10906466096639633,0.8014551997184753,0.5857821106910706,-0.08775589615106583,0.6442717909812927,0.6291227340698242,-0.12204062938690186,0.6447011232376099,0.7089359760284424,-0.09128817170858383,0.6797888278961182,0.7203763127326965,-0.06941777467727661,0.8087145686149597,0.674267053604126,-0.11277418583631516,0.6794313192367554,0.7048860192298889,-0.13992153108119965,0.6639755368232727,0.7558534741401672,-0.12409276515245438,0.6835383176803589,0.7678884267807007,-0.10760944336652756,pinch,RRQ_p38,RRQ
0.6866984963417053,0.8478696346282959,-4.5925975200589164e-07,0.6338603496551514,0.7556069493293762,-0.019090572372078896,0.6096111536026001,0.6032669544219971,-0.03384647145867348,0.6026744842529297,0.4855456054210663,-0.05668216198682785,0.5927957892417908,0.381022572517395,-0.07617221772670746,0.6832793951034546,0.5108962059020996,0.029155241325497627,0.6690054535865784,0.43172889947891235,-0.008441387675702572,0.6346129179000854,0.38816988468170166,-0.01593952253460884,0.6159362196922302,0.3423957824707031,-0.015361730009317398,0.7323203682899475,0.5253422260284424,0.015176361426711082,0.6953686475753784,0.42416858673095703,-0.029169367626309395,0.656378448009491,0.5410531163215637,-0.013419194146990776,0.6885570287704468,0.5613812208175659,0.016885114833712578,0.7800340056419373,0.5588937401771545,-0.01063066627830267,0.729799747467041,0.48933446407318115,-0.061440903693437576,0.6930715441703796,0.5986064672470093,-0.031277481466531754,0.726336658000946,0.6157062649726868,0.00614245655015111,0.8256791830062866,0.5995965003967285,-0.03964366391301155,0.7746683955192566,0.5436574816703796,-0.062043242156505585,0.7412879467010498,0.6062501668930054,-0.040040917694568634,0.7656185030937195,0.629131019115448,-0.016193201765418053,pinch,RRQ_p38,RRQ
0.7463182210922241,0.8657031059265137,-4.653605287785467e-07,0.7067071199417114,0.8169965147972107,-0.06873521953821182,0.6761001348495483,0.7322947978973389,-0.11727412045001984,0.6742382049560547,0.6608590483665466,-0.15953901410102844,0.7029080390930176,0.5989898443222046,-0.1922542005777359,0.7743232250213623,0.5177780985832214,-0.0572948195040226,0.7742807865142822,0.4767468571662903,-0.1258350908756256,0.7516965270042419,0.49653592705726624,-0.16113777458667755,0.7324259877204895,0.5556698441505432,-0.17573189735412598,0.8534242510795593,0.5466100573539734,-0.051084037870168686,0.8434194922447205,0.5669434666633606,-0.11280813813209534,0.7738772630691528,0.6517589092254639,-0.11484883725643158,0.755922794342041,0.6713197231292725,-0.10073339939117432,0.9084666967391968,0.6089335083961487,-0.05788310244679451,0.8737052083015442,0.6652414202690125,-0.10890563577413559,0.8095650672912598,0.7210265398025513,-0.08499761670827866,0.7991814613342285,0.7197281718254089,-0.05814654007554054,0.9448399543762207,0.6925143599510193,-0.07398436963558197,0.9042949080467224,0.7524533867835999,-0.10649029165506363,0.8522230386734009,0.786495566368103,-0.09554342180490494,0.8411134481430054,0.7730702757835388,-0.07862474024295807,pinch,RRQ_p38,RRQ
0.25092971324920654,0.9295230507850647,8.714639676554725e-08,0.32076847553253174,0.792820394039154,-0.01163324061781168,0.35003942251205444,0.631963312625885,-0.03593437373638153,0.37242627143859863,0.513683557510376,-0.0696340873837471,0.39833933115005493,0.4054213762283325,-0.09996886551380157,0.19358128309249878,0.5096583366394043,0.007130240090191364,0.25112298130989075,0.40103816986083984,-0.04752505570650101,0.3203624486923218,0.3725430965423584,-0.07475250959396362,0.37107518315315247,0.3651915192604065,-0.08605571836233139,0.1329014003276825,0.5399983525276184,-0.01615677773952484,0.24991004168987274,0.44002479314804077,-0.07668769359588623,0.292354017496109,0.5713928937911987,-0.08266770839691162,0.2620260715484619,0.6161977648735046,-0.06963757425546646,0.09925137460231781,0.5921083092689514,-0.04697516933083534,0.23755177855491638,0.5441543459892273,-0.11281661689281464,0.2693961560726166,0.6626288890838623,-0.09706202894449234,0.23034510016441345,0.6903071999549866,-0.06840775907039642,0.08262757956981659,0.6572608947753906,-0.0789342001080513,0.19745247066020966,0.6196779608726501,-0.11395356804132462,0.2282378226518631,0.6964541673660278,-0.09326355904340744,0.19456763565540314,0.726813793182373,-0.06713274866342545,pinch,RRQ_p38,RRQ
0.28179222345352173,0.9152227640151978,2.1402237848633376e-07,0.34114572405815125,0.7855260372161865,-0.012164789251983166,0.35765427350997925,0.6325578689575195,-0.03179505839943886,0.36626678705215454,0.5182026624679565,-0.05950246751308441,0.37525349855422974,0.4127626121044159,-0.08494165539741516,0.23045477271080017,0.5272125005722046,0.01161056850105524,0.2665689289569855,0.43522143363952637,-0.03478815034031868,0.31367042660713196,0.38644468784332275,-0.056959718465805054,0.3515792787075043,0.3590768873691559,-0.06649435311555862,0.17182186245918274,0.5538328289985657,-0.009209851734340191,0.2443827986717224,0.43463248014450073,-0.06394074857234955,0.2918213903903961,0.5528650283813477,-0.06618515402078629,0.2754436731338501,0.6010652780532837,-0.05015331134200096,0.13440930843353271,0.5978524088859558,-0.03789607435464859,0.2376207560300827,0.5303651094436646,-0.10241744667291641,0.2751736640930176,0.6435939073562622,-0.08680202811956406,0.24279369413852692,0.6798837780952454,-0.057794470340013504,0.11182564496994019,0.656281054019928,-0.06747614592313766,0.20631219446659088,0.6003228425979614,-0.10531933605670929,0.2400742620229721,0.673225462436676,-0.08774120360612869,0.20990106463432312,0.709011435508728,-0.06425487250089645,pinch,RRQ_p38,RRQ
0.2177208811044693,0.9065025448799133,3.661474181626545e-07,0.2671332359313965,0.7538125514984131,0.014744522981345654,0.3280222713947296,0.624714195728302,-0.01933576725423336,0.4125632643699646,0.5486262440681458,-0.06340984255075455,0.4796391725540161,0.5020168423652649,-0.10713983327150345,0.23717767000198364,0.5051141977310181,-0.062461525201797485,0.3862820565700531,0.44890037178993225,-0.10747504234313965,0.4708060920238495,0.447875052690506,-0.12671791017055511,0.5286492109298706,0.4553143382072449,-0.13849422335624695,0.22920528054237366,0.5708284378051758,-0.10184293240308762,0.40490442514419556,0.5338882803916931,-0.1409614235162735,0.39875319600105286,0.6046074032783508,-0.13093002140522003,0.35950005054473877,0.6232790946960449,-0.12489363551139832,0.24448156356811523,0.6539221405982971,-0.139082670211792,0.41903263330459595,0.6374948024749756,-0.16634492576122284,0.3961680829524994,0.6996087431907654,-0.13567040860652924,0.34815800189971924,0.7088825702667236,-0.11791578680276871,0.2750003933906555,0.7384336590766907,-0.17679330706596375,0.4136272370815277,0.7256464958190918,-0.18307769298553467,0.38985010981559753,0.7706632614135742,-0.15596243739128113,0.34260356426239014,0.7798565030097961,-0.13926681876182556,pinch,RRQ_p38,RRQ
0.49037468433380127,0.5994030833244324,6.465523938459228e-07,0.5983309745788574,0.544693112373352,-0.013295518234372139,0.6800603866577148,0.4674670696258545,-0.03481116145849228,0.7412600517272949,0.4118013381958008,-0.06244039162993431,0.8062520027160645,0.3665928244590759,-0.08869200199842453,0.6233218312263489,0.28292781114578247,-0.0031208223663270473,0.728137731552124,0.27785640954971313,-0.048726219683885574,0.7888014316558838,0.30170106887817383,-0.0792270377278328,0.8347915410995483,0.32365283370018005,-0.09703192859888077,0.5823691487312317,0.2679275572299957,-0.020613523200154305,0.7159504890441895,0.274799108505249,-0.06667779386043549,0.7490310072898865,0.34628504514694214,-0.08094064146280289,0.7695649266242981,0.3741215169429779,-0.08269579708576202,0.5489158630371094,0.2849045395851135,-0.04362406209111214,0.6741257309913635,0.35888102650642395,-0.09350433945655823,0.6431171894073486,0.4424472451210022,-0.08702367544174194,0.6101478338241577,0.4547668397426605,-0.07055912911891937,0.5234553813934326,0.3223817050457001,-0.06857147067785263,0.6224172711372375,0.37947678565979004,-0.0973002091050148,0.6072123646736145,0.43453866243362427,-0.08621050417423248,0.5768206715583801,0.43366530537605286,-0.07092026621103287,pinch,RRQ_p38,RRQ
0.3095719516277313,0.5701952576637268,-8.8553882449105e-08,0.3515652120113373,0.5177287459373474,-0.060011956840753555,0.3610299229621887,0.4406241178512573,-0.09465495496988297,0.32989346981048584,0.3689219355583191,-0.12403255701065063,0.2900346517562866,0.3016814887523651,-0.14491623640060425,0.3435324430465698,0.284460186958313,-0.044543568044900894,0.3168756067752838,0.20779481530189514,-0.10490228980779648,0.29760241508483887,0.22401200234889984,-0.13443753123283386,0.27683019638061523,0.2635648548603058,-0.14508317410945892,0.29170748591423035,0.30323299765586853,-0.0355982705950737,0.25307029485702515,0.2778388261795044,-0.0993056520819664,0.28502917289733887,0.3629035949707031,-0.11024471372365952,0.30724218487739563,0.38104110956192017,-0.10200543701648712,0.24549052119255066,0.336555540561676,-0.03740963712334633,0.22181807458400726,0.3476206660270691,-0.10094644129276276,0.263115257024765,0.4209764897823334,-0.09200560301542282,0.28591930866241455,0.4228094518184662,-0.07000823318958282,0.2045038640499115,0.3814575970172882,-0.04481499642133713,0.19794970750808716,0.4031215310096741,-0.08776072412729263,0.23287789523601532,0.4547835886478424,-0.08403293788433075,0.25259387493133545,0.45114561915397644,-0.06974070519208908,pinch,RRQ_p38,RRQ
0.3983694911003113,0.7065297365188599,5.248191428108839e-07,0.4600989520549774,0.668062150478363,-0.020566720515489578,0.5077565312385559,0.6236799359321594,-0.049145109951496124,0.551455557346344,0.6030848622322083,-0.07988078147172928,0.5929255485534668,0.5861200094223022,-0.10959871858358383,0.4809865951538086,0.49238574504852295,-0.046055711805820465,0.5415173768997192,0.47204864025115967,-0.10881966352462769,0.5774864554405212,0.5203173160552979,-0.1545243114233017,0.5998743176460266,0.5747265219688416,-0.1772061139345169,0.43781808018684387,0.47232434153556824,-0.06382066011428833,0.4429808557033539,0.35556846857070923,-0.10665484517812729,0.47561755776405334,0.29443466663360596,-0.1337665319442749,0.5113760232925415,0.25006139278411865,-0.1502039134502411,0.39445170760154724,0.49317213892936707,-0.08629976212978363,0.36798757314682007,0.3825133740901947,-0.12771351635456085,0.3819912374019623,0.3248816132545471,-0.14987711608409882,0.4086768627166748,0.27695220708847046,-0.16100899875164032,0.3603059649467468,0.5451745390892029,-0.10979682207107544,0.31623923778533936,0.4825320839881897,-0.14099521934986115,0.3116025924682617,0.4420022964477539,-0.14987249672412872,0.3226999044418335,0.40157830715179443,-0.15331201255321503,pinch,RRQ_p38,RRQ
0.3880998194217682,0.8921216726303101,6.697056278426317e-07,0.43474721908569336,0.7807555794715881,-0.01604498364031315,0.44106850028038025,0.6373386979103088,-0.02816668525338173,0.4543893039226532,0.5156369209289551,-0.04610490798950195,0.46480050683021545,0.4115637540817261,-0.061553411185741425,0.3150082528591156,0.547823965549469,0.006464152131229639,0.3528197407722473,0.4344726800918579,-0.03750315681099892,0.3978503942489624,0.3863404393196106,-0.07138568162918091,0.4455728232860565,0.36600396037101746,-0.0878053829073906,0.2620168924331665,0.5484420657157898,-0.010253363288939,0.2115250527858734,0.41831910610198975,-0.041569437831640244,0.22366410493850708,0.3193621337413788,-0.05503411591053009,0.2591698169708252,0.25290942192077637,-0.057804446667432785,0.2250036895275116,0.5883691906929016,-0.03590593487024307,0.13902820646762848,0.49125638604164124,-0.07085297256708145,0.13316896557807922,0.407950758934021,-0.07951119542121887,0.16101042926311493,0.34355080127716064,-0.07754053175449371,0.20376084744930267,0.6522661447525024,-0.06490778177976608,0.10882313549518585,0.6120914220809937,-0.09661094844341278,0.0997336357831955,0.5550475120544434,-0.10194907337427139,0.1296522468328476,0.5037676692008972,-0.09835647791624069,pinch,RRQ_p38,RRQ
0.8054235577583313,0.7855280041694641,-7.580111969218706e-07,0.7345284223556519,0.7171467542648315,-0.021542387083172798,0.6708778142929077,0.5863803029060364,-0.03411410003900528,0.64290452003479,0.480994313955307,-0.05196216702461243,0.6935981512069702,0.4269992709159851,-0.06010656803846359,0.7166801691055298,0.47455817461013794,0.015050896443426609,0.6729546189308167,0.3906669020652771,-0.03379048779606819,0.6737809777259827,0.48682767152786255,-0.046257711946964264,0.6963709592819214,0.5110176205635071,-0.04608333855867386,0.7733290195465088,0.47605088353157043,0.004881259519606829,0.7245866060256958,0.4034979045391083,-0.049301352351903915,0.7196564078330994,0.5281878709793091,-0.043266329914331436,0.7482677698135376,0.5362114906311035,-0.020186802372336388,0.8280344009399414,0.49712422490119934,-0.01660657674074173,0.7711806297302246,0.4512924551963806,-0.06998863816261292,0.761680006980896,0.5696523785591125,-0.046832967549562454,0.7921295166015625,0.571845531463623,-0.013843621127307415,0.8801077008247375,0.5254612565040588,-0.04069853946566582,0.8161833882331848,0.5097277760505676,-0.0626993477344513,0.8036866188049316,0.5820068717002869,-0.0461038202047348,0.8301939368247986,0.5851591229438782,-0.025383969768881798,fist,RRQ_p38,RRQ
0.8091064691543579,0.8579930663108826,-7.040965783744468e-07,0.7219498157501221,0.7984111309051514,-0.05463474616408348,0.6452476978302002,0.7240214943885803,-0.08958406001329422,0.6108444333076477,0.6757946014404297,-0.11933766305446625,0.6599757075309753,0.6838994026184082,-0.13949020206928253,0.7281834483146667,0.49911051988601685,-0.047469574958086014,0.6701129674911499,0.5625526309013367,-0.09483040869235992,0.665083110332489,0.6467675566673279,-0.11644399911165237,0.6802591681480408,0.6444322466850281,-0.12833496928215027,0.7991613149642944,0.5179091691970825,-0.044771358370780945,0.7333917617797852,0.6171509027481079,-0.08983683586120605,0.7066428661346436,0.7042917609214783,-0.09299371391534805,0.7138182520866394,0.6860746741294861,-0.08784113824367523,0.8585107922554016,0.5769845247268677,-0.05120725557208061,0.7982112169265747,0.6722841262817383,-0.09583960473537445,0.7605714201927185,0.7422904968261719,-0.08478957414627075,0.7624130845069885,0.7337315678596497,-0.06806480884552002,0.9033101797103882,0.6530092358589172,-0.06397592276334763,0.8549544811248779,0.7276356220245361,-0.08960626274347305,0.8164423704147339,0.7684381604194641,-0.08406543731689453,0.8087688088417053,0.7664352655410767,-0.07253128290176392,fist,RRQ_p38,RRQ
0.7090701460838318,0.7795981168746948,-5.558882207878924e-07,0.6539973020553589,0.715415894985199,-0.011601465754210949,0.617950439453125,0.6258906722068787,-0.022725464776158333,0.6174571514129639,0.5590294003486633,-0.03809000924229622,0.6547793745994568,0.5188155174255371,-0.048460666090250015,0.6746380925178528,0.5592607855796814,0.012482350692152977,0.6247701644897461,0.5167263150215149,-0.02312038093805313,0.6062204241752625,0.5763691067695618,-0.03824607655405998,0.6158968210220337,0.6021324396133423,-0.04246233403682709,0.7116883993148804,0.562284529209137,0.0033171516843140125,0.6644036769866943,0.5080740451812744,-0.0345393642783165,0.648682177066803,0.588066577911377,-0.03583982586860657,0.672324001789093,0.6054232120513916,-0.02458745799958706,0.745193600654602,0.5769949555397034,-0.01302825566381216,0.6908770203590393,0.538063108921051,-0.05025334656238556,0.6754723787307739,0.6172495484352112,-0.036798782646656036,0.7014341354370117,0.6314619779586792,-0.015817560255527496,0.774605929851532,0.5996454954147339,-0.031013809144496918,0.71494060754776,0.5757909417152405,-0.04950375854969025,0.7033290266990662,0.6245023012161255,-0.039396148175001144,0.7260985374450684,0.6384024024009705,-0.025045443326234818,fist,RRQ_p38,RRQ
0.6718543767929077,0.5250598192214966,-5.373567546484992e-07,0.6114423871040344,0.4996216297149658,-0.029717648401856422,0.5618616938591003,0.4616607129573822,-0.0502331368625164,0.5274944305419922,0.4314804971218109,-0.06740342080593109,0.5410622358322144,0.40240100026130676,-0.078032486140728,0.5940863490104675,0.29998260736465454,-0.025283275172114372,0.5481134653091431,0.332366943359375,-0.055238813161849976,0.5547314286231995,0.39306098222732544,-0.07148641347885132,0.5674108266830444,0.40061789751052856,-0.08113767951726913,0.6362868547439575,0.29722076654434204,-0.024714399129152298,0.5856857299804688,0.3580349087715149,-0.05284155532717705,0.5855811238288879,0.4226895570755005,-0.056355204433202744,0.5946118235588074,0.4229176640510559,-0.05441976711153984,0.6726294755935669,0.3234870135784149,-0.029298346489667892,0.6239902973175049,0.39524146914482117,-0.05548185482621193,0.6173880696296692,0.4475131928920746,-0.04736637324094772,0.6241569519042969,0.4410819113254547,-0.037403255701065063,0.6999544501304626,0.3645676374435425,-0.03753155097365379,0.6589593887329102,0.4341268539428711,-0.05454182252287865,0.6467515230178833,0.47077903151512146,-0.05163425952196121,0.6478396654129028,0.46799468994140625,-0.04500570520758629,fist,RRQ_p38,RRQ
0.7324204444885254,0.4335152506828308,-3.4223899092467036e-07,0.6950250267982483,0.4191950559616089,-0.05855519324541092,0.6625323295593262,0.3714161217212677,-0.0936119556427002,0.6632373332977295,0.31932079792022705,-0.12060230225324631,0.693561315536499,0.28528961539268494,-0.13765400648117065,0.6845765113830566,0.22037462890148163,-0.05194443464279175,0.6937382817268372,0.23387493193149567,-0.0954253152012825,0.6952997446060181,0.28375646471977234,-0.10903730988502502,0.6984179615974426,0.2945135831832886,-0.11322516947984695,0.7309602499008179,0.21637162566184998,-0.04105282202363014,0.7458857893943787,0.26344960927963257,-0.08640923351049423,0.7226919531822205,0.3391789197921753,-0.08558806031942368,0.7130116820335388,0.32897964119911194,-0.07437044382095337,0.7708917260169983,0.23683306574821472,-0.039181776344776154,0.7807987332344055,0.3073826730251312,-0.08144547790288925,0.7517150640487671,0.3630531430244446,-0.0693114623427391,0.7387686371803284,0.3456253111362457,-0.051983222365379333,0.8049553632736206,0.27116134762763977,-0.04352429509162903,0.8055667877197266,0.33842626214027405,-0.07132994383573532,0.7800483107566833,0.3754352033138275,-0.06986282020807266,0.7628666758537292,0.3603323996067047,-0.0616864338517189,fist,RRQ_p38,RRQ
0.41412097215652466,0.34807875752449036,-3.7901966720710334e-07,0.3667404055595398,0.36103010177612305,-0.03045259416103363,0.3076268434524536,0.33542683720588684,-0.05046875402331352,0.27125537395477295,0.30672961473464966,-0.06732746958732605,0.2538934350013733,0.268899530172348,-0.08202630281448364,0.28464293479919434,0.19717152416706085,-0.030278027057647705,0.2705293893814087,0.1987711489200592,-0.06571551412343979,0.26806244254112244,0.2257705181837082,-0.08865421265363693,0.2622288167476654,0.24618206918239594,-0.10204292088747025,0.32145047187805176,0.17081940174102783,-0.032686177641153336,0.3047429323196411,0.18532347679138184,-0.06514111906290054,0.3125905692577362,0.25047430396080017,-0.07235392928123474,0.3083555996417999,0.2833046019077301,-0.07250961661338806,0.3604682683944702,0.16818560659885406,-0.04036509618163109,0.3408327102661133,0.1964496523141861,-0.07258044183254242,0.3422491252422333,0.2593702971935272,-0.0652453601360321,0.3363523781299591,0.2857224941253662,-0.054780423641204834,0.3989418148994446,0.1853540539741516,-0.05096348002552986,0.3804629147052765,0.2313764989376068,-0.0739654004573822,0.3785126507282257,0.2827605605125427,-0.06856436282396317,0.3746580481529236,0.3022022545337677,-0.059764325618743896,fist,RRQ_p38,RRQ
0.37545740604400635,0.6234961152076721,-4.320958737480396e-07,0.294776052236557,0.665798544883728,-0.014556864276528358,0.2326948046684265,0.6687162518501282,-0.028803734108805656,0.18911008536815643,0.675450325012207,-0.04315725713968277,0.1588554084300995,0.683907687664032,-0.05382499471306801,0.19774772226810455,0.5147038698196411,-0.0123517494648695,0.1542838215827942,0.588590145111084,-0.04075583815574646,0.18421892821788788,0.6228822469711304,-0.061171773821115494,0.2077309787273407,0.6154651641845703,-0.07334794849157333,0.22973968088626862,0.49193018674850464,-0.018797148019075394,0.19271805882453918,0.5948233008384705,-0.04198627173900604,0.22305640578269958,0.6285190582275391,-0.04814744368195534,0.24251563847064972,0.6126452088356018,-0.05044415965676308,0.2681748867034912,0.498015820980072,-0.029105596244335175,0.24050742387771606,0.6071562170982361,-0.04782485589385033,0.26371049880981445,0.6347817778587341,-0.04061900079250336,0.27716055512428284,0.6152219772338867,-0.034407954663038254,0.3055398464202881,0.5248845219612122,-0.04189614579081535,0.28857988119125366,0.6231718063354492,-0.053708042949438095,0.30526411533355713,0.6396556496620178,-0.04913793504238129,0.3174678087234497,0.6175445914268494,-0.0434180349111557,fist,RRQ_p38,RRQ
0.761030375957489,0.9199032187461853,-8.056712772486208e-07,0.7024158239364624,0.8339677453041077,-0.03005431778728962,0.6636537909507751,0.6990011930465698,-0.04563724249601364,0.657957911491394,0.590671181678772,-0.06422218680381775,0.7098175883293152,0.5565657019615173,-0.07151627540588379,0.7171481251716614,0.572786808013916,0.0007052349392324686,0.7060308456420898,0.4768019914627075,-0.04830915853381157,0.6839594841003418,0.5824263095855713,-0.06357746571302414,0.6982478499412537,0.610600471496582,-0.06691747903823853,0.7712498903274536,0.5979965925216675,-0.006380803417414427,0.7621576189994812,0.5145400166511536,-0.05747440084815025,0.7244121432304382,0.635941207408905,-0.052394475787878036,0.7438417077064514,0.6475153565406799,-0.033397313207387924,0.8219259977340698,0.6427973508834839,-0.024410860612988472,0.8080431818962097,0.5691204071044922,-0.07306701689958572,0.7646006345748901,0.6786695718765259,-0.047102563083171844,0.785391092300415,0.6937723755836487,-0.014957680366933346,0.8709681034088135,0.6959637403488159,-0.04647292196750641,0.8423178195953369,0.6509386897087097,-0.06410707533359528,0.8036813735961914,0.7108495831489563,-0.04367620870471001,0.8177321553230286,0.7262353897094727,-0.02144869603216648,fist,RRQ_p38,RRQ
0.2603996694087982,0.7841983437538147,-2.5233774181288027e-07,0.32324454188346863,0.7526968717575073,-0.056988731026649475,0.3852544128894806,0.694416344165802,-0.09406202286481857,0.3844825029373169,0.6389871835708618,-0.1232999786734581,0.3340646028518677,0.6213517189025879,-0.14414213597774506,0.3314676284790039,0.48100000619888306,-0.05479926988482475,0.34136244654655457,0.5405051708221436,-0.1078319400548935,0.3445073366165161,0.6185541152954102,-0.13704442977905273,0.3398933410644531,0.6260044574737549,-0.15291665494441986,0.2631646990776062,0.48347607254981995,-0.04922829195857048,0.28073662519454956,0.5710493922233582,-0.09895005077123642,0.3004748523235321,0.6587255597114563,-0.10996701568365097,0.30504530668258667,0.6513524055480957,-0.1103188619017601,0.20438674092292786,0.5198516249656677,-0.051574572920799255,0.23268741369247437,0.6276344060897827,-0.09732625633478165,0.25792965292930603,0.693267822265625,-0.09095901995897293,0.261599600315094,0.6758332848548889,-0.07947985827922821,0.1558593213558197,0.5706090927124023,-0.05964720994234085,0.1829337179660797,0.6584364771842957,-0.08636243641376495,0.20754733681678772,0.7041402459144592,-0.08284363895654678,0.21252882480621338,0.6861867904663086,-0.07460407167673111,fist,RRQ_p38,RRQ
0.2916921377182007,0.470524400472641,-1.6662056623317767e-07,0.35407310724258423,0.44725000858306885,-0.052719298750162125,0.40713655948638916,0.41494080424308777,-0.09464844316244125,0.42909201979637146,0.397704541683197,-0.1307535171508789,0.4043141007423401,0.3939286172389984,-0.16122734546661377,0.33025938272476196,0.19418299198150635,-0.08033033460378647,0.36220917105674744,0.30682265758514404,-0.14243987202644348,0.3776807188987732,0.3727818429470062,-0.18195131421089172,0.3757144808769226,0.3736250698566437,-0.2061644196510315,0.2585787773132324,0.22393149137496948,-0.0817480981349945,0.3064159154891968,0.3603065013885498,-0.13256314396858215,0.3391531705856323,0.41525429487228394,-0.14566656947135925,0.3500061631202698,0.40162575244903564,-0.15347075462341309,0.20572799444198608,0.28684884309768677,-0.08939887583255768,0.2695317268371582,0.41710031032562256,-0.1309383064508438,0.3057995140552521,0.4516286253929138,-0.12146558612585068,0.31651726365089417,0.4310671091079712,-0.11244402825832367,0.1733986735343933,0.3592490553855896,-0.10403807461261749,0.23191501200199127,0.4550626277923584,-0.1323525309562683,0.2729780972003937,0.47772443294525146,-0.12934371829032898,0.2924327552318573,0.4552496671676636,-0.123249851167202,fist,RRQ_p38,RRQ
0.48030173778533936,0.6002315878868103,-3.3973390145547455e-07,0.5532466173171997,0.5789459943771362,-0.030293378978967667,0.6183455586433411,0.5325092077255249,-0.05407169088721275,0.6553965210914612,0.4845023453235626,-0.07626523822546005,0.6347054243087769,0.45217379927635193,-0.09222295135259628,0.5733876824378967,0.3494911789894104,-0.02582492306828499,0.6235172748565674,0.38272833824157715,-0.06848093122243881,0.6099063158035278,0.45685258507728577,-0.09410873055458069,0.5880012512207031,0.46726223826408386,-0.10862288624048233,0.5278141498565674,0.341706782579422,-0.030423786491155624,0.5886551737785339,0.40418684482574463,-0.07148624956607819,0.5754843950271606,0.49011340737342834,-0.08254921436309814,0.5553709864616394,0.4930078387260437,-0.08372189104557037,0.48778289556503296,0.3631894290447235,-0.04078210890293121,0.5453724265098572,0.45012181997299194,-0.0772322490811348,0.5354680418968201,0.5172539949417114,-0.07348335534334183,0.5164127349853516,0.5097305178642273,-0.06476140767335892,0.456497460603714,0.40207183361053467,-0.054689858108758926,0.5029095411300659,0.48189935088157654,-0.07462749630212784,0.4995962381362915,0.5256145596504211,-0.07244129478931427,0.4833167791366577,0.5145010948181152,-0.06676960736513138,fist,RRQ_p38,RRQ
0.6104997396469116,0.42464858293533325,-2.5335592113151506e-07,0.6973907351493835,0.4650293290615082,-0.0010024596704170108,0.7656148672103882,0.46726322174072266,-0.014195007272064686,0.8141545057296753,0.47276240587234497,-0.03054731711745262,0.8410152196884155,0.4697379469871521,-0.042618267238140106,0.7977300882339478,0.30108076333999634,-0.021765433251857758,0.8587943911552429,0.3965701460838318,-0.04807788133621216,0.8230264782905579,0.42906734347343445,-0.06037678197026253,0.8001564145088196,0.41663169860839844,-0.07013824582099915,0.7704212665557861,0.28935980796813965,-0.038802824914455414,0.8256775736808777,0.41233813762664795,-0.06217160448431969,0.785187840461731,0.43990010023117065,-0.0640929564833641,0.7682861089706421,0.4225563108921051,-0.06718776375055313,0.7375542521476746,0.30794763565063477,-0.057016827166080475,0.7754242420196533,0.4456546902656555,-0.07289787381887436,0.7390812635421753,0.45953285694122314,-0.06297316402196884,0.7229741811752319,0.43034306168556213,-0.06003107503056526,0.7046543955802917,0.34470489621162415,-0.07693754881620407,0.7291180491447449,0.4600811004638672,-0.08541302382946014,0.7020179629325867,0.47195127606391907,-0.08036443591117859,0.6903253793716431,0.44611433148384094,-0.0791635811328888,fist,RRQ_p38,RRQ
0.6538221836090088,0.43162500858306885,-1.749251907767757e-07,0.7256163954734802,0.43849751353263855,-0.03596382960677147,0.7873430252075195,0.4282391667366028,-0.06322318315505981,0.8195794820785522,0.4113143980503082,-0.08774203062057495,0.8105986714363098,0.3792405128479004,-0.10765577852725983,0.7947622537612915,0.23636436462402344,-0.04496200755238533,0.7833304405212402,0.315021812915802,-0.09094949066638947,0.7726378440856934,0.37399232387542725,-0.12064363807439804,0.7716854214668274,0.37639114260673523,-0.13781510293483734,0.7344096302986145,0.22448280453681946,-0.047714222222566605,0.7271744608879089,0.33991768956184387,-0.08371886610984802,0.7297990918159485,0.4011802673339844,-0.09531033784151077,0.7400870323181152,0.3898756504058838,-0.10181424766778946,0.6757330298423767,0.24574114382266998,-0.05572793260216713,0.6797608137130737,0.3678923547267914,-0.08688502758741379,0.6922183036804199,0.41677674651145935,-0.08159390836954117,0.7037413716316223,0.40276676416397095,-0.07539471238851547,0.6265938878059387,0.28349173069000244,-0.06832560896873474,0.6356030106544495,0.3804759383201599,-0.08612912148237228,0.6516580581665039,0.41944658756256104,-0.08110088109970093,0.6649514436721802,0.4130983352661133,-0.07417848706245422,fist,RRQ_p38,RRQ
0.26411303877830505,0.7882893085479736,1.2939931082200928e-07,0.34240466356277466,0.7795416712760925,-0.0682971253991127,0.39837145805358887,0.7612940073013306,-0.11240950226783752,0.39783975481987,0.7887668013572693,-0.14267829060554504,0.3567734658718109,0.8260480165481567,-0.16726545989513397,0.3203984797000885,0.5897812843322754,-0.11787591874599457,0.3056729733943939,0.7522144913673401,-0.17489375174045563,0.32208457589149475,0.7894688248634338,-0.20730414986610413,0.33014774322509766,0.7640523910522461,-0.2275608628988266,0.24870264530181885,0.6039727330207825,-0.10594502836465836,0.25708407163619995,0.7727130055427551,-0.15044741332530975,0.2900848388671875,0.7943028211593628,-0.15660913288593292,0.30117133259773254,0.7573907971382141,-0.16227781772613525,0.19519588351249695,0.6439722776412964,-0.09851551055908203,0.22277100384235382,0.8095283508300781,-0.1315857470035553,0.25159570574760437,0.8144534230232239,-0.117256298661232,0.25924357771873474,0.7655407786369324,-0.10730374604463577,0.16009299457073212,0.6930060386657715,-0.099201500415802,0.18997250497341156,0.8083492517471313,-0.12146535515785217,0.21652089059352875,0.8207094669342041,-0.11546075344085693,0.22697827219963074,0.78960120677948,-0.10952051728963852,fist,RRQ_p38,RRQ
0.5298036336898804,0.5119057297706604,-1.1797766319432412e-07,0.6227895617485046,0.5265647172927856,-0.024253802374005318,0.7010785937309265,0.5271158218383789,-0.04966117441654205,0.7533664107322693,0.52783203125,-0.0738777369260788,0.7664948105812073,0.5106821656227112,-0.09355560690164566,0.6986093521118164,0.34393465518951416,-0.05335833877325058,0.739353358745575,0.45012152194976807,-0.09056656062602997,0.7168287038803101,0.4903097152709961,-0.10966510325670242,0.6989260911941528,0.47722533345222473,-0.1224885806441307,0.6453805565834045,0.34578078985214233,-0.06124432757496834,0.6913908123970032,0.493967205286026,-0.09505430608987808,0.6692601442337036,0.5151488780975342,-0.10143830627202988,0.6573833227157593,0.48492130637168884,-0.10774175822734833,0.595568060874939,0.378624826669693,-0.07170681655406952,0.6406803727149963,0.534683108329773,-0.09778831899166107,0.6250095963478088,0.5362717509269714,-0.09157823026180267,0.6156609058380127,0.49777352809906006,-0.08860015869140625,0.5531979203224182,0.42458006739616394,-0.08576921373605728,0.5981124639511108,0.5505558252334595,-0.10381849110126495,0.594197690486908,0.547171950340271,-0.10452287644147873,0.5866243839263916,0.5118061900138855,-0.10467129200696945,fist,RRQ_p38,RRQ
0.7027503848075867,0.7159230709075928,4.5417968408401066e-07,0.6296401619911194,0.664816677570343,-0.021269140765070915,0.5782651305198669,0.5845659375190735,-0.03054755926132202,0.5428691506385803,0.5150038003921509,-0.040254902094602585,0.5049773454666138,0.477486252784729,-0.04920368269085884,0.6234413981437683,0.45228374004364014,0.004191804211586714,0.613777756690979,0.3563268184661865,-0.010229695588350296,0.6132636070251465,0.2980014979839325,-0.0273226760327816,0.6172647476196289,0.24417082965373993,-0.040987372398376465,0.6671308279037476,0.4396907687187195,-0.001779703889042139,0.6614688634872437,0.32917019724845886,-0.011216355487704277,0.6616533398628235,0.26172494888305664,-0.024830564856529236,0.6637409925460815,0.20442992448806763,-0.03641776368021965,0.7093070149421692,0.44832897186279297,-0.013369815424084663,0.7076004147529602,0.34362056851387024,-0.025494135916233063,0.7048333287239075,0.27813079953193665,-0.03577316179871559,0.701744019985199,0.22195780277252197,-0.04449751600623131,0.7529964447021484,0.47331708669662476,-0.028269710019230843,0.7630314826965332,0.39122697710990906,-0.03897111862897873,0.7677808403968811,0.3365976810455322,-0.04324963316321373,0.770626425743103,0.2848249673843384,-0.0473240427672863,open_palm,RRQ_p38,RRQ
0.7219946980476379,0.7199434041976929,5.620243541670789e-07,0.6478102207183838,0.6757113933563232,-0.027974575757980347,0.5865647196769714,0.5978379845619202,-0.039621300995349884,0.541421115398407,0.5364721417427063,-0.05031825229525566,0.5004854202270508,0.5029929876327515,-0.06030312553048134,0.6474382281303406,0.4508748948574066,-0.008230336010456085,0.6236640810966492,0.35481053590774536,-0.021840300410985947,0.6119091510772705,0.2959529757499695,-0.034927159547805786,0.6052711606025696,0.2453320026397705,-0.04566500335931778,0.6967415809631348,0.43994373083114624,-0.011321896687150002,0.7008766531944275,0.3266811966896057,-0.021316446363925934,0.7057191729545593,0.25801122188568115,-0.03164082020521164,0.7097879648208618,0.20541924238204956,-0.03953585401177406,0.7421419620513916,0.4529512822628021,-0.020491108298301697,0.7536122798919678,0.3509639501571655,-0.038123659789562225,0.7566384077072144,0.2865721583366394,-0.05103476345539093,0.7576780319213867,0.233003169298172,-0.05943155288696289,0.784218966960907,0.4833333194255829,-0.032709527760744095,0.8158001899719238,0.41124939918518066,-0.05103830248117447,0.8344060182571411,0.3613974153995514,-0.05989876762032509,0.849911630153656,0.3143131732940674,-0.06545396149158478,open_palm,RRQ_p38,RRQ
0.7240797877311707,0.6847261190414429,6.148835041130951e-07,0.6543843746185303,0.6399575471878052,-0.0362582765519619,0.5961120128631592,0.563261866569519,-0.060455963015556335,0.5508291721343994,0.5016878843307495,-0.08191030472517014,0.5050523281097412,0.4694787859916687,-0.10400622338056564,0.6614270806312561,0.4201940894126892,-0.040300991386175156,0.666756808757782,0.3104124963283539,-0.06955701112747192,0.6757251620292664,0.2431918978691101,-0.09451339393854141,0.6859144568443298,0.1815054714679718,-0.11313164979219437,0.7084627151489258,0.4142102003097534,-0.044594019651412964,0.7182245850563049,0.29133981466293335,-0.06801257282495499,0.7257576584815979,0.21325846016407013,-0.08779297024011612,0.7319668531417847,0.14177051186561584,-0.1034340187907219,0.7514792084693909,0.43358901143074036,-0.05346306785941124,0.7605001926422119,0.3183346390724182,-0.07607170939445496,0.7635354399681091,0.2464010864496231,-0.08997023105621338,0.7643637657165527,0.1816326081752777,-0.10091130435466766,0.7923150658607483,0.4718839228153229,-0.06611251085996628,0.8013151288032532,0.3902503550052643,-0.08657409250736237,0.8030166029930115,0.3350311815738678,-0.09443916380405426,0.8020156025886536,0.28307896852493286,-0.10032946616411209,open_palm,RRQ_p38,RRQ
0.7128514647483826,0.7006473541259766,4.870722705163644e-07,0.645543098449707,0.6558930277824402,-0.036426227539777756,0.6034951210021973,0.5673965811729431,-0.053349606692790985,0.5905318856239319,0.480152428150177,-0.06708275526762009,0.5746453404426575,0.4079166054725647,-0.0797479897737503,0.6408975124359131,0.4348626136779785,-0.023705441504716873,0.641889214515686,0.3306921124458313,-0.05028469115495682,0.6469057202339172,0.2664591670036316,-0.07391459494829178,0.6551612615585327,0.20604804158210754,-0.09162096679210663,0.6860365867614746,0.4254620373249054,-0.02535080350935459,0.6862512826919556,0.3074599504470825,-0.04603256657719612,0.6893600225448608,0.23464374244213104,-0.06645695120096207,0.6927818059921265,0.1649206578731537,-0.0825614482164383,0.7259881496429443,0.4406590461730957,-0.032845720648765564,0.7273454666137695,0.33064988255500793,-0.05468828231096268,0.7276289463043213,0.26147764921188354,-0.06926264613866806,0.7265430688858032,0.1949583888053894,-0.08059180527925491,0.7671049237251282,0.4750995337963104,-0.04431105777621269,0.7694066762924194,0.39393770694732666,-0.06522071361541748,0.7692211866378784,0.3401658535003662,-0.07436944544315338,0.7659720182418823,0.2865986227989197,-0.08104274421930313,open_palm,RRQ_p38,RRQ
0.6001430153846741,0.6229580044746399,2.1803958816235536e-07,0.5379347801208496,0.6561012864112854,-0.015309381298720837,0.4607442021369934,0.6343672275543213,-0.019208405166864395,0.4115198850631714,0.5930131077766418,-0.02471218816936016,0.38078612089157104,0.5542115569114685,-0.02937730774283409,0.4142559766769409,0.5349009037017822,0.007721281144768,0.35323911905288696,0.49155741930007935,-0.007784545421600342,0.3179205656051636,0.46094784140586853,-0.02517397329211235,0.28724905848503113,0.4293031692504883,-0.03943945840001106,0.4269648492336273,0.4937002658843994,0.00030342050013132393,0.358603298664093,0.4451755881309509,-0.0128716342151165,0.3171776533126831,0.4101715683937073,-0.029279230162501335,0.27927857637405396,0.3763035535812378,-0.04225901886820793,0.4517161548137665,0.4658660590648651,-0.01194324903190136,0.3871150314807892,0.41750451922416687,-0.025568101555109024,0.34779149293899536,0.38605642318725586,-0.03673103451728821,0.31194591522216797,0.3584194481372833,-0.04596081003546715,0.4876982271671295,0.44435855746269226,-0.027145590633153915,0.4375537037849426,0.40764015913009644,-0.03971189633011818,0.4030027687549591,0.384796679019928,-0.04622041806578636,0.36912181973457336,0.3649440109729767,-0.051794517785310745,open_palm,RRQ_p38,RRQ
0.696468710899353,0.5677886605262756,3.757459694497811e-07,0.6314540505409241,0.5219048857688904,-0.02170838788151741,0.589505136013031,0.4448140859603882,-0.03192035108804703,0.5764346122741699,0.36801964044570923,-0.04194965213537216,0.595997154712677,0.31374114751815796,-0.05003741756081581,0.617854118347168,0.3251393139362335,0.004503160715103149,0.6111668944358826,0.2365105301141739,-0.010811238549649715,0.6115488409996033,0.18388471007347107,-0.02880893275141716,0.6150723099708557,0.13489168882369995,-0.043231409043073654,0.6543339490890503,0.314678817987442,0.0016728714108467102,0.6477153897285461,0.21606601774692535,-0.008755826391279697,0.6466869711875916,0.1590455174446106,-0.02314559929072857,0.645203173160553,0.10548269748687744,-0.03497965633869171,0.689258873462677,0.3234735131263733,-0.006387615576386452,0.6835908889770508,0.23112231492996216,-0.017388707026839256,0.6798992156982422,0.1756235510110855,-0.025680284947156906,0.675462007522583,0.12849387526512146,-0.03277779743075371,0.7274283170700073,0.3471354842185974,-0.017807379364967346,0.7234975099563599,0.27609631419181824,-0.026930736377835274,0.7181061506271362,0.23051530122756958,-0.030076537281274796,0.7106918096542358,0.18811631202697754,-0.033045846968889236,open_palm,RRQ_p38,RRQ
0.7688252925872803,0.816161572933197,5.874632620361808e-07,0.7070264220237732,0.7673002481460571,-0.037098828703165054,0.6596048474311829,0.6872356534004211,-0.05874696373939514,0.6209395527839661,0.6195855140686035,-0.0771912932395935,0.5781800746917725,0.5819810032844543,-0.09603630751371384,0.7395343780517578,0.5592445135116577,-0.035504598170518875,0.7509927153587341,0.4557007849216461,-0.060555409640073776,0.7631335854530334,0.3917417824268341,-0.08261531591415405,0.7762094736099243,0.3342464864253998,-0.09941700845956802,0.7859731316566467,0.5584592819213867,-0.03695232421159744,0.8090512752532959,0.4475010931491852,-0.056561704725027084,0.8259684443473816,0.37665608525276184,-0.0748308077454567,0.8418465256690979,0.31300854682922363,-0.08975747972726822,0.8248894214630127,0.5808385610580444,-0.04316732659935951,0.8506481647491455,0.48397737741470337,-0.06257161498069763,0.8637758493423462,0.42004141211509705,-0.0760464295744896,0.8739067912101746,0.36117005348205566,-0.08697402477264404,0.858457088470459,0.619723379611969,-0.053280312567949295,0.8832158446311951,0.550006628036499,-0.06992482393980026,0.8966977596282959,0.5017737150192261,-0.07667327672243118,0.9070509672164917,0.4545430541038513,-0.08235055953264236,open_palm,RRQ_p38,RRQ
0.37798479199409485,0.6440951824188232,4.065584846557613e-07,0.442838191986084,0.6190446615219116,-0.032593563199043274,0.49930453300476074,0.5557323694229126,-0.045701973140239716,0.5381694436073303,0.49789851903915405,-0.0568186454474926,0.5725498199462891,0.4559636414051056,-0.06769680976867676,0.46555718779563904,0.41193655133247375,-0.01863880641758442,0.4763603210449219,0.32372814416885376,-0.03776151314377785,0.480998694896698,0.26741066575050354,-0.05586688965559006,0.4861750304698944,0.21643449366092682,-0.06967144459486008,0.4265960454940796,0.39829152822494507,-0.018772916868329048,0.4366930425167084,0.2966146171092987,-0.03573717176914215,0.44458189606666565,0.23095852136611938,-0.05316794291138649,0.4527073800563812,0.17442268133163452,-0.06628221273422241,0.388171523809433,0.4065382480621338,-0.02374277263879776,0.3943345248699188,0.31139451265335083,-0.04181754216551781,0.40326106548309326,0.2526906132698059,-0.05591323971748352,0.41383805871009827,0.19931694865226746,-0.065577432513237,0.34773412346839905,0.4308953285217285,-0.03235875815153122,0.34773018956184387,0.3560812771320343,-0.04957742989063263,0.3522871136665344,0.30718135833740234,-0.05844776704907417,0.3599632680416107,0.2583022117614746,-0.06425060331821442,open_palm,RRQ_p38,RRQ
0.5816516876220703,0.6226778626441956,3.8601842788921203e-07,0.650331974029541,0.6167547702789307,-0.0258879903703928,0.714336097240448,0.5751913189888,-0.03717384114861488,0.7610661387443542,0.5349225997924805,-0.04791345074772835,0.7958031296730042,0.49702188372612,-0.05851631611585617,0.7095896601676941,0.42583268880844116,-0.013577592559158802,0.7395631074905396,0.3428114056587219,-0.03139492869377136,0.756233274936676,0.2912423610687256,-0.048865098506212234,0.7722550630569458,0.2443244904279709,-0.06181399151682854,0.6772447228431702,0.40302830934524536,-0.016557643190026283,0.7069286704063416,0.309739887714386,-0.03098469413816929,0.7274892330169678,0.2483079880475998,-0.0473429337143898,0.7453325390815735,0.19603556394577026,-0.05999336019158363,0.6412309408187866,0.3993118107318878,-0.023805003613233566,0.6645910143852234,0.3109874725341797,-0.038129352033138275,0.6834842562675476,0.25457555055618286,-0.05052509903907776,0.7021964192390442,0.2040434628725052,-0.05968178063631058,0.6011415123939514,0.40973958373069763,-0.03430669754743576,0.6148693561553955,0.3388727903366089,-0.048558592796325684,0.6282023787498474,0.2911422848701477,-0.05554031580686569,0.6432651877403259,0.24561914801597595,-0.060160405933856964,open_palm,RRQ_p38,RRQ
0.2679744064807892,0.9313660264015198,5.877751618754701e-07,0.33847007155418396,0.8969312310218811,-0.0504780188202858,0.39561694860458374,0.826805591583252,-0.077741838991642,0.43265682458877563,0.760617733001709,-0.10046651214361191,0.4549636244773865,0.7005950212478638,-0.12363085895776749,0.32328224182128906,0.6591205596923828,-0.05961760878562927,0.32145577669143677,0.5437775254249573,-0.09551291167736053,0.3156394064426422,0.47156351804733276,-0.12289230525493622,0.30833563208580017,0.4022209942340851,-0.14282865822315216,0.269907146692276,0.6507242321968079,-0.059020474553108215,0.26214197278022766,0.5184484720230103,-0.09136085957288742,0.25613367557525635,0.43190476298332214,-0.11766337603330612,0.250169038772583,0.35178759694099426,-0.1371757686138153,0.2222258597612381,0.6732286214828491,-0.06313757598400116,0.20743992924690247,0.5512647032737732,-0.09461075812578201,0.20028361678123474,0.47174185514450073,-0.11631446331739426,0.19469667971134186,0.39780303835868835,-0.13103297352790833,0.17836055159568787,0.7187362313270569,-0.0716463252902031,0.15707644820213318,0.6279659271240234,-0.1009262353181839,0.14683619141578674,0.567821741104126,-0.11525797098875046,0.1407773345708847,0.5074700713157654,-0.12435336410999298,open_palm,RRQ_p38,RRQ
0.3262293040752411,0.7476016283035278,4.745183730392455e-07,0.38564199209213257,0.7182027101516724,-0.04145508259534836,0.4335798919200897,0.6551530361175537,-0.060803018510341644,0.4660791754722595,0.5954276919364929,-0.07655477523803711,0.4764050841331482,0.5433060526847839,-0.09194687008857727,0.3795618712902069,0.5077641010284424,-0.03844019025564194,0.3785543441772461,0.4132537245750427,-0.06382448226213455,0.3744858205318451,0.3534303307533264,-0.08541873097419739,0.36985328793525696,0.29697340726852417,-0.10157709568738937,0.3348678946495056,0.49963057041168213,-0.03644368797540665,0.32954472303390503,0.39129021763801575,-0.05832647159695625,0.3258451819419861,0.3218475580215454,-0.07889729738235474,0.32249897718429565,0.2587543725967407,-0.09468076378107071,0.29538431763648987,0.5169577598571777,-0.03898322954773903,0.2840653657913208,0.42080992460250854,-0.060250114649534225,0.278941810131073,0.3580608367919922,-0.07699938863515854,0.2755867540836334,0.2987891435623169,-0.08907252550125122,0.25902241468429565,0.5533270835876465,-0.0457226037979126,0.2443346083164215,0.480808824300766,-0.06607051938772202,0.23647931218147278,0.4333139657974243,-0.07703082263469696,0.23194363713264465,0.3847208321094513,-0.08450701832771301,open_palm,RRQ_p38,RRQ
0.5686032772064209,0.6787703037261963,4.432136506693496e-07,0.6419200301170349,0.6666015982627869,-0.02655017375946045,0.7072079181671143,0.6173250675201416,-0.03815562650561333,0.7496899962425232,0.5703245997428894,-0.049120817333459854,0.7751441597938538,0.5244557857513428,-0.06008389592170715,0.6954479813575745,0.46600809693336487,-0.019835159182548523,0.7278307676315308,0.3751840591430664,-0.04107602313160896,0.7470635175704956,0.3186718225479126,-0.06023002788424492,0.7649393081665039,0.26758259534835815,-0.07412968575954437,0.6600960493087769,0.4452036917209625,-0.02386702224612236,0.6911819577217102,0.3437591791152954,-0.04210710898041725,0.7129274010658264,0.2744751274585724,-0.06067075580358505,0.731401264667511,0.21420618891716003,-0.07444573193788528,0.6217560768127441,0.4459107220172882,-0.03179330378770828,0.6441488862037659,0.34801870584487915,-0.04969833418726921,0.6613950729370117,0.2837520241737366,-0.06480439752340317,0.6784361004829407,0.22624439001083374,-0.07534646987915039,0.5800226926803589,0.46307575702667236,-0.04275980219244957,0.5894240140914917,0.38722002506256104,-0.06083661690354347,0.5988643765449524,0.3352368474006653,-0.07035799324512482,0.6100848913192749,0.28568702936172485,-0.07619292289018631,open_palm,RRQ_p38,RRQ
0.3174300491809845,0.8339129686355591,8.371123954020732e-07,0.39535394310951233,0.7968263626098633,-0.06159096583724022,0.4542558491230011,0.715850830078125,-0.09584514051675797,0.5023030042648315,0.6354904770851135,-0.12366621941328049,0.5494617223739624,0.5734299421310425,-0.15208804607391357,0.3668336868286133,0.5565953850746155,-0.08126449584960938,0.3846915662288666,0.4296569228172302,-0.12292376160621643,0.3925493359565735,0.34347355365753174,-0.151786208152771,0.3953799307346344,0.26564428210258484,-0.17255143821239471,0.30632978677749634,0.5457068085670471,-0.07735408842563629,0.2991369962692261,0.4014066755771637,-0.11467970162630081,0.28994110226631165,0.30700618028640747,-0.1399267166852951,0.2781184911727905,0.22279959917068481,-0.15842492878437042,0.2541838586330414,0.5709730386734009,-0.07854675501585007,0.23352281749248505,0.4451817274093628,-0.11603984236717224,0.2190779745578766,0.35869669914245605,-0.13937467336654663,0.2063818871974945,0.27897584438323975,-0.1548270732164383,0.2088521420955658,0.6223064661026001,-0.0846840962767601,0.16319794952869415,0.5402840971946716,-0.12065000087022781,0.13409709930419922,0.4837469458580017,-0.13805508613586426,0.10940460860729218,0.4237789213657379,-0.14881634712219238,open_palm,RRQ_p38,RRQ
0.3312225937843323,0.8330793976783752,2.605530085020291e-07,0.39136025309562683,0.7853138446807861,-0.01043175533413887,0.4201069474220276,0.7033804655075073,-0.008104471489787102,0.4250171482563019,0.6408202648162842,-0.007689045276492834,0.4114626944065094,0.6008173823356628,-0.007236389443278313,0.38360852003097534,0.5935482382774353,0.01398424617946148,0.3892795145511627,0.5108991265296936,0.004500464536249638,0.3899558186531067,0.46138620376586914,-0.008463038131594658,0.38770902156829834,0.41826358437538147,-0.018298277631402016,0.3542790114879608,0.585942268371582,0.008287716656923294,0.3578333258628845,0.4928499758243561,0.0010735492687672377,0.3584679961204529,0.4327937364578247,-0.011616546660661697,0.3569002151489258,0.3826460838317871,-0.021294912323355675,0.3259475529193878,0.5955511331558228,-0.0013457776512950659,0.32592591643333435,0.5090287327766418,-0.010087010450661182,0.325979620218277,0.4548477530479431,-0.02014264278113842,0.32410141825675964,0.4088382422924042,-0.02711990661919117,0.29672497510910034,0.6206955313682556,-0.013056036084890366,0.2964240312576294,0.5496940612792969,-0.021826865151524544,0.2967987060546875,0.503684401512146,-0.02581942267715931,0.2963714599609375,0.4623561501502991,-0.028360828757286072,open_palm,RRQ_p38,RRQ
0.431409627199173,0.9515987634658813,2.183722358495288e-07,0.5047219395637512,0.9375971555709839,-0.0033159672748297453,0.5590920448303223,0.8640654683113098,0.0007780972518958151,0.5811421275138855,0.8024644255638123,0.0009644424426369369,0.5983794927597046,0.7553234100341797,0.000696408620569855,0.5596901178359985,0.7303663492202759,0.017289191484451294,0.5968635678291321,0.6496230363845825,0.005865828599780798,0.6207994222640991,0.6008898019790649,-0.007185830734670162,0.6424795985221863,0.5560550689697266,-0.01830948330461979,0.5380794405937195,0.7112325429916382,0.004639294929802418,0.5747963190078735,0.6161971092224121,-0.0057125939056277275,0.6016706228256226,0.5559405088424683,-0.01974412426352501,0.624554455280304,0.5021177530288696,-0.031160421669483185,0.5112274289131165,0.711158037185669,-0.011912806890904903,0.5404537320137024,0.6144739389419556,-0.025444108992815018,0.5607612133026123,0.5522160530090332,-0.03804686293005943,0.5780694484710693,0.49404120445251465,-0.047704681754112244,0.479606032371521,0.7282226085662842,-0.029846066609025,0.5006218552589417,0.6504099369049072,-0.04546906799077988,0.5170325636863708,0.5990455746650696,-0.054376207292079926,0.5330045819282532,0.5474027395248413,-0.06116088479757309,open_palm,RRQ_p38,RRQ
0.7638735175132751,0.7903581857681274,-5.608300170933944e-07,0.718478798866272,0.6931760311126709,-0.004278786480426788,0.6707497835159302,0.5844771862030029,-0.020144345238804817,0.6526119112968445,0.4974520206451416,-0.03540249913930893,0.6705938577651978,0.4296969771385193,-0.05068479850888252,0.6801329851150513,0.528114914894104,-0.07166827470064163,0.5513242483139038,0.5527470111846924,-0.10782117396593094,0.5618491172790527,0.6053657531738281,-0.11254781484603882,0.5979171991348267,0.6158207654953003,-0.11130954325199127,0.700606107711792,0.5927010774612427,-0.08631735295057297,0.5502610206604004,0.629936695098877,-0.11873546987771988,0.5648042559623718,0.6704813838005066,-0.10524643957614899,0.6007511615753174,0.6724764108657837,-0.09465212374925613,0.7117465138435364,0.6734163165092468,-0.10062478482723236,0.570375382900238,0.7096162438392639,-0.13460633158683777,0.5808185338973999,0.7407657504081726,-0.11267933994531631,0.614601194858551,0.7400063276290894,-0.0937766507267952,0.7161601781845093,0.7579001188278198,-0.11379993706941605,0.5992225408554077,0.7764679193496704,-0.14142319560050964,0.6044024229049683,0.7885254621505737,-0.1329462081193924,0.6350367665290833,0.7835617065429688,-0.12179551273584366,thumbs_up,RRQ_p38,RRQ
0.8577467203140259,0.8694865703582764,-4.1769175140871084e-07,0.8295379877090454,0.7264510989189148,0.0009450099314562976,0.7565440535545349,0.5705660581588745,-0.02477513998746872,0.7394664883613586,0.45294931530952454,-0.04997456446290016,0.781693160533905,0.3629346191883087,-0.07790892571210861,0.7480943202972412,0.589402437210083,-0.10332027077674866,0.5747635364532471,0.5891490578651428,-0.14378269016742706,0.609959602355957,0.615260124206543,-0.15537716448307037,0.6639154553413391,0.6230628490447998,-0.1591099202632904,0.7460753321647644,0.6942084431648254,-0.12157151103019714,0.569983959197998,0.6940706968307495,-0.1501711755990982,0.6176480054855347,0.7122959494590759,-0.13468517363071442,0.6746620535850525,0.7175053954124451,-0.12775765359401703,0.7420504093170166,0.799034833908081,-0.135369211435318,0.5929333567619324,0.7829197645187378,-0.15861865878105164,0.6367956399917603,0.7931802272796631,-0.12809403240680695,0.6908499598503113,0.7969008088111877,-0.10932890325784683,0.7344068288803101,0.8954752087593079,-0.14747047424316406,0.6170006990432739,0.8612008690834045,-0.16504164040088654,0.6543095111846924,0.8695717453956604,-0.14169692993164062,0.7021812796592712,0.8827639818191528,-0.12471168488264084,thumbs_up,RRQ_p38,RRQ
0.6010800004005432,0.7468241453170776,-9.105189633373811e-07,0.60514235496521,0.6121953725814819,-0.035317033529281616,0.6554780602455139,0.4889163672924042,-0.056413255631923676,0.6987289190292358,0.39429914951324463,-0.07899616658687592,0.7168592214584351,0.3221302628517151,-0.09220480918884277,0.8099807500839233,0.5215566158294678,-0.013382860459387302,0.8887965083122253,0.5014136433601379,-0.0774943083524704,0.8144194483757019,0.5278784036636353,-0.11186438798904419,0.7600165009498596,0.547339916229248,-0.1251983493566513,0.8269716501235962,0.6133835315704346,-0.019918231293559074,0.8875322341918945,0.5982565879821777,-0.09246192872524261,0.7793874144554138,0.6143421530723572,-0.10842150449752808,0.7423595190048218,0.6148122549057007,-0.10252178460359573,0.8235655426979065,0.7015922665596008,-0.03651054948568344,0.8706240653991699,0.7001861333847046,-0.10077479481697083,0.7762869596481323,0.6976786255836487,-0.08196787536144257,0.7452136874198914,0.691677451133728,-0.05297084152698517,0.8095769286155701,0.7951337099075317,-0.056501101702451706,0.8457460403442383,0.7926074266433716,-0.09002966433763504,0.7774737477302551,0.7793075442314148,-0.07084162533283234,0.7527860999107361,0.7638304829597473,-0.04739031568169594,thumbs_up,RRQ_p38,RRQ
0.7150763273239136,0.7635806798934937,-3.6029672401127755e-07,0.6998074650764465,0.6142585873603821,0.01578892022371292,0.6521586775779724,0.49176663160324097,0.008288830518722534,0.624728798866272,0.3856639564037323,-0.00405818922445178,0.6430841088294983,0.29909807443618774,-0.019202066585421562,0.5434281229972839,0.48083555698394775,-0.019740058109164238,0.44386178255081177,0.5116211771965027,-0.02089470997452736,0.47054988145828247,0.557455837726593,-0.0195390023291111,0.5098522305488586,0.5663408637046814,-0.01941745914518833,0.5177013278007507,0.559359610080719,-0.032509755343198776,0.4449042081832886,0.6044936776161194,-0.021193431690335274,0.4770747423171997,0.6385027170181274,-0.01124346163123846,0.5165407061576843,0.6402478814125061,-0.010562362149357796,0.5047298669815063,0.6477069854736328,-0.0406913235783577,0.46589767932891846,0.6797986030578613,-0.02391168288886547,0.4988834857940674,0.7000200152397156,-0.0098897535353899,0.5356273055076599,0.7007827758789062,-0.00898430123925209,0.5002831220626831,0.7326993942260742,-0.04815659299492836,0.4839617609977722,0.7466073632240295,-0.030594365671277046,0.5194047689437866,0.7632298469543457,-0.01309911534190178,0.5487030744552612,0.7655019760131836,-0.0034201976377516985,thumbs_up,RRQ_p38,RRQ
0.7844973206520081,0.7853068113327026,-7.439332421199651e-07,0.7370041012763977,0.6164554953575134,-0.05805208534002304,0.7409675717353821,0.4474279284477234,-0.08198448270559311,0.7616247534751892,0.33392518758773804,-0.093754842877388,0.7952742576599121,0.24867472052574158,-0.09333419799804688,0.883425772190094,0.436032772064209,-0.0754389613866806,0.7138136625289917,0.4630143940448761,-0.11938991397619247,0.7013331055641174,0.5102428197860718,-0.13423891365528107,0.7449369430541992,0.5144115090370178,-0.14162933826446533,0.925131618976593,0.5410658121109009,-0.06912793219089508,0.7107428312301636,0.5868365168571472,-0.10642477869987488,0.721378743648529,0.6100738048553467,-0.1044507548213005,0.7807762622833252,0.5890737771987915,-0.10152734816074371,0.9348052740097046,0.6624277234077454,-0.07008122652769089,0.7281610369682312,0.6972852945327759,-0.1094905361533165,0.7399510741233826,0.7015883326530457,-0.09270002692937851,0.7909318804740906,0.683033287525177,-0.07637636363506317,0.9200819730758667,0.777043879032135,-0.0777243822813034,0.7608327865600586,0.7918025255203247,-0.11687280237674713,0.7691288590431213,0.7828283309936523,-0.12002838402986526,0.8140993118286133,0.7669098377227783,-0.1135893166065216,thumbs_up,RRQ_p38,RRQ
0.61978679895401,0.7926487922668457,-1.3189772971600178e-06,0.5522786974906921,0.7038956880569458,-0.06852646917104721,0.5282093286514282,0.5547729730606079,-0.10055108368396759,0.5214661955833435,0.4473082423210144,-0.1216619610786438,0.509040892124176,0.34540462493896484,-0.13224747776985168,0.6529781222343445,0.4834672808647156,-0.08927475661039352,0.5783701539039612,0.6046415567398071,-0.1391083002090454,0.537761926651001,0.6753821969032288,-0.15527541935443878,0.5445660948753357,0.6660810112953186,-0.16509896516799927,0.7307490110397339,0.5528401732444763,-0.0807163193821907,0.6284250617027283,0.7070224285125732,-0.13066807389259338,0.5767804384231567,0.7451240420341492,-0.13276472687721252,0.5812199115753174,0.7085859775543213,-0.13177062571048737,0.7842411994934082,0.6430993676185608,-0.07907788455486298,0.6811813712120056,0.7838386297225952,-0.1327545940876007,0.6317856907844543,0.8057718276977539,-0.11754859983921051,0.6383497714996338,0.7625670433044434,-0.10297849029302597,0.8184016346931458,0.7332992553710938,-0.08432323485612869,0.7374240159988403,0.8381611108779907,-0.12762024998664856,0.6945644021034241,0.8577209711074829,-0.12611815333366394,0.695056676864624,0.8269197940826416,-0.11926477402448654,thumbs_up,RRQ_p38,RRQ
0.36933964490890503,0.8608088493347168,-5.187733904676861e-07,0.426615446805954,0.7659890055656433,-0.05597244203090668,0.44482797384262085,0.6360056400299072,-0.09084524214267731,0.45515280961990356,0.5263935923576355,-0.11845831573009491,0.4610617756843567,0.42595234513282776,-0.13924084603786469,0.2918263077735901,0.5653178691864014,-0.08568180352449417,0.38624823093414307,0.6848912239074707,-0.13784079253673553,0.4138568341732025,0.717731773853302,-0.16617968678474426,0.39365097880363464,0.683850884437561,-0.1857365369796753,0.21833792328834534,0.6476425528526306,-0.08247993141412735,0.3404315114021301,0.7850179076194763,-0.1232621893286705,0.36525702476501465,0.7913717031478882,-0.12684117257595062,0.33896613121032715,0.7481202483177185,-0.13297678530216217,0.17735978960990906,0.7427545189857483,-0.08515346050262451,0.2946726381778717,0.8676670789718628,-0.1170307993888855,0.31994712352752686,0.8641194701194763,-0.10117734223604202,0.29327142238616943,0.8173940777778625,-0.09397584944963455,0.1555580347776413,0.8412595391273499,-0.09584131091833115,0.24830879271030426,0.9375038146972656,-0.11838068068027496,0.2766888439655304,0.9296621084213257,-0.11441124975681305,0.2606654167175293,0.8918700218200684,-0.11137010902166367,thumbs_up,RRQ_p38,RRQ
0.2674928903579712,0.7424339056015015,-2.9246680810501857e-07,0.2942385673522949,0.6457588076591492,-0.008568471297621727,0.34497612714767456,0.5341977477073669,-0.027476321905851364,0.3640497028827667,0.4484356641769409,-0.04671575501561165,0.3445018231868744,0.3821771442890167,-0.06270433217287064,0.39114928245544434,0.5202646255493164,-0.05580320209264755,0.5088201761245728,0.5649366974830627,-0.08860671520233154,0.48530906438827515,0.5961265563964844,-0.10074552893638611,0.4462200701236725,0.5905049443244934,-0.10602220892906189,0.3852308690547943,0.5853146910667419,-0.06940421462059021,0.5050249099731445,0.6329226493835449,-0.09265763312578201,0.4719124436378479,0.6533637642860413,-0.08710957318544388,0.42905956506729126,0.6415213346481323,-0.08447569608688354,0.3809565305709839,0.6605288982391357,-0.08292584121227264,0.48360103368759155,0.7020668983459473,-0.0976136177778244,0.4503236413002014,0.7139595150947571,-0.07936496287584305,0.41208648681640625,0.7006940841674805,-0.06956804543733597,0.3793467879295349,0.7358605861663818,-0.09721746295690536,0.4637850821018219,0.7594475746154785,-0.10182441771030426,0.4337814152240753,0.7668709754943848,-0.08550471812486649,0.39713552594184875,0.7567819952964783,-0.07573461532592773,thumbs_up,RRQ_p38,RRQ
0.5188718438148499,0.9043542146682739,-5.946665169176413e-07,0.5134645700454712,0.7745690941810608,-0.012081540189683437,0.5470699071884155,0.6770895719528198,-0.022487377747893333,0.5764048099517822,0.5931271314620972,-0.031634844839572906,0.5817691683769226,0.5165127515792847,-0.03919580578804016,0.6756348609924316,0.7022558450698853,-0.004218095913529396,0.6604204773902893,0.7101430892944336,0.0013692994834855199,0.629325270652771,0.7301056981086731,-0.002955788280814886,0.6107364296913147,0.7418118119239807,-0.010498907417058945,0.702277421951294,0.7666923403739929,-0.003252017544582486,0.6715995669364929,0.7801972031593323,0.011225428432226181,0.6424798369407654,0.7938292026519775,0.0065063475631177425,0.6236817836761475,0.8054004311561584,-0.00501640560105443,0.7072798609733582,0.8353951573371887,-0.0011783966328948736,0.674512505531311,0.8415102958679199,0.011371531523764133,0.6501649618148804,0.8497928380966187,0.01154597569257021,0.6301575899124146,0.8552218675613403,0.0037381185684353113,0.7024913430213928,0.897942066192627,-0.0006522876210510731,0.6776227951049805,0.905430257320404,0.007192883640527725,0.6536695957183838,0.9082686901092529,0.013482277281582355,0.6354807615280151,0.9076611995697021,0.015721451491117477,thumbs_up,RRQ_p38,RRQ
0.29331812262535095,0.7961061000823975,-5.924102310927992e-07,0.3496586084365845,0.6838759183883667,-0.03990692272782326,0.3567788004875183,0.5475035309791565,-0.06017719581723213,0.3473793566226959,0.45598116517066956,-0.07818292081356049,0.3491261601448059,0.38069838285446167,-0.08899663388729095,0.20696042478084564,0.4706876277923584,-0.03538847714662552,0.26200950145721436,0.46544337272644043,-0.08505187183618546,0.30682244896888733,0.5419727563858032,-0.1123494803905487,0.3018202781677246,0.5706742405891418,-0.12765896320343018,0.14697366952896118,0.5285361409187317,-0.03679283335804939,0.22616590559482574,0.5456705093383789,-0.08483347296714783,0.28271448612213135,0.6159658432006836,-0.09617525339126587,0.27601003646850586,0.6295695900917053,-0.09773240983486176,0.11239348351955414,0.6056158542633057,-0.04542839154601097,0.19839957356452942,0.6304422616958618,-0.09051838517189026,0.252155065536499,0.6811012029647827,-0.0836382508277893,0.24380367994308472,0.6843292117118835,-0.0724382996559143,0.09367698431015015,0.6862752437591553,-0.05864495038986206,0.16707657277584076,0.7058999538421631,-0.08583714067935944,0.21390216052532196,0.7338492274284363,-0.08083602786064148,0.21208341419696808,0.7365649938583374,-0.07154807448387146,thumbs_up,RRQ_p38,RRQ
0.27298808097839355,0.7750557065010071,-4.970677309756866e-07,0.2513576149940491,0.6426998376846313,0.0046606543473899364,0.24884581565856934,0.5200752019882202,-0.013023247942328453,0.22263328731060028,0.42455992102622986,-0.03283951058983803,0.17418372631072998,0.3715246915817261,-0.05055345594882965,0.351940393447876,0.46929657459259033,-0.03539176285266876,0.44722211360931396,0.46279022097587585,-0.04154220223426819,0.43175506591796875,0.5112872123718262,-0.03946118429303169,0.3958488702774048,0.5320248603820801,-0.03836971893906593,0.3896097242832184,0.5342007279396057,-0.049383245408535004,0.46472853422164917,0.5437474846839905,-0.03636718913912773,0.44001275300979614,0.5832036137580872,-0.021306701004505157,0.40475308895111084,0.5997671484947205,-0.02020706795156002,0.4197617471218109,0.6130912899971008,-0.060415733605623245,0.47640103101730347,0.6122429370880127,-0.04097762331366539,0.4535762071609497,0.6437615156173706,-0.01768389344215393,0.42019087076187134,0.6610977649688721,-0.013765159994363785,0.4430760443210602,0.6885274648666382,-0.07175660878419876,0.47834527492523193,0.6773930788040161,-0.05141796916723251,0.4532235860824585,0.702138364315033,-0.0259760320186615,0.4250846207141876,0.7159740328788757,-0.013805069960653782,thumbs_up,RRQ_p38,RRQ
0.1935778260231018,0.7765281200408936,-3.992249162365624e-07,0.19048795104026794,0.629151463508606,-0.000894384749699384,0.1952490508556366,0.500916600227356,-0.022022973746061325,0.17231017351150513,0.393416166305542,-0.0451975092291832,0.11765813827514648,0.3371720314025879,-0.06631387025117874,0.32856401801109314,0.4805101752281189,-0.03074805811047554,0.4152719974517822,0.4863453209400177,-0.03458358347415924,0.39135703444480896,0.5251979231834412,-0.032749831676483154,0.3555346429347992,0.5387561321258545,-0.03250832110643387,0.36435380578041077,0.5636354684829712,-0.04079556092619896,0.42266058921813965,0.5701725482940674,-0.026377011090517044,0.390276700258255,0.597722053527832,-0.013441938906908035,0.35234254598617554,0.6099334359169006,-0.01292956992983818,0.38259774446487427,0.6515242457389832,-0.04857542738318443,0.41116946935653687,0.6536605358123779,-0.02529912255704403,0.3851962685585022,0.6741468906402588,-0.007113935425877571,0.34887757897377014,0.6836482286453247,-0.006546000484377146,0.3909510672092438,0.7314894795417786,-0.057521071285009384,0.4025614559650421,0.7304564118385315,-0.03461595997214317,0.37595370411872864,0.7426458597183228,-0.013433770276606083,0.34583574533462524,0.7460796236991882,-0.004122554324567318,thumbs_up,RRQ_p38,RRQ
0.339716374874115,0.7851908802986145,-4.595480902480631e-07,0.38625264167785645,0.6796597242355347,-0.04626569524407387,0.3857625126838684,0.5569903254508972,-0.07057350128889084,0.37114429473876953,0.46852418780326843,-0.0891537070274353,0.35935086011886597,0.3854700028896332,-0.10280189663171768,0.26971739530563354,0.4986554980278015,-0.07106759399175644,0.3679468631744385,0.5733002424240112,-0.1309567093849182,0.3977547287940979,0.6020447015762329,-0.16956393420696259,0.3796690106391907,0.584304928779602,-0.19420920312404633,0.21495875716209412,0.5769898891448975,-0.06870725005865097,0.34902650117874146,0.675954282283783,-0.1153377816081047,0.37109553813934326,0.6933132410049438,-0.1280517876148224,0.341632604598999,0.6672630906105042,-0.13848258554935455,0.1876743733882904,0.667685329914093,-0.07251574099063873,0.3186391592025757,0.7578572034835815,-0.11161881685256958,0.3401685953140259,0.7624682188034058,-0.10389076918363571,0.31298843026161194,0.7323024868965149,-0.09899254888296127,0.17803725600242615,0.7579177021980286,-0.08284853398799896,0.2838555872440338,0.8223304748535156,-0.1148117184638977,0.3052248954772949,0.8288712501525879,-0.11831539869308472,0.2814790904521942,0.8144741058349609,-0.11771556735038757,thumbs_up,RRQ_p38,RRQ
0.33708634972572327,0.7676529288291931,-3.1922417065288755e-07,0.38663536310195923,0.6860884428024292,-0.04404805973172188,0.405375212430954,0.5842932462692261,-0.06592141836881638,0.4007376432418823,0.5034250020980835,-0.08132694661617279,0.39122557640075684,0.42422807216644287,-0.09352089464664459,0.3271276354789734,0.5193035006523132,-0.06712476164102554,0.4167136251926422,0.6205475926399231,-0.11077985167503357,0.4196754992008209,0.6471251249313354,-0.13930027186870575,0.39435067772865295,0.6249027252197266,-0.1602250039577484,0.2725871205329895,0.5800095796585083,-0.063056580722332,0.3882559835910797,0.6953571438789368,-0.09425516426563263,0.3871455788612366,0.7000452876091003,-0.1017368733882904,0.3542000949382782,0.6701078414916992,-0.11224792897701263,0.24073989689350128,0.6530010104179382,-0.06372518837451935,0.34876739978790283,0.7551568746566772,-0.09219786524772644,0.3535533547401428,0.7511007189750671,-0.08333620429039001,0.32612335681915283,0.7156165242195129,-0.07987885922193527,0.22306126356124878,0.7285773158073425,-0.07041170448064804,0.3086407482624054,0.7993514537811279,-0.09793271124362946,0.31943148374557495,0.798555850982666,-0.1007477268576622,0.29843851923942566,0.7773464322090149,-0.10110560804605484,thumbs_up,RRQ_p38,RRQ
0.34762340784072876,0.8024901151657104,-4.744445334381453e-07,0.40657854080200195,0.7068561315536499,-0.028355171903967857,0.42371368408203125,0.5876486301422119,-0.04157412797212601,0.4180317521095276,0.5055100321769714,-0.05315595120191574,0.41040176153182983,0.4375872313976288,-0.060513757169246674,0.31422868371009827,0.5029513835906982,-0.028089767321944237,0.37557828426361084,0.5264850854873657,-0.06555257737636566,0.3983665108680725,0.5950731635093689,-0.08838529884815216,0.38462141156196594,0.6077221632003784,-0.10221847891807556,0.26246175169944763,0.5449877381324768,-0.029772186651825905,0.3466907739639282,0.5940722823143005,-0.06360950320959091,0.37504658102989197,0.6567050218582153,-0.07363604754209518,0.36035704612731934,0.6613729000091553,-0.07783549278974533,0.2281206250190735,0.6051118969917297,-0.03629603981971741,0.31147071719169617,0.65346759557724,-0.06948449462652206,0.3407525420188904,0.702248215675354,-0.06610572338104248,0.32720470428466797,0.703724205493927,-0.060016028583049774,0.2054803967475891,0.6696792840957642,-0.04599761962890625,0.27689045667648315,0.7044551372528076,-0.06756500899791718,0.3078276515007019,0.7367672920227051,-0.06453842669725418,0.3022576570510864,0.7404237985610962,-0.05767891928553581,thumbs_up,RRQ_p38,RRQ
0.7812141180038452,0.8877352476119995,1.00969282357255e-06,0.7174524664878845,0.8195286989212036,-0.028759727254509926,0.6803196668624878,0.713283896446228,-0.05245312675833702,0.6819635033607483,0.6238188147544861,-0.08046156913042068,0.7281800508499146,0.5672647953033447,-0.10563478618860245,0.7203909158706665,0.5657134652137756,-0.02808390185236931,0.7034307718276978,0.43158918619155884,-0.06088905781507492,0.6966231465339661,0.35495686531066895,-0.07870075106620789,0.696443498134613,0.28473222255706787,-0.0904596820473671,0.7804820537567139,0.5734780430793762,-0.04063580185174942,0.8044731020927429,0.41830116510391235,-0.08407973498106003,0.8301395177841187,0.32426759600639343,-0.10874953120946884,0.8570388555526733,0.2402450144290924,-0.11899133771657944,0.8322557806968689,0.6138647794723511,-0.05630259960889816,0.8018830418586731,0.5470189452171326,-0.11408539861440659,0.7494781017303467,0.6416094303131104,-0.11540868878364563,0.7204345464706421,0.7117410898208618,-0.09833245724439621,0.872929573059082,0.6703506112098694,-0.07385007292032242,0.8275986909866333,0.6293647885322571,-0.11493465304374695,0.7833733558654785,0.6859188675880432,-0.10895109921693802,0.7569218277931213,0.7341406345367432,-0.09347148984670639,peace_sign,RRQ_p38,RRQ
0.451783150434494,0.864660382270813,7.381156024166557e-07,0.46069851517677307,0.7315460443496704,0.038311731070280075,0.42889291048049927,0.6506074666976929,0.04470374435186386,0.3801741898059845,0.6096570491790771,0.044157978147268295,0.3386799991130829,0.6067068576812744,0.04307346045970917,0.41215944290161133,0.5832067728042603,-0.006108354777097702,0.3582358956336975,0.449310302734375,-0.014405269175767899,0.3255484402179718,0.3781670033931732,-0.013427577912807465,0.30058082938194275,0.3276761472225189,-0.0084613598883152,0.3541581332683563,0.621037483215332,-0.02234501577913761,0.2752818763256073,0.49469614028930664,-0.03272276371717453,0.22718793153762817,0.4256703853607178,-0.03461479768157005,0.19168835878372192,0.3819289207458496,-0.031489286571741104,0.3099589943885803,0.6745383739471436,-0.029595056548714638,0.28813987970352173,0.6241099238395691,-0.01892392709851265,0.3124992549419403,0.6385297775268555,-0.001869513769634068,0.3308946490287781,0.6666489243507385,0.01371607556939125,0.2779462933540344,0.7368707060813904,-0.03427375853061676,0.28413665294647217,0.6959882378578186,-0.006947520188987255,0.3067915141582489,0.7102077007293701,0.020818935707211494,0.3252091407775879,0.7349416017532349,0.04416368529200554,peace_sign,RRQ_p38,RRQ
0.3357412815093994,0.681242823600769,1.010821620184288e-06,0.26427754759788513,0.6494514346122742,-0.029898567125201225,0.20116399228572845,0.594417929649353,-0.058795101940631866,0.16033002734184265,0.5480629801750183,-0.09042401611804962,0.17199689149856567,0.4923844635486603,-0.11879752576351166,0.22488678991794586,0.4253685176372528,-0.047437671571969986,0.17945080995559692,0.31014710664749146,-0.08528996258974075,0.1521175503730774,0.24109847843647003,-0.10511290282011032,0.13467714190483093,0.17862674593925476,-0.11729973554611206,0.2782714366912842,0.41282859444618225,-0.05795701965689659,0.25552159547805786,0.28266850113868713,-0.1041567325592041,0.24850969016551971,0.19470563530921936,-0.12935322523117065,0.2455596625804901,0.11473527550697327,-0.14031007885932922,0.32571306824684143,0.43395113945007324,-0.07050438970327377,0.24215048551559448,0.4332680106163025,-0.12292378395795822,0.20837447047233582,0.5157930850982666,-0.1254531443119049,0.1983882486820221,0.5737043619155884,-0.11260641366243362,0.3539694547653198,0.479078471660614,-0.08560200780630112,0.2803320586681366,0.4970962703227997,-0.11948943138122559,0.2486671358346939,0.5494111180305481,-0.1160469800233841,0.23636020720005035,0.586685836315155,-0.10500437021255493,peace_sign,RRQ_p38,RRQ
0.6690027713775635,0.7805567979812622,7.300210995708767e-07,0.6304359436035156,0.6945003867149353,-0.022566815838217735,0.6294299960136414,0.5921817421913147,-0.04069696366786957,0.6521785259246826,0.516973078250885,-0.06310112029314041,0.6993016600608826,0.4844907820224762,-0.0834936797618866,0.6905893087387085,0.5138067007064819,-0.021983075886964798,0.7132112979888916,0.39967620372772217,-0.05136707052588463,0.728397011756897,0.3348690867424011,-0.0671117827296257,0.7458962202072144,0.27972280979156494,-0.07570169866085052,0.7322382926940918,0.5369693040847778,-0.03129127249121666,0.7808374762535095,0.4132953882217407,-0.06680469959974289,0.8122145533561707,0.3392218351364136,-0.08548309653997421,0.8434420824050903,0.27847662568092346,-0.09249818325042725,0.7649436593055725,0.5826336145401001,-0.043674297630786896,0.7567564249038696,0.5096612572669983,-0.08952560275793076,0.7006216049194336,0.5514116287231445,-0.09178415685892105,0.6643542051315308,0.5937721729278564,-0.07845534384250641,0.7898097038269043,0.6371147036552429,-0.05770069733262062,0.7821773886680603,0.5736867189407349,-0.08685395121574402,0.7417595982551575,0.5783794522285461,-0.08179154992103577,0.7087976336479187,0.5927950143814087,-0.07005106657743454,peace_sign,RRQ_p38,RRQ
0.6450481414794922,0.7275040149688721,5.317365889823122e-07,0.6091251373291016,0.6974794864654541,-0.01534187700599432,0.5936150550842285,0.6459289789199829,-0.02487589791417122,0.6049438714981079,0.5958809852600098,-0.03580304607748985,0.615881085395813,0.555529773235321,-0.04535836726427078,0.5790676474571228,0.5700210332870483,-0.01086323894560337,0.5718708038330078,0.5007148385047913,-0.026578614488244057,0.5705412030220032,0.45982062816619873,-0.03596701845526695,0.5705620050430298,0.4239392876625061,-0.04057794809341431,0.6088279485702515,0.5649306178092957,-0.015463115647435188,0.6116712093353271,0.4848708212375641,-0.033961500972509384,0.6173679232597351,0.4360204041004181,-0.04478204622864723,0.624056339263916,0.39600375294685364,-0.048711877316236496,0.6380304098129272,0.5762465000152588,-0.022210391238331795,0.6389733552932739,0.5503661036491394,-0.04785237833857536,0.6325888633728027,0.5962088704109192,-0.04964688792824745,0.6303707361221313,0.6272882223129272,-0.04234444722533226,0.6636507511138916,0.5974029302597046,-0.029996758326888084,0.6602969765663147,0.5692451000213623,-0.04643150418996811,0.6516550779342651,0.6037179231643677,-0.040860794484615326,0.6469476222991943,0.631564199924469,-0.0316801555454731,peace_sign,RRQ_p38,RRQ
0.7990449666976929,0.6305475831031799,1.155746758740861e-06,0.7640166282653809,0.5759120583534241,-0.056861404329538345,0.7680034041404724,0.5002302527427673,-0.09092683345079422,0.8319737315177917,0.4459154009819031,-0.12050658464431763,0.8858247399330139,0.3985370099544525,-0.14529088139533997,0.7722822427749634,0.3338516354560852,-0.06143415346741676,0.785546064376831,0.21146537363529205,-0.10398265719413757,0.7961129546165466,0.13237477838993073,-0.12963342666625977,0.8074220418930054,0.06455561518669128,-0.14533892273902893,0.8261920213699341,0.33931034803390503,-0.0586768314242363,0.8727362155914307,0.21803276240825653,-0.10583148896694183,0.9124665260314941,0.13834154605865479,-0.130580872297287,0.9486293792724609,0.06665819883346558,-0.14137759804725647,0.8670710325241089,0.37981322407722473,-0.06152050569653511,0.9033267498016357,0.3852526545524597,-0.11475659161806107,0.8727982044219971,0.45559200644493103,-0.11863170564174652,0.8467041850090027,0.48790687322616577,-0.10682402551174164,0.8950628638267517,0.436566561460495,-0.06962855160236359,0.9187171459197998,0.44605451822280884,-0.10767564922571182,0.8883782029151917,0.4902486205101013,-0.10629769414663315,0.8568019866943359,0.5062969923019409,-0.09614507853984833,peace_sign,RRQ_p38,RRQ
0.7191192507743835,0.6741132736206055,4.391430650230177e-07,0.7236101627349854,0.5798112154006958,0.026770563796162605,0.6966875791549683,0.5101295113563538,0.02465088479220867,0.6506049633026123,0.48362475633621216,0.015893761068582535,0.6124128699302673,0.48609116673469543,0.005229021888226271,0.7014294862747192,0.44842851161956787,-0.014984959736466408,0.6553062200546265,0.3453901708126068,-0.031371109187603,0.6334945559501648,0.28372880816459656,-0.039663948118686676,0.6155849695205688,0.23985075950622559,-0.042924340814352036,0.6680545210838318,0.4751085042953491,-0.03460893779993057,0.6029222011566162,0.3738563656806946,-0.04879783093929291,0.561683177947998,0.31569743156433105,-0.0571904294192791,0.5299364924430847,0.2753215432167053,-0.06277355551719666,0.6332899332046509,0.512740969657898,-0.048310358077287674,0.57598876953125,0.48418185114860535,-0.047561854124069214,0.5906946063041687,0.5115751028060913,-0.0352545790374279,0.6099996566772461,0.5294846892356873,-0.026084421202540398,0.6017112731933594,0.5537130236625671,-0.06056657060980797,0.5685244798660278,0.5349507331848145,-0.05019678175449371,0.5847113728523254,0.5579158067703247,-0.03162141889333725,0.6030815839767456,0.5713180899620056,-0.01700722426176071,peace_sign,RRQ_p38,RRQ
0.38664668798446655,0.8599665760993958,5.114721943755285e-07,0.3989712595939636,0.7516271471977234,0.010600714944303036,0.3620738983154297,0.6778662204742432,0.02110356092453003,0.31451037526130676,0.6521003246307373,0.03120884858071804,0.2794171869754791,0.6665322780609131,0.04142787307500839,0.3306003510951996,0.6349567174911499,0.003605570876970887,0.28185251355171204,0.5372434854507446,0.01208290085196495,0.2543450593948364,0.4874892830848694,0.022572575137019157,0.2311573177576065,0.4542572498321533,0.032091688364744186,0.28509172797203064,0.6727933883666992,0.004018320236355066,0.2196366786956787,0.5868144035339355,0.013307008892297745,0.18484185636043549,0.5432003140449524,0.01705026999115944,0.15991169214248657,0.5177658796310425,0.022007690742611885,0.2589386999607086,0.71797776222229,0.008015600964426994,0.2558015286922455,0.6786036491394043,0.018018411472439766,0.2819826006889343,0.6841055750846863,0.016956117004156113,0.2996152937412262,0.7034088373184204,0.019611740484833717,0.24402503669261932,0.7609365582466125,0.013507557101547718,0.2571461796760559,0.7242323756217957,0.0289169754832983,0.2813490033149719,0.7321442365646362,0.03789909929037094,0.29948890209198,0.750689685344696,0.04672301560640335,peace_sign,RRQ_p38,RRQ
0.44623082876205444,0.7271097898483276,6.838413355580997e-07,0.44569942355155945,0.6222872138023376,0.005302052479237318,0.4878115952014923,0.5513279438018799,-0.006693078670650721,0.5458399653434753,0.5288530588150024,-0.017652133479714394,0.5865539312362671,0.5301416516304016,-0.029068106785416603,0.5025464296340942,0.5242851972579956,-0.05722220614552498,0.5675187110900879,0.4253455400466919,-0.07639826834201813,0.6044290661811829,0.36898213624954224,-0.08319766819477081,0.634671688079834,0.3298940360546112,-0.08502643555402756,0.5408235192298889,0.5670788288116455,-0.06431028246879578,0.6272764205932617,0.47734305262565613,-0.07851087301969528,0.6798058748245239,0.4285781979560852,-0.08011878281831741,0.7194718718528748,0.4006739556789398,-0.08034460246562958,0.5729838609695435,0.6175536513328552,-0.06471959501504898,0.6266707181930542,0.5621394515037537,-0.06563407927751541,0.5990744233131409,0.5643633604049683,-0.048717156052589417,0.5697620511054993,0.5824217796325684,-0.03546096011996269,0.595480740070343,0.6634364724159241,-0.06458546221256256,0.6198617815971375,0.6147148609161377,-0.05696430429816246,0.5982863903045654,0.6135310530662537,-0.03643679618835449,0.5806173086166382,0.626011848449707,-0.019252073019742966,peace_sign,RRQ_p38,RRQ
0.5628180503845215,0.6516977548599243,6.539649461956287e-07,0.5647182464599609,0.5457466840744019,-0.0006892206729389727,0.6074555516242981,0.4771254360675812,-0.00964154303073883,0.6601067185401917,0.45757320523262024,-0.020324645563960075,0.6976720094680786,0.4721420407295227,-0.031007293611764908,0.6424574851989746,0.4448833465576172,-0.032716814428567886,0.7021346092224121,0.3507044315338135,-0.04738638550043106,0.7382319569587708,0.30088651180267334,-0.05263804644346237,0.767482340335846,0.2642343044281006,-0.05388692393898964,0.6847202777862549,0.4908668100833893,-0.040175486356019974,0.7559517621994019,0.4150509834289551,-0.049745045602321625,0.8037434220314026,0.3718818128108978,-0.05462351813912392,0.839122474193573,0.34690821170806885,-0.05636298283934593,0.7092475295066833,0.5463160872459412,-0.04460369423031807,0.7136518359184265,0.5146631598472595,-0.04755585268139839,0.6899190545082092,0.5254452228546143,-0.041940491646528244,0.6686514616012573,0.5469223856925964,-0.03504912555217743,0.7194849252700806,0.5966743230819702,-0.049666982144117355,0.7075769901275635,0.5706459879875183,-0.043979790061712265,0.6859534978866577,0.5773262977600098,-0.030422192066907883,0.6677137017250061,0.5955165028572083,-0.018046436831355095,peace_sign,RRQ_p38,RRQ
0.6273875832557678,0.869271457195282,6.440102424676297e-07,0.625572681427002,0.755480170249939,0.0026222211308777332,0.6725338697433472,0.6755180358886719,-0.00014492895570583642,0.7304591536521912,0.6487489342689514,-0.0011532616335898638,0.769860565662384,0.6518169641494751,-0.001871815649792552,0.7271960377693176,0.6663232445716858,-0.03919067606329918,0.798294723033905,0.5601298213005066,-0.04720015451312065,0.8403255939483643,0.5109153985977173,-0.04755256697535515,0.8728190064430237,0.474353551864624,-0.04643324390053749,0.7679852247238159,0.7170155048370361,-0.0370878130197525,0.8544958829879761,0.6343313455581665,-0.04414691776037216,0.9074878096580505,0.5879338383674622,-0.047174036502838135,0.9469345808029175,0.5604627132415771,-0.04891638085246086,0.7877389788627625,0.7699010372161865,-0.029035089537501335,0.7953893542289734,0.7150844931602478,-0.020353244617581367,0.7669760584831238,0.7116844058036804,-0.008122092112898827,0.7425211668014526,0.7279160022735596,0.0005821218364872038,0.7941492795944214,0.809312105178833,-0.021083885803818703,0.7869183421134949,0.7615655064582825,-0.0072027454152703285,0.7626748085021973,0.7598909139633179,0.008447612635791302,0.7437195777893066,0.7752199172973633,0.020885450765490532,peace_sign,RRQ_p38,RRQ
0.35162025690078735,0.7884243130683899,7.029531730040617e-07,0.30475783348083496,0.6900986433029175,0.028158260509371758,0.29790568351745605,0.6043815016746521,0.02165844477713108,0.32307231426239014,0.5361809730529785,0.011037388816475868,0.35551056265830994,0.5017279386520386,0.0007563927210867405,0.28807979822158813,0.5538646578788757,-0.044392380863428116,0.27928537130355835,0.4154004454612732,-0.07063991576433182,0.2740485668182373,0.3329346776008606,-0.08155157417058945,0.27438855171203613,0.2736121714115143,-0.08562738448381424,0.3374907970428467,0.5607020854949951,-0.06302746385335922,0.3643718361854553,0.40359383821487427,-0.09899625927209854,0.37898603081703186,0.30915480852127075,-0.11078859865665436,0.3909073770046234,0.2523418068885803,-0.11380048096179962,0.3917478621006012,0.5792924761772156,-0.0712793692946434,0.41852787137031555,0.49025994539260864,-0.07595235109329224,0.4084828197956085,0.5129433274269104,-0.045873016119003296,0.3978421688079834,0.5465532541275024,-0.020568139851093292,0.4380009174346924,0.6104076504707336,-0.07792866230010986,0.4481428861618042,0.5360834002494812,-0.05871017649769783,0.4385661482810974,0.5592159628868103,-0.020470216870307922,0.43208685517311096,0.5927436947822571,0.01036999560892582,peace_sign,RRQ_p38,RRQ
0.34479716420173645,0.7663654685020447,8.385550245293416e-07,0.39560458064079285,0.7042062282562256,-0.0392875038087368,0.41811639070510864,0.601415753364563,-0.05910208076238632,0.40669482946395874,0.5208762288093567,-0.07894239574670792,0.35656508803367615,0.4944520592689514,-0.09611204266548157,0.36984241008758545,0.4835742115974426,-0.03609588369727135,0.3797222077846527,0.36209237575531006,-0.07132913172245026,0.38440582156181335,0.2915295660495758,-0.09091901034116745,0.3856770992279053,0.22757840156555176,-0.10073205083608627,0.3187524974346161,0.4922974109649658,-0.040885020047426224,0.2997250556945801,0.35855379700660706,-0.08680862188339233,0.285923570394516,0.27322646975517273,-0.10995478928089142,0.271793007850647,0.20203113555908203,-0.11729714274406433,0.27519357204437256,0.5295066237449646,-0.049824539572000504,0.30037882924079895,0.48291951417922974,-0.11296926438808441,0.3376256823539734,0.5596256256103516,-0.11846422404050827,0.3567958176136017,0.6177972555160522,-0.10106634348630905,0.2399013340473175,0.5801506042480469,-0.06138075143098831,0.26789671182632446,0.5463279485702515,-0.10504687577486038,0.3039094805717468,0.5883524417877197,-0.10126988589763641,0.32289278507232666,0.6239539980888367,-0.08574172854423523,peace_sign,RRQ_p38,RRQ
0.27587756514549255,0.8810921907424927,1.1606256293816841e-06,0.33500513434410095,0.8233505487442017,-0.0791788324713707,0.34592628479003906,0.7334363460540771,-0.11988670378923416,0.28546586632728577,0.6851154565811157,-0.15468931198120117,0.21482308208942413,0.6428194046020508,-0.18513886630535126,0.3030225932598114,0.5317355394363403,-0.07478808611631393,0.29888880252838135,0.3848158121109009,-0.1307285577058792,0.29047274589538574,0.2884659171104431,-0.16353201866149902,0.2782828211784363,0.2050623893737793,-0.1804019659757614,0.23351894319057465,0.5444616675376892,-0.07013562321662903,0.1816156506538391,0.3903629183769226,-0.13668473064899445,0.14331084489822388,0.28837642073631287,-0.17247119545936584,0.11097728461027145,0.1978420615196228,-0.18435896933078766,0.183811753988266,0.5974529385566711,-0.07324634492397308,0.1513935625553131,0.600784182548523,-0.1621682047843933,0.19073142111301422,0.6999852657318115,-0.17688947916030884,0.22399719059467316,0.7518225312232971,-0.15808674693107605,0.1464577615261078,0.6666303277015686,-0.08152695000171661,0.1106402650475502,0.6585164666175842,-0.1423850953578949,0.1470457911491394,0.7261587977409363,-0.13866278529167175,0.18277743458747864,0.7634887099266052,-0.11841642111539841,peace_sign,RRQ_p38,RRQ
0.6368235945701599,0.858181357383728,9.978729167414713e-07,0.7087493538856506,0.8349945545196533,-0.037619709968566895,0.7724700570106506,0.7816960215568542,-0.06233758479356766,0.8004050850868225,0.7291041612625122,-0.08759365230798721,0.7757595181465149,0.6788527369499207,-0.10850493609905243,0.7678421139717102,0.6211294531822205,-0.044440820813179016,0.8248982429504395,0.5120915174484253,-0.08408138155937195,0.8600020408630371,0.4487961232662201,-0.10567036271095276,0.8894214630126953,0.3920985460281372,-0.11631657183170319,0.7131325006484985,0.593262791633606,-0.0519639253616333,0.7444045543670654,0.46597445011138916,-0.10489404946565628,0.774195671081543,0.3886021375656128,-0.13231009244918823,0.8007064461708069,0.32211363315582275,-0.14140763878822327,0.6579129099845886,0.5988749265670776,-0.06237732991576195,0.7165557146072388,0.6123961806297302,-0.12501829862594604,0.7267876267433167,0.7020679712295532,-0.1293414980173111,0.7251701354980469,0.7563821077346802,-0.11151382327079773,0.6111500263214111,0.629172682762146,-0.07608477026224136,0.6599858403205872,0.6499236822128296,-0.11710909754037857,0.6877029538154602,0.7080573439598083,-0.11333947628736496,0.701792299747467,0.7444108128547668,-0.09764941781759262,peace_sign,RRQ_p38,RRQ
0.7864773869514465,0.8460618853569031,-3.7157940369070275e-07,0.7751700282096863,0.7345987558364868,0.03838827461004257,0.7360104918479919,0.6669952869415283,0.050706081092357635,0.6902208924293518,0.6476370692253113,0.054758429527282715,0.6549211144447327,0.6606590747833252,0.0571320541203022,0.7102927565574646,0.6115142107009888,0.025642598047852516,0.6280103921890259,0.5778535604476929,0.029914990067481995,0.6186203360557556,0.6130468845367432,0.03574637323617935,0.6340163350105286,0.6376205682754517,0.04094528406858444,0.6790094971656799,0.6479448080062866,0.005186149850487709,0.5959727764129639,0.6097820401191711,0.013874166645109653,0.5966364145278931,0.6486709117889404,0.024835020303726196,0.6190095543861389,0.6697766184806824,0.0320790596306324,0.6534112691879272,0.6985322833061218,-0.011616122908890247,0.572740375995636,0.6502255201339722,-0.0019377938006073236,0.5775891542434692,0.6854026317596436,0.013430346734821796,0.5981471538543701,0.7042551040649414,0.022193728014826775,0.6363226771354675,0.7579856514930725,-0.024919338524341583,0.5662624835968018,0.7161673307418823,-0.014502596110105515,0.5681653618812561,0.7306599020957947,0.0033495621755719185,0.5845404267311096,0.7409538626670837,0.01649586297571659,neutral,RRQ_p38,RRQ
0.8704245090484619,0.8937873840332031,-8.301782372654998e-07,0.7940415143966675,0.849718451499939,-0.01767561212182045,0.722725510597229,0.7658000588417053,-0.033887580037117004,0.6701894998550415,0.7147103548049927,-0.054821643978357315,0.629233717918396,0.6706316471099854,-0.07242763787508011,0.7702164649963379,0.6215717792510986,-0.009488706476986408,0.7132766842842102,0.5548484325408936,-0.05977228283882141,0.6728894710540771,0.6100616455078125,-0.09101462364196777,0.6570496559143066,0.6680898666381836,-0.1048295870423317,0.8198510408401489,0.6224812269210815,-0.022655164822936058,0.7573511004447937,0.5580013394355774,-0.07569058984518051,0.7155449390411377,0.6498709917068481,-0.09219478815793991,0.7110296487808228,0.7128668427467346,-0.09105027467012405,0.8708673119544983,0.6449448466300964,-0.04284496605396271,0.8076670169830322,0.6039890646934509,-0.09293568134307861,0.7643742561340332,0.6947488188743591,-0.09089113771915436,0.7559481263160706,0.7507444620132446,-0.07598266750574112,0.9227599501609802,0.6813556551933289,-0.06484341621398926,0.8764057159423828,0.6437830924987793,-0.09672802686691284,0.8278977274894714,0.6963761448860168,-0.09337807446718216,0.8041471242904663,0.7377815246582031,-0.08232584595680237,neutral,RRQ_p38,RRQ
0.663998007774353,0.936989963054657,1.491610390758069e-07,0.6588951349258423,0.8261073231697083,0.017995573580265045,0.62698894739151,0.7400450706481934,0.025575675070285797,0.5752071142196655,0.695530116558075,0.03534483537077904,0.5371032357215881,0.7074754238128662,0.04799400642514229,0.5532158613204956,0.7531560063362122,-0.018683182075619698,0.49182307720184326,0.705113410949707,-0.010018915869295597,0.49685466289520264,0.7114849090576172,0.00982753373682499,0.5149245262145996,0.7265447378158569,0.0261885616928339,0.5198432803153992,0.8140079379081726,-0.02470233663916588,0.4399634003639221,0.7401624917984009,-0.025238564237952232,0.41758331656455994,0.7042261362075806,-0.01051823515444994,0.41311901807785034,0.6845002770423889,0.0034842663444578648,0.5028554201126099,0.8771423697471619,-0.025390930473804474,0.4214078187942505,0.8136934041976929,-0.023405877873301506,0.39938443899154663,0.773271381855011,-0.012661010958254337,0.39556455612182617,0.7446595430374146,-0.0036423064302653074,0.5042165517807007,0.9394222497940063,-0.02245940826833248,0.4344584345817566,0.9018771052360535,-0.01336942333728075,0.4133656620979309,0.8729561567306519,0.0013380699092522264,0.40930527448654175,0.847337007522583,0.013071460649371147,neutral,RRQ_p38,RRQ
0.7479547262191772,0.8558753728866577,-6.17841465100355e-07,0.6878531575202942,0.828504204750061,0.0010114287724718451,0.6520110368728638,0.7823959589004517,-0.005641145631670952,0.6204121112823486,0.754714846611023,-0.020351411774754524,0.5911948680877686,0.7433409690856934,-0.032387252897024155,0.7020163536071777,0.6744371652603149,0.021347997710108757,0.6662335991859436,0.6164044737815857,-0.00781714916229248,0.6521526575088501,0.6707472205162048,-0.023750588297843933,0.6644286513328552,0.7121114730834961,-0.02909519337117672,0.7204506993293762,0.66697096824646,0.007853562012314796,0.6671940088272095,0.612486720085144,-0.02622554451227188,0.6560977101325989,0.6897720098495483,-0.03341519087553024,0.6810523867607117,0.7221687436103821,-0.027318743988871574,0.7431921362876892,0.6599373817443848,-0.010831262916326523,0.683600127696991,0.6118365526199341,-0.041026484221220016,0.6730217337608337,0.6887876391410828,-0.03359568864107132,0.6995792388916016,0.7218621373176575,-0.01777789555490017,0.7699529528617859,0.6574491858482361,-0.030513836070895195,0.7111930847167969,0.6326049566268921,-0.04535761475563049,0.6949934363365173,0.6823061108589172,-0.03726043924689293,0.713330090045929,0.7135640978813171,-0.02456308715045452,neutral,RRQ_p38,RRQ
0.49204134941101074,0.9394397735595703,-6.538398338307161e-07,0.5335827469825745,0.8659533262252808,0.024593355134129524,0.54461669921875,0.7934967279434204,0.02772398479282856,0.5203803777694702,0.7314801216125488,0.023645875975489616,0.48767635226249695,0.7006469368934631,0.01926177181303501,0.5639356374740601,0.7473711371421814,0.013221127912402153,0.5126750469207764,0.6532731652259827,0.002795635489746928,0.47647470235824585,0.6752102971076965,-0.0010513580637052655,0.46627670526504517,0.7088921666145325,-0.002906546462327242,0.5526336431503296,0.7413536310195923,-0.0032549966126680374,0.46946993470191956,0.6607569456100464,-0.008836822584271431,0.4425065219402313,0.705527126789093,-0.004949797876179218,0.44518691301345825,0.7451452612876892,-0.004020921885967255,0.5300812125205994,0.7439295649528503,-0.018859688192605972,0.4404023289680481,0.6864480972290039,-0.02006848342716694,0.4211426377296448,0.7375676035881042,-0.0134354829788208,0.428892582654953,0.775330662727356,-0.012865901924669743,0.4995559751987457,0.7535741329193115,-0.03328784927725792,0.42459172010421753,0.7298409938812256,-0.03773363307118416,0.4068181812763214,0.7639627456665039,-0.03828779235482216,0.40897423028945923,0.7876899838447571,-0.03960472717881203,neutral,RRQ_p38,RRQ
0.833310604095459,0.834386944770813,-6.8980563128207e-07,0.7812408804893494,0.7340651750564575,0.04729457572102547,0.7159085869789124,0.6967862844467163,0.06382210552692413,0.6649639010429382,0.701667070388794,0.0688980296254158,0.6307343244552612,0.7306748032569885,0.07132191956043243,0.6596960425376892,0.6449834108352661,0.03040366992354393,0.5685980319976807,0.6691772937774658,0.030533980578184128,0.5683016180992126,0.7111313343048096,0.033796556293964386,0.5888968110084534,0.7290709018707275,0.03782927617430687,0.6530362963676453,0.6877555251121521,0.004072878509759903,0.5731571912765503,0.7238683700561523,0.009079137817025185,0.5979259014129639,0.7592656016349792,0.0173188466578722,0.6269137859344482,0.7610481977462769,0.021398121491074562,0.6551468372344971,0.7473934292793274,-0.018230227753520012,0.5847376585006714,0.7759817838668823,-0.014230321161448956,0.6147427558898926,0.8017845749855042,-0.0026610721834003925,0.6430178880691528,0.7992380857467651,0.0023646759800612926,0.661976158618927,0.8137761354446411,-0.03613380715250969,0.5876383185386658,0.8113213181495667,-0.033804405480623245,0.5695777535438538,0.815118134021759,-0.02391076274216175,0.5588153004646301,0.8104789853096008,-0.017309674993157387,neutral,RRQ_p38,RRQ
0.7880337238311768,0.884819746017456,-8.041742489695025e-07,0.7156943082809448,0.847775399684906,0.0665639340877533,0.6495717167854309,0.8156818747520447,0.09018032252788544,0.5944187045097351,0.8089250922203064,0.09626927971839905,0.5527914762496948,0.8158658146858215,0.09901946038007736,0.6229410767555237,0.6837338209152222,0.07500804215669632,0.5240254402160645,0.7148414254188538,0.08306452631950378,0.5047808885574341,0.7757721543312073,0.08034846186637878,0.5118303894996643,0.8174075484275818,0.0782071128487587,0.6135993003845215,0.690569281578064,0.038311127573251724,0.5072007179260254,0.7341733574867249,0.05438853055238724,0.500394880771637,0.8012040257453918,0.054298531264066696,0.5188833475112915,0.8466393351554871,0.05012030899524689,0.6080164313316345,0.7244042754173279,0.005171639379113913,0.5042678117752075,0.7704689502716064,0.02166489139199257,0.5051791071891785,0.8365642428398132,0.02725730836391449,0.5239441990852356,0.8750791549682617,0.024801233783364296,0.6009964942932129,0.7809054851531982,-0.02352755330502987,0.5147613883018494,0.8066282868385315,-0.00994781218469143,0.5065799951553345,0.8489724397659302,0.0015677468618378043,0.5160133242607117,0.8799816370010376,0.006926894653588533,neutral,RRQ_p38,RRQ
0.8509431481361389,0.8246891498565674,-5.01952627018909e-07,0.7947929501533508,0.7332296967506409,0.03921287879347801,0.7224522233009338,0.7056015729904175,0.04882890731096268,0.6678874492645264,0.7154524922370911,0.05003724247217178,0.6325086355209351,0.7509452700614929,0.047099076211452484,0.670962393283844,0.6558749079704285,0.012147481553256512,0.5779890418052673,0.7113349437713623,0.005911968182772398,0.5464134812355042,0.7572909593582153,0.0037622672971338034,0.5344952940940857,0.7896949648857117,0.004106423817574978,0.6708571910858154,0.6958791017532349,-0.011743196286261082,0.5729642510414124,0.7503770589828491,-0.010481243953108788,0.5532997846603394,0.7953706979751587,-0.0055565121583640575,0.552237331867218,0.826600193977356,-0.003924964927136898,0.6790318489074707,0.7510833740234375,-0.03169940039515495,0.5835484266281128,0.7913636565208435,-0.02917657233774662,0.5664310455322266,0.829969048500061,-0.02009105682373047,0.5636589527130127,0.8538820147514343,-0.01630181446671486,0.6949092149734497,0.8163158893585205,-0.048031680285930634,0.6137639284133911,0.8289626836776733,-0.04903305694460869,0.5890754461288452,0.8440139889717102,-0.04167548567056656,0.5748331546783447,0.8550728559494019,-0.03562166914343834,neutral,RRQ_p38,RRQ
0.5334760546684265,0.9746960401535034,3.370918477685336e-07,0.4854884743690491,0.8944584131240845,0.004730532877147198,0.47682082653045654,0.7950960993766785,0.004063641186803579,0.4802080988883972,0.7290172576904297,-0.0014158234698697925,0.4858641028404236,0.6771865487098694,-0.008427166379988194,0.4998820424079895,0.7343994379043579,0.00442917225882411,0.5034827589988708,0.6494688987731934,-0.012855025939643383,0.49598750472068787,0.5880441665649414,-0.02805349789559841,0.4896000921726227,0.5381160974502563,-0.04041682556271553,0.5130071043968201,0.7439913749694824,-0.014312926679849625,0.5181055665016174,0.646114706993103,-0.03607817739248276,0.5074528455734253,0.5751359462738037,-0.055735498666763306,0.4968940019607544,0.5131553411483765,-0.06914966553449631,0.5278859734535217,0.7693081498146057,-0.03455471992492676,0.5371904373168945,0.6711179614067078,-0.0579378642141819,0.5322609543800354,0.5997833609580994,-0.07556760311126709,0.5261160731315613,0.5389138460159302,-0.08712338656187057,0.5414904356002808,0.8072258234024048,-0.05452575907111168,0.5577824115753174,0.7348847389221191,-0.0766235962510109,0.5568291544914246,0.6785187721252441,-0.08926542103290558,0.554998517036438,0.6277214288711548,-0.09812752902507782,neutral,RRQ_p38,RRQ
0.7059209942817688,0.8966790437698364,-2.7659666557156015e-07,0.6427685618400574,0.7795064449310303,0.029731161892414093,0.6283132433891296,0.6769040822982788,0.0353533998131752,0.6221349835395813,0.6066558957099915,0.025728702545166016,0.618630051612854,0.5435068607330322,0.01558640319854021,0.7099014520645142,0.6061110496520996,0.046819351613521576,0.7329499125480652,0.5051319599151611,0.024178095161914825,0.7041400671005249,0.45237988233566284,0.00364132528193295,0.6788074970245361,0.42594969272613525,-0.008805260062217712,0.733694314956665,0.6203960180282593,0.011166097596287727,0.7593695521354675,0.4997398257255554,-0.024010924622416496,0.6950807571411133,0.46750298142433167,-0.043619222939014435,0.6460686326026917,0.4844494163990021,-0.049116816371679306,0.7478579878807068,0.6432242393493652,-0.02771860361099243,0.7747315764427185,0.5297355055809021,-0.05683506652712822,0.7062400579452515,0.49976983666419983,-0.06606226414442062,0.6582772135734558,0.5156599283218384,-0.06438423693180084,0.7523907423019409,0.6743411421775818,-0.06577316671609879,0.7702456712722778,0.5755643248558044,-0.08277265727519989,0.7290636897087097,0.5458020567893982,-0.08481339365243912,0.6939961910247803,0.5569354295730591,-0.08192547410726547,neutral,RRQ_p38,RRQ
0.7896298170089722,0.8564007878303528,-6.088788495617337e-07,0.6956439018249512,0.8237909078598022,0.011229900643229485,0.6276059746742249,0.7747570872306824,0.001096935709938407,0.5704027414321899,0.7541408538818359,-0.015382620505988598,0.5255090594291687,0.7395280599594116,-0.03126690536737442,0.707115888595581,0.6056804656982422,0.00045238572056405246,0.6104474067687988,0.5705977082252502,-0.026179075241088867,0.5503513813018799,0.6020040512084961,-0.04885748773813248,0.5134313106536865,0.6437606811523438,-0.0613354854285717,0.7138274312019348,0.6114647388458252,-0.0174677986651659,0.5920298099517822,0.5707857012748718,-0.03865182399749756,0.5346006155014038,0.6092606782913208,-0.0557539127767086,0.5032075643539429,0.6537877321243286,-0.06771550327539444,0.7101951837539673,0.6382545232772827,-0.035687949508428574,0.5975858569145203,0.6014631986618042,-0.05287674069404602,0.5390768051147461,0.6333355903625488,-0.0605798065662384,0.5026443600654602,0.6745980381965637,-0.065097376704216,0.6914777159690857,0.6846111416816711,-0.052710406482219696,0.6040236949920654,0.6525829434394836,-0.06335346400737762,0.5581085085868835,0.6675808429718018,-0.06493041664361954,0.5253646373748779,0.6933759450912476,-0.06511139124631882,neutral,RRQ_p38,RRQ
0.3880825936794281,0.9686912298202515,1.3736426751620456e-07,0.4108543395996094,0.9092218279838562,0.007384520024061203,0.4146752953529358,0.8581557869911194,0.008547582663595676,0.40096530318260193,0.8216453790664673,0.007774041965603828,0.38491448760032654,0.7988182306289673,0.007496819831430912,0.3401867151260376,0.8261476755142212,0.0017303240019828081,0.3229336738586426,0.7664985656738281,-0.0028204943519085646,0.3062736392021179,0.7471668124198914,-0.001441778033040464,0.2965293526649475,0.7508187890052795,0.0027991069946438074,0.3097306489944458,0.8488057851791382,-0.003853238420560956,0.2643469572067261,0.8063112497329712,-0.006844480521976948,0.2383531779050827,0.8030058741569519,-0.0013026673113927245,0.2251330316066742,0.8148540258407593,0.0059409053064882755,0.28831493854522705,0.8844967484474182,-0.009138905443251133,0.2406250238418579,0.8507763147354126,-0.01235854160040617,0.2189548909664154,0.8430940508842468,-0.006182638928294182,0.20771755278110504,0.8453069925308228,0.0009079013834707439,0.2743302285671234,0.9300860166549683,-0.013284975662827492,0.23113524913787842,0.9260601997375488,-0.015114705078303814,0.20898057520389557,0.9251577854156494,-0.009579857811331749,0.19588778913021088,0.9248589873313904,-0.0018197871977463365,neutral,RRQ_p38,RRQ
0.7567522525787354,0.7491190433502197,-5.291014986141818e-07,0.7333535552024841,0.6674462556838989,0.03684863820672035,0.6766136884689331,0.610007107257843,0.05006738379597664,0.6216380000114441,0.5894201397895813,0.05204630643129349,0.5794532299041748,0.5938036441802979,0.05240452289581299,0.663518488407135,0.5097494125366211,0.04845048114657402,0.5739705562591553,0.49309080839157104,0.04179615527391434,0.5238827466964722,0.5129459500312805,0.03393498435616493,0.4971953332424164,0.5354079008102417,0.029906800016760826,0.6462911367416382,0.5109289884567261,0.025378024205565453,0.5462065935134888,0.49165916442871094,0.023079849779605865,0.5166411399841309,0.530832052230835,0.021270914003252983,0.5081654191017151,0.563574492931366,0.021001635119318962,0.6313349604606628,0.5323067307472229,0.0028737890534102917,0.5366211533546448,0.5580974221229553,0.0027165573555976152,0.5466409921646118,0.6130802035331726,0.006681394297629595,0.5699086785316467,0.6366763710975647,0.008624384179711342,0.6158010363578796,0.5702458024024963,-0.017986632883548737,0.5487527847290039,0.6032615900039673,-0.015973079949617386,0.5595524311065674,0.6413716673851013,-0.011009055189788342,0.5809522271156311,0.6543803215026855,-0.00774742104113102,neutral,RRQ_p38,RRQ
0.49802666902542114,0.7720931768417358,-1.1229065677298422e-07,0.5363975763320923,0.674673855304718,0.030310804024338722,0.5432532429695129,0.6013612747192383,0.05151766166090965,0.5442905426025391,0.5707072019577026,0.06737815588712692,0.5479260683059692,0.5692302584648132,0.0817505344748497,0.42235228419303894,0.5339147448539734,0.055455245077610016,0.38167497515678406,0.5061995983123779,0.08428054302930832,0.3724249601364136,0.5162394046783447,0.09743738174438477,0.3730436861515045,0.532219409942627,0.10376053303480148,0.37892019748687744,0.5731446743011475,0.04690341651439667,0.3492075502872467,0.5487939119338989,0.08317108452320099,0.3580847382545471,0.5657842755317688,0.0919191986322403,0.37217146158218384,0.5818381309509277,0.09205160290002823,0.3540782034397125,0.6272932291030884,0.04051699489355087,0.32737451791763306,0.5903816819190979,0.0662430077791214,0.3395138680934906,0.5978586673736572,0.067469522356987,0.3543926477432251,0.612034797668457,0.06307218223810196,0.3395310044288635,0.6868792176246643,0.03673795610666275,0.29117339849472046,0.6639055609703064,0.05096738412976265,0.2994023859500885,0.6582280993461609,0.05705009028315544,0.31903067231178284,0.6597997546195984,0.060697801411151886,neutral,RRQ_p38,RRQ
0.5019614696502686,0.7431609630584717,-2.707522241962579e-07,0.5174316167831421,0.6264201402664185,0.03235410153865814,0.4794643819332123,0.5555427074432373,0.05246448144316673,0.4326125979423523,0.5364972352981567,0.06678665429353714,0.39817875623703003,0.557854950428009,0.0784815102815628,0.41088491678237915,0.4937124252319336,0.0494546964764595,0.39330196380615234,0.4931331276893616,0.07060978561639786,0.40402260422706604,0.5248382687568665,0.07457000017166138,0.41894540190696716,0.5516842007637024,0.07530049979686737,0.36462849378585815,0.5352067947387695,0.04034990072250366,0.36500975489616394,0.5408146977424622,0.0742725282907486,0.3839487135410309,0.5716881155967712,0.07791998982429504,0.40151670575141907,0.5959373712539673,0.07402444630861282,0.3371813893318176,0.5965285897254944,0.03462602198123932,0.3419620394706726,0.5953400135040283,0.0619618259370327,0.3646896481513977,0.618129312992096,0.0625239908695221,0.3841906487941742,0.6417858600616455,0.05651126801967621,0.3223028779029846,0.662361204624176,0.03178849443793297,0.30901551246643066,0.6479204893112183,0.05408969521522522,0.3282858431339264,0.6518312096595764,0.06522845476865768,0.34942004084587097,0.6629620790481567,0.07151065766811371,neutral,RRQ_p38,RRQ
