x0,y0,z0,x1,y1,z1,x2,y2,z2,x3,y3,z3,x4,y4,z4,x5,y5,z5,x6,y6,z6,x7,y7,z7,x8,y8,z8,x9,y9,z9,x10,y10,z10,x11,y11,z11,x12,y12,z12,x13,y13,z13,x14,y14,z14,x15,y15,z15,x16,y16,z16,x17,y17,z17,x18,y18,z18,x19,y19,z19,x20,y20,z20,label,person_id,collector
0.12453054636716843,0.704097330570221,1.6477382303037302e-07,0.20378820598125458,0.666784405708313,-0.021174749359488487,0.27531811594963074,0.6066330671310425,-0.049179017543792725,0.32398808002471924,0.5511817932128906,-0.08202987164258957,0.3262038826942444,0.4948214590549469,-0.1140132024884224,0.2532154321670532,0.42280712723731995,-0.031189952045679092,0.30553752183914185,0.3249003291130066,-0.07170656323432922,0.342756986618042,0.2595544755458832,-0.09053264558315277,0.3683570623397827,0.20647850632667542,-0.10116744786500931,0.1967240273952484,0.40241432189941406,-0.045987650752067566,0.28900402784347534,0.40880346298217773,-0.1021413579583168,0.2728833854198456,0.5222851037979126,-0.10569563508033752,0.24224397540092468,0.5507401823997498,-0.09330497682094574,0.1456529051065445,0.41167810559272766,-0.06448688358068466,0.23235216736793518,0.4738532602787018,-0.12298355251550674,0.21451182663440704,0.5635921359062195,-0.10864762216806412,0.18442270159721375,0.5679427981376648,-0.08404941111803055,0.09812682867050171,0.4422287940979004,-0.08477261662483215,0.17233027517795563,0.4861223101615906,-0.12036144733428955,0.17379646003246307,0.5522797107696533,-0.10562384873628616,0.15099911391735077,0.5603048801422119,-0.08506511151790619,point,RRQ_p36,RRQ
0.19018934667110443,0.7386082410812378,5.172958594812371e-08,0.27190136909484863,0.6809117197990417,-0.02776455320417881,0.3314763903617859,0.6165138483047485,-0.06748329848051071,0.3676026463508606,0.5624497532844543,-0.11136689782142639,0.37078970670700073,0.5317513346672058,-0.1534837782382965,0.27983224391937256,0.4239685833454132,-0.0654997006058693,0.2776847779750824,0.2907549738883972,-0.11601494997739792,0.27058061957359314,0.1949731707572937,-0.1422584354877472,0.2570919394493103,0.11732646822929382,-0.1597076654434204,0.21358123421669006,0.4203712046146393,-0.07989232242107391,0.29907384514808655,0.4557485580444336,-0.1438349336385727,0.31356480717658997,0.562093198299408,-0.1491340845823288,0.300226628780365,0.5974250435829163,-0.14108845591545105,0.16212642192840576,0.4555961489677429,-0.09652025252580643,0.25590282678604126,0.5355091691017151,-0.15285979211330414,0.26159775257110596,0.6118674874305725,-0.1346571296453476,0.24166983366012573,0.6268448829650879,-0.11119949072599411,0.1203330010175705,0.5093372464179993,-0.11689908057451248,0.19305844604969025,0.5618407130241394,-0.14918607473373413,0.21169932186603546,0.6080321073532104,-0.13384807109832764,0.2026100605726242,0.6155434250831604,-0.11458956450223923,point,RRQ_p36,RRQ
0.18318119645118713,0.7478097081184387,2.3087125100573758e-07,0.2660777270793915,0.7013281583786011,-0.013549646362662315,0.33110278844833374,0.6489331126213074,-0.03580925613641739,0.3717499077320099,0.6181102395057678,-0.06162554770708084,0.37967902421951294,0.5948626399040222,-0.08800074458122253,0.2846449017524719,0.46012282371520996,-0.024024859070777893,0.36032500863075256,0.4845917522907257,-0.06888359040021896,0.41433170437812805,0.5019328594207764,-0.10074689984321594,0.4618167281150818,0.5092818737030029,-0.12054095417261124,0.22825314104557037,0.4546240270137787,-0.0409742146730423,0.332385778427124,0.5275728106498718,-0.09135567396879196,0.32596275210380554,0.6287966966629028,-0.10593702644109726,0.30296966433525085,0.662480890750885,-0.10667789727449417,0.17829635739326477,0.4882507920265198,-0.06092943996191025,0.2767261862754822,0.5886801481246948,-0.1129743903875351,0.2695651054382324,0.6687462329864502,-0.11166104674339294,0.24671924114227295,0.6777819395065308,-0.0990280732512474,0.13451546430587769,0.5436438322067261,-0.08186125755310059,0.21519452333450317,0.6172847747802734,-0.11251004785299301,0.22916558384895325,0.6809239983558655,-0.103752002120018,0.2209145575761795,0.6935510635375977,-0.08957482874393463,point,RRQ_p36,RRQ
0.175335094332695,0.7311980724334717,9.07066777244836e-08,0.28826290369033813,0.7170858383178711,0.012052756734192371,0.3704589307308197,0.6765674948692322,-0.006951089017093182,0.43344181776046753,0.6589548587799072,-0.036086853593587875,0.4846086800098419,0.664776086807251,-0.0662960484623909,0.38022249937057495,0.5021616220474243,-0.018466686829924583,0.4748551845550537,0.48386168479919434,-0.05231586471199989,0.5369301438331604,0.4602288007736206,-0.07366917282342911,0.5859135389328003,0.4386712312698364,-0.08976034075021744,0.34242451190948486,0.49943313002586365,-0.05040218308568001,0.459037184715271,0.5989825129508972,-0.09937197715044022,0.4246726334095001,0.6676896214485168,-0.10564148426055908,0.3849678933620453,0.6783305406570435,-0.10240107029676437,0.3047064244747162,0.5333276987075806,-0.08177994936704636,0.40788325667381287,0.6468579769134521,-0.12494266778230667,0.3687417805194855,0.6948989033699036,-0.10949473828077316,0.33166787028312683,0.689337432384491,-0.09177465736865997,0.26970547437667847,0.5866047739982605,-0.11314234882593155,0.34425094723701477,0.6634681224822998,-0.13724438846111298,0.33275291323661804,0.6981010437011719,-0.12374329566955566,0.3153553009033203,0.6922419667243958,-0.10975310951471329,point,RRQ_p36,RRQ
0.5421414375305176,0.7591513395309448,2.735760240568652e-08,0.6121905446052551,0.7536678910255432,0.005703851580619812,0.6628422141075134,0.7263687252998352,-0.00538557069376111,0.7031881213188171,0.709970235824585,-0.024286027997732162,0.7257407903671265,0.6791130900382996,-0.042610976845026016,0.6563878655433655,0.5942264795303345,0.0018649246776476502,0.6975184082984924,0.5408844351768494,-0.018279166892170906,0.7280406951904297,0.5057658553123474,-0.030175471678376198,0.7519590258598328,0.47483527660369873,-0.03888240084052086,0.634849488735199,0.5828651785850525,-0.01846645213663578,0.7140651941299438,0.613102376461029,-0.05196891352534294,0.6960397958755493,0.6693975925445557,-0.05757454037666321,0.6682652235031128,0.6815328598022461,-0.053782135248184204,0.6165268421173096,0.5900936126708984,-0.03978117182850838,0.6897075772285461,0.6464151740074158,-0.06941133737564087,0.6649248600006104,0.6950759291648865,-0.058735910803079605,0.6375148296356201,0.6954451203346252,-0.045181918889284134,0.6017242670059204,0.6118759512901306,-0.06154795363545418,0.6612192988395691,0.6602551937103271,-0.07679924368858337,0.6449311375617981,0.6966058015823364,-0.06564182043075562,0.6222336888313293,0.6947522759437561,-0.054053403437137604,point,RRQ_p36,RRQ
0.613121747970581,0.6469272375106812,-7.992546180446425e-09,0.6713773012161255,0.6272101998329163,-0.0013039768673479557,0.7105366587638855,0.5917584896087646,-0.010857483372092247,0.7454332113265991,0.5640949606895447,-0.02632736973464489,0.7557405233383179,0.5309091210365295,-0.04032919555902481,0.6894947290420532,0.48692014813423157,0.0022486201487481594,0.7078906893730164,0.4237717390060425,-0.01581927202641964,0.7201195955276489,0.380168616771698,-0.025418082252144814,0.7287864685058594,0.3417092561721802,-0.03217389062047005,0.6700744032859802,0.47915858030319214,-0.011799563653767109,0.7371711730957031,0.48290136456489563,-0.04367038607597351,0.7251665592193604,0.538703203201294,-0.04797954112291336,0.7030770778656006,0.5536371469497681,-0.04230410233139992,0.653670072555542,0.4837767481803894,-0.027877701446413994,0.7169396877288818,0.5153260827064514,-0.058002177625894547,0.6992831230163574,0.5624700784683228,-0.05005229637026787,0.6761194467544556,0.5663071274757385,-0.0367148257791996,0.6402226090431213,0.4982171058654785,-0.0447462759912014,0.6937459111213684,0.5256443023681641,-0.061235446482896805,0.6840835213661194,0.5573384761810303,-0.0534009113907814,0.6653057336807251,0.5581351518630981,-0.04323483258485794,point,RRQ_p36,RRQ
0.3365310728549957,0.623078465461731,-1.5373341710755994e-08,0.3729016184806824,0.5927690267562866,-0.020142830908298492,0.39741331338882446,0.5454445481300354,-0.03734637796878815,0.406002014875412,0.5058996081352234,-0.054803937673568726,0.39477890729904175,0.4755311906337738,-0.07040122151374817,0.3692950904369354,0.45108309388160706,-0.03212083503603935,0.36012449860572815,0.3840916156768799,-0.058199573308229446,0.35099104046821594,0.33979034423828125,-0.07096358388662338,0.3383704423904419,0.30067217350006104,-0.07956279814243317,0.33289802074432373,0.45341190695762634,-0.03541872650384903,0.3511626124382019,0.46163296699523926,-0.06759034842252731,0.36623165011405945,0.5141238570213318,-0.06975851207971573,0.36728397011756897,0.5238010287284851,-0.06535393744707108,0.3049463629722595,0.47379204630851746,-0.04114729166030884,0.33445411920547485,0.5112839937210083,-0.07066921889781952,0.34783002734184265,0.553935170173645,-0.06052074581384659,0.34503239393234253,0.556178629398346,-0.048254258930683136,0.2829437851905823,0.5022369027137756,-0.049519963562488556,0.31101858615875244,0.5362848043441772,-0.0687815397977829,0.3237641155719757,0.5657273530960083,-0.06293559819459915,0.31996580958366394,0.5658149123191833,-0.05442122742533684,point,RRQ_p36,RRQ
0.6062279939651489,0.6506167650222778,-1.4598592201764404e-07,0.5603827238082886,0.6357110738754272,-0.01219877041876316,0.5139327049255371,0.5915371775627136,-0.024100538343191147,0.49148452281951904,0.5413318276405334,-0.03921568766236305,0.5009695887565613,0.49595099687576294,-0.053230587393045425,0.5067563056945801,0.5051969289779663,-0.004767877049744129,0.47397318482398987,0.4420550465583801,-0.02648935280740261,0.45507684350013733,0.4047071635723114,-0.036327436566352844,0.4433034658432007,0.36784398555755615,-0.042638279497623444,0.5364850163459778,0.4916408658027649,-0.01321619562804699,0.5079827904701233,0.4696759283542633,-0.049325913190841675,0.518530011177063,0.5319482684135437,-0.052195705473423004,0.5331551432609558,0.5534374713897705,-0.043221618980169296,0.5675789713859558,0.49085789918899536,-0.02508154697716236,0.5409570932388306,0.49662166833877563,-0.0582088939845562,0.5527210235595703,0.5538881421089172,-0.04552828520536423,0.5672165751457214,0.5612642168998718,-0.027040140703320503,0.6000494956970215,0.4997628331184387,-0.0385563038289547,0.5704702138900757,0.5087292790412903,-0.053049612790346146,0.5761133432388306,0.550165057182312,-0.04005379229784012,0.5888355374336243,0.5537878274917603,-0.0256796907633543,point,RRQ_p36,RRQ
0.6464457511901855,0.6381998062133789,2.2686670320126723e-08,0.611361026763916,0.5939693450927734,-0.018124762922525406,0.5931170582771301,0.5276793837547302,-0.03274444863200188,0.5959842801094055,0.4691769778728485,-0.05051445960998535,0.6197423934936523,0.4315236210823059,-0.06662369519472122,0.6132401823997498,0.4482346773147583,-0.0013517705956473947,0.6211391091346741,0.37596595287323,-0.024563414976000786,0.6273462176322937,0.333727091550827,-0.0338263176381588,0.641402542591095,0.3003244996070862,-0.03784316033124924,0.6439964771270752,0.4623475670814514,-0.006680602673441172,0.6450513601303101,0.4062289595603943,-0.040104664862155914,0.6248914003372192,0.4679155647754669,-0.038702353835105896,0.6278810501098633,0.49173685908317566,-0.0254355538636446,0.671378493309021,0.48482200503349304,-0.017104635015130043,0.6635789275169373,0.4558349549770355,-0.047630179673433304,0.6421530246734619,0.5102454423904419,-0.03233541175723076,0.6489480137825012,0.525468647480011,-0.011062812991440296,0.6958672404289246,0.5158213973045349,-0.030056986957788467,0.6844448447227478,0.492424875497818,-0.041080448776483536,0.665215790271759,0.5249390006065369,-0.026248782873153687,0.6695337295532227,0.5375465154647827,-0.010114043951034546,point,RRQ_p36,RRQ
0.6917975544929504,0.6400887966156006,1.8782527888561162e-07,0.6683050394058228,0.6229358911514282,-0.046877503395080566,0.6624517440795898,0.5955487489700317,-0.07544902712106705,0.6896346807479858,0.5804246664047241,-0.09662259370088577,0.7194194197654724,0.5636492967605591,-0.11396224796772003,0.6732346415519714,0.4958323538303375,-0.05349357798695564,0.7118048667907715,0.4814128279685974,-0.09268243610858917,0.7405983209609985,0.46978092193603516,-0.11818116158246994,0.7715118527412415,0.4569550156593323,-0.1340828835964203,0.7077521085739136,0.4986547827720642,-0.04310091584920883,0.7338637709617615,0.5316885709762573,-0.08590183407068253,0.7100094556808472,0.5816659927368164,-0.09181198477745056,0.6979382634162903,0.5842869281768799,-0.088222436606884,0.7349631786346436,0.5191439986228943,-0.038787949830293655,0.7533602714538574,0.5643828511238098,-0.07763230055570602,0.7271153926849365,0.599760890007019,-0.0704118087887764,0.7122180461883545,0.590751051902771,-0.05763193219900131,0.75603848695755,0.5449109077453613,-0.03894142061471939,0.7662346363067627,0.5835788249969482,-0.06711257994174957,0.7458593249320984,0.6065378189086914,-0.06607365608215332,0.7314988970756531,0.5989875197410583,-0.058871205896139145,point,RRQ_p36,RRQ
0.6533757448196411,0.6894677877426147,-2.798140883442102e-07,0.6055051684379578,0.7002964615821838,-0.015581514686346054,0.5645838975906372,0.7004868984222412,-0.033053141087293625,0.5341355204582214,0.7013376951217651,-0.05071338266134262,0.5396143794059753,0.6880006194114685,-0.06751596927642822,0.5416430830955505,0.5868811011314392,-0.025886306539177895,0.4928830564022064,0.5895870923995972,-0.054637543857097626,0.45817744731903076,0.5929642915725708,-0.07378813624382019,0.4298977851867676,0.5936794877052307,-0.08697201311588287,0.5683513879776001,0.5624068975448608,-0.03151405230164528,0.5363415479660034,0.6227009296417236,-0.05866321921348572,0.5568417906761169,0.6682819128036499,-0.0603787899017334,0.5735160708427429,0.6704562306404114,-0.05732233449816704,0.6004115343093872,0.5629327297210693,-0.04008297994732857,0.5765816569328308,0.6410861015319824,-0.061259329319000244,0.5908098220825195,0.6743038892745972,-0.048606786876916885,0.6030094623565674,0.6657660007476807,-0.03658523038029671,0.6305374503135681,0.5819379687309265,-0.05152721330523491,0.6119500994682312,0.6449204683303833,-0.06446395069360733,0.6186790466308594,0.6710312366485596,-0.055760495364665985,0.6284924745559692,0.6637792587280273,-0.04622845724225044,point,RRQ_p36,RRQ
0.604060173034668,0.6583774089813232,-1.1356102902482235e-07,0.5584080815315247,0.641944944858551,-0.01836247555911541,0.518538236618042,0.5997018814086914,-0.0326245091855526,0.5023004412651062,0.5565363168716431,-0.04865119606256485,0.5108488202095032,0.5155590176582336,-0.06294430792331696,0.5076838731765747,0.5019322037696838,-0.014209452085196972,0.47286608815193176,0.436352401971817,-0.041156478226184845,0.4521947503089905,0.39534467458724976,-0.055421315133571625,0.4390999674797058,0.35618311166763306,-0.06487543880939484,0.5421227812767029,0.48313698172569275,-0.02057158574461937,0.5156035423278809,0.4709551930427551,-0.06036032363772392,0.5229668021202087,0.5330724716186523,-0.06572470813989639,0.5355744957923889,0.5553088188171387,-0.058468014001846313,0.576680064201355,0.4841885566711426,-0.030746281147003174,0.5519890785217285,0.5137926936149597,-0.06362763792276382,0.5576973557472229,0.567815899848938,-0.0516275018453598,0.5684325695037842,0.5718000531196594,-0.0347130112349987,0.6086525321006775,0.5001519322395325,-0.04378945380449295,0.5865597128868103,0.538375973701477,-0.05938974767923355,0.5895403027534485,0.575152575969696,-0.04920179024338722,0.5995491743087769,0.5700433254241943,-0.036932673305273056,point,RRQ_p36,RRQ
0.6951745748519897,0.6010335087776184,2.1973644948047877e-07,0.6740084290504456,0.5864952206611633,-0.05670659616589546,0.6689770221710205,0.556562066078186,-0.09149030596017838,0.6937061548233032,0.5332931280136108,-0.11820019036531448,0.7209742069244385,0.5022081136703491,-0.14103814959526062,0.6656388640403748,0.4512946903705597,-0.06385154277086258,0.6987758874893188,0.40976154804229736,-0.10631529986858368,0.7255502939224243,0.3843172490596771,-0.13372254371643066,0.754137396812439,0.35419100522994995,-0.15137356519699097,0.6935226917266846,0.4511371850967407,-0.0508308969438076,0.7314912676811218,0.47336113452911377,-0.10224582254886627,0.7167431116104126,0.5286905169487,-0.1132977232336998,0.7006411552429199,0.531724750995636,-0.11195587366819382,0.7188138365745544,0.46493232250213623,-0.04438672587275505,0.7503592371940613,0.49607908725738525,-0.09053703397512436,0.7325343489646912,0.5399643778800964,-0.08665835857391357,0.7135911583900452,0.5326716303825378,-0.0748697891831398,0.7399986386299133,0.4829106330871582,-0.0431845523416996,0.7621462941169739,0.513161301612854,-0.07700936496257782,0.7466427087783813,0.5447208285331726,-0.07917993515729904,0.7275593280792236,0.5403763055801392,-0.07342361658811569,point,RRQ_p36,RRQ
0.528907299041748,0.4927115738391876,-1.4118573687937896e-07,0.48837393522262573,0.49737417697906494,-0.021270833909511566,0.44173550605773926,0.4765253961086273,-0.03653908520936966,0.41633015871047974,0.4418361485004425,-0.05238606408238411,0.4157754182815552,0.3939892649650574,-0.06664036959409714,0.40471863746643066,0.39003220200538635,-0.018611522391438484,0.3605177402496338,0.3432503342628479,-0.04465135186910629,0.3330136835575104,0.31240472197532654,-0.060173287987709045,0.31201523542404175,0.27839523553848267,-0.07120717316865921,0.4327407479286194,0.3570866286754608,-0.022631334140896797,0.4183937907218933,0.3578680753707886,-0.059748679399490356,0.43948861956596375,0.4132479727268219,-0.0649620071053505,0.454346626996994,0.42959681153297424,-0.05977863445878029,0.4664527475833893,0.34383565187454224,-0.030460834503173828,0.45732343196868896,0.3690723776817322,-0.06242910027503967,0.47216713428497314,0.4219304621219635,-0.05080322176218033,0.48096150159835815,0.42589375376701355,-0.035215236246585846,0.5016105771064758,0.3440802991390228,-0.04110533371567726,0.4897403120994568,0.3705737590789795,-0.05734829232096672,0.49808835983276367,0.41119813919067383,-0.04696647450327873,0.5055705904960632,0.4115712642669678,-0.03491732105612755,point,RRQ_p36,RRQ
0.5226864814758301,0.5346853137016296,-2.3062825960096234e-07,0.47172001004219055,0.5804091095924377,-0.003878598799929023,0.4213242828845978,0.6013818383216858,-0.017454152926802635,0.3873496949672699,0.615829586982727,-0.03337903693318367,0.36119943857192993,0.6263254880905151,-0.048907436430454254,0.3628329038619995,0.5067330002784729,-0.020289825275540352,0.30158787965774536,0.5322478413581848,-0.04423181340098381,0.26189860701560974,0.5473726391792297,-0.05996919795870781,0.2268616259098053,0.5560567378997803,-0.0730622336268425,0.37836897373199463,0.4863569736480713,-0.03338325768709183,0.3462035655975342,0.582504153251648,-0.06179329752922058,0.3807312846183777,0.5996695756912231,-0.06327397376298904,0.4012446999549866,0.5815617442131042,-0.06137319281697273,0.4027842581272125,0.49052780866622925,-0.04782797396183014,0.3898088335990906,0.595228910446167,-0.06816442310810089,0.4201909303665161,0.6010054349899292,-0.05314197018742561,0.43120625615119934,0.5762282609939575,-0.0423613078892231,0.43057793378829956,0.5094504952430725,-0.06413863599300385,0.43019899725914,0.5919899940490723,-0.07920324057340622,0.45326992869377136,0.5975099802017212,-0.07129769027233124,0.46054983139038086,0.5764163732528687,-0.06382670998573303,point,RRQ_p36,RRQ
0.5726977586746216,0.689591109752655,-2.1020073859290278e-07,0.5267027020454407,0.6551376581192017,-0.003531957045197487,0.4865289032459259,0.5976219773292542,-0.010606564581394196,0.46103936433792114,0.547596275806427,-0.02380433864891529,0.4380572438240051,0.5006648898124695,-0.037760790437459946,0.5062452554702759,0.5430930256843567,0.022884491831064224,0.48804140090942383,0.5062541961669922,0.006011456251144409,0.4621422290802002,0.4903688430786133,0.00021844236471224576,0.4440447688102722,0.475707471370697,-0.0018601580522954464,0.5306302309036255,0.5334433317184448,0.012249096296727657,0.49899715185165405,0.49034643173217773,-0.00909794308245182,0.5012755393981934,0.5539844036102295,-0.005142880138009787,0.5192327499389648,0.5640619993209839,0.007160516455769539,0.558872401714325,0.5323232412338257,-0.0034982715733349323,0.5245777368545532,0.4980369806289673,-0.028693431988358498,0.5286049842834473,0.5594090819358826,-0.015700438991189003,0.547797679901123,0.5686637759208679,0.0017827933188527822,0.5899203419685364,0.5365829467773438,-0.020096495747566223,0.5543411374092102,0.5122329592704773,-0.03331620991230011,0.5520687699317932,0.553952157497406,-0.02223571576178074,0.5687618255615234,0.5669425129890442,-0.009801721200346947,pinch,RRQ_p36,RRQ
0.6844406723976135,0.5722461938858032,-1.607596686881152e-07,0.6440159678459167,0.5274313688278198,-0.003819128265604377,0.628221869468689,0.4584077298641205,-0.004099283367395401,0.6295271515846252,0.39775213599205017,-0.009010556153953075,0.6360079050064087,0.34955480694770813,-0.01394844800233841,0.6492679119110107,0.4285094738006592,0.03180786594748497,0.6438947319984436,0.3902972340583801,0.020653512328863144,0.6365388631820679,0.3816341161727905,0.016998019069433212,0.6410813927650452,0.3674672544002533,0.016925305128097534,0.678711473941803,0.43261289596557617,0.025450007990002632,0.6679951548576355,0.38296109437942505,0.004706430248916149,0.657684326171875,0.4387562870979309,0.00361160421743989,0.6679491400718689,0.4619669020175934,0.014093201607465744,0.7066856622695923,0.4460233449935913,0.014317413792014122,0.6954340934753418,0.3997867703437805,-0.01034569926559925,0.682119607925415,0.4573338031768799,-0.0034056254662573338,0.6924626231193542,0.4824106693267822,0.012395602650940418,0.7367179989814758,0.46449217200279236,0.0028368509374558926,0.7210374474525452,0.4289211630821228,-0.009500598534941673,0.7078877091407776,0.4651162028312683,-0.002135846996679902,0.7150483131408691,0.4859309196472168,0.009099794551730156,pinch,RRQ_p36,RRQ
0.6594920754432678,0.6001536846160889,-4.6669049424963305e-07,0.5991910696029663,0.5869163274765015,-0.006756393704563379,0.5480031967163086,0.5524337291717529,-0.016605591401457787,0.5083298087120056,0.5379612445831299,-0.02849709801375866,0.4698260724544525,0.5296650528907776,-0.037887848913669586,0.5663048028945923,0.4330604076385498,-3.653299791039899e-05,0.5125302076339722,0.4474945068359375,-0.024985406547784805,0.48683416843414307,0.4791285991668701,-0.04225483536720276,0.46927496790885925,0.5087755918502808,-0.05224977806210518,0.5852616429328918,0.4234662652015686,-0.009035586379468441,0.5205405950546265,0.46260684728622437,-0.03317893296480179,0.5371105670928955,0.511001467704773,-0.03871586546301842,0.5571273565292358,0.5202648639678955,-0.038820937275886536,0.6045042276382446,0.43301820755004883,-0.02151426114141941,0.5443992614746094,0.4872582256793976,-0.04249485209584236,0.5653765201568604,0.5273781418800354,-0.03417642042040825,0.5849558711051941,0.5246841311454773,-0.0255832988768816,0.620940089225769,0.45757588744163513,-0.035751037299633026,0.5739889144897461,0.5028550028800964,-0.04905267804861069,0.5858145952224731,0.5317566990852356,-0.042845506221055984,0.6011263728141785,0.5275854468345642,-0.03575601428747177,pinch,RRQ_p36,RRQ
0.46863919496536255,0.4647512137889862,-4.344822457369446e-07,0.4166842997074127,0.4563502073287964,-0.00578240305185318,0.364848792552948,0.4192921221256256,-0.014491246081888676,0.32660943269729614,0.399608314037323,-0.026782821863889694,0.28820136189460754,0.3862934708595276,-0.03673099726438522,0.3754922151565552,0.3188396692276001,0.011098222807049751,0.3344579041004181,0.3164350092411041,-0.015238611027598381,0.30482208728790283,0.3368517756462097,-0.03170882537961006,0.2821730375289917,0.36355894804000854,-0.0400255024433136,0.3923983871936798,0.30153241753578186,0.0012653470039367676,0.3378385603427887,0.32335150241851807,-0.02507304586470127,0.36023786664009094,0.3773640990257263,-0.027648666873574257,0.38281023502349854,0.3805871605873108,-0.0227352362126112,0.4123701751232147,0.2963848412036896,-0.013541331514716148,0.3582386076450348,0.33470332622528076,-0.038544997572898865,0.38406500220298767,0.38224339485168457,-0.025822807103395462,0.4058126211166382,0.37843358516693115,-0.011482122354209423,0.43328219652175903,0.3043150007724762,-0.030117012560367584,0.3850623071193695,0.3432615399360657,-0.044598426669836044,0.40188270807266235,0.37569889426231384,-0.034559011459350586,0.42084676027297974,0.36987173557281494,-0.023561878129839897,pinch,RRQ_p36,RRQ
0.5639992356300354,0.5069006085395813,-9.752010754482399e-08,0.5326239466667175,0.4820924997329712,-0.037871625274419785,0.5033414363861084,0.4372527003288269,-0.06146381050348282,0.49117758870124817,0.38043904304504395,-0.08341225236654282,0.4888376295566559,0.3267192244529724,-0.09929583966732025,0.4806472063064575,0.3496532142162323,-0.015761813148856163,0.47242721915245056,0.29971709847450256,-0.054093435406684875,0.48292654752731323,0.31363973021507263,-0.06990998238325119,0.4990074634552002,0.3322104513645172,-0.07273232936859131,0.515518307685852,0.3411237299442291,-0.010020910762250423,0.511013925075531,0.2989361584186554,-0.04434463009238243,0.5166406035423279,0.3631255626678467,-0.04249737784266472,0.5199750065803528,0.3666576147079468,-0.03019959107041359,0.5504012703895569,0.34297943115234375,-0.013156375847756863,0.5497254729270935,0.32374781370162964,-0.04723097383975983,0.5454832315444946,0.3813762366771698,-0.03405909985303879,0.5452441573143005,0.38060447573661804,-0.015288170427083969,0.5844200849533081,0.35378673672676086,-0.02027163654565811,0.5800039172172546,0.3446638584136963,-0.036666516214609146,0.572912871837616,0.3825441598892212,-0.026610830798745155,0.5709467530250549,0.38602444529533386,-0.013410922139883041,pinch,RRQ_p36,RRQ
0.6896890997886658,0.5341404676437378,3.244324773277185e-07,0.6975230574607849,0.4950733482837677,-0.051356904208660126,0.7229758501052856,0.4503990411758423,-0.06250887364149094,0.7627838850021362,0.4129767119884491,-0.06162238121032715,0.7973385453224182,0.3847154676914215,-0.05563991889357567,0.6831976771354675,0.3450433611869812,-0.01794370450079441,0.735267162322998,0.318993479013443,-0.028521358966827393,0.766960620880127,0.33116787672042847,-0.043130964040756226,0.7885729074478149,0.3558700680732727,-0.051906704902648926,0.7040711641311646,0.35228726267814636,0.0085006607696414,0.748035728931427,0.32288658618927,-0.000817456457298249,0.771594226360321,0.3408178687095642,-0.017372367903590202,0.7883094549179077,0.36670297384262085,-0.026791226118803024,0.7230406403541565,0.36924389004707336,0.029515340924263,0.759722113609314,0.3438520133495331,0.01841583661735058,0.7791292667388916,0.3551274240016937,0.001658707857131958,0.7927942276000977,0.37103980779647827,-0.006764181423932314,0.7385135293006897,0.3928351104259491,0.04667350649833679,0.7655046582221985,0.3671518862247467,0.033975690603256226,0.7806903123855591,0.3731040358543396,0.02209095098078251,0.7903262376785278,0.3819586932659149,0.016844678670167923,pinch,RRQ_p36,RRQ
0.7221254110336304,0.5307887196540833,4.968326265952783e-07,0.7072329521179199,0.506243109703064,-0.055815305560827255,0.7056488394737244,0.44922327995300293,-0.07756497710943222,0.7197188138961792,0.39340144395828247,-0.0897723063826561,0.7397969961166382,0.34458768367767334,-0.0962824821472168,0.6583058834075928,0.360024631023407,-0.038830481469631195,0.6773712635040283,0.30230775475502014,-0.07372769713401794,0.707597017288208,0.3025771379470825,-0.10338661819696426,0.7334496974945068,0.31439757347106934,-0.11736864596605301,0.6870273351669312,0.3400541841983795,-0.018877390772104263,0.6872476935386658,0.25131747126579285,-0.035334255546331406,0.6973320245742798,0.18656609952449799,-0.05259479209780693,0.7052282094955444,0.12901346385478973,-0.06460998952388763,0.7159454822540283,0.336536169052124,-0.00624285452067852,0.7164209485054016,0.26517564058303833,-0.018128661438822746,0.7198291420936584,0.22145424783229828,-0.029108818620443344,0.7212442755699158,0.18553726375102997,-0.03556466102600098,0.7416144013404846,0.3467147946357727,0.0006938636652193964,0.7404413223266602,0.2944105267524719,-0.0014243035111576319,0.7414032816886902,0.2618219256401062,-0.0007619511452503502,0.7418569326400757,0.23658782243728638,-2.2100530259194784e-05,pinch,RRQ_p36,RRQ
0.6702128052711487,0.5292573571205139,1.5023751132048346e-07,0.6221571564674377,0.5061745643615723,-0.013799515552818775,0.5819019079208374,0.46320784091949463,-0.0253961943089962,0.5494508147239685,0.42677393555641174,-0.03954135999083519,0.5179663896560669,0.3992135524749756,-0.05289730802178383,0.59163898229599,0.3703802525997162,0.0014719318132847548,0.5573392510414124,0.33846044540405273,-0.028469346463680267,0.5322269201278687,0.3511749505996704,-0.05415035039186478,0.5178012847900391,0.373324990272522,-0.0671289786696434,0.6148215532302856,0.34325894713401794,-0.005345962475985289,0.5932950377464294,0.26587173342704773,-0.022132115438580513,0.574862539768219,0.21739304065704346,-0.03550887852907181,0.5594736933708191,0.17749103903770447,-0.0436328649520874,0.6439014673233032,0.3378502428531647,-0.017736440524458885,0.637129008769989,0.26272904872894287,-0.03471941500902176,0.62624192237854,0.21474966406822205,-0.04303451254963875,0.6133804321289062,0.17599043250083923,-0.046837516129016876,0.6752603054046631,0.35212838649749756,-0.03216062858700752,0.6876706480979919,0.29450133442878723,-0.04353421926498413,0.6895871758460999,0.25186046957969666,-0.0447116456925869,0.6864216327667236,0.21567964553833008,-0.04409817233681679,pinch,RRQ_p36,RRQ
0.5629969835281372,0.6388674974441528,7.830240633666108e-08,0.5086105465888977,0.6317552328109741,-0.0004265298193786293,0.4648633897304535,0.6034489870071411,-0.00756625784561038,0.4230317175388336,0.5924738645553589,-0.019841544330120087,0.3856428861618042,0.5909910202026367,-0.03225165978074074,0.4662186801433563,0.5128824710845947,0.0138054508715868,0.42344123125076294,0.5084818005561829,-0.012600974179804325,0.39813706278800964,0.5396980047225952,-0.037897150963544846,0.38529378175735474,0.5697752833366394,-0.05175507813692093,0.4740590751171112,0.48869648575782776,0.0007980432128533721,0.43881914019584656,0.4269755780696869,-0.01729990728199482,0.4020749628543854,0.39300259947776794,-0.03253176435828209,0.3693442642688751,0.3669568598270416,-0.042501043528318405,0.4898681640625,0.4829854667186737,-0.016665754839777946,0.4773070216178894,0.4068021774291992,-0.033078212291002274,0.453235387802124,0.36311203241348267,-0.041954927146434784,0.42825138568878174,0.3302028775215149,-0.046374183148145676,0.5073080062866211,0.49371403455734253,-0.03499780222773552,0.5074660778045654,0.4300915598869324,-0.044219616800546646,0.4945703148841858,0.39008545875549316,-0.04489149525761604,0.47708556056022644,0.3584662675857544,-0.04484061151742935,pinch,RRQ_p36,RRQ
0.34308212995529175,0.5808926820755005,4.942781970385113e-07,0.40020322799682617,0.5545353889465332,-0.013496050611138344,0.4399656653404236,0.5000847578048706,-0.01430407166481018,0.4704471230506897,0.45004168152809143,-0.016493044793605804,0.49387216567993164,0.41160961985588074,-0.017557891085743904,0.394411563873291,0.44642147421836853,0.015813054516911507,0.4303700625896454,0.41658449172973633,0.004263866227120161,0.46161943674087524,0.3963325619697571,-0.007285532541573048,0.4890855550765991,0.3836260437965393,-0.012953472323715687,0.36730530858039856,0.4177085757255554,0.014923296868801117,0.38316428661346436,0.35796475410461426,0.01099404040724039,0.4032287299633026,0.31805920600891113,0.007375645451247692,0.4237935543060303,0.2815973162651062,0.00630754791200161,0.33962759375572205,0.4023708999156952,0.008532298728823662,0.3360317051410675,0.3435263931751251,0.0005247439839877188,0.3481921851634979,0.3085177540779114,-0.000986166181974113,0.36426010727882385,0.28260338306427,0.0008250075625255704,0.3100956380367279,0.3981696367263794,-0.0005265335203148425,0.29711073637008667,0.34240156412124634,-0.00720486044883728,0.3060787320137024,0.3095179796218872,-0.005531126167625189,0.3235102593898773,0.28800395131111145,-0.0018848422914743423,pinch,RRQ_p36,RRQ
0.46277540922164917,0.6271688938140869,2.395296121449064e-07,0.520425021648407,0.6137731075286865,0.009160606190562248,0.5655157566070557,0.5813790559768677,0.006585683207958937,0.6033520102500916,0.5633062124252319,-0.002244168659672141,0.6421435475349426,0.5493984222412109,-0.009397614747285843,0.5463401079177856,0.4698491394519806,0.01592348888516426,0.6009108424186707,0.46418875455856323,-0.008468618616461754,0.6314939260482788,0.49665993452072144,-0.027845418080687523,0.6479277014732361,0.5344518423080444,-0.03679399564862251,0.5379477143287659,0.4498749375343323,-0.0037843831814825535,0.5694812536239624,0.3656924068927765,-0.019084321334958076,0.613834023475647,0.3299710750579834,-0.028423992916941643,0.6497480273246765,0.3152316212654114,-0.03339921683073044,0.5250861644744873,0.45041465759277344,-0.027112387120723724,0.5365231037139893,0.35931798815727234,-0.042803775519132614,0.5672792196273804,0.31708449125289917,-0.04873352870345116,0.5964338183403015,0.2943079173564911,-0.05117897689342499,0.5172085762023926,0.46556898951530457,-0.05073912814259529,0.5198361873626709,0.39733344316482544,-0.06366734951734543,0.541176974773407,0.36302363872528076,-0.06483875215053558,0.5665919780731201,0.34300464391708374,-0.06430238485336304,pinch,RRQ_p36,RRQ
0.3110361397266388,0.6401652097702026,-1.357466317131184e-07,0.36232027411460876,0.6034075617790222,-0.01600852608680725,0.39627644419670105,0.5288081765174866,-0.029432766139507294,0.4183313846588135,0.4694884419441223,-0.04565690457820892,0.43789592385292053,0.42001304030418396,-0.05815783515572548,0.35737502574920654,0.4251244068145752,-0.007348287384957075,0.38704419136047363,0.3678048253059387,-0.04008506238460541,0.41404733061790466,0.3744678497314453,-0.053995415568351746,0.42815685272216797,0.4029656946659088,-0.05648602172732353,0.31845635175704956,0.42105066776275635,-0.012181824073195457,0.37058329582214355,0.42129281163215637,-0.045175060629844666,0.37433046102523804,0.49398645758628845,-0.04656113311648369,0.35776329040527344,0.5115089416503906,-0.03761662170290947,0.28987905383110046,0.43793609738349915,-0.022276610136032104,0.34430190920829773,0.470847487449646,-0.05648214370012283,0.3441847264766693,0.5318021774291992,-0.04893261194229126,0.3251030743122101,0.5358824133872986,-0.03429968282580376,0.2673811614513397,0.4650380313396454,-0.03405654802918434,0.3138004541397095,0.49475839734077454,-0.053610075265169144,0.31810396909713745,0.5380679965019226,-0.04644389450550079,0.3007366359233856,0.5407968163490295,-0.03450643643736839,pinch,RRQ_p36,RRQ
0.25147104263305664,0.509024441242218,-2.229112894269747e-09,0.29362332820892334,0.4632032513618469,-0.026503033936023712,0.3126654326915741,0.3794978857040405,-0.04077089950442314,0.3124116361141205,0.3059142231941223,-0.05556545406579971,0.3001352846622467,0.24873942136764526,-0.06584356725215912,0.28064775466918945,0.29150107502937317,-0.0025231651961803436,0.2781486511230469,0.23563334345817566,-0.030949264764785767,0.2903064787387848,0.22206342220306396,-0.03799214959144592,0.2961750626564026,0.23596197366714478,-0.035458702594041824,0.23774488270282745,0.30260682106018066,-0.001197898294776678,0.25319916009902954,0.26217877864837646,-0.03147175908088684,0.2729862332344055,0.33750393986701965,-0.026519911363720894,0.26542752981185913,0.3510698080062866,-0.01095540914684534,0.2029668539762497,0.32514724135398865,-0.007298397831618786,0.23101527988910675,0.32206645607948303,-0.046359553933143616,0.24945133924484253,0.38670817017555237,-0.03545066714286804,0.23682986199855804,0.3895023465156555,-0.015673037618398666,0.17161831259727478,0.3559260070323944,-0.015206482261419296,0.20037217438220978,0.35003960132598877,-0.03970074653625488,0.21868926286697388,0.39221423864364624,-0.03136195242404938,0.20832741260528564,0.39655521512031555,-0.017255868762731552,pinch,RRQ_p36,RRQ
0.39456674456596375,0.52587890625,5.7544717435575876e-08,0.4650142192840576,0.5087910294532776,0.008765538223087788,0.5070127248764038,0.4676111340522766,0.00416332483291626,0.5396836400032043,0.44297900795936584,-0.006629591807723045,0.5712608098983765,0.42613884806632996,-0.015853628516197205,0.45221924781799316,0.3456503748893738,0.01690090075135231,0.526037335395813,0.3568316102027893,-0.0030551832169294357,0.5669704675674438,0.3774028420448303,-0.018074333667755127,0.5938993096351624,0.3982761800289154,-0.02751772478222847,0.44430744647979736,0.3385593891143799,-0.00033733079908415675,0.5319545865058899,0.3651563227176666,-0.028615009039640427,0.5181064009666443,0.418740838766098,-0.03656892478466034,0.4924996495246887,0.435930997133255,-0.034626733511686325,0.4462306499481201,0.35226213932037354,-0.019243428483605385,0.5287330746650696,0.40144920349121094,-0.04285479336977005,0.5097225308418274,0.44976261258125305,-0.03912980854511261,0.48474815487861633,0.4524829089641571,-0.030282072722911835,0.45411840081214905,0.37789440155029297,-0.03828677535057068,0.5152405500411987,0.42919355630874634,-0.048860978335142136,0.4991387128829956,0.46238547563552856,-0.04369879141449928,0.47713398933410645,0.459697425365448,-0.03663467988371849,pinch,RRQ_p36,RRQ
0.544776976108551,0.47718358039855957,7.480587527197713e-08,0.6091841459274292,0.4269428849220276,0.013234441168606281,0.6401930451393127,0.3714188039302826,0.008767778985202312,0.6688114404678345,0.33472225069999695,-0.0031852000392973423,0.6904988884925842,0.3052463233470917,-0.013696380890905857,0.5588943958282471,0.28885143995285034,0.01769990287721157,0.6306777596473694,0.25888144969940186,-0.001428358256816864,0.6739336252212524,0.26865631341934204,-0.015626918524503708,0.7006725072860718,0.28621888160705566,-0.023580314591526985,0.5529641509056091,0.2867799699306488,-0.0002711039560381323,0.6418982148170471,0.2804737389087677,-0.024116607382893562,0.6400432586669922,0.33191385865211487,-0.03203762695193291,0.615065336227417,0.3553542494773865,-0.03183044493198395,0.5611688494682312,0.30023688077926636,-0.019486403092741966,0.6483839750289917,0.3163675367832184,-0.03632345795631409,0.638202965259552,0.3633144497871399,-0.035421017557382584,0.6112252473831177,0.37246108055114746,-0.03144288435578346,0.5779136419296265,0.320303350687027,-0.03850152716040611,0.6460984945297241,0.35148516297340393,-0.04248882457613945,0.6364995241165161,0.38688337802886963,-0.038481324911117554,0.6135109066963196,0.3925877511501312,-0.03439114987850189,pinch,RRQ_p36,RRQ
0.7069510221481323,0.5901972055435181,-5.06224296259461e-07,0.6407141089439392,0.5409953594207764,-0.028309309855103493,0.5900508761405945,0.45036792755126953,-0.0400056429207325,0.576393723487854,0.3585100769996643,-0.053345441818237305,0.6127506494522095,0.30393874645233154,-0.05796234309673309,0.5976830720901489,0.35663971304893494,0.011199119500815868,0.5761970281600952,0.2874423563480377,-0.02658677287399769,0.5843489766120911,0.3635278046131134,-0.039177075028419495,0.6022542715072632,0.3784545063972473,-0.04123025760054588,0.6453104615211487,0.351319819688797,0.009124357253313065,0.6291244626045227,0.2831914722919464,-0.031016336753964424,0.6283548474311829,0.3830093741416931,-0.029689710587263107,0.6429424285888672,0.3859536647796631,-0.015057937242090702,0.6921303272247314,0.3636249005794525,-0.0028738679829984903,0.676479160785675,0.31078845262527466,-0.043051429092884064,0.6672050952911377,0.4057333469390869,-0.02633349969983101,0.6820019483566284,0.40771710872650146,-0.0019927567336708307,0.7409289479255676,0.38111191987991333,-0.018142549321055412,0.7192326188087463,0.35588061809539795,-0.03228408843278885,0.7059000730514526,0.41507548093795776,-0.01691715605556965,0.7173078060150146,0.4203743040561676,0.0007341941818594933,fist,RRQ_p36,RRQ
0.7322897911071777,0.5770313143730164,-5.920644525758689e-07,0.6768264770507812,0.5570944547653198,-0.04890357330441475,0.6241136789321899,0.5257569551467896,-0.08347197622060776,0.6067500710487366,0.518410325050354,-0.11109475791454315,0.647493302822113,0.5191574096679688,-0.13046112656593323,0.6731720566749573,0.3389745056629181,-0.061818331480026245,0.657299816608429,0.43141835927963257,-0.10003446787595749,0.6472851634025574,0.4942966103553772,-0.11388760060071945,0.6482791304588318,0.4810161590576172,-0.12210734188556671,0.7309165596961975,0.35221540927886963,-0.058028992265462875,0.705385148525238,0.47089582681655884,-0.09698203951120377,0.6780067682266235,0.5349093675613403,-0.09872330725193024,0.6755754947662354,0.506349503993988,-0.09527486562728882,0.7787356972694397,0.3912959694862366,-0.05984972044825554,0.7527363300323486,0.5035462379455566,-0.09546276926994324,0.7176105380058289,0.5515323281288147,-0.08267231285572052,0.7091719508171082,0.530178427696228,-0.06896223872900009,0.8159376382827759,0.44216421246528625,-0.06727872788906097,0.7938233613967896,0.528052568435669,-0.09182632714509964,0.7590019106864929,0.5630092024803162,-0.08725463598966599,0.7430192828178406,0.5527094602584839,-0.07830028980970383,fist,RRQ_p36,RRQ
0.4630849063396454,0.46350032091140747,-3.4179279850832245e-07,0.4032781422138214,0.48774445056915283,-0.015358621254563332,0.3568960726261139,0.49387219548225403,-0.029755571857094765,0.3264099061489105,0.5051441192626953,-0.04332133010029793,0.31712546944618225,0.49621492624282837,-0.05339250713586807,0.32964378595352173,0.3631440997123718,-0.01876286417245865,0.3006991147994995,0.43097618222236633,-0.04314594343304634,0.32181990146636963,0.45978349447250366,-0.05783120170235634,0.3330126702785492,0.45102205872535706,-0.06637430191040039,0.358880877494812,0.35163745284080505,-0.02295183204114437,0.33427897095680237,0.44392648339271545,-0.04441818967461586,0.3541830778121948,0.4704466462135315,-0.048345375806093216,0.3618645966053009,0.4560103416442871,-0.04900699481368065,0.39129021763801575,0.36273491382598877,-0.030258236452937126,0.37414687871932983,0.4588703513145447,-0.04851917177438736,0.3886788487434387,0.4758951961994171,-0.04284624010324478,0.3938990831375122,0.4561367332935333,-0.03686857223510742,0.4200878143310547,0.3893246352672577,-0.03965916857123375,0.4066511392593384,0.4696909189224243,-0.0504550039768219,0.41455745697021484,0.4796999394893646,-0.04717016592621803,0.41863924264907837,0.45962145924568176,-0.042204517871141434,fist,RRQ_p36,RRQ
0.4252922832965851,0.5084306001663208,-3.805964468028833e-07,0.37428152561187744,0.4889945089817047,-0.018873298540711403,0.3303479254245758,0.43777555227279663,-0.026910467073321342,0.3111095130443573,0.37812814116477966,-0.036075495183467865,0.31998133659362793,0.32953575253486633,-0.03944626823067665,0.32763028144836426,0.36775830388069153,0.0076365103013813496,0.3068654537200928,0.32004761695861816,-0.020935095846652985,0.3160386085510254,0.3688713312149048,-0.032692767679691315,0.3296651244163513,0.3852439522743225,-0.035296421498060226,0.36024436354637146,0.3561622202396393,0.005548426415771246,0.3415825366973877,0.30758288502693176,-0.024346642196178436,0.34720826148986816,0.3751395642757416,-0.026254473254084587,0.357976496219635,0.3849341869354248,-0.01742207631468773,0.39329877495765686,0.35671308636665344,-0.003285093465819955,0.3747166097164154,0.32838085293769836,-0.033227864652872086,0.37589406967163086,0.3929250240325928,-0.023316971957683563,0.3858239948749542,0.39794307947158813,-0.006776777561753988,0.4262951612472534,0.36380964517593384,-0.014162146486341953,0.4041510820388794,0.35396090149879456,-0.026991216465830803,0.40163207054138184,0.39644166827201843,-0.017448604106903076,0.4113193154335022,0.3991888761520386,-0.005240610800683498,fist,RRQ_p36,RRQ
0.6737958788871765,0.43822240829467773,-2.5745353582351527e-07,0.6430752873420715,0.400948703289032,-0.01807261072099209,0.6250385046005249,0.3462359607219696,-0.025080841034650803,0.6292270421981812,0.29525935649871826,-0.03303855285048485,0.6495931148529053,0.2673928737640381,-0.03605101257562637,0.6188935041427612,0.30298879742622375,0.007740924134850502,0.6209178566932678,0.2521747946739197,-0.018731877207756042,0.6236653923988342,0.29319626092910767,-0.031485844403505325,0.626733660697937,0.3155538737773895,-0.034417446702718735,0.6461285352706909,0.3085184097290039,0.0068734860979020596,0.6512043476104736,0.2614695727825165,-0.017623476684093475,0.6468946933746338,0.31180837750434875,-0.020760612562298775,0.6472154855728149,0.32233723998069763,-0.015158596448600292,0.6725851893424988,0.3199499547481537,-0.00039116013795137405,0.6781788468360901,0.2853628695011139,-0.025525977835059166,0.6677857041358948,0.33289724588394165,-0.019726093858480453,0.6654580235481262,0.34311938285827637,-0.007755175698548555,0.697770357131958,0.3359359800815582,-0.00966836977750063,0.6978957653045654,0.31060919165611267,-0.01997881755232811,0.6880481839179993,0.3437472879886627,-0.011742445640265942,0.685807466506958,0.3573566675186157,-0.0014258165610954165,fist,RRQ_p36,RRQ
0.770435094833374,0.5525529980659485,-2.1210425416029466e-07,0.7296947836875916,0.5507075190544128,-0.03302742913365364,0.6912670731544495,0.5439540147781372,-0.055700622498989105,0.6798102855682373,0.556882917881012,-0.07265538722276688,0.7059232592582703,0.5675830245018005,-0.08571337908506393,0.720723032951355,0.4396885335445404,-0.048749517649412155,0.7093619704246521,0.5277886390686035,-0.07164906710386276,0.7109260559082031,0.5493071675300598,-0.08408432453870773,0.714984118938446,0.5257483720779419,-0.09324879199266434,0.7607954144477844,0.4443732798099518,-0.04372578486800194,0.7463909387588501,0.540854811668396,-0.060878198593854904,0.7404506802558899,0.5525557398796082,-0.06071026623249054,0.7400158047676086,0.5221335291862488,-0.06118304654955864,0.7948626279830933,0.4648967683315277,-0.04150053858757019,0.779838502407074,0.5522261261940002,-0.0564238540828228,0.7697365880012512,0.555711567401886,-0.04651652276515961,0.7692798376083374,0.5273446440696716,-0.03897459805011749,0.8194112181663513,0.49151524901390076,-0.04333190247416496,0.8074014186859131,0.5509970188140869,-0.05557280778884888,0.7986635565757751,0.555963397026062,-0.052240077406167984,0.799151599407196,0.5387406349182129,-0.047757986932992935,fist,RRQ_p36,RRQ
0.7552063465118408,0.6284722685813904,-2.5548510507178435e-07,0.6786767840385437,0.6249459385871887,-0.0882391706109047,0.6006571054458618,0.6281745433807373,-0.15238405764102936,0.58782958984375,0.7090282440185547,-0.1993059664964676,0.6318661570549011,0.7572014927864075,-0.2368013709783554,0.6806145906448364,0.4369732737541199,-0.17162057757377625,0.6243200302124023,0.6429818868637085,-0.2402174025774002,0.6243085861206055,0.6740639209747314,-0.26473748683929443,0.6402408480644226,0.6301931142807007,-0.27913138270378113,0.7762601375579834,0.46468886733055115,-0.156267449259758,0.7075974345207214,0.712848961353302,-0.215297132730484,0.6943424940109253,0.7133008241653442,-0.20382598042488098,0.7048722505569458,0.6325147747993469,-0.19174417853355408,0.8529207110404968,0.5273345112800598,-0.1463281512260437,0.7821673154830933,0.7474170923233032,-0.19721148908138275,0.7589781880378723,0.7253615260124207,-0.15294300019741058,0.7640659213066101,0.6403419971466064,-0.11496756225824356,0.9074490070343018,0.6010834574699402,-0.14678646624088287,0.8444329500198364,0.7576252222061157,-0.20013795793056488,0.8191445469856262,0.7438527345657349,-0.19106130301952362,0.8244248628616333,0.679478108882904,-0.17145787179470062,fist,RRQ_p36,RRQ
0.7327757477760315,0.6933391094207764,-8.015472303668503e-07,0.6583486199378967,0.6226447820663452,-0.06063789129257202,0.5854626297950745,0.48067018389701843,-0.08498553186655045,0.5799172520637512,0.35915201902389526,-0.10647816210985184,0.6571789383888245,0.3048572242259979,-0.112533338367939,0.6110400557518005,0.2930648922920227,-0.007267781998962164,0.5915034413337708,0.2450764924287796,-0.07223382592201233,0.5970801711082458,0.3612079620361328,-0.09795542806386948,0.6188642382621765,0.3652978241443634,-0.10982146114110947,0.6876931190490723,0.2839905917644501,-0.005709717981517315,0.6814807653427124,0.2453896552324295,-0.07637567073106766,0.6643686294555664,0.3991590142250061,-0.07536887377500534,0.6726458668708801,0.3850136697292328,-0.05472289025783539,0.759319543838501,0.3171003758907318,-0.02138485386967659,0.7552617192268372,0.3230725824832916,-0.0886913388967514,0.7208720445632935,0.4534319341182709,-0.06642887741327286,0.7228712439537048,0.4278096854686737,-0.03401446342468262,0.8296403884887695,0.3668525218963623,-0.04481031373143196,0.8141262531280518,0.4010976254940033,-0.0793062150478363,0.7821614742279053,0.4794033169746399,-0.06948043406009674,0.7778633832931519,0.45983850955963135,-0.05283161997795105,fist,RRQ_p36,RRQ
0.21729661524295807,0.6775031089782715,-3.9465851386921713e-07,0.2843632400035858,0.6344557404518127,-0.04589228704571724,0.36250466108322144,0.5302618741989136,-0.06604830920696259,0.39624857902526855,0.4276418387889862,-0.08254732936620712,0.35626021027565,0.35623395442962646,-0.08707205951213837,0.35460856556892395,0.3884055018424988,-0.01325925812125206,0.3919623792171478,0.32632672786712646,-0.05906638875603676,0.3722958564758301,0.4255286753177643,-0.07599206268787384,0.34935465455055237,0.4292246103286743,-0.08180630952119827,0.29693830013275146,0.3735205829143524,-0.009426112286746502,0.32586655020713806,0.32072240114212036,-0.06005605310201645,0.316655695438385,0.4476327896118164,-0.06523831188678741,0.3050498366355896,0.4310237765312195,-0.056118179112672806,0.23891331255435944,0.3833085000514984,-0.015172150917351246,0.26172196865081787,0.36543381214141846,-0.067073293030262,0.2668319344520569,0.47538629174232483,-0.05100167915225029,0.2570294141769409,0.4573810398578644,-0.027929846197366714,0.18336930871009827,0.4000404477119446,-0.02477540448307991,0.2085903286933899,0.41152647137641907,-0.051521677523851395,0.21892955899238586,0.47992298007011414,-0.03663375601172447,0.20942257344722748,0.4701462388038635,-0.01840687170624733,fist,RRQ_p36,RRQ
0.2448987513780594,0.5816821455955505,-2.9020300829074586e-08,0.3411540687084198,0.5738494992256165,-0.05461931601166725,0.4128788411617279,0.5725566744804382,-0.10076887160539627,0.4466443657875061,0.5739647746086121,-0.14147518575191498,0.4083341956138611,0.5794748067855835,-0.17699092626571655,0.3634757399559021,0.3362343907356262,-0.09179898351430893,0.40868204832077026,0.4668627977371216,-0.1573118269443512,0.40415412187576294,0.5311252474784851,-0.19847847521305084,0.3973070979118347,0.5269246697425842,-0.2241387516260147,0.29239583015441895,0.3615013360977173,-0.09469350427389145,0.3451211154460907,0.5278605222702026,-0.14977499842643738,0.35659554600715637,0.5692312121391296,-0.16413719952106476,0.3637501001358032,0.5538679361343384,-0.17411667108535767,0.23348988592624664,0.42063578963279724,-0.10382639616727829,0.29309672117233276,0.5791484117507935,-0.14915858209133148,0.3151680827140808,0.5941929221153259,-0.1444511115550995,0.32651251554489136,0.5610747337341309,-0.13855834305286407,0.19413794577121735,0.49080711603164673,-0.11954846233129501,0.2457968294620514,0.6055046916007996,-0.14986754953861237,0.26464930176734924,0.6109971404075623,-0.15102125704288483,0.2719772458076477,0.5775765776634216,-0.14896230399608612,fist,RRQ_p36,RRQ
0.5431543588638306,0.5216261744499207,-1.5245782947204134e-07,0.6510483026504517,0.5298903584480286,0.011477296240627766,0.7303172945976257,0.5590036511421204,-0.02433442324399948,0.7822270393371582,0.6048239469528198,-0.06612832099199295,0.7924476861953735,0.6266718506813049,-0.10409665107727051,0.7631818652153015,0.40247678756713867,-0.081614188849926,0.821911096572876,0.519037663936615,-0.11473605781793594,0.7844322323799133,0.5620569586753845,-0.11228663474321365,0.7573426365852356,0.5456598401069641,-0.11098319292068481,0.7121796607971191,0.41206592321395874,-0.11719353497028351,0.765697181224823,0.5693501830101013,-0.1476186364889145,0.7206010222434998,0.5985562801361084,-0.12832573056221008,0.7046555876731873,0.5687966346740723,-0.11988437920808792,0.659217357635498,0.4466975927352905,-0.14960035681724548,0.7004820704460144,0.6107466220855713,-0.16390842199325562,0.6653361320495605,0.6141015887260437,-0.12988117337226868,0.6513316631317139,0.5726234316825867,-0.11597279459238052,0.6115655899047852,0.49351295828819275,-0.18312129378318787,0.6467146873474121,0.6226330399513245,-0.1860806792974472,0.6280072331428528,0.6249929666519165,-0.16699941456317902,0.617684006690979,0.5891448259353638,-0.1598810851573944,fist,RRQ_p36,RRQ
0.6044298410415649,0.3439767062664032,-2.1966135932416364e-07,0.6999988555908203,0.3796868324279785,-0.020308291539549828,0.7769127488136292,0.386650025844574,-0.04314697906374931,0.8307874798774719,0.3936295509338379,-0.06583249568939209,0.8366433382034302,0.37799760699272156,-0.08272402733564377,0.793906569480896,0.17044562101364136,-0.04257046803832054,0.8567789793014526,0.2716979682445526,-0.07980366051197052,0.8224643468856812,0.3239646553993225,-0.09818869829177856,0.7977995276451111,0.3107430934906006,-0.11079135537147522,0.7478505373001099,0.16669240593910217,-0.05373440310359001,0.8064687252044678,0.3062182366847992,-0.08759456872940063,0.771075963973999,0.3496622145175934,-0.09389273077249527,0.758684515953064,0.32526805996894836,-0.10015751421451569,0.7004420161247253,0.19903405010700226,-0.0677105113863945,0.7516070604324341,0.34903985261917114,-0.09293820708990097,0.7217553853988647,0.37251728773117065,-0.08535242080688477,0.7073011994361877,0.3420170545578003,-0.08248557150363922,0.6585587859153748,0.2499343752861023,-0.08500002324581146,0.7021591663360596,0.37542998790740967,-0.09868650138378143,0.6851603984832764,0.38676387071609497,-0.09639360010623932,0.6718425750732422,0.3574104905128479,-0.096129409968853,fist,RRQ_p36,RRQ
0.2592572867870331,0.42322421073913574,-1.4461090991346737e-08,0.33374497294425964,0.4231705665588379,-0.06706131249666214,0.39621004462242126,0.39399605989456177,-0.10981472581624985,0.3766186833381653,0.3887186348438263,-0.1399526745080948,0.32717952132225037,0.3959391713142395,-0.1617915779352188,0.3440077304840088,0.16657346487045288,-0.08974862843751907,0.327119916677475,0.30307307839393616,-0.1472480297088623,0.3345791697502136,0.37445899844169617,-0.17931976914405823,0.3369881510734558,0.36815404891967773,-0.199177086353302,0.2700512111186981,0.17139121890068054,-0.08150368928909302,0.2591645419597626,0.3140260875225067,-0.1360778510570526,0.2922946512699127,0.3779204487800598,-0.1502588540315628,0.309975266456604,0.35354018211364746,-0.1563357561826706,0.2114441692829132,0.21188649535179138,-0.07939992100000381,0.22408424317836761,0.36593133211135864,-0.12426558881998062,0.2637144923210144,0.41071492433547974,-0.11464842408895493,0.2800120711326599,0.3825565576553345,-0.10381823033094406,0.17129644751548767,0.2640056610107422,-0.08442000299692154,0.19686876237392426,0.38028472661972046,-0.11394202709197998,0.2331623136997223,0.419079452753067,-0.10912642627954483,0.25046056509017944,0.3953694701194763,-0.10108315199613571,fist,RRQ_p36,RRQ
0.2453734427690506,0.660011351108551,-6.104216510038896e-08,0.33284109830856323,0.6699855327606201,-0.06639321148395538,0.40939170122146606,0.6790392398834229,-0.11625609546899796,0.4257180094718933,0.7334921956062317,-0.15432977676391602,0.3766951560974121,0.7896247506141663,-0.1884678304195404,0.33760687708854675,0.47931236028671265,-0.1345025897026062,0.36421072483062744,0.7157654166221619,-0.20927652716636658,0.3691742420196533,0.7593446969985962,-0.25787195563316345,0.36341866850852966,0.7334145307540894,-0.2879253625869751,0.24281567335128784,0.5056427717208862,-0.1260945200920105,0.28106385469436646,0.7343846559524536,-0.1723516434431076,0.29214510321617126,0.7183629870414734,-0.17507076263427734,0.2822623550891876,0.6575375199317932,-0.1822255253791809,0.16964444518089294,0.5613594651222229,-0.12246303260326385,0.2194320559501648,0.7563810348510742,-0.15419235825538635,0.234786719083786,0.7283716201782227,-0.12557490170001984,0.22910211980342865,0.6617944836616516,-0.10645638406276703,0.1199495941400528,0.620638906955719,-0.128555566072464,0.16725462675094604,0.7586402297019958,-0.15784099698066711,0.186851367354393,0.7303900718688965,-0.14943790435791016,0.18713787198066711,0.6651085615158081,-0.13949941098690033,fist,RRQ_p36,RRQ
0.22873994708061218,0.7058566808700562,-3.058095501273783e-07,0.3051616847515106,0.6685616374015808,-0.06626205146312714,0.38823452591896057,0.5770242810249329,-0.10498674213886261,0.4081840515136719,0.477363646030426,-0.13721728324890137,0.3526037931442261,0.42387089133262634,-0.15781469643115997,0.35384729504585266,0.3706544041633606,-0.044405460357666016,0.3608282804489136,0.3419439196586609,-0.10408402234315872,0.36100640892982483,0.44371190667152405,-0.12888409197330475,0.3550068140029907,0.47202542424201965,-0.13788622617721558,0.2814750671386719,0.3539704382419586,-0.03471314534544945,0.28820839524269104,0.3755151331424713,-0.091553695499897,0.29915690422058105,0.5051020979881287,-0.09579651057720184,0.29900187253952026,0.4898117780685425,-0.08569416403770447,0.2169579714536667,0.37395355105400085,-0.03682783618569374,0.22857633233070374,0.4351586103439331,-0.091166652739048,0.2503841519355774,0.5335824489593506,-0.07557795196771622,0.25019571185112,0.5159081220626831,-0.053821731358766556,0.15753602981567383,0.4109598398208618,-0.045888230204582214,0.17629912495613098,0.4937835931777954,-0.07790752500295639,0.20277321338653564,0.5572079420089722,-0.07225212454795837,0.20564797520637512,0.5403030514717102,-0.05974318087100983,fist,RRQ_p36,RRQ
0.7196601033210754,0.7876636385917664,5.142531449564558e-07,0.6309798359870911,0.7169886827468872,-0.019470134750008583,0.5755854845046997,0.5996986031532288,-0.02061319351196289,0.5438511967658997,0.5041407346725464,-0.023342212662100792,0.5044342279434204,0.4634737968444824,-0.02495044842362404,0.6438059210777283,0.4532111883163452,0.023642033338546753,0.6429944634437561,0.3342353105545044,0.014706546440720558,0.6498849391937256,0.2646889090538025,-0.0008346684044227004,0.6601722836494446,0.20444664359092712,-0.014309970661997795,0.6966519355773926,0.4464080035686493,0.016745395958423615,0.700405478477478,0.31323254108428955,0.01284382026642561,0.707075297832489,0.2327978014945984,-0.00027701345970854163,0.7146788835525513,0.16703402996063232,-0.011989498510956764,0.7462047338485718,0.4639384150505066,0.0027708658017218113,0.7509604692459106,0.34022557735443115,-0.0056506129913032055,0.7524187564849854,0.2648274302482605,-0.016020633280277252,0.7535296678543091,0.2005995512008667,-0.025393562391400337,0.7994670867919922,0.5005351305007935,-0.015122906304895878,0.8146806955337524,0.4022599458694458,-0.023107489570975304,0.8223000764846802,0.34021925926208496,-0.02643217146396637,0.827889084815979,0.2811821699142456,-0.03043798916041851,open_palm,RRQ_p36,RRQ
0.7374160289764404,0.7975411415100098,5.398898679231934e-07,0.6471551656723022,0.7374736070632935,-0.02515387162566185,0.5612913370132446,0.632139265537262,-0.029414206743240356,0.5001136064529419,0.5624589920043945,-0.0340324304997921,0.4478444755077362,0.5356825590133667,-0.03768758848309517,0.657076895236969,0.4449780583381653,0.005406407173722982,0.6305366158485413,0.3288702964782715,-0.002731621963903308,0.6167701482772827,0.26343297958374023,-0.012417461723089218,0.6069531440734863,0.20940396189689636,-0.02082282118499279,0.7205941677093506,0.43854010105133057,0.0009431441430933774,0.7319087982177734,0.3089436888694763,-0.0012014931999146938,0.7412603497505188,0.23549199104309082,-0.007166699506342411,0.7502884864807129,0.1793420910835266,-0.011829925701022148,0.7780380845069885,0.46154630184173584,-0.010853974148631096,0.8075064420700073,0.34805598855018616,-0.025542940944433212,0.8241486549377441,0.2785762846469879,-0.037083566188812256,0.8370776176452637,0.22024375200271606,-0.043499670922756195,0.8285582661628723,0.5053437948226929,-0.026013024151325226,0.8802322149276733,0.4298035204410553,-0.04518568888306618,0.9130231142044067,0.37751340866088867,-0.054561518132686615,0.941680908203125,0.3273751735687256,-0.05880460515618324,open_palm,RRQ_p36,RRQ
0.35550978779792786,0.8341439962387085,5.653949983752682e-07,0.2716917395591736,0.7972779273986816,-0.025112051516771317,0.19679749011993408,0.7214173078536987,-0.04003245756030083,0.1407165229320526,0.6644265651702881,-0.05522460117936134,0.09070317447185516,0.6312744617462158,-0.07104683667421341,0.2486538589000702,0.5309955477714539,-0.013540077023208141,0.21329620480537415,0.4180637001991272,-0.03319716826081276,0.1908821016550064,0.34860506653785706,-0.05309907719492912,0.1731373816728592,0.28612229228019714,-0.07029042392969131,0.29781749844551086,0.5126981735229492,-0.02439282275736332,0.29110273718833923,0.3752366304397583,-0.0391717366874218,0.28921863436698914,0.290248841047287,-0.05636914074420929,0.2891296148300171,0.22090595960617065,-0.0716032013297081,0.34462660551071167,0.5239048600196838,-0.04079651087522507,0.3498997986316681,0.3949394226074219,-0.059655118733644485,0.35074764490127563,0.31398138403892517,-0.07583083212375641,0.35019606351852417,0.24078252911567688,-0.09028185904026031,0.3892437517642975,0.5576116442680359,-0.060446541756391525,0.4123902916908264,0.4690279960632324,-0.0803179070353508,0.4277697801589966,0.4060877561569214,-0.09039822220802307,0.4410640597343445,0.3439358174800873,-0.09940120577812195,open_palm,RRQ_p36,RRQ
0.6728114485740662,0.7062773704528809,8.634993378109357e-07,0.6058783531188965,0.6249973773956299,-0.04828284680843353,0.5761774182319641,0.5127645134925842,-0.07575193047523499,0.5584971904754639,0.4134913980960846,-0.09839443862438202,0.5188359022140503,0.3461689054965973,-0.12150917947292328,0.6810927987098694,0.38931548595428467,-0.051299676299095154,0.7142948508262634,0.2668638527393341,-0.08485310524702072,0.740645170211792,0.189622163772583,-0.11173403263092041,0.7666946053504944,0.12347033619880676,-0.13190871477127075,0.7398571968078613,0.40961772203445435,-0.05320490524172783,0.7960341572761536,0.28252726793289185,-0.0821145623922348,0.8348823189735413,0.2011389285326004,-0.10642874240875244,0.8690510392189026,0.1286354959011078,-0.12485149502754211,0.7832512259483337,0.4537755846977234,-0.06077966094017029,0.8400428295135498,0.3370966911315918,-0.09356239438056946,0.8738216161727905,0.2629459500312805,-0.11500510573387146,0.90234375,0.19183795154094696,-0.13016276061534882,0.8167343139648438,0.5168262720108032,-0.07225412875413895,0.8770440220832825,0.44829168915748596,-0.10244996100664139,0.9155508279800415,0.4026987552642822,-0.11554474383592606,0.9483792185783386,0.3534029722213745,-0.12443407624959946,open_palm,RRQ_p36,RRQ
0.4504191279411316,0.8116883039474487,5.371810516408004e-07,0.37350356578826904,0.8154298067092896,-0.020291343331336975,0.2952359616756439,0.7842176556587219,-0.037056274712085724,0.2372533082962036,0.7657575011253357,-0.05524839460849762,0.18456150591373444,0.7644451856613159,-0.07456107437610626,0.27686119079589844,0.6189815402030945,-0.019137447699904442,0.22469334304332733,0.529860258102417,-0.04788915067911148,0.19265396893024445,0.4725457429885864,-0.07253441214561462,0.16761091351509094,0.4201274812221527,-0.09079591184854507,0.3042159378528595,0.5945829153060913,-0.031944502145051956,0.2486722320318222,0.4903751015663147,-0.057474080473184586,0.2152724415063858,0.4198399782180786,-0.0795472264289856,0.18789620697498322,0.35375547409057617,-0.09576496481895447,0.3426278829574585,0.5893499255180359,-0.04907684400677681,0.2920660376548767,0.4867190718650818,-0.074643075466156,0.262101948261261,0.42230889201164246,-0.09125328063964844,0.2346249520778656,0.36227288842201233,-0.10299762338399887,0.3915139436721802,0.5972617268562317,-0.06873471289873123,0.3638193905353546,0.5151814818382263,-0.09080382436513901,0.3398153781890869,0.4609091877937317,-0.10084889829158783,0.3143072724342346,0.40920692682266235,-0.10810823738574982,open_palm,RRQ_p36,RRQ
0.6175701022148132,0.7083194255828857,5.763070589637209e-07,0.5611470937728882,0.6330012083053589,-0.032902251929044724,0.5293124914169312,0.5372352004051208,-0.0507291704416275,0.5027690529823303,0.447260320186615,-0.06673751771450043,0.47150495648384094,0.3899545669555664,-0.08111647516489029,0.6199852228164673,0.4259325861930847,-0.011904488317668438,0.644373893737793,0.32467126846313477,-0.028778869658708572,0.6633586883544922,0.2696365714073181,-0.04621463641524315,0.6839064955711365,0.2233390361070633,-0.05960652604699135,0.6633313298225403,0.4353293776512146,-0.012163782492280006,0.6948157548904419,0.3292125463485718,-0.02047440968453884,0.7175345420837402,0.26861900091171265,-0.029216483235359192,0.7380048036575317,0.21958234906196594,-0.03723590448498726,0.6991034746170044,0.4659603536128998,-0.018717611208558083,0.7299991250038147,0.36675825715065,-0.027644485235214233,0.7485017776489258,0.3079225420951843,-0.03058966062963009,0.764559805393219,0.2570090889930725,-0.03473711386322975,0.7309707403182983,0.5137115120887756,-0.030070684850215912,0.7629437446594238,0.4434528648853302,-0.03890162333846092,0.7818784713745117,0.39890778064727783,-0.03932645544409752,0.7989406585693359,0.35706841945648193,-0.0400424487888813,open_palm,RRQ_p36,RRQ
0.6155039072036743,0.686001718044281,3.60784753183907e-07,0.5600920915603638,0.6535654067993164,-0.019692637026309967,0.5183050632476807,0.5953930616378784,-0.02508266642689705,0.4887691140174866,0.5430070161819458,-0.029489818960428238,0.4602736234664917,0.5127138495445251,-0.03276776522397995,0.5594300627708435,0.5055798888206482,0.004422099329531193,0.5527758598327637,0.43513941764831543,-0.002857508370652795,0.5518630743026733,0.3932340145111084,-0.012800971046090126,0.5525696873664856,0.3566071689128876,-0.020916350185871124,0.5910989046096802,0.49903541803359985,0.004450782667845488,0.5895731449127197,0.4215885400772095,0.0012922728201374412,0.5905774831771851,0.37505728006362915,-0.006263481453061104,0.591762900352478,0.33606061339378357,-0.013045472092926502,0.6207221746444702,0.5073311924934387,-0.00013625335122924298,0.6216951608657837,0.43682095408439636,-0.006055848672986031,0.6203248500823975,0.39415234327316284,-0.011817936785519123,0.6176779270172119,0.3571307063102722,-0.016929566860198975,0.6512386798858643,0.5261169075965881,-0.007455081213265657,0.659155011177063,0.4730900526046753,-0.013074235990643501,0.6619962453842163,0.43946006894111633,-0.014841195195913315,0.663593053817749,0.4072350859642029,-0.01669289730489254,open_palm,RRQ_p36,RRQ
0.2811497449874878,0.6600270867347717,4.393463655105734e-07,0.34910154342651367,0.6431496143341064,-0.0300588496029377,0.40871644020080566,0.5952251553535461,-0.04293994605541229,0.45224422216415405,0.5460034608840942,-0.0547054298222065,0.4742223620414734,0.4991424083709717,-0.06565205007791519,0.38016027212142944,0.42694857716560364,-0.010775948874652386,0.39430883526802063,0.3362572491168976,-0.02712947316467762,0.4022293984889984,0.28455108404159546,-0.04463900253176689,0.4107957184314728,0.23912520706653595,-0.05743085965514183,0.34123241901397705,0.4085138142108917,-0.010888624005019665,0.3540075123310089,0.3033398389816284,-0.023275339975953102,0.362867534160614,0.23826853930950165,-0.03939693793654442,0.3711602985858917,0.1849486231803894,-0.05176891013979912,0.3018825054168701,0.4123331904411316,-0.015974290668964386,0.30817359685897827,0.3149450123310089,-0.02872016280889511,0.31484973430633545,0.25348055362701416,-0.041613899171352386,0.32162824273109436,0.19965079426765442,-0.05113290250301361,0.2611394226551056,0.4329697787761688,-0.02476385235786438,0.2647218406200409,0.3566158711910248,-0.037147440016269684,0.268143892288208,0.306454598903656,-0.04355455935001373,0.27352678775787354,0.2583681344985962,-0.047861143946647644,open_palm,RRQ_p36,RRQ
0.23166325688362122,0.8697282671928406,8.880401196620369e-07,0.342729389667511,0.829692006111145,-0.06528463214635849,0.4441569745540619,0.7515478134155273,-0.1020994782447815,0.511953592300415,0.6793927550315857,-0.13458654284477234,0.5680088996887207,0.6033211946487427,-0.16711075603961945,0.3965619206428528,0.47851479053497314,-0.06285029649734497,0.42477330565452576,0.313419371843338,-0.11023227870464325,0.43841752409935,0.21013310551643372,-0.15062159299850464,0.45174145698547363,0.11170929670333862,-0.18029341101646423,0.32360565662384033,0.4507612884044647,-0.06648697704076767,0.34892919659614563,0.2591143846511841,-0.10899829864501953,0.3653359115123749,0.1295265257358551,-0.14986594021320343,0.38017284870147705,0.012370526790618896,-0.18075110018253326,0.2511480450630188,0.4668333828449249,-0.07759414613246918,0.2616461515426636,0.29052114486694336,-0.1184891015291214,0.2758404612541199,0.17891868948936462,-0.15097378194332123,0.2923637330532074,0.07486486434936523,-0.1737741231918335,0.17635200917720795,0.5161547660827637,-0.09512049704790115,0.17683590948581696,0.37841683626174927,-0.133550226688385,0.18219192326068878,0.28920578956604004,-0.15390963852405548,0.19302824139595032,0.19903361797332764,-0.16744811832904816,open_palm,RRQ_p36,RRQ
0.2663266062736511,0.8190451860427856,5.369226414586592e-07,0.3604166805744171,0.7721803188323975,-0.04115442931652069,0.42705801129341125,0.6715871095657349,-0.05821790173649788,0.4522365927696228,0.5697346329689026,-0.07339935749769211,0.42998987436294556,0.5007417798042297,-0.08939915895462036,0.38734790682792664,0.4892626106739044,-0.03303571417927742,0.40267255902290344,0.35443946719169617,-0.0647965520620346,0.4052261412143707,0.26718172430992126,-0.09318578988313675,0.4051436185836792,0.1873597502708435,-0.11419056355953217,0.33137252926826477,0.4732251763343811,-0.03724748268723488,0.34869715571403503,0.32082849740982056,-0.06513720750808716,0.35465288162231445,0.2168271541595459,-0.0925581306219101,0.35695964097976685,0.12581133842468262,-0.11329217255115509,0.2760162949562073,0.48770835995674133,-0.04689551889896393,0.28593945503234863,0.3470185399055481,-0.0726822167634964,0.2951813042163849,0.25156718492507935,-0.09410256892442703,0.30333593487739563,0.16614466905593872,-0.1098138615489006,0.2177574336528778,0.525587260723114,-0.06120236590504646,0.22021904587745667,0.4157128632068634,-0.0858038142323494,0.22730641067028046,0.33941900730133057,-0.09890635311603546,0.23637346923351288,0.26669883728027344,-0.1081610769033432,open_palm,RRQ_p36,RRQ
0.2867186665534973,0.7466294169425964,5.482664846567786e-07,0.36267873644828796,0.7237889766693115,-0.03563739359378815,0.4288843870162964,0.6634371280670166,-0.05318139120936394,0.4802088439464569,0.6161088347434998,-0.06957920640707016,0.523813009262085,0.5906839370727539,-0.0855451449751854,0.38912689685821533,0.49243155121803284,-0.028856484219431877,0.4201236963272095,0.3973292410373688,-0.0492616705596447,0.4356918931007385,0.3359983563423157,-0.06527481973171234,0.4444524943828583,0.284443736076355,-0.07764114439487457,0.3370105028152466,0.471350759267807,-0.03066100738942623,0.338609516620636,0.3522929251194,-0.04784383252263069,0.3372383713722229,0.28211236000061035,-0.06063339486718178,0.33153530955314636,0.22690081596374512,-0.06988275051116943,0.28903916478157043,0.4817117154598236,-0.03760022670030594,0.27373459935188293,0.3766367435455322,-0.05742810666561127,0.2643427550792694,0.3091853857040405,-0.07179804146289825,0.2561725378036499,0.25131547451019287,-0.08142208307981491,0.24487757682800293,0.5167515277862549,-0.048494648188352585,0.20936600863933563,0.44393783807754517,-0.0702270120382309,0.1864015907049179,0.39404481649398804,-0.08146830648183823,0.1692786067724228,0.34551510214805603,-0.08779801428318024,open_palm,RRQ_p36,RRQ
0.33521875739097595,0.8291924595832825,9.146228876488749e-07,0.42560598254203796,0.8035310506820679,-0.05599872022867203,0.5089024305343628,0.7578551769256592,-0.09586112946271896,0.5857318043708801,0.7424317598342896,-0.13314734399318695,0.6574870944023132,0.7413166761398315,-0.1725725680589676,0.4663895070552826,0.5386630296707153,-0.07708350569009781,0.5041205286979675,0.40715211629867554,-0.12472508102655411,0.5281548500061035,0.3210592567920685,-0.16063474118709564,0.5476133227348328,0.23895952105522156,-0.18688732385635376,0.40403756499290466,0.5141886472702026,-0.08285924792289734,0.4192110598087311,0.3567441403865814,-0.12501981854438782,0.4289799630641937,0.2532593905925751,-0.1576583981513977,0.4354824125766754,0.15897822380065918,-0.182145357131958,0.342853844165802,0.5308456420898438,-0.0937131717801094,0.3387486934661865,0.3873905539512634,-0.13393716514110565,0.33585691452026367,0.28886985778808594,-0.16229651868343353,0.3356591463088989,0.19736942648887634,-0.1815628558397293,0.28436279296875,0.5775840282440186,-0.10958164185285568,0.25013816356658936,0.4692409932613373,-0.14724965393543243,0.22846785187721252,0.3972976505756378,-0.16538341343402863,0.21367855370044708,0.32370704412460327,-0.17664971947669983,open_palm,RRQ_p36,RRQ
0.3441871404647827,0.7518445253372192,4.149947301357315e-07,0.4176621735095978,0.7187893390655518,-0.03505338728427887,0.47079241275787354,0.6452412009239197,-0.05207357555627823,0.4915524125099182,0.5729937553405762,-0.06740561872720718,0.47912219166755676,0.5168442726135254,-0.08363355696201324,0.43935373425483704,0.4927855432033539,-0.03442433103919029,0.4501151442527771,0.3871563673019409,-0.06235428526997566,0.45159682631492615,0.3194340467453003,-0.08643700927495956,0.45099398493766785,0.256639689207077,-0.10422667115926743,0.3938075304031372,0.48174798488616943,-0.03777556121349335,0.4013102054595947,0.35918474197387695,-0.06303216516971588,0.40172436833381653,0.2771816849708557,-0.08732684701681137,0.3997025191783905,0.2044883668422699,-0.10576126724481583,0.35063669085502625,0.49583300948143005,-0.0450611412525177,0.3545372486114502,0.3846803307533264,-0.06844902783632278,0.35713884234428406,0.3102641701698303,-0.08735138177871704,0.35851937532424927,0.2431912124156952,-0.10104697942733765,0.30732783675193787,0.5290012359619141,-0.05593864992260933,0.308989554643631,0.4423917829990387,-0.07742054760456085,0.31359994411468506,0.3839797377586365,-0.08899981528520584,0.31917232275009155,0.32794249057769775,-0.09719527512788773,open_palm,RRQ_p36,RRQ
0.6183093786239624,0.7378857135772705,1.2676120775267918e-07,0.6903600096702576,0.7467422485351562,-0.010681304149329662,0.7492399215698242,0.6911789178848267,-0.012535814195871353,0.7799639701843262,0.6377421021461487,-0.01618136651813984,0.799589991569519,0.6032550930976868,-0.02143162488937378,0.7661042809486389,0.5665121078491211,-0.006801572162657976,0.8014792203903198,0.4832537770271301,-0.022885417565703392,0.818700909614563,0.4301946759223938,-0.03791581839323044,0.8316367268562317,0.3802468180656433,-0.05012863129377365,0.7405874729156494,0.5461692214012146,-0.01602047123014927,0.7774351835250854,0.449307382106781,-0.031721342355012894,0.7960324883460999,0.38481006026268005,-0.048481766134500504,0.8091955184936523,0.3242989778518677,-0.06164762005209923,0.708401083946228,0.5433101654052734,-0.027543241158127785,0.7412375211715698,0.4513867497444153,-0.04450218379497528,0.7576723694801331,0.3931451439857483,-0.05820969492197037,0.7688534259796143,0.33602267503738403,-0.06823498010635376,0.6678022146224976,0.5539350509643555,-0.040305256843566895,0.6921526193618774,0.4845436215400696,-0.0579085573554039,0.7087632417678833,0.44130194187164307,-0.06720996648073196,0.7224887013435364,0.39607375860214233,-0.07368824630975723,open_palm,RRQ_p36,RRQ
0.4769505560398102,0.7472732067108154,4.623900622391375e-07,0.5437765121459961,0.7556264400482178,-0.03709959238767624,0.6033722758293152,0.7189101576805115,-0.058442357927560806,0.6412193179130554,0.6695029139518738,-0.07770868390798569,0.6525185108184814,0.6250237226486206,-0.09872515499591827,0.6218594312667847,0.579710066318512,-0.04942731559276581,0.6613246202468872,0.49399682879447937,-0.0820445790886879,0.6843172311782837,0.43515753746032715,-0.10766011476516724,0.7050266861915588,0.37867751717567444,-0.12706537544727325,0.5861161351203918,0.5485749840736389,-0.053890909999608994,0.6272560358047485,0.44340604543685913,-0.08470238745212555,0.6543076038360596,0.37128567695617676,-0.11100610345602036,0.6789871454238892,0.3052554726600647,-0.1311275213956833,0.543285071849823,0.5423102974891663,-0.061726342886686325,0.5760785937309265,0.44106215238571167,-0.09163681417703629,0.5999892950057983,0.3745218515396118,-0.1147632971405983,0.6230676770210266,0.31562355160713196,-0.13119354844093323,0.4948797821998596,0.5533945560455322,-0.07264827191829681,0.5139944553375244,0.47429269552230835,-0.10174908488988876,0.531232476234436,0.41942209005355835,-0.11945795267820358,0.5499652028083801,0.3675868809223175,-0.1320609152317047,open_palm,RRQ_p36,RRQ
0.8113560676574707,0.6850126385688782,-5.820132855660631e-07,0.7846293449401855,0.5552950501441956,0.007366497069597244,0.7264512181282043,0.4205116927623749,-0.0068169548176229,0.7050459980964661,0.3114018440246582,-0.023917561396956444,0.7328661680221558,0.23083189129829407,-0.042050108313560486,0.6953920722007751,0.37702545523643494,-0.0497758686542511,0.5520475506782532,0.40509945154190063,-0.08171645551919937,0.564684271812439,0.450242817401886,-0.08819583803415298,0.6008111238479614,0.4585353434085846,-0.08926643431186676,0.6992799043655396,0.4509127140045166,-0.07074671983718872,0.5402381420135498,0.49728262424468994,-0.10102134197950363,0.5776335597038269,0.5274629592895508,-0.09208914637565613,0.6258391737937927,0.520926296710968,-0.08561591058969498,0.7002238631248474,0.538546621799469,-0.09035681933164597,0.5632710456848145,0.5808032155036926,-0.12018679082393646,0.6066594123840332,0.6025019288063049,-0.10017568618059158,0.6514276266098022,0.5927366018295288,-0.08480405062437057,0.7004230618476868,0.6293833255767822,-0.10805238783359528,0.5906517505645752,0.6495776176452637,-0.13033229112625122,0.6276012659072876,0.6631777882575989,-0.1177443414926529,0.6692124605178833,0.6545199751853943,-0.10557364672422409,thumbs_up,RRQ_p36,RRQ
0.7697913646697998,0.695258617401123,-1.981665889161377e-07,0.7395972013473511,0.5503518581390381,0.005996176041662693,0.6772060990333557,0.4323323369026184,-0.0031651565805077553,0.6441904902458191,0.32516199350357056,-0.0167816374450922,0.6604334115982056,0.23855599761009216,-0.03309671953320503,0.5400999188423157,0.46539223194122314,-0.00489403773099184,0.4661198854446411,0.5346072316169739,-0.010467097163200378,0.49757593870162964,0.5686286091804504,-0.020506486296653748,0.5372165441513062,0.5657240748405457,-0.02772952988743782,0.5242408514022827,0.5506279468536377,-0.01378924585878849,0.4738905429840088,0.6178629398345947,-0.00630126753821969,0.5105193853378296,0.6371429562568665,-0.007361688185483217,0.5518155097961426,0.6268754005432129,-0.012274426408112049,0.5256224870681763,0.6403242945671082,-0.020330864936113358,0.5042212009429932,0.6884467601776123,-0.007869641296565533,0.536127507686615,0.6955158710479736,-0.003207853063941002,0.5717841982841492,0.6831365823745728,-0.005647088401019573,0.5353371500968933,0.7242687940597534,-0.027742331847548485,0.5332043170928955,0.7510193586349487,-0.014675883576273918,0.5681520104408264,0.7537533640861511,-0.0033263908699154854,0.595818042755127,0.741727352142334,0.004212108440697193,thumbs_up,RRQ_p36,RRQ
0.7123757004737854,0.6770244240760803,-1.3664568996318849e-06,0.6668365597724915,0.5149976015090942,-0.06409689784049988,0.6687315106391907,0.3418653905391693,-0.08885380625724792,0.6790133118629456,0.23433230817317963,-0.10561911761760712,0.7073794007301331,0.17012467980384827,-0.11105216294527054,0.8366466164588928,0.2824133038520813,-0.05827755853533745,0.7220577597618103,0.31202298402786255,-0.11932303011417389,0.6543592810630798,0.3880692720413208,-0.14664313197135925,0.6514055132865906,0.41733604669570923,-0.15915553271770477,0.896547257900238,0.3797447383403778,-0.05231780931353569,0.7387997508049011,0.44029372930526733,-0.10778096318244934,0.6584187746047974,0.4971913695335388,-0.11334546655416489,0.6662699580192566,0.5022547245025635,-0.10972366482019424,0.9192978739738464,0.4986841678619385,-0.057304881513118744,0.7605492472648621,0.5680705308914185,-0.11517694592475891,0.6837308406829834,0.5861977338790894,-0.10254523903131485,0.6896560192108154,0.5673633813858032,-0.08417126536369324,0.9206237196922302,0.6147452592849731,-0.06917328387498856,0.7944652438163757,0.6623973250389099,-0.10936126857995987,0.7280828952789307,0.6616796851158142,-0.10551789402961731,0.7206579446792603,0.6388505101203918,-0.09307519346475601,thumbs_up,RRQ_p36,RRQ
0.7724906206130981,0.6748141646385193,-3.8202873042791907e-07,0.7235095500946045,0.5235303044319153,0.010844572447240353,0.6370594501495361,0.39485669136047363,-0.0036914681550115347,0.6014580130577087,0.27975529432296753,-0.02402096800506115,0.6232178807258606,0.17780020833015442,-0.04693537950515747,0.5221092104911804,0.4031254053115845,-0.025113368406891823,0.40086740255355835,0.4964058995246887,-0.04924915358424187,0.43402284383773804,0.5306649804115295,-0.06273441761732101,0.48033273220062256,0.5156949758529663,-0.06978106498718262,0.5229955315589905,0.492198646068573,-0.044881101697683334,0.40620940923690796,0.5886355638504028,-0.05816173925995827,0.4467359483242035,0.6103970408439636,-0.05309031531214714,0.49439358711242676,0.5881279706954956,-0.05148359760642052,0.5352996587753296,0.5920054316520691,-0.06298353523015976,0.4412938356399536,0.6689691543579102,-0.07307444512844086,0.4822096526622772,0.6784335970878601,-0.05582331493496895,0.5259568691253662,0.6544979214668274,-0.04602988064289093,0.5537475943565369,0.6918914318084717,-0.08034101873636246,0.47935497760772705,0.7348965406417847,-0.08439987152814865,0.5219982266426086,0.740371584892273,-0.06509825587272644,0.5634589791297913,0.7242445945739746,-0.04974610358476639,thumbs_up,RRQ_p36,RRQ
0.6597443222999573,0.6803421974182129,-3.5768948691838887e-07,0.6305484175682068,0.5993610620498657,0.007243044208735228,0.5833007097244263,0.5275838375091553,-0.0005202392349019647,0.566657543182373,0.46209707856178284,-0.012992596253752708,0.5777971744537354,0.4028055667877197,-0.025108370929956436,0.500245988368988,0.5055275559425354,-0.005200218874961138,0.43277350068092346,0.5866210460662842,-0.020706700161099434,0.46116286516189575,0.6162900328636169,-0.0315619632601738,0.48713502287864685,0.6053255796432495,-0.03922935202717781,0.495441734790802,0.5417444705963135,-0.018436362966895103,0.4327784478664398,0.6374639272689819,-0.03022524155676365,0.4681341350078583,0.6542929410934448,-0.029166674241423607,0.4973672330379486,0.6356515288352966,-0.02947264164686203,0.49823397397994995,0.5925264954566956,-0.0318811759352684,0.4515388011932373,0.678186297416687,-0.0381590873003006,0.4861183166503906,0.686724066734314,-0.029169714078307152,0.5125172138214111,0.667115330696106,-0.025493070483207703,0.5065841674804688,0.6482294797897339,-0.04613390937447548,0.48205822706222534,0.7139542698860168,-0.05352362245321274,0.5120432376861572,0.7177152037620544,-0.05021456256508827,0.534615159034729,0.6998806595802307,-0.046767737716436386,thumbs_up,RRQ_p36,RRQ
0.4283509850502014,0.7527390122413635,-1.981953801077907e-07,0.4296007752418518,0.6406826972961426,-0.014165195636451244,0.4103567600250244,0.5384601354598999,-0.029888715595006943,0.3958449065685272,0.4520694315433502,-0.04595613852143288,0.39430585503578186,0.38044705986976624,-0.06311920285224915,0.2832733988761902,0.5556201338768005,-0.016029521822929382,0.29903513193130493,0.5891237854957581,-0.02705886960029602,0.3243768811225891,0.6131736040115356,-0.044907841831445694,0.34326183795928955,0.6255888938903809,-0.058506909757852554,0.25302940607070923,0.6222718358039856,-0.017534242942929268,0.2754947543144226,0.6505817174911499,-0.01535315252840519,0.3007533848285675,0.6674813032150269,-0.024646339938044548,0.32313522696495056,0.6753377318382263,-0.036735836416482925,0.2413703352212906,0.6915832757949829,-0.018804581835865974,0.26289230585098267,0.7072144746780396,-0.01712757535278797,0.2866407036781311,0.718328058719635,-0.018001286312937737,0.30894967913627625,0.7220765352249146,-0.022978907451033592,0.23959490656852722,0.7580313682556152,-0.022246289998292923,0.2568027675151825,0.766277551651001,-0.021701492369174957,0.28417596220970154,0.7709786295890808,-0.015088900923728943,0.3041759729385376,0.7719019651412964,-0.009772468358278275,thumbs_up,RRQ_p36,RRQ
0.6771957874298096,0.8117163181304932,-7.136688964237692e-07,0.6531949043273926,0.7112663388252258,-0.03401084989309311,0.6725385189056396,0.59911048412323,-0.04757729545235634,0.6919414401054382,0.5266413688659668,-0.05788864567875862,0.6903929710388184,0.47356441617012024,-0.06254447996616364,0.7951606512069702,0.5646346807479858,-0.025834938511252403,0.7631167769432068,0.5492688417434692,-0.06577465683221817,0.7231613397598267,0.5899949669837952,-0.08649185299873352,0.7215785980224609,0.6092727184295654,-0.09809649735689163,0.8382112979888916,0.6226540207862854,-0.028228066861629486,0.7892987132072449,0.6175165176391602,-0.07303537428379059,0.7307869791984558,0.6443182826042175,-0.08472981303930283,0.7205217480659485,0.6537147760391235,-0.08388461917638779,0.8562562465667725,0.6932550668716431,-0.037210650742053986,0.7848668694496155,0.7057053446769714,-0.08378661423921585,0.7263728380203247,0.7232848405838013,-0.08185504376888275,0.7178306579589844,0.7222360372543335,-0.07107245922088623,0.8596600294113159,0.7637336850166321,-0.049905408173799515,0.7916515469551086,0.781006932258606,-0.08573441207408905,0.7416442036628723,0.7889149188995361,-0.08835207670927048,0.7282704710960388,0.7817407250404358,-0.08234702795743942,thumbs_up,RRQ_p36,RRQ
0.3175901472568512,0.7107757925987244,-5.019737727707252e-07,0.40911442041397095,0.6607205867767334,-0.03487086296081543,0.4700266122817993,0.5604336857795715,-0.052661195397377014,0.4979264438152313,0.48234111070632935,-0.06796286255121231,0.5284674763679504,0.419969767332077,-0.07705523073673248,0.3889309763908386,0.3892022371292114,-0.026464181020855904,0.44272956252098083,0.4303867816925049,-0.06865587830543518,0.4400307238101959,0.5152265429496765,-0.09295041114091873,0.4225074052810669,0.5327821373939514,-0.10669563710689545,0.3264614939689636,0.3959695100784302,-0.027390126138925552,0.3923748731613159,0.4699559807777405,-0.06837175041437149,0.39799851179122925,0.5622982382774353,-0.07971648126840591,0.3836328387260437,0.568157970905304,-0.08172266185283661,0.27588003873825073,0.4343263506889343,-0.0346389040350914,0.34381240606307983,0.5265214443206787,-0.07445045560598373,0.35399869084358215,0.6018686294555664,-0.07126649469137192,0.33951646089553833,0.5987221598625183,-0.06258482486009598,0.23576264083385468,0.48625892400741577,-0.04546978697180748,0.2927716076374054,0.5597904324531555,-0.06881061941385269,0.309139609336853,0.6124511957168579,-0.0651695728302002,0.300083726644516,0.6100574135780334,-0.05704387277364731,thumbs_up,RRQ_p36,RRQ
0.22845867276191711,0.6003879904747009,-3.428590105158946e-07,0.2829819619655609,0.4971449077129364,-0.002059014979749918,0.3573042154312134,0.400995671749115,-0.019104361534118652,0.38982120156288147,0.3121543526649475,-0.03769398108124733,0.3769613206386566,0.2344718873500824,-0.054399870336055756,0.45791763067245483,0.46103376150131226,-0.03474072739481926,0.5273638367652893,0.5651156306266785,-0.04903990402817726,0.49396640062332153,0.5811983942985535,-0.05434306338429451,0.46094658970832825,0.5603834390640259,-0.05859065055847168,0.44492673873901367,0.5413466691970825,-0.04888373613357544,0.508596658706665,0.6373353004455566,-0.05076128989458084,0.4721183776855469,0.6401382088661194,-0.04278533533215523,0.4367159307003021,0.6155675649642944,-0.04250042885541916,0.42184895277023315,0.623048722743988,-0.061983536928892136,0.4660821557044983,0.6932381391525269,-0.055283427238464355,0.4327124059200287,0.687354564666748,-0.03717883676290512,0.40138301253318787,0.6597479581832886,-0.032549597322940826,0.3953227996826172,0.6968024969100952,-0.07619146257638931,0.4298475980758667,0.7390487790107727,-0.06410110741853714,0.3990228474140167,0.7275210022926331,-0.04437916725873947,0.37290194630622864,0.7018277645111084,-0.03512478992342949,thumbs_up,RRQ_p36,RRQ
0.5741062760353088,0.7251030802726746,-5.895546451029077e-07,0.5959581136703491,0.615617036819458,-0.006586267612874508,0.6418725848197937,0.5476234555244446,-0.01834588497877121,0.6821297407150269,0.48038679361343384,-0.030578183010220528,0.7000154852867126,0.41520196199417114,-0.041681330651044846,0.7491469979286194,0.6241669058799744,-0.006436566356569529,0.7382605075836182,0.6384466290473938,-0.0028587779961526394,0.7087591290473938,0.6448783278465271,-0.007220533210784197,0.6886218190193176,0.6455442309379578,-0.013971321284770966,0.7584742307662964,0.6958019733428955,-0.009110214188694954,0.7342751622200012,0.7033132910728455,0.005292427726089954,0.7073278427124023,0.7001096606254578,0.0032095047645270824,0.6857808828353882,0.6952664256095886,-0.006412220187485218,0.7457848787307739,0.7588647603988647,-0.010283386334776878,0.7215869426727295,0.753471851348877,0.004296283237636089,0.6994960904121399,0.7501402497291565,0.007326398976147175,0.6789549589157104,0.7422894835472107,0.0009308874141424894,0.7249308824539185,0.8111019134521484,-0.012818809598684311,0.703252911567688,0.8088364601135254,-0.0010803408222272992,0.6826337575912476,0.7988373637199402,0.007382169831544161,0.6649488806724548,0.7843457460403442,0.009995387867093086,thumbs_up,RRQ_p36,RRQ
0.4522572159767151,0.5663166642189026,-2.6098948069375183e-07,0.5007644295692444,0.47656914591789246,-0.003961008507758379,0.5669216513633728,0.3824172019958496,-0.024425216019153595,0.5804218053817749,0.29858487844467163,-0.046356022357940674,0.5539848208427429,0.23288075625896454,-0.06524354219436646,0.605744481086731,0.347869336605072,-0.05983925610780716,0.7190425395965576,0.4419403076171875,-0.09516292065382004,0.6881465315818787,0.46600770950317383,-0.1087319627404213,0.6530947089195251,0.43678051233291626,-0.11713863164186478,0.582429826259613,0.401483952999115,-0.07873447984457016,0.6987568140029907,0.5148323178291321,-0.1032509133219719,0.6618528962135315,0.5222976207733154,-0.09828438609838486,0.6269508600234985,0.49025270342826843,-0.09912620484828949,0.5592584013938904,0.4727967083454132,-0.0968562662601471,0.6633476614952087,0.5738173723220825,-0.11306039988994598,0.6291747093200684,0.5739346742630005,-0.09798633307218552,0.5977488160133362,0.5428439378738403,-0.09226343780755997,0.5395998358726501,0.5471658110618591,-0.11551888287067413,0.6259304285049438,0.6185826659202576,-0.11873920261859894,0.5988169312477112,0.6145408153533936,-0.10538740456104279,0.5654515624046326,0.5904055833816528,-0.09971155971288681,thumbs_up,RRQ_p36,RRQ
0.3531058132648468,0.6605817079544067,-5.453661628962436e-07,0.4127511978149414,0.5432170629501343,-0.03811194375157356,0.42669597268104553,0.41789937019348145,-0.061720047146081924,0.4224552512168884,0.3316619098186493,-0.08295520395040512,0.42291951179504395,0.25685957074165344,-0.09818945080041885,0.2676839828491211,0.31377607583999634,-0.042061418294906616,0.3356066346168518,0.32980039715766907,-0.09448748081922531,0.3754652440547943,0.4027673900127411,-0.12714190781116486,0.36737552285194397,0.429657906293869,-0.14616863429546356,0.20885631442070007,0.3778156042098999,-0.04501889646053314,0.30690693855285645,0.4169897437095642,-0.09037015587091446,0.35884544253349304,0.4854608178138733,-0.10355081409215927,0.34971725940704346,0.5000275373458862,-0.10859359055757523,0.17729273438453674,0.4620903432369232,-0.054240331053733826,0.28694069385528564,0.5080135464668274,-0.09621183574199677,0.33588695526123047,0.5563614964485168,-0.09113718569278717,0.32511988282203674,0.5610920190811157,-0.08271396160125732,0.16346725821495056,0.5493613481521606,-0.06797538697719574,0.2573801875114441,0.5838272571563721,-0.09252025187015533,0.30275601148605347,0.6096286773681641,-0.08744241297245026,0.2999705970287323,0.6102501153945923,-0.07870402187108994,thumbs_up,RRQ_p36,RRQ
0.19664618372917175,0.7247597575187683,-1.9150863295180898e-07,0.23444272577762604,0.5949095487594604,-0.008471240289509296,0.30502480268478394,0.46005603671073914,-0.034521911293268204,0.3145346939563751,0.35326191782951355,-0.0605771504342556,0.2811015844345093,0.26814404129981995,-0.08492740243673325,0.36342427134513855,0.497076153755188,-0.07458217442035675,0.5054103136062622,0.5552076101303101,-0.10741908103227615,0.4823816418647766,0.5728888511657715,-0.11881814152002335,0.43829822540283203,0.5623838901519775,-0.12200585752725601,0.3529881536960602,0.593147337436676,-0.08868078142404556,0.4964335560798645,0.6423163414001465,-0.10968472808599472,0.4609462022781372,0.6378834843635559,-0.10039756447076797,0.4077996611595154,0.6203552484512329,-0.09510835260152817,0.34127911925315857,0.6896274089813232,-0.10033438354730606,0.46648749709129333,0.7143201231956482,-0.10633803904056549,0.4315091669559479,0.7070866227149963,-0.07814016938209534,0.3844377398490906,0.6952937841415405,-0.06253612041473389,0.3300425708293915,0.7764523029327393,-0.11246563494205475,0.43361032009124756,0.7738149166107178,-0.10237162560224533,0.40281766653060913,0.7660142183303833,-0.07045380026102066,0.35909754037857056,0.7610694169998169,-0.05148853734135628,thumbs_up,RRQ_p36,RRQ
0.5391930937767029,0.670519232749939,-5.774418809778581e-07,0.5332173705101013,0.568104088306427,-0.012375119142234325,0.5575043559074402,0.4915948808193207,-0.026047520339488983,0.5810900330543518,0.42169642448425293,-0.03933529928326607,0.5873713493347168,0.35794442892074585,-0.05197419598698616,0.6657443046569824,0.5472808480262756,-0.015226542018353939,0.651233434677124,0.5825257301330566,-0.01692325249314308,0.6248995065689087,0.5937917232513428,-0.024199753999710083,0.6050401926040649,0.5939738750457764,-0.03249863535165787,0.6840124130249023,0.6101906895637512,-0.016913989558815956,0.6619576215744019,0.6400820016860962,-0.009361476637423038,0.6359981298446655,0.6398425698280334,-0.01402003038674593,0.6142762899398804,0.6343314051628113,-0.024370847269892693,0.6824862957000732,0.6697498559951782,-0.017658529803156853,0.6567610502243042,0.6860421895980835,-0.007926932536065578,0.6336029171943665,0.6844301223754883,-0.0058416081592440605,0.6145588159561157,0.6767111420631409,-0.012054556049406528,0.6708755493164062,0.7221371531486511,-0.02042703703045845,0.6458593010902405,0.7372243404388428,-0.01291725691407919,0.6233556270599365,0.7308615446090698,-0.006067884154617786,0.606227457523346,0.7169821858406067,-0.004417087882757187,thumbs_up,RRQ_p36,RRQ
0.30489808320999146,0.7094472050666809,-5.026931830798276e-07,0.36495301127433777,0.6092806458473206,-0.036592211574316025,0.3795144557952881,0.4852583110332489,-0.05773571878671646,0.3783135414123535,0.39982640743255615,-0.07677236199378967,0.3877427279949188,0.3247174620628357,-0.09020958095788956,0.2454003542661667,0.39158904552459717,-0.03965461999177933,0.29944685101509094,0.4225257635116577,-0.08886364847421646,0.3338368535041809,0.48384761810302734,-0.11915402859449387,0.3266206979751587,0.4994066059589386,-0.13690699636936188,0.18457667529582977,0.44371166825294495,-0.0417310930788517,0.2645368278026581,0.5052235126495361,-0.08474144339561462,0.3106798231601715,0.5605789422988892,-0.09652989357709885,0.3025699555873871,0.5621702671051025,-0.10154913365840912,0.1485319286584854,0.5181114673614502,-0.050012461841106415,0.23415279388427734,0.5746749043464661,-0.08913316577672958,0.2784916162490845,0.6169330477714539,-0.08196280151605606,0.26927873492240906,0.6133671998977661,-0.07362613081932068,0.12896911799907684,0.5966697335243225,-0.06297168135643005,0.20277132093906403,0.6396254301071167,-0.0877150371670723,0.2431555539369583,0.6649864912033081,-0.08365487307310104,0.24022667109966278,0.6617648005485535,-0.07630190998315811,thumbs_up,RRQ_p36,RRQ
0.6623420119285583,0.8238924145698547,9.918137493514223e-07,0.6034396290779114,0.776405394077301,-0.028627192601561546,0.5575069785118103,0.6974836587905884,-0.05333801358938217,0.557685911655426,0.637129545211792,-0.08147752285003662,0.5915499925613403,0.5932352542877197,-0.10765638202428818,0.5764927268028259,0.5220816731452942,-0.04188934341073036,0.547288179397583,0.4003422260284424,-0.07816047221422195,0.530465304851532,0.32669758796691895,-0.09742448478937149,0.5213937759399414,0.2603558599948883,-0.10852453857660294,0.6394408345222473,0.5169881582260132,-0.05484071746468544,0.6496577262878418,0.3750191926956177,-0.09705772995948792,0.6660733819007874,0.28405576944351196,-0.12024453282356262,0.686083197593689,0.20503926277160645,-0.12867644429206848,0.6959647536277771,0.551188051700592,-0.0699477419257164,0.6600778698921204,0.542823076248169,-0.12191647291183472,0.6224638223648071,0.633293628692627,-0.12528783082962036,0.604690432548523,0.6959808468818665,-0.11121048033237457,0.7388502955436707,0.6061789989471436,-0.08727071434259415,0.6960726976394653,0.6175229549407959,-0.12145521491765976,0.6610703468322754,0.6754410266876221,-0.11445918679237366,0.6433075070381165,0.7180092334747314,-0.0992022380232811,peace_sign,RRQ_p36,RRQ
0.7820210456848145,0.7062463760375977,7.409574891426018e-07,0.7765063047409058,0.5828028321266174,0.03881897032260895,0.7449507117271423,0.4970957934856415,0.037673234939575195,0.6962188482284546,0.4604797065258026,0.0262613445520401,0.6511828303337097,0.4619895815849304,0.01269083097577095,0.7483426332473755,0.42990291118621826,-0.012632180005311966,0.7220072746276855,0.29898232221603394,-0.036904990673065186,0.7086324691772461,0.21473842859268188,-0.04894562438130379,0.6985412836074829,0.15623271465301514,-0.053991932421922684,0.7152624726295471,0.45182186365127563,-0.040932830423116684,0.647784411907196,0.3193827271461487,-0.06638777256011963,0.6052539944648743,0.23820704221725464,-0.07779550552368164,0.5732413530349731,0.18577057123184204,-0.08396872133016586,0.6775526404380798,0.4968531131744385,-0.061786092817783356,0.5955718755722046,0.4631131887435913,-0.06246638298034668,0.6100088357925415,0.4937610924243927,-0.04049663618206978,0.6339237689971924,0.5105189085006714,-0.02383515052497387,0.6421693563461304,0.5516108274459839,-0.08097999542951584,0.5853586196899414,0.5314357876777649,-0.06738671660423279,0.6031038165092468,0.5568522214889526,-0.04076002538204193,0.6262127161026001,0.5705259442329407,-0.019949311390519142,peace_sign,RRQ_p36,RRQ
0.6619700193405151,0.7579492330551147,7.045395022942103e-07,0.641883134841919,0.6345188617706299,0.008062727749347687,0.5816345810890198,0.5585092306137085,0.0028203087858855724,0.523489236831665,0.5469971299171448,-0.0052979146130383015,0.4815157949924469,0.5610195994377136,-0.013567227870225906,0.5540358424186707,0.5034247040748596,-0.0340937077999115,0.47155970335006714,0.39768004417419434,-0.05914873257279396,0.42392829060554504,0.3308541774749756,-0.06967303156852722,0.38735729455947876,0.2806490361690521,-0.0723898634314537,0.5096047520637512,0.5628495812416077,-0.04377790167927742,0.3964165151119232,0.5015467405319214,-0.06412000954151154,0.3330506384372711,0.4640389680862427,-0.06949843466281891,0.2898894250392914,0.4424048662185669,-0.069134920835495,0.4808771312236786,0.6281243562698364,-0.04942942038178444,0.4465501606464386,0.6149431467056274,-0.059297654777765274,0.4767797887325287,0.6209626793861389,-0.05208006128668785,0.5065506100654602,0.6352260112762451,-0.04073112830519676,0.46334365010261536,0.6941080689430237,-0.05515307933092117,0.4648838937282562,0.6740320920944214,-0.05429137870669365,0.49332618713378906,0.6780327558517456,-0.042971327900886536,0.5173847675323486,0.6861847639083862,-0.02944413758814335,peace_sign,RRQ_p36,RRQ
0.6370407938957214,0.8446270227432251,1.2408601151037146e-06,0.5773448348045349,0.8092128038406372,-0.030835304409265518,0.5268666744232178,0.7437124848365784,-0.05912644788622856,0.5203831791877747,0.6950699090957642,-0.09055744111537933,0.5503900051116943,0.6558476686477661,-0.1199440211057663,0.5514827966690063,0.5443708896636963,-0.051177654415369034,0.5466784238815308,0.4205629229545593,-0.09233784675598145,0.5512666702270508,0.3436424434185028,-0.11464909464120865,0.563698947429657,0.2755245864391327,-0.12730607390403748,0.6150289177894592,0.539312481880188,-0.06479514390230179,0.6347844004631042,0.39756613969802856,-0.1122681275010109,0.6592588424682617,0.30531400442123413,-0.13853274285793304,0.6873074173927307,0.22589123249053955,-0.14844797551631927,0.6708652973175049,0.573644757270813,-0.08012261986732483,0.6396822929382324,0.5789324641227722,-0.1344243437051773,0.5969038009643555,0.6756473779678345,-0.13620619475841522,0.5743544697761536,0.7422797083854675,-0.12052088975906372,0.7112737894058228,0.630443811416626,-0.09798018634319305,0.6690321564674377,0.6633619070053101,-0.13241437077522278,0.6336090564727783,0.7246845364570618,-0.12461623549461365,0.6145877838134766,0.766322135925293,-0.10831331461668015,peace_sign,RRQ_p36,RRQ
0.7177512049674988,0.780297040939331,1.2539952649603947e-06,0.667786717414856,0.7282389998435974,-0.027942627668380737,0.6458683013916016,0.6429650783538818,-0.05409509688615799,0.6634657382965088,0.589680552482605,-0.0832197442650795,0.7051629424095154,0.5535194873809814,-0.11018481850624084,0.7089712619781494,0.4624312222003937,-0.04041000083088875,0.7476810216903687,0.34389740228652954,-0.0758921429514885,0.780076265335083,0.2777790129184723,-0.09557678550481796,0.8124149441719055,0.22293925285339355,-0.10663298517465591,0.7618709206581116,0.49438515305519104,-0.05271359160542488,0.8338027000427246,0.37441888451576233,-0.0946538895368576,0.8913995027542114,0.30852943658828735,-0.11555752158164978,0.9412330389022827,0.2517516016960144,-0.1230303943157196,0.8000350594520569,0.5499573945999146,-0.06767596304416656,0.7993454337120056,0.5183032751083374,-0.11938641965389252,0.7505814433097839,0.589850902557373,-0.11970051378011703,0.718993604183197,0.6380313634872437,-0.10423333942890167,0.824953556060791,0.6149153709411621,-0.08461920917034149,0.8073784708976746,0.5924639701843262,-0.11862002313137054,0.7649595141410828,0.6316400170326233,-0.11024420708417892,0.7339677214622498,0.657982349395752,-0.09461836516857147,peace_sign,RRQ_p36,RRQ
0.651317298412323,0.8087581992149353,5.753425398324907e-07,0.5663689970970154,0.8013513684272766,-0.015224887989461422,0.4896259605884552,0.7596285939216614,-0.03138237074017525,0.43762436509132385,0.7226783633232117,-0.05551377311348915,0.4213794469833374,0.6653939485549927,-0.077338807284832,0.46534788608551025,0.6208664774894714,-0.006342628039419651,0.384011834859848,0.5794024467468262,-0.03671926632523537,0.3425639271736145,0.5521693229675293,-0.05609441176056862,0.30561554431915283,0.5178114771842957,-0.06985374540090561,0.49999549984931946,0.5724867582321167,-0.023831332102417946,0.4288545548915863,0.47342097759246826,-0.06378117948770523,0.392505943775177,0.40574324131011963,-0.0878489762544632,0.36670225858688354,0.3450602889060974,-0.09952863305807114,0.5452771186828613,0.5560638308525085,-0.04504069685935974,0.46195918321609497,0.5485299229621887,-0.09512965381145477,0.45724108815193176,0.6496244072914124,-0.09828238189220428,0.4669676423072815,0.7210443615913391,-0.08635219931602478,0.5914282202720642,0.5664055347442627,-0.06822908669710159,0.525115430355072,0.5884910821914673,-0.10301385819911957,0.5026757717132568,0.6582170724868774,-0.10195911675691605,0.49548086524009705,0.7122225761413574,-0.09322283416986465,peace_sign,RRQ_p36,RRQ
0.5623190402984619,0.8855330348014832,8.591884466113697e-07,0.47625330090522766,0.8988955020904541,-0.029536327347159386,0.3883185386657715,0.88206946849823,-0.058719851076602936,0.3337128758430481,0.8548792600631714,-0.09179537743330002,0.3304489850997925,0.7916204929351807,-0.1220804825425148,0.34810325503349304,0.6956791281700134,-0.03771178051829338,0.254771888256073,0.6503220796585083,-0.07589974999427795,0.19590184092521667,0.6248621344566345,-0.0974915623664856,0.14600837230682373,0.5919852256774902,-0.1101067066192627,0.39676859974861145,0.6437941789627075,-0.051397860050201416,0.315617173910141,0.5432090759277344,-0.09733619540929794,0.2656857371330261,0.4713732600212097,-0.12311200797557831,0.22456829249858856,0.4027845561504364,-0.13268113136291504,0.4515339732170105,0.6260715126991272,-0.06805194914340973,0.37018758058547974,0.6922429203987122,-0.1276128590106964,0.3760629892349243,0.8039851188659668,-0.13400863111019135,0.39404797554016113,0.8719139099121094,-0.11965227127075195,0.4995611608028412,0.6422783732414246,-0.08667989075183868,0.42690783739089966,0.7241529226303101,-0.12315195798873901,0.4290705621242523,0.8110893964767456,-0.1168656200170517,0.44390302896499634,0.8628510236740112,-0.10179150849580765,peace_sign,RRQ_p36,RRQ
0.6401047110557556,0.810653567314148,1.2580890142999124e-06,0.5772255063056946,0.7610374689102173,-0.0355665348470211,0.5308439135551453,0.6707249283790588,-0.06635194271802902,0.5348145365715027,0.6086615920066833,-0.10027258098125458,0.5747410655021667,0.5675133466720581,-0.13178002834320068,0.5628064274787903,0.47460106015205383,-0.05112948268651962,0.5406345129013062,0.3361300528049469,-0.09005706012248993,0.5318336486816406,0.2530645728111267,-0.1112622544169426,0.5314701199531555,0.17762598395347595,-0.1249053105711937,0.631470263004303,0.4807780683040619,-0.06485039740800858,0.6600200533866882,0.329705148935318,-0.11129433661699295,0.6902058124542236,0.23515421152114868,-0.13655848801136017,0.7215753197669983,0.14933976531028748,-0.14685745537281036,0.6887087225914001,0.5264110565185547,-0.08126692473888397,0.65470951795578,0.49101975560188293,-0.13850748538970947,0.611624002456665,0.5889713764190674,-0.13843515515327454,0.5932040214538574,0.6543822288513184,-0.12115040421485901,0.7309409379959106,0.5917329788208008,-0.10057252645492554,0.6890977621078491,0.5759594440460205,-0.13868893682956696,0.6535150408744812,0.6368386745452881,-0.12920182943344116,0.6397982239723206,0.6807740330696106,-0.11173731833696365,peace_sign,RRQ_p36,RRQ
0.30870521068573,0.7772942781448364,7.058370101731271e-07,0.38032302260398865,0.738088071346283,-0.018219059333205223,0.43635010719299316,0.658303439617157,-0.0356128066778183,0.46182379126548767,0.5914365649223328,-0.05684918537735939,0.44230201840400696,0.5519970655441284,-0.07361073046922684,0.420695424079895,0.5193163156509399,-0.027330268174409866,0.4656335413455963,0.4171483516693115,-0.06122099980711937,0.49141064286231995,0.3557942509651184,-0.07867608219385147,0.5078590512275696,0.29632601141929626,-0.08961407840251923,0.3713538646697998,0.5003440380096436,-0.04445728659629822,0.4082615375518799,0.38364148139953613,-0.09248524159193039,0.4336733818054199,0.31666839122772217,-0.1147461012005806,0.44823819398880005,0.254299134016037,-0.1226780042052269,0.32665902376174927,0.514362633228302,-0.06328928470611572,0.4024193286895752,0.5289824604988098,-0.11425445973873138,0.4016132056713104,0.6120983362197876,-0.1105385571718216,0.38424140214920044,0.645009458065033,-0.09366425126791,0.2979184091091156,0.5517608523368835,-0.08492870628833771,0.36952534317970276,0.5961911082267761,-0.11606912314891815,0.36647170782089233,0.6492782235145569,-0.1103663519024849,0.3429149091243744,0.6568393111228943,-0.0985034853219986,peace_sign,RRQ_p36,RRQ
0.27120742201805115,0.6607581973075867,7.011780667198764e-07,0.27360233664512634,0.5504194498062134,0.02352381870150566,0.3031817674636841,0.4845193326473236,0.01503623928874731,0.34653130173683167,0.4529287815093994,0.0029291959945112467,0.3857714533805847,0.45254001021385193,-0.009408514015376568,0.31721845269203186,0.4336523413658142,-0.042370740324258804,0.3602909445762634,0.3191186785697937,-0.06410602480173111,0.38668784499168396,0.251345694065094,-0.07320397347211838,0.41079163551330566,0.20531195402145386,-0.07659431546926498,0.35773754119873047,0.47672781348228455,-0.05844145268201828,0.4377594292163849,0.3814733922481537,-0.0826951265335083,0.48642781376838684,0.3197571933269501,-0.09115036576986313,0.52019202709198,0.2850140333175659,-0.09413555264472961,0.39100903272628784,0.5311172604560852,-0.06528156995773315,0.4338878393173218,0.4892446994781494,-0.0620158314704895,0.4145083427429199,0.4947739243507385,-0.03600085526704788,0.39261630177497864,0.5106390714645386,-0.01622127741575241,0.4121491312980652,0.5862268209457397,-0.07111050933599472,0.4352378845214844,0.5447865724563599,-0.049881577491760254,0.41726598143577576,0.5533937215805054,-0.015978332608938217,0.4000947177410126,0.573763370513916,0.010619234293699265,peace_sign,RRQ_p36,RRQ
0.49737101793289185,0.7522292137145996,6.767995159862039e-07,0.48964405059814453,0.6383944749832153,-0.000387760519515723,0.5234509110450745,0.5494987964630127,-0.007479009218513966,0.5722635388374329,0.4993126392364502,-0.010870314203202724,0.6002410650253296,0.4654187560081482,-0.012871450744569302,0.5953371524810791,0.5271405577659607,-0.051324840635061264,0.6671738624572754,0.39410075545310974,-0.06297022104263306,0.7068326473236084,0.3317638635635376,-0.06308667361736298,0.7378447651863098,0.281851589679718,-0.06063791736960411,0.6413993835449219,0.5828548073768616,-0.046616993844509125,0.7348827719688416,0.4817543923854828,-0.05953505262732506,0.7876324653625488,0.43704354763031006,-0.05776997655630112,0.8271705508232117,0.4102897047996521,-0.05384983867406845,0.6624064445495605,0.6438748836517334,-0.035423196852207184,0.6735856533050537,0.5747425556182861,-0.03372112289071083,0.6442037224769592,0.5698675513267517,-0.018853623420000076,0.619598925113678,0.5880128741264343,-0.005272085778415203,0.665797233581543,0.6923753619194031,-0.023566577583551407,0.6634590029716492,0.6347014904022217,-0.01231501717120409,0.6356503963470459,0.6285045742988586,0.006497910711914301,0.6147624850273132,0.643999457359314,0.02277330867946148,peace_sign,RRQ_p36,RRQ
0.3951737582683563,0.6989814043045044,5.765555783909804e-07,0.3469187021255493,0.6058424711227417,0.03124040924012661,0.34636762738227844,0.5222283005714417,0.027443015947937965,0.374708354473114,0.463399738073349,0.016889538615942,0.4118192493915558,0.43934395909309387,0.00546821067109704,0.3372693359851837,0.45869752764701843,-0.022586233913898468,0.2967175841331482,0.33685460686683655,-0.04037607088685036,0.27155351638793945,0.26454466581344604,-0.048610568046569824,0.254341721534729,0.20909273624420166,-0.052750423550605774,0.38630175590515137,0.45136767625808716,-0.043581437319517136,0.4092288017272949,0.31154221296310425,-0.05648660287261009,0.42818373441696167,0.22843754291534424,-0.06262719631195068,0.4484156668186188,0.1776832640171051,-0.06601078808307648,0.43333134055137634,0.4697139263153076,-0.056768957525491714,0.44195231795310974,0.4260319471359253,-0.04646405950188637,0.42739561200141907,0.4587843418121338,-0.02493540570139885,0.4199652671813965,0.49060705304145813,-0.011081870645284653,0.4742060899734497,0.5010479092597961,-0.06888340413570404,0.46571701765060425,0.47529536485671997,-0.04639213904738426,0.45230019092559814,0.5062341690063477,-0.01753881387412548,0.4491809606552124,0.5356438755989075,0.0038560146931558847,peace_sign,RRQ_p36,RRQ
0.29119688272476196,0.881529688835144,9.67476353253005e-07,0.21638131141662598,0.7813074588775635,0.011669840663671494,0.18709129095077515,0.6640240550041199,-0.011255723424255848,0.20319825410842896,0.5658085942268372,-0.03319668024778366,0.23286187648773193,0.5005444288253784,-0.055927883833646774,0.1768237054347992,0.618397057056427,-0.10241705179214478,0.11605013906955719,0.4553297162055969,-0.15158343315124512,0.07372532784938812,0.3497147560119629,-0.18048310279846191,0.0406874418258667,0.26846104860305786,-0.19619882106781006,0.24703751504421234,0.6225728988647461,-0.11834588646888733,0.2590528428554535,0.398590087890625,-0.15521706640720367,0.27796244621276855,0.26297271251678467,-0.16697147488594055,0.2944645881652832,0.16875073313713074,-0.1735730618238449,0.3191298246383667,0.6311856508255005,-0.12327081710100174,0.3161159157752991,0.4902353584766388,-0.13156625628471375,0.300814151763916,0.5278121829032898,-0.09841557592153549,0.2946295738220215,0.5797582268714905,-0.07292603701353073,0.3805009126663208,0.6432576179504395,-0.12746046483516693,0.35518643260002136,0.5382895469665527,-0.11556847393512726,0.3377010226249695,0.5736739039421082,-0.07338441163301468,0.3385612368583679,0.6149779558181763,-0.039620693773031235,peace_sign,RRQ_p36,RRQ
0.5127379894256592,0.9087185859680176,1.0640134178174776e-06,0.6099674105644226,0.8616086840629578,-0.00016328797210007906,0.6795114278793335,0.7964962124824524,-0.023012617602944374,0.7262743711471558,0.7517858147621155,-0.05488426983356476,0.746492326259613,0.7343156933784485,-0.08058057725429535,0.6639012694358826,0.6478164196014404,-0.02751205861568451,0.7520973682403564,0.564810574054718,-0.07130380719900131,0.8085492849349976,0.5142462253570557,-0.0945003405213356,0.849989652633667,0.47358882427215576,-0.10802070796489716,0.6151397824287415,0.6350185871124268,-0.05910711735486984,0.687774121761322,0.516251266002655,-0.12519432604312897,0.7360121011734009,0.4394286870956421,-0.15667319297790527,0.7717276811599731,0.3767184615135193,-0.16881528496742249,0.5753351449966431,0.661827564239502,-0.08936231583356857,0.6931929588317871,0.7194375991821289,-0.1446191668510437,0.6844945549964905,0.7898163795471191,-0.13366514444351196,0.6587490439414978,0.8111966848373413,-0.11101736128330231,0.5581202507019043,0.721045196056366,-0.1216270849108696,0.662081241607666,0.7912959456443787,-0.14821581542491913,0.6533170938491821,0.8364607691764832,-0.13243886828422546,0.623052179813385,0.8351680040359497,-0.11277887225151062,peace_sign,RRQ_p36,RRQ
0.3052327036857605,0.8618251085281372,1.210022674058564e-06,0.36851054430007935,0.7742416858673096,-0.03466362506151199,0.40790629386901855,0.6669519543647766,-0.06460142880678177,0.40002402663230896,0.5861300230026245,-0.09713595360517502,0.34479478001594543,0.574190080165863,-0.1247866228222847,0.3475535213947296,0.5164238214492798,-0.05008898302912712,0.3882993459701538,0.39230501651763916,-0.10558485239744186,0.4223667085170746,0.32055896520614624,-0.13742102682590485,0.4412328004837036,0.24888959527015686,-0.15428128838539124,0.27047663927078247,0.5143440365791321,-0.06660715490579605,0.2512081563472748,0.3529393970966339,-0.13663239777088165,0.240431547164917,0.24292179942131042,-0.17154242098331451,0.21720919013023376,0.1444016396999359,-0.18270911276340485,0.2139592319726944,0.5632805824279785,-0.08543471992015839,0.28036317229270935,0.5808067321777344,-0.16276243329048157,0.33159512281417847,0.663293182849884,-0.1699123978614807,0.34602126479148865,0.710993766784668,-0.1495572328567505,0.18201100826263428,0.6371423006057739,-0.10723773390054703,0.26506051421165466,0.6810537576675415,-0.15060105919837952,0.3101083040237427,0.7317401170730591,-0.1433294266462326,0.3185867369174957,0.7514761090278625,-0.12441233545541763,peace_sign,RRQ_p36,RRQ
0.5267592072486877,0.8415471911430359,-2.2651096287518158e-07,0.5348457098007202,0.710237979888916,0.03357233852148056,0.49636316299438477,0.627393364906311,0.0463557094335556,0.4521171748638153,0.5641722679138184,0.05396072566509247,0.42067378759384155,0.5325155258178711,0.062459178268909454,0.43595123291015625,0.5821390748023987,0.01260350551456213,0.36153024435043335,0.5113991498947144,0.020794400945305824,0.3707523047924042,0.536037266254425,0.03102169558405876,0.39389193058013916,0.5694811344146729,0.040065258741378784,0.3879353702068329,0.6363147497177124,-0.0005914451321586967,0.3241283893585205,0.5553903579711914,0.013637229800224304,0.3430881202220917,0.576770544052124,0.027247607707977295,0.36724090576171875,0.6085543036460876,0.035117752850055695,0.35402369499206543,0.7007167339324951,-0.008760894648730755,0.29672056436538696,0.6167609095573425,0.010835018008947372,0.3204886317253113,0.6321045160293579,0.030151598155498505,0.34330201148986816,0.6614897847175598,0.03840329498052597,0.3351241946220398,0.7684791088104248,-0.013685498386621475,0.29461824893951416,0.6943976879119873,0.0071510556153953075,0.315014511346817,0.7015657424926758,0.030780304223299026,0.33477091789245605,0.7227277755737305,0.04626458138227463,neutral,RRQ_p36,RRQ
0.7057318091392517,0.666998565196991,-2.1743223044268234e-07,0.6970218420028687,0.591911256313324,-0.0007616468355990946,0.6637197732925415,0.5601167678833008,-0.004487056750804186,0.6287837624549866,0.5731472969055176,-0.009320736862719059,0.6049659848213196,0.602782130241394,-0.014092296361923218,0.6418160200119019,0.5306304097175598,-0.0012189162662252784,0.617091953754425,0.553066611289978,-0.014532123692333698,0.6274409294128418,0.5838443636894226,-0.026450950652360916,0.645817220211029,0.6004077792167664,-0.03305948153138161,0.6105329394340515,0.5530995726585388,-0.0050095501355826855,0.5978561043739319,0.5975416898727417,-0.01023651659488678,0.6138131618499756,0.6282603144645691,-0.013817142695188522,0.6320661306381226,0.6352757811546326,-0.01658470183610916,0.5858255624771118,0.5919972658157349,-0.009748739190399647,0.576542317867279,0.6351416110992432,-0.01563403755426407,0.5951219797134399,0.6611998081207275,-0.014550863765180111,0.614654004573822,0.6647258400917053,-0.013714958913624287,0.5649874210357666,0.6368346810340881,-0.014535115100443363,0.5573838353157043,0.6730624437332153,-0.019011780619621277,0.5764893293380737,0.6949647068977356,-0.014018764719367027,0.5940743088722229,0.6998059749603271,-0.008372421376407146,neutral,RRQ_p36,RRQ
0.7358877658843994,0.6752593517303467,-3.115949311904842e-07,0.7495841383934021,0.5712347030639648,0.0399269238114357,0.7422020435333252,0.5008320808410645,0.05567224323749542,0.7256937026977539,0.46349379420280457,0.06514956057071686,0.7130895853042603,0.4373207688331604,0.07560791075229645,0.675687313079834,0.41430363059043884,0.01594700664281845,0.6058657765388489,0.322444885969162,0.01750003919005394,0.5747654438018799,0.34756413102149963,0.030014662072062492,0.5737271308898926,0.384937584400177,0.04281336069107056,0.63579922914505,0.44269439578056335,-0.0025560951326042414,0.5506563186645508,0.35688087344169617,0.0002215058048022911,0.5103836059570312,0.36048704385757446,0.016713738441467285,0.4997180104255676,0.37584859132766724,0.030632102862000465,0.602067768573761,0.49049678444862366,-0.01763150468468666,0.521416425704956,0.39195242524147034,-0.017800573259592056,0.4861232042312622,0.3818585276603699,-0.0034394310787320137,0.47374558448791504,0.3890761733055115,0.0092029869556427,0.5766812562942505,0.5496723055839539,-0.02780323103070259,0.5142077207565308,0.46561315655708313,-0.033629678189754486,0.48371413350105286,0.4387394189834595,-0.025904545560479164,0.468990683555603,0.43179047107696533,-0.0154703538864851,neutral,RRQ_p36,RRQ
0.7484875321388245,0.681674063205719,-1.7438041011175187e-09,0.766315221786499,0.5761350989341736,0.040360406041145325,0.7605502605438232,0.504008412361145,0.052443601191043854,0.752135694026947,0.4554474651813507,0.05751895159482956,0.7585954666137695,0.4155625104904175,0.061155013740062714,0.6723628640174866,0.410767525434494,0.013556219637393951,0.6211490035057068,0.29138636589050293,0.008383599109947681,0.5819503664970398,0.2629432678222656,0.0123757254332304,0.5559816956520081,0.2666241526603699,0.019369039684534073,0.6322934031486511,0.4396023750305176,-0.00769461877644062,0.548051118850708,0.33173668384552,-0.011245572939515114,0.4987694025039673,0.29880765080451965,-0.003513675881549716,0.46924516558647156,0.29066887497901917,0.0046754805371165276,0.6003701686859131,0.49057748913764954,-0.025220975279808044,0.5177398920059204,0.3862913250923157,-0.02924027293920517,0.4743511378765106,0.3474106192588806,-0.02449408546090126,0.4452623724937439,0.3305164575576782,-0.018277395516633987,0.5765048861503601,0.555668294429779,-0.03764978051185608,0.5022097229957581,0.48073139786720276,-0.04504070430994034,0.460504949092865,0.4494568109512329,-0.041523851454257965,0.4286143183708191,0.4317939281463623,-0.034010592848062515,neutral,RRQ_p36,RRQ
0.6756331324577332,0.7384486794471741,-1.3801299303395353e-07,0.7049895524978638,0.6419131755828857,0.05983273684978485,0.7024276852607727,0.5790830254554749,0.09036751091480255,0.7020745873451233,0.5359034538269043,0.11046229302883148,0.7191411256790161,0.5066419839859009,0.12998004257678986,0.5946492552757263,0.46629253029823303,0.0679730772972107,0.5450378060340881,0.45659178495407104,0.09621134400367737,0.5354522466659546,0.4920472800731659,0.1149098128080368,0.5361819267272949,0.5157730579376221,0.12605918943881989,0.5440155267715454,0.49561071395874023,0.043590039014816284,0.4727843105792999,0.41069477796554565,0.06313779950141907,0.4467315673828125,0.3964327275753021,0.07872436195611954,0.43834641575813293,0.39152687788009644,0.0898742601275444,0.5079672336578369,0.5483109354972839,0.024308335036039352,0.4435703456401825,0.46384289860725403,0.04054340347647667,0.45101967453956604,0.4885610342025757,0.05582757666707039,0.4678170680999756,0.5148152112960815,0.06702065467834473,0.4851716458797455,0.6200732588768005,0.010345105081796646,0.4270894527435303,0.5647952556610107,0.027775024995207787,0.43212899565696716,0.5736607313156128,0.047262124717235565,0.45040881633758545,0.5906902551651001,0.06181568652391434,neutral,RRQ_p36,RRQ
0.6649026870727539,0.7691308856010437,5.375768523663282e-07,0.6515693664550781,0.6628673672676086,0.032326411455869675,0.5977143049240112,0.6201454401016235,0.04084150120615959,0.5550526976585388,0.6286484599113464,0.03888716921210289,0.5259489417076111,0.6615870594978333,0.03628776594996452,0.5618957281112671,0.582451581954956,0.03562504053115845,0.5225483179092407,0.5894351005554199,0.0315299853682518,0.5282493829727173,0.618323564529419,0.02011227421462536,0.5344603657722473,0.634005606174469,0.012558583170175552,0.5223957300186157,0.6092433333396912,0.012990941293537617,0.4679473340511322,0.5242795944213867,0.01225306373089552,0.43474099040031433,0.4629110097885132,0.00717360433191061,0.413455069065094,0.40831682085990906,0.0024021808058023453,0.49749755859375,0.6612541079521179,-0.007912847213447094,0.4323929250240326,0.638757050037384,-0.0060834563337266445,0.4548838138580322,0.6729496121406555,0.004706014413386583,0.48258712887763977,0.6878868937492371,0.013637924566864967,0.4893895089626312,0.7210042476654053,-0.027423763647675514,0.44298359751701355,0.7099381685256958,-0.020463598892092705,0.46573370695114136,0.7281801700592041,-0.0011739252367988229,0.49013835191726685,0.7363875508308411,0.013832752592861652,neutral,RRQ_p36,RRQ
0.7290487289428711,0.77806556224823,-8.027268449950498e-07,0.6176057457923889,0.77776038646698,0.03454088419675827,0.5247600674629211,0.7850114107131958,0.024678239598870277,0.4589706063270569,0.8030147552490234,0.008543755859136581,0.4024643898010254,0.8389126658439636,-0.011471046134829521,0.48486897349357605,0.6723383069038391,-0.06561624258756638,0.36587193608283997,0.7110468149185181,-0.1274501234292984,0.3059008717536926,0.7716199159622192,-0.1672474592924118,0.26545315980911255,0.8296957015991211,-0.18821819126605988,0.5323363542556763,0.6700276136398315,-0.09923001378774643,0.4097796082496643,0.7944159507751465,-0.13568158447742462,0.3958277404308319,0.902505099773407,-0.1303526610136032,0.40407681465148926,0.9573143124580383,-0.12823934853076935,0.5865768194198608,0.7035489082336426,-0.1298842877149582,0.46585991978645325,0.8262661695480347,-0.1635533720254898,0.4551250636577606,0.9244413375854492,-0.14165912568569183,0.472600519657135,0.9622795581817627,-0.12403830885887146,0.6377760171890259,0.7504101395606995,-0.15650320053100586,0.5411375761032104,0.8446885943412781,-0.18446923792362213,0.5163671970367432,0.9207459092140198,-0.17146866023540497,0.5216013193130493,0.9518458247184753,-0.15688858926296234,neutral,RRQ_p36,RRQ
0.7618216872215271,0.6902265548706055,1.1686682199751885e-07,0.6842125058174133,0.697283148765564,0.012560832314193249,0.6402530670166016,0.6544016599655151,0.017867647111415863,0.6081027984619141,0.6339478492736816,0.017932580783963203,0.584455132484436,0.6164258718490601,0.018204158172011375,0.6995593309402466,0.4917159080505371,0.03698880225419998,0.6652916669845581,0.42497169971466064,0.04982973635196686,0.6380012631416321,0.38131242990493774,0.05593195930123329,0.616050660610199,0.3503873944282532,0.05732233449816704,0.7095882892608643,0.4746394753456116,0.02291114442050457,0.6793780326843262,0.39616748690605164,0.03641103208065033,0.6567705273628235,0.3595702052116394,0.03880365937948227,0.6431084871292114,0.3299708962440491,0.03732169046998024,0.702186107635498,0.47575145959854126,0.006822678260505199,0.6661841869354248,0.38865357637405396,0.009228380396962166,0.6354628205299377,0.33796438574790955,0.0030561352614313364,0.6146443486213684,0.3036511540412903,-0.0032978695817291737,0.6708117723464966,0.4915546178817749,-0.008531148545444012,0.6190153956413269,0.42720845341682434,-0.011195448227226734,0.586432695388794,0.3897750973701477,-0.013865349814295769,0.5607950091362,0.3589283227920532,-0.017189806327223778,neutral,RRQ_p36,RRQ
0.9053972959518433,0.6778512001037598,-6.606242664020101e-07,0.826154351234436,0.6343625783920288,-0.01736367680132389,0.7482637166976929,0.5468559265136719,-0.03571723774075508,0.6904628276824951,0.4827761948108673,-0.05954105034470558,0.6386215686798096,0.430772066116333,-0.08141278475522995,0.7984532713890076,0.41619783639907837,-0.0006104310159571469,0.7487497925758362,0.3144027888774872,-0.05078518018126488,0.7027757167816162,0.3392166495323181,-0.08989676088094711,0.674765408039093,0.38522064685821533,-0.11030588299036026,0.8385744094848633,0.4066135883331299,-0.01409842073917389,0.7764577269554138,0.3000461459159851,-0.06999683380126953,0.7245025634765625,0.34865322709083557,-0.10464757680892944,0.6988483667373657,0.40738368034362793,-0.11779492348432541,0.8858760595321655,0.40686851739883423,-0.03449699282646179,0.8350841403007507,0.30043739080429077,-0.08354759216308594,0.77713942527771,0.34805068373680115,-0.10283095389604568,0.7418127655982971,0.40542080998420715,-0.1047874167561531,0.9438073635101318,0.4167543649673462,-0.056261610239744186,0.901817798614502,0.3380545973777771,-0.08985374122858047,0.8547105193138123,0.36358121037483215,-0.10073623806238174,0.8197119235992432,0.40545713901519775,-0.10183124244213104,neutral,RRQ_p36,RRQ
0.9097298383712769,0.6637484431266785,1.0013509665895981e-07,0.8338270783424377,0.6196895837783813,0.03756736218929291,0.765256941318512,0.626237690448761,0.05312122404575348,0.7198125123977661,0.6491250991821289,0.061339471489191055,0.6927738785743713,0.6773916482925415,0.06631370633840561,0.7294696569442749,0.6133423447608948,0.01889801397919655,0.6435757279396057,0.6106892228126526,0.010064858943223953,0.5978618264198303,0.606481671333313,0.008334376849234104,0.5629352927207947,0.5976009368896484,0.007608344312757254,0.7238408327102661,0.6421968936920166,-0.006827745586633682,0.6117494702339172,0.6570314168930054,-0.01633492484688759,0.5507568717002869,0.6589813232421875,-0.017526764422655106,0.5032870769500732,0.6536669135093689,-0.018219972029328346,0.7310594320297241,0.6874954700469971,-0.031196245923638344,0.6195389628410339,0.6955178380012512,-0.04639697074890137,0.5596609115600586,0.688822865486145,-0.05916101112961769,0.5111558437347412,0.6742292642593384,-0.0677880272269249,0.7479128837585449,0.7448652386665344,-0.05069825425744057,0.6742857098579407,0.7653548717498779,-0.07564397156238556,0.6260212063789368,0.778339684009552,-0.09258031845092773,0.5816528797149658,0.7859106659889221,-0.1035049557685852,neutral,RRQ_p36,RRQ
0.6930000185966492,0.7201787233352661,-1.5308238232591975e-07,0.609050452709198,0.6754802465438843,-0.022126279771327972,0.5435975790023804,0.6205639243125916,-0.03727860376238823,0.4992411136627197,0.5700909495353699,-0.05610768869519234,0.46367400884628296,0.5275664329528809,-0.07281190901994705,0.6514061689376831,0.4861027002334595,0.013052381575107574,0.6574305295944214,0.41166165471076965,-0.011222575791180134,0.6426055431365967,0.39821290969848633,-0.03842949494719505,0.6258350610733032,0.41734015941619873,-0.053972046822309494,0.7020140290260315,0.47741758823394775,0.0073839896358549595,0.7146010398864746,0.3851895034313202,-0.0083825858309865,0.6953443884849548,0.3606606125831604,-0.025896914303302765,0.6702831387519836,0.3799728453159332,-0.03715892136096954,0.7483832240104675,0.4887952506542206,-0.005930963438004255,0.7728896141052246,0.4027872085571289,-0.02207067608833313,0.7576183676719666,0.3791845440864563,-0.030452707782387733,0.7329845428466797,0.39811792969703674,-0.03387688472867012,0.7929568886756897,0.5201812982559204,-0.02330348826944828,0.8323001861572266,0.4632089138031006,-0.036090657114982605,0.8217954635620117,0.4435010850429535,-0.03946562856435776,0.7937307357788086,0.4555691182613373,-0.03960612043738365,neutral,RRQ_p36,RRQ
0.8936200737953186,0.7478761672973633,-4.495621794831095e-07,0.785247802734375,0.7527558207511902,0.004048217087984085,0.6972763538360596,0.7485182881355286,-0.011232293210923672,0.6336285471916199,0.752050518989563,-0.029998119920492172,0.5821256637573242,0.761634111404419,-0.051667291671037674,0.6780235171318054,0.6072107553482056,-0.05350377783179283,0.5856913924217224,0.6124165058135986,-0.09931556135416031,0.5248697400093079,0.6333876848220825,-0.12973366677761078,0.4745417833328247,0.6623541116714478,-0.14878830313682556,0.7209431529045105,0.6043274402618408,-0.07799931615591049,0.6257425546646118,0.6721940636634827,-0.1283358931541443,0.5717245936393738,0.756392240524292,-0.1476995348930359,0.53599613904953,0.8294137120246887,-0.15818755328655243,0.7712681889533997,0.6321056485176086,-0.10159067809581757,0.6835881471633911,0.7083521485328674,-0.15012161433696747,0.6324902176856995,0.7881243824958801,-0.16239610314369202,0.5953750610351562,0.8541151285171509,-0.1653018295764923,0.8215814828872681,0.6804325580596924,-0.12331927567720413,0.7585780024528503,0.7355404496192932,-0.16498364508152008,0.7193437814712524,0.7933322787284851,-0.17545688152313232,0.689910888671875,0.841795802116394,-0.17714276909828186,neutral,RRQ_p36,RRQ
0.16684144735336304,0.6786962151527405,9.381660106555501e-07,0.26921936869621277,0.6596003770828247,-0.02974652126431465,0.3601621687412262,0.613021731376648,-0.07255687564611435,0.4316960275173187,0.6028785705566406,-0.11710712313652039,0.503042995929718,0.5942361354827881,-0.1675175279378891,0.3237166404724121,0.42605963349342346,-0.10198473930358887,0.40365681052207947,0.343446284532547,-0.1719508022069931,0.4661819636821747,0.3152283728122711,-0.22477732598781586,0.5282899141311646,0.3108910620212555,-0.26193827390670776,0.27580714225769043,0.4241608679294586,-0.12896308302879333,0.3703897297382355,0.37972378730773926,-0.21007786691188812,0.44408926367759705,0.4266151189804077,-0.26559314131736755,0.5035904049873352,0.4788746237754822,-0.3018251955509186,0.22347870469093323,0.4592478573322296,-0.15580621361732483,0.2984192967414856,0.4155505895614624,-0.22744107246398926,0.36827167868614197,0.4620615243911743,-0.26787152886390686,0.42978811264038086,0.5117939114570618,-0.2926759123802185,0.17143620550632477,0.5172073245048523,-0.18367251753807068,0.2042258381843567,0.48364490270614624,-0.2412891834974289,0.24131131172180176,0.4915061593055725,-0.27045738697052,0.28202247619628906,0.5103242993354797,-0.2903783619403839,neutral,RRQ_p36,RRQ
0.20088204741477966,0.5929090976715088,-4.92295214371552e-07,0.23948071897029877,0.4998980760574341,0.04373626783490181,0.29910412430763245,0.43497297167778015,0.054971639066934586,0.3585647642612457,0.4311373233795166,0.055700670927762985,0.3873704969882965,0.46459734439849854,0.05494030565023422,0.3396904766559601,0.34741467237472534,0.031778912991285324,0.41757771372795105,0.4119866192340851,0.03682367131114006,0.4131855070590973,0.4700193703174591,0.03938370198011398,0.3943708539009094,0.49936801195144653,0.04036125913262367,0.36176443099975586,0.3870845437049866,0.0015136707806959748,0.4425331652164459,0.4476706385612488,0.0064386329613626,0.4323950409889221,0.5081511735916138,0.007385781034827232,0.4080713093280792,0.5388971567153931,0.008433757349848747,0.37577515840530396,0.44765737652778625,-0.024172667413949966,0.45498523116111755,0.48318183422088623,-0.022066092118620872,0.44830888509750366,0.5409735441207886,-0.012875132262706757,0.42817485332489014,0.5713067650794983,-0.005411158315837383,0.38075682520866394,0.5181971192359924,-0.04609723761677742,0.45570439100265503,0.46923571825027466,-0.04446466267108917,0.4987627863883972,0.45937272906303406,-0.033455852419137955,0.5323521494865417,0.4535815119743347,-0.024176469072699547,neutral,RRQ_p36,RRQ
0.1775374710559845,0.6216021776199341,1.825084723350301e-07,0.17647439241409302,0.50954270362854,0.061346352100372314,0.2041066586971283,0.4265768826007843,0.08185352385044098,0.21775425970554352,0.3531572222709656,0.09069022536277771,0.20960047841072083,0.30580419301986694,0.10093408077955246,0.2451411783695221,0.361804336309433,0.018879972398281097,0.29813000559806824,0.2415231615304947,0.008823010139167309,0.34071823954582214,0.19534972310066223,0.01080553513020277,0.3724321722984314,0.18041713535785675,0.016587991267442703,0.2796313166618347,0.3865326941013336,-0.014995516277849674,0.3624892830848694,0.27357685565948486,-0.03671279177069664,0.41809964179992676,0.22859233617782593,-0.04243265092372894,0.4519087076187134,0.22885765135288239,-0.04134688898921013,0.30796149373054504,0.432920902967453,-0.041047386825084686,0.38945272564888,0.4072912335395813,-0.044243089854717255,0.38737720251083374,0.44590017199516296,-0.01917603611946106,0.3757718801498413,0.47787797451019287,0.0028777061961591244,0.3389149308204651,0.4946804642677307,-0.06292791664600372,0.413592129945755,0.4376218914985657,-0.06223888322710991,0.4591023027896881,0.40969255566596985,-0.04625045508146286,0.4898458421230316,0.3806481659412384,-0.029895247891545296,neutral,RRQ_p36,RRQ
