x0,y0,z0,x1,y1,z1,x2,y2,z2,x3,y3,z3,x4,y4,z4,x5,y5,z5,x6,y6,z6,x7,y7,z7,x8,y8,z8,x9,y9,z9,x10,y10,z10,x11,y11,z11,x12,y12,z12,x13,y13,z13,x14,y14,z14,x15,y15,z15,x16,y16,z16,x17,y17,z17,x18,y18,z18,x19,y19,z19,x20,y20,z20,label,person_id,collector
0.7527954578399658,0.8761546015739441,-2.727274761582521e-07,0.699161946773529,0.8089810013771057,-0.0143121816217899,0.6551159024238586,0.6981093883514404,-0.0298204906284809,0.6351357698440552,0.6107229590415955,-0.0527666881680488,0.6569335460662842,0.5489697456359863,-0.0743640884757042,0.7049822211265564,0.5873167514801025,0.010989730246365,0.6950814127922058,0.4860560297966003,-0.0182526726275682,0.6781719326972961,0.4199445247650146,-0.0283194445073604,0.6704731583595276,0.3679792284965515,-0.0345425195991992,0.7472934722900391,0.5967141389846802,-0.0052819470874965,0.7183452248573303,0.5078964233398438,-0.0520404651761055,0.6897559762001038,0.6085735559463501,-0.0476242005825042,0.6996374130249023,0.6473259925842285,-0.0274553652852773,0.7921626567840576,0.6225969195365906,-0.0284975692629814,0.7497621774673462,0.5682706832885742,-0.0744676515460014,0.7277655005455017,0.662577211856842,-0.0484220646321773,0.7470741868019104,0.6869251728057861,-0.0160230658948421,0.8350249528884888,0.6641116142272949,-0.0544163286685943,0.7908619046211243,0.6196842193603516,-0.0763873010873794,0.7649456262588501,0.6809259653091431,-0.0544820427894592,0.7789181470870972,0.7044796347618103,-0.0313043855130672,point,RRQ_p39,RRQ
0.573140025138855,1.0034459829330444,-3.869014051360864e-07,0.4846657514572143,1.0021895170211792,-0.0158160887658596,0.4113692939281463,0.9781198501586914,-0.0398382395505905,0.3616586029529571,0.9615472555160522,-0.0679441019892692,0.3279377520084381,0.9232847094535828,-0.094605766236782,0.402916818857193,0.7870021462440491,-0.0220857970416545,0.3360471129417419,0.7180692553520203,-0.0571458041667938,0.2869196534156799,0.6789014339447021,-0.0753289237618446,0.248466670513153,0.6435828804969788,-0.0884683802723884,0.444797158241272,0.7610385417938232,-0.0368932224810123,0.3575499653816223,0.8023940324783325,-0.0824845135211944,0.3749855160713196,0.9004203081130981,-0.0820727199316024,0.4034824669361114,0.9246661067008972,-0.0720010995864868,0.4837090969085693,0.7668104767799377,-0.0561552718281745,0.4043261706829071,0.8525708913803101,-0.0937967449426651,0.4288936853408813,0.9273673295974731,-0.0688372179865837,0.4575494825839996,0.929115355014801,-0.0446237251162529,0.5187739133834839,0.7970858216285706,-0.078835591673851,0.4505481123924255,0.8702306747436523,-0.0987628921866417,0.4642844200134277,0.9257393479347228,-0.0792817994952201,0.4890166819095611,0.9277234077453612,-0.0596666373312473,point,RRQ_p39,RRQ
0.754374623298645,0.8715120553970337,-2.043062323764389e-07,0.7066612839698792,0.801114559173584,-0.0289467833936214,0.6754196882247925,0.6998416781425476,-0.0537917427718639,0.6524028778076172,0.6180183291435242,-0.0820586383342742,0.6712761521339417,0.5583211779594421,-0.108223021030426,0.7659801840782166,0.5665249824523926,-0.0184789337217807,0.7942596077919006,0.4497175216674804,-0.0584326349198818,0.8122181296348572,0.3750273585319519,-0.0774954408407211,0.8332157731056213,0.3213976621627807,-0.0894103050231933,0.8135806322097778,0.5920255184173584,-0.0266617406159639,0.7563045620918274,0.5129081010818481,-0.0895535871386528,0.7095509767532349,0.600051760673523,-0.0948649495840072,0.7108091115951538,0.6529496312141418,-0.0799054726958274,0.8500312566757202,0.6330519914627075,-0.0414682142436504,0.7722955942153931,0.6031126976013184,-0.0984799265861511,0.7416320443153381,0.6840376257896423,-0.0792923644185066,0.7575678825378418,0.7157761454582214,-0.0494433864951133,0.8755438923835754,0.6859058737754822,-0.0599293075501918,0.8023452162742615,0.6648659110069275,-0.091274656355381,0.77767413854599,0.7196320295333862,-0.0766749754548072,0.7946134209632874,0.7428577542304993,-0.0556267127394676,point,RRQ_p39,RRQ
0.5720537900924683,0.6464033722877502,-3.091856797254877e-07,0.4958125948905945,0.6175873279571533,-0.0131596103310585,0.4413033723831177,0.5765467286109924,-0.0344576686620712,0.4002509117126465,0.5432509183883667,-0.0598632916808128,0.3791067898273468,0.4943459630012512,-0.0839165076613426,0.4683543741703033,0.4149069786071777,-0.0151639971882104,0.4165128767490387,0.3425812721252441,-0.0460739880800247,0.383040577173233,0.2933855652809143,-0.0632140636444091,0.359576940536499,0.2490364164113998,-0.0758521035313606,0.5036720037460327,0.4042701125144958,-0.0283226668834686,0.4175964891910553,0.4108850955963135,-0.0707871317863464,0.4222549796104431,0.4946569800376892,-0.0732859745621681,0.4471555948257446,0.5218989849090576,-0.0657123699784278,0.532865583896637,0.4180651307106018,-0.0454010963439941,0.4492653012275696,0.4623958468437195,-0.0806674733757972,0.4614699482917785,0.5279520750045776,-0.0614196918904781,0.4883985519409179,0.53598952293396,-0.0413333997130394,0.554232656955719,0.4518933892250061,-0.0652956813573837,0.4853981137275696,0.4938036501407623,-0.0850979462265968,0.4915217161178589,0.5400814414024353,-0.0710183009505271,0.5147050023078918,0.545082688331604,-0.0558114051818847,point,RRQ_p39,RRQ
0.5055713653564453,0.6467587947845459,-4.333572007908515e-07,0.4380873739719391,0.6408275365829468,-0.0164678208529949,0.3725158274173736,0.6128243207931519,-0.0341909267008304,0.3238738775253296,0.5970015525817871,-0.0547253787517547,0.298388123512268,0.5570871829986572,-0.0731491595506668,0.3599189519882202,0.4626432061195373,-0.005969057790935,0.2936581373214721,0.4514445960521698,-0.0398491062223911,0.2446347177028656,0.4436558783054352,-0.0605394728481769,0.2049061506986618,0.432865560054779,-0.074864774942398,0.3913559317588806,0.4366782605648041,-0.0170820355415344,0.3196349442005157,0.4699771106243133,-0.0578478761017322,0.346548318862915,0.5486807823181152,-0.0618503615260124,0.3741637170314789,0.5579860210418701,-0.0552015528082847,0.4254986047744751,0.4338422417640686,-0.0336584001779556,0.361638069152832,0.4950836598873138,-0.0703354328870773,0.387447327375412,0.5618718266487122,-0.0524871870875358,0.4114910364151001,0.55442875623703,-0.0323900245130062,0.458368182182312,0.4539386332035064,-0.0532354228198528,0.4048748314380646,0.5114428997039795,-0.0730219483375549,0.4184862971305847,0.5598469972610474,-0.059034202247858,0.4388250112533569,0.55232834815979,-0.0441935025155544,point,RRQ_p39,RRQ
0.5916782021522522,0.6446301937103271,-8.467472412121425e-08,0.5544729232788086,0.6032723784446716,-0.0342595018446445,0.5334264636039734,0.534111738204956,-0.0609640851616859,0.5214119553565979,0.4764694273471832,-0.0884203985333442,0.5229709148406982,0.4179433286190033,-0.1135577112436294,0.5898400545120239,0.3990760445594787,-0.03864761069417,0.6281387805938721,0.3084366619586944,-0.083030566573143,0.6574368476867676,0.249851256608963,-0.1054553389549255,0.6893139481544495,0.2047974020242691,-0.1176977753639221,0.6345705389976501,0.4224295318126678,-0.0400331243872642,0.6217648386955261,0.4043546020984649,-0.0906839817762374,0.5777914524078369,0.4785241186618805,-0.0899385139346122,0.5734849572181702,0.4902090728282928,-0.0770444273948669,0.6706060171127319,0.4613890647888183,-0.0477054007351398,0.6471449732780457,0.4682931303977966,-0.092759869992733,0.6033128499984741,0.5267783999443054,-0.070633515715599,0.6008244752883911,0.5253220796585083,-0.0444103106856346,0.6965630054473877,0.5091978907585144,-0.0596560202538967,0.669693648815155,0.5183387994766235,-0.084433875977993,0.6341622471809387,0.5550241470336914,-0.0685454159975051,0.6315180659294128,0.5534829497337341,-0.0489743538200855,point,RRQ_p39,RRQ
0.7077071666717529,0.6642907857894897,1.5467428227111668e-08,0.6754735708236694,0.6330715417861938,-0.0540071539580822,0.6583556532859802,0.5781697630882263,-0.090262122452259,0.662143349647522,0.5259352326393127,-0.1218102499842643,0.6787610650062561,0.4762832224369049,-0.1496815085411071,0.728995680809021,0.4501684010028839,-0.0527622401714324,0.7610953450202942,0.4254317879676819,-0.1025463566184043,0.792830228805542,0.4101285338401794,-0.1304032355546951,0.8302258849143982,0.3986619114875793,-0.1448235660791397,0.7724559307098389,0.4664042890071869,-0.0431948229670524,0.7753462791442871,0.5076243281364441,-0.0927464514970779,0.7234593033790588,0.5585724115371704,-0.0933947190642356,0.7090076804161072,0.5453597903251648,-0.082179769873619,0.8032310605049133,0.5029723644256592,-0.0424979217350482,0.7935701608657837,0.5621719360351562,-0.0907204747200012,0.7449701428413391,0.5980432629585266,-0.0784590542316436,0.7327914834022522,0.5795039534568787,-0.0589048601686954,0.8236841559410095,0.5485011339187622,-0.0472712181508541,0.8102500438690186,0.6021764278411865,-0.078552559018135,0.7727361917495728,0.6272332668304443,-0.0735681727528572,0.7590814232826233,0.6135809421539307,-0.0614844299852848,point,RRQ_p39,RRQ
0.5508998036384583,0.6639264225959778,-3.478142218682479e-07,0.4970879256725311,0.6619048714637756,-0.0281255729496479,0.448759377002716,0.6441112160682678,-0.0546624921262264,0.4126234054565429,0.6330287456512451,-0.0801299735903739,0.3841472268104553,0.6215229630470276,-0.1049236580729484,0.4572774469852447,0.4909262061119079,-0.0349375791847705,0.4095817804336548,0.4948346316814422,-0.0730469599366188,0.3736675083637237,0.4853935241699219,-0.0986855328083038,0.3446974158287048,0.4762454926967621,-0.1151913926005363,0.4935653209686279,0.4710135757923126,-0.0401675216853618,0.4418094456195831,0.531843364238739,-0.0771126300096511,0.4430734813213348,0.6109282374382019,-0.080341637134552,0.4537464380264282,0.6319506168365479,-0.0753094628453254,0.5314784646034241,0.4850876927375793,-0.0506335869431495,0.4849200546741485,0.5677191019058228,-0.0840265750885009,0.4834512174129486,0.6324852705001831,-0.0690291449427604,0.4928972423076629,0.6406712532043457,-0.0522193610668182,0.5654823780059814,0.5185506939888,-0.0650360211730003,0.5276011824607849,0.5848966836929321,-0.0872822999954223,0.5200350880622864,0.6335941553115845,-0.0770439803600311,0.5263486504554749,0.6400648951530457,-0.0640801936388015,point,RRQ_p39,RRQ
0.2331207692623138,0.8194187879562378,1.7277255892622636e-07,0.305440753698349,0.7861572504043579,-0.0301016066223382,0.3724356889724731,0.7332821488380432,-0.0616750232875347,0.4045973420143127,0.6722412705421448,-0.0955935567617416,0.3725714683532715,0.6387151479721069,-0.1281790286302566,0.3589785099029541,0.560222327709198,-0.0463854819536209,0.3938283324241638,0.4573423266410827,-0.0881856232881546,0.4187626540660858,0.3862167596817016,-0.1080685183405876,0.4342114925384521,0.3259785771369934,-0.1207583248615264,0.2967912554740906,0.5377739071846008,-0.0567939653992652,0.3454184532165527,0.5443339347839355,-0.1159929409623146,0.3345374166965484,0.6493438482284546,-0.1220198422670364,0.3165127038955688,0.6775254011154175,-0.1124927029013633,0.242349311709404,0.5468453168869019,-0.0703047215938568,0.289957046508789,0.6081993579864502,-0.125669315457344,0.2821727097034454,0.6902814507484436,-0.110436126589775,0.2649071514606476,0.6987451910972595,-0.0871449187397956,0.1925190687179565,0.5728918313980103,-0.0871437042951583,0.2353652417659759,0.6300475001335144,-0.1181847155094146,0.2403466403484344,0.6894100308418274,-0.1043019071221351,0.227828562259674,0.6940096020698547,-0.085956834256649,point,RRQ_p39,RRQ
0.2648793458938598,0.8005441427230835,1.0187998888966376e-08,0.3208118975162506,0.7582618594169617,-0.0428500026464462,0.362921267747879,0.6860761642456055,-0.0730132609605789,0.35247802734375,0.6347309350967407,-0.1006073579192161,0.3038961291313171,0.6173743009567261,-0.1264252513647079,0.3143188953399658,0.5205551385879517,-0.0613877810537815,0.2934925556182861,0.4134198427200317,-0.1036267727613449,0.2732186913490295,0.3421458005905151,-0.1288782805204391,0.2512635290622711,0.2779240310192108,-0.1467022597789764,0.257144570350647,0.5224130749702454,-0.0617047473788261,0.2699169516563415,0.5549713969230652,-0.1167117357254028,0.290869265794754,0.641063928604126,-0.1273818612098693,0.2998570799827575,0.6676921844482422,-0.1248382627964019,0.2095371484756469,0.5542037487030029,-0.0658936947584152,0.2300838232040405,0.6147489547729492,-0.1153466030955314,0.2571316659450531,0.6829352378845215,-0.1055097803473472,0.2678394317626953,0.694389820098877,-0.0892364978790283,0.1689805388450622,0.5962201952934265,-0.0749339833855629,0.1940322816371917,0.6549869775772095,-0.1072050407528877,0.2238973528146743,0.7045179605484009,-0.1000739485025405,0.236422598361969,0.7088449001312256,-0.0873032435774803,point,RRQ_p39,RRQ
0.4191663265228271,0.6273848414421082,2.0831828351219886e-07,0.5015765428543091,0.6602399349212646,-0.0046462933532893,0.5684038996696472,0.6669604182243347,-0.0244510509073734,0.617261528968811,0.6696435213088989,-0.0505812242627143,0.6460237503051758,0.644245982170105,-0.0767010301351547,0.6115630865097046,0.5109225511550903,-0.0133832329884171,0.6868075728416443,0.5517749190330505,-0.0466499663889408,0.7371518611907959,0.5731031894683838,-0.0692914053797721,0.7808542251586914,0.5859058499336243,-0.0842886343598365,0.5842680931091309,0.4825109541416168,-0.0338794961571693,0.6568928956985474,0.5800203084945679,-0.073748268187046,0.611780047416687,0.6246579885482788,-0.0807942450046539,0.5792621374130249,0.6164870262145996,-0.0782349333167076,0.5501904487609863,0.4832875430583954,-0.0568635985255241,0.6117067337036133,0.5968552827835083,-0.0947421416640281,0.5691158175468445,0.6320432424545288,-0.0834520533680915,0.5430643558502197,0.6131846308708191,-0.0682103782892227,0.5138876438140869,0.5068078637123108,-0.0811733528971672,0.5699812173843384,0.5908841490745544,-0.1020771041512489,0.547934353351593,0.6232633590698242,-0.0886058658361435,0.5257705450057983,0.6116581559181213,-0.0742925852537155,point,RRQ_p39,RRQ
0.4953984916210174,0.6218639016151428,8.849151100775998e-08,0.5716809034347534,0.6147873997688293,-0.0151711106300354,0.6380188465118408,0.5912395715713501,-0.0405588261783123,0.6912482976913452,0.5614147782325745,-0.0713788643479347,0.6959261894226074,0.518180251121521,-0.1013739556074142,0.6487180590629578,0.4323823153972626,-0.0238246656954288,0.7029861807823181,0.3659978806972503,-0.0545486658811569,0.7397908568382263,0.3175088167190552,-0.0691106915473938,0.7642379403114319,0.270814299583435,-0.0788873434066772,0.6117624640464783,0.4057159721851349,-0.0386999063193798,0.6853891611099243,0.4405332803726196,-0.0802379995584487,0.6562389135360718,0.5228174924850464,-0.0812120661139488,0.6270524859428406,0.5293879508972168,-0.0726068094372749,0.5784465670585632,0.4035316407680511,-0.0563662610948085,0.6454960107803345,0.4695477187633514,-0.098423071205616,0.616115927696228,0.5357487201690674,-0.0831038430333137,0.587911069393158,0.5304535031318665,-0.0634994357824325,0.5464932918548584,0.4177364706993103,-0.0760082006454467,0.6065905094146729,0.4711874127388,-0.1004751622676849,0.5924255847930908,0.5187302827835083,-0.086667813360691,0.5665571689605713,0.5149117708206177,-0.0708389356732368,point,RRQ_p39,RRQ
0.3886148631572723,0.6231455206871033,1.322821390203899e-07,0.4220470190048218,0.6345101594924927,-0.0561466068029403,0.4549850523471832,0.6278899312019348,-0.1009056642651557,0.4504120647907257,0.6272233128547668,-0.1385322362184524,0.4388168752193451,0.6251404881477356,-0.171796828508377,0.4486273229122162,0.4734046459197998,-0.0859084129333496,0.4151013791561126,0.4464020133018493,-0.1455003321170807,0.3760149776935577,0.4457579255104065,-0.1811778843402862,0.3384201824665069,0.4373208284378052,-0.2012815922498703,0.4002622067928314,0.4551485776901245,-0.0748606771230697,0.3719450235366821,0.5347946286201477,-0.1245878040790557,0.3939931988716125,0.6050427556037903,-0.1281871497631073,0.4152722656726837,0.6144801378250122,-0.1239845976233482,0.3570683300495147,0.4682975709438324,-0.0704514384269714,0.3452385663986206,0.5680831670761108,-0.1054304540157318,0.3726044595241546,0.6134957075119019,-0.0834278613328933,0.3932486772537231,0.6104823350906372,-0.0635230541229248,0.3209076225757599,0.493492841720581,-0.0732058957219123,0.321107268333435,0.5762678384780884,-0.0994587540626525,0.3470902442932129,0.6164467334747314,-0.0901072099804878,0.3681525290012359,0.6133719682693481,-0.0760657638311386,point,RRQ_p39,RRQ
0.3690522313117981,0.6509347558021545,1.7498075521871217e-07,0.4122760891914367,0.6233668327331543,-0.0529185645282268,0.443070501089096,0.5909153819084167,-0.0946822389960289,0.4471315741539001,0.5671765804290771,-0.1326189041137695,0.4232666492462158,0.5509143471717834,-0.1667590141296386,0.4040305614471435,0.4180688858032226,-0.073545403778553,0.3739817142486572,0.3190203309059143,-0.1196263954043388,0.3525629639625549,0.2496635019779205,-0.1422664821147918,0.3300594389438629,0.1911066472530365,-0.1561277657747268,0.3552913963794708,0.4214193820953369,-0.0688181668519973,0.3548180162906647,0.4583505988121032,-0.1180896982550621,0.3839121162891388,0.5450692176818848,-0.1157683283090591,0.4000061452388763,0.5533565282821655,-0.103981539607048,0.3157411515712738,0.4487653970718384,-0.0702735632658004,0.3249402046203613,0.5130781531333923,-0.1137153059244155,0.3570831418037414,0.5713536143302917,-0.0937580689787864,0.3738749325275421,0.5628286600112915,-0.0717010572552681,0.2856469452381134,0.4845554232597351,-0.0782034322619438,0.2973458170890808,0.5391758680343628,-0.1053931042551994,0.3282551169395447,0.5809679627418518,-0.0923847332596778,0.3457203507423401,0.5767410397529602,-0.0757286995649337,point,RRQ_p39,RRQ
0.3978525996208191,0.662935197353363,1.930183657350426e-07,0.4648765623569488,0.6621527671813965,-0.0182405617088079,0.5287804007530212,0.6473997235298157,-0.0434583649039268,0.5741950869560242,0.6252320408821106,-0.0721133053302764,0.5717202425003052,0.5925532579421997,-0.1000206992030143,0.5503955483436584,0.5037716627120972,-0.036399308592081,0.6152947545051575,0.4516860544681549,-0.0722224786877632,0.6618084907531738,0.4185941815376282,-0.0913973376154899,0.693946361541748,0.3853799104690552,-0.1034254133701324,0.5105136036872864,0.4680697917938232,-0.0484771281480789,0.5583186149597168,0.5014088749885559,-0.0950608998537063,0.5349216461181641,0.5761494636535645,-0.1008480265736579,0.5119782090187073,0.5934931635856628,-0.0949303358793258,0.4706619679927826,0.46269291639328,-0.0627001076936721,0.5069772005081177,0.544771671295166,-0.1064743623137474,0.4832842648029327,0.6014787554740906,-0.0965502709150314,0.4625444710254669,0.5961173176765442,-0.0800114795565605,0.4340525865554809,0.4769936800003052,-0.0790076553821563,0.4673247337341308,0.5523049235343933,-0.1030565723776817,0.4572618901729584,0.5941899418830872,-0.0926126837730407,0.440849095582962,0.5865437388420105,-0.0788924843072891,point,RRQ_p39,RRQ
0.36963552236557,0.8078032732009888,1.189434613024787e-07,0.4123676419258117,0.7023023962974548,0.004666730761528,0.4149114787578583,0.5853978991508484,-0.003560020122677,0.419326514005661,0.4977047443389892,-0.0219833198934793,0.4205850958824157,0.4166715145111084,-0.0380586721003055,0.3060683608055115,0.528139591217041,0.0334201827645301,0.3398774564266205,0.4447300434112549,0.0008367829723283,0.3801972568035126,0.4046527147293091,-0.0161636248230934,0.4134967029094696,0.3818805813789367,-0.0230641812086105,0.2684130072593689,0.544586718082428,0.0125295855104923,0.3346392512321472,0.4504660964012146,-0.0259747114032506,0.3653228282928467,0.5331168174743652,-0.0296706743538379,0.3448877334594726,0.5674098134040833,-0.0197928454726934,0.2459965944290161,0.5665463209152222,-0.0143990432843565,0.333436518907547,0.5033954381942749,-0.0567953512072563,0.3585893809795379,0.5857327580451965,-0.0462567210197448,0.3282005488872528,0.6146526336669922,-0.0267327930778265,0.2344774603843689,0.5967684984207153,-0.0415409691631794,0.3159631192684173,0.5460640788078308,-0.0634810104966163,0.3396311700344085,0.6002877950668335,-0.0507870614528656,0.3135087192058563,0.631842315196991,-0.0342310033738613,pinch,RRQ_p39,RRQ
0.3615311682224273,0.7846560478210449,6.807139811826346e-07,0.3948806524276733,0.6901850700378418,-0.0241411793977022,0.3914637565612793,0.5735414028167725,-0.0403829105198383,0.3839172124862671,0.4677256047725677,-0.0591027624905109,0.3771829605102539,0.3805605769157409,-0.0757457017898559,0.2756649553775787,0.5231168866157532,-0.003731976263225,0.2980644106864929,0.4408514201641083,-0.0402518585324287,0.3246083259582519,0.3864366412162781,-0.0679536685347557,0.3521365225315094,0.3511823117733001,-0.081481322646141,0.2242025285959243,0.5334483981132507,-0.013277736492455,0.1765728890895843,0.4263136088848114,-0.0331442840397357,0.1569269001483917,0.3431489169597626,-0.0389945320785045,0.1393428444862365,0.269776314496994,-0.0383418798446655,0.1900373995304107,0.5699437260627747,-0.0309490635991096,0.1161869913339614,0.5020603537559509,-0.0556241571903228,0.0913796126842498,0.4359062910079956,-0.0555147044360637,0.0778829008340835,0.3723476529121399,-0.0494513995945453,0.1725186705589294,0.625817596912384,-0.0526128448545932,0.1022760272026062,0.6012097597122192,-0.0734330415725708,0.0717387199401855,0.5618382096290588,-0.0700901970267295,0.0545857548713684,0.5122488737106323,-0.0622801631689071,pinch,RRQ_p39,RRQ
0.4243502020835876,0.8635204434394836,3.586740433547675e-07,0.5051215291023254,0.790058434009552,0.0112487450242042,0.5583476424217224,0.6987925171852112,0.0039523649029433,0.615062952041626,0.6402883529663086,-0.0137509973719716,0.6738186478614807,0.5930840373039246,-0.0310124792158603,0.506526529788971,0.5578044056892395,0.0201126914471387,0.5767587423324585,0.5169990658760071,-0.0223530381917953,0.6374269723892212,0.5345830917358398,-0.0578327551484108,0.6841471195220947,0.560314416885376,-0.0785463154315948,0.4861088395118713,0.5440549254417419,-0.0120904240757226,0.500469982624054,0.4042278528213501,-0.03892358019948,0.528448760509491,0.3071901798248291,-0.059124331921339,0.5487102270126343,0.2297879755496978,-0.0739844217896461,0.4617353677749634,0.5636892914772034,-0.0500582233071327,0.4395403563976288,0.4248911142349243,-0.0774057954549789,0.4516975283622741,0.3345354199409485,-0.0899065136909484,0.4684849679470062,0.259145587682724,-0.098842829465866,0.4436107575893402,0.6043235063552856,-0.0888512060046196,0.409060001373291,0.5122342109680176,-0.1158096343278884,0.411394327878952,0.4444726705551147,-0.1233633756637573,0.4260163605213165,0.3817223906517029,-0.1281280517578125,pinch,RRQ_p39,RRQ
0.3440935015678406,0.7836858630180359,6.635038403146609e-07,0.380802571773529,0.6885188221931458,-0.022640036419034,0.3746916353702545,0.5749505758285522,-0.0324176400899887,0.3658336997032165,0.4686489701271057,-0.0445734523236751,0.3434493541717529,0.3900792002677917,-0.0542433895170688,0.251177430152893,0.5383979678153992,0.0055257878266274,0.2749020755290985,0.447673499584198,-0.0258004013448953,0.2984081208705902,0.386819839477539,-0.0512897670269012,0.324857622385025,0.3478001952171325,-0.0638836547732353,0.200625330209732,0.5490968823432922,-0.0005955714150331,0.1517332196235656,0.4610367715358734,-0.0232824478298425,0.1535312235355377,0.3854150772094726,-0.0325831547379493,0.1774137169122696,0.3332524299621582,-0.0328810587525367,0.1678700596094131,0.5869178175926208,-0.0147994961589574,0.0940068364143371,0.5309780240058899,-0.0423035509884357,0.0894425809383392,0.4757925868034363,-0.0478453412652015,0.1150069311261177,0.4352438449859619,-0.0434841476380825,0.1505756378173828,0.6407951712608337,-0.0326195657253265,0.0728582888841629,0.6295868158340454,-0.0597899071872234,0.0597509890794754,0.5851965546607971,-0.0665847435593605,0.0801824480295181,0.5409340858459473,-0.0639443546533584,pinch,RRQ_p39,RRQ
0.2877766489982605,0.8098313808441162,1.678478724898014e-07,0.316934585571289,0.6795859336853027,-0.0052047744393348,0.3019819855690002,0.5439179539680481,-0.0085089486092329,0.2912091612815857,0.4384671449661255,-0.0205879863351583,0.262537807226181,0.3591314554214477,-0.0308061428368091,0.2014643996953964,0.5200108289718628,0.0436885096132755,0.2047006636857986,0.4355130791664123,0.0145332515239715,0.225246325135231,0.3768467307090759,0.0021479935385286,0.2362834066152572,0.3230572938919067,-0.0019317944534122,0.1587734222412109,0.5529049038887024,0.0253118183463811,0.1828369200229644,0.4420867264270782,-0.017132120206952,0.2383610308170318,0.537164032459259,-0.0195821840316057,0.2210846543312072,0.5803728103637695,-0.0039718174375593,0.1237081363797187,0.5955502986907959,-0.0015954113332554,0.1651977598667144,0.5101021528244019,-0.0591429881751537,0.2211686670780182,0.5945265889167786,-0.0458648800849914,0.1916652917861938,0.6349919438362122,-0.0174279939383268,0.09284408390522,0.6518210172653198,-0.0282527226954698,0.1225878074765205,0.5586418509483337,-0.0625708922743797,0.1717048287391662,0.602719247341156,-0.0432357788085937,0.1552616953849792,0.6490563154220581,-0.0176502373069524,pinch,RRQ_p39,RRQ
0.4417027235031128,0.8979154229164124,-3.588738195503538e-08,0.5453081130981445,0.7974406480789185,0.0199064407497644,0.5969196557998657,0.6929430365562439,0.0145796295255422,0.6430122256278992,0.6264321208000183,-0.00465575652197,0.6934601664543152,0.5709937810897827,-0.0231199767440557,0.4893284142017364,0.5423356294631958,0.0367481894791126,0.5946590304374695,0.5082114338874817,0.0026653730310499,0.6583124995231628,0.5157578587532043,-0.0241350177675485,0.7014846801757812,0.5259817838668823,-0.0408016964793205,0.4695328176021576,0.540859580039978,0.004844223614782,0.6057454943656921,0.548210620880127,-0.0413242019712924,0.595431923866272,0.6363289952278137,-0.0583461709320545,0.5563536882400513,0.6727775931358337,-0.05886922031641,0.4673526883125305,0.5671483278274536,-0.030051851645112,0.6022341847419739,0.6153512597084045,-0.0715818703174591,0.5831239819526672,0.7077736258506775,-0.0689873844385147,0.5458358526229858,0.728958010673523,-0.0560385212302207,0.477137804031372,0.61031174659729,-0.0648296698927879,0.5802789926528931,0.6584479212760925,-0.0851456522941589,0.5702108144760132,0.7268030047416687,-0.0774638280272483,0.5417474508285522,0.7412611246109009,-0.0654125064611435,pinch,RRQ_p39,RRQ
0.2584090530872345,0.8037370443344116,2.6641274075700494e-07,0.2838923633098602,0.6888278126716614,-0.0183340962976217,0.2750799059867859,0.5632101893424988,-0.0347549691796302,0.2592568397521972,0.4612933397293091,-0.0571771301329135,0.218155562877655,0.3930729627609253,-0.0781273320317268,0.1716499477624893,0.5111591219902039,0.0157526731491088,0.1685771197080612,0.448610782623291,-0.0175406821072101,0.1837655007839203,0.3944666981697082,-0.0309072230011224,0.1973389983177185,0.356864184141159,-0.0349962450563907,0.1283764690160751,0.5538906455039978,0.0027490647044032,0.1428616940975189,0.4479678869247436,-0.0393074229359626,0.2054059207439422,0.5277243256568909,-0.0375057868659496,0.200728103518486,0.5652357935905457,-0.0196267589926719,0.0978087931871414,0.6050231456756592,-0.0185246840119361,0.1423110216856002,0.533043622970581,-0.0757703110575676,0.2008685171604156,0.6077466011047363,-0.0608139187097549,0.1814146190881729,0.6453368663787842,-0.0326229333877563,0.0731068328022956,0.6672452688217163,-0.0405987240374088,0.1158533841371536,0.5905904769897461,-0.0768257528543472,0.163222849369049,0.6352194547653198,-0.0602418705821037,0.1488258689641952,0.6750627756118774,-0.0375246964395046,pinch,RRQ_p39,RRQ
0.3797298073768616,0.8611788749694824,8.696717657130648e-08,0.456905335187912,0.8123254179954529,-0.0112211722880601,0.5185024738311768,0.7408115863800049,-0.0340303592383861,0.5674116611480713,0.6851868629455566,-0.0627239942550659,0.610436201095581,0.6295390725135803,-0.0887413695454597,0.4633519947528839,0.5588225722312927,-0.0036384132690727,0.5380023717880249,0.5408546328544617,-0.0420680493116378,0.5882763266563416,0.5555579662322998,-0.0620145089924335,0.6230719089508057,0.5743085741996765,-0.0712164193391799,0.4223797619342804,0.5488683581352234,-0.0200522597879171,0.5280583500862122,0.5674576163291931,-0.0601263828575611,0.5099424719810486,0.6611242294311523,-0.0625242069363594,0.4794565737247467,0.672068178653717,-0.0536773540079593,0.3942145109176636,0.5686017870903015,-0.0415964052081108,0.4978705942630768,0.6273260116577148,-0.0842076763510704,0.4776144921779632,0.7076971530914307,-0.0724808275699615,0.4488876760005951,0.7042686343193054,-0.053775917738676,0.3742914795875549,0.6052243709564209,-0.0647538006305694,0.4594017267227173,0.6494617462158203,-0.0871062651276588,0.4491533637046814,0.7052910923957825,-0.0733982920646667,0.4201236069202423,0.7048079967498779,-0.0566830486059188,pinch,RRQ_p39,RRQ
0.319431334733963,0.8341015577316284,5.2692318064373473e-08,0.3562386929988861,0.7497132420539856,-0.053315382450819,0.3656955063343048,0.662044107913971,-0.0975696593523025,0.362596184015274,0.5905897617340088,-0.139921173453331,0.3397160172462463,0.5443757772445679,-0.1738060861825943,0.249396875500679,0.5256030559539795,-0.0458822175860405,0.2518747448921203,0.4763530790805816,-0.1019142717123031,0.2867598533630371,0.4787405133247375,-0.1232714280486106,0.317091554403305,0.5113171339035034,-0.1271741837263107,0.1949865370988845,0.568169116973877,-0.0426390171051025,0.2498999387025833,0.547200083732605,-0.0929077714681625,0.3017444014549255,0.6232368350028992,-0.0911026000976562,0.2885396480560303,0.6384004354476929,-0.0762016549706459,0.1641172468662262,0.6259381175041199,-0.0495911240577697,0.2428789585828781,0.6339189410209656,-0.0998652279376983,0.2843115031719208,0.6878156065940857,-0.0845133289694786,0.2629821896553039,0.6954941749572754,-0.0622422359883785,0.1492426693439483,0.6935145258903503,-0.0622013099491596,0.2226930558681488,0.699024498462677,-0.0944312214851379,0.2574219703674316,0.7346591353416443,-0.0852340087294578,0.2381470501422882,0.7476763725280762,-0.0687398836016655,pinch,RRQ_p39,RRQ
0.636188268661499,0.8488342761993408,-5.890291276955395e-07,0.5739623308181763,0.7686044573783875,-0.0107652628794312,0.5365594625473022,0.6507848501205444,-0.0271887760609388,0.5034270286560059,0.5657519102096558,-0.0504650585353374,0.467623770236969,0.4919919371604919,-0.0704682543873786,0.6274513006210327,0.5400500893592834,0.0217542145401239,0.564699113368988,0.4844068884849548,-0.016989005729556,0.5104854106903076,0.4561530351638794,-0.0401961728930473,0.4619092345237732,0.4374879002571106,-0.0532135963439941,0.6666983962059021,0.5367621183395386,0.0058496389538049,0.570313572883606,0.4953258633613586,-0.0328990891575813,0.5630359649658203,0.5981897115707397,-0.032084546983242,0.5983873605728149,0.6193469166755676,-0.021592941135168,0.6992303133010864,0.5558904409408569,-0.0188553165644407,0.5962327122688293,0.534997820854187,-0.0569109916687011,0.5883512496948242,0.6306296586990356,-0.0355976298451423,0.6218315958976746,0.6485792398452759,-0.0131509462371468,0.7188950181007385,0.5903191566467285,-0.046946607530117,0.6262314319610596,0.5770198106765747,-0.0694955587387085,0.6166709661483765,0.6388813853263855,-0.0557022579014301,0.6447217464447021,0.6568487882614136,-0.0406395941972732,pinch,RRQ_p39,RRQ
0.7192806005477905,0.7961368560791016,-5.802929194942408e-07,0.6838880181312561,0.6735137104988098,0.0178983863443136,0.6799980401992798,0.5527213215827942,0.0202968921512365,0.6877632141113281,0.4644204080104828,0.0070991967804729,0.6884791851043701,0.3745327889919281,-0.0071685020811855,0.7677444219589233,0.5297157764434814,0.0731130465865135,0.7558173537254333,0.4535999596118927,0.0520194023847579,0.7261282205581665,0.3920537829399109,0.0409514158964157,0.7127840518951416,0.3428474068641662,0.0340650901198387,0.7996015548706055,0.5430760979652405,0.0439660251140594,0.7697130441665649,0.4316648840904236,0.0048671821132302,0.7197796106338501,0.5171030759811401,0.0021567726507782,0.7404900789260864,0.569563627243042,0.0171613078564405,0.8338842391967773,0.5687333345413208,0.007469626609236,0.7865362763404846,0.477297693490982,-0.0341764241456985,0.7423244714736938,0.5624286532402039,-0.0188010092824697,0.7695892453193665,0.6076411008834839,0.0066255629062652,0.8690870404243469,0.6030870079994202,-0.0290607307106256,0.8175100684165955,0.5188379287719727,-0.0502422340214252,0.778987467288971,0.5695217847824097,-0.0351503416895866,0.7988602519035339,0.6133645176887512,-0.0168429352343082,pinch,RRQ_p39,RRQ
0.3861344754695892,0.5823881030082703,-4.069902956871374e-07,0.321750670671463,0.5494149327278137,-0.0096070682629942,0.2499328702688217,0.4620866179466247,-0.0192456934601068,0.2055948078632354,0.3879856765270233,-0.0361873470246791,0.1651618182659149,0.3259420692920685,-0.0520736835896968,0.2692904770374298,0.3592133224010467,0.0200501326471567,0.2294038534164428,0.3076062798500061,-0.0100266197696328,0.1832436770200729,0.2871301174163818,-0.0187020469456911,0.1499909311532974,0.2675623893737793,-0.0216898079961538,0.3076930940151214,0.3427024185657501,0.0038861241191625,0.2502644956111908,0.2953875064849853,-0.0334376320242881,0.2601821720600128,0.4021114110946655,-0.0231522545218467,0.2896324694156647,0.4100024104118347,-0.0008685870561748,0.3534126281738281,0.3434339165687561,-0.0203107539564371,0.2978761494159698,0.3262071907520294,-0.0631970763206482,0.3073315918445587,0.4212939143180847,-0.0375305339694023,0.3359189331531524,0.4191332757472992,-0.0068986979313194,0.4007758796215057,0.3565607070922851,-0.0464644506573677,0.3485603332519531,0.3487671613693237,-0.0696462839841842,0.347480446100235,0.4152122735977173,-0.0501251108944416,0.3721930682659149,0.4210824966430664,-0.0292454976588487,pinch,RRQ_p39,RRQ
0.6543099284172058,0.6387180089950562,6.843408186796296e-07,0.6453106999397278,0.621781051158905,-0.1281644701957702,0.6729082465171814,0.5735231041908264,-0.1819047331809997,0.7420740127563477,0.5266851782798767,-0.2081904262304306,0.8007987141609192,0.4745267629623413,-0.2248201221227646,0.6101571321487427,0.3926819562911987,-0.1243588030338287,0.7035362720489502,0.3566635251045227,-0.1757566183805465,0.7577723264694214,0.3846559822559356,-0.2053955644369125,0.7956184148788452,0.4226062297821045,-0.219087928533554,0.6500169038772583,0.3831541836261749,-0.0702631101012229,0.7340672016143799,0.3571022748947143,-0.1272558271884918,0.7771496176719666,0.4099295735359192,-0.1578278094530105,0.8022644519805908,0.4618403315544128,-0.1686379760503769,0.6880854368209839,0.3927516639232635,-0.0262432042509317,0.7537011504173279,0.3755675852298736,-0.084941379725933,0.788146436214447,0.4209882616996765,-0.1138824298977851,0.8066257238388062,0.4603521823883056,-0.1198552921414375,0.7190812826156616,0.4080703556537628,0.0095596453174948,0.7651644945144653,0.3968553245067596,-0.0449015907943248,0.7914764881134033,0.426842987537384,-0.0746193975210189,0.8044215440750122,0.4530663192272186,-0.0843144282698631,pinch,RRQ_p39,RRQ
0.5874137282371521,0.5190938115119934,-7.490305620194705e-08,0.5229066610336304,0.4886258840560913,-0.0409447811543941,0.4709511995315552,0.3922475278377533,-0.0556605905294418,0.4531578421592712,0.2876602411270141,-0.0705780386924743,0.4337565302848816,0.2033402025699615,-0.080542653799057,0.4537650644779205,0.301234483718872,0.0136204166337847,0.4522029757499695,0.2257288843393325,-0.020426295697689,0.4504186809062958,0.2075991034507751,-0.030533755198121,0.45225590467453,0.1814566999673843,-0.0304330475628376,0.5014276504516602,0.2928275465965271,0.0184323750436306,0.4969663023948669,0.2294345945119857,-0.0222951136529445,0.5058894157409668,0.3214467465877533,-0.0183655451983213,0.5066131949424744,0.325970709323883,0.0008545130840502,0.5499394536018372,0.2960357964038849,0.0114236250519752,0.5465595126152039,0.2461860030889511,-0.0383907295763492,0.5484989881515503,0.3409334123134613,-0.023824356496334,0.5468239784240723,0.3495073616504669,0.0029276930727064,0.5964775681495667,0.3047075271606445,0.0005182765307836,0.5864604115486145,0.2725133597850799,-0.028067585080862,0.581186056137085,0.34086874127388,-0.017326271161437,0.5802789926528931,0.3594086766242981,0.000542196445167,pinch,RRQ_p39,RRQ
0.5113358497619629,0.6944488883018494,-6.546438271470834e-07,0.4261244535446167,0.6595632433891296,-0.0069218021817505,0.3555100560188293,0.5871517062187195,-0.0181805621832609,0.3009997308254242,0.5452108979225159,-0.0349984243512153,0.2487704157829284,0.5124154686927795,-0.0481570698320865,0.3993608951568603,0.4444271922111511,0.017006354406476,0.3352608978748321,0.4303645491600036,-0.0184394661337137,0.2905832529067993,0.4489989280700683,-0.0409878902137279,0.2535213530063629,0.4739296436309814,-0.0536498799920082,0.428775429725647,0.4264712929725647,0.0021360209211707,0.3416382670402527,0.4494476318359375,-0.0342900231480598,0.3623021245002746,0.5346835255622864,-0.0382494553923606,0.3919776380062103,0.5385643839836121,-0.0336378403007984,0.4592102169990539,0.4299480319023132,-0.0196202341467142,0.3738055825233459,0.4707668423652649,-0.0546976625919342,0.3971608877182007,0.5499694347381592,-0.0368799716234207,0.4273058474063873,0.5472320914268494,-0.0182223096489906,0.4850399196147918,0.4531040787696838,-0.0438841916620731,0.4123193323612213,0.4887855052947998,-0.0634131431579589,0.4218583703041076,0.5436981320381165,-0.049880776554346,0.4464300572872162,0.5402795672416687,-0.0362323746085166,pinch,RRQ_p39,RRQ
0.7477409243583679,0.9049113988876344,-8.018178050406277e-07,0.6823065876960754,0.8219568133354187,-0.0150688597932457,0.6340624094009399,0.6967822909355164,-0.0275963339954614,0.6146414279937744,0.6028539538383484,-0.0462361648678779,0.6578212976455688,0.5510222911834717,-0.0548930503427982,0.7090292572975159,0.5771287083625793,0.0185272954404354,0.6511778235435486,0.5110318064689636,-0.02509281411767,0.6422892808914185,0.6026332378387451,-0.0374471694231033,0.66717529296875,0.6194193363189697,-0.0395414270460605,0.7537662386894226,0.5866750478744507,0.0060298154130578,0.6867678165435791,0.5304641127586365,-0.0444524623453617,0.6771641969680786,0.6444659233093262,-0.0388016328215599,0.7105770111083984,0.6502109169960022,-0.0187933128327131,0.7947317361831665,0.6100848913192749,-0.0166366472840309,0.7177425622940063,0.5760478377342224,-0.0665755569934845,0.7057083249092102,0.6867385506629944,-0.0445162653923034,0.7403311133384705,0.6939125657081604,-0.0143216364085674,0.8294670581817627,0.6443435549736023,-0.041989404708147,0.7501645088195801,0.6291516423225403,-0.0644747763872146,0.7368096709251404,0.6971495747566223,-0.0507767386734485,0.7659816741943359,0.7078500390052795,-0.0325200632214546,fist,RRQ_p39,RRQ
0.85403972864151,0.9270541667938232,-4.033287552829279e-07,0.775695264339447,0.7895771861076355,-0.0243231039494276,0.7260702848434448,0.6753979921340942,-0.0638036951422691,0.6757494807243347,0.627860426902771,-0.1000386849045753,0.661186933517456,0.659393310546875,-0.1314957290887832,0.8627185821533203,0.5585141181945801,-0.0884698927402496,0.715272843837738,0.5485891699790955,-0.1293588727712631,0.7084766030311584,0.6261332631111145,-0.1391765773296356,0.7432068586349487,0.6472190022468567,-0.1460234969854354,0.8897669315338135,0.6312114000320435,-0.1024286150932312,0.7095653414726257,0.6487688422203064,-0.1436722129583358,0.7212778925895691,0.7115043997764587,-0.1364326179027557,0.7637659311294556,0.7160677909851074,-0.1321419179439544,0.8886392712593079,0.7226607799530029,-0.117059089243412,0.7168035507202148,0.7412329912185669,-0.144168421626091,0.7338260412216187,0.7891027927398682,-0.1211453527212143,0.777966320514679,0.7911801934242249,-0.1085042133927345,0.8689769506454468,0.8140238523483276,-0.1345343291759491,0.7348061800003052,0.8254590034484863,-0.1546143591403961,0.7486978769302368,0.8527820110321045,-0.1461415588855743,0.7892932295799255,0.8497726917266846,-0.13957479596138,fist,RRQ_p39,RRQ
0.7048498392105103,0.5766520500183105,-1.322315625884585e-07,0.625245213508606,0.5601236820220947,-0.0507728084921836,0.5568318367004395,0.5626190304756165,-0.0929880365729332,0.5287882685661316,0.6208207011222839,-0.1269142180681228,0.557750940322876,0.6751885414123535,-0.155983567237854,0.5876351594924927,0.3905721306800842,-0.0895119905471801,0.5541198253631592,0.5553649067878723,-0.1314087659120559,0.5674996972084045,0.5940811038017273,-0.1516822576522827,0.5783674120903015,0.5602167844772339,-0.1650900542736053,0.6570729613304138,0.401370644569397,-0.0865741595625877,0.6145291924476624,0.5840752124786377,-0.117345355451107,0.613783061504364,0.5931439995765686,-0.1160605177283287,0.6141092777252197,0.5378150939941406,-0.1159554794430732,0.7177042961120605,0.4454984068870544,-0.0877002403140068,0.670087456703186,0.611980140209198,-0.1114270910620689,0.6581318378448486,0.6059986352920532,-0.0894763022661209,0.6590895652770996,0.5529893040657043,-0.0729073658585548,0.7583680748939514,0.5009852051734924,-0.0954384803771972,0.7156355381011963,0.6271301507949829,-0.1133458614349365,0.7044717073440552,0.617202639579773,-0.1032042652368545,0.7070585489273071,0.5695032477378845,-0.0920950770378112,fist,RRQ_p39,RRQ
0.6825593113899231,0.5245488286018372,-6.096049673942616e-07,0.6218414306640625,0.469356894493103,-0.0328073538839817,0.5810477137565613,0.3530771732330322,-0.0447496064007282,0.5893728733062744,0.2455899268388748,-0.05897868424654,0.643142580986023,0.1993773877620697,-0.0640542656183242,0.6064355373382568,0.2546272277832031,0.0130903664976358,0.5999302268028259,0.1713362038135528,-0.0343818925321102,0.5949320793151855,0.2487289011478424,-0.0505883283913135,0.605366587638855,0.2697656452655792,-0.0525422617793083,0.6559577584266663,0.2646978199481964,0.0107475593686103,0.6544130444526672,0.1931962519884109,-0.0381131470203399,0.6361361145973206,0.2992759943008423,-0.0363618731498718,0.6445289850234985,0.29914191365242,-0.0187428258359432,0.7025741934776306,0.2922731041908264,-0.0040271473117172,0.6994088888168335,0.2378267645835876,-0.05505982786417,0.6718543171882629,0.339867502450943,-0.0381440855562686,0.6785603761672974,0.3418484330177307,-0.0103255761787295,0.7490090727806091,0.3251558542251587,-0.0224489979445934,0.733589768409729,0.2908830344676971,-0.0433733202517032,0.7085059881210327,0.3556355834007263,-0.0281914323568344,0.7131783366203308,0.3655836284160614,-0.0089032659307122,fist,RRQ_p39,RRQ
0.4832851886749267,0.4797620475292206,-5.254106554275495e-07,0.3865377902984619,0.5178483724594116,-0.0046847583726048,0.319238930940628,0.5262079834938049,-0.0256479308009147,0.2683578431606293,0.5330928564071655,-0.0491025261580944,0.2513732016086578,0.5349351167678833,-0.0681581497192382,0.2767078280448913,0.3549016714096069,-0.0289916805922985,0.2143324315547943,0.4347299635410309,-0.0562729388475418,0.2582863569259643,0.48167884349823,-0.0661957412958145,0.2810605764389038,0.4663401544094085,-0.0727896764874458,0.3110628426074981,0.3378589451313019,-0.044316716492176,0.2535158097743988,0.4519994556903839,-0.0714379698038101,0.2929652035236358,0.4959524273872375,-0.0674223452806472,0.3137665688991546,0.4737136662006378,-0.0636398643255233,0.3496100306510925,0.354059487581253,-0.0610371939837932,0.3033737242221832,0.4763770997524261,-0.0811471343040466,0.3373260200023651,0.5125022530555725,-0.0625440552830696,0.3574153184890747,0.4861058592796325,-0.0503055900335311,0.3843171000480652,0.3890483379364013,-0.0792613849043846,0.3541133403778076,0.4962492883205414,-0.0880556032061576,0.3738147020339966,0.5232645273208618,-0.0762179046869278,0.3898333311080932,0.5011923909187317,-0.067054308950901,fist,RRQ_p39,RRQ
0.6461129188537598,0.5852174758911133,-1.3364025619466704e-07,0.5991160869598389,0.5650198459625244,-0.1107298880815506,0.5670784711837769,0.5154397487640381,-0.1792930215597152,0.5896463990211487,0.4676317870616913,-0.2301288843154907,0.6414971947669983,0.433420181274414,-0.2672744393348694,0.6073817610740662,0.2783578634262085,-0.1258559077978134,0.6104411482810974,0.3108593821525574,-0.2000114619731903,0.5955319404602051,0.4025726020336151,-0.227763220667839,0.599176287651062,0.4290722906589508,-0.2406362444162368,0.674163281917572,0.2913198471069336,-0.1004578992724418,0.6886591911315918,0.3354370594024658,-0.1773505955934524,0.6479949355125427,0.4483531713485718,-0.1807590425014495,0.6454728841781616,0.4446728527545929,-0.1707634627819061,0.7284852862358093,0.3368300497531891,-0.0874300748109817,0.7378306984901428,0.4022566676139831,-0.156085193157196,0.6886183619499207,0.4869639575481415,-0.1344906985759735,0.6752153635025024,0.4766380786895752,-0.1091161593794822,0.7674988508224487,0.3947524726390838,-0.0849809870123863,0.7703568935394287,0.4659162759780884,-0.1312339901924133,0.7303247451782227,0.514337956905365,-0.1271061897277832,0.7124919891357422,0.4942493438720703,-0.1157927438616752,fist,RRQ_p39,RRQ
0.4290134608745575,0.7673508524894714,-3.48707487773936e-07,0.4954603910446167,0.7206936478614807,-0.0269923899322748,0.55515056848526,0.6381391286849976,-0.044284351170063,0.5827161073684692,0.5569042563438416,-0.0610335618257522,0.5496995449066162,0.5179160237312317,-0.0710276290774345,0.4958900213241577,0.5070929527282715,-0.0148430867120623,0.5424457788467407,0.4667379260063171,-0.0518444441258907,0.541512131690979,0.547965943813324,-0.0663212090730667,0.5195016264915466,0.5674112439155579,-0.0714495182037353,0.4527422785758972,0.5050618052482605,-0.0188151374459266,0.5077885389328003,0.4786632657051086,-0.0565984658896923,0.5079559087753296,0.5810011625289917,-0.0599528849124908,0.484752357006073,0.5871933698654175,-0.0526809990406036,0.4127250015735626,0.5220687985420227,-0.028604682534933,0.4682084918022156,0.527775228023529,-0.0686559006571769,0.4703305661678314,0.6173191666603088,-0.0583168417215347,0.4457905888557434,0.619392991065979,-0.0415428765118122,0.376756489276886,0.5508159399032593,-0.0405757017433643,0.4324055314064026,0.5669666528701782,-0.063214786350727,0.4370313882827759,0.6293042302131653,-0.0526200011372566,0.4128475487232208,0.6370366215705872,-0.0385373309254646,fist,RRQ_p39,RRQ
0.3584702014923095,0.7173612713813782,-2.0081672857941163e-07,0.4024079442024231,0.6750373840332031,-0.050622958689928,0.4433202743530273,0.6022779941558838,-0.0829634591937065,0.4434334635734558,0.5399246215820312,-0.1094632744789123,0.3999998271465301,0.5232700705528259,-0.128208190202713,0.3794637620449066,0.4485353827476501,-0.043510902673006,0.3864218890666961,0.4659231007099151,-0.0851009562611579,0.4039323925971985,0.5325902700424194,-0.102116048336029,0.4016820788383484,0.555467426776886,-0.1082719266414642,0.325921356678009,0.4616096019744873,-0.0357353836297988,0.3416012227535248,0.5162198543548584,-0.0720371901988983,0.3740097284317016,0.5944205522537231,-0.0736154094338417,0.371997058391571,0.5836068987846375,-0.0672904476523399,0.2854036688804626,0.5014208555221558,-0.0353128276765346,0.3085304498672485,0.5745775103569031,-0.0683289691805839,0.3427686691284179,0.6262581944465637,-0.0544342808425426,0.342526227235794,0.6138609051704407,-0.0391554832458496,0.2534595429897308,0.5529425144195557,-0.0404139906167984,0.277782529592514,0.6162518262863159,-0.059329580515623,0.3094914555549621,0.649232804775238,-0.0512162968516349,0.3149562180042267,0.639646589756012,-0.0398473925888538,fist,RRQ_p39,RRQ
0.3553135991096496,0.5303454399108887,-1.9841456833091803e-07,0.3947533369064331,0.4897880554199219,-0.0410598702728748,0.4260244965553283,0.4118162095546722,-0.0656090602278709,0.4264122247695923,0.3438178896903991,-0.0864879935979843,0.3888615667819977,0.3182496130466461,-0.0999360010027885,0.367049902677536,0.2843504250049591,-0.0278590004891157,0.3639389872550964,0.2771844863891601,-0.0642386004328727,0.3833212852478027,0.3365427851676941,-0.0766948387026786,0.3853228390216827,0.3606894612312317,-0.0791211873292923,0.3214362263679504,0.2959620356559753,-0.0220162272453308,0.3310862779617309,0.3309360146522522,-0.0526204295456409,0.3632319867610931,0.4025952816009521,-0.0509833022952079,0.3601950109004974,0.3893535733222961,-0.0417945124208927,0.2872338891029358,0.330680638551712,-0.0236751977354288,0.3068268895149231,0.3856568336486816,-0.0534677803516387,0.3401708602905273,0.4335987567901611,-0.0402116179466247,0.3387016654014587,0.4204767048358917,-0.0246420819312334,0.2591821551322937,0.3757365942001343,-0.0300669148564338,0.2845401763916015,0.431441068649292,-0.0485957562923431,0.3161017596721649,0.4602865576744079,-0.0424530692398548,0.3202540278434753,0.4495961964130401,-0.03181604295969,fist,RRQ_p39,RRQ
0.6047195196151733,0.5423298478126526,-2.969129297980544e-07,0.6775343418121338,0.5268704891204834,-0.0124328695237636,0.7372102737426758,0.4923027455806732,-0.0256502851843833,0.7777259945869446,0.4634834825992584,-0.0398462414741516,0.780961275100708,0.4322520494461059,-0.0492744334042072,0.7097392082214355,0.3425086736679077,-0.0179284773766994,0.7679477334022522,0.370700478553772,-0.0474810637533664,0.751453161239624,0.4307653307914734,-0.0635601952672004,0.7306900024414062,0.437025249004364,-0.0735841915011406,0.6731626391410828,0.3340199887752533,-0.0271986294537782,0.7335835099220276,0.400488406419754,-0.0562215074896812,0.7149865627288818,0.4619092047214508,-0.0636104494333267,0.6959583759307861,0.459328293800354,-0.0664971023797988,0.6397960186004639,0.3547253608703613,-0.0394063368439674,0.6944158673286438,0.4398484528064728,-0.0636106207966804,0.6775951385498047,0.4854156970977783,-0.0602554157376289,0.659276008605957,0.4730449318885803,-0.0565329790115356,0.6125412583351135,0.3918696045875549,-0.0536422207951545,0.6578676104545593,0.4716776609420776,-0.0680166408419609,0.6508376002311707,0.5034492015838623,-0.0671121329069137,0.6373969912528992,0.4912047088146209,-0.0651184320449829,fist,RRQ_p39,RRQ
0.557470440864563,0.6070520281791687,-2.0655160426485966e-07,0.628125011920929,0.6079823970794678,-0.0062567247077822,0.7078397274017334,0.6389776468276978,-0.0234453976154327,0.7621263265609741,0.6949433088302612,-0.0411500222980976,0.7965835332870483,0.7403525710105896,-0.0551241971552372,0.7560152411460876,0.5537020564079285,-0.0471297800540924,0.7926065921783447,0.6776794791221619,-0.0714027434587478,0.7572447061538696,0.6964873671531677,-0.0779833197593689,0.737921416759491,0.6771702170372009,-0.082565851509571,0.7152596712112427,0.5576298832893372,-0.0601234100759029,0.7401246428489685,0.7133781313896179,-0.0788177773356437,0.7051936388015747,0.7121031284332275,-0.0742774978280067,0.6951911449432373,0.6814730167388916,-0.0750080943107605,0.6704971194267273,0.5793555974960327,-0.0728422999382019,0.6907665133476257,0.7304303646087646,-0.0862757712602615,0.6627113223075867,0.7155884504318237,-0.0735948234796524,0.6551737785339355,0.6797512769699097,-0.0688554272055625,0.6267003417015076,0.609023928642273,-0.0868859142065048,0.6468443870544434,0.7311294674873352,-0.0908844694495201,0.6289424300193787,0.7174504399299622,-0.081852026283741,0.6203042268753052,0.6825997233390808,-0.0778937265276908,fist,RRQ_p39,RRQ
0.4627012312412262,0.648028552532196,-8.21428116637435e-08,0.5054657459259033,0.6253674030303955,-0.0554106347262859,0.5411192178726196,0.5794389247894287,-0.0894294306635856,0.5430909395217896,0.5362715721130371,-0.1148912087082862,0.5158978700637817,0.5111204981803894,-0.1328136026859283,0.4955103397369385,0.4165793061256408,-0.0594637393951416,0.4801582098007202,0.464122325181961,-0.1034625172615051,0.4948956966400146,0.5210243463516235,-0.124105118215084,0.5023261904716492,0.532717764377594,-0.1332086622714996,0.4453606903553009,0.4222455024719238,-0.0478211715817451,0.4403638839721679,0.5021101832389832,-0.0871172770857811,0.4704610109329223,0.5652307868003845,-0.090316355228424,0.4809813499450683,0.5535473823547363,-0.0857884734869003,0.4056084752082824,0.4544100761413574,-0.0429515242576599,0.4120938777923584,0.5453522801399231,-0.0769167691469192,0.4423648416996002,0.5877227187156677,-0.0649463385343551,0.4521242380142212,0.5737569332122803,-0.051080510020256,0.3752783238887787,0.4971078634262085,-0.0440306067466735,0.3856486082077026,0.5684651136398315,-0.0663183629512786,0.4132386744022369,0.599959671497345,-0.061918843537569,0.425019234418869,0.5883762836456299,-0.0527025870978832,fist,RRQ_p39,RRQ
0.3756161332130432,0.6424349546432495,-2.9388471034508257e-07,0.4126515686511993,0.5824981331825256,-0.0240728762000799,0.4301392436027527,0.4796505868434906,-0.0337726026773452,0.4329813122749328,0.3963826596736908,-0.042097695171833,0.4018458425998688,0.3571199774742126,-0.0434696450829505,0.3787415325641632,0.4123027324676513,-0.011540088802576,0.3868370354175567,0.3535773158073425,-0.0379974097013473,0.4065103530883789,0.4213897287845611,-0.044401116669178,0.3930699825286865,0.4379800856113434,-0.045915026217699,0.3442766368389129,0.4315121173858642,-0.0121738174930214,0.3553922474384308,0.3708362579345703,-0.0438810847699642,0.384998083114624,0.4513776898384094,-0.0452147796750068,0.3710042834281921,0.4603897929191589,-0.0386338494718074,0.3140027523040771,0.464698851108551,-0.0175988022238016,0.3315565884113312,0.4261682331562042,-0.0521529279649257,0.3636490702629089,0.4963618218898773,-0.0388325117528438,0.3478818535804748,0.505312442779541,-0.0220897514373064,0.2857487797737121,0.502683699131012,-0.0246389526873826,0.3129535913467407,0.4807482063770294,-0.0449679791927337,0.3384886980056762,0.5215872526168823,-0.0337211452424526,0.3256527185440063,0.5317997932434082,-0.0207716114819049,fist,RRQ_p39,RRQ
0.2922762334346771,0.6781482696533203,-2.684582511847111e-07,0.3237898349761963,0.6117424964904785,-0.0314252600073814,0.3369221985340118,0.5026800036430359,-0.0450121462345123,0.3288038969039917,0.4173321425914764,-0.0556899309158325,0.2831798493862152,0.3895840644836426,-0.0588306970894336,0.2768783569335937,0.4394241869449615,-0.0195016581565141,0.2709185183048248,0.3819000720977783,-0.0472778938710689,0.3007319867610931,0.4531335532665252,-0.0539366379380226,0.2926485538482666,0.4689301252365112,-0.055712666362524,0.2437119781970977,0.4680909812450409,-0.0154399937018752,0.2379345297813415,0.4155236780643463,-0.0483409613370895,0.2811884880065918,0.4958594739437103,-0.0485622845590114,0.2720727324485779,0.4967319071292877,-0.0416980236768722,0.21564981341362,0.5113160610198975,-0.0163394473493099,0.2166926115751266,0.4741016626358032,-0.0499850772321224,0.2600337564945221,0.5381047129631042,-0.0321363136172294,0.2499380558729171,0.5406200885772705,-0.013524692505598,0.1853525042533874,0.5570952296257019,-0.0195252932608127,0.199435755610466,0.5359423160552979,-0.0370823666453361,0.2325420379638672,0.5704709887504578,-0.022339142858982,0.2282125800848007,0.5759153962135315,-0.0079115154221653,fist,RRQ_p39,RRQ
0.4510993957519531,0.6844818592071533,-2.831794745361549e-07,0.5115824341773987,0.698962390422821,-0.0215021986514329,0.5828962922096252,0.6889605522155762,-0.0347959846258163,0.6379304528236389,0.6612443923950195,-0.0485498458147048,0.6507216095924377,0.6069575548171997,-0.0562348626554012,0.5941084623336792,0.5687324404716492,-0.0081479176878929,0.6446419954299927,0.5655732154846191,-0.039881095290184,0.6151687502861023,0.6249680519104004,-0.0514899268746376,0.5930148959159851,0.6291157007217407,-0.0544408150017261,0.5678353309631348,0.5396972298622131,-0.0113172391429543,0.6216332316398621,0.5589084625244141,-0.043185643851757,0.5835331678390503,0.6294180154800415,-0.0454997196793556,0.5646723508834839,0.6187369227409363,-0.0395716726779937,0.5384787321090698,0.5227779746055603,-0.0202826019376516,0.5817090272903442,0.5645158886909485,-0.0559727773070335,0.5468085408210754,0.6266794800758362,-0.046387031674385,0.5279829502105713,0.6117783784866333,-0.0314073078334331,0.5061396360397339,0.5152435302734375,-0.030847281217575,0.5469576120376587,0.5635635256767273,-0.0519100576639175,0.524655818939209,0.6076087951660156,-0.042901936918497,0.50309818983078,0.5952067375183105,-0.030869897454977,fist,RRQ_p39,RRQ
0.7447017431259155,0.8788634538650513,2.271889201210797e-07,0.662358283996582,0.7936272025108337,-0.0080387229099869,0.6306205987930298,0.6795745491981506,-0.0024179748725146,0.6272657513618469,0.5820529460906982,-4.010532938991673e-05,0.6217231154441833,0.5179840922355652,0.0038481883239001,0.6790750622749329,0.5558866262435913,0.042032640427351,0.6754036545753479,0.451643168926239,0.0369732081890106,0.6779488921165466,0.3915442526340484,0.0212106145918369,0.6838108897209167,0.3318508565425873,0.0059184255078434,0.7268104553222656,0.5449758172035217,0.0315794833004474,0.7238709926605225,0.424674928188324,0.0298247132450342,0.7255017161369324,0.3557323515415191,0.0132947908714413,0.7263469696044922,0.2853223383426666,-0.0020502042025327,0.7692326307296753,0.5592149496078491,0.014998554252088,0.7677519917488098,0.4430037140846252,0.0086850952357053,0.7650398015975952,0.3765914440155029,-0.0018005431629717,0.7619151473045349,0.3156286478042602,-0.0122864125296473,0.8174041509628296,0.5948427319526672,-0.004586742259562,0.8144823908805847,0.4998355507850647,-0.0125358356162905,0.8105839490890503,0.4408153295516968,-0.0161431636661291,0.8051943182945251,0.3827901482582092,-0.0206051226705312,open_palm,RRQ_p39,RRQ
0.6949740648269653,0.8320514559745789,2.1449460518851998e-07,0.6349979639053345,0.7877395153045654,-0.0112296883016824,0.599960207939148,0.7089267373085022,-0.0082642724737524,0.587138295173645,0.6410048604011536,-0.0062929708510637,0.5753358602523804,0.5997101664543152,-0.0028566708788275,0.6239307522773743,0.6191002726554871,0.0215574540197849,0.6121453642845154,0.544744074344635,0.0167329758405685,0.6090618371963501,0.5011088848114014,0.0068330215290188,0.6082761287689209,0.4598653316497803,-0.0020165496971458,0.6564526557922363,0.6057940721511841,0.017782324925065,0.6440043449401855,0.5217244625091553,0.015976333990693,0.6384707093238831,0.4719835519790649,0.0075334487482905,0.6333101391792297,0.426084041595459,0.0001673967635724,0.688404381275177,0.6097431778907776,0.0092818764969706,0.6775079369544983,0.5305474400520325,0.0049131899140775,0.6705700755119324,0.4841670989990234,0.0003089591336902,0.6637637615203857,0.4436235427856445,-0.0041969702579081,0.7250080108642578,0.626392662525177,-0.0019104871898889,0.7180835604667664,0.5627608895301819,-0.0064229541458189,0.7126796841621399,0.5233779549598694,-0.0072189602069556,0.7061080932617188,0.486585259437561,-0.0084989033639431,open_palm,RRQ_p39,RRQ
0.5073357224464417,0.6792516708374023,2.3314430563914362e-07,0.4404732882976532,0.6648141145706177,-0.0119216945022344,0.3917036056518554,0.601555347442627,-0.0116321118548512,0.3700859248638153,0.5369137525558472,-0.0128413317725062,0.3493429720401764,0.4918597042560577,-0.0132220219820737,0.3988725543022156,0.4981056749820709,0.0173869375139474,0.3739420771598816,0.4290268421173095,0.0093302493914961,0.3612174987792969,0.3865563869476318,-0.002964713377878,0.3502824306488037,0.3455278873443603,-0.0133909853175282,0.4261482954025268,0.472898006439209,0.0118629094213247,0.3997663855552673,0.3927873969078064,0.0062701636925339,0.3837187588214874,0.3429473042488098,-0.0053810901008546,0.3690297603607178,0.2975494265556335,-0.0151311280205845,0.4552162289619446,0.4659381806850433,0.00164002366364,0.4315497875213623,0.3902649581432342,-0.0061382404528558,0.4142625629901886,0.3442890644073486,-0.0142249716445803,0.39779132604599,0.3031805157661438,-0.0213060434907674,0.4898415505886078,0.4697093665599823,-0.0111950114369392,0.4740002453327179,0.407344251871109,-0.018305979669094,0.4613471031188965,0.3687441349029541,-0.0215157624334096,0.4474441409111023,0.3322349786758423,-0.0247980821877717,open_palm,RRQ_p39,RRQ
0.3682197332382202,0.9422414302825928,2.2699310875395895e-07,0.298077642917633,0.9408125281333924,-0.010532489977777,0.238095536828041,0.8782875537872314,-0.0119246672838926,0.2058705389499664,0.8153189420700073,-0.015437020920217,0.1764321774244308,0.7692504525184631,-0.0180991645902395,0.225845918059349,0.7669802308082581,0.0121889421716332,0.1840502023696899,0.6975188851356506,0.000570208823774,0.1574077159166336,0.656096339225769,-0.0134131293743848,0.1342011988162994,0.6169371604919434,-0.0248780641704797,0.2459185123443603,0.7403616309165955,0.0038840065244585,0.1989035010337829,0.6594361662864685,-0.0058384640142321,0.1673154234886169,0.6074761152267456,-0.0193723309785127,0.1395628154277801,0.5607671141624451,-0.0301638152450323,0.2729350328445434,0.7301973104476929,-0.0086725689470767,0.2307391911745071,0.6514233350753784,-0.0193561632186174,0.2025543749332428,0.6017762422561646,-0.0295593198388814,0.1763059496879577,0.5595340132713318,-0.0380386784672737,0.3070898354053497,0.7302603721618652,-0.0237579960376024,0.279868483543396,0.6661282181739807,-0.033724196255207,0.2579972445964813,0.6248747110366821,-0.0394107848405838,0.2354452311992645,0.5888334512710571,-0.0443177968263626,open_palm,RRQ_p39,RRQ
0.7420641183853149,0.5789631605148315,4.6645556039948133e-07,0.6688170433044434,0.5259405374526978,-0.0280775967985391,0.6246727705001831,0.4414043724536896,-0.0385342463850975,0.6084542274475098,0.3558163940906524,-0.04753003641963,0.6006959080696106,0.2827183902263641,-0.0545698590576648,0.6563116312026978,0.323965311050415,-0.0032630895730108,0.6482517719268799,0.2249656617641449,-0.0230266228318214,0.6485666632652283,0.1640288233757019,-0.0430221743881702,0.6511889696121216,0.1066088080406189,-0.0580616928637027,0.6993699669837952,0.3086496591567993,-0.0049108164384961,0.6935238242149353,0.2016416639089584,-0.0194731932133436,0.6936590075492859,0.13327556848526,-0.03646782040596,0.6935848593711853,0.0701107084751129,-0.0495621338486671,0.7397897839546204,0.3172193765640259,-0.0124294077977538,0.736685574054718,0.2175307124853134,-0.0290125235915184,0.7343566417694092,0.1562635153532028,-0.0392924956977367,0.7312648296356201,0.1002218127250671,-0.0466913841664791,0.7820345163345337,0.3428958654403686,-0.0235949903726577,0.7842543125152588,0.2654451429843902,-0.0386545099318027,0.7843372821807861,0.21407151222229,-0.0434817336499691,0.782844603061676,0.1645533144474029,-0.0463527217507362,open_palm,RRQ_p39,RRQ
0.4600322246551513,0.5582295656204224,3.116875575415179e-07,0.3898414075374603,0.5453991889953613,-0.0137140341103076,0.3333255648612976,0.4860230088233948,-0.0155267948284745,0.2999756336212158,0.4294224977493286,-0.0183983910828828,0.2707867622375488,0.3911955952644348,-0.0207790527492761,0.3475045561790466,0.370115578174591,0.009959970600903,0.3235912621021271,0.2934813201427459,-0.0015941535821184,0.3105113506317138,0.2453242242336273,-0.0157076958566904,0.3003060817718506,0.199629321694374,-0.0270536113530397,0.3767666220664978,0.3449892997741699,0.0037347774486988,0.3514690399169922,0.2568865418434143,-0.0048932889476418,0.3362105190753937,0.1992792040109634,-0.0176129322499036,0.3231255710124969,0.1472031474113464,-0.0278811361640691,0.4092018604278564,0.3382858037948608,-0.0070897978730499,0.3863061964511871,0.2551686763763428,-0.0175839215517044,0.3704087138175964,0.2020599544048309,-0.0273791123181581,0.3551314175128937,0.1548066586256027,-0.0354092568159103,0.4460254311561584,0.3444677293300628,-0.0204569920897483,0.4320529699325561,0.2771302759647369,-0.03063889965415,0.4206005036830902,0.2333594113588333,-0.0355640538036823,0.4085690975189209,0.1919702738523483,-0.0397908650338649,open_palm,RRQ_p39,RRQ
0.7757799625396729,0.8149453401565552,6.36583706636884e-07,0.7031514644622803,0.750982403755188,-0.0385565534234046,0.6609020829200745,0.6538230180740356,-0.0568792596459388,0.6403462886810303,0.566275417804718,-0.0719599425792694,0.6189053654670715,0.493710309267044,-0.0857929289340972,0.7161964178085327,0.5209308862686157,-0.0226188525557518,0.7236030697822571,0.4088120460510254,-0.0492991581559181,0.7330385446548462,0.3399312496185303,-0.0734426379203796,0.7450368404388428,0.2767078578472137,-0.0912138447165489,0.7678432464599609,0.5171950459480286,-0.0239267479628324,0.7847309112548828,0.3943778276443481,-0.044883407652378,0.7988682985305786,0.3149173855781555,-0.065789021551609,0.8117709755897522,0.2433273494243621,-0.081839881837368,0.8113043904304504,0.5387148261070251,-0.031692449003458,0.8300987482070923,0.4258767366409302,-0.0546522065997123,0.8412562012672424,0.35170978307724,-0.0706201121211052,0.849538266658783,0.2835480570793152,-0.0823545902967453,0.851301908493042,0.5793018341064453,-0.0434916242957115,0.8721206784248352,0.4961432814598083,-0.0644829422235488,0.884857714176178,0.4395576417446136,-0.0734897404909133,0.8945335745811462,0.3839882612228393,-0.0798046961426734,open_palm,RRQ_p39,RRQ
0.7082631587982178,0.8300489187240601,5.273428769214661e-07,0.642350971698761,0.7750488519668579,-0.0276215560734272,0.5922354459762573,0.6992504000663757,-0.0426599569618701,0.5513237714767456,0.6378161907196045,-0.0570223107933998,0.5148722529411316,0.601706862449646,-0.0701523572206497,0.662465512752533,0.573931097984314,-0.0013231632765382,0.6702721118927002,0.484168529510498,-0.0145950615406036,0.6817965507507324,0.4356200695037842,-0.0314771421253681,0.6947590112686157,0.3911517262458801,-0.0450093075633049,0.7007662057876587,0.5742095708847046,-0.0037073923740535,0.7115240097045898,0.4750509858131408,-0.00947558414191,0.7217280864715576,0.4193663597106933,-0.0193966850638389,0.7311969995498657,0.3695217669010162,-0.0285667795687913,0.735806405544281,0.593603789806366,-0.0121803823858499,0.7455593943595886,0.4999720752239227,-0.0195870585739612,0.7513582706451416,0.4453884959220886,-0.0232054814696311,0.7548827528953552,0.3970121145248413,-0.0273806434124708,0.7697510719299316,0.6287469267845154,-0.0250340104103088,0.7798472046852112,0.5548968315124512,-0.0316405966877937,0.7847604751586914,0.5089107155799866,-0.0308065917342901,0.787674605846405,0.4668112099170685,-0.0308531317859888,open_palm,RRQ_p39,RRQ
0.5195567607879639,0.6855645179748535,3.383376565579965e-07,0.4475646317005157,0.6814385652542114,-0.0191104691475629,0.3877472579479217,0.6276259422302246,-0.0260394290089607,0.3541273474693298,0.5679460167884827,-0.0331004783511161,0.3283462524414062,0.5163994431495667,-0.0389223396778106,0.3814755380153656,0.5067558288574219,0.0029345205985009,0.3477160036563873,0.4287654757499695,-0.0128422295674681,0.3302883803844452,0.3791543841361999,-0.0301814433187246,0.3161974549293518,0.3313095569610595,-0.0438234433531761,0.411233901977539,0.4775083363056183,-0.0021292837336659,0.3740471005439758,0.3905212581157684,-0.0136328944936394,0.3530058860778808,0.3352382779121399,-0.0286710206419229,0.3333941400051117,0.2837508618831634,-0.0408717580139637,0.4449083209037781,0.4680416584014892,-0.0120925419032573,0.4109679460525512,0.3858522772789001,-0.0241602547466754,0.3895504474639892,0.3359465003013611,-0.0333879142999649,0.36905038356781,0.2915354669094085,-0.041400983929634,0.4853510558605194,0.47138112783432,-0.0251558125019073,0.4601716101169586,0.4085833728313446,-0.0361863635480403,0.4415235519409179,0.3689706325531006,-0.0405807271599769,0.4219900965690613,0.3319344520568847,-0.0444740504026412,open_palm,RRQ_p39,RRQ
0.7302181124687195,0.6852170825004578,5.176783020033326e-07,0.6648797988891602,0.6461320519447327,-0.0262687020003795,0.6083871126174927,0.5739621520042419,-0.0398817881941795,0.56382155418396,0.5174398422241211,-0.0520915761590004,0.5203955173492432,0.4928822815418243,-0.0651812404394149,0.6687823534011841,0.4363438487052917,-0.0247758794575929,0.6503095626831055,0.3383543491363525,-0.0430762954056263,0.6407867074012756,0.2758204936981201,-0.0591626018285751,0.6351081728935242,0.2208378911018371,-0.0728684738278389,0.7166883945465088,0.4246407747268677,-0.0302535239607095,0.7224995493888855,0.3139334619045257,-0.0465811565518379,0.7290805578231812,0.2414308935403823,-0.0626573711633682,0.7359936833381653,0.1792612671852111,-0.0757720470428466,0.7606931924819946,0.4396575391292572,-0.0397072844207286,0.7783886790275574,0.3400731086730957,-0.0628226324915885,0.7880303263664246,0.2772278189659118,-0.0822961628437042,0.7951020002365112,0.2204521298408508,-0.0965025126934051,0.8003124594688416,0.4748375713825226,-0.0511944070458412,0.8394954800605774,0.4141701161861419,-0.0762179419398307,0.8653408885002136,0.3711446523666382,-0.0903803333640098,0.8866168856620789,0.3279165029525757,-0.1003003790974617,open_palm,RRQ_p39,RRQ
0.3624104857444763,0.8648653626441956,4.717379340490879e-07,0.42501962184906,0.8308095932006836,-0.0358296893537044,0.4761247336864471,0.7644361257553101,-0.0503653287887573,0.5025495290756226,0.6987920999526978,-0.0626350790262222,0.5094414353370667,0.6434979438781738,-0.0738123506307601,0.443318635225296,0.6163551211357117,-0.0198608264327049,0.4567820727825165,0.5221502780914307,-0.0406260378658771,0.4635256826877594,0.4630866348743438,-0.0606869272887706,0.4688408970832824,0.409426748752594,-0.075482964515686,0.4027957916259765,0.6034108400344849,-0.0184638649225235,0.4103625118732452,0.4984495043754577,-0.0358969755470752,0.4142700135707855,0.4280615448951721,-0.0549936704337596,0.4167861640453338,0.368321031332016,-0.0693676322698593,0.3633230924606323,0.6134912371635437,-0.0222233738750219,0.3623809814453125,0.516649603843689,-0.039554800838232,0.3655435144901275,0.4556464552879333,-0.0545210689306259,0.3694832026958465,0.4020098447799682,-0.0650558769702911,0.3231422305107116,0.6411687135696411,-0.0300793647766113,0.3149899244308471,0.5677506923675537,-0.0470374040305614,0.3123229444026947,0.5175512433052063,-0.0563545227050781,0.3119342029094696,0.4694520831108093,-0.0622962042689323,open_palm,RRQ_p39,RRQ
0.3955661356449127,0.7169336676597595,4.066340579811367e-07,0.452434241771698,0.6761954426765442,-0.0256268996745347,0.4909214079380035,0.6046419143676758,-0.0343643054366111,0.508991003036499,0.540313720703125,-0.0421273000538349,0.4956703186035156,0.5074225068092346,-0.0493733547627925,0.4293273687362671,0.4809307157993316,-0.0167640354484319,0.4349462687969208,0.3918730616569519,-0.030666209757328,0.4367800056934356,0.3370750844478607,-0.0437096953392028,0.4356890320777893,0.2910147309303283,-0.0537985302507877,0.3858463764190674,0.4804302155971527,-0.0180227905511856,0.3736729621887207,0.3825024962425232,-0.028768079355359,0.3644546270370483,0.3223845362663269,-0.0411211065948009,0.3545444309711456,0.2745383381843567,-0.0511010251939296,0.3494578003883362,0.5016882419586182,-0.0229831971228122,0.3289119601249695,0.4194942712783813,-0.0353979393839836,0.3161659240722656,0.3675779104232788,-0.0489301458001136,0.3050898909568786,0.3246286511421203,-0.059081096202135,0.3175609111785888,0.5403927564620972,-0.0309180803596973,0.2848283946514129,0.4882479310035705,-0.0453195385634899,0.2612704038619995,0.4541162252426147,-0.0546368695795536,0.2416817545890808,0.4214288592338562,-0.0609224736690521,open_palm,RRQ_p39,RRQ
0.4773743152618408,0.7870063781738281,4.7541311687382404e-07,0.5427236557006836,0.8049123883247375,-0.0222354345023632,0.6085656881332397,0.7879697680473328,-0.0343709588050842,0.6503499150276184,0.7583237290382385,-0.0467685982584953,0.677848219871521,0.7359933853149414,-0.0598583333194255,0.6459563374519348,0.6777393817901611,-0.0278736483305692,0.7104973793029785,0.6318172812461853,-0.0542569197714328,0.7523535490036011,0.6024195551872253,-0.0743733495473861,0.7892042398452759,0.5755693316459656,-0.0887406915426254,0.619573175907135,0.6345402598381042,-0.0356856919825077,0.6795380115509033,0.5618076920509338,-0.059061836451292,0.7203121781349182,0.514525830745697,-0.0779196470975875,0.7556864023208618,0.4723951816558838,-0.0915816202759742,0.5821552872657776,0.614337146282196,-0.0465250276029109,0.6209918856620789,0.5339230895042419,-0.0692917183041572,0.6515268683433533,0.4800271093845367,-0.0856720358133316,0.6817848086357117,0.4349134564399719,-0.0971061810851097,0.535451352596283,0.611068844795227,-0.0596826002001762,0.5512933135032654,0.5398738980293274,-0.0821948945522308,0.5673044919967651,0.4906502068042755,-0.0937176272273063,0.587245762348175,0.44549560546875,-0.1011301130056381,open_palm,RRQ_p39,RRQ
0.4704635739326477,0.7906335592269897,2.739699311860022e-07,0.5229551196098328,0.759654700756073,-0.0322202406823635,0.5629147887229919,0.6978363394737244,-0.0499941706657409,0.5807906985282898,0.6385337114334106,-0.0655123740434646,0.5667899250984192,0.607884407043457,-0.0820080935955047,0.5156311988830566,0.5840561985969543,-0.0394104085862636,0.5034193396568298,0.4986297488212585,-0.0659533739089965,0.4924603700637817,0.4471734762191772,-0.0870030149817466,0.4806759357452392,0.398003876209259,-0.1027562469244003,0.4797201752662658,0.5831709504127502,-0.0424138903617858,0.462029367685318,0.4824358224868774,-0.0669399574398994,0.4500356614589691,0.4184748232364654,-0.0873390957713127,0.438267320394516,0.3587217926979065,-0.1024068593978881,0.4485153555870056,0.6040041446685791,-0.0483807325363159,0.4294485449790954,0.5099878907203674,-0.0717561691999435,0.4193226099014282,0.452735960483551,-0.087642028927803,0.4104398787021637,0.3976401090621948,-0.0986342877149581,0.4210399985313415,0.6412867903709412,-0.0573202781379222,0.3996627032756805,0.5782665014266968,-0.0797717422246933,0.3885130286216736,0.535976231098175,-0.091065876185894,0.379267007112503,0.4939873218536377,-0.0984448119997978,open_palm,RRQ_p39,RRQ
0.4215876162052154,0.7040272355079651,3.707621374360315e-07,0.479700356721878,0.658530056476593,-0.0255740787833929,0.5157212615013123,0.5842658281326294,-0.0303120650351047,0.5314642190933228,0.5153610110282898,-0.0332439020276069,0.5124058723449707,0.4859126210212707,-0.0351564474403858,0.4462210834026336,0.4724941551685333,0.0055333138443529,0.4331091642379761,0.3988012671470642,0.0043195588514208,0.4224123060703277,0.3576987981796264,-0.004131234716624,0.4127427935600281,0.3242360949516296,-0.0119346501305699,0.4091336727142334,0.4808187782764435,0.010146795772016,0.3911510705947876,0.4028894007205963,0.0124155906960368,0.3799417316913605,0.35732501745224,0.0040530664846301,0.3707152009010315,0.3214355111122131,-0.004001613240689,0.3778912425041199,0.5040807723999023,0.0102396477013826,0.3613980412483215,0.4320769011974334,0.0096116457134485,0.3564977049827575,0.3908084630966186,0.0021964765619486,0.3516536056995392,0.3562670946121216,-0.00474907271564,0.3505309820175171,0.5387209057807922,0.006732971407473,0.3408751487731933,0.4817100167274475,0.0039610946550965,0.3368951380252838,0.4505622088909149,0.0014332572463899,0.3348434269428253,0.4221961498260498,-0.0011519802501425,open_palm,RRQ_p39,RRQ
0.6674832105636597,0.7697123289108276,-2.38293310417248e-07,0.6343895196914673,0.6453626155853271,0.0083489743992686,0.5779162049293518,0.5479662418365479,-0.0010644329013302,0.54158616065979,0.4612765312194824,-0.0131188109517097,0.5471179485321045,0.3824191391468048,-0.0271914843469858,0.485637366771698,0.5627025961875916,-0.0292804799973964,0.3997933268547058,0.6106526851654053,-0.0318612195551395,0.4252042174339294,0.6429426074028015,-0.0287970975041389,0.4555472135543823,0.6406415104866028,-0.027590025216341,0.4753664433956146,0.6404716968536377,-0.0399803295731544,0.4001467525959015,0.6810253262519836,-0.0364469066262245,0.4281049072742462,0.7067729830741882,-0.0269651468843221,0.4646104574203491,0.7059611678123474,-0.0239900015294551,0.4749073386192322,0.7214972972869873,-0.0465435124933719,0.432392954826355,0.7529302835464478,-0.0353419668972492,0.4617396891117096,0.7647261023521423,-0.0200215131044387,0.4954736828804016,0.7589421272277832,-0.0163896847516298,0.4816827178001404,0.7962313294410706,-0.0530229695141315,0.45992112159729,0.8099725842475891,-0.0409903563559055,0.4921624958515167,0.816870927810669,-0.0249219331890344,0.5190617442131042,0.8102946877479553,-0.0155866593122482,thumbs_up,RRQ_p39,RRQ
0.831517219543457,0.9057953357696532,-6.175189923851576e-07,0.8059613704681396,0.7774232625961304,0.0092789363116025,0.7427214980125427,0.6454405784606934,-0.0015094209229573,0.7116541266441345,0.5357112884521484,-0.0150507967919111,0.7351459264755249,0.449256032705307,-0.0286908391863107,0.7071744203567505,0.6000490188598633,-0.0398120284080505,0.5693461894989014,0.6205498576164246,-0.0673487335443496,0.5855333209037781,0.672602117061615,-0.0731251835823059,0.6246656775474548,0.681514322757721,-0.0736190304160118,0.706735372543335,0.6717569828033447,-0.0582234375178813,0.5626241564750671,0.7048941850662231,-0.0798150226473808,0.5919718146324158,0.7446470260620117,-0.0688143596053123,0.6351891756057739,0.7417747378349304,-0.0618473477661609,0.7032077312469482,0.7564460635185242,-0.075269415974617,0.587458074092865,0.7873324751853943,-0.095931202173233,0.6227559447288513,0.8154914975166321,-0.0756232813000679,0.6632624864578247,0.8096049427986145,-0.0618514642119407,0.6981080770492554,0.8431528806686401,-0.0907503142952919,0.6096407175064087,0.8548364639282227,-0.1051718294620513,0.6440118551254272,0.8747719526290894,-0.0910834148526191,0.6813529133796692,0.8718123435974121,-0.0790821313858032,thumbs_up,RRQ_p39,RRQ
0.7694395780563354,0.6444276571273804,-6.008692139403138e-07,0.7153078317642212,0.4838114082813263,-0.0272234696894884,0.7050836086273193,0.3446969389915466,-0.0527940392494201,0.7197335958480835,0.243524894118309,-0.0717497691512107,0.7466902732849121,0.1663256734609604,-0.0845897123217582,0.8003324866294861,0.3130260109901428,-0.0816132798790931,0.6597221493721008,0.3445348441600799,-0.1198020428419113,0.6599304676055908,0.390930026769638,-0.1285398006439209,0.6978943347930908,0.386949360370636,-0.1317159980535507,0.8257019519805908,0.3958123028278351,-0.0885190516710281,0.6614118814468384,0.4379480183124542,-0.1195109039545059,0.6803385615348816,0.463901549577713,-0.1110714823007583,0.7214732766151428,0.4522298574447632,-0.1080396473407745,0.8314603567123413,0.4907878339290619,-0.0971964821219444,0.6751536726951599,0.5262801051139832,-0.1253618001937866,0.6938984394073486,0.5439796447753906,-0.1080312728881836,0.7332538962364197,0.5379154682159424,-0.0976380407810211,0.8221736550331116,0.5844297409057617,-0.1083132401108741,0.6962633728981018,0.5996690988540649,-0.1296736001968383,0.7091135382652283,0.6005653738975525,-0.125953197479248,0.747676432132721,0.5897502899169922,-0.1218424439430236,thumbs_up,RRQ_p39,RRQ
0.4306804537773132,0.6214341521263123,-6.94534662670776e-07,0.3674327135086059,0.5541936755180359,-0.0366925299167633,0.3361124098300934,0.4251255095005035,-0.0518948808312416,0.3140395581722259,0.3320703208446502,-0.0664715096354484,0.2824127674102783,0.2727776765823364,-0.072330467402935,0.414665549993515,0.3298165202140808,-0.0156761333346366,0.4260300993919372,0.2594014406204223,-0.0591945052146911,0.4011889994144439,0.3478911221027374,-0.0755987763404846,0.4003157913684845,0.3787850439548492,-0.0823114961385726,0.4697311520576477,0.3565203845500946,-0.0181617382913827,0.4756233692169189,0.2993060946464538,-0.0660964027047157,0.4317487478256225,0.4015435576438904,-0.0679070949554443,0.437477558851242,0.4129410684108734,-0.0576777644455432,0.5141665935516357,0.4045571982860565,-0.029992751777172,0.5141788721084595,0.373833954334259,-0.0760157704353332,0.4651387631893158,0.4550725817680359,-0.0561586022377014,0.4691402614116668,0.4584248065948486,-0.0319146551191806,0.5526617169380188,0.4594341814517975,-0.045665506273508,0.5448861718177795,0.4383293092250824,-0.0664883032441139,0.5043632984161377,0.4855183959007263,-0.0495426878333091,0.504580557346344,0.4901427626609802,-0.0318569764494895,thumbs_up,RRQ_p39,RRQ
0.5827525854110718,0.6596774458885193,-4.98224494549504e-07,0.5205947160720825,0.5598874092102051,0.0081196120008826,0.4244844913482666,0.4950413107872009,-0.0038462351076304,0.3581798076629638,0.4305934906005859,-0.0186062436550855,0.3481357991695404,0.345917671918869,-0.0340193584561347,0.3537209928035736,0.5195208191871643,-0.0400580167770385,0.2614511549472809,0.6311158537864685,-0.0608416981995105,0.3041374981403351,0.6475237011909485,-0.0646364837884903,0.3425852656364441,0.6192824840545654,-0.0649774223566055,0.3721682429313659,0.5901734828948975,-0.0557918064296245,0.2839488983154297,0.7044447064399719,-0.0686775520443916,0.3242601156234741,0.707329273223877,-0.0561152435839176,0.3569454252719879,0.6757605075836182,-0.0495356619358062,0.3960720598697662,0.6652790904045105,-0.0694144815206527,0.3201494812965393,0.7599968910217285,-0.0794673115015029,0.3599219024181366,0.7569324970245361,-0.057161059230566,0.3926024138927459,0.7283313274383545,-0.0444248653948307,0.4236672520637512,0.7382937073707581,-0.0821051374077797,0.3591775298118591,0.8019595146179199,-0.0887796208262443,0.3979177176952362,0.7951798439025879,-0.0714662224054336,0.4321239590644836,0.769776463508606,-0.058046355843544,thumbs_up,RRQ_p39,RRQ
0.6996164917945862,0.730894923210144,-9.456877023694688e-07,0.6610998511314392,0.6358431577682495,-0.0623719692230224,0.6719917058944702,0.5033870935440063,-0.0882425680756568,0.6917447447776794,0.4043870568275451,-0.1058418527245521,0.6957436203956604,0.3207941651344299,-0.1134354993700981,0.8078427314758301,0.4455494880676269,-0.0470713451504707,0.7980119585990906,0.4703273177146911,-0.0963644608855247,0.739730954170227,0.5239036083221436,-0.1186178252100944,0.7228189706802368,0.5372878313064575,-0.1310578137636184,0.8656699657440186,0.5038330554962158,-0.038638811558485,0.831747829914093,0.5548926591873169,-0.0957792624831199,0.7537075281143188,0.5983973145484924,-0.1099441647529602,0.7421054244041443,0.5926007628440857,-0.1099365204572677,0.8931644558906555,0.579189121723175,-0.0395280830562114,0.846772313117981,0.6446084976196289,-0.09866663813591,0.7708775401115417,0.6648048162460327,-0.0952190458774566,0.7621529698371887,0.6386408805847168,-0.0825026556849479,0.9034298062324524,0.6558469533920288,-0.0460746772587299,0.8590970039367676,0.7165557146072388,-0.0885110795497894,0.8017874360084534,0.7276510000228882,-0.0913645774126052,0.7933950424194336,0.6988521218299866,-0.0855338796973228,thumbs_up,RRQ_p39,RRQ
0.4254950881004333,0.66513991355896,-8.093737733361195e-07,0.3477968275547027,0.6039057970046997,-0.0289899241179227,0.3014442920684814,0.5035796761512756,-0.0392035990953445,0.2751007974147796,0.4358395338058471,-0.047260221093893,0.2453223764896392,0.3855083584785461,-0.0497024916112422,0.3697336912155151,0.3824795484542846,-0.0110090328380465,0.3259554505348205,0.4249434471130371,-0.0471969060599803,0.3170899152755737,0.4951059818267822,-0.069793626666069,0.323795735836029,0.5153012275695801,-0.0821947827935218,0.4233081638813019,0.3937745094299316,-0.0137203549966216,0.3701125979423523,0.4644705653190613,-0.0452497377991676,0.3512033224105835,0.5377480387687683,-0.0533525645732879,0.3585458099842071,0.5429188013076782,-0.0540900267660617,0.4677166640758514,0.4372044801712036,-0.0235136616975069,0.4147997498512268,0.5165542364120483,-0.0563585385680198,0.3900855183601379,0.576389491558075,-0.0499581098556518,0.3954201638698578,0.5705766677856445,-0.0400411188602447,0.5023325085639954,0.4921199679374695,-0.0370009131729602,0.4575988948345184,0.5597649216651917,-0.0582757294178009,0.4331951141357422,0.6010892391204834,-0.0536810681223869,0.4337711632251739,0.597321629524231,-0.0452375449240207,thumbs_up,RRQ_p39,RRQ
0.2324669510126114,0.7304632067680359,-4.795222139364341e-07,0.3027574121952057,0.6237649917602539,-0.0119421230629086,0.3407670557498932,0.5100232362747192,-0.0197523906826972,0.3485195636749267,0.4330149888992309,-0.027748953551054,0.3395886421203613,0.3632141947746277,-0.0304957386106252,0.2932265400886535,0.4503761231899261,-0.0338262617588043,0.3920595347881317,0.5275774002075195,-0.0688558369874954,0.3699993193149566,0.5672047138214111,-0.0848249122500419,0.3381661772727966,0.5475428104400635,-0.096347726881504,0.2578898668289184,0.5045612454414368,-0.0463131442666053,0.3741613626480102,0.5913593173027039,-0.0794974043965339,0.3429799377918243,0.613844633102417,-0.0849342420697212,0.3131700754165649,0.5930275321006775,-0.0914850383996963,0.2330418229103088,0.5752974152565002,-0.0613608732819557,0.3451390862464905,0.6559165120124817,-0.0900864824652671,0.3179549276828766,0.6744755506515503,-0.0846997946500778,0.2924870550632477,0.6527960896492004,-0.0820392295718193,0.2193105518817901,0.6503733396530151,-0.0787566676735878,0.3133457601070404,0.7033933401107788,-0.0996597856283187,0.295543223619461,0.7074185609817505,-0.1025309860706329,0.2645636796951294,0.6888223886489868,-0.104696899652481,thumbs_up,RRQ_p39,RRQ
0.5137690305709839,0.5972314476966858,-3.129677565993916e-07,0.5563350319862366,0.5217242240905762,-0.0034168025013059,0.6178618669509888,0.4518285393714905,-0.0212437640875577,0.6477034091949463,0.3843520283699035,-0.040805771946907,0.6423906087875366,0.3169487416744232,-0.0576123148202896,0.6943994164466858,0.4577642977237701,-0.0376302599906921,0.773888111114502,0.5491180419921875,-0.0614160485565662,0.739327073097229,0.5622732043266296,-0.0726654008030891,0.7075015306472778,0.541155993938446,-0.0794961228966713,0.6826229691505432,0.5147611498832703,-0.0512810572981834,0.7524819374084473,0.6094781756401062,-0.062625415623188,0.7174649834632874,0.6102803945541382,-0.0581997893750667,0.6889113783836365,0.5845990777015686,-0.0591497682034969,0.6650398373603821,0.5811715722084045,-0.0647501349449157,0.7257646322250366,0.6612806916236877,-0.0704896748065948,0.6935036182403564,0.6586896181106567,-0.0536471046507358,0.6668063402175903,0.6354074478149414,-0.046691957861185,0.6459366083145142,0.6469319462776184,-0.0790586471557617,0.7001696228981018,0.7014615535736084,-0.0767512768507003,0.67113196849823,0.6966539025306702,-0.0596566274762153,0.6452917456626892,0.6752368211746216,-0.0501397475600242,thumbs_up,RRQ_p39,RRQ
0.2427675426006317,0.5684798359870911,-4.644812463538983e-07,0.2937155663967132,0.4334706366062164,-0.0190551523119211,0.3404873013496399,0.3316161930561065,-0.0552804581820964,0.3696708381175995,0.2556408047676086,-0.0894649699330329,0.3856963217258453,0.1861738413572311,-0.1252583861351013,0.3767491579055786,0.3742658793926239,-0.1249650046229362,0.3448669016361236,0.2972413003444671,-0.1899075508117675,0.3028089106082916,0.2581985294818878,-0.2186874002218246,0.2739277780056,0.2267796397209167,-0.2357811778783798,0.3388920426368713,0.4316129982471466,-0.1478510051965713,0.2867464125156402,0.3555812835693359,-0.2155686467885971,0.2483962476253509,0.2968299388885498,-0.2296396493911743,0.2252508401870727,0.2595995664596557,-0.2404664307832718,0.2924366593360901,0.4855002760887146,-0.1699586808681488,0.2353475838899612,0.4140170216560364,-0.2292828261852264,0.2063114047050476,0.3682869374752044,-0.2264771163463592,0.1984857469797134,0.3438949286937713,-0.2232603877782821,0.2448452115058899,0.5313001275062561,-0.1923813223838806,0.1898116022348404,0.4694806337356567,-0.2420572340488433,0.1728494465351104,0.4395051300525665,-0.248806893825531,0.1745384335517883,0.4254549741744995,-0.2508322596549988,thumbs_up,RRQ_p39,RRQ
0.2302192151546478,0.6481052041053772,-2.622290651288495e-07,0.2901674807071686,0.5673374533653259,-0.0644285306334495,0.3113203346729278,0.4474133551120758,-0.0982565060257911,0.3300573229789734,0.3461838066577911,-0.123351089656353,0.3588201999664306,0.2675618529319763,-0.1408260017633438,0.1648959815502166,0.3695787489414215,-0.0746237859129905,0.1595838516950607,0.4617141187191009,-0.1215177848935127,0.2048612684011459,0.5020747780799866,-0.1385694295167923,0.2172584682703018,0.4786759614944458,-0.1456073522567749,0.1105514466762542,0.4143939018249511,-0.0623841993510723,0.1308510303497314,0.5175207853317261,-0.1058502569794654,0.194910243153572,0.5515052676200867,-0.1045354530215263,0.2087909579277038,0.5189967155456543,-0.0985082313418388,0.0763345658779144,0.4762889742851257,-0.0575450025498867,0.10016930103302,0.5722102522850037,-0.1015248447656631,0.1606474965810775,0.597248911857605,-0.0870612189173698,0.1776682287454605,0.5641414523124695,-0.0706622153520584,0.0520586371421813,0.5409581065177917,-0.0593546032905578,0.0702168494462966,0.6072083711624146,-0.0886763259768486,0.1232003420591354,0.6276068687438965,-0.0817590653896331,0.1468005180358886,0.6070276498794556,-0.0698357373476028,thumbs_up,RRQ_p39,RRQ
0.5083109140396118,0.5753673315048218,-4.14202276033393e-07,0.5783878564834595,0.5358421802520752,-0.0348711796104908,0.6330955624580383,0.4420950710773468,-0.0509428307414054,0.6675310730934143,0.3726354837417602,-0.0634714439511299,0.7054315805435181,0.3252133131027221,-0.0709899887442588,0.5546121001243591,0.3268307149410248,-0.0360075756907463,0.5587263703346252,0.3862211406230926,-0.0732079744338989,0.5729204416275024,0.4488820135593414,-0.0936589166522026,0.5793951749801636,0.448677510023117,-0.1043962836265564,0.4961207211017608,0.3310573995113373,-0.0336983874440193,0.5079900622367859,0.4236551225185394,-0.0627975016832351,0.5356408953666687,0.4857681691646576,-0.065808929502964,0.5468557476997375,0.4776613116264343,-0.0656408593058586,0.4490523338317871,0.3631622195243835,-0.0370099321007728,0.4667040407657623,0.4548995792865753,-0.0645051822066307,0.4964413046836853,0.5067734718322754,-0.0539824552834034,0.508164644241333,0.4968394041061401,-0.0440423153340816,0.4112329483032226,0.4045946002006531,-0.0448033288121223,0.4233694672584533,0.4718722403049469,-0.0597400441765785,0.4492167532444,0.5130350589752197,-0.0517674200236797,0.4609567523002624,0.5110981464385986,-0.0426403060555458,thumbs_up,RRQ_p39,RRQ
0.3637860119342804,0.7042557597160339,-2.3589176123550717e-07,0.4500895738601684,0.6493990421295166,-0.049506027251482,0.4993288516998291,0.5367063879966736,-0.0722494944930076,0.5243968367576599,0.445802092552185,-0.0868111625313758,0.5448141098022461,0.3597235679626465,-0.0967834889888763,0.4138847291469574,0.4824696183204651,-0.0762355104088783,0.4547477960586548,0.6209195256233215,-0.1202793270349502,0.4688297212123871,0.6374232172966003,-0.1481329351663589,0.4675114452838897,0.6038069128990173,-0.1668248325586319,0.3475066721439361,0.5172907114028931,-0.0682465955615043,0.4109356105327606,0.6854962110519409,-0.0952123999595642,0.4225441515445709,0.6650235056877136,-0.098335862159729,0.4123939275741577,0.6112242341041565,-0.1062348410487175,0.3031218647956848,0.5777937173843384,-0.0655398070812225,0.3667447865009308,0.7191818356513977,-0.0862524881958961,0.3810468316078186,0.6964421272277832,-0.0697448849678039,0.3735234141349792,0.6454839110374451,-0.0615982301533222,0.2763153910636902,0.6408501863479614,-0.0701536908745765,0.3289883136749267,0.7389066219329834,-0.0895517244935035,0.3422663807868957,0.7251367568969727,-0.0863150805234909,0.3350030183792114,0.6915432214736938,-0.0830128267407417,thumbs_up,RRQ_p39,RRQ
0.3725040555000305,0.6230130195617676,-3.887066100105585e-07,0.409831702709198,0.5104860067367554,-0.0074876784346997,0.4662528336048126,0.4122335612773895,-0.0265329387038946,0.4867382049560547,0.3220975995063782,-0.0436368025839328,0.475259780883789,0.2428081035614013,-0.0576179698109626,0.5486139059066772,0.4322634041309356,-0.0447563454508781,0.6280151605606079,0.5027948021888733,-0.0543878078460693,0.5964516401290894,0.5203683376312256,-0.0558048598468303,0.5607873201370239,0.504226803779602,-0.0575393699109554,0.5556565523147583,0.5107250809669495,-0.0513885803520679,0.6193841099739075,0.5709612369537354,-0.0462358221411705,0.5869575142860413,0.5769127607345581,-0.0355082340538501,0.5503783226013184,0.5622792840003967,-0.0344712808728218,0.5529160499572754,0.5920006036758423,-0.0559145510196685,0.6079919934272766,0.6334038972854614,-0.0435295775532722,0.5843616724014282,0.6362060308456421,-0.0258722938597202,0.5520283579826355,0.6250398755073547,-0.0227615088224411,0.5448689460754395,0.6652575731277466,-0.0612281188368797,0.5745359659194946,0.6779419779777527,-0.0489108674228191,0.54879230260849,0.6774879693984985,-0.0307346601039171,0.5219467878341675,0.6687122583389282,-0.0216661263257265,thumbs_up,RRQ_p39,RRQ
0.4299553632736206,0.5177306532859802,-4.591584854551911e-07,0.4820821285247803,0.4136114418506622,-0.0112319346517324,0.5204576849937439,0.2952214479446411,-0.0247329212725162,0.5281325578689575,0.2122879922389984,-0.0388753712177276,0.5094870328903198,0.1471044570207595,-0.0477105341851711,0.4887206256389618,0.2303100675344467,-0.04265071824193,0.5981229543685913,0.2728971838951111,-0.0821399688720703,0.5767353177070618,0.3215457797050476,-0.0975014716386795,0.5429034233093262,0.311335414648056,-0.1067740693688392,0.4644108712673187,0.2880527675151825,-0.0565514005720615,0.5922847986221313,0.3509993255138397,-0.0937508642673492,0.5600305199623108,0.3842800259590149,-0.0967149510979652,0.5286661386489868,0.3694753646850586,-0.1003023162484169,0.4507642388343811,0.3602372705936432,-0.0724605023860931,0.5728650689125061,0.4231747388839721,-0.1021839380264282,0.5393121242523193,0.4486713707447052,-0.0934443324804306,0.5103330016136169,0.4333539605140686,-0.0882200524210929,0.4457304179668426,0.4335106015205383,-0.0902093723416328,0.5490601658821106,0.474439799785614,-0.107467845082283,0.5248705744743347,0.4874534606933594,-0.1061991676688194,0.4918305575847626,0.47419473528862,-0.1059731021523475,thumbs_up,RRQ_p39,RRQ
0.7173280715942383,0.8828737735748291,7.824109502507781e-07,0.6521742343902588,0.8007444143295288,-0.0206005126237869,0.6149314045906067,0.6879895329475403,-0.0377760864794254,0.5977980494499207,0.5960637331008911,-0.0622414648532867,0.6237915754318237,0.5185785293579102,-0.0839965343475341,0.6564916372299194,0.5667298436164856,-0.0041493191383779,0.633930504322052,0.4388997554779053,-0.031449194997549,0.6220133304595947,0.368711918592453,-0.0464272201061248,0.6175697445869446,0.3044942319393158,-0.0559002123773098,0.7069277167320251,0.5697081089019775,-0.0183843784034252,0.7163813710212708,0.4079391360282898,-0.0560875087976455,0.7226384282112122,0.3146291673183441,-0.0792938768863678,0.7369337677955627,0.2357821464538574,-0.089630626142025,0.7539030909538269,0.6017870306968689,-0.0370271243155002,0.7207326292991638,0.5047447681427002,-0.0889406874775886,0.6669696569442749,0.580037534236908,-0.0936272516846656,0.6398152112960815,0.6475168466567993,-0.0805902406573295,0.7945395708084106,0.6471526026725769,-0.0571247674524784,0.7542713284492493,0.5727807283401489,-0.0926529765129089,0.7071987986564636,0.6062528491020203,-0.0899451002478599,0.6774402856826782,0.6479515433311462,-0.078795850276947,peace_sign,RRQ_p39,RRQ
0.7727925777435303,0.8228772878646851,7.821085432624386e-07,0.7924432158470154,0.6858116388320923,0.0442145206034183,0.7714718580245972,0.5941102504730225,0.0496830828487873,0.7267323732376099,0.55410236120224,0.0449581816792488,0.6843301653862,0.5469722747802734,0.0375984571874141,0.7767789959907532,0.530379056930542,-2.325877358089201e-05,0.7485828399658203,0.3854808509349823,-0.0165780093520879,0.7316165566444397,0.3006563484668731,-0.0245098173618316,0.7188687920570374,0.2372479438781738,-0.0252914279699325,0.7206771969795227,0.5527805685997009,-0.0244230218231678,0.6639196276664734,0.4026051759719848,-0.0370449163019657,0.6288266181945801,0.31331467628479,-0.040616363286972,0.5994817614555359,0.2514593601226806,-0.0402237251400947,0.6663874983787537,0.5929643511772156,-0.0411851964890956,0.6199368238449097,0.5236920714378357,-0.0333117879927158,0.6414983868598938,0.551407516002655,-0.0128585407510399,0.6590777039527893,0.5840892195701599,0.0045423940755426,0.6214280128479004,0.645704984664917,-0.0554635748267173,0.6050779223442078,0.5968601703643799,-0.0302957203239202,0.6236995458602905,0.6202934980392456,0.0010859719477593,0.6423496007919312,0.6497825384140015,0.0263504199683666,peace_sign,RRQ_p39,RRQ
0.4237458109855652,0.958391010761261,5.2359234814503e-07,0.3481075763702392,0.9068124890327454,-0.0084720524027943,0.293517529964447,0.8177008628845215,-0.0194240622222423,0.2563125491142273,0.7536211609840393,-0.0384377092123031,0.2493266314268112,0.6836485862731934,-0.0545812137424945,0.3406611382961273,0.6775425672531128,0.0096735516563057,0.2936069071292877,0.5862412452697754,-0.012938748113811,0.2629432082176208,0.5360832810401917,-0.0274639204144477,0.2408011555671692,0.4911671280860901,-0.0364837422966957,0.3825999796390533,0.6665427684783936,-0.0085131851956248,0.3591657876968384,0.5374479293823242,-0.0401331111788749,0.3397557139396667,0.4555988609790802,-0.0625606253743171,0.3265366852283478,0.3880445957183838,-0.0731424391269683,0.4206013977527618,0.6802930235862732,-0.0306665953248739,0.3401835560798645,0.6295371651649475,-0.0751319527626037,0.2935351729393005,0.6964650750160217,-0.0838437378406524,0.2736743688583374,0.7524424195289612,-0.0763067007064819,0.4446099996566772,0.7108274698257446,-0.0536526627838611,0.3653351962566376,0.6779805421829224,-0.0845749080181121,0.3232882618904114,0.7210001349449158,-0.0851542577147483,0.30279341340065,0.762999951839447,-0.0778651386499404,peace_sign,RRQ_p39,RRQ
0.7125982046127319,0.8447393178939819,9.203384934153292e-07,0.6685768365859985,0.755321741104126,-0.0289928987622261,0.6701608896255493,0.6402570605278015,-0.0512989312410354,0.6875919103622437,0.5477458238601685,-0.0780407488346099,0.7357538938522339,0.490715891122818,-0.1019508689641952,0.7386538982391357,0.5398699045181274,-0.0258740130811929,0.773851215839386,0.4121192991733551,-0.0603487119078636,0.801888108253479,0.3461027145385742,-0.0788582488894462,0.8316830992698669,0.2909485995769501,-0.0900261625647544,0.7836403846740723,0.5664825439453125,-0.0359467975795269,0.8495170474052429,0.4211012721061706,-0.0764923766255378,0.8901967406272888,0.3492618203163147,-0.0987515524029731,0.9307133555412292,0.2914758622646332,-0.1088461354374885,0.8166166543960571,0.6188237071037292,-0.0500345043838024,0.8284585475921631,0.5158097743988037,-0.0994629487395286,0.7652993202209473,0.5606425404548645,-0.1000352129340171,0.7240308523178101,0.6040537357330322,-0.0863043069839477,0.8415761590003967,0.6829397678375244,-0.0666369572281837,0.8399826288223267,0.6064684391021729,-0.1002868190407753,0.7970453500747681,0.6137301325798035,-0.0968441441655159,0.7621747851371765,0.6298078894615173,-0.0862807035446167,peace_sign,RRQ_p39,RRQ
0.614407479763031,0.8761333227157593,6.587446250705398e-07,0.5360394716262817,0.8331218361854553,-0.0156219918280839,0.4744256734848022,0.7437438368797302,-0.0307780187577009,0.4373309314250946,0.677219808101654,-0.0531322248280048,0.4290372431278229,0.607721745967865,-0.072777584195137,0.5012873411178589,0.5947015881538391,-0.0102974399924278,0.4532521963119507,0.4869976639747619,-0.0400666519999504,0.4313459098339081,0.4257708191871643,-0.0561785884201526,0.4177370071411133,0.3661710619926452,-0.065897636115551,0.548506498336792,0.5767988562583923,-0.0275131054222583,0.5108132362365723,0.4360760748386383,-0.0665005594491958,0.491168737411499,0.3523052036762237,-0.0890996381640434,0.4784471392631531,0.2786622941493988,-0.0985772311687469,0.5958684682846069,0.5876299738883972,-0.0481986440718174,0.5110816955566406,0.5425617694854736,-0.1005723178386688,0.4707778692245483,0.6352386474609375,-0.1058138236403465,0.4568456411361694,0.7082144021987915,-0.0937063694000244,0.6320359706878662,0.6218155026435852,-0.0703552067279815,0.5578791499137878,0.6025409698486328,-0.1073658838868141,0.512528121471405,0.6521503329277039,-0.1076878383755683,0.4875071942806244,0.6971957683563232,-0.098962128162384,peace_sign,RRQ_p39,RRQ
0.7059153318405151,0.5984781980514526,7.62196123105241e-07,0.6663758754730225,0.5298685431480408,-0.0239711795002222,0.6661636829376221,0.439305305480957,-0.0422340743243694,0.686587393283844,0.3679107427597046,-0.0631865710020065,0.7226265668869019,0.318537175655365,-0.0823149532079696,0.7064637541770935,0.3386936485767364,-0.0241312943398952,0.7305824160575867,0.233063668012619,-0.052507396787405,0.7502454519271851,0.1745190620422363,-0.0688320621848106,0.7703638672828674,0.125942975282669,-0.0788745060563087,0.7459506392478943,0.3577782213687897,-0.0331419706344604,0.7935999631881714,0.2338721007108688,-0.0648713335394859,0.8242438435554504,0.168027862906456,-0.0843342319130897,0.8538610935211182,0.1167216300964355,-0.0944546908140182,0.7760323286056519,0.4002546072006225,-0.0449983067810535,0.7873683571815491,0.3210069239139557,-0.0859409123659133,0.7436303496360779,0.3632536828517914,-0.0895259380340576,0.7156018614768982,0.4032831788063049,-0.0812746286392211,0.7975354194641113,0.4536204636096954,-0.0585214085876941,0.7894335389137268,0.3981760144233703,-0.0894156321883201,0.7547972202301025,0.4191862940788269,-0.0876684114336967,0.7305896878242493,0.4456764757633209,-0.0794625580310821,peace_sign,RRQ_p39,RRQ
0.4461634755134582,0.4980491995811462,5.293651383908582e-07,0.3888008594512939,0.4839511513710022,-0.0161505248397588,0.3408317267894745,0.4395435154438019,-0.0305084232240915,0.3092602789402008,0.3971093893051147,-0.0490342564880847,0.3056073784828186,0.3476247191429138,-0.0660212114453315,0.328460156917572,0.3485720455646515,-0.01606085896492,0.2814139425754547,0.2837224006652832,-0.0415608920156955,0.2542299330234527,0.2449598014354705,-0.0563127994537353,0.2339606285095214,0.2067451030015945,-0.0650782883167266,0.3581878840923309,0.3250160813331604,-0.0259200986474752,0.3165801763534546,0.2294643223285675,-0.0551090762019157,0.291154682636261,0.1736902594566345,-0.0721843838691711,0.2748728096485138,0.1247685700654983,-0.079927958548069,0.3940584361553192,0.3237917423248291,-0.0382138490676879,0.3510160744190216,0.2965431809425354,-0.0739641785621643,0.3418891429901123,0.3582850694656372,-0.0764660239219665,0.3444076776504516,0.4044301211833954,-0.0675377175211906,0.4270781874656677,0.3389861285686493,-0.0519489981234073,0.3899247646331787,0.3276211619377136,-0.0757454186677932,0.3719604909420013,0.3605462908744812,-0.0734446942806243,0.3648220002651214,0.3888337910175323,-0.0655457526445388,peace_sign,RRQ_p39,RRQ
0.4190341234207153,0.6076710224151611,5.784607424175192e-07,0.3653838038444519,0.6312344074249268,-0.0207962710410356,0.3099614083766937,0.6332588195800781,-0.0414367988705635,0.2715641856193542,0.6294236183166504,-0.0646154880523681,0.2450750470161438,0.5982248783111572,-0.0858966186642646,0.2645928561687469,0.5261380672454834,-0.0319906175136566,0.197852611541748,0.5124194025993347,-0.061524424701929,0.1552881151437759,0.5054891109466553,-0.078121542930603,0.1193625032901763,0.4932971596717834,-0.0880582481622695,0.2880485951900482,0.4823343157768249,-0.0415626838803291,0.2221690416336059,0.4242392778396606,-0.0759017989039421,0.1820109635591507,0.38133305311203,-0.0954863205552101,0.1509911268949508,0.340851366519928,-0.1041573286056518,0.3213063776493072,0.463942676782608,-0.0528480187058448,0.2700963914394378,0.5080937743186951,-0.0924367010593414,0.2770509123802185,0.580061674118042,-0.0949820578098297,0.2903209626674652,0.6232613325119019,-0.0857777595520019,0.3538023233413696,0.4702477753162384,-0.0658397898077964,0.3131822347640991,0.5278933644294739,-0.0916935950517654,0.3112611174583435,0.5801998376846313,-0.088657759130001,0.3164668083190918,0.6119696497917175,-0.0798585340380668,peace_sign,RRQ_p39,RRQ
0.342040091753006,0.8599255681037903,5.982577704344294e-07,0.3994989395141601,0.8150392770767212,-0.0372340343892574,0.4267653524875641,0.7333142161369324,-0.0528567098081111,0.427693247795105,0.6595924496650696,-0.069117322564125,0.3941986858844757,0.6033008098602295,-0.0840746685862541,0.4069240987300873,0.5875185132026672,-0.0256066583096981,0.4273220896720886,0.4811122119426727,-0.0538481473922729,0.4380772113800049,0.4143144488334656,-0.0735995396971702,0.4437265396118164,0.353860467672348,-0.0862273797392845,0.3626628518104553,0.5838668346405029,-0.0296836122870445,0.3562333881855011,0.4602992236614227,-0.0620701499283313,0.3543443381786346,0.3807772397994995,-0.0851687490940094,0.3494772911071777,0.3140882849693298,-0.0989193990826606,0.3209072053432464,0.6099317073822021,-0.0387472063302993,0.3167957961559295,0.534351110458374,-0.0847524926066398,0.3470669388771057,0.583795964717865,-0.0981700867414474,0.3670639395713806,0.6326529383659363,-0.0951147526502609,0.2799382209777832,0.652006208896637,-0.0508129559457302,0.2739831209182739,0.5811951160430908,-0.08529544621706,0.2978737652301788,0.5982009172439575,-0.0898552909493446,0.3181893527507782,0.6302875876426697,-0.0860402062535286,peace_sign,RRQ_p39,RRQ
0.3230855762958526,0.655336320400238,5.931642590439878e-07,0.3678748607635498,0.5974855422973633,-0.0558643750846385,0.3755412995815277,0.5153461694717407,-0.0790858119726181,0.3526093065738678,0.4437139630317688,-0.0993374958634376,0.3108155131340027,0.3828949332237243,-0.117112286388874,0.3456780910491943,0.3759161233901977,-0.034802958369255,0.3413659334182739,0.2716569900512695,-0.0624060928821563,0.3331884145736694,0.2029128223657608,-0.084114983677864,0.3254883885383606,0.1441366672515869,-0.0992538407444953,0.3001649677753448,0.3824421465396881,-0.0297343749552965,0.2672613561153412,0.2737683951854706,-0.0598575547337532,0.2445423603057861,0.1971143037080764,-0.0868681445717811,0.226885050535202,0.1321410834789276,-0.1055930107831955,0.2619702219963074,0.4156967401504516,-0.0315218158066272,0.2372491806745529,0.3403246402740478,-0.076748177409172,0.2609036564826965,0.3711108565330505,-0.0995787978172302,0.282403826713562,0.4128405153751373,-0.1051869466900825,0.228447139263153,0.4616788923740387,-0.0378655456006526,0.1962731480598449,0.3949770927429199,-0.0762851387262344,0.2116923183202743,0.3981257677078247,-0.0912803709506988,0.2325257956981659,0.4215174615383148,-0.0959426686167717,peace_sign,RRQ_p39,RRQ
0.5720025300979614,0.7084875106811523,5.931854616392229e-07,0.6365693807601929,0.6936758756637573,-0.0310419145971536,0.6952314376831055,0.6476515531539917,-0.0467209927737712,0.7346732020378113,0.5957072973251343,-0.0632524192333221,0.7350754737854004,0.5309282541275024,-0.0784420818090438,0.7008626461029053,0.5195474028587341,-0.0245568752288818,0.7549110651016235,0.4324023127555847,-0.0492537505924701,0.7870492339134216,0.38551926612854,-0.0653007477521896,0.8138900995254517,0.3380054533481598,-0.0746921151876449,0.6694597601890564,0.4943467378616333,-0.0288734287023544,0.7097966074943542,0.374474823474884,-0.0560873784124851,0.7363187074661255,0.3069901466369629,-0.0736714974045753,0.7542574405670166,0.2503327131271362,-0.0834269896149635,0.6309605240821838,0.4949311912059784,-0.0372177138924598,0.6715618371963501,0.4322088658809662,-0.0755207240581512,0.6874111294746399,0.4914508759975433,-0.0817349776625633,0.690676748752594,0.5421090722084045,-0.0750104859471321,0.5897097587585449,0.5080438256263733,-0.0484125614166259,0.6166814565658569,0.443284809589386,-0.0752598866820335,0.6469686627388,0.4597364962100982,-0.0754311606287956,0.6689284443855286,0.4875500202178955,-0.069632664322853,peace_sign,RRQ_p39,RRQ
0.5727766156196594,0.7004328370094299,4.798314421350369e-07,0.5571359992027283,0.593303382396698,0.0027662287466228,0.5922149419784546,0.5180748701095581,0.0073739131912589,0.6401868462562561,0.4996196031570434,0.0128498524427413,0.6714240908622742,0.5061765313148499,0.0189009960740804,0.6457687020301819,0.4880989193916321,-0.0146957486867904,0.6944928169250488,0.3828084170818329,-0.0136912446469068,0.7234305739402771,0.3289263844490051,-0.0078556472435593,0.7452216148376465,0.2896966934204101,-0.0018471962539479,0.6854507327079773,0.5242249965667725,-0.0124685494229197,0.7442842125892639,0.4345377087593078,-0.0110447173938155,0.779632568359375,0.3842388093471527,-0.0091557335108518,0.8074237704277039,0.3525059223175049,-0.0062376367859542,0.7066894769668579,0.5680118799209595,-0.0072286240756511,0.705174446105957,0.52051842212677,-0.00257527991198,0.6802451610565186,0.524511992931366,-0.0005178942810744,0.660822868347168,0.5443024039268494,0.0037281708791851,0.7139392495155334,0.6023991107940674,-0.0014804726233705,0.699683427810669,0.5621054768562317,0.0047479486092925,0.6799280047416687,0.5661710500717163,0.0112094320356845,0.6653973460197449,0.5865727066993713,0.0185593906790018,peace_sign,RRQ_p39,RRQ
0.3231870532035827,0.8254866600036621,4.519833112226479e-07,0.306477814912796,0.6940751075744629,0.0374743044376373,0.3344284296035766,0.6088598966598511,0.0401116833090782,0.3795428276062011,0.5584458112716675,0.0372092984616756,0.4216300547122955,0.5421819686889648,0.0349484235048294,0.3425030708312988,0.557292103767395,-0.0229894835501909,0.3655925393104553,0.4252541363239288,-0.0488500781357288,0.383054107427597,0.3380069732666015,-0.0688075125217437,0.4023937880992889,0.2756948471069336,-0.0812737345695495,0.3915227949619293,0.5892640352249146,-0.0415486134588718,0.4496726393699646,0.4558347463607788,-0.0637874603271484,0.488054484128952,0.3706026673316955,-0.0763230770826339,0.5160514712333679,0.3151176273822784,-0.0856977328658104,0.4375869333744049,0.6301277875900269,-0.0507197938859462,0.4921167492866516,0.5254737734794617,-0.0418055951595306,0.4730137586593628,0.5323082208633423,-0.0124140670523047,0.4482977986335754,0.5585394501686096,0.0072462391108274,0.4710160493850708,0.6754840612411499,-0.0586865730583667,0.4997944235801697,0.5946359038352966,-0.0350373499095439,0.4824998676776886,0.5934469699859619,-0.0021086179185658,0.4664857983589172,0.6142417788505554,0.0229350440204143,peace_sign,RRQ_p39,RRQ
0.3136081397533417,0.7542041540145874,5.073781039754977e-07,0.3751379549503326,0.6880963444709778,-0.0093327760696411,0.4034067988395691,0.6099842190742493,-0.0202115233987569,0.4152444899082184,0.5341169834136963,-0.0386921018362045,0.37800133228302,0.5043099522590637,-0.057548202574253,0.3434439599514007,0.5011860728263855,-0.0052619208581745,0.3558546900749206,0.394695907831192,-0.0234572310000658,0.3622793853282928,0.3359201848506927,-0.0358750782907009,0.3647446036338806,0.278881162405014,-0.0459351390600204,0.3097146153450012,0.5046775937080383,-0.0233551692217588,0.2931329607963562,0.3862116634845733,-0.0522677823901176,0.2830170691013336,0.3137952983379364,-0.0744646787643432,0.2700469493865967,0.2483788430690765,-0.089091844856739,0.2839756309986114,0.5326520800590515,-0.0431891232728958,0.2910881340503692,0.4549903273582458,-0.0841277837753295,0.3352439403533935,0.4964447021484375,-0.0966018661856651,0.3637342154979706,0.5401937961578369,-0.0952465087175369,0.264176070690155,0.5725201964378357,-0.0638834089040756,0.2689506709575653,0.5026328563690186,-0.0952711030840873,0.3085614144802093,0.5053473114967346,-0.1025835275650024,0.344847023487091,0.5291552543640137,-0.1027032881975174,peace_sign,RRQ_p39,RRQ
0.2246915698051452,0.9835864901542664,6.726909873577824e-07,0.1987701207399368,0.8601438403129578,0.0234226938337087,0.2222160398960113,0.7640833854675293,0.0150661962106823,0.2668107450008392,0.706017792224884,0.0044049322605133,0.3083598911762237,0.6796473264694214,-0.0036883424036204,0.2108481228351593,0.7209867238998413,-0.0513634905219078,0.2328995764255523,0.5899654626846313,-0.0893033891916275,0.2476216256618499,0.5040727853775024,-0.1170504838228225,0.2651821374893188,0.440932035446167,-0.1346729695796966,0.2559754848480224,0.7551029920578003,-0.0675327628850936,0.3061403930187225,0.6127880215644836,-0.1046482026576995,0.3402133882045746,0.5257822275161743,-0.1204610913991928,0.3683435320854187,0.4664431512355804,-0.1305588036775589,0.3040928542613983,0.7919971346855164,-0.074819840490818,0.3714639246463775,0.679449200630188,-0.0800417810678482,0.3554662466049194,0.6764752864837646,-0.0462255738675594,0.3282323777675628,0.6996368765830994,-0.02012156881392,0.3427762687206268,0.8312277793884277,-0.0823247656226158,0.399480789899826,0.7337823510169983,-0.0735241994261741,0.3914621770381927,0.7117568850517273,-0.0427083633840084,0.3733547329902649,0.7138146758079529,-0.0160644110292196,peace_sign,RRQ_p39,RRQ
0.7506386637687683,0.4840413630008697,-6.231163496295268e-08,0.687259316444397,0.4727896749973297,0.000507551303599,0.6347137093544006,0.4223291277885437,0.0074025397188961,0.6068821549415588,0.368068128824234,0.0083615658804774,0.606997013092041,0.3217868208885193,0.0102000311017036,0.6612519025802612,0.3532174825668335,0.0442065596580505,0.6385248303413391,0.31038299202919,0.0363696590065956,0.6170332431793213,0.2894476652145386,0.0246183592826128,0.6024547219276428,0.2857684791088104,0.0171605832874774,0.6855862736701965,0.3331014513969421,0.0356735065579414,0.6666713953018188,0.2635955214500427,0.0188373569399118,0.644241452217102,0.2686535716056824,0.0030376277863979,0.632318377494812,0.2953633368015289,-0.0010159333469346,0.7141178846359253,0.3212194740772247,0.023030187934637,0.6868780851364136,0.2630159854888916,0.000712156179361,0.6801289916038513,0.3077589571475982,-0.0056605846621096,0.687892496585846,0.353028267621994,-0.0005808548885397,0.7488441467285156,0.3174520134925842,0.0102323777973651,0.7178003191947937,0.2869703769683838,-0.0049475734122097,0.7083442807197571,0.3247411251068115,-0.0042908433824777,0.7146701216697693,0.3626455068588257,0.0019788874778896,neutral,RRQ_p39,RRQ
0.7069005966186523,0.8763467073440552,-2.4306038426402665e-07,0.653655469417572,0.7990154027938843,0.0145353153347969,0.643919825553894,0.6981422901153564,0.0242737215012311,0.6474628448486328,0.6286845803260803,0.0239477846771478,0.6526162624359131,0.5821104645729065,0.0231230612844228,0.7059603333473206,0.6418595314025879,0.0465753860771656,0.7015385627746582,0.5694193840026855,0.0359305702149868,0.6796023845672607,0.5380815267562866,0.0230848342180252,0.6526209115982056,0.5139113068580627,0.0145483408123254,0.7358594536781311,0.6376237869262695,0.0260986424982547,0.7359578013420105,0.5375872254371643,0.0066444491967558,0.7030020952224731,0.485442042350769,-0.0120866429060697,0.6631677150726318,0.4541226029396057,-0.0205931384116411,0.7661715745925903,0.6477020978927612,0.0022269024048,0.730343222618103,0.5565485954284668,-0.0299884509295225,0.6706414222717285,0.5627559423446655,-0.0477869398891925,0.6216007471084595,0.5828630924224854,-0.0508513934910297,0.7912333011627197,0.6686298847198486,-0.0199637208133935,0.7371076941490173,0.6057543158531189,-0.0456970259547233,0.6864655017852783,0.6189610958099365,-0.0538128241896629,0.6488879919052124,0.6435593962669373,-0.0544806942343711,neutral,RRQ_p39,RRQ
0.7369486689567566,0.8676072955131531,-6.975331530156836e-07,0.6798113584518433,0.8073664307594299,0.0024685200769454,0.6391599774360657,0.7283490896224976,-0.0073770098388195,0.5939654111862183,0.6855425238609314,-0.026554699987173,0.554699182510376,0.6602634191513062,-0.0439542755484581,0.7305558323860168,0.5968039035797119,0.0178862567991018,0.697401762008667,0.5078825354576111,-0.013755926862359,0.6475034952163696,0.530717670917511,-0.0349347852170467,0.6228302717208862,0.576590359210968,-0.0445538461208343,0.7574577331542969,0.597274899482727,-0.0008434570627287,0.6943624019622803,0.5067358016967773,-0.0306664202362298,0.6407749056816101,0.5540286302566528,-0.0411036200821399,0.626494824886322,0.6049460768699646,-0.0412183888256549,0.7779738306999207,0.6112608313560486,-0.0246780011802911,0.6961942315101624,0.5460690259933472,-0.0519586578011512,0.6493059396743774,0.6048312783241272,-0.050784882158041,0.6412848234176636,0.6602327823638916,-0.0428390242159366,0.7881919145584106,0.6355081796646118,-0.0497133731842041,0.7150276899337769,0.5932391285896301,-0.0664436146616935,0.6757174134254456,0.6276243329048157,-0.0637713298201561,0.6648401618003845,0.6674253940582275,-0.0569255761802196,neutral,RRQ_p39,RRQ
0.7215226888656616,0.8288347721099854,-8.166977494283857e-08,0.7322119474411011,0.7236172556877136,0.0423113964498043,0.7132005095481873,0.664210855960846,0.0621383897960186,0.6837682723999023,0.6476677656173706,0.0748932808637619,0.6524559855461121,0.6456910371780396,0.0887704342603683,0.6896218657493591,0.6178296208381653,0.0301811508834362,0.6570917963981628,0.5357796549797058,0.0356778763234615,0.6309699416160583,0.5291672945022583,0.0513018928468227,0.6266399025917053,0.5562983155250549,0.0683627277612686,0.6494276523590088,0.6367573142051697,0.013707922771573,0.5920222997665405,0.5629667639732361,0.020786402747035,0.5648152828216553,0.556537926197052,0.0418600589036941,0.561022937297821,0.5774185657501221,0.0622799731791019,0.6179011464118958,0.6708675622940063,-2.1143783669685945e-05,0.5630223155021667,0.5926899909973145,0.0054821078665554,0.543895423412323,0.5842996835708618,0.025228364393115,0.5440400838851929,0.5977931618690491,0.0437854006886482,0.5959818363189697,0.7129368782043457,-0.009325454942882,0.5514603853225708,0.6507564187049866,-0.0089807314798235,0.5325207114219666,0.6339529156684875,0.0027085137553513,0.5302178859710693,0.6379665732383728,0.0181015599519014,neutral,RRQ_p39,RRQ
0.7474724054336548,0.8507750034332275,-5.511189442586328e-07,0.6765537261962891,0.8033311367034912,0.0068236445076763,0.6334030032157898,0.7280787229537964,0.0068912887945771,0.5984712243080139,0.6778171062469482,-0.0020887670107185,0.5629647374153137,0.646882176399231,-0.0118573140352964,0.6616164445877075,0.6464387774467468,0.0367384441196918,0.618478536605835,0.5843441486358643,0.014029050245881,0.5790061354637146,0.6015466451644897,-0.0087487250566482,0.5573835372924805,0.6337006092071533,-0.0218544322997331,0.6839220523834229,0.6282901167869568,0.0176932252943515,0.6362438201904297,0.5463639497756958,-0.0071427994407713,0.5845932364463806,0.5748491883277893,-0.0285651851445436,0.5558224320411682,0.618535578250885,-0.0385633893311023,0.7144313454627991,0.621383011341095,-0.0055801575072109,0.663443922996521,0.5205464959144592,-0.0324238575994968,0.6250526905059814,0.5651938319206238,-0.0419514998793602,0.6142544746398926,0.6181977391242981,-0.0423486270010471,0.7461393475532532,0.6261382102966309,-0.0287657529115676,0.6812556385993958,0.5830165147781372,-0.0489679500460624,0.6539520025253296,0.6237602233886719,-0.0505990907549858,0.654671847820282,0.6693732142448425,-0.0475768223404884,neutral,RRQ_p39,RRQ
0.692936360836029,0.8331121206283569,-6.411374329218233e-07,0.6505780816078186,0.7283695340156555,0.013745667412877,0.6496157050132751,0.6069667339324951,0.0172846745699644,0.6606279015541077,0.5218604803085327,0.0072844112291932,0.6802966594696045,0.4515939652919769,-0.0022235140204429,0.7349537014961243,0.5531322360038757,0.0531927645206451,0.7494102120399475,0.4572537541389465,0.024638582020998,0.7195046544075012,0.4214145839214325,0.0099847679957747,0.7006722092628479,0.4111188650131225,0.0047633345238864,0.7662485241889954,0.5685282945632935,0.027078878134489,0.7659947872161865,0.4516275525093078,-0.0144920153543353,0.7028738260269165,0.4961288571357727,-0.0223163664340972,0.6917330026626587,0.5410387516021729,-0.0111158601939678,0.7959343194961548,0.5993340611457825,-0.0054561831057071,0.7603579163551331,0.5140818953514099,-0.0476139560341835,0.706973671913147,0.5827330946922302,-0.0372199080884456,0.7153345346450806,0.6297041177749634,-0.0145152965560555,0.8224645853042603,0.6419073939323425,-0.0380281060934066,0.7777903079986572,0.5659085512161255,-0.0591204389929771,0.7327876687049866,0.607368528842926,-0.0459328480064868,0.7392376661300659,0.6479461789131165,-0.0280456151813268,neutral,RRQ_p39,RRQ
0.706904411315918,0.8245236277580261,-3.374634900410456e-07,0.7175585031509399,0.7175201177597046,0.0308374259620904,0.6913928985595703,0.6455522179603577,0.0411911644041538,0.6463069915771484,0.6140028238296509,0.0460531860589981,0.609289824962616,0.6241343021392822,0.0498998276889324,0.6560003757476807,0.5778250098228455,0.0201158393174409,0.5914282202720642,0.5518203973770142,0.0303875599056482,0.5950397253036499,0.5923337936401367,0.0369804576039314,0.6143079996109009,0.617220401763916,0.0406623408198356,0.6154274344444275,0.60854172706604,0.0066207600757479,0.55986088514328,0.5925371646881104,0.0248454306274652,0.5688260793685913,0.6299265027046204,0.0355826020240783,0.5920483469963074,0.6502342224121094,0.0392784401774406,0.5824125409126282,0.6543079614639282,-0.002809825586155,0.5426129102706909,0.647520124912262,0.0191804263740777,0.557310163974762,0.6801446676254272,0.0303973834961652,0.5796031355857849,0.6963320374488831,0.030963821336627,0.5587112307548523,0.7070644497871399,-0.010112602263689,0.5375872254371643,0.7060816884040833,0.0077174329198896,0.5562060475349426,0.7332277297973633,0.0209250524640083,0.5771057605743408,0.7475211024284363,0.0283734630793333,neutral,RRQ_p39,RRQ
0.7676931023597717,0.8337021470069885,-6.653929176536622e-07,0.7717114686965942,0.7135434150695801,0.0410786792635917,0.7421628832817078,0.6281647682189941,0.0489858128130435,0.6904585957527161,0.5855429768562317,0.0474314764142036,0.6435755491256714,0.5821900367736816,0.0426991954445838,0.7515016794204712,0.5559242367744446,0.016408672556281,0.6566277742385864,0.5138254761695862,0.0153792295604944,0.6108601093292236,0.5480960011482239,0.0179370362311601,0.5929011702537537,0.5773960947990417,0.0199379585683345,0.7267324328422546,0.5680952072143555,-0.0087407901883125,0.6230244040489197,0.5244504809379578,-0.0024978225119411,0.587618887424469,0.5743999481201172,0.0061371796764433,0.5809826254844666,0.616461992263794,0.0089882807806134,0.6972118616104126,0.5972843766212463,-0.0292448475956916,0.5982030630111694,0.5947988033294678,-0.0169315319508314,0.588127613067627,0.6541444659233093,-0.0051283491775393,0.6008545160293579,0.6891003251075745,-0.003744165180251,0.6641424298286438,0.6395063400268555,-0.0471462123095989,0.5916256308555603,0.6392151713371277,-0.0391750521957874,0.5875087976455688,0.6832748651504517,-0.0291606746613979,0.5972089767456055,0.7104536294937134,-0.0241722203791141,neutral,RRQ_p39,RRQ
0.7318628430366516,0.8579766154289246,-6.39100164789852e-07,0.6930837631225586,0.8098048567771912,0.0579855553805828,0.6420683860778809,0.770218551158905,0.0803675502538681,0.5956681370735168,0.7629725933074951,0.0874897688627243,0.5589276552200317,0.7713333964347839,0.0934844240546226,0.6256765723228455,0.657533586025238,0.0692623853683471,0.5466582179069519,0.6381638050079346,0.0770608261227607,0.5342993140220642,0.678148090839386,0.0787209048867225,0.5457930564880371,0.7064040303230286,0.0789321064949035,0.6142218708992004,0.6613609194755554,0.0384501442313194,0.5239624381065369,0.661054790019989,0.0524708293378353,0.5198740363121033,0.7103114128112793,0.0579062514007091,0.5387393832206726,0.7355763912200928,0.0579138956964015,0.6051186919212341,0.6875038743019104,0.0096826264634728,0.5157690048217773,0.7018815279006958,0.0236254874616861,0.5172339081764221,0.7560166120529175,0.0316710025072097,0.5356012582778931,0.7774120569229126,0.0309932492673397,0.5944958925247192,0.7295181751251221,-0.015534995123744,0.5255653858184814,0.7530772089958191,-0.0037813165690749,0.5265795588493347,0.7964972853660583,0.0046044350601732,0.5430299639701843,0.8170698285102844,0.0070137935690581,neutral,RRQ_p39,RRQ
0.25308358669281,0.8546371459960938,-2.3396284021259817e-08,0.3298418521881103,0.798092782497406,0.0465858578681945,0.3717622756958008,0.732028067111969,0.0620818696916103,0.4143398404121399,0.6964280009269714,0.0627535283565521,0.4507454335689544,0.6751935482025146,0.0626833885908126,0.289564698934555,0.6011984944343567,0.0571662001311779,0.3807193040847778,0.5688008666038513,0.0518243759870529,0.4314373135566711,0.5960348844528198,0.0397454425692558,0.4588914811611175,0.6321128010749817,0.0319663435220718,0.2881068289279938,0.5997611880302429,0.0238302107900381,0.3960083127021789,0.5640506148338318,0.0223156437277793,0.4466770589351654,0.5981494188308716,0.0120960175991058,0.4678669571876526,0.6406478881835938,0.0048207486979663,0.3024563789367676,0.6215806603431702,-0.0081926854327321,0.4007498621940613,0.5685928463935852,-0.0095595167949795,0.4526798129081726,0.6019682288169861,-0.0102406498044729,0.4738698005676269,0.6435433030128479,-0.0100755933672189,0.3293812870979309,0.6576335430145264,-0.0376337133347988,0.3981212377548218,0.5946073532104492,-0.0394278056919574,0.4414443671703338,0.6054725050926208,-0.0344266518950462,0.4677680730819702,0.6336052417755127,-0.0295105446130037,neutral,RRQ_p39,RRQ
0.16672945022583,0.8480507731437683,1.2185630282601778e-07,0.2490016371011734,0.7739074230194092,0.0301146917045116,0.2835664749145508,0.6925634145736694,0.0370371118187904,0.3240524232387543,0.645385205745697,0.031164726242423,0.3588283658027649,0.607021689414978,0.0261401999741792,0.1840719133615493,0.5793606638908386,0.0473942086100578,0.2751729786396026,0.5251922011375427,0.0299877598881721,0.3325785398483276,0.5465375781059265,0.0070720328949391,0.3648001253604889,0.5843645334243774,-0.0063129002228379,0.1761848628520965,0.5800521969795227,0.019912302494049,0.2829053997993469,0.5162280201911926,0.0060248686932027,0.3424485325813293,0.549625039100647,-0.0126511435955762,0.3700272738933563,0.5974566340446472,-0.0232245679944753,0.1868863403797149,0.5956125855445862,-0.0081002293154597,0.2843233048915863,0.5188924074172974,-0.0174860712140798,0.3407395482063293,0.5494717955589294,-0.0210563298314809,0.3632671236991882,0.5934773087501526,-0.0204196404665708,0.2115120142698288,0.6207466125488281,-0.035130925476551,0.2842038571834564,0.5470850467681885,-0.0367214865982532,0.3263693749904632,0.5598800182342529,-0.0288047790527343,0.3468818366527557,0.5885626077651978,-0.0209922138601541,neutral,RRQ_p39,RRQ
0.0880399867892265,0.8498327732086182,-3.2089008072944125e-07,0.0869954377412796,0.7235783338546753,0.1239318698644638,0.1003730744123458,0.6220886707305908,0.1673786491155624,0.1357719898223877,0.5607083439826965,0.1853074878454208,0.1732344329357147,0.525766909122467,0.2007772624492645,0.0729814022779464,0.521924614906311,0.0954375639557838,0.1580037623643875,0.4390931725502014,0.1216071993112564,0.2062035202980041,0.4584178030490875,0.1433076411485672,0.2284397035837173,0.4907964468002319,0.1591916233301162,0.1008094698190689,0.5348144769668579,0.0339432246983051,0.2023941129446029,0.4456014335155487,0.068375714123249,0.2523101270198822,0.4764471650123596,0.0986442267894744,0.2614363729953766,0.5165926814079285,0.1176607683300972,0.1368542611598968,0.5644559264183044,-0.017607856541872,0.2351036667823791,0.4668961763381958,0.018021123483777,0.2803038954734802,0.4937191307544708,0.0567517466843128,0.2895008325576782,0.5338426828384399,0.0787761211395263,0.1791188716888427,0.602234959602356,-0.0600660778582096,0.2500950992107391,0.5096729397773743,-0.023956311866641,0.2851053476333618,0.51971834897995,0.0141705581918358,0.2982316017150879,0.5511934757232666,0.0410455167293548,neutral,RRQ_p39,RRQ
0.4982107579708099,0.9659327864646912,-2.0116678456361117e-07,0.5253866314888,0.8765767812728882,0.0874744653701782,0.5611340403556824,0.8066578507423401,0.1176342740654945,0.6035555005073547,0.7755129337310791,0.1244840696454048,0.6415212154388428,0.7531863451004028,0.1286565214395523,0.5453771948814392,0.7281202673912048,0.0892504900693893,0.6243875622749329,0.663957953453064,0.0968901589512825,0.6668139100074768,0.6908127665519714,0.1006369516253471,0.683616578578949,0.728050172328949,0.1054835096001625,0.5560173988342285,0.7327574491500854,0.0396719761192798,0.6560356020927429,0.6696726679801941,0.0493649989366531,0.6990002989768982,0.7220337986946106,0.0550910048186779,0.7032639384269714,0.7746278643608093,0.0604013577103614,0.573518693447113,0.7542871832847595,-0.0055923899635672,0.675464391708374,0.6910244822502136,0.0052407630719244,0.7151857614517212,0.7478777170181274,0.0193597432225942,0.7171697020530701,0.8024520874023438,0.0293716099113225,0.5979166030883789,0.7855222225189209,-0.0449600033462047,0.6746447086334229,0.7280263304710388,-0.0308841038495302,0.7042814493179321,0.7636387348175049,-0.012440113350749,0.7076296806335449,0.8100981116294861,0.0012802765704691,neutral,RRQ_p39,RRQ
0.2268833220005035,0.8792266249656677,7.304076348191302e-07,0.3023600876331329,0.7530012130737305,0.0170378033071756,0.3226557970046997,0.6504628658294678,0.0059606861323118,0.3295071721076965,0.5770182609558105,-0.013381065800786,0.3531258106231689,0.520659863948822,-0.0328837186098098,0.2198940217494964,0.5442399382591248,-0.0374449007213115,0.2418334484100341,0.4234653115272522,-0.083049789071083,0.2969760298728943,0.3723432421684265,-0.1137139946222305,0.3496606349945068,0.3519751727581024,-0.1309545189142227,0.2068131566047668,0.5847457051277161,-0.0670943409204483,0.3115806579589844,0.4864594042301178,-0.1148741096258163,0.3896344900131225,0.4539810419082641,-0.1348206400871276,0.4448359608650207,0.4427139163017273,-0.1441453397274017,0.2182582914829254,0.6430320739746094,-0.0949613973498344,0.3452000021934509,0.5847441554069519,-0.1368955075740814,0.4192478060722351,0.575844407081604,-0.1443415284156799,0.470242440700531,0.5741062760353088,-0.1432749181985855,0.2441234141588211,0.7058101892471313,-0.1211385950446128,0.3510579764842987,0.6796806454658508,-0.1431947350502014,0.4015690088272095,0.6791956424713135,-0.1396141052246093,0.4371669590473175,0.6777471303939819,-0.1325935870409011,neutral,RRQ_p39,RRQ
0.5151343941688538,0.923988401889801,2.196624961925409e-07,0.5867922306060791,0.8684901595115662,0.0560905598104,0.6331601738929749,0.8069455623626709,0.0776665434241294,0.6798701882362366,0.7654309868812561,0.0833473950624466,0.7114405632019043,0.739505410194397,0.0883752927184104,0.5579687356948853,0.672904372215271,0.0772580727934837,0.6491764187812805,0.6381800770759583,0.0895458906888961,0.7024437189102173,0.6569684743881226,0.0888614878058433,0.7371338605880737,0.679566502571106,0.0858576372265815,0.5653183460235596,0.6680327653884888,0.04355039447546,0.674309492111206,0.6374314427375793,0.0603444501757621,0.7271770238876343,0.6627011299133301,0.0591841973364353,0.761142373085022,0.6882741451263428,0.0542329028248786,0.5847383141517639,0.6879072189331055,0.0117195667698979,0.6909892559051514,0.654794454574585,0.0279643163084983,0.746784508228302,0.6744012832641602,0.0314229503273963,0.7824639081954956,0.6978892683982849,0.0282495189458131,0.6161613464355469,0.7268686890602112,-0.0173242352902889,0.695679247379303,0.6936480402946472,-0.0016322743613272,0.7400227785110474,0.6941929459571838,0.0093755489215254,0.7728545665740967,0.701808512210846,0.0137876886874437,neutral,RRQ_p39,RRQ
