x0,y0,z0,x1,y1,z1,x2,y2,z2,x3,y3,z3,x4,y4,z4,x5,y5,z5,x6,y6,z6,x7,y7,z7,x8,y8,z8,x9,y9,z9,x10,y10,z10,x11,y11,z11,x12,y12,z12,x13,y13,z13,x14,y14,z14,x15,y15,z15,x16,y16,z16,x17,y17,z17,x18,y18,z18,x19,y19,z19,x20,y20,z20,label,person_id,collector
0.763221800327301,0.7381983995437622,-3.083675039761147e-07,0.691545307636261,0.7145849466323853,-0.040719300508499146,0.6223516464233398,0.6508421301841736,-0.07645256817340851,0.5971100330352783,0.6076030731201172,-0.1114514023065567,0.646694540977478,0.5878225564956665,-0.1451045423746109,0.6698495149612427,0.4426317811012268,-0.07370195537805557,0.6674665212631226,0.30583345890045166,-0.13079628348350525,0.6690086126327515,0.21648889780044556,-0.16948625445365906,0.6757937669754028,0.13631564378738403,-0.19890627264976501,0.7480408549308777,0.4209635555744171,-0.07656238973140717,0.693688154220581,0.49660152196884155,-0.14029040932655334,0.6669308543205261,0.6017009019851685,-0.14782387018203735,0.6672474145889282,0.6240354776382446,-0.14384347200393677,0.8140298128128052,0.45467787981033325,-0.08403541892766953,0.7567391991615295,0.5594606399536133,-0.1293448954820633,0.7277866005897522,0.6343796849250793,-0.10116394609212875,0.7285802364349365,0.632877767086029,-0.07525871694087982,0.8671207427978516,0.5106285214424133,-0.09813261032104492,0.8190198540687561,0.592747688293457,-0.12923313677310944,0.7935035228729248,0.64471036195755,-0.1127079576253891,0.7959212064743042,0.6379190683364868,-0.09235451370477676,point,RRQ_p37,RRQ
0.7500507235527039,0.7271195650100708,-2.1554907903009735e-07,0.6851911544799805,0.6802725791931152,-0.0430125929415226,0.6309820413589478,0.5963732004165649,-0.07961339503526688,0.622217059135437,0.5384363532066345,-0.11628872156143188,0.67372727394104,0.5120120644569397,-0.15149784088134766,0.7211744785308838,0.3876636326313019,-0.0702863410115242,0.7743414640426636,0.251737117767334,-0.1306585818529129,0.8172550201416016,0.16611415147781372,-0.17118892073631287,0.8570528626441956,0.09800001978874207,-0.19920869171619415,0.7947990894317627,0.40439772605895996,-0.07426954805850983,0.765112578868866,0.44632259011268616,-0.15339092910289764,0.7087599635124207,0.5473352670669556,-0.17134958505630493,0.6843928098678589,0.5863618850708008,-0.16967260837554932,0.8507371544837952,0.4577290117740631,-0.08294495195150375,0.8070646524429321,0.5353893041610718,-0.14740575850009918,0.7530421614646912,0.6119250059127808,-0.1318543255329132,0.7322142720222473,0.6221026182174683,-0.1081380695104599,0.8935620188713074,0.5248361229896545,-0.09671544283628464,0.8565962314605713,0.5912439227104187,-0.13756544888019562,0.8086639642715454,0.6453501582145691,-0.12523645162582397,0.7881502509117126,0.6453619003295898,-0.10479211062192917,point,RRQ_p37,RRQ
0.7930577993392944,0.7358359098434448,-4.3772999447355687e-07,0.68959641456604,0.7148492336273193,-0.011176719330251217,0.607155442237854,0.6858205795288086,-0.03834392875432968,0.5497348308563232,0.6932163238525391,-0.06770399957895279,0.5212609767913818,0.6876624822616577,-0.0981348529458046,0.5962134003639221,0.515530526638031,-0.05647463724017143,0.4902906119823456,0.5068222284317017,-0.10914392024278641,0.42801451683044434,0.48459577560424805,-0.14482565224170685,0.3779788315296173,0.4536410868167877,-0.1709449589252472,0.6531527042388916,0.5042933821678162,-0.07646741718053818,0.5515202283859253,0.5990763902664185,-0.12864810228347778,0.5724927186965942,0.6938883066177368,-0.12700028717517853,0.601056694984436,0.7133082151412964,-0.11873389035463333,0.7085070013999939,0.5391273498535156,-0.09902391582727432,0.6168127059936523,0.6686586141586304,-0.13392026722431183,0.6372913718223572,0.7246038317680359,-0.10136186331510544,0.6679074168205261,0.7033997774124146,-0.07517259567975998,0.7562609910964966,0.5980101823806763,-0.12463662773370743,0.6756995916366577,0.6956691741943359,-0.14398853480815887,0.6808947324752808,0.7394232749938965,-0.11971355229616165,0.7040680050849915,0.7210495471954346,-0.09822312742471695,point,RRQ_p37,RRQ
0.7749130725860596,0.7484195828437805,-3.056130424283765e-07,0.6685420870780945,0.724987268447876,-0.019634420052170753,0.5966408848762512,0.6854971051216125,-0.04996936768293381,0.5461511611938477,0.6744826436042786,-0.085605189204216,0.5299885869026184,0.6555067300796509,-0.12210431694984436,0.6012960076332092,0.4877760410308838,-0.048797767609357834,0.5355511903762817,0.38072752952575684,-0.10336954891681671,0.4943345785140991,0.29823222756385803,-0.13931506872177124,0.46588248014450073,0.22904983162879944,-0.16469551622867584,0.6639858484268188,0.4751875102519989,-0.06638167053461075,0.5711871981620789,0.5653076767921448,-0.13071691989898682,0.5704783201217651,0.6756479740142822,-0.1358899474143982,0.5912436246871948,0.7051036357879639,-0.12767651677131653,0.7215806841850281,0.5091323256492615,-0.08809518069028854,0.6352871656417847,0.6307105422019958,-0.13535693287849426,0.6390891075134277,0.6972607970237732,-0.10649269819259644,0.6621302366256714,0.6891912221908569,-0.07743644714355469,0.7693337202072144,0.5676335692405701,-0.11437084525823593,0.6990185976028442,0.6514970660209656,-0.14051830768585205,0.6895982027053833,0.7022293210029602,-0.11739644408226013,0.7035439014434814,0.6983230710029602,-0.09234318882226944,point,RRQ_p37,RRQ
0.7044699192047119,0.8021517992019653,-2.1313339004791487e-07,0.6334941983222961,0.7079058289527893,0.009441043250262737,0.5295408964157104,0.6740502119064331,0.0031757208053022623,0.4449446499347687,0.6933149695396423,-0.006056942045688629,0.3915897607803345,0.7481439709663391,-0.018597453832626343,0.47188255190849304,0.6233587265014648,-0.031161796301603317,0.347516804933548,0.6243510842323303,-0.05419076234102249,0.2753305733203888,0.6255456805229187,-0.062479618936777115,0.21901439130306244,0.6216147541999817,-0.06892505288124084,0.47764334082603455,0.6816880106925964,-0.04858632758259773,0.35912543535232544,0.7797462344169617,-0.07951025664806366,0.39068251848220825,0.8209568858146667,-0.07189463824033737,0.4314109981060028,0.8143507242202759,-0.06137598678469658,0.49317771196365356,0.7603572607040405,-0.0637374222278595,0.4124060273170471,0.8568379878997803,-0.0874633863568306,0.4454859495162964,0.8729590177536011,-0.06712260097265244,0.4787060618400574,0.8523150682449341,-0.05015033110976219,0.5113149285316467,0.8423351645469666,-0.078321672976017,0.4584207236766815,0.9045165777206421,-0.0927954763174057,0.4877680540084839,0.9147469401359558,-0.07860124856233597,0.5160074234008789,0.8990163207054138,-0.0648568719625473,point,RRQ_p37,RRQ
0.605439305305481,0.8282361030578613,-5.935601521400713e-08,0.5659387111663818,0.7051489949226379,-0.032819706946611404,0.5417184233665466,0.6020423769950867,-0.07022146880626678,0.5122340321540833,0.5283172726631165,-0.11061498522758484,0.49574485421180725,0.46475309133529663,-0.15148720145225525,0.6930447220802307,0.5065679550170898,-0.07128177583217621,0.7733206152915955,0.3838421106338501,-0.1303117722272873,0.8309285640716553,0.31033921241760254,-0.16880208253860474,0.8781328797340393,0.2496357560157776,-0.1954261064529419,0.7347779870033264,0.5718764066696167,-0.08571029454469681,0.650770366191864,0.4672952890396118,-0.16363617777824402,0.5657883286476135,0.46601226925849915,-0.1850508153438568,0.5151755809783936,0.4818577170372009,-0.18676868081092834,0.7427961230278015,0.6516698002815247,-0.10346509516239166,0.6171606779098511,0.5992388725280762,-0.1693040132522583,0.5724307298660278,0.6447605490684509,-0.1572214961051941,0.5675151348114014,0.6839146614074707,-0.1342948079109192,0.7360764741897583,0.7367673516273499,-0.12530045211315155,0.643742024898529,0.6921337246894836,-0.17039524018764496,0.5963593125343323,0.7002537846565247,-0.1601521372795105,0.5786792635917664,0.7090559601783752,-0.1401229053735733,point,RRQ_p37,RRQ
0.7363119125366211,0.7947893142700195,-6.059783572709421e-07,0.6180152893066406,0.7765182256698608,0.0006137964082881808,0.5351158380508423,0.7410014271736145,-0.020094146952033043,0.4769059419631958,0.7343571186065674,-0.044867683202028275,0.4269093871116638,0.725525975227356,-0.06869343668222427,0.545875608921051,0.522752046585083,-0.018591351807117462,0.43470096588134766,0.591700553894043,-0.059398163110017776,0.37339138984680176,0.6367828845977783,-0.09117060899734497,0.32560425996780396,0.669109046459198,-0.11342474073171616,0.5885952711105347,0.5320477485656738,-0.04186168313026428,0.46575525403022766,0.6403924822807312,-0.07993250340223312,0.5063912868499756,0.6911420226097107,-0.08879467844963074,0.5451898574829102,0.6859477162361145,-0.09351540356874466,0.625967800617218,0.575541079044342,-0.06731326133012772,0.5126774311065674,0.701591432094574,-0.09824766218662262,0.5532909631729126,0.7412235140800476,-0.08019733428955078,0.5860685706138611,0.7201670408248901,-0.0667351707816124,0.6553314924240112,0.6443492770195007,-0.09410729259252548,0.5614220499992371,0.7345395088195801,-0.11474242806434631,0.5877336859703064,0.7621038556098938,-0.09990575909614563,0.6155739426612854,0.7450540661811829,-0.08657993376255035,point,RRQ_p37,RRQ
0.7086688876152039,0.8237067461013794,-1.6594512430856412e-07,0.6044800281524658,0.7981568574905396,-0.024912187829613686,0.5345122218132019,0.7482776641845703,-0.0574645921587944,0.47547921538352966,0.7187319993972778,-0.09493992477655411,0.4559488296508789,0.6795327663421631,-0.1316409558057785,0.5517997741699219,0.5303462743759155,-0.04167976602911949,0.5207372307777405,0.3950207233428955,-0.09560219943523407,0.5051236748695374,0.3005293011665344,-0.12913253903388977,0.4975133240222931,0.22184178233146667,-0.15237513184547424,0.6100444197654724,0.5195764899253845,-0.05537905544042587,0.505937397480011,0.5954518914222717,-0.12178454548120499,0.513427197933197,0.6919608116149902,-0.13007423281669617,0.5429454445838928,0.711666464805603,-0.12375359237194061,0.6605561971664429,0.5505582690238953,-0.07417061924934387,0.5626724362373352,0.6658401489257812,-0.12595808506011963,0.5793445706367493,0.7314114570617676,-0.10165154933929443,0.6099249720573425,0.7256521582603455,-0.07460875809192657,0.7010042071342468,0.6027584671974182,-0.09792210906744003,0.6217653751373291,0.6924086809158325,-0.12966376543045044,0.6281012892723083,0.7417268753051758,-0.11296610534191132,0.6521865129470825,0.7364726662635803,-0.0910453125834465,point,RRQ_p37,RRQ
0.19239135086536407,0.6872345209121704,2.914171375323349e-07,0.2543317377567291,0.6556931138038635,-0.04622779041528702,0.303971529006958,0.6202175617218018,-0.10022405534982681,0.32520490884780884,0.6033675074577332,-0.15511129796504974,0.33592382073402405,0.5960237979888916,-0.2086952030658722,0.28727099299430847,0.4135332405567169,-0.09847000986337662,0.2954182028770447,0.29438966512680054,-0.1698041558265686,0.296489417552948,0.20125409960746765,-0.21032845973968506,0.294678270816803,0.11999395489692688,-0.2368343472480774,0.2109394371509552,0.396170049905777,-0.10708842426538467,0.257586807012558,0.4724012017250061,-0.1799364686012268,0.27920541167259216,0.5862597823143005,-0.18419979512691498,0.2854871153831482,0.6025761961936951,-0.1767318993806839,0.1475449502468109,0.42877987027168274,-0.12056384980678558,0.20393720269203186,0.5415578484535217,-0.18302646279335022,0.2277469038963318,0.6196441054344177,-0.15770526230335236,0.23223987221717834,0.6155093312263489,-0.131052628159523,0.09550822526216507,0.48335564136505127,-0.1400941014289856,0.1331348717212677,0.5592312812805176,-0.18028956651687622,0.16565462946891785,0.6184854507446289,-0.16147065162658691,0.18016105890274048,0.6245454549789429,-0.1389559507369995,point,RRQ_p37,RRQ
0.12670181691646576,0.6278637647628784,3.2302889962920744e-07,0.23011021316051483,0.5781309604644775,0.009094396606087685,0.31360796093940735,0.5426260828971863,-0.015622071921825409,0.3804852068424225,0.5482181906700134,-0.047610823065042496,0.4187169671058655,0.5778005123138428,-0.08129604160785675,0.2993382215499878,0.3639039099216461,-0.04235503822565079,0.40581315755844116,0.412972629070282,-0.08484088629484177,0.4678891897201538,0.45073166489601135,-0.11201401054859161,0.5136784911155701,0.48192599415779114,-0.13000142574310303,0.2495633065700531,0.387981653213501,-0.07362809777259827,0.3841594457626343,0.49551165103912354,-0.12021777778863907,0.36062392592430115,0.5676119327545166,-0.1258150041103363,0.32518696784973145,0.5767626762390137,-0.12522734701633453,0.20581655204296112,0.4484446346759796,-0.10355985164642334,0.32891690731048584,0.5556027293205261,-0.14520303905010223,0.30462145805358887,0.6011629104614258,-0.1328522115945816,0.270183265209198,0.5909522771835327,-0.11814996600151062,0.17054089903831482,0.521205484867096,-0.1328209936618805,0.26786354184150696,0.5884713530540466,-0.1532934457063675,0.27158695459365845,0.6162174940109253,-0.13752061128616333,0.2567198574542999,0.6073468923568726,-0.12293209880590439,point,RRQ_p37,RRQ
0.1384425312280655,0.6388148069381714,1.1233162666712815e-07,0.24050243198871613,0.6054081320762634,0.0021673731971532106,0.3230903744697571,0.5763049125671387,-0.026654254645109177,0.38461655378341675,0.5849279761314392,-0.06338800489902496,0.4304734766483307,0.6011942625045776,-0.1007847860455513,0.32852494716644287,0.40397095680236816,-0.05269153416156769,0.4139259457588196,0.35929539799690247,-0.09733825922012329,0.4693196415901184,0.3168998658657074,-0.12537507712841034,0.5150672793388367,0.28020235896110535,-0.1453298181295395,0.28026580810546875,0.4070456326007843,-0.08244240283966064,0.39582008123397827,0.529464066028595,-0.13126587867736816,0.365171879529953,0.5790219902992249,-0.13522523641586304,0.32835397124290466,0.5726129412651062,-0.13491275906562805,0.23499253392219543,0.4527205228805542,-0.11143656075000763,0.34734973311424255,0.5815488696098328,-0.1513340175151825,0.31722530722618103,0.6095093488693237,-0.1333320587873459,0.2855348587036133,0.5893771648406982,-0.11833760887384415,0.1959046721458435,0.5171028971672058,-0.1418781876564026,0.2885719835758209,0.6124375462532043,-0.1628423035144806,0.27814656496047974,0.6293487548828125,-0.1462126225233078,0.2541665732860565,0.6075220108032227,-0.13213501870632172,point,RRQ_p37,RRQ
0.3650333881378174,0.7379884719848633,6.570783739334729e-08,0.45482295751571655,0.6867893934249878,0.005323630291968584,0.5560765862464905,0.6855452060699463,-0.017873575910925865,0.6308364868164062,0.7422149181365967,-0.046688955277204514,0.6840224266052246,0.7944705486297607,-0.07511890679597855,0.5901029706001282,0.5953342318534851,-0.05583028867840767,0.7060884833335876,0.5624029040336609,-0.08993182331323624,0.77371746301651,0.5305850505828857,-0.10949509590864182,0.8269128203392029,0.4997608959674835,-0.12357296794652939,0.567848801612854,0.6320960521697998,-0.08186368644237518,0.6665104031562805,0.7549446821212769,-0.1208496019244194,0.6296855211257935,0.7777447700500488,-0.1212402954697609,0.5924830436706543,0.7567732334136963,-0.11886236071586609,0.538115918636322,0.6972602009773254,-0.10435523837804794,0.6254762411117554,0.8175829648971558,-0.1274942010641098,0.5836406350135803,0.8188620209693909,-0.0999598503112793,0.5497575998306274,0.7895145416259766,-0.08106709271669388,0.5083066821098328,0.7664175629615784,-0.12781906127929688,0.5840773582458496,0.8573818206787109,-0.12824900448322296,0.5524356961250305,0.8548175692558289,-0.09793775528669357,0.5230773091316223,0.8284752368927002,-0.0768076479434967,point,RRQ_p37,RRQ
0.2628104090690613,0.6385653614997864,1.8581219762836554e-07,0.3131263256072998,0.6236380338668823,-0.03562739118933678,0.3625507354736328,0.601081371307373,-0.07279715687036514,0.38888153433799744,0.6039983630180359,-0.10889563709497452,0.38427019119262695,0.617156982421875,-0.14187340438365936,0.32519030570983887,0.4361092746257782,-0.08212766796350479,0.29517969489097595,0.3502800166606903,-0.13153676688671112,0.26586806774139404,0.28767693042755127,-0.16001053154468536,0.24430030584335327,0.2311105728149414,-0.17825663089752197,0.2588803470134735,0.4201004207134247,-0.08451586216688156,0.2959555387496948,0.5409775972366333,-0.135166734457016,0.33075687289237976,0.5957995653152466,-0.136166512966156,0.35793787240982056,0.6121810078620911,-0.12916290760040283,0.20803183317184448,0.45577099919319153,-0.08991005271673203,0.25955429673194885,0.5903835296630859,-0.12754525244235992,0.29363805055618286,0.6193068027496338,-0.10625328123569489,0.31758999824523926,0.6166865825653076,-0.08465538918972015,0.17362269759178162,0.5070335865020752,-0.10105352848768234,0.2121678590774536,0.6011699438095093,-0.12524379789829254,0.23959922790527344,0.6282755136489868,-0.11215949803590775,0.2570781409740448,0.6240525841712952,-0.09467305988073349,point,RRQ_p37,RRQ
0.3193211257457733,0.5925102233886719,2.031481116659961e-08,0.3607074022293091,0.5692038536071777,-0.017979681491851807,0.39215657114982605,0.5339285731315613,-0.03854507580399513,0.4091314971446991,0.5116231441497803,-0.06043759733438492,0.4245045483112335,0.4980488419532776,-0.08158083260059357,0.36643993854522705,0.4173901081085205,-0.03808462247252464,0.3629300892353058,0.3473336696624756,-0.06622033566236496,0.3575792908668518,0.29888981580734253,-0.08380585163831711,0.35004955530166626,0.2568737268447876,-0.09596823155879974,0.3287387788295746,0.41369155049324036,-0.04373268410563469,0.36111679673194885,0.4429318606853485,-0.07922568172216415,0.37448322772979736,0.4981141686439514,-0.08646787703037262,0.37465792894363403,0.521722137928009,-0.08568127453327179,0.29714879393577576,0.432781457901001,-0.050436556339263916,0.33621659874916077,0.4825681149959564,-0.08066753298044205,0.3467199206352234,0.528786301612854,-0.07212339341640472,0.34372299909591675,0.5448921918869019,-0.06030527874827385,0.27078312635421753,0.462027907371521,-0.05953338369727135,0.30492401123046875,0.4963763654232025,-0.07716433703899384,0.3203943371772766,0.5315144062042236,-0.06822764873504639,0.3218686580657959,0.5459062457084656,-0.056804973632097244,point,RRQ_p37,RRQ
0.34907570481300354,0.5824727416038513,9.060563854745851e-08,0.3831441104412079,0.5662647485733032,-0.011415597051382065,0.4110970199108124,0.538686990737915,-0.02389373630285263,0.4277682304382324,0.5216027498245239,-0.0373755618929863,0.4459543228149414,0.5108883380889893,-0.0506804883480072,0.4010860025882721,0.4479787349700928,-0.02217717655003071,0.423875629901886,0.4173896610736847,-0.04248632490634918,0.4382680654525757,0.3934040069580078,-0.05665477737784386,0.44926831126213074,0.3692024350166321,-0.06681539118289948,0.371995210647583,0.43622279167175293,-0.027318075299263,0.40050750970840454,0.4673629701137543,-0.05186160281300545,0.4059973955154419,0.5091157555580139,-0.059280019253492355,0.40282559394836426,0.5241414308547974,-0.06126679480075836,0.3454499840736389,0.44690123200416565,-0.033408600836992264,0.37556198239326477,0.4928213655948639,-0.05550512671470642,0.38095608353614807,0.5279725790023804,-0.05255431309342384,0.377423495054245,0.5371843576431274,-0.04683631286025047,0.3214871883392334,0.46933987736701965,-0.0409654937684536,0.34668639302253723,0.5018792152404785,-0.05525689944624901,0.3591996431350708,0.5295065641403198,-0.051575157791376114,0.3622473478317261,0.539189338684082,-0.04549926891922951,point,RRQ_p37,RRQ
0.703048825263977,0.6365048289299011,-5.365623110265005e-07,0.6355769634246826,0.5847269296646118,-0.00900721363723278,0.582720935344696,0.47745582461357117,-0.02100621908903122,0.5424087643623352,0.4023672640323639,-0.04070863872766495,0.5019245147705078,0.337793231010437,-0.05875266343355179,0.6420050859451294,0.37371572852134705,0.02962764911353588,0.5933196544647217,0.32887881994247437,-0.0010373431723564863,0.5437697172164917,0.3046233057975769,-0.014684045687317848,0.5039678812026978,0.2831116318702698,-0.02262703888118267,0.6840617060661316,0.3581610918045044,0.01235685870051384,0.6047687530517578,0.3175930678844452,-0.028074661269783974,0.6033056974411011,0.4232599139213562,-0.02637256495654583,0.6359838843345642,0.43959683179855347,-0.0111443642526865,0.7249186038970947,0.3638189435005188,-0.013298808597028255,0.6404610872268677,0.3602917194366455,-0.055871475487947464,0.64259272813797,0.4569476842880249,-0.03742567077279091,0.677253007888794,0.4631080627441406,-0.013193887658417225,0.7579951286315918,0.3825437128543854,-0.04136088490486145,0.6765996217727661,0.3903682827949524,-0.06606654077768326,0.6751474738121033,0.45386025309562683,-0.0541878379881382,0.7083739042282104,0.45951247215270996,-0.03959411010146141,pinch,RRQ_p37,RRQ
0.7898282408714294,0.5913655161857605,-4.006710412340908e-07,0.737495481967926,0.4966452717781067,-0.00540769100189209,0.7170013189315796,0.3587535321712494,-0.014279309660196304,0.7172863483428955,0.2536252737045288,-0.03368772566318512,0.7198434472084045,0.1609273999929428,-0.051538050174713135,0.7886754870414734,0.29335546493530273,0.04642552509903908,0.7780089974403381,0.21917098760604858,0.01815321482717991,0.7477372288703918,0.1750318706035614,0.013139192014932632,0.737828254699707,0.13163363933563232,0.014065801165997982,0.8347533345222473,0.31050804257392883,0.028818337246775627,0.8087079524993896,0.2119385302066803,-0.009993250481784344,0.7619875073432922,0.3116217851638794,0.0017597873229533434,0.7891600728034973,0.34359437227249146,0.028544824570417404,0.8794427514076233,0.3440221846103668,0.0011157332919538021,0.8369767069816589,0.27356553077697754,-0.042971037328243256,0.7942338585853577,0.36966457962989807,-0.019805656746029854,0.8252622485160828,0.39661645889282227,0.012083240784704685,0.9230894446372986,0.38349899649620056,-0.028139261528849602,0.8759980201721191,0.3260813355445862,-0.04657402262091637,0.8404648303985596,0.38079702854156494,-0.028566597029566765,0.8642780780792236,0.41003942489624023,-0.008171981200575829,pinch,RRQ_p37,RRQ
0.746140718460083,0.6490657329559326,-6.860069561298587e-07,0.6432899236679077,0.6254526376724243,-0.0035666977055370808,0.5640850067138672,0.5714718103408813,-0.022381633520126343,0.5102385878562927,0.5408437252044678,-0.04607908055186272,0.4526715874671936,0.5165365934371948,-0.06640198826789856,0.6019436717033386,0.3721773028373718,-0.0031253881752490997,0.5043361783027649,0.39122915267944336,-0.045359086245298386,0.45346391201019287,0.432034969329834,-0.07636978477239609,0.4149266481399536,0.47204092144966125,-0.0955621600151062,0.6310373544692993,0.36151987314224243,-0.022807396948337555,0.510129988193512,0.4227446913719177,-0.06508076190948486,0.5438660383224487,0.4976619482040405,-0.07431181520223618,0.5811131000518799,0.510639488697052,-0.0746685341000557,0.6534808278083801,0.3807113468647003,-0.04717380553483963,0.5402074456214905,0.47646528482437134,-0.08055645227432251,0.5823422074317932,0.5378726720809937,-0.06377129256725311,0.619024395942688,0.531489372253418,-0.048846710473299026,0.6671364903450012,0.4250558316707611,-0.07422780245542526,0.5812273025512695,0.5087155103683472,-0.09662452340126038,0.609147846698761,0.5557485818862915,-0.08588715642690659,0.6378283500671387,0.5493032932281494,-0.07436343282461166,pinch,RRQ_p37,RRQ
0.7184728980064392,0.6265056133270264,-3.8790636835983605e-07,0.6632751822471619,0.577653706073761,-0.030674951151013374,0.6219867467880249,0.49173471331596375,-0.052093204110860825,0.6086089015007019,0.41307201981544495,-0.07586774975061417,0.6142278909683228,0.34369972348213196,-0.09312158077955246,0.6488847136497498,0.3572791516780853,-0.004696543328464031,0.6426367163658142,0.2821837067604065,-0.049146618694067,0.6219319105148315,0.28031644225120544,-0.06273180991411209,0.6161450743675232,0.3040364980697632,-0.06261065602302551,0.6963816285133362,0.35598844289779663,-0.008883445523679256,0.6718661189079285,0.3107813894748688,-0.05416423827409744,0.6552705764770508,0.40702998638153076,-0.046745698899030685,0.6700426936149597,0.4196091890335083,-0.02523159608244896,0.74324631690979,0.37182092666625977,-0.023421358317136765,0.7106143236160278,0.3750341534614563,-0.06897518038749695,0.6947858929634094,0.45976608991622925,-0.04705509543418884,0.7109750509262085,0.4600818157196045,-0.018106894567608833,0.7865205407142639,0.4009090065956116,-0.042162567377090454,0.7488309144973755,0.41246578097343445,-0.0643831416964531,0.7331721782684326,0.46982917189598083,-0.049300290644168854,0.7478229403495789,0.4709491431713104,-0.030294684693217278,pinch,RRQ_p37,RRQ
0.6261410117149353,0.5427050590515137,-2.692724478947639e-07,0.5936086773872375,0.515733540058136,-0.012543139979243279,0.5678929090499878,0.46959373354911804,-0.019835440441966057,0.5546362400054932,0.4280867278575897,-0.02911614254117012,0.5506591796875,0.3900507688522339,-0.034745872020721436,0.581182599067688,0.41283974051475525,0.00795053131878376,0.57159823179245,0.3760030269622803,-0.012691323645412922,0.5642210245132446,0.39506566524505615,-0.018738441169261932,0.5662112236022949,0.40762844681739807,-0.018039178103208542,0.603403627872467,0.4134669005870819,0.005973298568278551,0.5884304642677307,0.3834560811519623,-0.015140813775360584,0.5827428698539734,0.4347362518310547,-0.011828338727355003,0.5922067761421204,0.43686607480049133,-0.0012809282634407282,0.6264999508857727,0.41961029171943665,-0.0015215887688100338,0.6089913249015808,0.4074704051017761,-0.02457919903099537,0.6041825413703918,0.45423248410224915,-0.014318636618554592,0.6150283217430115,0.45459088683128357,0.000660687917843461,0.6489146947860718,0.4302772581577301,-0.010488963685929775,0.6284402012825012,0.4216483533382416,-0.020857561379671097,0.6220322847366333,0.4526468515396118,-0.012569356709718704,0.6317421793937683,0.4564781188964844,-0.0020315165165811777,pinch,RRQ_p37,RRQ
0.4974249005317688,0.5301337242126465,-3.869817248869367e-07,0.4503812789916992,0.5032672882080078,-0.0055150678381323814,0.4194098114967346,0.45618245005607605,-0.014995821751654148,0.39718279242515564,0.4183126986026764,-0.026725996285676956,0.37025928497314453,0.3876068890094757,-0.036732740700244904,0.46809208393096924,0.36914458870887756,0.003103883471339941,0.42366647720336914,0.3525077998638153,-0.017407460138201714,0.3930431306362152,0.3563653230667114,-0.03160979971289635,0.36832359433174133,0.367998868227005,-0.039812151342630386,0.4821062982082367,0.36434370279312134,-0.003885206999257207,0.41937413811683655,0.36610451340675354,-0.02407587692141533,0.4242110848426819,0.4164602756500244,-0.026483649387955666,0.4405452609062195,0.433476060628891,-0.024141395464539528,0.4899747669696808,0.3720279335975647,-0.01421115268021822,0.4267289638519287,0.3892597556114197,-0.03215464949607849,0.4376370310783386,0.4343356490135193,-0.02337954007089138,0.45553937554359436,0.44423991441726685,-0.014599795453250408,0.4909462630748749,0.39019718766212463,-0.026212777942419052,0.4407326877117157,0.4135400056838989,-0.03913816064596176,0.44798508286476135,0.44617199897766113,-0.03464258089661598,0.46341970562934875,0.4520207941532135,-0.028718257322907448,pinch,RRQ_p37,RRQ
0.6678044199943542,0.46319782733917236,-1.4895188371610857e-07,0.642756998538971,0.4062347412109375,-0.004232888575643301,0.6336135268211365,0.33753326535224915,-0.006917545571923256,0.6369620561599731,0.2861384451389313,-0.01474037580192089,0.6474720239639282,0.24265754222869873,-0.022480709478259087,0.6625232100486755,0.30697253346443176,0.02310509793460369,0.6635401248931885,0.2670082747936249,0.01159668993204832,0.6562212705612183,0.24267780780792236,0.006999980192631483,0.6548773050308228,0.22343870997428894,0.005452401004731655,0.6857113242149353,0.31805649399757385,0.015094603411853313,0.6842262148857117,0.26373833417892456,-0.005310513079166412,0.6639514565467834,0.3083941638469696,-0.0059343986213207245,0.6655831336975098,0.3345770835876465,0.0035307041835039854,0.7085312604904175,0.3365812599658966,0.0029723471961915493,0.7011568546295166,0.2948220670223236,-0.020562466233968735,0.6811925768852234,0.34137383103370667,-0.012083168141543865,0.6833106875419617,0.36883020401000977,0.0037613383028656244,0.731295645236969,0.36105024814605713,-0.009863326326012611,0.7257243990898132,0.3189387023448944,-0.020421935245394707,0.707283079624176,0.3431427776813507,-0.01056978665292263,0.7058954238891602,0.36531874537467957,0.0016215883661061525,pinch,RRQ_p37,RRQ
0.6732468008995056,0.48098212480545044,1.9647929150323762e-07,0.636946439743042,0.4440167546272278,-0.012006965465843678,0.6128904819488525,0.3922536075115204,-0.02027261257171631,0.5984405875205994,0.34933170676231384,-0.030341861769557,0.5876610279083252,0.3104543089866638,-0.03931837156414986,0.637976884841919,0.32883018255233765,0.0019383856561034918,0.6216529607772827,0.28796494007110596,-0.023031311109662056,0.6033002734184265,0.2793186902999878,-0.043588072061538696,0.5894125699996948,0.28633448481559753,-0.05309900641441345,0.6626494526863098,0.3135471045970917,-0.0031802786979824305,0.6620482206344604,0.2355191856622696,-0.017182104289531708,0.6630170345306396,0.1843254268169403,-0.02753445692360401,0.6650069355964661,0.14238286018371582,-0.032849326729774475,0.6899698972702026,0.31743597984313965,-0.013136034831404686,0.6948794722557068,0.248615100979805,-0.02802971564233303,0.6986936330795288,0.20380480587482452,-0.03493160381913185,0.6996431946754456,0.16681969165802002,-0.03706317022442818,0.7175875306129456,0.33719682693481445,-0.024796081706881523,0.7346926927566528,0.28752583265304565,-0.033966321498155594,0.7462975382804871,0.253993958234787,-0.03370126336812973,0.7540299892425537,0.22533199191093445,-0.0317554771900177,pinch,RRQ_p37,RRQ
0.23757901787757874,0.5782265067100525,6.100505629547115e-07,0.3019036054611206,0.538273811340332,-0.023735208436846733,0.3502347469329834,0.4691399037837982,-0.038568705320358276,0.39372944831848145,0.4035723805427551,-0.05557699874043465,0.4332054555416107,0.3579322099685669,-0.07106466591358185,0.31253063678741455,0.3576044738292694,-0.00033443173742853105,0.3617129325866699,0.32116860151290894,-0.030782034620642662,0.4020267426967621,0.31266504526138306,-0.056662771850824356,0.4335345923900604,0.3176519572734833,-0.07065251469612122,0.27685749530792236,0.326159805059433,-0.007192407734692097,0.295421838760376,0.21762722730636597,-0.024244653061032295,0.31422683596611023,0.1527574360370636,-0.03573193401098251,0.3296046257019043,0.09440448880195618,-0.04162130877375603,0.2393680363893509,0.32184386253356934,-0.02098887786269188,0.2351190745830536,0.22119726240634918,-0.04158473759889603,0.246745765209198,0.16062188148498535,-0.046808741986751556,0.25996342301368713,0.11089864373207092,-0.046528298407793045,0.19929634034633636,0.3387179672718048,-0.038281913846731186,0.1862826943397522,0.25994497537612915,-0.053769566118717194,0.18773525953292847,0.2080499827861786,-0.05126684159040451,0.1951744556427002,0.16379070281982422,-0.04623223468661308,pinch,RRQ_p37,RRQ
0.440896600484848,0.7418618202209473,3.576948586214712e-07,0.5207913517951965,0.6807942390441895,0.008611091412603855,0.5701135396957397,0.6171878576278687,0.0032149481121450663,0.6197398900985718,0.5698222517967224,-0.010020148940384388,0.6617997288703918,0.523234486579895,-0.022644612938165665,0.5219866037368774,0.4861909747123718,0.011809887364506721,0.5846962332725525,0.45022934675216675,-0.018443914130330086,0.6323127746582031,0.46899425983428955,-0.04254833981394768,0.6652576923370361,0.4942620098590851,-0.05550771206617355,0.49815675616264343,0.4657076895236969,-0.014629696495831013,0.5099843144416809,0.34287047386169434,-0.03480418771505356,0.5370988845825195,0.26646658778190613,-0.050579752773046494,0.5599130988121033,0.21282505989074707,-0.06166982278227806,0.47070783376693726,0.48276737332344055,-0.04484289512038231,0.44959592819213867,0.3703319728374481,-0.0659809410572052,0.4625675678253174,0.29650402069091797,-0.07532592862844467,0.4815353751182556,0.23963198065757751,-0.08117201924324036,0.4494009017944336,0.5231766104698181,-0.07547014206647873,0.42743486166000366,0.43225225806236267,-0.0944494903087616,0.43326592445373535,0.3765307068824768,-0.09556680917739868,0.4503311812877655,0.33370494842529297,-0.0951027199625969,pinch,RRQ_p37,RRQ
0.276749849319458,0.5811755657196045,1.1851539483132001e-07,0.3289685547351837,0.5163077116012573,-0.014078762382268906,0.3577769100666046,0.4109079837799072,-0.027001317590475082,0.3730725049972534,0.32826653122901917,-0.04436705261468887,0.39128240942955017,0.2598411440849304,-0.05972476303577423,0.2876793146133423,0.3162004351615906,0.006807783152908087,0.3182866871356964,0.26013612747192383,-0.026712995022535324,0.35237088799476624,0.2366749346256256,-0.043500155210494995,0.38099002838134766,0.23192133009433746,-0.05042155459523201,0.24480240046977997,0.3230981230735779,-0.0036194182466715574,0.30759871006011963,0.27005434036254883,-0.048410143703222275,0.3311154246330261,0.3661876320838928,-0.05130147561430931,0.3232654333114624,0.4116334915161133,-0.03875505179166794,0.2124670296907425,0.34520381689071655,-0.020165570080280304,0.2877295911312103,0.3195037245750427,-0.06978030502796173,0.30301058292388916,0.4141308069229126,-0.05676459148526192,0.28431975841522217,0.4523344039916992,-0.032807059586048126,0.1851809024810791,0.38055485486984253,-0.03807556629180908,0.2561199367046356,0.36944836378097534,-0.06840430200099945,0.27022507786750793,0.43201589584350586,-0.05742620676755905,0.24984711408615112,0.4568324685096741,-0.040202319622039795,pinch,RRQ_p37,RRQ
0.17792612314224243,0.5246962904930115,2.322547771882455e-07,0.22341153025627136,0.4486408829689026,-0.024716058745980263,0.23798680305480957,0.32674428820610046,-0.03538412228226662,0.23640364408493042,0.23880016803741455,-0.04807739704847336,0.2243872880935669,0.16528910398483276,-0.05933881923556328,0.16372345387935638,0.2592267096042633,0.0015243238303810358,0.17088714241981506,0.196047842502594,-0.03007546067237854,0.1939796805381775,0.1556260585784912,-0.048336781561374664,0.21618898212909698,0.12919437885284424,-0.05675733834505081,0.12281155586242676,0.2787301242351532,-0.002277717459946871,0.143789604306221,0.1953502744436264,-0.04955906420946121,0.1841881275177002,0.2749410569667816,-0.05838949978351593,0.19629652798175812,0.33393895626068115,-0.04853261634707451,0.08594037592411041,0.3096374273300171,-0.012316410429775715,0.12271764874458313,0.24517564475536346,-0.06609100848436356,0.16594736278057098,0.3322632610797882,-0.055999912321567535,0.17133384943008423,0.3900684416294098,-0.03088701330125332,0.04971752315759659,0.3535773754119873,-0.024115080013871193,0.09677278250455856,0.3022253215312958,-0.06166635453701019,0.13308268785476685,0.3575400412082672,-0.05324951931834221,0.1339520514011383,0.3987233638763428,-0.03536594286561012,pinch,RRQ_p37,RRQ
0.6137132048606873,0.6037618517875671,1.124668429497433e-07,0.6779971122741699,0.534060537815094,-0.0025451621040701866,0.7118317484855652,0.44511839747428894,-0.013592480681836605,0.738835871219635,0.3765102028846741,-0.029939794912934303,0.7607025504112244,0.3221130967140198,-0.044397834688425064,0.6110051274299622,0.3423611521720886,0.00611737510189414,0.6852772831916809,0.28716081380844116,-0.025614460930228233,0.7370458841323853,0.2683658301830292,-0.04701266437768936,0.7760317921638489,0.2586950957775116,-0.060519423335790634,0.5843652486801147,0.3426544666290283,-0.010532785207033157,0.6890143156051636,0.29861101508140564,-0.05363526940345764,0.7035881280899048,0.3786260485649109,-0.06303919106721878,0.6867220997810364,0.42016494274139404,-0.05922797694802284,0.5764693021774292,0.3598628342151642,-0.03069295920431614,0.6906289458274841,0.3482391834259033,-0.07167930155992508,0.6948220133781433,0.42842215299606323,-0.06502258777618408,0.6694443225860596,0.457632839679718,-0.050263430923223495,0.5810948014259338,0.38880613446235657,-0.051987700164318085,0.6729354858398438,0.40159159898757935,-0.07603973150253296,0.6735116839408875,0.458230197429657,-0.07091879099607468,0.6483646035194397,0.47658610343933105,-0.061384085565805435,pinch,RRQ_p37,RRQ
0.5702980756759644,0.8871540427207947,9.189128036268812e-08,0.6701617240905762,0.8449283242225647,-0.0014848920982331038,0.7271348834037781,0.7771758437156677,-0.013769114390015602,0.7725082635879517,0.7318314909934998,-0.03202790021896362,0.8103547096252441,0.6941581964492798,-0.048246532678604126,0.6509459614753723,0.6207888722419739,-0.00034741367562673986,0.7419077754020691,0.6175283193588257,-0.031810108572244644,0.7938688397407532,0.6398612856864929,-0.05292540416121483,0.8297232389450073,0.6612562537193298,-0.06620513647794724,0.6261152029037476,0.6237979531288147,-0.018300319090485573,0.739683210849762,0.6534407138824463,-0.05640863627195358,0.7251183986663818,0.7221519351005554,-0.0657401755452156,0.6927284598350525,0.7369962334632874,-0.0653563141822815,0.6143448948860168,0.6549102067947388,-0.03906705975532532,0.7261679768562317,0.706383466720581,-0.07476060837507248,0.7071174383163452,0.770803689956665,-0.06841779500246048,0.6769007444381714,0.7737303972244263,-0.0571688711643219,0.6135533452033997,0.7022064328193665,-0.061002131551504135,0.7011677622795105,0.7551906704902649,-0.08135763555765152,0.6862895488739014,0.8031342625617981,-0.07465574890375137,0.6591164469718933,0.8030464053153992,-0.06562042981386185,pinch,RRQ_p37,RRQ
0.21568503975868225,0.6227082014083862,-3.739388887424866e-08,0.259005606174469,0.5911723375320435,-0.036967888474464417,0.28428545594215393,0.5344395041465759,-0.06098742410540581,0.28487536311149597,0.4761277735233307,-0.08381196111440659,0.2730759382247925,0.41998857259750366,-0.10173411667346954,0.27716681361198425,0.3844355344772339,-0.020866867154836655,0.2773222327232361,0.3442974388599396,-0.06371475011110306,0.27019500732421875,0.34539610147476196,-0.08565379679203033,0.26134058833122253,0.384740948677063,-0.09188640862703323,0.22588655352592468,0.38299649953842163,-0.01878514513373375,0.22113817930221558,0.36403602361679077,-0.06242890655994415,0.230874165892601,0.4427192509174347,-0.06833133846521378,0.2439708560705185,0.48280152678489685,-0.05872894451022148,0.1793965995311737,0.4010583460330963,-0.02441522292792797,0.18084749579429626,0.4156963527202606,-0.0702168419957161,0.20331604778766632,0.48964932560920715,-0.062062446027994156,0.22103190422058105,0.5241277813911438,-0.04272354021668434,0.1362701654434204,0.43668052554130554,-0.03356293961405754,0.14201967418193817,0.4563264548778534,-0.06559143215417862,0.16678358614444733,0.5081190466880798,-0.06047868728637695,0.1868089735507965,0.5272294878959656,-0.04613202065229416,pinch,RRQ_p37,RRQ
0.8148155212402344,0.6087134480476379,-6.934243401701679e-07,0.7467984557151794,0.5520504713058472,-0.030366964638233185,0.6913564801216125,0.4342329502105713,-0.04301014542579651,0.6831038594245911,0.325203537940979,-0.05826018750667572,0.7357406616210938,0.27575042843818665,-0.0635947585105896,0.7204172611236572,0.3230559229850769,0.010201724246144295,0.6950811147689819,0.24190086126327515,-0.03800467029213905,0.6982418894767761,0.3320741653442383,-0.05389278382062912,0.7184135913848877,0.3515516221523285,-0.05670308694243431,0.7759961485862732,0.32383859157562256,0.0044212802313268185,0.7557992339134216,0.24951452016830444,-0.047422491014003754,0.7487560510635376,0.3672100603580475,-0.04431145265698433,0.7673379778862,0.3723221719264984,-0.02452825754880905,0.8309004306793213,0.3459171652793884,-0.013204854913055897,0.8063133358955383,0.29898494482040405,-0.06483710557222366,0.7910900115966797,0.40894126892089844,-0.043275147676467896,0.8101388216018677,0.40745875239372253,-0.011945760808885098,0.8882158994674683,0.37624719738960266,-0.03455235809087753,0.8529313802719116,0.3509179353713989,-0.05416499078273773,0.8344690799713135,0.42079487442970276,-0.035465169697999954,0.8491894006729126,0.4259011149406433,-0.013726985082030296,fist,RRQ_p37,RRQ
0.8153738379478455,0.6445738077163696,-6.956504421395948e-07,0.7467129230499268,0.6100982427597046,-0.055648259818553925,0.6830354928970337,0.564329206943512,-0.09504833072423935,0.6641579270362854,0.5550482869148254,-0.12747636437416077,0.7138786315917969,0.5734905004501343,-0.15099498629570007,0.7593715190887451,0.3562043607234955,-0.06676134467124939,0.7224812507629395,0.4609009325504303,-0.11312711983919144,0.711845338344574,0.5368276834487915,-0.13387632369995117,0.7206845879554749,0.5197793841362,-0.14690065383911133,0.8292368650436401,0.3792886435985565,-0.06382327526807785,0.7785720229148865,0.5129215717315674,-0.10702122002840042,0.747666597366333,0.5832323431968689,-0.1106385663151741,0.7498926520347595,0.546829104423523,-0.10894700139760971,0.8845084309577942,0.43381258845329285,-0.06799764186143875,0.8340850472450256,0.5606144666671753,-0.10806480795145035,0.7944860458374023,0.6128597259521484,-0.09481395781040192,0.790310800075531,0.5848777294158936,-0.0804063081741333,0.9257423877716064,0.49909380078315735,-0.07877563685178757,0.884126603603363,0.5953791737556458,-0.1039784774184227,0.8453541994094849,0.6317229270935059,-0.09768933802843094,0.8321309089660645,0.617534875869751,-0.0876573994755745,fist,RRQ_p37,RRQ
0.6959001421928406,0.4979552924633026,-3.3945048016903456e-07,0.6483729481697083,0.48392918705940247,-0.02375745214521885,0.6087936758995056,0.46410825848579407,-0.03940686956048012,0.5913994908332825,0.45610174536705017,-0.05203327536582947,0.6147052645683289,0.4571375250816345,-0.06003733351826668,0.6344950199127197,0.3486137092113495,-0.025840213522315025,0.6172764301300049,0.408962607383728,-0.04490571841597557,0.6193116903305054,0.4466599225997925,-0.053919438272714615,0.623203456401825,0.43811455368995667,-0.06010856106877327,0.6700185537338257,0.3545999526977539,-0.02545509859919548,0.6451453566551208,0.4334605932235718,-0.04330318048596382,0.6383606791496277,0.4670204520225525,-0.04479921981692314,0.6405444741249084,0.4501897394657135,-0.044271375983953476,0.7015962600708008,0.3789798617362976,-0.028264423832297325,0.6751881241798401,0.45155200362205505,-0.044519711285829544,0.6641101837158203,0.47740814089775085,-0.03805840015411377,0.6663088798522949,0.46316224336624146,-0.03147076070308685,0.72646564245224,0.4120371341705322,-0.03415727987885475,0.7052274346351624,0.46593207120895386,-0.04494650661945343,0.6934946775436401,0.47914475202560425,-0.042399853467941284,0.692909300327301,0.46692922711372375,-0.03790915012359619,fist,RRQ_p37,RRQ
0.6767730116844177,0.49763330817222595,-3.151788519062393e-07,0.6413982510566711,0.45520490407943726,-0.02065524272620678,0.6186432242393494,0.3935346007347107,-0.02958250232040882,0.6203204989433289,0.3372781574726105,-0.03934936970472336,0.6483895182609558,0.3142428994178772,-0.043127384036779404,0.6293327212333679,0.32532432675361633,0.005218364764004946,0.6285945177078247,0.282760888338089,-0.02353500761091709,0.6286088824272156,0.3317945599555969,-0.03532586619257927,0.6365354657173157,0.3440447151660919,-0.038593463599681854,0.6598907709121704,0.33254459500312805,0.0029714673291891813,0.6639925241470337,0.29651519656181335,-0.026636267080903053,0.6521524786949158,0.3582964241504669,-0.027619509026408195,0.6559563279151917,0.3600752055644989,-0.019217435270547867,0.6876440048217773,0.35078179836273193,-0.006538014858961105,0.6903760433197021,0.33014771342277527,-0.03527352958917618,0.6722779273986816,0.38516974449157715,-0.026439618319272995,0.6747323870658875,0.38340091705322266,-0.01187918521463871,0.7135143280029297,0.375603586435318,-0.0186977069824934,0.7105237245559692,0.3654175400733948,-0.029646670445799828,0.695197343826294,0.39909687638282776,-0.021288715302944183,0.6970579624176025,0.40040063858032227,-0.010967121459543705,fist,RRQ_p37,RRQ
0.379568487405777,0.26341697573661804,-4.784945986102684e-07,0.316170334815979,0.252800315618515,-0.0147462859749794,0.2606966495513916,0.18721769750118256,-0.018866941332817078,0.2360767424106598,0.12082409113645554,-0.02602531388401985,0.24166938662528992,0.06643076241016388,-0.0273854099214077,0.2725517153739929,0.10907571017742157,0.01713465340435505,0.24240243434906006,0.07049749791622162,-0.011117649264633656,0.25499457120895386,0.12927591800689697,-0.01952068693935871,0.2706208825111389,0.134893000125885,-0.019855525344610214,0.3034805953502655,0.09679605066776276,0.012060865759849548,0.2725284695625305,0.05422421544790268,-0.019720660522580147,0.2829957902431488,0.1323281079530716,-0.017584282904863358,0.3012274503707886,0.13183559477329254,-0.004018052946776152,0.33679434657096863,0.09612252563238144,-0.0005625837366096675,0.30611416697502136,0.07144421339035034,-0.03424729034304619,0.3139999508857727,0.14728465676307678,-0.020282013341784477,0.33142226934432983,0.14538516104221344,0.0010230160551145673,0.370784729719162,0.10015413165092468,-0.015055528841912746,0.33868542313575745,0.09176413714885712,-0.02952152118086815,0.3395862579345703,0.14101320505142212,-0.017610590904951096,0.3548448085784912,0.1402721405029297,-0.0026099972892552614,fist,RRQ_p37,RRQ
0.384593665599823,0.2246827781200409,-3.86099515026217e-07,0.3029170334339142,0.2545553743839264,-0.01990879699587822,0.24655961990356445,0.2549550235271454,-0.041674576699733734,0.20806731283664703,0.25916874408721924,-0.06154453754425049,0.19088950753211975,0.25719204545021057,-0.07767923176288605,0.21665950119495392,0.08383862674236298,-0.03269219398498535,0.17572303116321564,0.17408709228038788,-0.060166407376527786,0.20398052036762238,0.21112693846225739,-0.07690717279911041,0.22261233627796173,0.19760651886463165,-0.08775216341018677,0.2529067099094391,0.07557512074708939,-0.03757315129041672,0.21251897513866425,0.19375978410243988,-0.06165485456585884,0.23718751966953278,0.22743916511535645,-0.06521355360746384,0.25283393263816833,0.20943555235862732,-0.06704039871692657,0.290050745010376,0.09887029975652695,-0.04509979858994484,0.2569778859615326,0.2187630534172058,-0.06415542215108871,0.2750166654586792,0.24257028102874756,-0.05595690384507179,0.2872571349143982,0.22041097283363342,-0.05008741468191147,0.3217209577560425,0.14037853479385376,-0.055154964327812195,0.29565298557281494,0.2398541271686554,-0.0676485225558281,0.3068951964378357,0.25141215324401855,-0.06345325708389282,0.31711792945861816,0.22576391696929932,-0.058369021862745285,fist,RRQ_p37,RRQ
0.3213575482368469,0.562206506729126,-3.2436182095807453e-07,0.23725064098834991,0.567467212677002,-0.007888944819569588,0.1526542454957962,0.6077200174331665,-0.03066294640302658,0.10147543996572495,0.676895260810852,-0.052317146211862564,0.09899352490901947,0.7267487049102783,-0.07063362747430801,0.11357107758522034,0.5115958452224731,-0.04624904319643974,0.07623594999313354,0.6498398184776306,-0.07368139922618866,0.11317235231399536,0.660333514213562,-0.07908085733652115,0.1266264170408249,0.6314337253570557,-0.08132810145616531,0.152849942445755,0.5209870338439941,-0.0584673210978508,0.11812490224838257,0.6805152297019958,-0.08708007633686066,0.15451116859912872,0.67482590675354,-0.08131248503923416,0.16662083566188812,0.6408575773239136,-0.07647959142923355,0.1947866678237915,0.5500617027282715,-0.07076485455036163,0.16599445044994354,0.6985472440719604,-0.09446780383586884,0.19923809170722961,0.683800995349884,-0.0795755460858345,0.20933912694454193,0.6436783671379089,-0.06868276000022888,0.2348582148551941,0.5870754718780518,-0.0832323506474495,0.21212905645370483,0.7009334564208984,-0.09821740537881851,0.23596563935279846,0.6869716644287109,-0.09062857925891876,0.24419978260993958,0.6494534611701965,-0.08370423316955566,fist,RRQ_p37,RRQ
0.28151077032089233,0.6594716906547546,-6.325606136670103e-07,0.2039252370595932,0.635145902633667,-0.023899948224425316,0.13845902681350708,0.5780580043792725,-0.041506946086883545,0.09615135937929153,0.5242613554000854,-0.06069144606590271,0.10898139327764511,0.47023171186447144,-0.07125413417816162,0.17252732813358307,0.42530199885368347,-0.0011063729180023074,0.11205273866653442,0.4158390760421753,-0.03983033820986748,0.12451279163360596,0.49033308029174805,-0.05505863577127457,0.14622332155704498,0.5013614296913147,-0.06052486225962639,0.21438540518283844,0.41613268852233887,-0.006852446123957634,0.14572827517986298,0.4297473132610321,-0.04805412515997887,0.16067098081111908,0.5197746753692627,-0.046718791127204895,0.185135155916214,0.5185232758522034,-0.03389155492186546,0.2537640333175659,0.4272485077381134,-0.02106713503599167,0.18829360604286194,0.47115686535835266,-0.06057868152856827,0.20106759667396545,0.5508853197097778,-0.04455266520380974,0.2256704419851303,0.5408912897109985,-0.022338420152664185,0.2867928147315979,0.454134076833725,-0.0385216623544693,0.22764800488948822,0.5034369230270386,-0.0562882237136364,0.23221629858016968,0.5540196299552917,-0.045948177576065063,0.25400280952453613,0.5465934872627258,-0.031787704676389694,fist,RRQ_p37,RRQ
0.3142719268798828,0.5397585034370422,-3.248148061629763e-07,0.37369635701179504,0.5145717263221741,-0.021441113203763962,0.4327917993068695,0.4544028639793396,-0.03586014732718468,0.4687325954437256,0.3868195712566376,-0.05142747610807419,0.4548164904117584,0.32920700311660767,-0.06093621253967285,0.4054609537124634,0.332301527261734,-0.007097750902175903,0.4577977657318115,0.30868232250213623,-0.04166335240006447,0.4468109905719757,0.3769192695617676,-0.054332975298166275,0.4262208342552185,0.389410138130188,-0.05771621689200401,0.3717920482158661,0.31988275051116943,-0.011831298470497131,0.43083223700523376,0.3138980269432068,-0.04659891128540039,0.4139638841152191,0.39982548356056213,-0.048814769834280014,0.39205196499824524,0.39642956852912903,-0.0417536124587059,0.3397797644138336,0.32040396332740784,-0.02252088114619255,0.39815136790275574,0.33523645997047424,-0.06236794963479042,0.382827490568161,0.4160507321357727,-0.05243603512644768,0.3587121069431305,0.41442951560020447,-0.03555724397301674,0.30848056077957153,0.3313736021518707,-0.03473767265677452,0.3663395941257477,0.3537236154079437,-0.05817727372050285,0.35813507437705994,0.4114505648612976,-0.04845242574810982,0.3324112594127655,0.4154883921146393,-0.03462498262524605,fist,RRQ_p37,RRQ
0.2846391201019287,0.4961557388305664,-2.4377840190936695e-07,0.35993197560310364,0.49114829301834106,-0.023328036069869995,0.4195323884487152,0.4732852876186371,-0.04545237123966217,0.4541480243206024,0.45635613799095154,-0.06722854822874069,0.43671584129333496,0.4471120238304138,-0.08572589606046677,0.401283323764801,0.28810277581214905,-0.034433912485837936,0.4333808422088623,0.38215890526771545,-0.07294753938913345,0.42090651392936707,0.43690168857574463,-0.09904155880212784,0.4106614589691162,0.4312429428100586,-0.11592160165309906,0.3505508601665497,0.28912419080734253,-0.04213811457157135,0.38451313972473145,0.40919414162635803,-0.07311612367630005,0.378897488117218,0.45732733607292175,-0.08446487039327621,0.3743531405925751,0.43963125348091125,-0.09291963279247284,0.30357158184051514,0.31886327266693115,-0.05340719223022461,0.3383941650390625,0.42945367097854614,-0.0811154842376709,0.34300780296325684,0.4694124758243561,-0.08104917407035828,0.34015586972236633,0.4560079574584961,-0.0799439400434494,0.26620787382125854,0.3634670078754425,-0.06769746541976929,0.29771101474761963,0.4487482011318207,-0.08525368571281433,0.31284451484680176,0.47793635725975037,-0.08518652617931366,0.3189827799797058,0.47140470147132874,-0.083160400390625,fist,RRQ_p37,RRQ
0.5970674753189087,0.5267703533172607,-2.552635294250649e-07,0.6840955018997192,0.5481194257736206,0.007918749004602432,0.7570789456367493,0.5573620796203613,-0.009432525373995304,0.8121576309204102,0.5865284204483032,-0.0320802740752697,0.8503949046134949,0.61431884765625,-0.051497168838977814,0.7893259525299072,0.41130828857421875,-0.03382791206240654,0.8440706133842468,0.514336109161377,-0.058905649930238724,0.8091290593147278,0.5444009304046631,-0.06669662147760391,0.7845114469528198,0.5282105207443237,-0.07328495383262634,0.7509294748306274,0.4140007495880127,-0.05764954164624214,0.8020093441009521,0.5537742972373962,-0.07897410541772842,0.7617979049682617,0.5728137493133545,-0.07454878091812134,0.7451205849647522,0.5453552007675171,-0.07617808878421783,0.7087541818618774,0.44173064827919006,-0.08070302754640579,0.7538567781448364,0.5845363736152649,-0.09424586594104767,0.7194814085960388,0.5897229909896851,-0.07707654684782028,0.7030881643295288,0.5573891401290894,-0.0711061954498291,0.6679526567459106,0.48148199915885925,-0.10456841439008713,0.7093811631202698,0.5933824181556702,-0.1096830740571022,0.6880162954330444,0.5965962409973145,-0.09849107265472412,0.6740617156028748,0.5672081112861633,-0.09420228749513626,fist,RRQ_p37,RRQ
0.6566909551620483,0.5564086437225342,-3.04541856621654e-07,0.7240675091743469,0.5174102783203125,-0.014321884140372276,0.7711727619171143,0.45724576711654663,-0.02745298482477665,0.8061559796333313,0.4019046127796173,-0.04284318909049034,0.8117033243179321,0.34922197461128235,-0.05172204226255417,0.6943110227584839,0.3303624093532562,0.0014586991164833307,0.7692933678627014,0.315670371055603,-0.032466065138578415,0.7664117813110352,0.3841506540775299,-0.05143247917294502,0.7427682280540466,0.40261131525039673,-0.06039667874574661,0.6734181046485901,0.3252037763595581,-0.0054863630793988705,0.7649295330047607,0.32643312215805054,-0.03910532221198082,0.7574559450149536,0.4030124247074127,-0.04628368839621544,0.7303164005279541,0.4120060205459595,-0.044765107333660126,0.6597253084182739,0.33335670828819275,-0.017895543947815895,0.7502910494804382,0.3525375425815582,-0.04984197020530701,0.7390097379684448,0.42293882369995117,-0.04481041431427002,0.70961993932724,0.43131914734840393,-0.034147415310144424,0.6533533930778503,0.3508411645889282,-0.032097913324832916,0.7311715483665466,0.3737339973449707,-0.04824842885136604,0.7231955528259277,0.4239996671676636,-0.0430557020008564,0.6955005526542664,0.435109406709671,-0.034977346658706665,fist,RRQ_p37,RRQ
0.2606126070022583,0.5201771855354309,-8.844336463198488e-08,0.2973225712776184,0.500777542591095,-0.01818200945854187,0.3340984284877777,0.4464412331581116,-0.027282794937491417,0.3536423444747925,0.39193883538246155,-0.03707648813724518,0.3356624245643616,0.3584815263748169,-0.04334808886051178,0.3295283913612366,0.38498201966285706,0.0015735236229375005,0.34580889344215393,0.3449135422706604,-0.020602930337190628,0.3504489064216614,0.36162033677101135,-0.029040416702628136,0.34265777468681335,0.3793659210205078,-0.02939942292869091,0.30044546723365784,0.38030341267585754,0.00131498952396214,0.3144904375076294,0.3449903130531311,-0.018923580646514893,0.3125082552433014,0.40435853600502014,-0.016930382698774338,0.3054615557193756,0.413373738527298,-0.008041191846132278,0.27221155166625977,0.38470908999443054,-0.004256079439073801,0.2864933907985687,0.36509940028190613,-0.029922248795628548,0.2885131537914276,0.4203318953514099,-0.019327037036418915,0.28019487857818604,0.42783355712890625,-0.004267615731805563,0.24193385243415833,0.39404359459877014,-0.011379845440387726,0.2604578733444214,0.3829650282859802,-0.026666630059480667,0.26505690813064575,0.42040449380874634,-0.01676076650619507,0.25787147879600525,0.427632212638855,-0.004499795380979776,fist,RRQ_p37,RRQ
0.23903080821037292,0.5777146816253662,-1.7449383449275047e-07,0.28700342774391174,0.5705693960189819,-0.012948712334036827,0.3251344561576843,0.5587282180786133,-0.02556671015918255,0.3489115238189697,0.5466780066490173,-0.038327232003211975,0.3384273946285248,0.5408380627632141,-0.048871785402297974,0.3094083070755005,0.44959762692451477,-0.016680177301168442,0.33206993341445923,0.4963853359222412,-0.03793076053261757,0.3236115872859955,0.5287836790084839,-0.05280149355530739,0.3159346580505371,0.5308940410614014,-0.06262469291687012,0.2792849838733673,0.4508250653743744,-0.02120429463684559,0.30495721101760864,0.5163625478744507,-0.03877650573849678,0.29853740334510803,0.5426995158195496,-0.04548627510666847,0.2918130159378052,0.5359567403793335,-0.05056018754839897,0.2516544759273529,0.4682196080684662,-0.027998965233564377,0.2780914306640625,0.5328018069267273,-0.04175068810582161,0.2752894163131714,0.5481213927268982,-0.042108383029699326,0.2684747576713562,0.5335542559623718,-0.042516760528087616,0.22904354333877563,0.4937434196472168,-0.03669324517250061,0.2524329125881195,0.5441181659698486,-0.044753797352313995,0.25340354442596436,0.5534058809280396,-0.04507167264819145,0.2486230432987213,0.5397622585296631,-0.044857535511255264,fist,RRQ_p37,RRQ
0.584347665309906,0.5589911341667175,-2.8293339937590645e-07,0.6432917714118958,0.5585500597953796,-0.013523406349122524,0.6976429224014282,0.5316191911697388,-0.025144526734948158,0.7365628480911255,0.5024120211601257,-0.03789585456252098,0.7363708019256592,0.46586182713508606,-0.046462394297122955,0.6780534982681274,0.400369793176651,-0.007773019373416901,0.7334608435630798,0.42044779658317566,-0.03622071444988251,0.7176112532615662,0.4717649519443512,-0.05247308686375618,0.698341429233551,0.48195603489875793,-0.06071413680911064,0.6552004814147949,0.3876214623451233,-0.014215421862900257,0.715444028377533,0.43171024322509766,-0.04256691783666611,0.6925466656684875,0.4880373179912567,-0.049439992755651474,0.6726633906364441,0.4944106936454773,-0.04875174164772034,0.6334095001220703,0.3931801915168762,-0.024542558938264847,0.6847809553146362,0.4573398530483246,-0.04914197325706482,0.6608259081840515,0.5006781220436096,-0.04566637799143791,0.6415702700614929,0.49660724401474,-0.03827233240008354,0.6140909790992737,0.41259151697158813,-0.036756936460733414,0.6547870635986328,0.47269734740257263,-0.04906634986400604,0.6390337347984314,0.5018022656440735,-0.0455566942691803,0.6215501427650452,0.4950324594974518,-0.04004934802651405,fist,RRQ_p37,RRQ
0.6584381461143494,0.697324275970459,6.229321343198535e-07,0.5859323143959045,0.6543743014335632,-0.036062102764844894,0.5347985029220581,0.5683427453041077,-0.056848764419555664,0.5023200511932373,0.4904007017612457,-0.07463240623474121,0.46374833583831787,0.4357123374938965,-0.09234055131673813,0.5890637636184692,0.43077170848846436,-0.03332087770104408,0.5886343717575073,0.32257866859436035,-0.061287835240364075,0.5913045406341553,0.25429490208625793,-0.08491567522287369,0.5973061323165894,0.19186565279960632,-0.10228903591632843,0.6364336013793945,0.4263579845428467,-0.03671473264694214,0.641228199005127,0.3031761646270752,-0.05968335270881653,0.6465147137641907,0.2235276997089386,-0.0799233615398407,0.6529346704483032,0.1533704400062561,-0.09525161236524582,0.6792992949485779,0.4461948275566101,-0.04511062428355217,0.6866766810417175,0.33333295583724976,-0.06980711966753006,0.6904087066650391,0.26034364104270935,-0.08554349094629288,0.693016767501831,0.19340071082115173,-0.09703852981328964,0.7206668257713318,0.48374664783477783,-0.0568908266723156,0.738952100276947,0.4009868800640106,-0.07902573049068451,0.74989914894104,0.3458455801010132,-0.08804492652416229,0.7570974826812744,0.2920294404029846,-0.09439510107040405,open_palm,RRQ_p37,RRQ
0.6856444478034973,0.6924664974212646,7.061945552777615e-07,0.6135833263397217,0.6493719816207886,-0.03315141052007675,0.5460968017578125,0.5866276621818542,-0.05522537603974342,0.48599958419799805,0.5453057289123535,-0.07581213116645813,0.43250417709350586,0.5281594395637512,-0.09743773192167282,0.6204865574836731,0.41480880975723267,-0.03507528826594353,0.6074120998382568,0.3029678463935852,-0.055937714874744415,0.6014419198036194,0.23722319304943085,-0.07271786034107208,0.5979943871498108,0.18042925000190735,-0.08654918521642685,0.6755825877189636,0.41078299283981323,-0.04037748649716377,0.6946439743041992,0.2885393798351288,-0.057292111217975616,0.7086944580078125,0.21504074335098267,-0.07344958186149597,0.7225775718688965,0.15429747104644775,-0.08739223331212997,0.7231281399726868,0.4335651397705078,-0.05050079897046089,0.7575625777244568,0.32762736082077026,-0.07615955173969269,0.7756014466285706,0.25953301787376404,-0.09755653142929077,0.7907867431640625,0.19903084635734558,-0.11295272409915924,0.7626245021820068,0.4771488606929779,-0.06317426264286041,0.8165744543075562,0.4146605134010315,-0.09023994952440262,0.8519629240036011,0.36928075551986694,-0.10546538978815079,0.8814348578453064,0.3238084316253662,-0.11593364924192429,open_palm,RRQ_p37,RRQ
0.6617118716239929,0.5968140959739685,3.90194344390693e-07,0.617622971534729,0.576384961605072,-0.024410374462604523,0.5761524438858032,0.5407806634902954,-0.039017461240291595,0.5400550961494446,0.5087745189666748,-0.05141151323914528,0.508907675743103,0.4948539733886719,-0.06342338025569916,0.607893168926239,0.4432665705680847,-0.02042921632528305,0.5993468165397644,0.3784298896789551,-0.035214029252529144,0.5961399078369141,0.33815667033195496,-0.048228610306978226,0.5944908261299133,0.3031827211380005,-0.05801989138126373,0.6357684135437012,0.4339929521083832,-0.020258577540516853,0.6352523565292358,0.3611937463283539,-0.03161069378256798,0.6358472108840942,0.3165399432182312,-0.041419025510549545,0.6366785764694214,0.27717718482017517,-0.049053553491830826,0.6626201868057251,0.43952807784080505,-0.02348792366683483,0.6645071506500244,0.37338438630104065,-0.03578750416636467,0.664562463760376,0.3310045003890991,-0.04359050095081329,0.663616418838501,0.29362815618515015,-0.049313634634017944,0.6890665888786316,0.45589616894721985,-0.02918979898095131,0.6971732378005981,0.40641066431999207,-0.040170397609472275,0.7007831335067749,0.37381821870803833,-0.044184841215610504,0.7028127312660217,0.3432522416114807,-0.046932727098464966,open_palm,RRQ_p37,RRQ
0.4393840432167053,0.6033441424369812,3.7023247045908647e-07,0.3874911665916443,0.609588623046875,-0.022931454703211784,0.33456316590309143,0.5875210165977478,-0.03631402552127838,0.2917846441268921,0.5663204193115234,-0.0478849820792675,0.254384845495224,0.5604397654533386,-0.059308215975761414,0.33504727482795715,0.4744581878185272,-0.019004391506314278,0.3055340349674225,0.4136972427368164,-0.03451530262827873,0.28902241587638855,0.375817209482193,-0.04810047894716263,0.275910347700119,0.3417387008666992,-0.05863255262374878,0.3596187233924866,0.4521738886833191,-0.021115444600582123,0.332258939743042,0.3800770342350006,-0.03346072882413864,0.31781768798828125,0.33477240800857544,-0.04457628354430199,0.3060753643512726,0.29518923163414,-0.05344875529408455,0.38827812671661377,0.44534409046173096,-0.026636134833097458,0.3636913001537323,0.379495233297348,-0.04011213779449463,0.3490605056285858,0.33928775787353516,-0.04860231280326843,0.33522191643714905,0.3026750683784485,-0.05547020211815834,0.4208051562309265,0.44872260093688965,-0.034552451223134995,0.40947359800338745,0.3972611427307129,-0.04717201739549637,0.40258416533470154,0.36356687545776367,-0.05210265889763832,0.39503464102745056,0.3309124708175659,-0.055903784930706024,open_palm,RRQ_p37,RRQ
0.7019779682159424,0.4983353912830353,5.050123377259297e-07,0.6543562412261963,0.45719224214553833,-0.029461922124028206,0.6216702461242676,0.39416536688804626,-0.043929897248744965,0.5966320037841797,0.3380521237850189,-0.05575956031680107,0.5658958554267883,0.30796751379966736,-0.06664063036441803,0.6646347045898438,0.2947773039340973,-0.0164151843637228,0.6690537929534912,0.21397389471530914,-0.03250512480735779,0.6744265556335449,0.16556084156036377,-0.04794168844819069,0.6814669966697693,0.12315346300601959,-0.059350818395614624,0.6973738074302673,0.29112863540649414,-0.01500021293759346,0.7094544768333435,0.20300422608852386,-0.026301760226488113,0.7181099653244019,0.14939220249652863,-0.03821607679128647,0.7267724871635437,0.10383397340774536,-0.04767578840255737,0.7261788249015808,0.3044087588787079,-0.018112152814865112,0.7389659881591797,0.2249700427055359,-0.03035658411681652,0.7465754151344299,0.1763838529586792,-0.03869614005088806,0.7531427145004272,0.13398559391498566,-0.04522465541958809,0.7533048987388611,0.3304809033870697,-0.024592971429228783,0.770991325378418,0.2744085192680359,-0.03524141013622284,0.7827019691467285,0.23782679438591003,-0.0387963205575943,0.7931041717529297,0.2033194750547409,-0.04147636145353317,open_palm,RRQ_p37,RRQ
0.7304607629776001,0.7546658515930176,4.900680892205855e-07,0.68362957239151,0.7223640084266663,-0.02906806766986847,0.6541727781295776,0.6663599610328674,-0.04501829296350479,0.6322021484375,0.6141468286514282,-0.05792269483208656,0.6026585698127747,0.5818347334861755,-0.07075542211532593,0.6988756060600281,0.5708084106445312,-0.02600237913429737,0.7078916430473328,0.49783656001091003,-0.04433853551745415,0.7165542840957642,0.4517843425273895,-0.06028981879353523,0.7255977988243103,0.41028714179992676,-0.07229553163051605,0.733450174331665,0.5686911344528198,-0.025406276807188988,0.7503621578216553,0.4892432391643524,-0.0402512326836586,0.7630640864372253,0.43872594833374023,-0.053818345069885254,0.7742031216621399,0.3923025131225586,-0.06445015221834183,0.7620315551757812,0.583240807056427,-0.028451554477214813,0.7802631258964539,0.5091869235038757,-0.04521472007036209,0.7903008460998535,0.463095486164093,-0.0561666265130043,0.7976872324943542,0.41928011178970337,-0.06412087380886078,0.7872751951217651,0.6100559830665588,-0.03411349654197693,0.8108591437339783,0.5583840608596802,-0.04972284287214279,0.8256064057350159,0.5249195694923401,-0.056225329637527466,0.8371054530143738,0.49079710245132446,-0.060617346316576004,open_palm,RRQ_p37,RRQ
0.3702290654182434,0.5878861546516418,3.9868956491773133e-07,0.31115883588790894,0.5818906426429749,-0.025072185322642326,0.2546468675136566,0.5412226915359497,-0.038791969418525696,0.21174782514572144,0.5037277936935425,-0.050666291266679764,0.17234107851982117,0.48210373520851135,-0.06232333928346634,0.27351951599121094,0.4210258722305298,-0.0193225909024477,0.2441623955965042,0.35203608870506287,-0.03665052354335785,0.2252330183982849,0.3096019923686981,-0.05187704786658287,0.20903781056404114,0.2703772187232971,-0.0639418289065361,0.30367380380630493,0.4023289084434509,-0.022125788033008575,0.28584665060043335,0.3152441084384918,-0.03653772175312042,0.2748338282108307,0.2609468102455139,-0.04923829063773155,0.26537787914276123,0.21335259079933167,-0.05914740264415741,0.33538761734962463,0.4029923379421234,-0.028909165412187576,0.31965211033821106,0.3241167664527893,-0.04533740133047104,0.30699819326400757,0.2753358483314514,-0.05549250915646553,0.2943168878555298,0.22989380359649658,-0.0632057711482048,0.3693373203277588,0.41641363501548767,-0.03824951872229576,0.3680301308631897,0.35544633865356445,-0.05319036543369293,0.36463722586631775,0.31419068574905396,-0.05907583236694336,0.3592073917388916,0.273904949426651,-0.06360992044210434,open_palm,RRQ_p37,RRQ
0.28720974922180176,0.5932562351226807,3.493504436846706e-07,0.3481426239013672,0.567610502243042,-0.024587634950876236,0.3916204869747162,0.5080322027206421,-0.03295467793941498,0.4125198721885681,0.4491265118122101,-0.04019076004624367,0.40253716707229614,0.4095930755138397,-0.04762977361679077,0.36213549971580505,0.3829518258571625,-0.01575935073196888,0.37518855929374695,0.29966285824775696,-0.03147616982460022,0.3798842132091522,0.2488200068473816,-0.04673405736684799,0.3826815187931061,0.20263630151748657,-0.05862255021929741,0.3273288905620575,0.3713681399822235,-0.01739218831062317,0.33889636397361755,0.27958518266677856,-0.031698618084192276,0.34427914023399353,0.21712695062160492,-0.04765547066926956,0.3474881947040558,0.16345705091953278,-0.0601622611284256,0.2924206256866455,0.38087964057922363,-0.0226018987596035,0.2961605191230774,0.29344022274017334,-0.037446554750204086,0.2997533977031708,0.23705533146858215,-0.05213293805718422,0.30272242426872253,0.1871313452720642,-0.06291121989488602,0.25601980090141296,0.4056987464427948,-0.030516698956489563,0.25010979175567627,0.33736759424209595,-0.04726877063512802,0.24637599289417267,0.2888060212135315,-0.058107249438762665,0.2448675036430359,0.24180211126804352,-0.06553011387586594,open_palm,RRQ_p37,RRQ
0.5542024374008179,0.7156662940979004,3.1362640129373176e-07,0.613205075263977,0.7145029902458191,-0.012693366967141628,0.6636881828308105,0.6782915592193604,-0.021532369777560234,0.7027856707572937,0.6460697650909424,-0.031720105558633804,0.7368990182876587,0.6205472946166992,-0.04312160611152649,0.6709009408950806,0.5743531584739685,-0.0174346175044775,0.7055200338363647,0.5084719061851501,-0.03712625429034233,0.7286554574966431,0.4692250192165375,-0.052579935640096664,0.7506115436553955,0.43465012311935425,-0.06397870928049088,0.6470828652381897,0.5562487244606018,-0.02636151760816574,0.6796169877052307,0.4789579510688782,-0.04493473097681999,0.7045758366584778,0.42834216356277466,-0.060512177646160126,0.7270339131355286,0.3834983706474304,-0.07209181785583496,0.6170765161514282,0.5547131299972534,-0.03744916245341301,0.6388768553733826,0.4767279624938965,-0.056002791970968246,0.6579424738883972,0.42749541997909546,-0.06827060878276825,0.6775646805763245,0.38371217250823975,-0.07684379816055298,0.5825844407081604,0.5648248791694641,-0.04977511614561081,0.593521773815155,0.5031901597976685,-0.06812616437673569,0.6058018207550049,0.4622946083545685,-0.07690808922052383,0.6195367574691772,0.42319250106811523,-0.08251500129699707,open_palm,RRQ_p37,RRQ
0.6428070068359375,0.5010584592819214,3.2805812111291743e-07,0.695152759552002,0.5055155754089355,-0.019543208181858063,0.7401108145713806,0.4749724268913269,-0.028392117470502853,0.775943398475647,0.4411260187625885,-0.03696282580494881,0.8039919137954712,0.41304320096969604,-0.045401230454444885,0.7403814792633057,0.35519152879714966,-0.012296406552195549,0.7725647687911987,0.29333141446113586,-0.02760433778166771,0.7931250333786011,0.2569023370742798,-0.04113537073135376,0.8116106390953064,0.22589385509490967,-0.05085969343781471,0.7177714109420776,0.3318062126636505,-0.0149301802739501,0.746845006942749,0.2566642761230469,-0.027787955477833748,0.7669370174407959,0.20884816348552704,-0.040550533682107925,0.7834958434104919,0.16876357793807983,-0.05014045536518097,0.6909061074256897,0.32579895853996277,-0.020792894065380096,0.7104450464248657,0.25263550877571106,-0.03409601375460625,0.7262538075447083,0.20774611830711365,-0.044762447476387024,0.7407841682434082,0.16900046169757843,-0.052227649837732315,0.6601879000663757,0.3322385549545288,-0.028842419385910034,0.6686592102050781,0.2732106149196625,-0.042245347052812576,0.6772502064704895,0.23304790258407593,-0.04914403706789017,0.6876627802848816,0.19609981775283813,-0.053545817732810974,open_palm,RRQ_p37,RRQ
0.30811309814453125,0.7923600077629089,3.763425695524347e-07,0.35791802406311035,0.7683364748954773,-0.0278986394405365,0.39825963973999023,0.7254073023796082,-0.04333902895450592,0.4233931601047516,0.6878295540809631,-0.05703665316104889,0.43610790371894836,0.6520975232124329,-0.07124730199575424,0.36416465044021606,0.6160900592803955,-0.033284954726696014,0.37174275517463684,0.5413099527359009,-0.055817656219005585,0.3758906424045563,0.49489256739616394,-0.07352479547262192,0.3781028985977173,0.45117002725601196,-0.08624358475208282,0.32726994156837463,0.6100596785545349,-0.03547803312540054,0.3277672231197357,0.525084376335144,-0.05538486689329147,0.3278334140777588,0.4706461727619171,-0.0721743255853653,0.32663652300834656,0.4223508834838867,-0.08466474711894989,0.2934705913066864,0.623874306678772,-0.04063994437456131,0.28635114431381226,0.5470537543296814,-0.060104504227638245,0.28144049644470215,0.49550920724868774,-0.07455409318208694,0.27769333124160767,0.4479025602340698,-0.08457592874765396,0.2619299590587616,0.6524224877357483,-0.04834500327706337,0.2466333955526352,0.5951502919197083,-0.06763845682144165,0.23692195117473602,0.5570428371429443,-0.07754190266132355,0.22976115345954895,0.51838618516922,-0.0837765708565712,open_palm,RRQ_p37,RRQ
0.2633635699748993,0.5518265962600708,4.0366822418036463e-07,0.31582140922546387,0.5126681327819824,-0.029725393280386925,0.35205426812171936,0.445613294839859,-0.04226895794272423,0.3729376792907715,0.3838484287261963,-0.05285446718335152,0.3647381663322449,0.34142693877220154,-0.06337881833314896,0.29761630296707153,0.3284081816673279,-0.026525434106588364,0.2943214476108551,0.24155071377754211,-0.046264465898275375,0.29025596380233765,0.18790069222450256,-0.06382659077644348,0.2848539650440216,0.1390480250120163,-0.0768958330154419,0.2598796486854553,0.3273257911205292,-0.027081454172730446,0.25121966004371643,0.22958697378635406,-0.04426686838269234,0.24416950345039368,0.1652831882238388,-0.06174974888563156,0.23621727526187897,0.10971963405609131,-0.07513456791639328,0.22588053345680237,0.3462570309638977,-0.031156940385699272,0.20951703190803528,0.25740647315979004,-0.04792572930455208,0.2000078409910202,0.1995375156402588,-0.06317387521266937,0.19168061017990112,0.1486712396144867,-0.07413046807050705,0.19398438930511475,0.3803933560848236,-0.03831389173865318,0.17166826128959656,0.316353976726532,-0.055969711393117905,0.15659764409065247,0.2718294560909271,-0.06664576381444931,0.14458465576171875,0.22792664170265198,-0.0736510306596756,open_palm,RRQ_p37,RRQ
0.5917473435401917,0.6656785011291504,3.3154717016259383e-07,0.6495967507362366,0.6664336919784546,-0.019484514370560646,0.6982452273368835,0.6315336227416992,-0.031383682042360306,0.7348048686981201,0.6005883812904358,-0.04334988817572594,0.7677002549171448,0.5802438259124756,-0.05619167536497116,0.7001068592071533,0.505768895149231,-0.02655155584216118,0.7351434826850891,0.43683212995529175,-0.04755306616425514,0.7584632635116577,0.395355761051178,-0.06363005936145782,0.778425395488739,0.3571193218231201,-0.07577978819608688,0.671108067035675,0.4864635467529297,-0.03248797729611397,0.694271981716156,0.4002755582332611,-0.051903728395700455,0.7118403911590576,0.34459632635116577,-0.067591592669487,0.7250380516052246,0.2956375479698181,-0.07948309928178787,0.639245331287384,0.48967552185058594,-0.04082934930920601,0.6476765871047974,0.40695998072624207,-0.060639675706624985,0.6570576429367065,0.35081934928894043,-0.07496684044599533,0.6663224697113037,0.30085715651512146,-0.08493904024362564,0.6060716509819031,0.5098341107368469,-0.050971370190382004,0.6017447710037231,0.4436793625354767,-0.07168475538492203,0.6016666293144226,0.3968580961227417,-0.08316648006439209,0.604264497756958,0.3525095582008362,-0.09039147943258286,open_palm,RRQ_p37,RRQ
0.2971422076225281,0.7051509618759155,3.2068490440906317e-07,0.34768909215927124,0.6655830144882202,-0.027059508487582207,0.3778286874294281,0.5971972942352295,-0.039276622235774994,0.3834846615791321,0.5383204221725464,-0.04961846023797989,0.37238121032714844,0.4984274208545685,-0.06055117025971413,0.33025407791137695,0.5023056864738464,-0.02808344177901745,0.31975844502449036,0.42476797103881836,-0.049622781574726105,0.30994337797164917,0.3758895993232727,-0.06709951162338257,0.30026111006736755,0.3307257294654846,-0.07963885366916656,0.29365256428718567,0.5035063028335571,-0.029607869684696198,0.2816716134548187,0.4127640128135681,-0.04917535185813904,0.2722868323326111,0.35340017080307007,-0.06594391167163849,0.26356199383735657,0.299790620803833,-0.07806386053562164,0.262540340423584,0.5220092535018921,-0.03416111692786217,0.24825552105903625,0.4393579065799713,-0.05208517983555794,0.24104271829128265,0.3838672935962677,-0.0646519809961319,0.23520398139953613,0.33300554752349854,-0.07328717410564423,0.23445525765419006,0.5541421175003052,-0.04147031158208847,0.22254368662834167,0.49058884382247925,-0.05719033628702164,0.2179872691631317,0.4479547142982483,-0.06473603844642639,0.21521374583244324,0.406505823135376,-0.06976654380559921,open_palm,RRQ_p37,RRQ
0.2834908962249756,0.5465714931488037,2.4710226398383384e-07,0.3379216492176056,0.5062764286994934,-0.015824824571609497,0.366995632648468,0.4340943396091461,-0.016292624175548553,0.3772047162055969,0.37414008378982544,-0.016682559624314308,0.3593674302101135,0.3413267731666565,-0.017046673223376274,0.3209136128425598,0.3386084735393524,0.0019666762091219425,0.315311998128891,0.26103508472442627,-0.006469731219112873,0.31039249897003174,0.21675705909729004,-0.017486535012722015,0.3055282533168793,0.17859192192554474,-0.026094911620020866,0.2882879376411438,0.3367234170436859,0.0005466265138238668,0.280357301235199,0.2515519857406616,-0.006175349000841379,0.2751365602016449,0.19707587361335754,-0.017872953787446022,0.27009910345077515,0.15316002070903778,-0.027116132900118828,0.25922104716300964,0.3510691523551941,-0.004245202988386154,0.2490406036376953,0.27436211705207825,-0.011893565766513348,0.2461945116519928,0.22432361543178558,-0.022452060133218765,0.24355843663215637,0.18165893852710724,-0.03049110621213913,0.23149625957012177,0.3776792883872986,-0.011261154897511005,0.22320425510406494,0.31705963611602783,-0.019278548657894135,0.2190397083759308,0.2784317135810852,-0.024523044005036354,0.21658185124397278,0.24234390258789062,-0.02856556698679924,open_palm,RRQ_p37,RRQ
0.7473601698875427,0.6099957227706909,-3.380592374924163e-07,0.7222774028778076,0.5434359312057495,0.00391641678288579,0.6758926510810852,0.47762739658355713,-0.003964889328926802,0.6509947180747986,0.4217975437641144,-0.013726153410971165,0.6600733399391174,0.3705180287361145,-0.023502977564930916,0.6600682139396667,0.4647042453289032,-0.026061570271849632,0.5831857919692993,0.4986765384674072,-0.04739190638065338,0.6027851700782776,0.5189346075057983,-0.05479143187403679,0.6282545328140259,0.5123688578605652,-0.05710422247648239,0.6672635674476624,0.5069583058357239,-0.03705219924449921,0.5865709781646729,0.546527087688446,-0.05494435504078865,0.6104159951210022,0.5561790466308594,-0.050447527319192886,0.6354609131813049,0.5445664525032043,-0.04695245251059532,0.6733468770980835,0.5552310347557068,-0.04772920906543732,0.6025272607803345,0.5860788226127625,-0.06417454779148102,0.6267536878585815,0.5916575789451599,-0.05179392546415329,0.6513051986694336,0.5808566212654114,-0.041921116411685944,0.6785620450973511,0.602811336517334,-0.057582590728998184,0.6207537651062012,0.6215964555740356,-0.06840444356203079,0.6403780579566956,0.6222909092903137,-0.06034109741449356,0.6634144186973572,0.6131630539894104,-0.05268477275967598,thumbs_up,RRQ_p37,RRQ
0.48146194219589233,0.5973708033561707,-1.7614112834962725e-07,0.45375320315361023,0.5309955477714539,-0.00018875784007832408,0.41169488430023193,0.4697674512863159,-0.008899714797735214,0.3893246650695801,0.4163163900375366,-0.019684357568621635,0.3896377682685852,0.3675819933414459,-0.030540846288204193,0.35828471183776855,0.4822606146335602,-0.01553422026336193,0.2993500828742981,0.5275066494941711,-0.03112037479877472,0.32109197974205017,0.5427157282829285,-0.0393652468919754,0.34464654326438904,0.530852735042572,-0.04347139224410057,0.35960787534713745,0.5269175171852112,-0.023285221308469772,0.30250072479248047,0.5729852318763733,-0.03643379732966423,0.32747507095336914,0.5813705325126648,-0.03560236841440201,0.35218164324760437,0.5661500692367554,-0.03396046534180641,0.3660007417201996,0.5739221572875977,-0.03103809989988804,0.31992846727371216,0.6143444180488586,-0.041135091334581375,0.3444646894931793,0.6177862882614136,-0.03226906806230545,0.3666696846485138,0.6017560958862305,-0.02533579431474209,0.37604328989982605,0.6191350221633911,-0.03898568078875542,0.34373369812965393,0.6456253528594971,-0.04406098648905754,0.3669258952140808,0.6459757089614868,-0.035508230328559875,0.38727548718452454,0.6323668956756592,-0.027673741802573204,thumbs_up,RRQ_p37,RRQ
0.38268566131591797,0.45776188373565674,-4.842532348448003e-07,0.3459635376930237,0.3873821794986725,-0.002139393473044038,0.32586604356765747,0.306249737739563,-0.009703699499368668,0.31977248191833496,0.24170243740081787,-0.017601925879716873,0.32975712418556213,0.19817785918712616,-0.02314186282455921,0.34338653087615967,0.23640471696853638,-0.025022301822900772,0.2529764175415039,0.24784338474273682,-0.049682408571243286,0.25837650895118713,0.29352474212646484,-0.057193078100681305,0.2827734351158142,0.3029625415802002,-0.059209078550338745,0.35464560985565186,0.2695036232471466,-0.03421506658196449,0.2552739977836609,0.295477032661438,-0.0578915998339653,0.26835957169532776,0.333648681640625,-0.054373230785131454,0.2928667366504669,0.33763542771339417,-0.04998823255300522,0.358058899641037,0.31506234407424927,-0.044615037739276886,0.267877459526062,0.34710511565208435,-0.06743505597114563,0.2830902636051178,0.37992382049560547,-0.055875252932310104,0.3069944679737091,0.3803272843360901,-0.04519139230251312,0.35645928978919983,0.36767578125,-0.05507030710577965,0.2841871678829193,0.3957729637622833,-0.06976747512817383,0.2940089702606201,0.41786909103393555,-0.0649605393409729,0.3149195611476898,0.415122926235199,-0.05861147865653038,thumbs_up,RRQ_p37,RRQ
0.7470232844352722,0.5005463361740112,-7.41877897780796e-07,0.7262237071990967,0.42965853214263916,-0.04714376479387283,0.7401090264320374,0.3472033441066742,-0.0719720870256424,0.7601640820503235,0.2867925763130188,-0.08960549533367157,0.7793813943862915,0.2219150811433792,-0.1019613966345787,0.8391340970993042,0.36713844537734985,-0.056136056780815125,0.7690429091453552,0.41369038820266724,-0.09397353231906891,0.7379220128059387,0.42141711711883545,-0.11462462693452835,0.7500073313713074,0.4110569655895233,-0.12793174386024475,0.864335298538208,0.42836669087409973,-0.04953529313206673,0.7762656807899475,0.4736062288284302,-0.08451839536428452,0.7357343435287476,0.46589353680610657,-0.09062264114618301,0.7400220036506653,0.4511626362800598,-0.09291863441467285,0.8697903156280518,0.487307608127594,-0.04807574674487114,0.7810382843017578,0.5251232385635376,-0.08586357533931732,0.7440505027770996,0.5127587914466858,-0.07953274250030518,0.7493453025817871,0.49739521741867065,-0.0706445723772049,0.8642147779464722,0.5404548048973083,-0.05133809149265289,0.7945554256439209,0.5657079219818115,-0.08141756802797318,0.7626622915267944,0.5532556772232056,-0.08239809423685074,0.7609564065933228,0.5350541472434998,-0.07811757922172546,thumbs_up,RRQ_p37,RRQ
0.8020846247673035,0.7696239948272705,-7.774456207698677e-07,0.7682332992553711,0.6783084273338318,-0.054925188422203064,0.7929045557975769,0.5866430401802063,-0.0777333527803421,0.8271343111991882,0.524387001991272,-0.09084721654653549,0.8518412709236145,0.45399653911590576,-0.0967060774564743,0.897240400314331,0.6309514045715332,-0.06161542236804962,0.8340765237808228,0.6846923828125,-0.09069744497537613,0.799543023109436,0.6713782548904419,-0.10078776627779007,0.8099109530448914,0.6446321606636047,-0.1096901074051857,0.9233722686767578,0.6895150542259216,-0.05146636813879013,0.832450270652771,0.7452324032783508,-0.08357816934585571,0.7975194454193115,0.7192497253417969,-0.0882798358798027,0.8148847222328186,0.6892051100730896,-0.09177348762750626,0.9269484877586365,0.7453663349151611,-0.046524032950401306,0.8365822434425354,0.7886395454406738,-0.08196204900741577,0.8063496351242065,0.7630960941314697,-0.07685725390911102,0.822181224822998,0.7368459701538086,-0.07195986062288284,0.9186806678771973,0.7916550636291504,-0.04713728651404381,0.8448960781097412,0.8273879289627075,-0.0825384184718132,0.8189236521720886,0.8079327344894409,-0.09076829999685287,0.8268577456474304,0.7821833491325378,-0.09295926988124847,thumbs_up,RRQ_p37,RRQ
0.44892817735671997,0.7256159782409668,-2.3607573496065015e-07,0.40089350938796997,0.6473814845085144,-0.011314194649457932,0.34838637709617615,0.5629556179046631,-0.032266996800899506,0.32664254307746887,0.4935532808303833,-0.05057203397154808,0.3345353603363037,0.42894041538238525,-0.06914371997117996,0.37155699729919434,0.5840638279914856,-0.07684241235256195,0.26651519536972046,0.6341553330421448,-0.1046001985669136,0.2888685166835785,0.635219395160675,-0.10976571589708328,0.31989216804504395,0.6212887167930603,-0.11061199009418488,0.38998255133628845,0.6467633247375488,-0.08575733751058578,0.27239668369293213,0.6978841423988342,-0.11058580130338669,0.2955913543701172,0.6858804821968079,-0.10391900688409805,0.32911217212677,0.6727623343467712,-0.10190412402153015,0.40229669213294983,0.7077149748802185,-0.0928039625287056,0.29765039682388306,0.7436287999153137,-0.11571212112903595,0.3213745951652527,0.7290105223655701,-0.09982528537511826,0.3526477813720703,0.7155746817588806,-0.08951085805892944,0.4087487459182739,0.7625023722648621,-0.09971214085817337,0.3268126845359802,0.7793748378753662,-0.11786846071481705,0.34672707319259644,0.7667266726493835,-0.10813825577497482,0.3750077784061432,0.7557005882263184,-0.10053889453411102,thumbs_up,RRQ_p37,RRQ
0.6389074325561523,0.466217577457428,-4.981997676622996e-07,0.6039457321166992,0.37939614057540894,-0.040544282644987106,0.6043004989624023,0.27932456135749817,-0.053671807050704956,0.6125451326370239,0.20900633931159973,-0.05991634726524353,0.6223368644714355,0.15155355632305145,-0.060581792145967484,0.6852734088897705,0.2732625901699066,-0.039141181856393814,0.5995286703109741,0.30060070753097534,-0.07025942206382751,0.5824027061462402,0.3373568058013916,-0.08686164766550064,0.6059329509735107,0.3363206088542938,-0.09638082981109619,0.7092429399490356,0.3317955434322357,-0.032567862421274185,0.6107444167137146,0.3658948242664337,-0.05745049938559532,0.595047116279602,0.383627712726593,-0.06111269071698189,0.6194429993629456,0.373274028301239,-0.062417689710855484,0.7146598100662231,0.3983854353427887,-0.031593434512615204,0.6206638813018799,0.42867088317871094,-0.05876157060265541,0.6068739295005798,0.4312082529067993,-0.05073750391602516,0.6288646459579468,0.41945141553878784,-0.04152894392609596,0.7090978026390076,0.45746469497680664,-0.035008352249860764,0.6335243582725525,0.47782689332962036,-0.05670426785945892,0.6232678294181824,0.47429174184799194,-0.0558461919426918,0.6415793895721436,0.46576160192489624,-0.050724685192108154,thumbs_up,RRQ_p37,RRQ
0.6569112539291382,0.7490238547325134,-6.452264074141567e-07,0.6339417099952698,0.6668752431869507,-0.05731871351599693,0.6476482152938843,0.5787574648857117,-0.08747205138206482,0.6710768342018127,0.5124858617782593,-0.10637717694044113,0.6981021761894226,0.4379865527153015,-0.11782074719667435,0.7521542310714722,0.6148279905319214,-0.08026611059904099,0.6705210208892822,0.6762629151344299,-0.11171912401914597,0.6564834117889404,0.6557781100273132,-0.12300492078065872,0.6772093176841736,0.6294410824775696,-0.13256770372390747,0.7805399894714355,0.6885342597961426,-0.06817649304866791,0.6760721802711487,0.7498874664306641,-0.09721088409423828,0.6679577231407166,0.7183262705802917,-0.0972607433795929,0.6907274723052979,0.6943730115890503,-0.0993548035621643,0.7859272956848145,0.7586913704872131,-0.060057513415813446,0.6866875886917114,0.8049604892730713,-0.09285179525613785,0.6785354018211365,0.7740240097045898,-0.08050177246332169,0.7029541730880737,0.7526854276657104,-0.07102533429861069,0.777538537979126,0.8178320527076721,-0.058133892714977264,0.7020516991615295,0.8518123626708984,-0.09354644268751144,0.6902543306350708,0.8274208307266235,-0.09816437214612961,0.7049916982650757,0.803167462348938,-0.0970422700047493,thumbs_up,RRQ_p37,RRQ
0.2686701714992523,0.5248216986656189,-1.6681444492405717e-07,0.3306486904621124,0.4626971483230591,-0.029626421630382538,0.35872602462768555,0.3802630305290222,-0.04568549990653992,0.3678022027015686,0.3136650323867798,-0.05766900256276131,0.37261998653411865,0.2491351068019867,-0.06759905815124512,0.302426815032959,0.33227622509002686,-0.05426053702831268,0.3563583791255951,0.4143673777580261,-0.09570921212434769,0.36466503143310547,0.4447874128818512,-0.12154825031757355,0.35375550389289856,0.4326106011867523,-0.13795137405395508,0.2614612579345703,0.36899784207344055,-0.05533106252551079,0.3282739222049713,0.46343615651130676,-0.0899113118648529,0.3390597105026245,0.47972917556762695,-0.10020073503255844,0.3288869559764862,0.46289506554603577,-0.10888941586017609,0.2343456745147705,0.420501172542572,-0.05980326980352402,0.2991330325603485,0.5068347454071045,-0.09266350418329239,0.3129839599132538,0.5156607627868652,-0.08918456733226776,0.3059445321559906,0.4952307343482971,-0.08572723716497421,0.21757754683494568,0.4741033613681793,-0.06756404042243958,0.27443650364875793,0.5352897644042969,-0.09446953982114792,0.288735568523407,0.5402953028678894,-0.0968804657459259,0.2847874164581299,0.5260891914367676,-0.09607361257076263,thumbs_up,RRQ_p37,RRQ
0.5617375373840332,0.5893944501876831,-2.6048235213238513e-07,0.6036416888237,0.5281838178634644,-0.004437575116753578,0.6638303995132446,0.47444838285446167,-0.02056792750954628,0.6939536929130554,0.4205528497695923,-0.03702414035797119,0.699297308921814,0.36194515228271484,-0.05106855928897858,0.7095184922218323,0.4935375452041626,-0.043305035680532455,0.7745624780654907,0.5798104405403137,-0.06475279480218887,0.7469572424888611,0.5866574048995972,-0.07295525074005127,0.7233275771141052,0.5616647601127625,-0.07749785482883453,0.6923530101776123,0.5374765396118164,-0.05397291108965874,0.749518096446991,0.6262256503105164,-0.06441012024879456,0.7211642861366272,0.6201247572898865,-0.05826369300484657,0.6993123292922974,0.5911878347396851,-0.05777306482195854,0.6698672771453857,0.5883579254150391,-0.06390651315450668,0.7189452648162842,0.6623217463493347,-0.06739519536495209,0.6947230100631714,0.651907742023468,-0.0512608140707016,0.6748256087303162,0.6254030466079712,-0.04518989473581314,0.6469929814338684,0.6379973292350769,-0.07449549436569214,0.6908071041107178,0.6868945360183716,-0.071360744535923,0.6689906120300293,0.6748617887496948,-0.055869314819574356,0.6476670503616333,0.6514431238174438,-0.04791886359453201,thumbs_up,RRQ_p37,RRQ
0.6743651032447815,0.42070209980010986,-2.804808900691569e-07,0.7063321471214294,0.35275891423225403,0.004486975725740194,0.7470327019691467,0.29724404215812683,-0.006518043112009764,0.7666370272636414,0.24391521513462067,-0.020194701850414276,0.7603198289871216,0.19665409624576569,-0.032132141292095184,0.8155719637870789,0.30549219250679016,-0.017817988991737366,0.8744604587554932,0.3725108504295349,-0.02956782467663288,0.8493005037307739,0.38623785972595215,-0.03595168888568878,0.8259438872337341,0.3713814616203308,-0.04052087664604187,0.8133342266082764,0.34653812646865845,-0.029828457161784172,0.8557795286178589,0.4210737645626068,-0.02917443960905075,0.828754723072052,0.4264174699783325,-0.02369123511016369,0.8080183863639832,0.4095500111579895,-0.02464935928583145,0.8038820028305054,0.3966776728630066,-0.041127145290374756,0.8341611623764038,0.4585765600204468,-0.03426171466708183,0.8104383945465088,0.45806974172592163,-0.02190565876662731,0.7910379767417908,0.4395444393157959,-0.019978417083621025,0.7920170426368713,0.4466414451599121,-0.0531383641064167,0.8154595494270325,0.49070167541503906,-0.04290393739938736,0.7921883463859558,0.48682430386543274,-0.029993856325745583,0.773808479309082,0.46879851818084717,-0.024429146200418472,thumbs_up,RRQ_p37,RRQ
0.6636534333229065,0.7158478498458862,-3.4938480553137197e-07,0.6994984149932861,0.6309337615966797,-0.0003666662669274956,0.7475087642669678,0.572104275226593,-0.013966847211122513,0.7772546410560608,0.5122829675674438,-0.02833920158445835,0.7821793556213379,0.45506468415260315,-0.04073571041226387,0.821492075920105,0.6231632828712463,-0.030446264892816544,0.8883925676345825,0.6755311489105225,-0.040552444756031036,0.8604812026023865,0.6780466437339783,-0.042154066264629364,0.8328218460083008,0.6623800992965698,-0.04202407971024513,0.8162431120872498,0.686811089515686,-0.03734465315937996,0.8599017262458801,0.7243748903274536,-0.032127585262060165,0.8333072066307068,0.7188113927841187,-0.021032772958278656,0.8087631464004517,0.7067276239395142,-0.018619270995259285,0.8015658855438232,0.7458719611167908,-0.042927373200654984,0.8327334523200989,0.7618328332901001,-0.032199811190366745,0.8107936382293701,0.7576296925544739,-0.014881460927426815,0.7877731919288635,0.7481094002723694,-0.010293039493262768,0.7850118279457092,0.7954769134521484,-0.04897361993789673,0.8084316849708557,0.797800600528717,-0.03629114851355553,0.7866989970207214,0.7915558815002441,-0.018490299582481384,0.7672146558761597,0.7847398519515991,-0.009192263707518578,thumbs_up,RRQ_p37,RRQ
0.18795959651470184,0.6545917987823486,-1.1662749699326014e-07,0.21587583422660828,0.570428729057312,-0.01313110999763012,0.267601877450943,0.4841391444206238,-0.033264487981796265,0.28028860688209534,0.41091132164001465,-0.051199208945035934,0.26291730999946594,0.35304826498031616,-0.0663069486618042,0.27529263496398926,0.5142132639884949,-0.06261701881885529,0.379020631313324,0.5464222431182861,-0.09114610403776169,0.36099594831466675,0.5487340092658997,-0.09921486675739288,0.3300327658653259,0.5379579067230225,-0.09990133345127106,0.2688009440898895,0.5821786522865295,-0.06811946630477905,0.37563133239746094,0.6038455963134766,-0.09009478986263275,0.34921807050704956,0.5928714871406555,-0.08356563746929169,0.3103773891925812,0.5824200510978699,-0.07742966711521149,0.26633158326148987,0.6446768641471863,-0.07253126800060272,0.3588451147079468,0.6497933268547058,-0.0822983980178833,0.333707332611084,0.6390594840049744,-0.0621899850666523,0.30023497343063354,0.6337810158729553,-0.04875749722123146,0.2661510407924652,0.6979060769081116,-0.07780628651380539,0.3395128846168518,0.6893081068992615,-0.07380479574203491,0.31785839796066284,0.6804678440093994,-0.05357831344008446,0.2866544723510742,0.679064929485321,-0.04085175693035126,thumbs_up,RRQ_p37,RRQ
0.3024197816848755,0.4348069429397583,-3.7106667605257826e-07,0.34135669469833374,0.3540743887424469,-0.020850734785199165,0.33975154161453247,0.2565865218639374,-0.031102634966373444,0.3332887291908264,0.19336280226707458,-0.041144367307424545,0.340375691652298,0.14186547696590424,-0.04665738344192505,0.23531568050384521,0.2093961536884308,-0.015237946063280106,0.2616063356399536,0.1898392140865326,-0.05004856735467911,0.29120713472366333,0.22804498672485352,-0.06950634717941284,0.2962324023246765,0.2530622184276581,-0.07855424284934998,0.1937810480594635,0.24256232380867004,-0.017223821952939034,0.25195011496543884,0.2575061023235321,-0.05092737078666687,0.2938065528869629,0.30723270773887634,-0.06008274480700493,0.2926054894924164,0.3212973475456238,-0.05994070693850517,0.172670379281044,0.2914538085460663,-0.024045821279287338,0.24587276577949524,0.3156071901321411,-0.05570787936449051,0.2812179923057556,0.35620757937431335,-0.05293606221675873,0.2734158933162689,0.36282026767730713,-0.04461228847503662,0.16311785578727722,0.34476831555366516,-0.03334629908204079,0.22724872827529907,0.36598265171051025,-0.05190335214138031,0.25795912742614746,0.389972448348999,-0.04990028217434883,0.2529890835285187,0.3927672803401947,-0.04321364313364029,thumbs_up,RRQ_p37,RRQ
0.23131489753723145,0.7463819980621338,-2.522344857425196e-07,0.26838165521621704,0.6477113366127014,-0.05685330927371979,0.2631995379924774,0.5332127213478088,-0.08513982594013214,0.24552202224731445,0.4498708248138428,-0.10463911294937134,0.24419265985488892,0.37254762649536133,-0.11656747758388519,0.11789548397064209,0.5199215412139893,-0.07539771497249603,0.14928042888641357,0.5914379358291626,-0.11882439255714417,0.19938306510448456,0.6075949668884277,-0.13248702883720398,0.20682920515537262,0.5843458771705627,-0.13780440390110016,0.07697698473930359,0.5832140445709229,-0.06504786759614944,0.13770407438278198,0.6696571111679077,-0.1053905114531517,0.19969727098941803,0.6743729114532471,-0.10266575962305069,0.20510227978229523,0.6438679099082947,-0.09609129279851913,0.06232832372188568,0.654728353023529,-0.060556937009096146,0.1262573003768921,0.7339298129081726,-0.098283551633358,0.18237653374671936,0.7300292253494263,-0.08025684207677841,0.18967421352863312,0.6969372630119324,-0.06273257732391357,0.06090530753135681,0.7231596112251282,-0.062427323311567307,0.11584311723709106,0.7832924723625183,-0.0890437588095665,0.1647142618894577,0.7777913808822632,-0.08280465751886368,0.1771417260169983,0.749731719493866,-0.07162543386220932,thumbs_up,RRQ_p37,RRQ
0.6609809994697571,0.6613516211509705,5.79766833652684e-07,0.6242783665657043,0.645574688911438,-0.022441353648900986,0.6026222109794617,0.6138631701469421,-0.038678739219903946,0.6087141633033752,0.5831189751625061,-0.05526042357087135,0.6163015365600586,0.5523908734321594,-0.07009861618280411,0.5953666567802429,0.4926828145980835,-0.02659757435321808,0.5834132432937622,0.4208480715751648,-0.046118512749671936,0.5778838396072388,0.37591585516929626,-0.05748088285326958,0.5743248462677002,0.33586007356643677,-0.06403497606515884,0.6292600631713867,0.48877379298210144,-0.031017528846859932,0.6316848993301392,0.4082348942756653,-0.052825868129730225,0.6363474726676941,0.35389676690101624,-0.0646415501832962,0.6416746973991394,0.3083598017692566,-0.06991534680128098,0.6605333685874939,0.5051109194755554,-0.037852391600608826,0.6626093983650208,0.4846987724304199,-0.06676775217056274,0.6509522199630737,0.5323609709739685,-0.06983961164951324,0.6426754593849182,0.566878616809845,-0.0635080337524414,0.6874439716339111,0.5327052474021912,-0.046417877078056335,0.6865525245666504,0.5146313309669495,-0.06643861532211304,0.6737886667251587,0.5476216077804565,-0.06361360102891922,0.6626890897750854,0.5744178891181946,-0.056327760219573975,peace_sign,RRQ_p37,RRQ
0.7614640593528748,0.5153064727783203,6.108730872256274e-07,0.7356672286987305,0.48072779178619385,-0.035064585506916046,0.7300724387168884,0.4357972741127014,-0.052292775362730026,0.7555287480354309,0.3904567062854767,-0.06627870351076126,0.7812698483467102,0.3552100658416748,-0.07687942683696747,0.7215020656585693,0.32715722918510437,-0.028371816501021385,0.7203862071037292,0.2485937774181366,-0.04602646082639694,0.7197140455245972,0.2016802579164505,-0.05867650359869003,0.7222669720649719,0.16271443665027618,-0.06731417775154114,0.7554154992103577,0.32386308908462524,-0.024091729894280434,0.767796516418457,0.24248789250850677,-0.043135229498147964,0.7790745496749878,0.19143497943878174,-0.057196009904146194,0.7898911237716675,0.14713679254055023,-0.06586917489767075,0.7843833565711975,0.3430655002593994,-0.023392412811517715,0.8068323135375977,0.31115227937698364,-0.04845375195145607,0.7979456186294556,0.35283371806144714,-0.05292535945773125,0.7863333821296692,0.3843023180961609,-0.04956671595573425,0.8064435720443726,0.3755183219909668,-0.025884855538606644,0.8238238096237183,0.3518018126487732,-0.04453735426068306,0.8135761022567749,0.37747976183891296,-0.044590193778276443,0.7999452948570251,0.4007430076599121,-0.040493231266736984,peace_sign,RRQ_p37,RRQ
0.7825731039047241,0.7179672122001648,7.353321507252986e-07,0.7572261691093445,0.7003148198127747,-0.039413776248693466,0.7502027153968811,0.6645593643188477,-0.06334353238344193,0.7858277559280396,0.6500072479248047,-0.08471605181694031,0.8217494487762451,0.6384955644607544,-0.1037096306681633,0.7617356181144714,0.5473282933235168,-0.041235946118831635,0.7736904621124268,0.47524306178092957,-0.06806882470846176,0.7808927297592163,0.42791131138801575,-0.08524960279464722,0.7887217402458191,0.3853755593299866,-0.09648220986127853,0.7976083159446716,0.5478714108467102,-0.0400274358689785,0.8184385895729065,0.4747035503387451,-0.06823785603046417,0.8385763168334961,0.4224238395690918,-0.08443941920995712,0.8561357259750366,0.37052494287490845,-0.09284185618162155,0.8252993226051331,0.5719941854476929,-0.04277803376317024,0.8515719771385193,0.5628418922424316,-0.07905063778162003,0.8405840992927551,0.6183485388755798,-0.08152986317873001,0.8268411755561829,0.6533962488174438,-0.07306638360023499,0.8442338109016418,0.6093845367431641,-0.04907714203000069,0.8638246655464172,0.6095275282859802,-0.07691658288240433,0.8529446721076965,0.6411195993423462,-0.07617411017417908,0.8363072276115417,0.6624554991722107,-0.06903506070375443,peace_sign,RRQ_p37,RRQ
0.47099900245666504,0.7462263107299805,6.466559625550872e-07,0.42146921157836914,0.7380058765411377,-0.01637471839785576,0.3795355558395386,0.7159289717674255,-0.03226727247238159,0.35137712955474854,0.7011343836784363,-0.05048295110464096,0.3359858989715576,0.6815070509910583,-0.06789814680814743,0.37823623418807983,0.5909361839294434,-0.026891114190220833,0.35152894258499146,0.5180507302284241,-0.049542590975761414,0.33375680446624756,0.4722776412963867,-0.06344500184059143,0.3216540515422821,0.4302758574485779,-0.07278743386268616,0.4133792221546173,0.573072612285614,-0.03564532473683357,0.3903846740722656,0.49205803871154785,-0.06222580000758171,0.3800327479839325,0.4333512783050537,-0.08092121034860611,0.37293416261672974,0.38201600313186646,-0.0911918580532074,0.44763848185539246,0.5783337950706482,-0.04545219987630844,0.40076085925102234,0.5812740325927734,-0.07717394828796387,0.37716129422187805,0.637159526348114,-0.08431275188922882,0.36519554257392883,0.680804967880249,-0.0815512016415596,0.4732235074043274,0.6016981601715088,-0.05633144453167915,0.4276328384876251,0.6266776323318481,-0.07856865972280502,0.40653666853904724,0.6658632755279541,-0.0794868990778923,0.3955386281013489,0.6943047046661377,-0.07546636462211609,peace_sign,RRQ_p37,RRQ
0.3832947909832001,0.5144176483154297,5.782464995718328e-07,0.3394680321216583,0.49955907464027405,-0.014497335068881512,0.30151739716529846,0.4606150984764099,-0.028056098148226738,0.2731538414955139,0.43209415674209595,-0.04474601149559021,0.2550048232078552,0.40035298466682434,-0.06042054668068886,0.3082089126110077,0.355831503868103,-0.019627856090664864,0.2805939316749573,0.27839377522468567,-0.03998015820980072,0.26545023918151855,0.23286482691764832,-0.05071607232093811,0.2548314332962036,0.19232545793056488,-0.05723332241177559,0.3375227451324463,0.34916582703590393,-0.02888360805809498,0.3211490511894226,0.25036075711250305,-0.05403510853648186,0.312027245759964,0.18916383385658264,-0.06941857933998108,0.30586951971054077,0.1390596479177475,-0.07678024470806122,0.36737433075904846,0.35941559076309204,-0.039937421679496765,0.3293607831001282,0.3217101991176605,-0.0734635666012764,0.30180081725120544,0.3675587773323059,-0.0814722552895546,0.28631702065467834,0.40699121356010437,-0.07818817347288132,0.39378809928894043,0.3802284002304077,-0.05159618332982063,0.3599354326725006,0.35893943905830383,-0.07667157053947449,0.33623188734054565,0.3913308382034302,-0.0788753554224968,0.3213619589805603,0.4225581884384155,-0.0752052590250969,peace_sign,RRQ_p37,RRQ
0.4122300148010254,0.503969669342041,5.143425596543238e-07,0.4137405753135681,0.42312508821487427,0.010477506555616856,0.3900805711746216,0.3758830726146698,0.008328688330948353,0.3572849929332733,0.36494696140289307,0.0037566430401057005,0.33127230405807495,0.37327712774276733,-0.0018322395626455545,0.3710483908653259,0.34288036823272705,-0.01570209115743637,0.34022998809814453,0.26420724391937256,-0.025028154253959656,0.32179582118988037,0.22255797684192657,-0.027831468731164932,0.3073929250240326,0.19247934222221375,-0.026746641844511032,0.3393099904060364,0.3697417974472046,-0.021992478519678116,0.2948663830757141,0.2976240813732147,-0.025974202901124954,0.264466792345047,0.2576589584350586,-0.026525193825364113,0.24106952548027039,0.23202240467071533,-0.025461629033088684,0.31778860092163086,0.4055102467536926,-0.024690618738532066,0.3050549626350403,0.37855592370033264,-0.020967870950698853,0.3224642872810364,0.3852626383304596,-0.014903767965734005,0.3375847637653351,0.40124568343162537,-0.008784283883869648,0.304720938205719,0.4430176317691803,-0.02672961913049221,0.3083358407020569,0.42389634251594543,-0.015542306937277317,0.32307878136634827,0.4287381172180176,-0.0033325047697871923,0.3352664113044739,0.44066447019577026,0.007205188274383545,peace_sign,RRQ_p37,RRQ
0.4191440939903259,0.7490350604057312,5.001338081456197e-07,0.43029889464378357,0.6679446697235107,0.002104097744449973,0.4100642502307892,0.6073998212814331,0.0016364763723686337,0.37144380807876587,0.5854971408843994,0.0017346855020150542,0.3429316580295563,0.5899158120155334,0.002149036852642894,0.36901530623435974,0.583407461643219,-0.019401580095291138,0.3328976631164551,0.5031879544258118,-0.025671739131212234,0.31160810589790344,0.4620145559310913,-0.02505096048116684,0.2933370769023895,0.4336221218109131,-0.021891267970204353,0.3352333605289459,0.6152382493019104,-0.02075675129890442,0.2882775366306305,0.5376335382461548,-0.02507430501282215,0.25847190618515015,0.4946734309196472,-0.02328529581427574,0.23526763916015625,0.4701416790485382,-0.019693052396178246,0.31556522846221924,0.6508363485336304,-0.01934223063290119,0.3084503412246704,0.6038090586662292,-0.019503001123666763,0.3269653916358948,0.6039959788322449,-0.014337827451527119,0.3423018157482147,0.6203186511993408,-0.007535102777183056,0.3053039312362671,0.6861105561256409,-0.01765083149075508,0.3126789927482605,0.6477086544036865,-0.010705715045332909,0.32857587933540344,0.6511473059654236,-0.0005164663307368755,0.34118008613586426,0.6662697792053223,0.009261940605938435,peace_sign,RRQ_p37,RRQ
0.8052555918693542,0.7669022679328918,4.375030755454645e-07,0.8167678713798523,0.6863132119178772,0.020148582756519318,0.7992832660675049,0.6241915225982666,0.018081532791256905,0.7664017677307129,0.5980557203292847,0.011908606626093388,0.7355981469154358,0.59382164478302,0.004033275879919529,0.8059079647064209,0.5894641876220703,-0.018380017951130867,0.7849024534225464,0.4995548725128174,-0.032960373908281326,0.7759853005409241,0.4459555745124817,-0.04067397117614746,0.769275963306427,0.40525755286216736,-0.043695833534002304,0.7756698727607727,0.6094650030136108,-0.03261781856417656,0.7406339049339294,0.5135080218315125,-0.04444647207856178,0.7186064124107361,0.4575013816356659,-0.04933137446641922,0.7001450657844543,0.41815048456192017,-0.0528591014444828,0.7441303133964539,0.6347899436950684,-0.041869256645441055,0.7016381621360779,0.5725086331367493,-0.04357123374938965,0.7123985290527344,0.5914832949638367,-0.03168234974145889,0.7265765070915222,0.6124223470687866,-0.02237868867814541,0.7175920605659485,0.6626634001731873,-0.049553241580724716,0.6907578706741333,0.6174389123916626,-0.04330125078558922,0.7032572627067566,0.6324216723442078,-0.026878612115979195,0.7175725102424622,0.6482253074645996,-0.013692386448383331,peace_sign,RRQ_p37,RRQ
0.30792656540870667,0.7098677158355713,4.6644117901450954e-07,0.3013593256473541,0.622086226940155,0.014430965296924114,0.3187682330608368,0.562868058681488,0.008652357384562492,0.35380902886390686,0.5354098677635193,-0.0007340118172578514,0.38472506403923035,0.5346719622612,-0.01044535543769598,0.32064488530158997,0.5215495824813843,-0.02399059385061264,0.3515150547027588,0.4317440986633301,-0.03909720852971077,0.369507759809494,0.37967029213905334,-0.04515940696001053,0.3841841518878937,0.3419533371925354,-0.04683856666088104,0.3532470762729645,0.5446378588676453,-0.03840502351522446,0.3999652564525604,0.4530632495880127,-0.05574912577867508,0.4273693859577179,0.39868664741516113,-0.061709556728601456,0.4472131133079529,0.36241933703422546,-0.06309825927019119,0.3854178190231323,0.5784977078437805,-0.04761931300163269,0.4235836863517761,0.5286616086959839,-0.0536813884973526,0.41142791509628296,0.5422573089599609,-0.038269706070423126,0.39466580748558044,0.5597209334373474,-0.02369740605354309,0.41081562638282776,0.6179558634757996,-0.05601556599140167,0.434655100107193,0.5710256695747375,-0.04659053683280945,0.42238229513168335,0.5809617042541504,-0.02267746813595295,0.408977210521698,0.5982105135917664,-0.0030272938311100006,peace_sign,RRQ_p37,RRQ
0.2847634553909302,0.5195878744125366,4.884366830992803e-07,0.27710163593292236,0.4291425943374634,0.027089335024356842,0.2893683612346649,0.37240830063819885,0.024871867150068283,0.3178647756576538,0.34100279211997986,0.014862739481031895,0.3474019765853882,0.32769453525543213,0.0060821655206382275,0.28717920184135437,0.3202108144760132,-0.0027273662853986025,0.3100988566875458,0.23441089689731598,-0.016787879168987274,0.3211941719055176,0.18447571992874146,-0.022477779537439346,0.332231342792511,0.1467517912387848,-0.024595187976956367,0.3122197091579437,0.33237728476524353,-0.02476326934993267,0.35385802388191223,0.24335399270057678,-0.04681498557329178,0.37902045249938965,0.18873094022274017,-0.05808979272842407,0.3981682062149048,0.15254813432693481,-0.06322813034057617,0.3397923409938812,0.3601144254207611,-0.041299864649772644,0.3895939886569977,0.33199185132980347,-0.046796612441539764,0.38291800022125244,0.3568497896194458,-0.0307990200817585,0.3673143982887268,0.37486085295677185,-0.016733139753341675,0.3663022816181183,0.3984438180923462,-0.05685083195567131,0.4030345678329468,0.3754812180995941,-0.0459451861679554,0.39421871304512024,0.3972242772579193,-0.02320530265569687,0.37645524740219116,0.41294220089912415,-0.0049522630870342255,peace_sign,RRQ_p37,RRQ
0.608905017375946,0.5922688245773315,4.707658831648587e-07,0.6035223603248596,0.5124122500419617,0.013488431461155415,0.6294615268707275,0.45547378063201904,0.011891516856849194,0.6676377058029175,0.4379594326019287,0.00794555526226759,0.6976646184921265,0.4467926621437073,0.0035766027867794037,0.6500728130340576,0.4192489683628082,-0.019746968522667885,0.6893394589424133,0.3249889612197876,-0.024005373939871788,0.7110262513160706,0.27908724546432495,-0.020303847268223763,0.7277166843414307,0.24535034596920013,-0.015548153780400753,0.6859886646270752,0.44445106387138367,-0.027247173711657524,0.739993691444397,0.36184990406036377,-0.031419988721609116,0.772266685962677,0.31539976596832275,-0.031822480261325836,0.7957168221473694,0.289401113986969,-0.030736129730939865,0.7108120322227478,0.4812842011451721,-0.02958199940621853,0.7182004451751709,0.4454668462276459,-0.023148640990257263,0.6997296214103699,0.4527566134929657,-0.014207309111952782,0.6842385530471802,0.47001054883003235,-0.0072236862033605576,0.72505122423172,0.5173263549804688,-0.030943822115659714,0.7178572416305542,0.48979413509368896,-0.016882771626114845,0.7014389038085938,0.496171236038208,-0.001813304959796369,0.6899381875991821,0.5125248432159424,0.00990181602537632,peace_sign,RRQ_p37,RRQ
0.6286237239837646,0.6946393251419067,6.595199693038012e-07,0.6851958632469177,0.6880570650100708,-0.013845759443938732,0.7392746806144714,0.6620765328407288,-0.029017828404903412,0.7768787741661072,0.6385568380355835,-0.04801655933260918,0.7766192555427551,0.6072052121162415,-0.06403850764036179,0.7427273392677307,0.5419732332229614,-0.01883045956492424,0.8007841110229492,0.4886244833469391,-0.04249574616551399,0.8353924751281738,0.45663130283355713,-0.055188778787851334,0.8622029423713684,0.4259139597415924,-0.06139861419796944,0.7131950259208679,0.520086944103241,-0.030442647635936737,0.7652118802070618,0.4423452615737915,-0.062022920697927475,0.7973323464393616,0.39472922682762146,-0.07753505557775497,0.8198932409286499,0.35139214992523193,-0.0824335366487503,0.683358371257782,0.5199914574623108,-0.04335806891322136,0.7493463158607483,0.5419975519180298,-0.08070673048496246,0.745436429977417,0.6047195792198181,-0.08069062232971191,0.7308678030967712,0.6364856362342834,-0.06802649050951004,0.6615307331085205,0.5402252078056335,-0.057820942252874374,0.7184109091758728,0.5721043944358826,-0.08073222637176514,0.7219680547714233,0.6186839938163757,-0.07576996833086014,0.711392879486084,0.6427031755447388,-0.06442597508430481,peace_sign,RRQ_p37,RRQ
0.5365318655967712,0.8134968280792236,6.960628979868488e-07,0.5858480930328369,0.8396309614181519,-0.023466357961297035,0.6438086628913879,0.8393113613128662,-0.03972931206226349,0.6787065863609314,0.8166831731796265,-0.05779482424259186,0.6776472926139832,0.7707157135009766,-0.07327692210674286,0.6860619783401489,0.7326403856277466,-0.024093041196465492,0.754133939743042,0.7093230485916138,-0.05144628509879112,0.7956940531730652,0.6936233639717102,-0.06713682413101196,0.8311450481414795,0.6785405874252319,-0.07456430792808533,0.6625206470489502,0.6901111006736755,-0.03128938376903534,0.7283533811569214,0.6408494114875793,-0.06523460894823074,0.7723062038421631,0.6076388359069824,-0.08271438628435135,0.8062788844108582,0.5784628391265869,-0.08800719678401947,0.6308684349060059,0.6667625308036804,-0.040930747985839844,0.6744095683097839,0.7017018795013428,-0.0852184072136879,0.6521875262260437,0.7633055448532104,-0.08828186988830566,0.6302325129508972,0.7991741895675659,-0.07519488781690598,0.597957193851471,0.6639379262924194,-0.052448827773332596,0.6343427896499634,0.7081195116043091,-0.0823885127902031,0.6232893466949463,0.7596587538719177,-0.07867617160081863,0.6074566841125488,0.7910935878753662,-0.06613776832818985,peace_sign,RRQ_p37,RRQ
0.3067236840724945,0.5765929222106934,6.192688601913687e-07,0.3516004681587219,0.5568708181381226,-0.03830748423933983,0.36772891879081726,0.5058122873306274,-0.05857616662979126,0.3391181230545044,0.46472597122192383,-0.07777639478445053,0.30680498480796814,0.4249555170536041,-0.09456542134284973,0.3817198872566223,0.37609246373176575,-0.03162173181772232,0.4038768410682678,0.29275164008140564,-0.06299999356269836,0.4140268564224243,0.23597031831741333,-0.0819341391324997,0.41821393370628357,0.18513983488082886,-0.09215503931045532,0.34148669242858887,0.3639467656612396,-0.03301810473203659,0.33739545941352844,0.2609714865684509,-0.07128634303808212,0.32995691895484924,0.1916293054819107,-0.09226948767900467,0.32414501905441284,0.12980559468269348,-0.0993686243891716,0.3061394691467285,0.38167664408683777,-0.03882814571261406,0.28366532921791077,0.3622243106365204,-0.0873146802186966,0.2898942530155182,0.4241741895675659,-0.09495331346988678,0.3017174303531647,0.4604760706424713,-0.0843682661652565,0.27426713705062866,0.41536566615104675,-0.04741209000349045,0.25623369216918945,0.39875301718711853,-0.0789257064461708,0.26624348759651184,0.442647248506546,-0.0755869448184967,0.28299006819725037,0.47218000888824463,-0.06375143676996231,peace_sign,RRQ_p37,RRQ
0.24077793955802917,0.7557715773582458,7.510772661589726e-07,0.28162503242492676,0.7518512606620789,-0.05699289217591286,0.2960987687110901,0.7289193868637085,-0.09314330667257309,0.25257715582847595,0.7228755950927734,-0.12384028732776642,0.19888238608837128,0.7181677222251892,-0.15372027456760406,0.26927444338798523,0.5872227549552917,-0.07615113258361816,0.2688499689102173,0.502902626991272,-0.12224423140287399,0.25812551379203796,0.45494544506073,-0.14825159311294556,0.24177022278308868,0.4136468768119812,-0.16120629012584686,0.2191639393568039,0.5822087526321411,-0.07110645622015,0.17629976570606232,0.49916189908981323,-0.1240641251206398,0.1422668993473053,0.4472160339355469,-0.15130159258842468,0.1108325943350792,0.3953925669193268,-0.15991373360157013,0.1828455924987793,0.6075425744056702,-0.06913168728351593,0.15475910902023315,0.641294002532959,-0.12920022010803223,0.1795748919248581,0.7101305723190308,-0.13663654029369354,0.2032395899295807,0.7402187585830688,-0.12315107136964798,0.15723560750484467,0.6451707482337952,-0.07057464867830276,0.13619083166122437,0.6829769015312195,-0.11073809117078781,0.16065947711467743,0.7307180762290955,-0.1060250774025917,0.18748259544372559,0.7526687383651733,-0.09037499874830246,peace_sign,RRQ_p37,RRQ
0.6036269664764404,0.671589732170105,-3.082214163896424e-07,0.5730239152908325,0.6478716731071472,0.005739875603467226,0.565180242061615,0.6068559885025024,0.00952807255089283,0.5591947436332703,0.5809704065322876,0.007869245484471321,0.5548967719078064,0.5587199926376343,0.007023370359092951,0.6009665727615356,0.5534438490867615,0.025236327201128006,0.5876819491386414,0.5070047974586487,0.016266489401459694,0.5622166395187378,0.49666059017181396,0.00751903560012579,0.5482067465782166,0.5106745958328247,0.004373553674668074,0.6108751893043518,0.5476133227348328,0.015315571799874306,0.6009635329246521,0.4886745810508728,0.008872478269040585,0.5703621506690979,0.48222923278808594,0.0034879257436841726,0.5534838438034058,0.5010478496551514,0.0022728610783815384,0.6193909645080566,0.5468584299087524,0.002447305014356971,0.6160439252853394,0.4858841896057129,-0.004648036789149046,0.5842978358268738,0.47687554359436035,-0.008234662935137749,0.5668333768844604,0.49152320623397827,-0.008103672415018082,0.6232643127441406,0.5487056970596313,-0.010900584049522877,0.6187443137168884,0.49464109539985657,-0.015044957399368286,0.5958738923072815,0.48442280292510986,-0.014597206376492977,0.5795758366584778,0.4971286952495575,-0.012774926610291004,neutral,RRQ_p37,RRQ
0.5944293737411499,0.6898767352104187,-1.9738867251817283e-07,0.5694600939750671,0.6576945185661316,0.012211859226226807,0.557793140411377,0.6216703653335571,0.015135540626943111,0.5465706586837769,0.5936007499694824,0.013954663649201393,0.5377259850502014,0.5722895264625549,0.01340243499726057,0.6031434535980225,0.5838155150413513,0.014962279237806797,0.5807792544364929,0.534691333770752,0.010898135602474213,0.5581899285316467,0.5381331443786621,0.008062257431447506,0.5509095788002014,0.5510024428367615,0.007231377065181732,0.6029706001281738,0.5780720114707947,0.00476880231872201,0.5852258205413818,0.5114895105361938,0.000628380395937711,0.5650175213813782,0.5145134925842285,-0.00016129598952829838,0.5579522848129272,0.5286917090415955,0.000849224510602653,0.5945860743522644,0.5804731845855713,-0.005399683956056833,0.5751600861549377,0.5168194770812988,-0.010545157827436924,0.5566146373748779,0.5260175466537476,-0.008493339642882347,0.5509644150733948,0.5416865348815918,-0.005578923970460892,0.5776998400688171,0.5873993039131165,-0.014484526589512825,0.5612337589263916,0.5388288497924805,-0.017483090981841087,0.5480801463127136,0.5429072976112366,-0.013827024959027767,0.5426680445671082,0.5559636354446411,-0.010105961933732033,neutral,RRQ_p37,RRQ
0.5993456244468689,0.8841416239738464,3.47448661841554e-07,0.6193962097167969,0.8179364204406738,0.0008579404675401747,0.6100706458091736,0.7600238919258118,0.005829646717756987,0.5858145952224731,0.7224873304367065,0.013152466155588627,0.5714772343635559,0.6992753148078918,0.0217184666544199,0.5637785792350769,0.7471280097961426,-0.0008879143861122429,0.535071849822998,0.6834684014320374,0.007667727302759886,0.5231241583824158,0.6511105298995972,0.015628263354301453,0.514771044254303,0.6276581287384033,0.02172590047121048,0.5364990830421448,0.7690739631652832,0.0040856474079191685,0.5218176245689392,0.7015535235404968,0.01699766516685486,0.5223116278648376,0.6699476838111877,0.02609832212328911,0.5242519974708557,0.6474315524101257,0.031899452209472656,0.5232944488525391,0.789268970489502,0.010470781475305557,0.5163765549659729,0.7299536466598511,0.02502952516078949,0.5207500457763672,0.7026801109313965,0.032702069729566574,0.5253081321716309,0.6859756112098694,0.035638291388750076,0.5190274119377136,0.805831789970398,0.016645340248942375,0.5159069299697876,0.7571812868118286,0.030129868537187576,0.5206882357597351,0.7336776852607727,0.03912317380309105,0.5255346298217773,0.7207867503166199,0.04514159634709358,neutral,RRQ_p37,RRQ
0.6261630058288574,0.8586412668228149,-4.7336595088154354e-08,0.6429272890090942,0.8028664588928223,0.01518241036683321,0.6425866484642029,0.75458824634552,0.016960274428129196,0.6287097334861755,0.7223582863807678,0.015597528778016567,0.6089431643486023,0.7083489298820496,0.012783706188201904,0.6476446986198425,0.7254519462585449,-0.002128916559740901,0.632732093334198,0.6585522294044495,-0.007206684444099665,0.6191316843032837,0.6369245052337646,-0.006673901341855526,0.6124494671821594,0.6290695071220398,-0.00456305081024766,0.627189576625824,0.731123685836792,-0.012933490797877312,0.5990698933601379,0.6591261029243469,-0.016340412199497223,0.5811610221862793,0.6587488651275635,-0.011998195201158524,0.5763918161392212,0.672283411026001,-0.0071954973973333836,0.6032842993736267,0.7447572946548462,-0.021926386281847954,0.5750696659088135,0.6786530017852783,-0.023794924840331078,0.5595964789390564,0.6790790557861328,-0.017588665708899498,0.5566133260726929,0.6907638907432556,-0.01225702092051506,0.5786606073379517,0.7639968395233154,-0.02922576479613781,0.5528010129928589,0.71528559923172,-0.029463021084666252,0.5455520153045654,0.7128021717071533,-0.023053742945194244,0.5468408465385437,0.7199339866638184,-0.01685778796672821,neutral,RRQ_p37,RRQ
0.6118746995925903,0.8557679653167725,-7.311925731556812e-09,0.6326606869697571,0.8059383034706116,0.021490614861249924,0.6433353424072266,0.7644874453544617,0.024238795042037964,0.6336937546730042,0.72989422082901,0.023383887484669685,0.6201106905937195,0.7091454267501831,0.02095816470682621,0.654068112373352,0.7522242665290833,-0.00800868310034275,0.6423965096473694,0.6840748190879822,-0.020666318014264107,0.6233733296394348,0.6540694832801819,-0.02342587523162365,0.6058303713798523,0.6486241221427917,-0.021428843960165977,0.6315397024154663,0.7522454857826233,-0.02333412878215313,0.639467179775238,0.6668489575386047,-0.03817110136151314,0.6320453882217407,0.6298810243606567,-0.037088535726070404,0.6229246258735657,0.61963951587677,-0.03200818970799446,0.6048117280006409,0.7566931843757629,-0.03613749518990517,0.6083210110664368,0.6762039065361023,-0.04602450877428055,0.6023211479187012,0.6448758840560913,-0.03917703405022621,0.5976428985595703,0.6340240240097046,-0.030656220391392708,0.577434778213501,0.7652527093887329,-0.04632578790187836,0.5746479034423828,0.6944351196289062,-0.05330943688750267,0.5724804401397705,0.6665551662445068,-0.04816032201051712,0.5703008770942688,0.653186559677124,-0.04111509770154953,neutral,RRQ_p37,RRQ
0.7458212375640869,0.920055091381073,-5.890668148822442e-07,0.6972675323486328,0.8565340638160706,0.004153813701122999,0.6712165474891663,0.7968151569366455,-0.002144773956388235,0.6526271104812622,0.7540906071662903,-0.013823817484080791,0.6410600543022156,0.7145479917526245,-0.025148045271635056,0.726513683795929,0.7173935174942017,0.0037399728316813707,0.6835153102874756,0.6622593402862549,-0.0211047250777483,0.6477714776992798,0.6561620235443115,-0.03879043459892273,0.6196075081825256,0.6662242412567139,-0.04696744680404663,0.7465741634368896,0.7262741327285767,-0.008424599654972553,0.6760187745094299,0.703240692615509,-0.03429809585213661,0.6427573561668396,0.7438049912452698,-0.04570581763982773,0.6295854449272156,0.780569851398468,-0.04909607023000717,0.7581857442855835,0.7456218600273132,-0.022626638412475586,0.6830007433891296,0.7331158518791199,-0.046251196414232254,0.6524958610534668,0.7734103202819824,-0.04753652215003967,0.6403780579566956,0.8086357712745667,-0.043029431253671646,0.7610690593719482,0.7727229595184326,-0.036863088607788086,0.7033827304840088,0.7618911862373352,-0.05104302614927292,0.6767706274986267,0.7824015617370605,-0.0499642975628376,0.663135290145874,0.8051620125770569,-0.045216482132673264,neutral,RRQ_p37,RRQ
0.7336416244506836,0.8861687183380127,-5.182285462979053e-07,0.7059882283210754,0.8280255198478699,-0.0011997560504823923,0.693786084651947,0.7567232251167297,-0.007540103979408741,0.6850444674491882,0.7055765390396118,-0.017642496153712273,0.6726962924003601,0.6600626111030579,-0.02656867355108261,0.7645426988601685,0.710938572883606,0.007922287099063396,0.7383589148521423,0.6616350412368774,-0.011989722028374672,0.710722029209137,0.6466259360313416,-0.02568330429494381,0.6890233755111694,0.6459320783615112,-0.03304951265454292,0.7867408394813538,0.7230406403541565,-0.001853124937042594,0.7396472692489624,0.6742691993713379,-0.022483335807919502,0.7132242918014526,0.7170667052268982,-0.025974595919251442,0.7119573950767517,0.7516258358955383,-0.02357432246208191,0.7997046113014221,0.7455169558525085,-0.014730183407664299,0.7421151995658875,0.7060343027114868,-0.03503057360649109,0.7185478806495667,0.7487202882766724,-0.027943484485149384,0.7186949849128723,0.7802190780639648,-0.018341178074479103,0.8033404350280762,0.7744447588920593,-0.028683405369520187,0.7539538145065308,0.7427685260772705,-0.043392956256866455,0.727193295955658,0.7602471709251404,-0.03972865268588066,0.7180081009864807,0.7774634957313538,-0.03337598964571953,neutral,RRQ_p37,RRQ
0.8591694831848145,0.7302805185317993,-7.280713134605321e-07,0.7454467415809631,0.6481407880783081,-0.011131922714412212,0.6965798735618591,0.545295000076294,-0.02816052921116352,0.6649438738822937,0.46580398082733154,-0.04447169229388237,0.63457190990448,0.40393921732902527,-0.06041888892650604,0.820587158203125,0.41972583532333374,-0.04935769364237785,0.7234433889389038,0.36187779903411865,-0.09219326823949814,0.6565301418304443,0.39065808057785034,-0.11618144810199738,0.6183731555938721,0.42573055624961853,-0.12753213942050934,0.8413518667221069,0.4546346664428711,-0.05956031009554863,0.7138050198554993,0.3868013620376587,-0.10633479803800583,0.6345152258872986,0.42460897564888,-0.12425373494625092,0.5894191861152649,0.4645630121231079,-0.13076359033584595,0.8385046124458313,0.5079050660133362,-0.07027295231819153,0.6971955299377441,0.4957309365272522,-0.11297309398651123,0.6174712181091309,0.5220622420310974,-0.12180966138839722,0.5697320699691772,0.5402122735977173,-0.12100064009428024,0.815619945526123,0.5697638392448425,-0.08006688207387924,0.7035893797874451,0.5604733824729919,-0.10694646090269089,0.6469314694404602,0.5699148774147034,-0.1117943748831749,0.6095975041389465,0.5694116950035095,-0.11087468266487122,neutral,RRQ_p37,RRQ
0.739919126033783,0.817725419998169,-8.254664294327085e-07,0.649921715259552,0.7978736162185669,-0.010385086759924889,0.5781147480010986,0.7379045486450195,-0.025296472012996674,0.5247901678085327,0.6914947628974915,-0.047290343791246414,0.48763060569763184,0.6315231323242188,-0.061134956777095795,0.6084327697753906,0.55533766746521,0.024867817759513855,0.526256263256073,0.5319412350654602,-0.019512144848704338,0.5180777907371521,0.6093488931655884,-0.041592974215745926,0.5391368865966797,0.6537057757377625,-0.04932045936584473,0.6360362768173218,0.5380873084068298,0.009526063688099384,0.5318185687065125,0.5285215973854065,-0.040736861526966095,0.5464671850204468,0.6325211524963379,-0.04738008603453636,0.5840532779693604,0.651037871837616,-0.03648027777671814,0.6652007102966309,0.5375544428825378,-0.014645867049694061,0.5709787607192993,0.5736386775970459,-0.059949155896902084,0.5986909866333008,0.6635695695877075,-0.043888159096241,0.639614462852478,0.6625279188156128,-0.01976165361702442,0.6912668943405151,0.5550276637077332,-0.04161467030644417,0.6120918393135071,0.6002106666564941,-0.06613833457231522,0.6273426413536072,0.661503255367279,-0.05470597371459007,0.66054368019104,0.6586276292800903,-0.03799520060420036,neutral,RRQ_p37,RRQ
0.9548370242118835,0.5426974296569824,-7.09037522028666e-07,0.8960807919502258,0.47188711166381836,0.025152653455734253,0.8361316919326782,0.4136785864830017,0.023300595581531525,0.7811298370361328,0.38022929430007935,0.015376057475805283,0.7399649024009705,0.36628133058547974,0.00830076914280653,0.8332847952842712,0.32506924867630005,-0.00827764067798853,0.7436901926994324,0.2985943555831909,-0.02969352714717388,0.699600338935852,0.33201202750205994,-0.033582620322704315,0.6835376024246216,0.37289243936538696,-0.03291871026158333,0.8404719233512878,0.34885287284851074,-0.031673677265644073,0.7146514654159546,0.39796382188796997,-0.05012764409184456,0.7249818444252014,0.4480420649051666,-0.04031287133693695,0.7557423710823059,0.4566158652305603,-0.03302019461989403,0.8437657952308655,0.39091137051582336,-0.05399645119905472,0.7375286221504211,0.45592665672302246,-0.06748859584331512,0.763953447341919,0.4909381568431854,-0.04848417639732361,0.7969617247581482,0.4819701313972473,-0.03723065182566643,0.8470732569694519,0.442684531211853,-0.07479176670312881,0.769712507724762,0.4998249411582947,-0.08501715958118439,0.7905443906784058,0.5278613567352295,-0.0743127390742302,0.817995011806488,0.5203239321708679,-0.06599235534667969,neutral,RRQ_p37,RRQ
0.8621087074279785,0.5873205065727234,-1.887989498072784e-07,0.8407060503959656,0.4831872582435608,0.030433427542448044,0.7952899932861328,0.41969388723373413,0.037530478090047836,0.7442806959152222,0.4044841229915619,0.03919801115989685,0.7021145224571228,0.41816169023513794,0.03894442319869995,0.7766534686088562,0.36453741788864136,0.005142484791576862,0.7027136087417603,0.3012477159500122,0.00024356605717912316,0.6637123227119446,0.3122146725654602,0.0019997316412627697,0.6445124745368958,0.33796125650405884,0.005343298427760601,0.7500812411308289,0.40001097321510315,-0.014486233703792095,0.6456943154335022,0.3608824610710144,-0.01694559119641781,0.5926272869110107,0.36403942108154297,-0.016184186562895775,0.558356523513794,0.3733515739440918,-0.01664954051375389,0.728838324546814,0.4527699053287506,-0.030796369537711143,0.6291186809539795,0.3958381414413452,-0.03620946779847145,0.5792959332466125,0.37942710518836975,-0.0387289822101593,0.543754518032074,0.3705868721008301,-0.04127073660492897,0.7145847082138062,0.5153799653053284,-0.04239366948604584,0.6408705711364746,0.4685191214084625,-0.04919932037591934,0.6073001027107239,0.4565727710723877,-0.04623671993613243,0.5817051529884338,0.45313823223114014,-0.04296049475669861,neutral,RRQ_p37,RRQ
0.7048646807670593,0.7153172492980957,1.9550984120542125e-07,0.679313063621521,0.6160967350006104,0.01791110448539257,0.626312255859375,0.5627565383911133,0.023438412696123123,0.5732600688934326,0.5472181439399719,0.02760634385049343,0.5344790816307068,0.5555751323699951,0.030259661376476288,0.5900132656097412,0.5444095730781555,-0.005728691816329956,0.5082300305366516,0.49794870615005493,-0.006343574728816748,0.46469101309776306,0.4819163680076599,-0.0029524206183850765,0.43698179721832275,0.47625330090522766,0.001513462862931192,0.568648636341095,0.6036800146102905,-0.013912016525864601,0.47782784700393677,0.582699716091156,-0.008729590103030205,0.43998679518699646,0.5816630721092224,1.2035765394102782e-05,0.4209267497062683,0.5807152390480042,0.006020835600793362,0.5576671957969666,0.6657611727714539,-0.018894977867603302,0.48024964332580566,0.6394194960594177,-0.010226097889244556,0.44880160689353943,0.624351978302002,-0.0002568700583651662,0.43276751041412354,0.6121065616607666,0.004580870270729065,0.5564072728157043,0.7227504253387451,-0.02192331850528717,0.5075872540473938,0.69650799036026,-0.011004569008946419,0.49287647008895874,0.6793955564498901,0.0030874665826559067,0.48683005571365356,0.6660674810409546,0.013448809273540974,neutral,RRQ_p37,RRQ
0.37767288088798523,0.782583475112915,-1.157772615556496e-07,0.4103204905986786,0.7212346792221069,0.017339322715997696,0.41873112320899963,0.6635522246360779,0.02214176394045353,0.4077446162700653,0.6141459941864014,0.02369454689323902,0.398353636264801,0.5806499719619751,0.026187177747488022,0.37585461139678955,0.5968624353408813,0.008820674382150173,0.3471393585205078,0.5323700904846191,0.009948811493813992,0.3273247480392456,0.5331567525863647,0.016741186380386353,0.3195126950740814,0.5553199648857117,0.02444015070796013,0.34013548493385315,0.6039974689483643,-0.0004056371108163148,0.30308231711387634,0.5393553972244263,0.003845139406621456,0.28071272373199463,0.5372486710548401,0.014134936034679413,0.2686329185962677,0.5473669171333313,0.02309197187423706,0.30623018741607666,0.6254764199256897,-0.008142967708408833,0.268954336643219,0.5582495927810669,-0.005611267872154713,0.2511899769306183,0.5476047396659851,0.005620493087917566,0.24147610366344452,0.5506420731544495,0.014885777607560158,0.27621737122535706,0.6597698926925659,-0.013743523508310318,0.23849883675575256,0.6022995710372925,-0.010305626317858696,0.22394248843193054,0.58348548412323,0.0011579468846321106,0.21646250784397125,0.5761669278144836,0.012131592258810997,neutral,RRQ_p37,RRQ
0.2848644554615021,0.9681499600410461,3.753681028229039e-07,0.2914605736732483,0.8677548766136169,-0.0024626837112009525,0.2805461585521698,0.7868216037750244,-0.01161594595760107,0.2644961178302765,0.7220550775527954,-0.019768157973885536,0.25328829884529114,0.6736491918563843,-0.02729920670390129,0.1795196384191513,0.805438220500946,-0.017390090972185135,0.12256722152233124,0.7483542561531067,-0.021250274032354355,0.0939786434173584,0.7319208383560181,-0.018066411837935448,0.08043840527534485,0.730002224445343,-0.013324019499123096,0.14774559438228607,0.8627830743789673,-0.01953275501728058,0.06428297609090805,0.8115129470825195,-0.020629864186048508,0.041441380977630615,0.8004868030548096,-0.010259227827191353,0.03805851936340332,0.7978682518005371,-2.0528190361801535e-05,0.1323924958705902,0.9200422763824463,-0.020841171965003014,0.0509219616651535,0.8734431266784668,-0.02196831814944744,0.02784086763858795,0.850627601146698,-0.009611096233129501,0.021142780780792236,0.8371315598487854,0.001122435787692666,0.12923188507556915,0.9715762138366699,-0.02158900909125805,0.06415337324142456,0.9352635145187378,-0.021042950451374054,0.039740920066833496,0.91197669506073,-0.009560705162584782,0.0268620103597641,0.8917761445045471,0.002034013392403722,neutral,RRQ_p37,RRQ
0.464044988155365,0.685605525970459,-9.514641874375229e-07,0.36719051003456116,0.6747227311134338,0.05058150738477707,0.3090871274471283,0.6284754872322083,0.0629003643989563,0.26319971680641174,0.5957396030426025,0.06078455597162247,0.2311125099658966,0.5741914510726929,0.057065386325120926,0.30239158868789673,0.4775559604167938,0.045105431228876114,0.2035188525915146,0.5108257532119751,0.045354947447776794,0.20030029118061066,0.5818068981170654,0.04347637668251991,0.2197169065475464,0.6243166327476501,0.0425294004380703,0.3053649663925171,0.475809246301651,0.014061354100704193,0.19827061891555786,0.5478155612945557,0.016385771334171295,0.20659124851226807,0.6222059726715088,0.01593691110610962,0.23352780938148499,0.6626957654953003,0.013204426504671574,0.3080175518989563,0.503773033618927,-0.013897418044507504,0.20342320203781128,0.5901339650154114,-0.012070712633430958,0.21790292859077454,0.6616503596305847,-0.008329398930072784,0.24741646647453308,0.7010817527770996,-0.009826677851378918,0.3043198883533478,0.552848756313324,-0.03813490271568298,0.2188422530889511,0.6171483397483826,-0.03747174143791199,0.21499815583229065,0.6721079349517822,-0.032425109297037125,0.2258019745349884,0.7099545001983643,-0.029974527657032013,neutral,RRQ_p37,RRQ
