x0,y0,z0,x1,y1,z1,x2,y2,z2,x3,y3,z3,x4,y4,z4,x5,y5,z5,x6,y6,z6,x7,y7,z7,x8,y8,z8,x9,y9,z9,x10,y10,z10,x11,y11,z11,x12,y12,z12,x13,y13,z13,x14,y14,z14,x15,y15,z15,x16,y16,z16,x17,y17,z17,x18,y18,z18,x19,y19,z19,x20,y20,z20,label,person_id,collector
0.4443957209587097,0.7758246064186096,-1.8248952926569473e-07,0.40085870027542114,0.7283360958099365,-0.03603580594062805,0.3703405559062958,0.6826817989349365,-0.06966495513916016,0.35931456089019775,0.656704306602478,-0.10240431129932404,0.3778112232685089,0.6540080308914185,-0.13540902733802795,0.4302157163619995,0.5453689694404602,-0.07384710758924484,0.43399348855018616,0.42614370584487915,-0.12034894526004791,0.4391707181930542,0.3470546007156372,-0.15054132044315338,0.4459913969039917,0.28361013531684875,-0.17144231498241425,0.4879739284515381,0.5611019730567932,-0.07626299560070038,0.4486001133918762,0.6095092296600342,-0.1395682990550995,0.41044747829437256,0.6859703063964844,-0.15305998921394348,0.389504998922348,0.7411634922027588,-0.1504238247871399,0.5224369168281555,0.611000657081604,-0.08095445483922958,0.46365824341773987,0.6920498609542847,-0.1300603598356247,0.4234273135662079,0.7385073304176331,-0.12179993093013763,0.3999766707420349,0.7686988711357117,-0.10552466660737991,0.5395691394805908,0.6696080565452576,-0.08970639854669571,0.49503248929977417,0.733660101890564,-0.12217820435762405,0.4593718945980072,0.7611393332481384,-0.11712434887886047,0.4358600378036499,0.7732750773429871,-0.10440314561128616,point,RRQ_p19,RRQ
0.5660046935081482,0.7675135731697083,-1.0634533254005873e-07,0.534887433052063,0.7075042128562927,-0.04052785784006119,0.5255334377288818,0.6441432237625122,-0.07245611399412155,0.5427547693252563,0.6154060363769531,-0.10385127365589142,0.571776270866394,0.5891218781471252,-0.1334885209798813,0.593938946723938,0.49508196115493774,-0.05874444916844368,0.6256601214408875,0.37238937616348267,-0.10281497240066528,0.6495146155357361,0.2985522747039795,-0.12900659441947937,0.6729081869125366,0.23592162132263184,-0.14631660282611847,0.6388996839523315,0.5390500426292419,-0.06297378987073898,0.657723069190979,0.53863126039505,-0.13793334364891052,0.6127707958221436,0.6190908551216125,-0.1571805775165558,0.5744055509567261,0.6743195056915283,-0.15245720744132996,0.6688295602798462,0.5939143300056458,-0.07072681933641434,0.6576135158538818,0.6296932697296143,-0.13238635659217834,0.6076816916465759,0.689551830291748,-0.12472952157258987,0.5714075565338135,0.7177307605743408,-0.10357512533664703,0.685758113861084,0.6522901058197021,-0.08244705200195312,0.6729716658592224,0.6855758428573608,-0.11747141182422638,0.630988597869873,0.7226511240005493,-0.10783517360687256,0.6009500026702881,0.7357546091079712,-0.09052968770265579,point,RRQ_p19,RRQ
0.5541218519210815,0.6928368806838989,-4.080525286553893e-07,0.5079959630966187,0.6718083024024963,-0.02999749779701233,0.4662618339061737,0.6674517393112183,-0.06006678193807602,0.4468385875225067,0.7203726768493652,-0.09025340527296066,0.4310222268104553,0.7709984183311462,-0.12316235899925232,0.5103825926780701,0.5563732981681824,-0.06233495473861694,0.4907519221305847,0.5472851395606995,-0.10733270645141602,0.4808918237686157,0.5609696507453918,-0.13994687795639038,0.47100138664245605,0.5891570448875427,-0.1579669862985611,0.564229428768158,0.5662800669670105,-0.06803146004676819,0.5049872398376465,0.6885765194892883,-0.11418657004833221,0.466950386762619,0.7718232870101929,-0.12993547320365906,0.4440526068210602,0.82512366771698,-0.13426129519939423,0.6015371680259705,0.6171825528144836,-0.07679170370101929,0.5410741567611694,0.729491651058197,-0.11543473601341248,0.5062367916107178,0.7851300239562988,-0.11644325405359268,0.48378363251686096,0.8184106945991516,-0.109920933842659,0.6245849132537842,0.6765854358673096,-0.08842183649539948,0.5775599479675293,0.7622641921043396,-0.11759074032306671,0.5466887354850769,0.8015046119689941,-0.11520002782344818,0.525276243686676,0.8230140805244446,-0.10629123449325562,point,RRQ_p19,RRQ
0.60225510597229,0.9475364685058594,-1.928237338688632e-07,0.5678418874740601,0.8983343839645386,-0.04176158085465431,0.537177562713623,0.848479688167572,-0.07944807410240173,0.5321742296218872,0.8533999919891357,-0.11491500586271286,0.5588627457618713,0.869321882724762,-0.15016469359397888,0.6258789300918579,0.7294365167617798,-0.08513990789651871,0.650558352470398,0.6245228052139282,-0.13577362895011902,0.6720848679542542,0.5504427552223206,-0.16964410245418549,0.6904141902923584,0.4883389472961426,-0.194015234708786,0.6883463859558105,0.755012571811676,-0.08739257603883743,0.6446748971939087,0.8301538228988647,-0.15503761172294617,0.5899962186813354,0.9057069420814514,-0.1683369278907776,0.5586130619049072,0.9468806982040405,-0.16610166430473328,0.7196189165115356,0.8186221718788147,-0.09242609143257141,0.6544722318649292,0.9166289567947388,-0.14464512467384338,0.6039544939994812,0.9566469192504883,-0.1317986398935318,0.5775357484817505,0.9684614539146423,-0.11341444402933121,0.7344951033592224,0.8933246731758118,-0.10224391520023346,0.6742746233940125,0.9703755378723145,-0.13677388429641724,0.6307356953620911,0.9909865856170654,-0.1272706240415573,0.6076401472091675,0.9892418384552002,-0.1116376593708992,point,RRQ_p19,RRQ
0.49757450819015503,0.7898494005203247,-2.083232004679303e-07,0.42182835936546326,0.7447305917739868,-0.03635677322745323,0.3671205937862396,0.7120323777198792,-0.07585521042346954,0.3187227249145508,0.7125872373580933,-0.11602289974689484,0.2716856002807617,0.7320624589920044,-0.16060136258602142,0.4200270473957062,0.5482549071311951,-0.09357915818691254,0.3827398419380188,0.41755568981170654,-0.14422887563705444,0.3576653003692627,0.32832515239715576,-0.17625539004802704,0.33778125047683716,0.2528000473976135,-0.19920459389686584,0.4841814935207367,0.5560840964317322,-0.10392943769693375,0.3965094983577728,0.635798454284668,-0.17711977660655975,0.34286966919898987,0.7349132299423218,-0.1939675658941269,0.31880977749824524,0.8086796402931213,-0.192733496427536,0.5281035304069519,0.6193467974662781,-0.11504632979631424,0.42498037219047546,0.7376033663749695,-0.17518989741802216,0.3773221969604492,0.8068252205848694,-0.1686876118183136,0.3565681576728821,0.8566716313362122,-0.15128090977668762,0.552566647529602,0.6958289742469788,-0.12946586310863495,0.47041910886764526,0.7858420014381409,-0.16998600959777832,0.42577308416366577,0.8260334134101868,-0.16321326792240143,0.4021025002002716,0.852168083190918,-0.1473005712032318,point,RRQ_p19,RRQ
0.5841654539108276,0.8207562565803528,-1.3435762014069041e-07,0.5886268615722656,0.7516902685165405,-0.03716671094298363,0.5986549854278564,0.6792441606521606,-0.0711456835269928,0.5728198289871216,0.6497473120689392,-0.10471156239509583,0.5386848449707031,0.6109496355056763,-0.14398682117462158,0.7194273471832275,0.689441442489624,-0.09218434989452362,0.7815796136856079,0.6808396577835083,-0.1421448141336441,0.8328726291656494,0.6705440878868103,-0.18030470609664917,0.8781237602233887,0.6585308909416199,-0.20909690856933594,0.7442538738250732,0.7968401312828064,-0.10320692509412766,0.6515993475914001,0.7718914747238159,-0.17343400418758392,0.5538896322250366,0.7300011515617371,-0.19354987144470215,0.48635590076446533,0.6965885758399963,-0.19538789987564087,0.7167540788650513,0.8909022808074951,-0.11498232930898666,0.5954055190086365,0.8581986427307129,-0.1773289442062378,0.5136866569519043,0.8047924637794495,-0.1728983223438263,0.45780330896377563,0.7644438147544861,-0.1571245789527893,0.667851448059082,0.9614283442497253,-0.1300271600484848,0.5714610815048218,0.9256120920181274,-0.17930753529071808,0.5095690488815308,0.8705064654350281,-0.1744225025177002,0.47078055143356323,0.8257001638412476,-0.15970569849014282,point,RRQ_p19,RRQ
0.43343764543533325,0.599301278591156,-2.698279217838717e-07,0.3351987302303314,0.5545016527175903,-0.014096195809543133,0.26500624418258667,0.5189843773841858,-0.036281902343034744,0.20333828032016754,0.513487696647644,-0.0608522854745388,0.15052580833435059,0.5207816362380981,-0.08849390596151352,0.28809112310409546,0.3587297797203064,-0.04902397096157074,0.23162877559661865,0.3044825792312622,-0.08579064160585403,0.18963050842285156,0.26182687282562256,-0.11167526990175247,0.1465577781200409,0.22695931792259216,-0.13065657019615173,0.33547988533973694,0.36902374029159546,-0.06346229463815689,0.24624182283878326,0.4341740310192108,-0.11281339079141617,0.19349437952041626,0.5058832764625549,-0.133531853556633,0.1576486974954605,0.5623384118080139,-0.1438787877559662,0.37346258759498596,0.4191741645336151,-0.07809437066316605,0.27943819761276245,0.51947021484375,-0.12738417088985443,0.24086369574069977,0.5931341052055359,-0.1349090039730072,0.21689195930957794,0.6462761759757996,-0.13188757002353668,0.4013221859931946,0.4861094057559967,-0.0927739366889,0.3279864490032196,0.5621123909950256,-0.12856799364089966,0.29833030700683594,0.6061501502990723,-0.1316482126712799,0.279024600982666,0.6359683871269226,-0.12710040807724,point,RRQ_p19,RRQ
0.3654470443725586,0.776487410068512,3.6394177982401743e-07,0.4225143790245056,0.7363227009773254,-0.02360350452363491,0.46473607420921326,0.7062312364578247,-0.05637186020612717,0.4986783266067505,0.708588182926178,-0.09343794733285904,0.5186846256256104,0.7110745906829834,-0.13055533170700073,0.42438551783561707,0.5488146543502808,-0.07109176367521286,0.42365801334381104,0.4469398260116577,-0.11983935534954071,0.43246880173683167,0.3805103302001953,-0.1479988843202591,0.4464609622955322,0.32833996415138245,-0.16520103812217712,0.3714497983455658,0.5617102980613708,-0.08718886226415634,0.42906829714775085,0.617807149887085,-0.15558484196662903,0.47571638226509094,0.694488525390625,-0.1722915768623352,0.5087069272994995,0.7570645809173584,-0.17035485804080963,0.33565399050712585,0.6154738664627075,-0.1040106937289238,0.4114059805870056,0.7100976705551147,-0.1618594527244568,0.45876544713974,0.7804014682769775,-0.1557869166135788,0.4910789728164673,0.8290554285049438,-0.13729289174079895,0.31275463104248047,0.6826417446136475,-0.12393132597208023,0.37815719842910767,0.7610526084899902,-0.15769554674625397,0.4190156161785126,0.8074148893356323,-0.14918749034404755,0.4487675726413727,0.8346726894378662,-0.13254423439502716,point,RRQ_p19,RRQ
0.38531604409217834,0.7206904888153076,2.5774761525099166e-07,0.4098359942436218,0.6515499949455261,-0.026055727154016495,0.4265604019165039,0.595899760723114,-0.05967366695404053,0.4500466585159302,0.5754774808883667,-0.09546096622943878,0.4594971835613251,0.5674773454666138,-0.13162994384765625,0.35181379318237305,0.5139471888542175,-0.0858035683631897,0.31478196382522583,0.44115132093429565,-0.13823439180850983,0.29086366295814514,0.38590753078460693,-0.1687837392091751,0.2738480567932129,0.33667728304862976,-0.1888972371816635,0.30495506525039673,0.5638755559921265,-0.09831683337688446,0.38400307297706604,0.6079437732696533,-0.17053985595703125,0.46104130148887634,0.6422982215881348,-0.18408110737800598,0.5230683088302612,0.6673029661178589,-0.18050071597099304,0.2935897707939148,0.6363417506217957,-0.11117955297231674,0.39955857396125793,0.6838969588279724,-0.16579493880271912,0.460830420255661,0.7026649713516235,-0.1499176323413849,0.5037392973899841,0.7171884179115295,-0.12751346826553345,0.3000621497631073,0.7093923687934875,-0.12803252041339874,0.38462525606155396,0.7363941669464111,-0.16455046832561493,0.4340234398841858,0.7409816980361938,-0.15402765572071075,0.46817582845687866,0.7378305196762085,-0.1361406445503235,point,RRQ_p19,RRQ
0.11037886142730713,0.6518235802650452,2.203492499575077e-07,0.19559316337108612,0.6618828177452087,-0.03184715658426285,0.2630462050437927,0.6358445286750793,-0.057449329644441605,0.29708319902420044,0.6038492918014526,-0.08572853356599808,0.29612335562705994,0.5703009963035583,-0.11167993396520615,0.29952338337898254,0.44568586349487305,-0.05124179273843765,0.34908127784729004,0.327400267124176,-0.09087752550840378,0.37616032361984253,0.2564676105976105,-0.11217142641544342,0.39973950386047363,0.19342884421348572,-0.1263093799352646,0.24829423427581787,0.42674604058265686,-0.06290304660797119,0.2763494849205017,0.4017089307308197,-0.12608687579631805,0.2876596748828888,0.4793032109737396,-0.1459118276834488,0.2931513786315918,0.5521185994148254,-0.14630882441997528,0.1964939385652542,0.43693122267723083,-0.07738957554101944,0.2301052212715149,0.5014785528182983,-0.14026348292827606,0.24483612179756165,0.6035895347595215,-0.14530566334724426,0.25274306535720825,0.6764704585075378,-0.1323893517255783,0.14932337403297424,0.47029909491539,-0.0951436385512352,0.17834332585334778,0.5419790744781494,-0.13690540194511414,0.19631418585777283,0.613518476486206,-0.14090463519096375,0.21125322580337524,0.6673932075500488,-0.13295580446720123,point,RRQ_p19,RRQ
0.27559149265289307,0.5054157972335815,2.82767160797448e-07,0.3326922059059143,0.5113247036933899,-0.0283358134329319,0.37096190452575684,0.5142176747322083,-0.06086120009422302,0.3952324092388153,0.5296111702919006,-0.09550277143716812,0.39177873730659485,0.5386991500854492,-0.13006992638111115,0.3859890103340149,0.3540406823158264,-0.06475397944450378,0.4103876054286957,0.2919396162033081,-0.11192809790372849,0.4336663484573364,0.24724389612674713,-0.1415342539548874,0.4572673738002777,0.2091917246580124,-0.15966761112213135,0.3380752205848694,0.3301815688610077,-0.07492025941610336,0.3522251844406128,0.39599600434303284,-0.1365179717540741,0.3615048825740814,0.4796678423881531,-0.15184108912944794,0.36736512184143066,0.5466587543487549,-0.14990001916885376,0.29117992520332336,0.3489782214164734,-0.08698661625385284,0.31514573097229004,0.45561540126800537,-0.14110898971557617,0.3323521316051483,0.5352604389190674,-0.13756775856018066,0.3430275619029999,0.5934889316558838,-0.121109738945961,0.2521429657936096,0.3889460861682892,-0.1024547591805458,0.27642369270324707,0.47779008746147156,-0.13823437690734863,0.29697468876838684,0.5370412468910217,-0.13533362746238708,0.3138640820980072,0.578778862953186,-0.12258311361074448,point,RRQ_p19,RRQ
0.32508060336112976,0.45312535762786865,-4.682526721921931e-08,0.3674556612968445,0.4358886778354645,-0.014580837450921535,0.3965696692466736,0.40447965264320374,-0.02651810459792614,0.4098301827907562,0.38270363211631775,-0.03947756439447403,0.4161207377910614,0.36543819308280945,-0.05266813933849335,0.3957340717315674,0.3322421610355377,-0.03073548711836338,0.4055800437927246,0.33474475145339966,-0.058877140283584595,0.41180601716041565,0.33860301971435547,-0.07557349652051926,0.41797778010368347,0.348435640335083,-0.08409978449344635,0.35766443610191345,0.3231028616428375,-0.03680010139942169,0.3739023208618164,0.4310340881347656,-0.0773497149348259,0.3804246485233307,0.5039626359939575,-0.08589761704206467,0.3849605619907379,0.5557275414466858,-0.08162020891904831,0.32077962160110474,0.3462689220905304,-0.04450227692723274,0.3442581295967102,0.4579913020133972,-0.0821257010102272,0.35587432980537415,0.5162462592124939,-0.07725552469491959,0.3647192716598511,0.5557162165641785,-0.06301858276128769,0.291043221950531,0.38449206948280334,-0.053844064474105835,0.3142170310020447,0.464943528175354,-0.08145995438098907,0.3303613066673279,0.5092682838439941,-0.07910530269145966,0.34437304735183716,0.5343086123466492,-0.0680580660700798,point,RRQ_p19,RRQ
0.31786859035491943,0.5295746922492981,1.9291722708203451e-07,0.36645758152008057,0.5171156525611877,-0.020750366151332855,0.39839619398117065,0.5063985586166382,-0.044822290539741516,0.4196223020553589,0.5094988346099854,-0.07103883475065231,0.4221266210079193,0.5179740190505981,-0.09690607339143753,0.3842860460281372,0.3752860426902771,-0.04509500041604042,0.3883095979690552,0.33088406920433044,-0.08038891851902008,0.3901257812976837,0.29353487491607666,-0.1028280034661293,0.3944432735443115,0.2576351761817932,-0.11719214916229248,0.34412074089050293,0.37066125869750977,-0.05459605157375336,0.3674893379211426,0.414865106344223,-0.10327904671430588,0.3884626030921936,0.47421807050704956,-0.11739248782396317,0.40338125824928284,0.5222525596618652,-0.11680177599191666,0.31136277318000793,0.3967614769935608,-0.06546102464199066,0.3487769365310669,0.47209063172340393,-0.1086525022983551,0.3738820254802704,0.532440721988678,-0.10723840445280075,0.3902736008167267,0.5756475329399109,-0.09451907873153687,0.28695669770240784,0.4379101097583771,-0.07892780005931854,0.32186004519462585,0.501831591129303,-0.10709753632545471,0.34606584906578064,0.5449652075767517,-0.10554876178503036,0.3651254177093506,0.5739668607711792,-0.0957813709974289,point,RRQ_p19,RRQ
0.333577960729599,0.5526978373527527,3.6940721770406526e-07,0.4052276909351349,0.49686482548713684,-0.005963503383100033,0.43561795353889465,0.4433918595314026,-0.0225266981869936,0.4519210755825043,0.4042510688304901,-0.043292537331581116,0.47058555483818054,0.369900107383728,-0.06342554837465286,0.3690983057022095,0.3402342200279236,-0.03492889925837517,0.3769051134586334,0.26191213726997375,-0.06478774547576904,0.3862508535385132,0.2079601138830185,-0.08420120179653168,0.39716455340385437,0.1654859483242035,-0.09717642515897751,0.34795132279396057,0.3637019097805023,-0.05008489638566971,0.4309511184692383,0.33585506677627563,-0.09283217042684555,0.4777444005012512,0.3638324439525604,-0.10804004967212677,0.5058899521827698,0.3972025513648987,-0.11077789962291718,0.3446741998195648,0.405105859041214,-0.06493418663740158,0.43406614661216736,0.39816319942474365,-0.10208266973495483,0.47480809688568115,0.43034979701042175,-0.10189326852560043,0.4974454641342163,0.45976096391677856,-0.09342683106660843,0.354287326335907,0.4488910138607025,-0.08064239472150803,0.4261559247970581,0.4473835825920105,-0.10242939740419388,0.4593667685985565,0.4621564745903015,-0.09928075224161148,0.482062429189682,0.4756169021129608,-0.09143850207328796,point,RRQ_p19,RRQ
0.29606083035469055,0.452133446931839,2.0063500016931357e-07,0.34089401364326477,0.4691634774208069,-0.01843070238828659,0.3719578981399536,0.4860209822654724,-0.04429805278778076,0.38836580514907837,0.5226792097091675,-0.07191208750009537,0.3864169716835022,0.5583176612854004,-0.09945852309465408,0.40772661566734314,0.3806326985359192,-0.049738965928554535,0.42398974299430847,0.3579753637313843,-0.0861777737736702,0.4343596398830414,0.33211222290992737,-0.11011673510074615,0.44812172651290894,0.30594301223754883,-0.12650622427463531,0.3726644814014435,0.34434160590171814,-0.05963743478059769,0.3719848692417145,0.42385128140449524,-0.10685010254383087,0.37103772163391113,0.49376535415649414,-0.11940965056419373,0.3701845407485962,0.5453635454177856,-0.12007851153612137,0.33113473653793335,0.343616783618927,-0.07050766050815582,0.3310778737068176,0.44809457659721375,-0.10310741513967514,0.33338332176208496,0.4956232011318207,-0.09657883644104004,0.3328457772731781,0.5191803574562073,-0.08516903221607208,0.29197201132774353,0.35989585518836975,-0.08467379957437515,0.2976224720478058,0.43818044662475586,-0.10246359556913376,0.2986370325088501,0.46164268255233765,-0.09723344445228577,0.29934024810791016,0.4621432423591614,-0.08839627355337143,point,RRQ_p19,RRQ
0.639884352684021,0.7395009398460388,2.27589737278322e-07,0.5991654992103577,0.7033342123031616,-0.04571256414055824,0.5775704383850098,0.6379789113998413,-0.0817151665687561,0.5686940550804138,0.590296745300293,-0.11659961193799973,0.5549024343490601,0.5450713038444519,-0.14887215197086334,0.6178114414215088,0.4627566635608673,-0.03882676735520363,0.595451831817627,0.39927786588668823,-0.09686747938394547,0.5716814398765564,0.4553511142730713,-0.14561541378498077,0.5594115853309631,0.5177522897720337,-0.17087753117084503,0.6688023805618286,0.4440111517906189,-0.0411406084895134,0.6720166206359863,0.3215561509132385,-0.07271290570497513,0.6728697419166565,0.24522040784358978,-0.10282289981842041,0.6766447424888611,0.1708790361881256,-0.12522786855697632,0.715757429599762,0.46730315685272217,-0.05261877924203873,0.7496510744094849,0.3475794792175293,-0.08523843437433243,0.7726665139198303,0.2767544090747833,-0.11156263947486877,0.7905897498130798,0.2079138457775116,-0.1289122849702835,0.7542157769203186,0.5216590762138367,-0.06789838522672653,0.8090394139289856,0.4484741687774658,-0.08946532011032104,0.8459972143173218,0.40218088030815125,-0.09773313999176025,0.8757152557373047,0.3548131287097931,-0.10333345085382462,pinch,RRQ_p19,RRQ
0.6228119134902954,0.5048115253448486,1.9460320288544608e-07,0.5955528020858765,0.467629998922348,-0.023863574489951134,0.5815467238426208,0.41631215810775757,-0.04213184490799904,0.5760787129402161,0.375051349401474,-0.06062476709485054,0.5597782731056213,0.340510755777359,-0.07845627516508102,0.6040045022964478,0.31811341643333435,-0.013696987181901932,0.584994912147522,0.28732937574386597,-0.0482388436794281,0.5700336694717407,0.29129183292388916,-0.07787719368934631,0.5603620409965515,0.302039235830307,-0.09425120800733566,0.6350760459899902,0.30443456768989563,-0.019608020782470703,0.6316062211990356,0.21995809674263,-0.041878752410411835,0.6283267140388489,0.16366606950759888,-0.06278613954782486,0.6254015564918518,0.11288195848464966,-0.0772666484117508,0.665562093257904,0.31769388914108276,-0.031093141064047813,0.6814379692077637,0.235805481672287,-0.05553198605775833,0.6900441646575928,0.1870245337486267,-0.07314793020486832,0.6935968995094299,0.14037257432937622,-0.083992600440979,0.6922274231910706,0.3526984751224518,-0.0446014404296875,0.7230126857757568,0.3027495741844177,-0.06161252036690712,0.7426263689994812,0.2688089907169342,-0.06784911453723907,0.7555617690086365,0.23394301533699036,-0.07172242552042007,pinch,RRQ_p19,RRQ
0.6005985140800476,0.5023289322853088,4.778256723625418e-08,0.5665018558502197,0.46036648750305176,-0.009984882548451424,0.5559204816818237,0.3975418210029602,-0.01579538732767105,0.5576243996620178,0.34749045968055725,-0.024155188351869583,0.5503015518188477,0.3040512800216675,-0.03211945667862892,0.5743900537490845,0.3004615306854248,0.00977533683180809,0.5698025226593018,0.22659769654273987,0.0030089805368334055,0.5677505135536194,0.17843814194202423,-0.00515958433970809,0.5654433965682983,0.13694024085998535,-0.013232192024588585,0.6059110760688782,0.298322856426239,0.0032343892380595207,0.5886552929878235,0.2538028359413147,-0.015560368075966835,0.5723623633384705,0.25708407163619995,-0.030136743560433388,0.5574686527252197,0.2628976106643677,-0.03704472631216049,0.6378630995750427,0.30473417043685913,-0.0064576235599815845,0.6383641958236694,0.2473735511302948,-0.02404719777405262,0.6301882266998291,0.21099251508712769,-0.03510749340057373,0.6204255223274231,0.1807984858751297,-0.04118623957037926,0.6706316471099854,0.3203884959220886,-0.01733810268342495,0.6980482339859009,0.26569223403930664,-0.03056454285979271,0.7172433733940125,0.22857993841171265,-0.03804535046219826,0.731458842754364,0.19413377344608307,-0.0426521971821785,pinch,RRQ_p19,RRQ
0.5991121530532837,0.506362795829773,6.798339882152504e-07,0.5626068711280823,0.4701964259147644,-0.0328618586063385,0.5471761226654053,0.41477978229522705,-0.05443315580487251,0.551967978477478,0.3672287166118622,-0.07386460900306702,0.5704883933067322,0.32025396823883057,-0.08958540856838226,0.5635564923286438,0.29791516065597534,-0.03289349749684334,0.5497729778289795,0.2078760415315628,-0.05227707326412201,0.5412529110908508,0.15451385080814362,-0.0633048564195633,0.536069393157959,0.10835012793540955,-0.06978697329759598,0.5980446338653564,0.2975291311740875,-0.031135404482483864,0.6083279252052307,0.20216049253940582,-0.054426681250333786,0.6123480796813965,0.13787329196929932,-0.07016750425100327,0.6176514029502869,0.08410164713859558,-0.07892640680074692,0.6270957589149475,0.31712567806243896,-0.032689083367586136,0.6177883148193359,0.27661752700805664,-0.061885397881269455,0.5875781774520874,0.3118266463279724,-0.06735429912805557,0.5665715336799622,0.33570703864097595,-0.06284613162279129,0.6522748470306396,0.3405900001525879,-0.03679454326629639,0.6591233015060425,0.27362069487571716,-0.05719752982258797,0.6637463569641113,0.2315170168876648,-0.0610479898750782,0.6686121821403503,0.18918481469154358,-0.06000746041536331,pinch,RRQ_p19,RRQ
0.5807750225067139,0.4924026131629944,-9.175950665962773e-09,0.5514212846755981,0.4581654667854309,-0.02210884727537632,0.5341476202011108,0.4105493128299713,-0.042633410543203354,0.5274352431297302,0.3683410584926605,-0.06543891876935959,0.527794361114502,0.3235563337802887,-0.08693259954452515,0.5477402210235596,0.3139365315437317,-0.0035662378650158644,0.5388534665107727,0.26890939474105835,-0.029486747458577156,0.5204322934150696,0.2753126323223114,-0.04822828993201256,0.5050742626190186,0.3059837818145752,-0.05639997869729996,0.5769692659378052,0.31007975339889526,-0.006120114587247372,0.5676560401916504,0.2675817012786865,-0.03282703831791878,0.5504121780395508,0.28605911135673523,-0.04847312718629837,0.5356847047805786,0.3105452358722687,-0.05244637280702591,0.6098256707191467,0.3105717897415161,-0.01442251168191433,0.6149075627326965,0.26168304681777954,-0.034632716327905655,0.6059616208076477,0.23531541228294373,-0.04409464821219444,0.5974372625350952,0.21906839311122894,-0.04655781760811806,0.6414962410926819,0.3220289647579193,-0.025241617113351822,0.6736268997192383,0.26784101128578186,-0.03881968930363655,0.6965574026107788,0.22778603434562683,-0.045740190893411636,0.7143929600715637,0.19446609914302826,-0.04829798638820648,pinch,RRQ_p19,RRQ
0.4467378258705139,0.5289868116378784,-2.501145104361058e-07,0.40493425726890564,0.5047485828399658,-0.012278672307729721,0.3674992024898529,0.4588223397731781,-0.025439046323299408,0.3389137387275696,0.43027380108833313,-0.04097173362970352,0.3105369210243225,0.41685691475868225,-0.0568428561091423,0.37089967727661133,0.3821406066417694,-0.017754100263118744,0.33812716603279114,0.3585588037967682,-0.05004038289189339,0.3189454674720764,0.38976436853408813,-0.07366015762090683,0.30563393235206604,0.43229103088378906,-0.08590544015169144,0.39915692806243896,0.3636871576309204,-0.026618555188179016,0.3654906749725342,0.3311733603477478,-0.06358569860458374,0.3398808240890503,0.3646344542503357,-0.08739136904478073,0.3252637982368469,0.40625491738319397,-0.0984572172164917,0.4351307451725006,0.35838398337364197,-0.038522593677043915,0.41646263003349304,0.30578646063804626,-0.07331458479166031,0.3867742419242859,0.3234175145626068,-0.09260080754756927,0.36429888010025024,0.3475150465965271,-0.10040559619665146,0.4727812707424164,0.36792734265327454,-0.05056057125329971,0.5011405348777771,0.31267011165618896,-0.08066557347774506,0.5155591368675232,0.27307015657424927,-0.09988225996494293,0.5259132385253906,0.23790119588375092,-0.11049957573413849,pinch,RRQ_p19,RRQ
0.4882090985774994,0.5510609149932861,5.821719284426763e-08,0.44374972581863403,0.5062246918678284,-0.026703350245952606,0.41026216745376587,0.44164884090423584,-0.04675225540995598,0.3891807198524475,0.3885522782802582,-0.06709622591733932,0.41053420305252075,0.36902573704719543,-0.08456138521432877,0.47950175404548645,0.3404898941516876,-0.01592271961271763,0.4773086607456207,0.28542110323905945,-0.052889853715896606,0.45282894372940063,0.32767438888549805,-0.08156098425388336,0.4352760314941406,0.3764614164829254,-0.09576043486595154,0.516434907913208,0.33984699845314026,-0.018954085186123848,0.5307996273040771,0.26176536083221436,-0.039539583027362823,0.5294460654258728,0.2137778103351593,-0.05594971030950546,0.5275083780288696,0.16752250492572784,-0.06676778197288513,0.5493610501289368,0.3640642762184143,-0.028898557648062706,0.5772042870521545,0.2907477617263794,-0.052445631474256516,0.5915789604187012,0.2414056360721588,-0.06866388767957687,0.602719783782959,0.19447356462478638,-0.07814908027648926,0.5729035139083862,0.40884843468666077,-0.04117533192038536,0.6124124526977539,0.372641384601593,-0.06055089458823204,0.6400741338729858,0.34803104400634766,-0.0679522305727005,0.6643425822257996,0.3220861554145813,-0.07138628512620926,pinch,RRQ_p19,RRQ
0.4542561173439026,0.5380362272262573,-7.276520364030148e-08,0.43905651569366455,0.4557110071182251,-0.0055409870110452175,0.45971786975860596,0.3709442913532257,-0.009699506685137749,0.48108476400375366,0.31623098254203796,-0.01819801703095436,0.4980434477329254,0.2680712938308716,-0.02570539154112339,0.5359952449798584,0.34609389305114746,0.013655407354235649,0.5599372982978821,0.28939318656921387,-0.011903801001608372,0.5365731120109558,0.2756197452545166,-0.036493685096502304,0.510062038898468,0.27760523557662964,-0.050297584384679794,0.5596575736999512,0.3640623092651367,0.001679882756434381,0.6068028807640076,0.3046175539493561,-0.014417332597076893,0.6160606741905212,0.2535938322544098,-0.032971955835819244,0.6175603270530701,0.21272648870944977,-0.045944735407829285,0.572089433670044,0.39735648036003113,-0.015453615225851536,0.6221423149108887,0.34645500779151917,-0.031217338517308235,0.6390120387077332,0.3000660836696625,-0.04527678340673447,0.6477554440498352,0.2559390068054199,-0.05533020198345184,0.5738535523414612,0.4425143897533417,-0.034025248140096664,0.62404865026474,0.4245002567768097,-0.04623286426067352,0.650151252746582,0.39855366945266724,-0.05232410505414009,0.6683036088943481,0.36647921800613403,-0.05708885192871094,pinch,RRQ_p19,RRQ
0.29467758536338806,0.6218365430831909,3.4965520967489283e-07,0.32378125190734863,0.5343812108039856,-0.0212718416005373,0.32309359312057495,0.42951542139053345,-0.03334662690758705,0.3141477704048157,0.35136210918426514,-0.04688349738717079,0.29840508103370667,0.29205021262168884,-0.05908003821969032,0.2302386313676834,0.37297502160072327,-0.014601025730371475,0.21343894302845,0.2855873107910156,-0.0514063686132431,0.24186138808727264,0.25776785612106323,-0.08015880733728409,0.279327392578125,0.2534679174423218,-0.09479103982448578,0.19110523164272308,0.38937926292419434,-0.02251378633081913,0.1493711918592453,0.29413992166519165,-0.04364114627242088,0.13227996230125427,0.22444939613342285,-0.06124696135520935,0.11956430971622467,0.16802439093589783,-0.07360483705997467,0.16646918654441833,0.42859211564064026,-0.036945734173059464,0.11259806156158447,0.3468934893608093,-0.06040053814649582,0.08215023577213287,0.28260648250579834,-0.0784602016210556,0.06012722849845886,0.22519724071025848,-0.09002804756164551,0.15532360970973969,0.48676082491874695,-0.05385560542345047,0.09462541341781616,0.4635775685310364,-0.07752335071563721,0.05189032852649689,0.43754395842552185,-0.08961748331785202,0.015683859586715698,0.406278520822525,-0.09647911041975021,pinch,RRQ_p19,RRQ
0.4778669476509094,0.49846819043159485,2.8155886866443325e-07,0.48877257108688354,0.4343196749687195,-0.014572419226169586,0.48086005449295044,0.3511834740638733,-0.025211462751030922,0.4773073196411133,0.28870585560798645,-0.036228958517313004,0.48095136880874634,0.2384442538022995,-0.04622911661863327,0.4127078950405121,0.3248567581176758,-0.018162257969379425,0.4102031886577606,0.25337931513786316,-0.04333515465259552,0.43390464782714844,0.2333143651485443,-0.06281375885009766,0.46239152550697327,0.2244979292154312,-0.07308579236268997,0.3919215798377991,0.3385353088378906,-0.026553502306342125,0.36877673864364624,0.26060470938682556,-0.04639965295791626,0.3694310486316681,0.20348581671714783,-0.06248936057090759,0.37880754470825195,0.15606191754341125,-0.07336246222257614,0.3785495460033417,0.3713447153568268,-0.03863361105322838,0.36319035291671753,0.31108561158180237,-0.06156535819172859,0.3734661936759949,0.2579715847969055,-0.07793501019477844,0.3880160450935364,0.21123307943344116,-0.08772896975278854,0.37134164571762085,0.41584187746047974,-0.05177130550146103,0.3214101493358612,0.3973408043384552,-0.0687793642282486,0.2881338596343994,0.37670910358428955,-0.07654792815446854,0.2650275230407715,0.3520675301551819,-0.08238627761602402,pinch,RRQ_p19,RRQ
0.48321738839149475,0.4945366680622101,3.272104152074462e-07,0.491652250289917,0.4245072305202484,-0.01383970957249403,0.4819466471672058,0.3484567403793335,-0.02384025789797306,0.4709705412387848,0.28968456387519836,-0.03555581346154213,0.4495392441749573,0.25311079621315,-0.045708656311035156,0.3997921347618103,0.3135683238506317,-0.014940185472369194,0.36934107542037964,0.2390681654214859,-0.03254313766956329,0.3670795261859894,0.19277851283550262,-0.04195166006684303,0.37141647934913635,0.15140414237976074,-0.04623711109161377,0.38314688205718994,0.33514732122421265,-0.024048859253525734,0.332039475440979,0.26867619156837463,-0.048107948154211044,0.32192352414131165,0.21607960760593414,-0.0650562047958374,0.31980210542678833,0.17200542986392975,-0.07479855418205261,0.3750530183315277,0.3715083599090576,-0.03566613048315048,0.3616136908531189,0.3048880994319916,-0.06875740736722946,0.4078078866004944,0.2787551283836365,-0.0830027386546135,0.44516706466674805,0.26580843329429626,-0.0860879197716713,0.37409263849258423,0.41273191571235657,-0.04759514704346657,0.32648715376853943,0.39212116599082947,-0.06870857626199722,0.2937949001789093,0.3730018436908722,-0.07784470915794373,0.2642498016357422,0.35379406809806824,-0.08327139168977737,pinch,RRQ_p19,RRQ
0.39286357164382935,0.5485058426856995,1.1695320978333257e-07,0.42636382579803467,0.49949872493743896,-0.009593769907951355,0.4465741217136383,0.4208409786224365,-0.019992869347333908,0.4683082103729248,0.36861321330070496,-0.031231537461280823,0.493207186460495,0.3283954858779907,-0.04108608514070511,0.39287570118904114,0.358463853597641,-0.0064056566916406155,0.4223008453845978,0.3075290024280548,-0.02404535934329033,0.45275449752807617,0.3078881800174713,-0.04013706371188164,0.4814138412475586,0.3164514899253845,-0.05081656947731972,0.3710905909538269,0.3606158494949341,-0.015710826963186264,0.4056355953216553,0.31179487705230713,-0.038697317242622375,0.4396739900112152,0.3139956295490265,-0.05434050410985947,0.469955712556839,0.3212105631828308,-0.06174493953585625,0.34499138593673706,0.3775612413883209,-0.02821049652993679,0.3619101941585541,0.3146173357963562,-0.05030009150505066,0.3921067714691162,0.27144062519073486,-0.0655195415019989,0.4220510721206665,0.23644375801086426,-0.07418889552354813,0.3206190764904022,0.4050637185573578,-0.0412038117647171,0.281558632850647,0.3576996326446533,-0.057438842952251434,0.2537890672683716,0.3214225769042969,-0.06607556343078613,0.23510493338108063,0.2862390875816345,-0.07272614538669586,pinch,RRQ_p19,RRQ
0.36320480704307556,0.4538087844848633,1.5048600232603349e-07,0.40788257122039795,0.4516336917877197,-0.04062800854444504,0.45029154419898987,0.4272330403327942,-0.0661468431353569,0.472588449716568,0.40547364950180054,-0.08882807195186615,0.46370333433151245,0.3794368803501129,-0.10801652818918228,0.43977996706962585,0.29319509863853455,-0.043347734957933426,0.46112704277038574,0.2720732092857361,-0.08478682488203049,0.46075648069381714,0.329632431268692,-0.11470966041088104,0.45125123858451843,0.37505584955215454,-0.1287706047296524,0.4066731035709381,0.2631032466888428,-0.04231961444020271,0.42077314853668213,0.19440701603889465,-0.06925589591264725,0.4327961504459381,0.15478995442390442,-0.08972148597240448,0.4429378807544708,0.11221654713153839,-0.10455194115638733,0.36713290214538574,0.2545546293258667,-0.0479537770152092,0.37115445733070374,0.17243081331253052,-0.07462574541568756,0.3748750686645508,0.11848582327365875,-0.09551149606704712,0.3805829882621765,0.06850650906562805,-0.10861861705780029,0.3261137008666992,0.2668762803077698,-0.0567689873278141,0.3075261116027832,0.18993330001831055,-0.07400862872600555,0.2940244972705841,0.1407577097415924,-0.08320330828428268,0.28438180685043335,0.09489192068576813,-0.0900687575340271,pinch,RRQ_p19,RRQ
0.3724948465824127,0.4820363521575928,6.329238289026762e-08,0.41323283314704895,0.47064656019210815,-0.01855611614882946,0.448747456073761,0.44098299741744995,-0.03037443943321705,0.4657636284828186,0.41539686918258667,-0.04226967692375183,0.45725056529045105,0.3888022303581238,-0.05204160138964653,0.4300248622894287,0.34137725830078125,-0.013232773169875145,0.45001861453056335,0.3149874210357666,-0.039148520678281784,0.45530110597610474,0.3546809256076813,-0.060399673879146576,0.4536561667919159,0.386879026889801,-0.07031722366809845,0.4036681354045868,0.32364559173583984,-0.01584833301603794,0.4138233959674835,0.276441752910614,-0.02977680042386055,0.4216301441192627,0.24733084440231323,-0.043725114315748215,0.4276624321937561,0.21372076869010925,-0.054399438202381134,0.3735443949699402,0.3216746151447296,-0.022965239360928535,0.37673619389533997,0.26560789346694946,-0.037775009870529175,0.381415992975235,0.22804594039916992,-0.05125043913722038,0.3866191506385803,0.19129325449466705,-0.06000768393278122,0.3422894775867462,0.33354583382606506,-0.03174589201807976,0.3238997757434845,0.27829819917678833,-0.0412541925907135,0.3110940158367157,0.24320067465305328,-0.046011194586753845,0.3028460741043091,0.2092684805393219,-0.049589160829782486,pinch,RRQ_p19,RRQ
0.515556812286377,0.39223748445510864,1.516245049515419e-07,0.5574111342430115,0.40612173080444336,-0.02113991230726242,0.5980110168457031,0.39881178736686707,-0.03672061488032341,0.6238900423049927,0.3895103335380554,-0.052913740277290344,0.642063319683075,0.3653945326805115,-0.06659380346536636,0.6319676041603088,0.29221126437187195,-0.01412498950958252,0.6628807783126831,0.29206135869026184,-0.04400214925408363,0.6546779274940491,0.32976919412612915,-0.06840042769908905,0.6392250657081604,0.36010295152664185,-0.08040161430835724,0.6154701709747314,0.2530556619167328,-0.019563185051083565,0.6523046493530273,0.21529552340507507,-0.039207324385643005,0.6772403717041016,0.20131716132164001,-0.05501944571733475,0.6982770562171936,0.18902596831321716,-0.06529553234577179,0.5861005187034607,0.22699527442455292,-0.03076067939400673,0.6099196076393127,0.16722828149795532,-0.05244596302509308,0.6311774849891663,0.13119255006313324,-0.06945644319057465,0.6516013741493225,0.10186877846717834,-0.07902801781892776,0.5492024421691895,0.2170766443014145,-0.04383859783411026,0.5553068518638611,0.1421087384223938,-0.0595548152923584,0.5614808201789856,0.09036129713058472,-0.06714289635419846,0.5703022480010986,0.04540768265724182,-0.07181926816701889,pinch,RRQ_p19,RRQ
0.6032850742340088,0.3933747410774231,-2.8315690769886714e-07,0.5771071314811707,0.3768899142742157,-0.022063355892896652,0.5500717163085938,0.34801122546195984,-0.036330703645944595,0.542222797870636,0.3176296055316925,-0.04809167981147766,0.5653029680252075,0.304129958152771,-0.055581897497177124,0.5698843002319336,0.2493136078119278,-0.014480534009635448,0.555469810962677,0.26796191930770874,-0.03703756630420685,0.5582888126373291,0.30518966913223267,-0.049392204731702805,0.5630495548248291,0.31737250089645386,-0.05531565099954605,0.5998774766921997,0.24865874648094177,-0.013643106445670128,0.5824657678604126,0.2765406668186188,-0.03345230594277382,0.5805910229682922,0.32099032402038574,-0.035841915756464005,0.5831870436668396,0.3294088840484619,-0.03321341052651405,0.6265965700149536,0.2637844681739807,-0.017069386318325996,0.6091701984405518,0.2971305549144745,-0.03643796220421791,0.6043161749839783,0.3349681794643402,-0.029960444197058678,0.6056284308433533,0.33893683552742004,-0.021005811169743538,0.64995276927948,0.28753161430358887,-0.02308109775185585,0.6342398524284363,0.3109489381313324,-0.03279417008161545,0.627880334854126,0.33755388855934143,-0.02695201337337494,0.628355085849762,0.34090739488601685,-0.019260577857494354,fist,RRQ_p19,RRQ
0.6469069123268127,0.4070846438407898,-2.7149170023221814e-07,0.6157333850860596,0.3954267203807831,-0.02609289437532425,0.592849850654602,0.37765374779701233,-0.045977819710969925,0.6040529012680054,0.3679666221141815,-0.06143759563565254,0.6315134763717651,0.3623131811618805,-0.07191263884305954,0.613736629486084,0.26744765043258667,-0.03272373974323273,0.6244471669197083,0.3183504641056061,-0.05124405398964882,0.6204651594161987,0.34931331872940063,-0.05972646549344063,0.6144270896911621,0.3448500633239746,-0.06619193404912949,0.644954264163971,0.2665286660194397,-0.030256934463977814,0.6504181027412415,0.3340202569961548,-0.04904352128505707,0.6415677070617676,0.365556001663208,-0.05094222351908684,0.6376133561134338,0.3558697998523712,-0.0514964833855629,0.671611487865448,0.28051459789276123,-0.030440934002399445,0.6753354072570801,0.3452730178833008,-0.04557415470480919,0.6632930636405945,0.3683723211288452,-0.03929124027490616,0.6570465564727783,0.35671889781951904,-0.034657273441553116,0.693986713886261,0.30382898449897766,-0.033867932856082916,0.6934199333190918,0.35215073823928833,-0.04522562399506569,0.6824313402175903,0.3698875606060028,-0.04401503503322601,0.6759225130081177,0.36041259765625,-0.0414496511220932,fist,RRQ_p19,RRQ
0.6684116125106812,0.4738091230392456,-3.133790187348495e-07,0.629006028175354,0.46487948298454285,-0.034923750907182693,0.6001338958740234,0.43991780281066895,-0.05986572057008743,0.6111055016517639,0.42779484391212463,-0.07895652949810028,0.6429511904716492,0.41761791706085205,-0.0920579805970192,0.6187365055084229,0.3106156289577484,-0.043240517377853394,0.6289454102516174,0.3659960627555847,-0.06933503597974777,0.6271589398384094,0.40888938307762146,-0.08140166103839874,0.6221150159835815,0.4025622606277466,-0.09023100882768631,0.6572471857070923,0.3043510615825653,-0.039674967527389526,0.6650679707527161,0.37947148084640503,-0.06782637536525726,0.6571709513664246,0.4236217737197876,-0.07241784781217575,0.6537479758262634,0.4128914475440979,-0.07342935353517532,0.6914706826210022,0.31814324855804443,-0.03972295671701431,0.6963887810707092,0.39450186491012573,-0.06282296031713486,0.6829280853271484,0.4295138716697693,-0.05596797540783882,0.675453245639801,0.41434144973754883,-0.050014324486255646,0.720920979976654,0.3438901901245117,-0.043832313269376755,0.7220123410224915,0.4052732288837433,-0.06029459461569786,0.7099396586418152,0.4323127865791321,-0.05945117026567459,0.7019818425178528,0.4206738770008087,-0.05656762793660164,fist,RRQ_p19,RRQ
0.6328471899032593,0.4921782612800598,-3.4434020790286013e-07,0.5698381662368774,0.47408202290534973,-0.009542737156152725,0.5238094925880432,0.4438930153846741,-0.020961053669452667,0.4957111179828644,0.4188731610774994,-0.03348176181316376,0.5008226037025452,0.40551817417144775,-0.042288970202207565,0.5592972040176392,0.31631237268447876,-0.0035829818807542324,0.5035474300384521,0.35112902522087097,-0.02503933571279049,0.5179522037506104,0.3888145089149475,-0.03960473835468292,0.5347623229026794,0.3870408535003662,-0.04846914857625961,0.5799341201782227,0.32014527916908264,-0.010220314376056194,0.5176125168800354,0.36705073714256287,-0.03133738413453102,0.5331603288650513,0.4026729166507721,-0.035018615424633026,0.5517524480819702,0.3984013497829437,-0.03463827446103096,0.5954541563987732,0.3400822877883911,-0.020115520805120468,0.5359014272689819,0.38644787669181824,-0.038186922669410706,0.5507136583328247,0.41669684648513794,-0.03099747747182846,0.5693667531013489,0.41231322288513184,-0.02309553138911724,0.6055703163146973,0.3724110424518585,-0.032037489116191864,0.5604904890060425,0.41141477227211,-0.043944988399744034,0.5724945664405823,0.43034079670906067,-0.040275923907756805,0.5905991792678833,0.4254038333892822,-0.03414453566074371,fist,RRQ_p19,RRQ
0.5996148586273193,0.40536779165267944,-3.9410127783412463e-07,0.5573840141296387,0.37416744232177734,-0.0006158542819321156,0.5264224410057068,0.3223813772201538,-0.0019940878264606,0.5212024450302124,0.2711978554725647,-0.008572610095143318,0.5415913462638855,0.2350212186574936,-0.013514396734535694,0.5497379899024963,0.27805978059768677,0.020709654316306114,0.5397476553916931,0.23636281490325928,0.0014367621624842286,0.5354408025741577,0.2703452706336975,-0.008646405301988125,0.5420544743537903,0.2926529049873352,-0.011503739282488823,0.5708582997322083,0.2733404040336609,0.012687310576438904,0.5580990314483643,0.22571903467178345,-0.008736911229789257,0.5543380379676819,0.2769277095794678,-0.012453888542950153,0.5648135542869568,0.30173733830451965,-0.0067617581225931644,0.5942776799201965,0.27323514223098755,0.0005777227925136685,0.5775646567344666,0.23340511322021484,-0.0204399973154068,0.5740017890930176,0.28544753789901733,-0.013287190347909927,0.5844289064407349,0.31049835681915283,-7.564936095150188e-05,0.6212506294250488,0.2788674235343933,-0.012030617333948612,0.6010094881057739,0.24346128106117249,-0.02058572508394718,0.5948200225830078,0.27625277638435364,-0.011702096089720726,0.6032053828239441,0.29642540216445923,-0.0008475033682771027,fist,RRQ_p19,RRQ
0.5906007289886475,0.41074851155281067,-1.814786969589477e-07,0.5548543930053711,0.41992056369781494,-0.028322646394371986,0.5208147168159485,0.43446293473243713,-0.049645524471998215,0.5071276426315308,0.46242237091064453,-0.06645725667476654,0.5265841484069824,0.4807761311531067,-0.07972680777311325,0.5262159705162048,0.33285051584243774,-0.043926067650318146,0.5264254808425903,0.43022680282592773,-0.063845694065094,0.5352955460548401,0.4458446502685547,-0.07329501956701279,0.5394673943519592,0.4255237579345703,-0.079588882625103,0.5626606941223145,0.3294166624546051,-0.04129990562796593,0.5616253018379211,0.4475969672203064,-0.05705717206001282,0.563962459564209,0.4456208050251007,-0.057790398597717285,0.5627989172935486,0.4146919250488281,-0.05843951180577278,0.5981966853141785,0.3409532606601715,-0.04071880131959915,0.5924845337867737,0.44714757800102234,-0.05409952625632286,0.5911570191383362,0.44016438722610474,-0.04461461305618286,0.590272843837738,0.4073946475982666,-0.03667686879634857,0.6277652382850647,0.3586810231208801,-0.04391617700457573,0.6200106143951416,0.4356178343296051,-0.054191362112760544,0.6167376637458801,0.434370219707489,-0.049463268369436264,0.6164611577987671,0.4113447964191437,-0.04336303099989891,fist,RRQ_p19,RRQ
0.5920866131782532,0.3183022737503052,-4.2501105212977563e-07,0.5579428672790527,0.27640265226364136,-0.0017870778683573008,0.5357229113578796,0.2185116708278656,-0.003928396385163069,0.5365129709243774,0.16634762287139893,-0.011322773061692715,0.5624158382415771,0.14178331196308136,-0.016140736639499664,0.5704099535942078,0.1839933693408966,0.019445184618234634,0.5668209791183472,0.13555976748466492,-0.002015952719375491,0.5561234354972839,0.17563828825950623,-0.011346426792442799,0.560067892074585,0.1991077959537506,-0.013190303929150105,0.5889009237289429,0.18666446208953857,0.012074577622115612,0.5829971432685852,0.1356337070465088,-0.012269380502402782,0.5706825852394104,0.18817946314811707,-0.014459286816418171,0.5800933241844177,0.20939968526363373,-0.006981989834457636,0.6094262003898621,0.19113261997699738,-1.0903107067861129e-05,0.5993091464042664,0.14267000555992126,-0.023732062429189682,0.5864396095275879,0.1969408392906189,-0.015544646419584751,0.5950090885162354,0.2209215611219406,-0.0008548207697458565,0.6324028968811035,0.20080149173736572,-0.01277346070855856,0.6172159314155579,0.15889786183834076,-0.0236856397241354,0.605283260345459,0.19251887500286102,-0.015786176547408104,0.6121576428413391,0.2148624062538147,-0.0049378047697246075,fist,RRQ_p19,RRQ
0.3414321839809418,0.45690929889678955,-2.195518504777283e-07,0.29538634419441223,0.48455122113227844,-0.02895655296742916,0.25298935174942017,0.5025169849395752,-0.050319377332925797,0.2250124216079712,0.5114142894744873,-0.06761758774518967,0.24636408686637878,0.4900670051574707,-0.08050552755594254,0.2165387123823166,0.3745672404766083,-0.031004730612039566,0.21684283018112183,0.44331350922584534,-0.05178798735141754,0.23736628890037537,0.4656435549259186,-0.06315762549638748,0.24185475707054138,0.4526819586753845,-0.07084601372480392,0.2474975883960724,0.3540222942829132,-0.028044873848557472,0.2509450912475586,0.43886932730674744,-0.04704545438289642,0.2665601968765259,0.45659664273262024,-0.04964849352836609,0.26919835805892944,0.44013920426368713,-0.05020172894001007,0.28281885385513306,0.35232633352279663,-0.028649790212512016,0.2870616614818573,0.4344741702079773,-0.045336104929447174,0.2965577244758606,0.4492300748825073,-0.04050757735967636,0.29858848452568054,0.43164652585983276,-0.03528065234422684,0.31587159633636475,0.3636395335197449,-0.032644122838974,0.3191770017147064,0.42791056632995605,-0.04230751842260361,0.3255583941936493,0.4355306029319763,-0.04071590304374695,0.3277752995491028,0.4181451201438904,-0.03737633302807808,fist,RRQ_p19,RRQ
0.3464319407939911,0.4661364257335663,-1.0022809959764345e-07,0.38327696919441223,0.47703203558921814,-0.02531626634299755,0.4210225045681,0.47327369451522827,-0.04448592662811279,0.4104428291320801,0.46739423274993896,-0.06007478013634682,0.37619468569755554,0.467373251914978,-0.07206723839044571,0.4304962754249573,0.3402024805545807,-0.03156207129359245,0.4090733528137207,0.41532471776008606,-0.06159653514623642,0.40445977449417114,0.4472035765647888,-0.0812867134809494,0.4102351665496826,0.43522465229034424,-0.09408827871084213,0.390231728553772,0.3161713480949402,-0.03161228448152542,0.3735005855560303,0.41589418053627014,-0.05603561922907829,0.37488123774528503,0.44680002331733704,-0.06421025097370148,0.38041043281555176,0.42383867502212524,-0.06953947991132736,0.351670503616333,0.31664931774139404,-0.03487135097384453,0.34162765741348267,0.4161974787712097,-0.054252903908491135,0.34766915440559387,0.44191810488700867,-0.05134691298007965,0.35301199555397034,0.41753512620925903,-0.04877998307347298,0.31821227073669434,0.3297739624977112,-0.041329119354486465,0.31401315331459045,0.4065326452255249,-0.05411253869533539,0.32016587257385254,0.4299650490283966,-0.0535433329641819,0.3257594704627991,0.41204380989074707,-0.05145176872611046,fist,RRQ_p19,RRQ
0.39665544033050537,0.45148324966430664,-1.6795513602119172e-07,0.43702980875968933,0.433577299118042,-0.012977855280041695,0.472817599773407,0.39225682616233826,-0.01936100423336029,0.4931274354457855,0.3471702039241791,-0.02658243477344513,0.4834299087524414,0.30795833468437195,-0.030468245968222618,0.4609171748161316,0.334613561630249,-0.0008809768478386104,0.47697213292121887,0.2933078408241272,-0.023708617314696312,0.47467663884162903,0.3354201912879944,-0.03432980924844742,0.46466362476348877,0.3599315285682678,-0.03647909685969353,0.4390694499015808,0.3275761008262634,-0.003183569060638547,0.4606029987335205,0.2865299582481384,-0.025930974632501602,0.45529937744140625,0.3420122563838959,-0.02982322871685028,0.4435516893863678,0.36012816429138184,-0.02558538317680359,0.4143794775009155,0.3250577449798584,-0.009361717849969864,0.4362594485282898,0.298844575881958,-0.03470444306731224,0.431147962808609,0.3527408540248871,-0.027483589947223663,0.41967862844467163,0.36644408106803894,-0.01470790896564722,0.3857182264328003,0.3260164260864258,-0.01635507121682167,0.4097588360309601,0.3104129135608673,-0.030614787712693214,0.4102191925048828,0.34712517261505127,-0.021560795605182648,0.4005747139453888,0.35829129815101624,-0.010166254825890064,fist,RRQ_p19,RRQ
0.5313369035720825,0.430890291929245,-2.1925856685811596e-07,0.5710840821266174,0.4676295816898346,-0.009319855831563473,0.6072126626968384,0.48955363035202026,-0.01921921968460083,0.6341605186462402,0.49856725335121155,-0.030430860817432404,0.6517026424407959,0.48601821064949036,-0.03873758018016815,0.6587815284729004,0.4032535254955292,-0.0036675152368843555,0.6707952618598938,0.46090131998062134,-0.026168080046772957,0.6382502913475037,0.47462108731269836,-0.040767036378383636,0.6210447549819946,0.4651169180870056,-0.04838082939386368,0.6492124795913696,0.3787945806980133,-0.009366392157971859,0.6569028496742249,0.4479416310787201,-0.031248018145561218,0.6195006966590881,0.46236902475357056,-0.037449706345796585,0.6028867363929749,0.45261168479919434,-0.037362467497587204,0.6320139765739441,0.3626270294189453,-0.017975006252527237,0.6363385319709778,0.4308393895626068,-0.03785822540521622,0.6034927368164062,0.4434378445148468,-0.03410999849438667,0.5901810526847839,0.4330390393733978,-0.026836419478058815,0.6098111867904663,0.35505542159080505,-0.027841748669743538,0.6150885820388794,0.40664002299308777,-0.03795069083571434,0.5934653878211975,0.417123019695282,-0.032644614577293396,0.5834451913833618,0.40587368607521057,-0.025545192882418633,fist,RRQ_p19,RRQ
0.3448491096496582,0.3914051949977875,1.0188681898171126e-07,0.3719700574874878,0.4304223656654358,-0.02863507717847824,0.3885634243488312,0.4612056314945221,-0.05055862292647362,0.3686765730381012,0.480116605758667,-0.06736429780721664,0.3366849720478058,0.48215869069099426,-0.08250396698713303,0.40459179878234863,0.37035199999809265,-0.05811189115047455,0.35803428292274475,0.4380818009376526,-0.08982080966234207,0.3628600835800171,0.44230204820632935,-0.11082968860864639,0.3771495521068573,0.4265027344226837,-0.12423581629991531,0.3735540211200714,0.33635103702545166,-0.05421203747391701,0.32852768898010254,0.4269508123397827,-0.07502485811710358,0.3393796682357788,0.4237048327922821,-0.07917635142803192,0.3527020812034607,0.3965182304382324,-0.0843229591846466,0.34190085530281067,0.32065996527671814,-0.05208241939544678,0.30613207817077637,0.4074958860874176,-0.06651898473501205,0.3180032968521118,0.403817743062973,-0.058738064020872116,0.33154064416885376,0.37499597668647766,-0.05392253398895264,0.3137172758579254,0.3173467814922333,-0.05395037680864334,0.2938050925731659,0.3811209797859192,-0.0657876506447792,0.3045171797275543,0.382476806640625,-0.0641467347741127,0.3172755241394043,0.361560583114624,-0.0619359090924263,fist,RRQ_p19,RRQ
0.35655584931373596,0.42818117141723633,-6.189902990172413e-08,0.383420467376709,0.4496684670448303,-0.022086186334490776,0.40553122758865356,0.4666632413864136,-0.03910441696643829,0.3965438902378082,0.4838833808898926,-0.05261905863881111,0.3705116808414459,0.48938116431236267,-0.06462428718805313,0.4326504170894623,0.37223801016807556,-0.03955654427409172,0.3930351436138153,0.43956923484802246,-0.06289105862379074,0.3842601180076599,0.4555402398109436,-0.07850343734025955,0.3906402587890625,0.4432300925254822,-0.08953332155942917,0.40207919478416443,0.34503722190856934,-0.038337498903274536,0.3625410199165344,0.42881885170936584,-0.05526281148195267,0.36045658588409424,0.4393903315067291,-0.05999075621366501,0.3683406710624695,0.4169016182422638,-0.06562120467424393,0.3696594536304474,0.33411258459091187,-0.03874718397855759,0.3384536802768707,0.4122265577316284,-0.051055021584033966,0.33923065662384033,0.42224782705307007,-0.047716572880744934,0.347331702709198,0.40000730752944946,-0.04680730774998665,0.34019798040390015,0.33299413323402405,-0.04211324825882912,0.3198302388191223,0.39134517312049866,-0.05192827805876732,0.3231067955493927,0.4036315083503723,-0.05212990194559097,0.33214500546455383,0.3887316882610321,-0.05208296701312065,fist,RRQ_p19,RRQ
0.49431395530700684,0.5101974010467529,-1.509939835386831e-07,0.5241907238960266,0.47192198038101196,0.0015613124705851078,0.568335771560669,0.4525880217552185,-0.006941026542335749,0.6115209460258484,0.45973387360572815,-0.01664281263947487,0.6430523991584778,0.46850258111953735,-0.023720279335975647,0.568413496017456,0.407010555267334,-0.017055312171578407,0.6244789958000183,0.4241105616092682,-0.030774515122175217,0.6153960227966309,0.4454667866230011,-0.03682234138250351,0.5986858606338501,0.44768041372299194,-0.0397782102227211,0.5676062703132629,0.4331495761871338,-0.026326237246394157,0.6237197518348694,0.4583049416542053,-0.03450155258178711,0.6109715700149536,0.47494667768478394,-0.03277675434947014,0.5930505990982056,0.47210368514060974,-0.032616302371025085,0.5679292678833008,0.46610504388809204,-0.03535935655236244,0.6169878840446472,0.49061551690101624,-0.0383879654109478,0.6018779277801514,0.5020999312400818,-0.027881665155291557,0.5849976539611816,0.49685898423194885,-0.02279644086956978,0.567923903465271,0.502307653427124,-0.04490787163376808,0.6033073663711548,0.517427921295166,-0.04205698147416115,0.5881211161613464,0.5254572033882141,-0.031134283170104027,0.573684811592102,0.5223637223243713,-0.024878669530153275,fist,RRQ_p19,RRQ
0.5184035301208496,0.4711226522922516,-1.238008877635366e-07,0.5522081255912781,0.4866030216217041,-0.017347050830721855,0.5834863781929016,0.4968127906322479,-0.034449923783540726,0.59918212890625,0.5063035488128662,-0.050799064338207245,0.5881364941596985,0.5071779489517212,-0.06513190269470215,0.616313636302948,0.390898197889328,-0.025441858917474747,0.6024524569511414,0.4449990689754486,-0.05012771859765053,0.5887627601623535,0.47674158215522766,-0.06675509363412857,0.5888102054595947,0.479128360748291,-0.07747683674097061,0.5884362459182739,0.3655906617641449,-0.02877473458647728,0.5723249912261963,0.43306347727775574,-0.048508331179618835,0.5626407861709595,0.4691351354122162,-0.054014902561903,0.5654129385948181,0.4734187722206116,-0.0577615387737751,0.5561063885688782,0.35721367597579956,-0.03455647453665733,0.545356810092926,0.4251963198184967,-0.04990470036864281,0.5383327603340149,0.45211732387542725,-0.04722972959280014,0.5394275784492493,0.4463900029659271,-0.04508281126618385,0.5260153412818909,0.36112353205680847,-0.042885731905698776,0.5188404321670532,0.41400349140167236,-0.0510675273835659,0.5180813670158386,0.4357905387878418,-0.04912090674042702,0.5221596956253052,0.42990168929100037,-0.04709796607494354,fist,RRQ_p19,RRQ
0.45974594354629517,0.48977309465408325,4.316480328725447e-07,0.5051829814910889,0.487144410610199,-0.026329606771469116,0.547145664691925,0.4726777970790863,-0.043971896171569824,0.5803373456001282,0.4652337431907654,-0.06044341251254082,0.610037624835968,0.46595650911331177,-0.07707197219133377,0.5479429960250854,0.34907495975494385,-0.02938024513423443,0.5746367573738098,0.2864418029785156,-0.04873162508010864,0.5901458263397217,0.24794253706932068,-0.06450849771499634,0.6033869981765747,0.21368712186813354,-0.075990691781044,0.5183740258216858,0.32831665873527527,-0.031005728989839554,0.5382822155952454,0.25469380617141724,-0.04731404036283493,0.5510889291763306,0.20622818171977997,-0.061938654631376266,0.561282753944397,0.1657625138759613,-0.07291874289512634,0.48743024468421936,0.3264862895011902,-0.035425350069999695,0.49597352743148804,0.25662922859191895,-0.050564706325531006,0.5044348835945129,0.20942524075508118,-0.06368260085582733,0.5134207010269165,0.16846296191215515,-0.0731184110045433,0.4551706910133362,0.340087890625,-0.04240789636969566,0.4468199610710144,0.28561335802078247,-0.057095177471637726,0.4430896043777466,0.24864378571510315,-0.06498130410909653,0.44282904267311096,0.2136361449956894,-0.06997457891702652,open_palm,RRQ_p19,RRQ
0.4525565505027771,0.49947595596313477,3.1911403652884474e-07,0.4973622262477875,0.49734678864479065,-0.025608638301491737,0.5391608476638794,0.4801366329193115,-0.04270293936133385,0.5703198313713074,0.467952162027359,-0.05843960866332054,0.5985896587371826,0.4592145085334778,-0.07466594874858856,0.5403034090995789,0.3610520362854004,-0.02851797081530094,0.555933952331543,0.2925970256328583,-0.048779360949993134,0.5634474158287048,0.25067269802093506,-0.06554064899682999,0.571182131767273,0.21223342418670654,-0.07763215154409409,0.5146491527557373,0.34550169110298157,-0.03045962005853653,0.5305976271629333,0.2678113281726837,-0.047860532999038696,0.5396308302879333,0.21882881224155426,-0.063583604991436,0.5479720234870911,0.176448255777359,-0.07516689598560333,0.48652833700180054,0.34654244780540466,-0.03505862131714821,0.500148355960846,0.2738431394100189,-0.05110076442360878,0.5104045271873474,0.22742675244808197,-0.06278225779533386,0.5202855467796326,0.185411736369133,-0.07096967846155167,0.45563074946403503,0.3600243628025055,-0.04207441583275795,0.4655880033969879,0.3057767152786255,-0.056283172219991684,0.47389328479766846,0.27178192138671875,-0.062279801815748215,0.48223528265953064,0.2386590838432312,-0.06601312756538391,open_palm,RRQ_p19,RRQ
0.4513256847858429,0.5094160437583923,3.542444915183296e-07,0.49750810861587524,0.5077462196350098,-0.02571319416165352,0.5378797650337219,0.49270176887512207,-0.04424174129962921,0.5692322850227356,0.48241400718688965,-0.06184016168117523,0.5968483686447144,0.4827724099159241,-0.08018360286951065,0.5420132875442505,0.37368863821029663,-0.03099074959754944,0.5609797239303589,0.3083781599998474,-0.05267733335494995,0.5711709856987,0.2665221691131592,-0.0700925812125206,0.5809392929077148,0.2284766286611557,-0.08323203027248383,0.5134562253952026,0.35349225997924805,-0.0346054770052433,0.5298551321029663,0.27502191066741943,-0.05441467836499214,0.5409590005874634,0.2275320440530777,-0.0712965726852417,0.5512393712997437,0.1862698644399643,-0.08380281180143356,0.4823301434516907,0.3527901768684387,-0.04080979898571968,0.4896725118160248,0.2790197730064392,-0.05965456739068031,0.49801012873649597,0.23044699430465698,-0.07349982112646103,0.5069501399993896,0.18662016093730927,-0.08317792415618896,0.4498211741447449,0.36699163913726807,-0.049383487552404404,0.4499000310897827,0.30987417697906494,-0.06665351241827011,0.4522456228733063,0.2720746695995331,-0.07520870864391327,0.45682358741760254,0.23508763313293457,-0.0808512270450592,open_palm,RRQ_p19,RRQ
0.4551292657852173,0.48416316509246826,4.129231001570588e-07,0.4938380718231201,0.4841475188732147,-0.0274284016340971,0.5284973382949829,0.47375574707984924,-0.0454292818903923,0.5546020865440369,0.4662574529647827,-0.061683375388383865,0.5808733701705933,0.4626178741455078,-0.07824496924877167,0.5329045057296753,0.3684484660625458,-0.03055356629192829,0.554848313331604,0.3220595717430115,-0.050032489001750946,0.5674143433570862,0.2942239046096802,-0.06637486815452576,0.5787036418914795,0.26619988679885864,-0.07854147255420685,0.5066020488739014,0.3510454297065735,-0.03158824145793915,0.5222569108009338,0.28817737102508545,-0.04807078465819359,0.5326644778251648,0.24987483024597168,-0.0626494288444519,0.5419085025787354,0.21545499563217163,-0.07340849190950394,0.477155864238739,0.35273879766464233,-0.03539180010557175,0.48211732506752014,0.29621365666389465,-0.052364129573106766,0.4887702763080597,0.2606741189956665,-0.06466864049434662,0.4973659813404083,0.22697262465953827,-0.07296296954154968,0.44637081027030945,0.36860883235931396,-0.04156465083360672,0.4415867030620575,0.3263278901576996,-0.05827761068940163,0.43795540928840637,0.2995804250240326,-0.06577993929386139,0.4364970624446869,0.2726108729839325,-0.07018118351697922,open_palm,RRQ_p19,RRQ
0.43754443526268005,0.4968029856681824,4.1412224049963697e-07,0.4809363782405853,0.4883631467819214,-0.03140576183795929,0.5162798762321472,0.4710227847099304,-0.05177965387701988,0.5394582748413086,0.4499850273132324,-0.06985460221767426,0.5499810576438904,0.4219193160533905,-0.08811333775520325,0.507892370223999,0.3537181615829468,-0.034836720675230026,0.5234944224357605,0.2903235852718353,-0.055878330022096634,0.5311754941940308,0.25068357586860657,-0.07333674281835556,0.5379487872123718,0.21473771333694458,-0.08602797240018845,0.4785277247428894,0.34111785888671875,-0.03466739505529404,0.48930954933166504,0.2636456787586212,-0.05286974087357521,0.49646154046058655,0.21363340318202972,-0.07005985081195831,0.5026470422744751,0.17111308872699738,-0.08297114074230194,0.44929108023643494,0.346951961517334,-0.03734077885746956,0.4524030089378357,0.275075227022171,-0.054032087326049805,0.456601619720459,0.22712036967277527,-0.06765291094779968,0.46165409684181213,0.18466202914714813,-0.07766350358724594,0.4199942648410797,0.36651426553726196,-0.042832501232624054,0.41567090153694153,0.31401509046554565,-0.058918099850416183,0.4157041311264038,0.27830830216407776,-0.06741052865982056,0.41753602027893066,0.24495431780815125,-0.07310294359922409,open_palm,RRQ_p19,RRQ
0.3239438533782959,0.5125579237937927,4.2345837414359266e-07,0.3529478907585144,0.49340105056762695,-0.029312102124094963,0.3743463456630707,0.4713888168334961,-0.0493135079741478,0.3785659372806549,0.451980322599411,-0.06726101040840149,0.37500545382499695,0.4320201277732849,-0.08496616035699844,0.35425877571105957,0.3617168664932251,-0.03731277957558632,0.36151227355003357,0.3014003336429596,-0.059235431253910065,0.36436957120895386,0.2631807327270508,-0.07623670250177383,0.36501458287239075,0.22851693630218506,-0.08823089301586151,0.3225365877151489,0.35217738151550293,-0.03770871460437775,0.31977492570877075,0.27775901556015015,-0.05650043860077858,0.31885915994644165,0.22820189595222473,-0.071377694606781,0.317094087600708,0.18480750918388367,-0.08190406113862991,0.29404541850090027,0.3636174201965332,-0.04086165502667427,0.27950865030288696,0.29637762904167175,-0.058633994311094284,0.26918885111808777,0.24878615140914917,-0.07337028533220291,0.2616414725780487,0.2066037654876709,-0.08341409265995026,0.26936399936676025,0.3913305103778839,-0.046490419656038284,0.24452784657478333,0.350556343793869,-0.06358328461647034,0.2269129455089569,0.3215663731098175,-0.07334437966346741,0.2133169174194336,0.29316091537475586,-0.07942875474691391,open_palm,RRQ_p19,RRQ
0.3171440660953522,0.41878899931907654,3.224534737000795e-07,0.3554458022117615,0.39277467131614685,-0.024442067369818687,0.38663288950920105,0.3452417254447937,-0.034770507365465164,0.4093083441257477,0.3005223870277405,-0.04363824054598808,0.4314895570278168,0.2678726315498352,-0.051882412284612656,0.3707391023635864,0.2521403133869171,-0.01217441912740469,0.3800239861011505,0.19067098200321198,-0.026136156171560287,0.38376685976982117,0.15153679251670837,-0.04031376540660858,0.3869941234588623,0.11494326591491699,-0.0511733740568161,0.34462669491767883,0.24295882880687714,-0.011090065352618694,0.35017624497413635,0.17379289865493774,-0.023022504523396492,0.3527015745639801,0.1270217001438141,-0.03652460128068924,0.3555299937725067,0.08628585934638977,-0.04685517027974129,0.31889957189559937,0.2487330138683319,-0.013614548370242119,0.3212544918060303,0.18381467461585999,-0.026088090613484383,0.3250848352909088,0.14076705276966095,-0.036758746951818466,0.3294181823730469,0.10334399342536926,-0.04428068920969963,0.29248738288879395,0.26479941606521606,-0.018854757770895958,0.29257526993751526,0.21402469277381897,-0.030967114493250847,0.29348230361938477,0.1812780201435089,-0.03691022843122482,0.2952525019645691,0.15114238858222961,-0.040661316365003586,open_palm,RRQ_p19,RRQ
0.5272292494773865,0.5077542066574097,4.7382263801409863e-07,0.5857622027397156,0.5023248195648193,-0.037600040435791016,0.6373237371444702,0.474015474319458,-0.061787061393260956,0.6777213215827942,0.44312456250190735,-0.08336056023836136,0.7191323637962341,0.41855812072753906,-0.10524389147758484,0.638282299041748,0.3328746557235718,-0.042612913995981216,0.6691252589225769,0.25202882289886475,-0.07039199769496918,0.6888442039489746,0.2019672840833664,-0.09261175990104675,0.7081924676895142,0.15547987818717957,-0.10913335531949997,0.6047905683517456,0.3098517954349518,-0.04392588883638382,0.6289920210838318,0.21312087774276733,-0.06867185980081558,0.6468631625175476,0.1499076783657074,-0.09010453522205353,0.6625897288322449,0.09520508348941803,-0.10621295869350433,0.5679962038993835,0.3116546869277954,-0.04903183504939079,0.5846224427223206,0.21996937692165375,-0.07316005229949951,0.6014626026153564,0.15825940668582916,-0.09160009026527405,0.618596613407135,0.10319951176643372,-0.1047198623418808,0.5285054445266724,0.3313829302787781,-0.05741766095161438,0.5255174040794373,0.26040396094322205,-0.08172136545181274,0.5285887718200684,0.21029430627822876,-0.09488146007061005,0.5341812968254089,0.1628263294696808,-0.10336165875196457,open_palm,RRQ_p19,RRQ
0.660878598690033,0.5462228059768677,4.067464942636434e-07,0.6062811017036438,0.5125598907470703,-0.02649981714785099,0.5687530636787415,0.4434594511985779,-0.03919157013297081,0.5542777180671692,0.38155004382133484,-0.04986022040247917,0.5335286855697632,0.33216580748558044,-0.06053144484758377,0.6102074980735779,0.33549049496650696,-0.024556655436754227,0.5983477234840393,0.24889610707759857,-0.044949546456336975,0.5909304618835449,0.1948317140340805,-0.06202450767159462,0.5866681337356567,0.14520426094532013,-0.07521478086709976,0.6484232544898987,0.3278242349624634,-0.02806250751018524,0.6459764838218689,0.2282409369945526,-0.04541194811463356,0.6442312002182007,0.16489940881729126,-0.06259024888277054,0.6432994604110718,0.10926477611064911,-0.07610670477151871,0.6839549541473389,0.341782808303833,-0.03524322807788849,0.6938499808311462,0.2529867887496948,-0.055509403347969055,0.7005953192710876,0.19333884119987488,-0.07179125398397446,0.7051301002502441,0.13981013000011444,-0.08398464322090149,0.7180697917938232,0.3727385997772217,-0.044770583510398865,0.7437455058097839,0.31405162811279297,-0.0645434781908989,0.7624181509017944,0.2738456726074219,-0.07482177019119263,0.7780531644821167,0.2355610430240631,-0.08221523463726044,open_palm,RRQ_p19,RRQ
0.6549649834632874,0.566034734249115,4.2420236923135235e-07,0.6001022458076477,0.5316701531410217,-0.0272030308842659,0.5650801062583923,0.46098917722702026,-0.041491784155368805,0.5558233857154846,0.3949365019798279,-0.05364825204014778,0.5456020832061768,0.34201109409332275,-0.06535838544368744,0.594569981098175,0.3566330075263977,-0.022459642961621284,0.5953817963600159,0.2704674005508423,-0.04465628042817116,0.5973755717277527,0.21709997951984406,-0.06395715475082397,0.6006251573562622,0.16637811064720154,-0.07844062894582748,0.628458559513092,0.3494029641151428,-0.025823179632425308,0.6290409564971924,0.25018447637557983,-0.043070804327726364,0.6304351091384888,0.18893548846244812,-0.05994364619255066,0.631155252456665,0.1317325383424759,-0.07325363904237747,0.6595586538314819,0.3613607585430145,-0.033256977796554565,0.6602375507354736,0.26934996247291565,-0.050168391317129135,0.6619159579277039,0.2115131914615631,-0.06228155642747879,0.6620012521743774,0.15816272795200348,-0.0719602108001709,0.6913614869117737,0.38887888193130493,-0.04373340308666229,0.6923825740814209,0.32214558124542236,-0.059108879417181015,0.6936246156692505,0.2784768044948578,-0.06585509330034256,0.6934136152267456,0.23738360404968262,-0.07119831442832947,open_palm,RRQ_p19,RRQ
0.6392661929130554,0.5399571657180786,5.942723078078416e-07,0.5808854103088379,0.5263139009475708,-0.030670389533042908,0.5186725854873657,0.4905693233013153,-0.04932858794927597,0.4642433226108551,0.4729805290699005,-0.0654757171869278,0.41730475425720215,0.4729538559913635,-0.08375143259763718,0.5553702116012573,0.3636345863342285,-0.044408317655324936,0.5252538323402405,0.2751527726650238,-0.06681150943040848,0.506885826587677,0.2186112254858017,-0.08241383731365204,0.49249839782714844,0.1690821349620819,-0.09484770148992538,0.5970987677574158,0.3470326066017151,-0.04957416281104088,0.5910171866416931,0.24564462900161743,-0.06804980337619781,0.5865322947502136,0.17698447406291962,-0.08454881608486176,0.5850335955619812,0.11840546131134033,-0.09804205596446991,0.6349955201148987,0.3596743643283844,-0.057652365416288376,0.6546969413757324,0.2660141587257385,-0.08615840971469879,0.6648483276367188,0.20366448163986206,-0.10976661741733551,0.673577070236206,0.14868947863578796,-0.12668709456920624,0.6680573225021362,0.39766088128089905,-0.06720107793807983,0.7115623354911804,0.3610732853412628,-0.10259591788053513,0.742046058177948,0.33708879351615906,-0.12028884142637253,0.767120897769928,0.3152519166469574,-0.13108579814434052,open_palm,RRQ_p19,RRQ
0.4038405418395996,0.4755706191062927,3.2201799626818683e-07,0.35925257205963135,0.48158347606658936,-0.020703980699181557,0.3182222545146942,0.4576137065887451,-0.030976485460996628,0.2903682291507721,0.4220838248729706,-0.039396241307258606,0.26231715083122253,0.3926561176776886,-0.04742731526494026,0.30604809522628784,0.38431286811828613,-0.01576223224401474,0.27717325091362,0.3390902578830719,-0.030687754973769188,0.25876569747924805,0.31152746081352234,-0.04317019134759903,0.24257034063339233,0.2835853099822998,-0.052965641021728516,0.3243732154369354,0.3607698976993561,-0.01761995069682598,0.2950237989425659,0.30351772904396057,-0.030055610463023186,0.27675577998161316,0.26687857508659363,-0.04219295084476471,0.26059243083000183,0.23317480087280273,-0.05174320191144943,0.3474549949169159,0.35292646288871765,-0.022621139883995056,0.3227443993091583,0.29562249779701233,-0.03729277104139328,0.3072963356971741,0.25882813334465027,-0.04860489442944527,0.2919706404209137,0.22506041824817657,-0.0572284460067749,0.37513482570648193,0.3555621802806854,-0.02942868508398533,0.36641424894332886,0.3116191029548645,-0.044205982238054276,0.35998374223709106,0.28154802322387695,-0.05208555981516838,0.3519841730594635,0.253353476524353,-0.05786439776420593,open_palm,RRQ_p19,RRQ
0.5575072169303894,0.5025326609611511,3.1420074719790136e-07,0.520669162273407,0.4748881459236145,-0.014959677122533321,0.491690456867218,0.4304395318031311,-0.02433648332953453,0.47221046686172485,0.3939351737499237,-0.032756686210632324,0.45255663990974426,0.3683510720729828,-0.04148845747113228,0.5266819000244141,0.3601799011230469,-0.018169647082686424,0.5214627981185913,0.3037099838256836,-0.03158659487962723,0.5182881951332092,0.2683430314064026,-0.04215472936630249,0.5171810388565063,0.23750749230384827,-0.050279416143894196,0.5526570081710815,0.35929664969444275,-0.02215403877198696,0.5564901828765869,0.2952629327774048,-0.03354025259613991,0.5593333840370178,0.2528987526893616,-0.043572232127189636,0.5628641247749329,0.21819336712360382,-0.05132021754980087,0.5755463242530823,0.3725207448005676,-0.0281684473156929,0.5895940065383911,0.31686264276504517,-0.0422738753259182,0.5982945561408997,0.2795277535915375,-0.05289943888783455,0.6056596636772156,0.24734465777873993,-0.060586221516132355,0.594744861125946,0.39726680517196655,-0.03523847460746765,0.6177433729171753,0.366288959980011,-0.050323475152254105,0.6336302161216736,0.34472182393074036,-0.05773020535707474,0.6476314067840576,0.32468628883361816,-0.0624534897506237,open_palm,RRQ_p19,RRQ
0.577857494354248,0.44039684534072876,4.085505906914477e-07,0.5370687246322632,0.4206434190273285,-0.024283945560455322,0.5047054290771484,0.3849521279335022,-0.040813349187374115,0.4840661883354187,0.350586473941803,-0.05504224821925163,0.46118268370628357,0.3223665952682495,-0.06939292699098587,0.5291850566864014,0.2905086874961853,-0.030721938237547874,0.5175839066505432,0.22739249467849731,-0.04972608759999275,0.5088972449302673,0.1872289776802063,-0.06464210152626038,0.5028795599937439,0.15085649490356445,-0.0757622942328453,0.5577006340026855,0.28434687852859497,-0.03305649384856224,0.5542891621589661,0.21152183413505554,-0.04958295822143555,0.5514509677886963,0.16382426023483276,-0.06355360895395279,0.549375057220459,0.12181659042835236,-0.07411094009876251,0.5843815207481384,0.29425352811813354,-0.03798861429095268,0.5879468321800232,0.22886264324188232,-0.05658434331417084,0.5898540019989014,0.1844034194946289,-0.07025537639856339,0.5911919474601746,0.1438848227262497,-0.08015099912881851,0.6091886758804321,0.3174310326576233,-0.044713787734508514,0.6287742257118225,0.2758370041847229,-0.06343405693769455,0.6438268423080444,0.2474510818719864,-0.07300224900245667,0.6570814251899719,0.22011888027191162,-0.07926954329013824,open_palm,RRQ_p19,RRQ
0.5813841223716736,0.42238807678222656,5.949619890088798e-07,0.5337651371955872,0.40347814559936523,-0.033539000898599625,0.49972376227378845,0.36923545598983765,-0.058088500052690506,0.47533589601516724,0.3362627625465393,-0.0793326199054718,0.4454273283481598,0.30776238441467285,-0.101747065782547,0.5236940979957581,0.2635452151298523,-0.051107630133628845,0.5093502998352051,0.19054338335990906,-0.0787602886557579,0.5003869533538818,0.14229658246040344,-0.09923116862773895,0.4944632947444916,0.09718495607376099,-0.11461962759494781,0.5614487528800964,0.2578166127204895,-0.054162394255399704,0.5567388534545898,0.17300713062286377,-0.08017488569021225,0.5542837381362915,0.11409260332584381,-0.10129368305206299,0.5519303679466248,0.05942140519618988,-0.11704592406749725,0.5956093668937683,0.2744942903518677,-0.059860967099666595,0.6044148802757263,0.19644147157669067,-0.08999356627464294,0.6113243699073792,0.142862930893898,-0.11120565235614777,0.6153720021247864,0.0918595939874649,-0.1257229894399643,0.6264892220497131,0.3066648840904236,-0.06719284504652023,0.6577380895614624,0.2590338885784149,-0.09761028736829758,0.6794530153274536,0.22929918766021729,-0.1127147525548935,0.6960920095443726,0.199517622590065,-0.12236686795949936,open_palm,RRQ_p19,RRQ
0.5978404879570007,0.4706662893295288,-7.358411266977782e-07,0.5635024309158325,0.42817094922065735,-0.036533139646053314,0.5465429425239563,0.3630196452140808,-0.05568523332476616,0.5407351851463318,0.3109965920448303,-0.06930750608444214,0.5372678637504578,0.25414228439331055,-0.07881014794111252,0.6086974143981934,0.3594469428062439,-0.05340281128883362,0.5579259395599365,0.42351430654525757,-0.08415409922599792,0.5310024619102478,0.4664626717567444,-0.10043221712112427,0.5209642648696899,0.4918018579483032,-0.10863778740167618,0.6409564018249512,0.39752644300460815,-0.047957293689250946,0.5713958740234375,0.4769081771373749,-0.07151725143194199,0.5497374534606934,0.4938911497592926,-0.07796923816204071,0.5453113913536072,0.49545079469680786,-0.0833936482667923,0.6615710258483887,0.4416244328022003,-0.04524746537208557,0.5932937860488892,0.5106948614120483,-0.06964987516403198,0.5722876191139221,0.5208901762962341,-0.06482662260532379,0.5701892971992493,0.5152745246887207,-0.06029077619314194,0.6741377711296082,0.4826403260231018,-0.046279482543468475,0.6232397556304932,0.5308990478515625,-0.06549990922212601,0.6071639060974121,0.5391642451286316,-0.0633268877863884,0.6065987944602966,0.5337536334991455,-0.059423718601465225,thumbs_up,RRQ_p19,RRQ
0.615017294883728,0.522838830947876,-6.035918431734899e-07,0.5566401481628418,0.5001979470252991,-0.01922563649713993,0.5055137872695923,0.43432265520095825,-0.02569844014942646,0.4706495404243469,0.3866221308708191,-0.03180065378546715,0.43401938676834106,0.36461085081100464,-0.03554125130176544,0.5469934344291687,0.34700584411621094,-0.0013031726703047752,0.5436977744102478,0.37787267565727234,-0.0239776149392128,0.5482490062713623,0.42526760697364807,-0.042485561221838,0.5528421998023987,0.4581620693206787,-0.05213599279522896,0.5839636325836182,0.3425080180168152,-0.0012999625178053975,0.5783103108406067,0.3875449299812317,-0.01896754465997219,0.5785276889801025,0.43614766001701355,-0.028905276209115982,0.5792308449745178,0.46536970138549805,-0.033301178365945816,0.6187169551849365,0.3555050790309906,-0.005747469142079353,0.612238347530365,0.3967968821525574,-0.025794444605708122,0.6072136163711548,0.43945416808128357,-0.025846071541309357,0.6031400561332703,0.4654858112335205,-0.021581988781690598,0.6491189002990723,0.3769361078739166,-0.01222237665206194,0.6443520784378052,0.3967447578907013,-0.024330297484993935,0.6368754506111145,0.4293968677520752,-0.020368751138448715,0.630778968334198,0.44985848665237427,-0.01407258864492178,thumbs_up,RRQ_p19,RRQ
0.7242645621299744,0.4754764139652252,-1.1164678426212049e-07,0.7001157999038696,0.4089575409889221,0.00024887133622542024,0.6712368130683899,0.34209972620010376,-0.015821944922208786,0.6757417321205139,0.2826443016529083,-0.032606739550828934,0.6989560723304749,0.2333219349384308,-0.05187400057911873,0.6529554724693298,0.3693337142467499,-0.05307319015264511,0.5764392018318176,0.3838595449924469,-0.06981264799833298,0.595136821269989,0.3939412832260132,-0.07421024143695831,0.6206843852996826,0.39023855328559875,-0.076253242790699,0.6570976376533508,0.41930559277534485,-0.06274756789207458,0.5788216590881348,0.424815833568573,-0.07416500151157379,0.5989735126495361,0.4293079972267151,-0.06818503141403198,0.626369833946228,0.4272758662700653,-0.06658384948968887,0.6616966724395752,0.46650803089141846,-0.06940264999866486,0.5884135961532593,0.46564429998397827,-0.0769396647810936,0.6085357666015625,0.46813085675239563,-0.062366776168346405,0.6357186436653137,0.4677232801914215,-0.05433116480708122,0.665772020816803,0.5100359916687012,-0.07554555684328079,0.6042888164520264,0.5088713765144348,-0.0811661034822464,0.6185569167137146,0.5081314444541931,-0.06914225220680237,0.6416674852371216,0.5080083012580872,-0.061048731207847595,thumbs_up,RRQ_p19,RRQ
0.6421098709106445,0.47506269812583923,-9.621280128158105e-08,0.6204015612602234,0.4087178707122803,-0.0022077143657952547,0.5828317403793335,0.34370872378349304,-0.013533378019928932,0.5540885925292969,0.3083774447441101,-0.022982876747846603,0.5344929695129395,0.3280037045478821,-0.03321819007396698,0.5924160480499268,0.376522421836853,-0.053976088762283325,0.5204950571060181,0.3848731517791748,-0.07143837213516235,0.5370123982429504,0.3847231864929199,-0.07497494667768478,0.5605754256248474,0.382277250289917,-0.07456589490175247,0.5949944853782654,0.4272014796733856,-0.06065322086215019,0.517426609992981,0.42677152156829834,-0.07471028715372086,0.5360997319221497,0.4242532551288605,-0.0688183605670929,0.5614160299301147,0.4250955581665039,-0.06536503881216049,0.5940539240837097,0.47469472885131836,-0.06459487974643707,0.5203599333763123,0.4698864221572876,-0.07440642267465591,0.5380874276161194,0.46627897024154663,-0.06087633594870567,0.5635845065116882,0.46447014808654785,-0.05209902301430702,0.590810239315033,0.5185355544090271,-0.06806867569684982,0.5311294794082642,0.5109975934028625,-0.07476901262998581,0.5435386896133423,0.5043250918388367,-0.0646781474351883,0.5660219192504883,0.5023528933525085,-0.057523880153894424,thumbs_up,RRQ_p19,RRQ
0.6478700637817383,0.48977750539779663,-1.1241294828323589e-07,0.6265519261360168,0.4217492938041687,-0.0016670041950419545,0.592746376991272,0.3532952070236206,-0.016507839784026146,0.5829420685768127,0.29855966567993164,-0.03075036220252514,0.5945743918418884,0.24965927004814148,-0.04618363454937935,0.5944430232048035,0.38173025846481323,-0.0551728829741478,0.5198453068733215,0.38790363073349,-0.07174064218997955,0.5369266271591187,0.3918886184692383,-0.07375992834568024,0.5614029765129089,0.39029020071029663,-0.07312910258769989,0.5960096716880798,0.43350258469581604,-0.06290601193904877,0.5147541165351868,0.4316207766532898,-0.0770270973443985,0.5352116823196411,0.42994600534439087,-0.07072509825229645,0.562187135219574,0.4318014979362488,-0.06754692643880844,0.5945773124694824,0.48069122433662415,-0.06774766743183136,0.5174733400344849,0.47471678256988525,-0.07708370685577393,0.5378996133804321,0.47022005915641785,-0.06275839358568192,0.5642957091331482,0.47076109051704407,-0.05390472337603569,0.5912163257598877,0.5233433246612549,-0.07206131517887115,0.5273522734642029,0.5156438946723938,-0.07813578099012375,0.541539192199707,0.5080952048301697,-0.06741315871477127,0.5644559860229492,0.507849395275116,-0.05997173860669136,thumbs_up,RRQ_p19,RRQ
0.6434758305549622,0.4944857060909271,-1.0632167857238528e-07,0.634965181350708,0.424990177154541,-0.0013094848254695535,0.6188333630561829,0.35195499658584595,-0.017045876011252403,0.6315561532974243,0.2966126799583435,-0.0326094888150692,0.6597508192062378,0.25690507888793945,-0.05003940314054489,0.6057063937187195,0.3834981322288513,-0.0556982085108757,0.5290771722793579,0.3678210377693176,-0.07249689102172852,0.5444785952568054,0.37671560049057007,-0.07583262771368027,0.5689631104469299,0.3823254108428955,-0.07641157507896423,0.5988278985023499,0.4317167103290558,-0.06332101672887802,0.5186676979064941,0.40687015652656555,-0.07569452375173569,0.5371443629264832,0.41093066334724426,-0.06971302628517151,0.563164472579956,0.41973912715911865,-0.06768345087766647,0.5904815196990967,0.4751192331314087,-0.06786800175905228,0.5154727101325989,0.44921064376831055,-0.07529537379741669,0.5348835587501526,0.4496517777442932,-0.06208593398332596,0.5602271556854248,0.4575061500072479,-0.05481131747364998,0.580747663974762,0.5142679214477539,-0.07196380198001862,0.5198543071746826,0.49288785457611084,-0.07651681452989578,0.5352241396903992,0.48839229345321655,-0.06567413359880447,0.5579476952552795,0.49195215106010437,-0.05883139744400978,thumbs_up,RRQ_p19,RRQ
0.4327773153781891,0.530207097530365,-3.3217480677194544e-07,0.3752775490283966,0.5133252739906311,-0.015104609541594982,0.3333999812602997,0.46816128492355347,-0.021691830828785896,0.3057168424129486,0.43212252855300903,-0.026774732396006584,0.28003719449043274,0.40604516863822937,-0.028438052162528038,0.3661215007305145,0.38915321230888367,-0.009618213400244713,0.32653364539146423,0.44544097781181335,-0.02622046321630478,0.3410518765449524,0.47271597385406494,-0.036960430443286896,0.3573244512081146,0.4658583998680115,-0.043375711888074875,0.3913879692554474,0.3956461548805237,-0.01069449819624424,0.3491753041744232,0.46537113189697266,-0.024516098201274872,0.36275213956832886,0.48529306054115295,-0.02778857946395874,0.3778885006904602,0.47687825560569763,-0.029546022415161133,0.41443684697151184,0.4170249104499817,-0.01487142313271761,0.3746447265148163,0.4817679226398468,-0.02792905829846859,0.3853880763053894,0.4978589713573456,-0.024241870269179344,0.3984892964363098,0.4892107844352722,-0.020639721304178238,0.4344745874404907,0.446323037147522,-0.02121959626674652,0.40421223640441895,0.4939233660697937,-0.03045767918229103,0.40969085693359375,0.5040910840034485,-0.02927076816558838,0.4214407503604889,0.4965444505214691,-0.02637277916073799,thumbs_up,RRQ_p19,RRQ
0.372918963432312,0.6156793236732483,-2.654561228609964e-07,0.3527473509311676,0.5603274703025818,-0.0017099122051149607,0.3303201198577881,0.5031365752220154,-0.011063315905630589,0.313827246427536,0.4621250331401825,-0.01991231180727482,0.303462952375412,0.42841842770576477,-0.029179170727729797,0.3421434760093689,0.5080598592758179,-0.03896896913647652,0.27308496832847595,0.5145909190177917,-0.05611779913306236,0.2832103371620178,0.532418966293335,-0.05965922772884369,0.30210962891578674,0.5337911248207092,-0.05986430123448372,0.344806969165802,0.5485976934432983,-0.04588983580470085,0.2684483230113983,0.5515915155410767,-0.05959215387701988,0.2808927893638611,0.5649393796920776,-0.053871314972639084,0.30219897627830505,0.5671209096908569,-0.051243092864751816,0.3417743444442749,0.5897955894470215,-0.05170271545648575,0.27001380920410156,0.5894017219543457,-0.06387332081794739,0.2826389670372009,0.599603533744812,-0.051254358142614365,0.3043125867843628,0.6011669039726257,-0.0432891845703125,0.33358871936798096,0.6299140453338623,-0.05707179009914398,0.27473151683807373,0.625873863697052,-0.06729232519865036,0.286312073469162,0.6284875869750977,-0.059871774166822433,0.30762284994125366,0.6289691925048828,-0.05389977619051933,thumbs_up,RRQ_p19,RRQ
0.3392656445503235,0.5663444995880127,-8.612692425913338e-08,0.3704650104045868,0.5176603198051453,-0.03205282986164093,0.3804754614830017,0.46136200428009033,-0.0515277236700058,0.3732108473777771,0.41574740409851074,-0.06572870910167694,0.3639638125896454,0.36303335428237915,-0.07885940372943878,0.33105385303497314,0.48152488470077515,-0.061727143824100494,0.3905894160270691,0.5455204248428345,-0.08959305286407471,0.40518996119499207,0.5397871732711792,-0.10524796694517136,0.40149447321891785,0.5155237913131714,-0.11451917886734009,0.30509477853775024,0.525968611240387,-0.055533308535814285,0.3803045451641083,0.5865516662597656,-0.07333409041166306,0.3862540125846863,0.5725922584533691,-0.07387550920248032,0.37324059009552,0.5541189908981323,-0.0772700235247612,0.2919165790081024,0.5680559873580933,-0.05089293047785759,0.36137405037879944,0.6210136413574219,-0.06458744406700134,0.3640452027320862,0.6072836518287659,-0.052584875375032425,0.3489963710308075,0.5876081585884094,-0.04590070620179176,0.2856995165348053,0.6071615219116211,-0.0505632683634758,0.33509162068367004,0.6419909000396729,-0.0619671531021595,0.33899056911468506,0.6329165697097778,-0.05723046883940697,0.32816562056541443,0.6244848370552063,-0.052838850766420364,thumbs_up,RRQ_p19,RRQ
0.34001198410987854,0.5717733502388,-1.0513794279631838e-07,0.37442082166671753,0.5363492965698242,-0.02628215029835701,0.4030884802341461,0.50044846534729,-0.04868072271347046,0.43081533908843994,0.4739486277103424,-0.06839786469936371,0.4573613107204437,0.4447653889656067,-0.08778504282236099,0.3339349925518036,0.48197704553604126,-0.057422272861003876,0.3866749405860901,0.5339861512184143,-0.08797872811555862,0.40116173028945923,0.5458976030349731,-0.10637153685092926,0.39532560110092163,0.5366332530975342,-0.11768592149019241,0.3071899712085724,0.525020182132721,-0.05707702040672302,0.37456271052360535,0.5767813324928284,-0.07680035382509232,0.3840256631374359,0.5752961039543152,-0.07876628637313843,0.3721141517162323,0.5625606775283813,-0.08337725698947906,0.29314124584198,0.5679400563240051,-0.058221425861120224,0.35813355445861816,0.6124055981636047,-0.07448522746562958,0.3669542372226715,0.6079129576683044,-0.06485845148563385,0.35506537556648254,0.5946478247642517,-0.05956229567527771,0.28558626770973206,0.6086734533309937,-0.06316401809453964,0.3362838327884674,0.6382091045379639,-0.07526995241641998,0.3474193811416626,0.6352580785751343,-0.06980042159557343,0.3406420648097992,0.6274586915969849,-0.06541043519973755,thumbs_up,RRQ_p19,RRQ
0.33531296253204346,0.5893541574478149,-3.1698483837772073e-08,0.3593972325325012,0.5329333543777466,-0.03715391457080841,0.3565118610858917,0.4780445396900177,-0.05789095535874367,0.33942705392837524,0.44461655616760254,-0.0716354176402092,0.3131594955921173,0.4107908308506012,-0.08202365785837173,0.3084986209869385,0.5170490145683289,-0.06844037771224976,0.37698519229888916,0.5655671954154968,-0.09543370455503464,0.3883202075958252,0.547500729560852,-0.10491372644901276,0.37995225191116333,0.5218018293380737,-0.10872124880552292,0.28968730568885803,0.5654811859130859,-0.05929258093237877,0.3740345239639282,0.6101157069206238,-0.07901361584663391,0.37526780366897583,0.5837962627410889,-0.07498940080404282,0.3588072955608368,0.5607500672340393,-0.07276631891727448,0.2829250991344452,0.6083692312240601,-0.052056971937417984,0.3591724634170532,0.6457871794700623,-0.0665513202548027,0.3590497374534607,0.6216542720794678,-0.04920443147420883,0.3423641622066498,0.6009608507156372,-0.036990128457546234,0.28438064455986023,0.6475691199302673,-0.04979604110121727,0.3378075361251831,0.669636607170105,-0.06234901025891304,0.3395490050315857,0.6514728665351868,-0.05587485805153847,0.3272790312767029,0.6376973390579224,-0.04850379750132561,thumbs_up,RRQ_p19,RRQ
0.3628183603286743,0.5317263603210449,-7.578138649932953e-08,0.38529422879219055,0.477664053440094,-0.008321685716509819,0.3998723030090332,0.4268631637096405,-0.018141770735383034,0.40638038516044617,0.3895702362060547,-0.02818295545876026,0.4095604121685028,0.3510245978832245,-0.036412641406059265,0.3756106495857239,0.4082164764404297,-0.027881981804966927,0.43388891220092773,0.4059062898159027,-0.047822289168834686,0.4422341585159302,0.4313625991344452,-0.054755859076976776,0.431294322013855,0.4428959786891937,-0.057531725615262985,0.3679794669151306,0.4401180148124695,-0.03310387581586838,0.43496376276016235,0.44426193833351135,-0.04816339537501335,0.43551358580589294,0.4637320637702942,-0.04740191623568535,0.4212305247783661,0.4652233123779297,-0.04838660731911659,0.3663720488548279,0.4770827293395996,-0.03941294923424721,0.4297206997871399,0.48088765144348145,-0.05330680310726166,0.4270922541618347,0.4960957169532776,-0.04695625603199005,0.4138878881931305,0.4962676763534546,-0.04340702295303345,0.3686951994895935,0.5122801661491394,-0.04651372507214546,0.4206675589084625,0.5127894878387451,-0.05502445250749588,0.4171457588672638,0.5196192860603333,-0.05115697905421257,0.4021342396736145,0.5207086205482483,-0.04868965223431587,thumbs_up,RRQ_p19,RRQ
0.3689800798892975,0.5341665148735046,-2.2154229384341306e-07,0.3934091031551361,0.462395042181015,-0.010349269956350327,0.4074898660182953,0.3988228440284729,-0.01876460760831833,0.4094923138618469,0.3497135639190674,-0.02661840431392193,0.4019758999347687,0.3050233721733093,-0.03177785500884056,0.37145957350730896,0.3983636200428009,-0.024638352915644646,0.4378751516342163,0.4019862115383148,-0.044103894382715225,0.434073269367218,0.4262630045413971,-0.05304451286792755,0.41546955704689026,0.42476052045822144,-0.059450067579746246,0.3652811050415039,0.43359148502349854,-0.02953040786087513,0.4396001994609833,0.439990758895874,-0.04761188104748726,0.4271232783794403,0.45553499460220337,-0.050803299993276596,0.40759167075157166,0.45249199867248535,-0.0554649792611599,0.36512646079063416,0.47158950567245483,-0.03575555607676506,0.434314489364624,0.47412109375,-0.05149040371179581,0.42160311341285706,0.48639798164367676,-0.047530483454465866,0.40468859672546387,0.4838836193084717,-0.04596862196922302,0.370639443397522,0.5061277747154236,-0.04327195882797241,0.42328739166259766,0.5032634735107422,-0.053465597331523895,0.4140729010105133,0.5081706643104553,-0.052432041615247726,0.39532825350761414,0.5071274638175964,-0.05251290276646614,thumbs_up,RRQ_p19,RRQ
0.4739202857017517,0.5264986753463745,-1.9629713676749816e-07,0.5104632377624512,0.4870046377182007,-0.008599529974162579,0.5472070574760437,0.4390805661678314,-0.01840699091553688,0.5670605301856995,0.3976222276687622,-0.02785431407392025,0.5715426206588745,0.35849353671073914,-0.035254720598459244,0.5320755839347839,0.44184720516204834,-0.030290737748146057,0.5867061018943787,0.46772879362106323,-0.0504140630364418,0.5760578513145447,0.48542943596839905,-0.05896157771348953,0.5588018894195557,0.4826885461807251,-0.06309820711612701,0.5172885656356812,0.4713147282600403,-0.035299163311719894,0.5786781311035156,0.5013499855995178,-0.05028749629855156,0.5646750330924988,0.510318398475647,-0.04900278151035309,0.5457471609115601,0.5040221214294434,-0.04954655468463898,0.507134735584259,0.5046297907829285,-0.04108281806111336,0.5654624104499817,0.5306109189987183,-0.05243731290102005,0.5513799786567688,0.533774197101593,-0.04404899477958679,0.5355664491653442,0.5265352725982666,-0.03938581794500351,0.500266432762146,0.537349283695221,-0.04762989282608032,0.5500937700271606,0.5551172494888306,-0.051301952451467514,0.5393834710121155,0.5550976991653442,-0.0437813475728035,0.5228866934776306,0.548190712928772,-0.03991367295384407,thumbs_up,RRQ_p19,RRQ
0.2971588373184204,0.5954275727272034,4.8077854586381363e-08,0.3176448941230774,0.533491849899292,-0.007122401613742113,0.32753297686576843,0.4774642884731293,-0.014353597536683083,0.3287124037742615,0.4355308413505554,-0.02167343907058239,0.323727548122406,0.39354968070983887,-0.028856031596660614,0.29428723454475403,0.475172221660614,-0.02102508582174778,0.33899247646331787,0.46553826332092285,-0.034272242337465286,0.3615022897720337,0.473647803068161,-0.04109416902065277,0.3734854459762573,0.4820886254310608,-0.045155782252550125,0.2866479456424713,0.5076905488967896,-0.02484111115336418,0.34886568784713745,0.5056282877922058,-0.03279045224189758,0.3609028160572052,0.5090765953063965,-0.03396442160010338,0.36002451181411743,0.508207380771637,-0.037714626640081406,0.2856442332267761,0.5442572236061096,-0.029245713725686073,0.3457828760147095,0.5396959781646729,-0.037272386252880096,0.3505490720272064,0.5405014157295227,-0.034367166459560394,0.34495165944099426,0.5393239855766296,-0.034300416707992554,0.2900366485118866,0.5770729184150696,-0.03453097119927406,0.3388102054595947,0.571779727935791,-0.040800079703330994,0.3418126702308655,0.5686934590339661,-0.03864961862564087,0.33321821689605713,0.5682888031005859,-0.0376104936003685,thumbs_up,RRQ_p19,RRQ
0.3323744833469391,0.5873126983642578,6.475881377809856e-07,0.36861032247543335,0.600616991519928,-0.03166878595948219,0.39501792192459106,0.5972214937210083,-0.05262373387813568,0.3853813707828522,0.607941746711731,-0.07248033583164215,0.3705700933933258,0.624210000038147,-0.09326111525297165,0.39487773180007935,0.49698173999786377,-0.04773480445146561,0.41227924823760986,0.42898643016815186,-0.07591665536165237,0.42270830273628235,0.3877945840358734,-0.08988172560930252,0.4307806193828583,0.35335439443588257,-0.09584086388349533,0.3591342270374298,0.48477134108543396,-0.05010348558425903,0.3573061227798462,0.4107968807220459,-0.0826319232583046,0.3555961847305298,0.3614577054977417,-0.09774839133024216,0.3529454469680786,0.32329773902893066,-0.10098180174827576,0.3287229835987091,0.4954671561717987,-0.05475538223981857,0.3221108615398407,0.5184908509254456,-0.09811318665742874,0.33004269003868103,0.5738196969032288,-0.10867678374052048,0.3376401364803314,0.6139358282089233,-0.10142675787210464,0.3056482672691345,0.5188140869140625,-0.06094392016530037,0.3002551794052124,0.5489754676818848,-0.09241378307342529,0.3074042499065399,0.592383861541748,-0.09370678663253784,0.31403371691703796,0.6244434118270874,-0.08538832515478134,peace_sign,RRQ_p19,RRQ
0.38409027457237244,0.6182999014854431,4.931135322294722e-07,0.42129653692245483,0.6360570192337036,-0.022260740399360657,0.45355868339538574,0.6433126330375671,-0.03829273581504822,0.45988428592681885,0.6388745903968811,-0.055469170212745667,0.4443069100379944,0.6274904608726501,-0.0711406022310257,0.4879112243652344,0.5474300384521484,-0.028554188087582588,0.5240353941917419,0.5010116696357727,-0.051317837089300156,0.5473459362983704,0.4773809015750885,-0.06292724609375,0.5672287940979004,0.45425984263420105,-0.06817471981048584,0.4625425934791565,0.5194894075393677,-0.03362715616822243,0.4854300320148468,0.46223536133766174,-0.06064291298389435,0.5044680237770081,0.42472994327545166,-0.07412496209144592,0.5192945003509521,0.3918869197368622,-0.07767520099878311,0.43310797214508057,0.5127069354057312,-0.040931764990091324,0.43723028898239136,0.548531174659729,-0.07610047608613968,0.4332081079483032,0.6025941967964172,-0.08435865491628647,0.42925626039505005,0.6368551254272461,-0.07769303023815155,0.40558406710624695,0.5224372744560242,-0.0501529835164547,0.4097162187099457,0.5643797516822815,-0.07141789048910141,0.413409024477005,0.601775050163269,-0.07297604531049728,0.4163775146007538,0.6276019215583801,-0.06734158098697662,peace_sign,RRQ_p19,RRQ
0.3529980778694153,0.6284202933311462,4.3553632167459e-07,0.3939783573150635,0.625353217124939,-0.02351686917245388,0.423026442527771,0.6062281131744385,-0.03638072684407234,0.41887539625167847,0.583832323551178,-0.04992515966296196,0.402095228433609,0.5675374865531921,-0.06210359185934067,0.430341899394989,0.48892003297805786,-0.0172959603369236,0.4459739327430725,0.42257216572761536,-0.033805880695581436,0.4560447335243225,0.3835737705230713,-0.04371488466858864,0.46505120396614075,0.34907644987106323,-0.04890739172697067,0.4023178219795227,0.48011934757232666,-0.01999237760901451,0.40780290961265564,0.4124377965927124,-0.04003073647618294,0.4128219485282898,0.36222052574157715,-0.053578365594148636,0.4172826409339905,0.321566104888916,-0.059177763760089874,0.37451109290122986,0.48945844173431396,-0.025542549788951874,0.3792467415332794,0.4885224401950836,-0.05723695084452629,0.3874402344226837,0.5352343916893005,-0.06809227168560028,0.3925159275531769,0.5721971988677979,-0.06470675766468048,0.3490105867385864,0.5108177065849304,-0.03285956755280495,0.3558345139026642,0.5216755867004395,-0.057432498782873154,0.3673320412635803,0.55888831615448,-0.06178984418511391,0.3763171136379242,0.5908495783805847,-0.05767635628581047,peace_sign,RRQ_p19,RRQ
0.3385579586029053,0.694504976272583,7.824497174624412e-07,0.37724122405052185,0.6953749656677246,-0.03842679411172867,0.4053572416305542,0.6792334318161011,-0.06014144420623779,0.3988170623779297,0.661424458026886,-0.08089670538902283,0.38134267926216125,0.6333155035972595,-0.10068105161190033,0.41676583886146545,0.5337663888931274,-0.03983544185757637,0.4429992139339447,0.4528719186782837,-0.07058423012495041,0.45833534002304077,0.4026338458061218,-0.08827126026153564,0.4697313904762268,0.35911205410957336,-0.09596671164035797,0.3774741590023041,0.5213338732719421,-0.04065700247883797,0.3880296051502228,0.43440818786621094,-0.07261087000370026,0.3925553560256958,0.3697155714035034,-0.09040828794240952,0.3964291512966156,0.3184918761253357,-0.09584896266460419,0.33963635563850403,0.5353749394416809,-0.04543892666697502,0.32775795459747314,0.5445793867111206,-0.09110365808010101,0.3357383906841278,0.602911651134491,-0.10311222076416016,0.3475705087184906,0.6505926847457886,-0.09581520408391953,0.304496169090271,0.5664741396903992,-0.05284339189529419,0.2957979440689087,0.594498336315155,-0.08798475563526154,0.3088850975036621,0.6420530080795288,-0.09085991978645325,0.3245379626750946,0.6799201965332031,-0.08197828382253647,peace_sign,RRQ_p19,RRQ
0.42776650190353394,0.596634030342102,5.687606972060166e-07,0.47686004638671875,0.6156411170959473,-0.024455957114696503,0.5272455811500549,0.6017449498176575,-0.03934020176529884,0.5577173233032227,0.5747677087783813,-0.05609668046236038,0.551200270652771,0.5440181493759155,-0.070489302277565,0.5687050819396973,0.4784858226776123,-0.024465985596179962,0.6197558045387268,0.4215559959411621,-0.05034982040524483,0.6499981880187988,0.3888271450996399,-0.06547603011131287,0.6765499114990234,0.3595845401287079,-0.07391085475683212,0.539171040058136,0.4460964798927307,-0.03244280070066452,0.5795526504516602,0.36878514289855957,-0.06441360712051392,0.6112094521522522,0.3243568539619446,-0.08293217420578003,0.6376423239707947,0.28763914108276367,-0.09013175964355469,0.5022367238998413,0.4398444890975952,-0.04322168976068497,0.5307649374008179,0.4476166367530823,-0.08580098301172256,0.5306453704833984,0.5113819241523743,-0.09614595025777817,0.5259122252464294,0.5583183169364929,-0.08967702090740204,0.465573251247406,0.4557282030582428,-0.0561404787003994,0.48802971839904785,0.48918721079826355,-0.08593544363975525,0.4982755482196808,0.5344932079315186,-0.09083986282348633,0.5039585828781128,0.56927889585495,-0.0860113576054573,peace_sign,RRQ_p19,RRQ
0.2863723039627075,0.612348198890686,5.623891183859087e-07,0.3225233554840088,0.580446183681488,-0.035545773804187775,0.33631694316864014,0.5338926315307617,-0.05525161698460579,0.31523722410202026,0.5084251761436462,-0.07387416809797287,0.28408125042915344,0.48992112278938293,-0.09015002846717834,0.3051781952381134,0.4112103581428528,-0.03377658501267433,0.30114054679870605,0.3278796374797821,-0.058798085898160934,0.296615868806839,0.2895495891571045,-0.07270894944667816,0.2896325886249542,0.2532294690608978,-0.0798834040760994,0.26498618721961975,0.4178648591041565,-0.035290926694869995,0.23312735557556152,0.3228099048137665,-0.06534542888402939,0.21069113910198212,0.2635769248008728,-0.08319123834371567,0.19084396958351135,0.2108447104692459,-0.08982513099908829,0.23690122365951538,0.4512895345687866,-0.039955250918865204,0.22153855860233307,0.4359503984451294,-0.08373438566923141,0.24873095750808716,0.4904244542121887,-0.09210337698459625,0.2692934572696686,0.5292270183563232,-0.08322533965110779,0.21882379055023193,0.49812185764312744,-0.046794090420007706,0.21278102695941925,0.49285727739334106,-0.07913481444120407,0.23780694603919983,0.5255458354949951,-0.07822348922491074,0.25986504554748535,0.5513878464698792,-0.0679326057434082,peace_sign,RRQ_p19,RRQ
0.33748674392700195,0.5347582101821899,4.736143353056832e-07,0.379663348197937,0.4965442717075348,-0.023719126358628273,0.398015558719635,0.44493207335472107,-0.03580622375011444,0.39113283157348633,0.40906253457069397,-0.04905813932418823,0.37521737813949585,0.38128918409347534,-0.06014077365398407,0.36474695801734924,0.32196661829948425,-0.0199102945625782,0.3631119728088379,0.2396426647901535,-0.040522925555706024,0.36411863565444946,0.19124038517475128,-0.052947308868169785,0.36374497413635254,0.14977939426898956,-0.05943119898438454,0.3302658498287201,0.3328608572483063,-0.02466418780386448,0.3084081709384918,0.24471712112426758,-0.04945259168744087,0.2980157732963562,0.1875094473361969,-0.06582391262054443,0.2895541191101074,0.14201585948467255,-0.07279042899608612,0.3037274181842804,0.36593279242515564,-0.03210938349366188,0.30932486057281494,0.34327757358551025,-0.06821394711732864,0.33717337250709534,0.3807355463504791,-0.0784970223903656,0.3553626537322998,0.41207659244537354,-0.07367241382598877,0.2862398624420166,0.4115997850894928,-0.04126772657036781,0.2997768223285675,0.39904147386550903,-0.06858199834823608,0.32847562432289124,0.4207829535007477,-0.07179155945777893,0.3507196009159088,0.4424867630004883,-0.06611032783985138,peace_sign,RRQ_p19,RRQ
0.6132056713104248,0.6525574922561646,6.19538297996769e-07,0.5743905305862427,0.6349347829818726,-0.01903027668595314,0.546892523765564,0.6034694910049438,-0.03498917073011398,0.5453287363052368,0.5720166563987732,-0.05218421667814255,0.5532304644584656,0.5381155610084534,-0.06810658425092697,0.552341639995575,0.4798177182674408,-0.02825314924120903,0.5408355593681335,0.40623176097869873,-0.04905662685632706,0.5327619910240173,0.3590410351753235,-0.060122258961200714,0.5266512036323547,0.31722286343574524,-0.06657292693853378,0.5850700736045837,0.47990095615386963,-0.034822866320610046,0.5970759391784668,0.40229079127311707,-0.05841207504272461,0.6074365377426147,0.34962335228919983,-0.07050979137420654,0.616664707660675,0.3041308522224426,-0.07547182589769363,0.6126115322113037,0.5006875395774841,-0.04319215938448906,0.6138232350349426,0.4970353841781616,-0.07406116276979446,0.5965898036956787,0.5469601154327393,-0.07869236171245575,0.5843468308448792,0.5814948678016663,-0.07327155023813248,0.6335575580596924,0.5338179469108582,-0.05289533734321594,0.6280617713928223,0.5434756278991699,-0.07557933032512665,0.60931396484375,0.5810308456420898,-0.07530365884304047,0.5934258103370667,0.6098759770393372,-0.06941872835159302,peace_sign,RRQ_p19,RRQ
0.5147046446800232,0.6212866306304932,4.2262328747710853e-07,0.47161900997161865,0.6209832429885864,-0.0136076919734478,0.43445974588394165,0.5999962687492371,-0.024399640038609505,0.4174567759037018,0.5679371356964111,-0.03660508990287781,0.4194352924823761,0.5455036759376526,-0.04808681458234787,0.41604337096214294,0.504173219203949,-0.02040603756904602,0.38510870933532715,0.4463963508605957,-0.03689086064696312,0.3644298315048218,0.41135817766189575,-0.0461699552834034,0.3484037220478058,0.37979036569595337,-0.05175259709358215,0.44401654601097107,0.4823159873485565,-0.026781758293509483,0.4154486656188965,0.42057695984840393,-0.044163450598716736,0.39573609828948975,0.37937110662460327,-0.055456966161727905,0.3801255524158478,0.3451462388038635,-0.06117241457104683,0.4743558168411255,0.4807921350002289,-0.03428053855895996,0.45138993859291077,0.49471357464790344,-0.05621076747775078,0.4420287311077118,0.5384802222251892,-0.0627729743719101,0.43798479437828064,0.5725727081298828,-0.061390221118927,0.49895811080932617,0.4969276189804077,-0.04293174669146538,0.47564804553985596,0.5276249051094055,-0.057424239814281464,0.4631185829639435,0.5585461258888245,-0.058808598667383194,0.4555014371871948,0.5818950533866882,-0.056391116231679916,peace_sign,RRQ_p19,RRQ
0.6364408731460571,0.6143561601638794,5.605209594250482e-07,0.6047614812850952,0.5959506630897522,-0.021282585337758064,0.5819323062896729,0.5682344436645508,-0.03725409507751465,0.5828930139541626,0.5443487763404846,-0.05261866748332977,0.5957048535346985,0.5178187489509583,-0.06717346608638763,0.6015271544456482,0.46144652366638184,-0.03010540083050728,0.6005189418792725,0.3951597511768341,-0.049686454236507416,0.6023175716400146,0.35374730825424194,-0.05969025939702988,0.6056737899780273,0.3169569671154022,-0.06463523954153061,0.6324532628059387,0.4631115198135376,-0.032990697771310806,0.6501815915107727,0.39648669958114624,-0.05389617756009102,0.6664992570877075,0.3544243574142456,-0.06407548487186432,0.6811736226081848,0.3192538917064667,-0.0674024298787117,0.6556594371795654,0.4804670512676239,-0.037654854357242584,0.6655653119087219,0.475166916847229,-0.06608439236879349,0.6551010012626648,0.5154924988746643,-0.07120263576507568,0.6460789442062378,0.5462697148323059,-0.06659799814224243,0.6734760403633118,0.5067607164382935,-0.04356977343559265,0.6784504652023315,0.5184428095817566,-0.0654791072010994,0.6666474342346191,0.5571884512901306,-0.06573355197906494,0.6552177667617798,0.5873029828071594,-0.06020768731832504,peace_sign,RRQ_p19,RRQ
0.6662106513977051,0.7231817841529846,7.034026339169941e-07,0.6384004354476929,0.7104365229606628,-0.03335270658135414,0.6197617053985596,0.6850581169128418,-0.056417156010866165,0.6259739995002747,0.6777898073196411,-0.07587897032499313,0.6482722759246826,0.6729709506034851,-0.09515287727117538,0.6586819887161255,0.5936798453330994,-0.04736296460032463,0.6752910017967224,0.5339250564575195,-0.0693892389535904,0.6875740885734558,0.5000400543212891,-0.0815390795469284,0.7004202008247375,0.47054773569107056,-0.08870019018650055,0.6908693313598633,0.6054762005805969,-0.045395154505968094,0.7266826629638672,0.550386905670166,-0.0683169811964035,0.755001425743103,0.5172469019889832,-0.08216948062181473,0.7783661484718323,0.49283337593078613,-0.08909831196069717,0.7113637328147888,0.6300063133239746,-0.04564010351896286,0.7356522083282471,0.6232113838195801,-0.0778956338763237,0.7370924949645996,0.648961067199707,-0.09087733924388885,0.7349746823310852,0.672594428062439,-0.09231637418270111,0.722944974899292,0.6609771847724915,-0.047247689217329025,0.7381145358085632,0.6706229448318481,-0.07670972496271133,0.7336594462394714,0.7017092704772949,-0.08342254906892776,0.725038468837738,0.7296432852745056,-0.08220868557691574,peace_sign,RRQ_p19,RRQ
0.5973193645477295,0.640159547328949,3.567283499705809e-07,0.5504149198532104,0.6196997165679932,-0.008974919095635414,0.519141435623169,0.5711432695388794,-0.011417419649660587,0.5097253322601318,0.5228695273399353,-0.015581152401864529,0.5153088569641113,0.48575398325920105,-0.019119583070278168,0.5283213257789612,0.4780891537666321,0.004231076687574387,0.514578104019165,0.4165395200252533,-0.0013166922144591808,0.506725013256073,0.37898769974708557,-0.006330330390483141,0.4994884729385376,0.3468920588493347,-0.011144923977553844,0.553687572479248,0.4755919277667999,-0.002454326953738928,0.5500373840332031,0.3997313380241394,-0.008984563872218132,0.548679530620575,0.35177499055862427,-0.0172917228192091,0.547152042388916,0.3169500529766083,-0.02316475100815296,0.577821671962738,0.49140045046806335,-0.01199842244386673,0.5699813961982727,0.4454174041748047,-0.029188603162765503,0.5546559691429138,0.44427815079689026,-0.04247289150953293,0.5409075617790222,0.4493940472602844,-0.04871044307947159,0.5984297394752502,0.5161521434783936,-0.021906442940235138,0.5814374685287476,0.4942847490310669,-0.04071300849318504,0.5639260411262512,0.507646918296814,-0.04909379780292511,0.5479732751846313,0.5252023339271545,-0.052986253052949905,peace_sign,RRQ_p19,RRQ
0.6053069829940796,0.6140474677085876,4.4858518322143937e-07,0.5554053783416748,0.5936705470085144,-0.017964070662856102,0.5220416188240051,0.5481351613998413,-0.031170452013611794,0.5194491147994995,0.4992956519126892,-0.04631469398736954,0.5268719792366028,0.45634713768959045,-0.06050903722643852,0.5277111530303955,0.43303006887435913,-0.016280759125947952,0.5092964768409729,0.3640938997268677,-0.0343325175344944,0.4972744286060333,0.32154709100723267,-0.046496327966451645,0.4885703921318054,0.28292161226272583,-0.05477816238999367,0.5625251531600952,0.42430397868156433,-0.023446211591362953,0.5549272298812866,0.3390676975250244,-0.04329384118318558,0.5471997261047363,0.2839282155036926,-0.05769266560673714,0.5428581833839417,0.23976825177669525,-0.06609204411506653,0.5966182351112366,0.4369153380393982,-0.03313114866614342,0.5856342315673828,0.3956558406352997,-0.06101599335670471,0.5678960680961609,0.43862444162368774,-0.0684610903263092,0.5563726425170898,0.4780344069004059,-0.0667911097407341,0.6276928186416626,0.46372780203819275,-0.04398873820900917,0.6098580360412598,0.44063153862953186,-0.0652153491973877,0.591850757598877,0.47225117683410645,-0.06581949442625046,0.5792744755744934,0.5040974617004395,-0.06174783781170845,peace_sign,RRQ_p19,RRQ
0.6863387823104858,0.633307695388794,5.065072059551312e-07,0.6543830037117004,0.6002973318099976,-0.03064524382352829,0.6394204497337341,0.5533020496368408,-0.05009668320417404,0.6485186219215393,0.5110436677932739,-0.06885520368814468,0.671355128288269,0.4798392355442047,-0.08587740361690521,0.652936577796936,0.44693711400032043,-0.025720907375216484,0.648770272731781,0.3716317117214203,-0.04716141149401665,0.6458426117897034,0.323879212141037,-0.06176529824733734,0.6453000903129578,0.28280460834503174,-0.07182150334119797,0.6876212358474731,0.4471149146556854,-0.026836052536964417,0.6984161734580994,0.36820024251937866,-0.04864216968417168,0.702080488204956,0.3191224932670593,-0.06300029158592224,0.7038280367851257,0.27773720026016235,-0.07145963609218597,0.7166436314582825,0.46736669540405273,-0.03180491551756859,0.7305902242660522,0.4168640375137329,-0.0626959577202797,0.7230701446533203,0.4562535881996155,-0.06926625221967697,0.7158724665641785,0.49497896432876587,-0.0662364512681961,0.7407431602478027,0.5019265413284302,-0.039187684655189514,0.7488104104995728,0.47657474875450134,-0.06479883939027786,0.7397795915603638,0.499928742647171,-0.0680454894900322,0.7308903932571411,0.5273702144622803,-0.06504763662815094,peace_sign,RRQ_p19,RRQ
0.663927435874939,0.6324697732925415,5.426057327895251e-07,0.6281916499137878,0.6084758639335632,-0.028319356963038445,0.6083660125732422,0.5640646815299988,-0.04734842851758003,0.6184207797050476,0.5244131684303284,-0.06595064699649811,0.6363364458084106,0.48945799469947815,-0.083180733025074,0.6218520402908325,0.453746497631073,-0.03135383129119873,0.6143157482147217,0.37841904163360596,-0.055875230580568314,0.6090315580368042,0.3320760130882263,-0.07246843725442886,0.6077983975410461,0.29130369424819946,-0.08358777314424515,0.6567193269729614,0.4530406892299652,-0.035466764122247696,0.664044201374054,0.36886268854141235,-0.06117749959230423,0.6692792177200317,0.31299567222595215,-0.08007412403821945,0.676559329032898,0.2647187113761902,-0.09173750877380371,0.6863457560539246,0.47459250688552856,-0.042301908135414124,0.6978429555892944,0.4320584535598755,-0.07589773833751678,0.6859799027442932,0.4748045802116394,-0.08346540480852127,0.6766749024391174,0.5116000175476074,-0.08105748146772385,0.7096779346466064,0.5091648697853088,-0.0512029305100441,0.7155483365058899,0.48531675338745117,-0.07871116697788239,0.7059151530265808,0.5134628415107727,-0.08048102259635925,0.6975943446159363,0.5413640737533569,-0.07619935274124146,peace_sign,RRQ_p19,RRQ
0.2824391722679138,0.5639435648918152,2.894045110224397e-07,0.3036307096481323,0.6077995896339417,-0.022512229159474373,0.33762896060943604,0.6430392265319824,-0.036282338201999664,0.365278959274292,0.673390805721283,-0.0484689325094223,0.3818527162075043,0.7011243104934692,-0.061132509261369705,0.3992331326007843,0.5964223146438599,-0.025410372763872147,0.44149041175842285,0.5945936441421509,-0.042388737201690674,0.46929144859313965,0.5889068245887756,-0.05472319573163986,0.48876169323921204,0.5839370489120483,-0.0636206641793251,0.39793574810028076,0.5549343228340149,-0.02707558125257492,0.445475697517395,0.5427784323692322,-0.04280423745512962,0.4737111032009125,0.5360743999481201,-0.05369042977690697,0.4960637092590332,0.5318136811256409,-0.06093006208539009,0.3834499418735504,0.5194898247718811,-0.031337395310401917,0.4328320026397705,0.5008134245872498,-0.04875032976269722,0.4583814740180969,0.49252185225486755,-0.05879458785057068,0.4789717197418213,0.4887911379337311,-0.06505658477544785,0.35899174213409424,0.49117130041122437,-0.03736439719796181,0.3840199410915375,0.4585021138191223,-0.05646051838994026,0.4024905860424042,0.4365221858024597,-0.06569434702396393,0.42027878761291504,0.41916337609291077,-0.07062351703643799,neutral,RRQ_p19,RRQ
0.5772756338119507,0.6237751841545105,1.0212098544570836e-07,0.5615389943122864,0.5862140655517578,-0.011337156407535076,0.5598869919776917,0.5472781658172607,-0.02084667980670929,0.5607070922851562,0.5179455280303955,-0.030062248930335045,0.5578895211219788,0.4915018379688263,-0.039536915719509125,0.6076104044914246,0.5221986770629883,-0.017529556527733803,0.6245654225349426,0.49173447489738464,-0.032084640115499496,0.6274515986442566,0.47299066185951233,-0.044330380856990814,0.6241814494132996,0.4559454023838043,-0.05250510945916176,0.6208469867706299,0.5446265935897827,-0.022289421409368515,0.646730899810791,0.521612823009491,-0.03419658541679382,0.6515243053436279,0.5034807324409485,-0.04345537722110748,0.647975742816925,0.4881887137889862,-0.050248514860868454,0.6244406700134277,0.5740718245506287,-0.02845672331750393,0.6467376947402954,0.5614084601402283,-0.042107563465833664,0.6415181159973145,0.5526649355888367,-0.04918742552399635,0.6294006705284119,0.5442355275154114,-0.053554095327854156,0.6202213764190674,0.6071643233299255,-0.035321470350027084,0.632591962814331,0.60373854637146,-0.048573873937129974,0.6250283122062683,0.5972582101821899,-0.05268237739801407,0.6118530631065369,0.5895935297012329,-0.054682694375514984,neutral,RRQ_p19,RRQ
0.4663771688938141,0.5325191617012024,2.3473968724374572e-07,0.48640915751457214,0.4903816878795624,0.006161674857139587,0.5123977065086365,0.45797038078308105,0.002666591666638851,0.5359643697738647,0.44302961230278015,-0.003037801245227456,0.5559658408164978,0.43547001481056213,-0.008943022228777409,0.5218760967254639,0.4334336519241333,-0.0065674856305122375,0.5646814107894897,0.41567671298980713,-0.01583239622414112,0.5895434021949768,0.40949252247810364,-0.02115611545741558,0.606156051158905,0.4072074890136719,-0.02376260794699192,0.52543705701828,0.4525856077671051,-0.01594405248761177,0.5737180113792419,0.4351631999015808,-0.022808441892266273,0.5988813042640686,0.4321829080581665,-0.025584978982806206,0.6166697144508362,0.43148261308670044,-0.027186090126633644,0.5296352505683899,0.478265643119812,-0.024468425661325455,0.5766212940216064,0.46414715051651,-0.02903374843299389,0.5991204977035522,0.46435847878456116,-0.02657587081193924,0.6143838763237,0.4644260108470917,-0.0248199962079525,0.5334078073501587,0.5101044774055481,-0.03263799473643303,0.569707453250885,0.498408704996109,-0.03318784385919571,0.5860587954521179,0.4978299140930176,-0.027306292206048965,0.5972753167152405,0.4986678957939148,-0.022560719400644302,neutral,RRQ_p19,RRQ
0.35526883602142334,0.2913621962070465,9.874211315263892e-08,0.3778277337551117,0.2661736011505127,0.008587378077208996,0.38518810272216797,0.23954826593399048,0.011774667538702488,0.3919191062450409,0.2184349149465561,0.009804443456232548,0.39763784408569336,0.20099490880966187,0.008029055781662464,0.35428476333618164,0.2092980444431305,0.02437632903456688,0.37082812190055847,0.18734438717365265,0.01898212544620037,0.3908812403678894,0.18660998344421387,0.011144325137138367,0.40682560205459595,0.19459785521030426,0.006614584010094404,0.3475612699985504,0.20351283252239227,0.015527993440628052,0.3708590567111969,0.17342433333396912,0.010446884669363499,0.39276620745658875,0.17383354902267456,0.003408409422263503,0.408729612827301,0.18352878093719482,-0.00043527528760023415,0.34165269136428833,0.20058855414390564,0.004970279056578875,0.36873123049736023,0.1703328937292099,-0.0021259936038404703,0.3903844654560089,0.17429199814796448,-0.007645847275853157,0.4045947194099426,0.18777154386043549,-0.009580777026712894,0.33713671565055847,0.20106720924377441,-0.0053291297517716885,0.3636198937892914,0.18102163076400757,-0.01043328270316124,0.38144662976264954,0.1865427941083908,-0.012071243487298489,0.3943932354450226,0.19942641258239746,-0.011977504007518291,neutral,RRQ_p19,RRQ
0.5749872326850891,0.22016239166259766,-3.4446994590098257e-08,0.5855664014816284,0.19054275751113892,0.008653945289552212,0.5799944996833801,0.15910078585147858,0.012415430508553982,0.5663056373596191,0.14293113350868225,0.013810568489134312,0.5519610643386841,0.13781559467315674,0.014852547086775303,0.5785192251205444,0.13942116498947144,0.011393447406589985,0.5601518154144287,0.12126976251602173,0.012856906279921532,0.5480844974517822,0.115318663418293,0.013200931251049042,0.5394273400306702,0.11185091733932495,0.013253709301352501,0.5638728141784668,0.13693803548812866,0.00559694180265069,0.5473634004592896,0.10629510879516602,0.007420494221150875,0.5359976291656494,0.09526140242815018,0.008128431625664234,0.5263258814811707,0.08948738127946854,0.008176194503903389,0.5476016402244568,0.1406487077474594,1.3292557014210615e-05,0.5334075093269348,0.1061362773180008,0.0007659978582523763,0.5236016511917114,0.09514627605676651,0.0005152472294867039,0.5159566402435303,0.08974611014127731,-0.00015704122779425234,0.5299094915390015,0.14897401630878448,-0.004727049730718136,0.5158442258834839,0.12208303809165955,-0.004356116987764835,0.507032036781311,0.10961329936981201,-0.0032180987764149904,0.4993358850479126,0.10139119625091553,-0.00257195089943707,neutral,RRQ_p19,RRQ
0.3830564618110657,0.35196077823638916,-8.555419483968763e-09,0.39783987402915955,0.32539573311805725,0.0076615819707512856,0.39509832859039307,0.3040251135826111,0.010800836607813835,0.39434877038002014,0.2890288829803467,0.010276026092469692,0.39332595467567444,0.2755080461502075,0.010716194286942482,0.3503538966178894,0.29085829854011536,0.02019801363348961,0.3649393320083618,0.26182204484939575,0.01912800967693329,0.38080036640167236,0.2609403729438782,0.015344514511525631,0.391398549079895,0.27003711462020874,0.01320335641503334,0.34650516510009766,0.28914904594421387,0.014430605806410313,0.364264577627182,0.25627678632736206,0.015562565997242928,0.38135257363319397,0.2583247125148773,0.013329479843378067,0.39186814427375793,0.26944446563720703,0.011689664795994759,0.3478204309940338,0.28648266196250916,0.007762542925775051,0.366830050945282,0.2524660527706146,0.00886625424027443,0.38281384110450745,0.256526917219162,0.00881918240338564,0.3919481933116913,0.2703816294670105,0.008795671164989471,0.3535797595977783,0.2832242548465729,0.0010533890454098582,0.3724055588245392,0.2580982744693756,0.004092595539987087,0.3842405080795288,0.26116764545440674,0.0062889172695577145,0.3907727301120758,0.27241453528404236,0.007684920448809862,neutral,RRQ_p19,RRQ
0.5540866255760193,0.3768819570541382,-1.0302730402145244e-07,0.5461553931236267,0.3531848192214966,0.005388503894209862,0.5448559522628784,0.32171934843063354,0.0053640748374164104,0.5406447052955627,0.293762743473053,0.003336976282298565,0.5321398973464966,0.27537035942077637,0.001094725332222879,0.574043333530426,0.2840642035007477,0.0006729557062499225,0.5662671327590942,0.23733222484588623,-0.00470968522131443,0.5565957427024841,0.21013036370277405,-0.008083749562501907,0.5464264154434204,0.19394464790821075,-0.009926974773406982,0.5699166059494019,0.28001993894577026,-0.005148648750036955,0.5469210147857666,0.22448861598968506,-0.01062059123069048,0.5237113833427429,0.20968835055828094,-0.012325325980782509,0.5054314136505127,0.21062558889389038,-0.012715989723801613,0.5589675903320312,0.2813422381877899,-0.0107146967202425,0.5318887233734131,0.22880232334136963,-0.01655064895749092,0.5112012624740601,0.22536583244800568,-0.01742539554834366,0.49761930108070374,0.2344793677330017,-0.017012983560562134,0.5426232218742371,0.28633591532707214,-0.01576271839439869,0.5186692476272583,0.2530268728733063,-0.020003488287329674,0.5042963027954102,0.2519347667694092,-0.020329467952251434,0.49494773149490356,0.2597162127494812,-0.019630279392004013,neutral,RRQ_p19,RRQ
0.5925431251525879,0.5964140892028809,2.3807773175121838e-07,0.5992386937141418,0.5556015968322754,-0.017512593418359756,0.5992305874824524,0.5115944743156433,-0.03424801677465439,0.5978440046310425,0.472882479429245,-0.047479912638664246,0.6031854152679443,0.44030487537384033,-0.061880357563495636,0.5851253271102905,0.5322790145874023,-0.05329787731170654,0.5846936106681824,0.5000782012939453,-0.07586740702390671,0.5792298316955566,0.4688088297843933,-0.08705395460128784,0.5789353847503662,0.4442431330680847,-0.09267548471689224,0.5652787089347839,0.5595928430557251,-0.05163201689720154,0.5408480763435364,0.5332538485527039,-0.07050930708646774,0.5292819142341614,0.5100635290145874,-0.07245557010173798,0.5261489152908325,0.49373549222946167,-0.07316610217094421,0.5489287972450256,0.5823205709457397,-0.04967593029141426,0.5199782848358154,0.5611798763275146,-0.06613175570964813,0.5077944397926331,0.5414581298828125,-0.06387793272733688,0.503627359867096,0.5251514911651611,-0.06071271374821663,0.5379362106323242,0.5993833541870117,-0.04855935648083687,0.508406937122345,0.589454174041748,-0.06175316497683525,0.4991622865200043,0.5737571716308594,-0.061759620904922485,0.4965243935585022,0.5587842464447021,-0.06017892807722092,neutral,RRQ_p19,RRQ
0.37415826320648193,0.43458497524261475,2.822782221301168e-07,0.4009048342704773,0.38333219289779663,0.0011858638608828187,0.4067510962486267,0.3404446840286255,-0.003957530949264765,0.40815627574920654,0.30657118558883667,-0.01131194643676281,0.4141961634159088,0.2819584608078003,-0.018513310700654984,0.37050575017929077,0.30810052156448364,-0.013776403851807117,0.3778180181980133,0.2528301477432251,-0.02799772098660469,0.3890262544155121,0.22315312922000885,-0.035626161843538284,0.39898309111595154,0.20182374119758606,-0.039956819266080856,0.36319828033447266,0.3204877972602844,-0.02304944023489952,0.38278624415397644,0.26756227016448975,-0.038954608142375946,0.40816032886505127,0.2543337941169739,-0.04391762614250183,0.4281986653804779,0.2525314688682556,-0.04487648606300354,0.3646852374076843,0.3412814140319824,-0.03212448209524155,0.3975227177143097,0.3021870255470276,-0.04748782142996788,0.42351266741752625,0.29757630825042725,-0.04998309165239334,0.44276389479637146,0.29911288619041443,-0.04931690916419029,0.3726884722709656,0.36633315682411194,-0.04114089533686638,0.4078060984611511,0.35521620512008667,-0.051998868584632874,0.42508915066719055,0.3588433563709259,-0.053038403391838074,0.43725159764289856,0.3644704222679138,-0.051872316747903824,neutral,RRQ_p19,RRQ
0.5282313823699951,0.5736376047134399,2.1698866703445674e-08,0.5193535089492798,0.52544105052948,0.0021579270251095295,0.5110653638839722,0.475694477558136,-0.0010043615475296974,0.5050796270370483,0.43775761127471924,-0.004591836594045162,0.49808767437934875,0.41045933961868286,-0.009589165449142456,0.5165342092514038,0.45159217715263367,-0.01976820081472397,0.4971354007720947,0.40405040979385376,-0.0325620137155056,0.48122236132621765,0.37464919686317444,-0.040949489921331406,0.46716201305389404,0.3500633239746094,-0.04696933180093765,0.5167941451072693,0.46677735447883606,-0.029114406555891037,0.4906211495399475,0.4159497320652008,-0.039656516164541245,0.470639705657959,0.3847484588623047,-0.046224065124988556,0.4527103006839752,0.3594937324523926,-0.05210535600781441,0.5130670070648193,0.49271392822265625,-0.03738483786582947,0.4857914447784424,0.44953781366348267,-0.04695190116763115,0.4672887921333313,0.42239129543304443,-0.05341919884085655,0.45164358615875244,0.3989748954772949,-0.05946987122297287,0.5060426592826843,0.5247558355331421,-0.04499027878046036,0.4830056428909302,0.5039669871330261,-0.05588275566697121,0.4665839672088623,0.49165111780166626,-0.06081906333565712,0.4508146047592163,0.4793476164340973,-0.06461923569440842,neutral,RRQ_p19,RRQ
0.3453329801559448,0.6221091747283936,2.6234542360725754e-07,0.3807195723056793,0.5795062184333801,0.005923922173678875,0.41939008235931396,0.5578711032867432,0.0018190667033195496,0.4485359787940979,0.5503831505775452,-0.003907640464603901,0.4733858108520508,0.5520823001861572,-0.009465385228395462,0.4265197217464447,0.5476736426353455,-0.0157900582998991,0.46710121631622314,0.5296342372894287,-0.03287414088845253,0.500491201877594,0.532302737236023,-0.04282500594854355,0.5209983587265015,0.5419442057609558,-0.04789094254374504,0.4244746267795563,0.5687680840492249,-0.026573514565825462,0.46789875626564026,0.5515627861022949,-0.04244566708803177,0.5013790726661682,0.5577210187911987,-0.048135146498680115,0.5211766958236694,0.5713754892349243,-0.05076281353831291,0.4190365970134735,0.6004015207290649,-0.03689001500606537,0.4608273506164551,0.595179557800293,-0.051512062549591064,0.49210190773010254,0.6082397699356079,-0.05700080469250679,0.5127496123313904,0.6244853734970093,-0.059592436999082565,0.41133061051368713,0.6400874853134155,-0.046235956251621246,0.44309866428375244,0.6472969651222229,-0.06175755709409714,0.4679917097091675,0.6604916453361511,-0.06860420107841492,0.4865320920944214,0.6756280660629272,-0.07162930816411972,neutral,RRQ_p19,RRQ
0.5003423690795898,0.3930068910121918,-2.173359092694227e-07,0.4733130633831024,0.375610888004303,-0.0062116277404129505,0.45888620615005493,0.3482988476753235,-0.013091114349663258,0.44498857855796814,0.3274514973163605,-0.02019488997757435,0.4333760142326355,0.307127982378006,-0.024903999641537666,0.5036095976829529,0.2913494110107422,-0.0006913099787198007,0.4593793451786041,0.28772076964378357,-0.014653434045612812,0.45908230543136597,0.3128386437892914,-0.025448696687817574,0.4702155292034149,0.32470086216926575,-0.03147270902991295,0.502972424030304,0.2911071181297302,-0.0028224510606378317,0.45461559295654297,0.28866609930992126,-0.016028231009840965,0.4563435912132263,0.31416141986846924,-0.020657135173678398,0.46809953451156616,0.32254311442375183,-0.022105034440755844,0.4968932271003723,0.2961401343345642,-0.006806352641433477,0.451575368642807,0.2943137586116791,-0.016654137521982193,0.4536932706832886,0.32052794098854065,-0.013535013422369957,0.465546578168869,0.3276529312133789,-0.010310253128409386,0.4869474768638611,0.3054015040397644,-0.012133898213505745,0.4527733027935028,0.3100695013999939,-0.019842153415083885,0.45451992750167847,0.3296346962451935,-0.01938190869987011,0.46576735377311707,0.33593979477882385,-0.017124967649579048,neutral,RRQ_p19,RRQ
0.23650649189949036,0.7860887050628662,-8.592013500674511e-08,0.248175710439682,0.7456703782081604,-0.02258273959159851,0.27819040417671204,0.7318533658981323,-0.03608792647719383,0.30725815892219543,0.7373764514923096,-0.04271837696433067,0.32773610949516296,0.7305874824523926,-0.04804753512144089,0.2691943943500519,0.7825711965560913,-0.05781208723783493,0.31839659810066223,0.7892374992370605,-0.07607761770486832,0.34647631645202637,0.7782328724861145,-0.08213022351264954,0.36320075392723083,0.7641597390174866,-0.08327041566371918,0.27489137649536133,0.8149334192276001,-0.049493853002786636,0.3311817944049835,0.8188745379447937,-0.06468287855386734,0.35670900344848633,0.7983971238136292,-0.06386299431324005,0.3666844964027405,0.7770176529884338,-0.06115957722067833,0.2825188934803009,0.8321993350982666,-0.04049348086118698,0.33231815695762634,0.8293448686599731,-0.05290631577372551,0.35456007719039917,0.8075230717658997,-0.051903124898672104,0.36513814330101013,0.7871517539024353,-0.04897729679942131,0.2909511625766754,0.8359577059745789,-0.03219807893037796,0.32954633235931396,0.8314924240112305,-0.041476234793663025,0.34889113903045654,0.8161172270774841,-0.04199105501174927,0.3594549894332886,0.8008322715759277,-0.0405096635222435,neutral,RRQ_p19,RRQ
0.5191006660461426,0.415204793214798,-1.7392319762166153e-07,0.537524938583374,0.39153793454170227,0.009303448721766472,0.5462149381637573,0.3686383068561554,0.010868482291698456,0.5439394116401672,0.3477232754230499,0.009736396372318268,0.5341758728027344,0.33432871103286743,0.007485036738216877,0.5537543296813965,0.3459990322589874,0.00471161212772131,0.5356577038764954,0.30742156505584717,0.0009386020246893167,0.5175219178199768,0.3040114939212799,-0.002067544963210821,0.5059481859207153,0.31039923429489136,-0.0034280300606042147,0.5444594621658325,0.33714455366134644,-0.0012516452698037028,0.5272170305252075,0.2962033450603485,-0.0018399672117084265,0.510962963104248,0.29642194509506226,-0.0016103500965982676,0.4990396797657013,0.30727076530456543,-0.001802732003852725,0.5306735038757324,0.33418264985084534,-0.006536230910569429,0.5136056542396545,0.29540613293647766,-0.006965276785194874,0.49865609407424927,0.30041879415512085,-0.006550839636474848,0.4880061447620392,0.31407082080841064,-0.007095946464687586,0.5134276747703552,0.3358340561389923,-0.011087080463767052,0.4923848509788513,0.32053762674331665,-0.013307343237102032,0.4813627302646637,0.3254854679107666,-0.013713831081986427,0.4733368158340454,0.334798127412796,-0.013679467141628265,neutral,RRQ_p19,RRQ
0.5976000428199768,0.8084055185317993,-1.2085007483619847e-07,0.5527210235595703,0.8142272233963013,0.0035780048929154873,0.5166956186294556,0.841571033000946,-0.0044950759038329124,0.494814932346344,0.8790956735610962,-0.01333223469555378,0.48402243852615356,0.9132407307624817,-0.025357414036989212,0.5019853115081787,0.8279051780700684,-0.034031204879283905,0.4783022701740265,0.9031529426574707,-0.05190117657184601,0.4696616232395172,0.9496307373046875,-0.0625927746295929,0.4654439091682434,0.9827898144721985,-0.06962224096059799,0.5286650061607361,0.8334345817565918,-0.045780885964632034,0.5043725371360779,0.9206825494766235,-0.06123293936252594,0.49340948462486267,0.9713886380195618,-0.06934504956007004,0.48658689856529236,1.009106993675232,-0.0770135298371315,0.5591049790382385,0.8441568613052368,-0.05541381612420082,0.5369819402694702,0.9233992099761963,-0.07043033838272095,0.5266876220703125,0.9699311256408691,-0.07672521471977234,0.5179976224899292,1.0057847499847412,-0.08234106004238129,0.5884523987770081,0.8579605221748352,-0.06341718882322311,0.578984797000885,0.9080435633659363,-0.078774094581604,0.5728960633277893,0.937599241733551,-0.08395703136920929,0.5667309165000916,0.9622729420661926,-0.0875779539346695,neutral,RRQ_p19,RRQ
