x0,y0,z0,x1,y1,z1,x2,y2,z2,x3,y3,z3,x4,y4,z4,x5,y5,z5,x6,y6,z6,x7,y7,z7,x8,y8,z8,x9,y9,z9,x10,y10,z10,x11,y11,z11,x12,y12,z12,x13,y13,z13,x14,y14,z14,x15,y15,z15,x16,y16,z16,x17,y17,z17,x18,y18,z18,x19,y19,z19,x20,y20,z20,label,person_id,collector
0.6412966847419739,0.7370122671127319,-3.480010661860433e-07,0.5822445154190063,0.6853511929512024,-0.03161657229065895,0.5252750515937805,0.5961825847625732,-0.053290482610464096,0.47408121824264526,0.5346380472183228,-0.07518427819013596,0.4283669590950012,0.49602505564689636,-0.09728067368268967,0.5894195437431335,0.45822733640670776,-0.03964535519480705,0.5756893754005432,0.34250521659851074,-0.07682527601718903,0.5696353316307068,0.2651287019252777,-0.09983613342046738,0.5656915307044983,0.1980498731136322,-0.1164032444357872,0.6451539397239685,0.45405954122543335,-0.04467804357409477,0.612823486328125,0.45680853724479675,-0.10560934990644455,0.5910609364509583,0.5492279529571533,-0.11940806359052658,0.582921028137207,0.6098836064338684,-0.11438295990228653,0.6922072172164917,0.48318201303482056,-0.053498562425374985,0.6480038166046143,0.528094470500946,-0.10553321987390518,0.6270573139190674,0.6053597331047058,-0.09697717428207397,0.6216886639595032,0.6445077061653137,-0.07767690718173981,0.7307531237602234,0.5282310247421265,-0.06574392318725586,0.6877965927124023,0.5669752359390259,-0.09526635706424713,0.662460446357727,0.6210223436355591,-0.08724368363618851,0.6551373600959778,0.6449803709983826,-0.0727727860212326,point,RRQ_p40,RRQ
0.4434557557106018,0.7836829423904419,-4.7624649823774234e-07,0.3621850311756134,0.7276836037635803,-0.015100117772817612,0.3070834279060364,0.6428430676460266,-0.029919084161520004,0.2597595453262329,0.5915495753288269,-0.04845211282372475,0.21056021749973297,0.5552876591682434,-0.0675266906619072,0.368988960981369,0.5092571973800659,-0.020892132073640823,0.33035755157470703,0.40638118982315063,-0.053576186299324036,0.30529850721359253,0.33819127082824707,-0.0739133432507515,0.2850834131240845,0.2824456989765167,-0.08921694755554199,0.4166266620159149,0.5070047974586487,-0.0336889885365963,0.3307042121887207,0.5268579721450806,-0.085027314722538,0.3178384304046631,0.6194069385528564,-0.09387053549289703,0.3300154507160187,0.6689953804016113,-0.08913885802030563,0.45223331451416016,0.5389232635498047,-0.04983622208237648,0.36109283566474915,0.5947661399841309,-0.09452392160892487,0.35858723521232605,0.670920729637146,-0.08115177601575851,0.3760283589363098,0.7003217935562134,-0.06230087950825691,0.4764315187931061,0.5881968140602112,-0.06857789307832718,0.4008480906486511,0.6352159976959229,-0.09644139558076859,0.39042505621910095,0.6875153183937073,-0.08631322532892227,0.4019230604171753,0.7067866325378418,-0.0716218575835228,point,RRQ_p40,RRQ
0.7423135638237,0.7046595811843872,-1.9610999402175366e-07,0.6967153549194336,0.6321682333946228,-0.03682330995798111,0.6599956154823303,0.5265628695487976,-0.060771238058805466,0.6240920424461365,0.45261433720588684,-0.08532165735960007,0.5848380327224731,0.4040747284889221,-0.10995263606309891,0.7385179400444031,0.4157918393611908,-0.0378570593893528,0.7470542788505554,0.28792881965637207,-0.07627613097429276,0.7577964663505554,0.21058127284049988,-0.10037750005722046,0.7677282691001892,0.1430003046989441,-0.11703292280435562,0.7890801429748535,0.4395970404148102,-0.04309011250734329,0.7881277203559875,0.40469467639923096,-0.11266537010669708,0.7575331926345825,0.48997780680656433,-0.13232958316802979,0.7336816191673279,0.5515792965888977,-0.12888498604297638,0.8335384726524353,0.48102590441703796,-0.05282861739397049,0.8247086405754089,0.47585371136665344,-0.11682859063148499,0.7881326079368591,0.5514630079269409,-0.11218485981225967,0.7630811333656311,0.5979366898536682,-0.09140358865261078,0.8724055290222168,0.5316963791847229,-0.06540261209011078,0.8650559782981873,0.5160993933677673,-0.10304756462574005,0.8307722806930542,0.5658016204833984,-0.09409355372190475,0.809636116027832,0.5984594821929932,-0.07693945616483688,point,RRQ_p40,RRQ
0.5168983936309814,0.7323689460754395,-4.5223623601486906e-07,0.4530012905597687,0.6767845153808594,-0.018056046217679977,0.40278103947639465,0.5954160690307617,-0.03383864462375641,0.35749351978302,0.5419493317604065,-0.052319999784231186,0.3133275806903839,0.5038435459136963,-0.07117287814617157,0.46429505944252014,0.46669918298721313,-0.02124917507171631,0.4346676766872406,0.367823988199234,-0.05388573929667473,0.4159885346889496,0.30021053552627563,-0.0743911862373352,0.40157514810562134,0.24356845021247864,-0.08928937464952469,0.5115578770637512,0.4647410809993744,-0.031630199402570724,0.44923198223114014,0.4684291481971741,-0.0821208730340004,0.43088388442993164,0.5543228983879089,-0.09158968180418015,0.43399447202682495,0.6052954196929932,-0.08687403798103333,0.5492614507675171,0.4933978021144867,-0.04566314071416855,0.4783009886741638,0.53007572889328,-0.08984660357236862,0.46867966651916504,0.6016020774841309,-0.07870844751596451,0.47835254669189453,0.6325945258140564,-0.06093919277191162,0.5774396657943726,0.5383786559104919,-0.06227874010801315,0.5145294666290283,0.572857141494751,-0.08775598555803299,0.4995192289352417,0.622012197971344,-0.0782020166516304,0.5056922435760498,0.6417044401168823,-0.06444834917783737,point,RRQ_p40,RRQ
0.7319279313087463,0.7571383118629456,-2.4260418740595924e-07,0.6850132346153259,0.6861916780471802,-0.03317868337035179,0.6470241546630859,0.5846454501152039,-0.05468159168958664,0.6107187867164612,0.513713538646698,-0.07666719704866409,0.5729349255561829,0.46368974447250366,-0.09843722730875015,0.7279760837554932,0.4810906648635864,-0.033680010586977005,0.7308754324913025,0.3642688989639282,-0.06739341467618942,0.7379878163337708,0.29270297288894653,-0.08868087828159332,0.7446703314781189,0.230605810880661,-0.10378465056419373,0.7795873880386353,0.4983815550804138,-0.038264572620391846,0.7723994255065918,0.47580045461654663,-0.10033082962036133,0.7437070608139038,0.5556752681732178,-0.11799304187297821,0.7200644016265869,0.6150445342063904,-0.11494652926921844,0.8229383230209351,0.5365781188011169,-0.046846773475408554,0.8017706274986267,0.5461325645446777,-0.10350164026021957,0.7683660387992859,0.6153502464294434,-0.10049852728843689,0.7437557578086853,0.6599686145782471,-0.08299796283245087,0.8599064350128174,0.5851626992225647,-0.05811329558491707,0.8413329720497131,0.5878646969795227,-0.0914638489484787,0.8083060383796692,0.6327337026596069,-0.08501004427671432,0.7857444286346436,0.6619771718978882,-0.0709017887711525,point,RRQ_p40,RRQ
0.5696325898170471,0.7275541424751282,-4.293436575153464e-07,0.5095100998878479,0.6641445755958557,-0.023195968940854073,0.45958495140075684,0.5674294829368591,-0.04109884425997734,0.41377151012420654,0.5016347765922546,-0.061141692101955414,0.3687434792518616,0.45706140995025635,-0.08123791217803955,0.5339221358299255,0.44405409693717957,-0.02363450452685356,0.5088694095611572,0.3351396918296814,-0.05732959136366844,0.49532610177993774,0.2638340890407562,-0.07797308266162872,0.4862481355667114,0.20282578468322754,-0.09328914433717728,0.5839930176734924,0.44406336545944214,-0.03314436227083206,0.5287527441978455,0.44016551971435547,-0.0876060351729393,0.5072296857833862,0.5321509838104248,-0.09745756536722183,0.5092360377311707,0.5814387798309326,-0.0913698598742485,0.6230780482292175,0.474542498588562,-0.04689378663897514,0.5555388331413269,0.5059805512428284,-0.09503670036792755,0.541765570640564,0.5847446322441101,-0.08299794048070908,0.5525853037834167,0.6148521304130554,-0.06333623826503754,0.6513526439666748,0.5203270316123962,-0.06369759887456894,0.5875104665756226,0.5544145703315735,-0.09230455756187439,0.5732808709144592,0.6086044311523438,-0.08260391652584076,0.5854999423027039,0.6262811422348022,-0.06787841767072678,point,RRQ_p40,RRQ
0.40531736612319946,0.7160840034484863,-5.055358656136377e-07,0.31997206807136536,0.6606393456459045,-0.007284477818757296,0.2649703025817871,0.5845156311988831,-0.02140668034553528,0.22476860880851746,0.5352504849433899,-0.04063977301120758,0.18029481172561646,0.4981125295162201,-0.06034645065665245,0.32136330008506775,0.4365912675857544,-0.014878194779157639,0.26941147446632385,0.34230148792266846,-0.04665939509868622,0.23632951080799103,0.28017744421958923,-0.0664319321513176,0.2103908807039261,0.22734218835830688,-0.08135174959897995,0.3629622161388397,0.438064306974411,-0.03209863603115082,0.26847711205482483,0.44877809286117554,-0.08249162882566452,0.2579309642314911,0.5416231751441956,-0.08983933180570602,0.2742201089859009,0.5903323292732239,-0.08467558771371841,0.3926440477371216,0.4665810167789459,-0.052248742431402206,0.29232075810432434,0.5061695575714111,-0.0950285792350769,0.2931782007217407,0.5843954682350159,-0.07802658528089523,0.3162054121494293,0.6151225566864014,-0.057699836790561676,0.4122452437877655,0.5122727155685425,-0.0745166763663292,0.3268399238586426,0.5484280586242676,-0.10108857601881027,0.32143619656562805,0.6021629571914673,-0.08881296962499619,0.34080421924591064,0.6210454702377319,-0.07331538945436478,point,RRQ_p40,RRQ
0.545632004737854,0.6799027919769287,-6.168755817270721e-07,0.4741308093070984,0.6487091779708862,-0.030256615951657295,0.39963701367378235,0.5984705686569214,-0.05392209440469742,0.3348115086555481,0.5769819021224976,-0.0745190903544426,0.2757222056388855,0.5479716062545776,-0.09190058708190918,0.4597722589969635,0.474065363407135,-0.05127771198749542,0.40241050720214844,0.4493778347969055,-0.08802086114883423,0.35472220182418823,0.4277876615524292,-0.11553835868835449,0.31198644638061523,0.40841931104660034,-0.1365092396736145,0.512272298336029,0.46044936776161194,-0.05510853976011276,0.4515531063079834,0.6037904024124146,-0.09247026592493057,0.4558927118778229,0.6473600268363953,-0.09970710426568985,0.4731907546520233,0.64582759141922,-0.10356057435274124,0.5583996772766113,0.49968060851097107,-0.06276828795671463,0.49328213930130005,0.6600619554519653,-0.09328430891036987,0.4965061843395233,0.6723178029060364,-0.08011689782142639,0.5107983946800232,0.6476817727088928,-0.07002942264080048,0.5923064947128296,0.5533866882324219,-0.07503286749124527,0.5333350300788879,0.671360969543457,-0.10418830066919327,0.5331211090087891,0.6821555495262146,-0.10074169188737869,0.5459628105163574,0.6583452820777893,-0.0937737300992012,point,RRQ_p40,RRQ
0.7490242719650269,0.6554409861564636,-2.9572569815172756e-07,0.6935027241706848,0.6035598516464233,-0.035451170057058334,0.6550880670547485,0.5265390276908875,-0.06602118909358978,0.6137057542800903,0.4634777307510376,-0.09320177882909775,0.5691808462142944,0.41253921389579773,-0.12113585323095322,0.7460578083992004,0.4335785210132599,-0.0757836103439331,0.7997159957885742,0.4028334617614746,-0.12274898588657379,0.8503054976463318,0.3820096254348755,-0.15345394611358643,0.9003911018371582,0.3640560507774353,-0.17239926755428314,0.8172876834869385,0.43952274322509766,-0.0746816024184227,0.8205137848854065,0.5438248515129089,-0.12925492227077484,0.7618498206138611,0.6055738925933838,-0.13956336677074432,0.7179551720619202,0.6332954168319702,-0.13723105192184448,0.8625590801239014,0.47999852895736694,-0.0746547132730484,0.8326601386070251,0.5989146828651428,-0.12391849607229233,0.7743821740150452,0.6493405103683472,-0.1171121895313263,0.7332071661949158,0.664077877998352,-0.10147897154092789,0.8919231295585632,0.5293146371841431,-0.07687809318304062,0.8573557138442993,0.6202763319015503,-0.10692977160215378,0.8077405691146851,0.6617530584335327,-0.09846082329750061,0.7695265412330627,0.6649999618530273,-0.08353173732757568,point,RRQ_p40,RRQ
0.4132401943206787,0.753321647644043,-8.56367847745787e-08,0.5018064379692078,0.7336769104003906,-0.033423300832509995,0.5772134065628052,0.6527292728424072,-0.05699944123625755,0.6305525302886963,0.5798314213752747,-0.08018344640731812,0.678654670715332,0.5253936648368835,-0.10192088782787323,0.5444368124008179,0.5108655095100403,-0.06811178475618362,0.5694732666015625,0.3876548111438751,-0.11534832417964935,0.5874568223953247,0.3029293417930603,-0.13961917161941528,0.6014068722724915,0.2303715944290161,-0.15650470554828644,0.48267024755477905,0.47702550888061523,-0.07401054352521896,0.5149239897727966,0.5345602631568909,-0.1434800624847412,0.5073446035385132,0.634730339050293,-0.15313763916492462,0.49694037437438965,0.6835415363311768,-0.14722733199596405,0.4235762357711792,0.4890003800392151,-0.0829942375421524,0.45571571588516235,0.594188392162323,-0.14160872995853424,0.4513310194015503,0.6636686325073242,-0.12999498844146729,0.4470665156841278,0.6773935556411743,-0.1114707961678505,0.3711630702018738,0.5221620202064514,-0.09593576192855835,0.398306667804718,0.616121768951416,-0.1323143094778061,0.40622657537460327,0.6685130596160889,-0.12727674841880798,0.40629783272743225,0.6700915098190308,-0.11603791266679764,point,RRQ_p40,RRQ
0.1990675926208496,0.7039332985877991,-2.710328885768831e-07,0.2813175618648529,0.6907729506492615,-0.041941262781620026,0.36775556206703186,0.6122248768806458,-0.06738690286874771,0.42726802825927734,0.5397503972053528,-0.08936356008052826,0.475580632686615,0.48114657402038574,-0.11054304242134094,0.3069770038127899,0.49064528942108154,-0.08756228536367416,0.2927042841911316,0.372361958026886,-0.12977857887744904,0.2730409801006317,0.2882455885410309,-0.15106281638145447,0.25344663858413696,0.21797031164169312,-0.16751009225845337,0.23651395738124847,0.44625043869018555,-0.08548985421657562,0.2157871425151825,0.5550488829612732,-0.14272381365299225,0.2277732491493225,0.6550807952880859,-0.14636501669883728,0.24158823490142822,0.698945164680481,-0.14137201011180878,0.16908162832260132,0.4618009328842163,-0.08570829033851624,0.15707078576087952,0.6101231575012207,-0.13115841150283813,0.17191766202449799,0.6727653741836548,-0.11033031344413757,0.18931221961975098,0.6839010119438171,-0.09078378975391388,0.10706625878810883,0.5002240538597107,-0.09171359986066818,0.09725615382194519,0.6031789779663086,-0.12842492759227753,0.12454758584499359,0.6539069414138794,-0.12156739085912704,0.1497734785079956,0.6594314575195312,-0.10923398286104202,point,RRQ_p40,RRQ
0.3822406530380249,0.6803234815597534,-2.622148054243212e-09,0.47092127799987793,0.6827582120895386,-0.031140878796577454,0.5678919553756714,0.6394656896591187,-0.053874045610427856,0.6484993696212769,0.5964650511741638,-0.07469785958528519,0.7138744592666626,0.5623220205307007,-0.09629853069782257,0.5489209890365601,0.5380327701568604,-0.08329705893993378,0.5928884148597717,0.4882306456565857,-0.12604163587093353,0.6331300139427185,0.4409451484680176,-0.14893662929534912,0.6681538820266724,0.39770978689193726,-0.16516104340553284,0.49631741642951965,0.4841444492340088,-0.08891145139932632,0.49983662366867065,0.6373006701469421,-0.14752450585365295,0.47564780712127686,0.7230991721153259,-0.15149229764938354,0.4496045708656311,0.769373893737793,-0.14518855512142181,0.4312075674533844,0.4856968820095062,-0.09611573070287704,0.4293655455112457,0.6645708084106445,-0.1426316350698471,0.41589730978012085,0.700375497341156,-0.12545688450336456,0.40643057227134705,0.7029656767845154,-0.10685472190380096,0.3647151589393616,0.5103447437286377,-0.10745576024055481,0.3687276542186737,0.6458925604820251,-0.1404767483472824,0.372158944606781,0.6954609155654907,-0.1328170746564865,0.3743892312049866,0.7103299498558044,-0.12001562118530273,point,RRQ_p40,RRQ
0.5256009697914124,0.5478391647338867,-1.9716811294756553e-08,0.6158654689788818,0.556369423866272,-0.030221203342080116,0.700316309928894,0.5120850801467896,-0.057947948575019836,0.7668206691741943,0.46983498334884644,-0.08814089000225067,0.8271289467811584,0.44757965207099915,-0.117436483502388,0.7066993713378906,0.3414842188358307,-0.06286858022212982,0.7745195627212524,0.23153682053089142,-0.11512020975351334,0.8228827118873596,0.15655852854251862,-0.14179304242134094,0.8594960570335388,0.09316009283065796,-0.15848995745182037,0.6555666923522949,0.29741156101226807,-0.07244409620761871,0.7082451581954956,0.3583737909793854,-0.14791402220726013,0.6765325665473938,0.45971617102622986,-0.1574627310037613,0.6438519954681396,0.5046347379684448,-0.1480553299188614,0.6020526885986328,0.2927483320236206,-0.08507873862981796,0.6356558799743652,0.4035075604915619,-0.15069502592086792,0.6058459877967834,0.478230744600296,-0.13745109736919403,0.5820632576942444,0.4926871657371521,-0.11362117528915405,0.5504668951034546,0.30935734510421753,-0.10117416828870773,0.577416181564331,0.411377489566803,-0.13874343037605286,0.562593936920166,0.4669243395328522,-0.12969224154949188,0.5458524227142334,0.4684199392795563,-0.11354620009660721,point,RRQ_p40,RRQ
0.3038753569126129,0.7243478894233704,-2.5724935426296724e-07,0.3851771354675293,0.7103343605995178,-0.04075458273291588,0.4652685523033142,0.644712507724762,-0.07255943864583969,0.5337165594100952,0.593993604183197,-0.10155647993087769,0.5876249670982361,0.5453093647956848,-0.13074524700641632,0.406179279088974,0.5276700258255005,-0.10535133630037308,0.39505520462989807,0.4121028184890747,-0.15384787321090698,0.38274314999580383,0.32555586099624634,-0.1809629499912262,0.37124982476234436,0.2518199682235718,-0.20240050554275513,0.33354929089546204,0.4832145571708679,-0.1058090478181839,0.3318012058734894,0.6136252880096436,-0.16714800894260406,0.3449392020702362,0.7074136734008789,-0.17060934007167816,0.35386139154434204,0.7514200210571289,-0.16790884733200073,0.26673129200935364,0.5038696527481079,-0.10756970942020416,0.2779296338558197,0.6666407585144043,-0.152027890086174,0.29077327251434326,0.7251437306404114,-0.13046947121620178,0.29985591769218445,0.7405431866645813,-0.11330676823854446,0.20961499214172363,0.5512904524803162,-0.11538957059383392,0.21980248391628265,0.6728110313415527,-0.14894503355026245,0.24184727668762207,0.7184078693389893,-0.14205323159694672,0.255446195602417,0.7248079180717468,-0.13250146806240082,point,RRQ_p40,RRQ
0.23013773560523987,0.7498724460601807,-4.09270853651833e-07,0.3039858043193817,0.7127057909965515,-0.05385833606123924,0.37199127674102783,0.6309031844139099,-0.09359004348516464,0.42209339141845703,0.5569950938224792,-0.12718597054481506,0.4603765308856964,0.4908243417739868,-0.16011491417884827,0.264195054769516,0.5282167792320251,-0.12164830416440964,0.19294755160808563,0.419040322303772,-0.18118493258953094,0.13391831517219543,0.34568142890930176,-0.21860869228839874,0.07800380885601044,0.28341686725616455,-0.2458375245332718,0.1929583102464676,0.5046295523643494,-0.11407533288002014,0.16378599405288696,0.6716638207435608,-0.17844659090042114,0.2057822197675705,0.7578914165496826,-0.18158625066280365,0.24092160165309906,0.7808001637458801,-0.17896007001399994,0.13943667709827423,0.5362585783004761,-0.10897418856620789,0.134537011384964,0.7308160662651062,-0.1528266966342926,0.1738588511943817,0.7797932624816895,-0.12460477650165558,0.20798401534557343,0.7810050249099731,-0.10303361713886261,0.09671153128147125,0.5842451453208923,-0.11202330887317657,0.08523935079574585,0.7167308330535889,-0.14887750148773193,0.12381450086832047,0.7651605606079102,-0.13693930208683014,0.16186153888702393,0.7697479724884033,-0.12144970148801804,point,RRQ_p40,RRQ
0.6617053747177124,0.6705541610717773,-5.773470093117794e-07,0.6127420663833618,0.6000423431396484,-0.02502201311290264,0.5827069878578186,0.5117763876914978,-0.05064493417739868,0.5558156967163086,0.44707465171813965,-0.07775655388832092,0.5278728604316711,0.3882538974285126,-0.10013628751039505,0.6947484612464905,0.39756107330322266,-0.013167982921004295,0.6231123208999634,0.349729061126709,-0.060699623078107834,0.5714675784111023,0.35063832998275757,-0.0911695808172226,0.530805230140686,0.35687577724456787,-0.1073700338602066,0.7306303381919861,0.40770718455314636,-0.021369367837905884,0.6445833444595337,0.3766723871231079,-0.06617996841669083,0.6323572397232056,0.4660314619541168,-0.07385443150997162,0.6543517708778381,0.49743205308914185,-0.06989330798387527,0.7567645311355591,0.43996885418891907,-0.036919038742780685,0.6609513163566589,0.43560922145843506,-0.07312531024217606,0.6497290134429932,0.5152940154075623,-0.05623408034443855,0.6726490259170532,0.5345317721366882,-0.037989575415849686,0.7714031338691711,0.48884817957878113,-0.05710040032863617,0.6910294890403748,0.4851874113082886,-0.07856960594654083,0.6774601340293884,0.5359044671058655,-0.06671886146068573,0.6951655149459839,0.5527013540267944,-0.05219027400016785,pinch,RRQ_p40,RRQ
0.48380112648010254,0.7311028242111206,-6.127876304162783e-07,0.41722679138183594,0.6315705180168152,-0.011356786824762821,0.3796071410179138,0.5344661474227905,-0.030628874897956848,0.33882856369018555,0.47655320167541504,-0.05380282178521156,0.2933320105075836,0.42773935198783875,-0.0739462748169899,0.5023744702339172,0.42145270109176636,-0.0051018306985497475,0.4073806405067444,0.3763415217399597,-0.04720862954854965,0.347110390663147,0.3813275396823883,-0.07910479605197906,0.3003748059272766,0.38562214374542236,-0.09908884018659592,0.534008264541626,0.43652576208114624,-0.020754816010594368,0.420794814825058,0.4096575379371643,-0.06014936789870262,0.4160922169685364,0.4912828207015991,-0.07112167030572891,0.4411233365535736,0.5229437351226807,-0.07405471801757812,0.5499186515808105,0.4765399098396301,-0.041842661798000336,0.4271498918533325,0.4732620418071747,-0.07253137975931168,0.4259854555130005,0.5500133633613586,-0.059097934514284134,0.4542562961578369,0.5700121521949768,-0.04703191667795181,0.5497246980667114,0.5327110886573792,-0.06633375585079193,0.4496278762817383,0.5290764570236206,-0.08567391335964203,0.44277411699295044,0.5780704617500305,-0.07575679570436478,0.46416810154914856,0.5954039096832275,-0.065221406519413,pinch,RRQ_p40,RRQ
0.5926902890205383,0.5610896944999695,-6.160190082482586e-07,0.5373433828353882,0.4577786326408386,-0.015495278872549534,0.5075263977050781,0.3503592312335968,-0.036860596388578415,0.4756682515144348,0.27174121141433716,-0.06314841657876968,0.44337648153305054,0.20154666900634766,-0.08604760468006134,0.622596025466919,0.257684588432312,0.004671089816838503,0.5621087551116943,0.1908635050058365,-0.04145597293972969,0.5128359794616699,0.1746397316455841,-0.07428921014070511,0.4675551652908325,0.16652722656726837,-0.09363614767789841,0.6600598096847534,0.2669060230255127,-0.009894130751490593,0.5741369128227234,0.21171380579471588,-0.05813929811120033,0.5586414933204651,0.3066275715827942,-0.07007773965597153,0.5792278051376343,0.3496893048286438,-0.06891697645187378,0.6876978874206543,0.2989170551300049,-0.03184755519032478,0.5899644494056702,0.26769110560417175,-0.07281869649887085,0.5752851366996765,0.35301652550697327,-0.05797912925481796,0.5983230471611023,0.3843950629234314,-0.03998072072863579,0.7016098499298096,0.3449900150299072,-0.057450298219919205,0.6169759035110474,0.3235050141811371,-0.08059001713991165,0.6000621914863586,0.37782180309295654,-0.06897705793380737,0.6183838248252869,0.40201056003570557,-0.05537204444408417,pinch,RRQ_p40,RRQ
0.436098575592041,0.6799211502075195,-6.538008392453776e-07,0.3591361343860626,0.5786195993423462,-0.01027680654078722,0.31460052728652954,0.47963258624076843,-0.03188873082399368,0.26988357305526733,0.41647565364837646,-0.05800561234354973,0.21648827195167542,0.3656526505947113,-0.08135760575532913,0.43916088342666626,0.3584650456905365,-0.007070843130350113,0.3403894305229187,0.3163880407810211,-0.04881124943494797,0.2752947509288788,0.32636183500289917,-0.07866670191287994,0.22270508110523224,0.338270366191864,-0.09738823771476746,0.4679921865463257,0.3719502091407776,-0.023568173870444298,0.3470432758331299,0.3427477478981018,-0.06250949203968048,0.3435865342617035,0.43169939517974854,-0.06911879032850266,0.3693051040172577,0.4634137451648712,-0.06940408796072006,0.48170652985572815,0.4089548885822296,-0.04538669437170029,0.3541537821292877,0.40410754084587097,-0.07780041545629501,0.3617015480995178,0.48450925946235657,-0.06174946576356888,0.3945061266422272,0.5070938467979431,-0.048134852200746536,0.4791044592857361,0.4610467851161957,-0.07031220942735672,0.37601956725120544,0.46146735548973083,-0.09275586158037186,0.37365761399269104,0.5153383612632751,-0.08304702490568161,0.39791518449783325,0.5355690121650696,-0.07276178896427155,pinch,RRQ_p40,RRQ
0.6890314817428589,0.558907151222229,-3.9425208342436235e-07,0.6559314727783203,0.5081576108932495,-0.01724965311586857,0.636822521686554,0.4433026611804962,-0.031642504036426544,0.6170345544815063,0.3956388831138611,-0.04737777262926102,0.5990020036697388,0.3563635051250458,-0.060521919280290604,0.7056139707565308,0.3658924102783203,-0.0019828672520816326,0.6641386151313782,0.32982805371284485,-0.03296290338039398,0.6287066340446472,0.3292052447795868,-0.05553194507956505,0.5987738370895386,0.3358478546142578,-0.06788226962089539,0.7344609498977661,0.3706967234611511,-0.006710734684020281,0.6854189038276672,0.3455699384212494,-0.0369892455637455,0.67482990026474,0.4054480791091919,-0.046327196061611176,0.6848381757736206,0.4342144727706909,-0.04567922651767731,0.7566137313842773,0.392225056886673,-0.016624685376882553,0.6997106075286865,0.3888890743255615,-0.04121946543455124,0.6892565488815308,0.44239675998687744,-0.034227412194013596,0.701075553894043,0.46060270071029663,-0.02369498647749424,0.7711936235427856,0.4263441264629364,-0.029561305418610573,0.7207176089286804,0.423482745885849,-0.04191545024514198,0.7082993388175964,0.457489550113678,-0.034467075020074844,0.7165167331695557,0.4711593985557556,-0.02507026679813862,pinch,RRQ_p40,RRQ
0.8149187564849854,0.46627819538116455,-3.774315189275512e-07,0.7787232995033264,0.40352514386177063,-0.02911359816789627,0.7596321105957031,0.3198012411594391,-0.050475507974624634,0.7519309520721436,0.2526281774044037,-0.07319296896457672,0.7421954274177551,0.19316434860229492,-0.09231594204902649,0.8193321824073792,0.21924148499965668,-0.002140345983207226,0.8117030262947083,0.1764029860496521,-0.04287753254175186,0.7881736755371094,0.16578200459480286,-0.06636641174554825,0.7627887725830078,0.1774323582649231,-0.07590356469154358,0.8638498783111572,0.22672906517982483,-0.00637823948636651,0.8462607264518738,0.18784672021865845,-0.04755789041519165,0.8159357309341431,0.26231852173805237,-0.053623881191015244,0.8151382207870483,0.29695460200309753,-0.04490869864821434,0.9034698605537415,0.25244230031967163,-0.01921072043478489,0.8721649646759033,0.24815063178539276,-0.05800420790910721,0.8443555235862732,0.3134737014770508,-0.045598577708005905,0.8475233316421509,0.3366951048374176,-0.025794504210352898,0.9381939172744751,0.293815940618515,-0.036074526607990265,0.9104891419410706,0.2856498658657074,-0.054847560822963715,0.8810522556304932,0.32655781507492065,-0.042100414633750916,0.8772884011268616,0.34283655881881714,-0.026365727186203003,pinch,RRQ_p40,RRQ
0.7210825085639954,0.7220295667648315,-5.762851742474595e-07,0.6833449602127075,0.6624956727027893,-0.03095618262887001,0.6566978693008423,0.5972943305969238,-0.05696873739361763,0.6326315999031067,0.5601426362991333,-0.08151231706142426,0.6111630201339722,0.5398913025856018,-0.10187739133834839,0.7500482797622681,0.4559608995914459,-0.029527969658374786,0.6986685395240784,0.4459860622882843,-0.07583735883235931,0.6504659652709961,0.4875371754169464,-0.10863476991653442,0.6159443855285645,0.5226103663444519,-0.12532411515712738,0.797248899936676,0.47930508852005005,-0.03356461971998215,0.733910083770752,0.49953693151474,-0.07404407858848572,0.7094209790229797,0.562593936920166,-0.08953344821929932,0.7084590792655945,0.5908857583999634,-0.09255556017160416,0.8277550935745239,0.528549075126648,-0.0431358627974987,0.7497683763504028,0.5799732208251953,-0.0691974088549614,0.7287486791610718,0.6330603361129761,-0.06258714199066162,0.7337018251419067,0.6446807384490967,-0.05328116565942764,0.8473599553108215,0.590101957321167,-0.05790850520133972,0.7799103260040283,0.6303673982620239,-0.06701074540615082,0.7590273022651672,0.6651379466056824,-0.05632968246936798,0.7627601027488708,0.6702248454093933,-0.04455030709505081,pinch,RRQ_p40,RRQ
0.5396533608436584,0.739518404006958,-5.177828370506177e-07,0.4655696749687195,0.6806027889251709,-0.024187659844756126,0.41383132338523865,0.6095758676528931,-0.049822669476270676,0.3615531325340271,0.5817237496376038,-0.07500968873500824,0.3099178075790405,0.5672839283943176,-0.09644270688295364,0.5053648352622986,0.44705015420913696,-0.03093910962343216,0.406729519367218,0.458703875541687,-0.0793425589799881,0.34897783398628235,0.4995337426662445,-0.11341877281665802,0.3081604838371277,0.5301187634468079,-0.13312096893787384,0.5402538776397705,0.46786579489707947,-0.039280787110328674,0.4317820966243744,0.5105246305465698,-0.07567540556192398,0.4464138150215149,0.5795705914497375,-0.08207017928361893,0.47661811113357544,0.5888772010803223,-0.0834202766418457,0.5628492832183838,0.5193822383880615,-0.05353618040680885,0.451540470123291,0.5878586769104004,-0.07846041023731232,0.46674346923828125,0.6403500437736511,-0.06187313050031662,0.49531617760658264,0.6326932907104492,-0.04954678565263748,0.5714706182479858,0.585632860660553,-0.07259082049131393,0.47961729764938354,0.6392707824707031,-0.08942409604787827,0.4868568181991577,0.6723954677581787,-0.07883632183074951,0.5107060670852661,0.6661491990089417,-0.06784521043300629,pinch,RRQ_p40,RRQ
0.24925541877746582,0.8530020713806152,-1.7257628215361365e-08,0.3338702321052551,0.7664401531219482,-0.009954206645488739,0.39055150747299194,0.6750704050064087,-0.03222634643316269,0.4384310245513916,0.6228470206260681,-0.06148494407534599,0.48876965045928955,0.5866801142692566,-0.08735069632530212,0.2767825126647949,0.49156680703163147,-0.011954211629927158,0.3782750070095062,0.46038785576820374,-0.06886709481477737,0.4381077289581299,0.5132132768630981,-0.10403218865394592,0.4738540053367615,0.5576288104057312,-0.12082023173570633,0.2268383800983429,0.5127193927764893,-0.033312659710645676,0.3535747230052948,0.5197858214378357,-0.09217619895935059,0.3661917448043823,0.6256282329559326,-0.11084891110658646,0.34388577938079834,0.6658780574798584,-0.1121385246515274,0.1958419382572174,0.5686015486717224,-0.05949655920267105,0.32410091161727905,0.5978659987449646,-0.11258487403392792,0.326213002204895,0.6900004148483276,-0.1091291606426239,0.2952515184879303,0.7097625732421875,-0.09406334161758423,0.17871877551078796,0.6390278339385986,-0.08738000690937042,0.28680741786956787,0.6617957353591919,-0.113954558968544,0.2932044565677643,0.7228279709815979,-0.10277670621871948,0.2672087848186493,0.7363965511322021,-0.08642148971557617,pinch,RRQ_p40,RRQ
0.17734874784946442,0.6290624141693115,-2.9001908430359435e-08,0.2611440122127533,0.5467895269393921,-0.02053692936897278,0.3181825876235962,0.4411662220954895,-0.048943329602479935,0.3612194061279297,0.36084404587745667,-0.08433149009943008,0.39056092500686646,0.289283812046051,-0.11520274728536606,0.19965173304080963,0.2679463028907776,-0.008529791608452797,0.269292414188385,0.19163374602794647,-0.06878718733787537,0.3200916051864624,0.21526966989040375,-0.10277421027421951,0.35257622599601746,0.26172518730163574,-0.11558641493320465,0.1411779373884201,0.274558424949646,-0.025642473250627518,0.2485584169626236,0.24903887510299683,-0.08706820756196976,0.2614821493625641,0.37236475944519043,-0.09858036786317825,0.2324208766222,0.40833914279937744,-0.09053319692611694,0.09758012741804123,0.30772751569747925,-0.05043564736843109,0.20816805958747864,0.3074800670146942,-0.1113714724779129,0.21726709604263306,0.41589826345443726,-0.09755878150463104,0.18279452621936798,0.43907737731933594,-0.0719987154006958,0.061903685331344604,0.3586307764053345,-0.07759019732475281,0.1561203896999359,0.3541818857192993,-0.11268854886293411,0.1748114377260208,0.4307205379009247,-0.09346895664930344,0.1498875617980957,0.4550504982471466,-0.06769571453332901,pinch,RRQ_p40,RRQ
0.5029855966567993,0.5819641947746277,3.225701306064366e-08,0.6041531562805176,0.49711674451828003,0.00518917478621006,0.6677953600883484,0.4039487838745117,-0.009286317974328995,0.726961612701416,0.35159194469451904,-0.03536112606525421,0.7785196304321289,0.31150397658348083,-0.06025344133377075,0.5568389296531677,0.2434040904045105,0.017801539972424507,0.6592596769332886,0.20036786794662476,-0.026336442679166794,0.7235860228538513,0.228736013174057,-0.059380367398262024,0.7642934322357178,0.2670513093471527,-0.07676023989915848,0.5227959752082825,0.2434961348772049,-0.00788662489503622,0.6568365693092346,0.23975133895874023,-0.05161033570766449,0.6537280678749084,0.34015142917633057,-0.06580538302659988,0.6213201880455017,0.3776351511478424,-0.06604879349470139,0.5062465071678162,0.2713410556316376,-0.03814249858260155,0.6388750076293945,0.2871166467666626,-0.07828783243894577,0.6281516551971436,0.3823622763156891,-0.06872022897005081,0.5949733853340149,0.4085594415664673,-0.051545076072216034,0.500319242477417,0.31693121790885925,-0.06960351020097733,0.6035923957824707,0.3213071823120117,-0.08799111843109131,0.6024348139762878,0.3868334889411926,-0.07098746299743652,0.5762867331504822,0.4100925028324127,-0.051977090537548065,pinch,RRQ_p40,RRQ
0.5026407241821289,0.7759549021720886,6.197621615910975e-08,0.6184989809989929,0.7016485929489136,-0.0018333080224692822,0.6824039816856384,0.6218418478965759,-0.02349747158586979,0.7413212656974792,0.574400782585144,-0.0549812950193882,0.8010518550872803,0.5470564961433411,-0.08355798572301865,0.5730258822441101,0.4416605830192566,-0.004263844341039658,0.6947318911552429,0.40899473428726196,-0.055530812591314316,0.7598935961723328,0.46223896741867065,-0.09122183918952942,0.7962203025817871,0.5133680105209351,-0.11041580140590668,0.5411849021911621,0.4524514675140381,-0.02873280830681324,0.6901474595069885,0.45868510007858276,-0.07988447695970535,0.679763913154602,0.5551316738128662,-0.09335791319608688,0.6404779553413391,0.5867990255355835,-0.09346156567335129,0.5290908217430115,0.49278488755226135,-0.057769108563661575,0.6721495985984802,0.5287256836891174,-0.09984578937292099,0.6549390554428101,0.6113644242286682,-0.08908165246248245,0.6170586943626404,0.6273268461227417,-0.07294715940952301,0.5312816500663757,0.5482705235481262,-0.08896082639694214,0.6431975364685059,0.5786980390548706,-0.10759247839450836,0.6339853405952454,0.6391515731811523,-0.09188766032457352,0.6026697754859924,0.6532650589942932,-0.07548998296260834,pinch,RRQ_p40,RRQ
0.25927087664604187,0.8403011560440063,4.91752771836218e-09,0.353042334318161,0.7655019760131836,-0.013888305053114891,0.41616952419281006,0.6810280680656433,-0.04052318260073662,0.46618175506591797,0.6331582069396973,-0.07428132742643356,0.5169313549995422,0.604253888130188,-0.10458642244338989,0.3090229332447052,0.485714852809906,-0.01832330785691738,0.408447802066803,0.4539117217063904,-0.07657584547996521,0.465237021446228,0.5116169452667236,-0.11086932569742203,0.4960028827190399,0.5634288191795349,-0.12645882368087769,0.2572730481624603,0.5005909204483032,-0.03902112692594528,0.38193440437316895,0.5178302526473999,-0.10024098306894302,0.38716617226600647,0.6264344453811646,-0.11724894493818283,0.3589777648448944,0.6622665524482727,-0.11663167178630829,0.22289013862609863,0.5505101084709167,-0.06486169993877411,0.34551867842674255,0.5898739695549011,-0.1195308119058609,0.34439757466316223,0.684825599193573,-0.1132514625787735,0.31259477138519287,0.7023819088935852,-0.09588934481143951,0.19998063147068024,0.6164581179618835,-0.09274481981992722,0.30147242546081543,0.6473233699798584,-0.12025494873523712,0.30677565932273865,0.7103745341300964,-0.10694464296102524,0.2820603847503662,0.720969021320343,-0.08867405354976654,pinch,RRQ_p40,RRQ
0.36002975702285767,0.4357331693172455,1.0042472098348298e-07,0.4130648076534271,0.3939073085784912,-0.012831776402890682,0.4545411169528961,0.33650973439216614,-0.03204577416181564,0.48823606967926025,0.29067325592041016,-0.05630671977996826,0.5137497186660767,0.24540528655052185,-0.07814516872167587,0.3995550274848938,0.20315909385681152,0.00614672526717186,0.44090917706489563,0.17665478587150574,-0.027823030948638916,0.4766862690448761,0.18781736493110657,-0.04993613809347153,0.5033572912216187,0.21261171996593475,-0.05987793952226639,0.370050847530365,0.1976936161518097,-0.004206281621009111,0.4364868402481079,0.18871939182281494,-0.037862978875637054,0.4368656575679779,0.2660626471042633,-0.044372983276844025,0.4195258617401123,0.292357861995697,-0.03961355611681938,0.3447381854057312,0.20594000816345215,-0.0202927403151989,0.4159098267555237,0.20963267982006073,-0.05543779954314232,0.4134969711303711,0.28257155418395996,-0.045820120722055435,0.39242586493492126,0.3077034056186676,-0.029268044978380203,0.32051020860671997,0.22717201709747314,-0.03834541141986847,0.38349080085754395,0.22826838493347168,-0.05818486586213112,0.38948214054107666,0.281997948884964,-0.04621708020567894,0.3726138472557068,0.3053792119026184,-0.03067750483751297,pinch,RRQ_p40,RRQ
0.2471979260444641,0.5080686807632446,-1.868684051942182e-08,0.3000851571559906,0.46469810605049133,-0.006210396531969309,0.339686781167984,0.39263948798179626,-0.01688074693083763,0.3731788098812103,0.3387565314769745,-0.03296537324786186,0.3915836215019226,0.29013341665267944,-0.04731110855937004,0.2778208255767822,0.282584547996521,0.009989944286644459,0.3114190995693207,0.23802393674850464,-0.02051815763115883,0.3462633192539215,0.24977008998394012,-0.03975044563412666,0.3725430965423584,0.269392192363739,-0.047991976141929626,0.24494938552379608,0.28164559602737427,-0.0014503828715533018,0.3014052212238312,0.257978618144989,-0.032037075608968735,0.30582940578460693,0.33404475450515747,-0.038540683686733246,0.28867214918136597,0.3569430112838745,-0.034678198397159576,0.2157561480998993,0.2944285571575165,-0.017729127779603004,0.2791169583797455,0.28799599409103394,-0.05056052654981613,0.28046914935112,0.35615774989128113,-0.0429985485970974,0.25820204615592957,0.3711591958999634,-0.029009034857153893,0.18807080388069153,0.3175729215145111,-0.034979138523340225,0.2445860356092453,0.3092844784259796,-0.05291437357664108,0.25292688608169556,0.35885751247406006,-0.04137539118528366,0.2351851463317871,0.37535786628723145,-0.027242491021752357,pinch,RRQ_p40,RRQ
0.6652997136116028,0.6768363118171692,-3.83684948701557e-07,0.6014852523803711,0.6644138097763062,-0.054888881742954254,0.5463685393333435,0.6459425687789917,-0.0969175174832344,0.5264673233032227,0.6451560258865356,-0.13010184466838837,0.5727440118789673,0.6357768774032593,-0.15483738481998444,0.5670734643936157,0.400728702545166,-0.06729987263679504,0.5151256918907166,0.5201356410980225,-0.11027335375547409,0.5352880358695984,0.5756255984306335,-0.13452138006687164,0.5597081184387207,0.5485414266586304,-0.15078461170196533,0.6296728253364563,0.3979107439517975,-0.06137798726558685,0.575616180896759,0.5457625985145569,-0.09822151064872742,0.5889779925346375,0.5930110216140747,-0.10622347891330719,0.6040277481079102,0.5542098879814148,-0.11018773168325424,0.6870294809341431,0.4312523901462555,-0.06105697900056839,0.6356772184371948,0.5742601156234741,-0.08886267244815826,0.638137698173523,0.6140861511230469,-0.07568077743053436,0.651906430721283,0.584132730960846,-0.06526181101799011,0.7364488840103149,0.4802075922489166,-0.06779345124959946,0.6932474970817566,0.5911486744880676,-0.08497381955385208,0.6842243075370789,0.6258813738822937,-0.07878929376602173,0.6904992461204529,0.6089325547218323,-0.07058572769165039,fist,RRQ_p40,RRQ
0.8012292385101318,0.4246102273464203,-4.922685548081063e-07,0.7397284507751465,0.3805510699748993,-0.05420009791851044,0.6961900591850281,0.31094011664390564,-0.0926496759057045,0.7273200154304504,0.2677936851978302,-0.12452659010887146,0.7981268167495728,0.25870320200920105,-0.1464034914970398,0.7421567440032959,0.11042864620685577,-0.047757815569639206,0.7319868803024292,0.14129868149757385,-0.10168125480413437,0.732851505279541,0.23832838237285614,-0.13202181458473206,0.7398806810379028,0.25338804721832275,-0.1503411829471588,0.8085222244262695,0.1157558485865593,-0.04714040085673332,0.8002340793609619,0.14326205849647522,-0.1004050076007843,0.7833109498023987,0.24692529439926147,-0.11004956066608429,0.7799654603004456,0.25531136989593506,-0.1086098924279213,0.8672465682029724,0.1469128131866455,-0.05549667775630951,0.8628695011138916,0.17357805371284485,-0.10200107842683792,0.8375146985054016,0.26359331607818604,-0.0840560644865036,0.8286535143852234,0.26859068870544434,-0.06406262516975403,0.9203091859817505,0.19437533617019653,-0.07047690451145172,0.9168541431427002,0.20934221148490906,-0.09828177094459534,0.8897415399551392,0.2743518650531769,-0.08448570221662521,0.8782699108123779,0.28188765048980713,-0.06805182993412018,fist,RRQ_p40,RRQ
0.5967382788658142,0.7049680948257446,-2.4297781919813133e-07,0.5227526426315308,0.6774063110351562,-0.0352424792945385,0.4621366858482361,0.6543219685554504,-0.0686805471777916,0.4404154121875763,0.6691367626190186,-0.09720716625452042,0.48479413986206055,0.698995053768158,-0.11868371069431305,0.4964810907840729,0.45548659563064575,-0.048020798712968826,0.43200021982192993,0.5701187252998352,-0.08342615514993668,0.46179378032684326,0.6087743043899536,-0.10489166527986526,0.4875248968601227,0.5807730555534363,-0.11982876807451248,0.5477014780044556,0.46358513832092285,-0.050422389060258865,0.47764432430267334,0.607800304889679,-0.0796547532081604,0.5095227956771851,0.6274802088737488,-0.08603353053331375,0.5306420922279358,0.585357129573822,-0.09022790938615799,0.5962371826171875,0.503876805305481,-0.05716361477971077,0.5303818583488464,0.6416534185409546,-0.07465596497058868,0.5514348149299622,0.6542680263519287,-0.06313924491405487,0.5691583156585693,0.6146011352539062,-0.05591867119073868,0.6373417377471924,0.559477686882019,-0.06943189352750778,0.5811260938644409,0.6665602922439575,-0.07880082726478577,0.5940556526184082,0.671430766582489,-0.07290279865264893,0.6108615398406982,0.6347650289535522,-0.06701768934726715,fist,RRQ_p40,RRQ
0.6124677062034607,0.6010267734527588,-6.385424740074086e-07,0.5597327947616577,0.5390452742576599,-0.02695079706609249,0.5176395177841187,0.45172417163848877,-0.0452207587659359,0.5183833241462708,0.37369945645332336,-0.06483260542154312,0.5708097815513611,0.35512644052505493,-0.07637236267328262,0.5874852538108826,0.31113889813423157,0.0004904724191874266,0.5341599583625793,0.29777994751930237,-0.03958510607481003,0.5338457822799683,0.3806040585041046,-0.05762111395597458,0.5575053095817566,0.3915097713470459,-0.06629731506109238,0.6359204649925232,0.3169495463371277,-0.005456526298075914,0.5783510208129883,0.320252925157547,-0.04712468758225441,0.5739155411720276,0.4231817126274109,-0.044903650879859924,0.6003129482269287,0.42497512698173523,-0.03229375556111336,0.680538535118103,0.34548258781433105,-0.020675821229815483,0.6262824535369873,0.3534846901893616,-0.06273811310529709,0.6127430200576782,0.44598591327667236,-0.042785532772541046,0.6371182799339294,0.44891446828842163,-0.01776907593011856,0.7231667637825012,0.3909522294998169,-0.039878763258457184,0.6817167401313782,0.3818359971046448,-0.06084511801600456,0.6631132960319519,0.43794360756874084,-0.04691808670759201,0.6776186227798462,0.44784021377563477,-0.029241638258099556,fist,RRQ_p40,RRQ
0.8030562400817871,0.5892088413238525,-6.075614464862156e-07,0.7607811093330383,0.5233040452003479,-0.024149687960743904,0.733796238899231,0.42167365550994873,-0.036541346460580826,0.770028829574585,0.35169509053230286,-0.05044279992580414,0.8349964618682861,0.3488460183143616,-0.05758332088589668,0.7884848713874817,0.33674362301826477,-0.00032581540290266275,0.7777327299118042,0.27918586134910583,-0.04087670147418976,0.76544588804245,0.35839685797691345,-0.05802317336201668,0.7775824666023254,0.3860257565975189,-0.06477764248847961,0.8400982618331909,0.34518682956695557,-0.005655211862176657,0.8336630463600159,0.29732847213745117,-0.0467948280274868,0.8083803057670593,0.3903343081474304,-0.0456339456140995,0.8211676478385925,0.4069153964519501,-0.03285839408636093,0.8863824605941772,0.37314125895500183,-0.0198618583381176,0.8831626772880554,0.3400339186191559,-0.061667028814554214,0.8470410108566284,0.42498335242271423,-0.04264135658740997,0.852485716342926,0.4402088522911072,-0.017198340967297554,0.9319775700569153,0.41631126403808594,-0.03736530989408493,0.9253591299057007,0.38666072487831116,-0.05814504250884056,0.8918799161911011,0.4389019012451172,-0.042685721069574356,0.890167236328125,0.4553060531616211,-0.02402893267571926,fist,RRQ_p40,RRQ
0.4422615170478821,0.5989145636558533,-4.4535300958159496e-07,0.3351621627807617,0.5765308141708374,-0.01006736233830452,0.27069494128227234,0.5338348150253296,-0.03305673226714134,0.21948865056037903,0.5263898372650146,-0.05753220245242119,0.18116667866706848,0.5510509014129639,-0.07759346812963486,0.30933481454849243,0.32504940032958984,-0.02391720935702324,0.20077641308307648,0.40741389989852905,-0.05770875886082649,0.2311849296092987,0.45589521527290344,-0.07929053157567978,0.2596798837184906,0.4424936771392822,-0.09351086616516113,0.334947794675827,0.3362870216369629,-0.03750170022249222,0.21772778034210205,0.4513138234615326,-0.06723342835903168,0.2554212510585785,0.49231067299842834,-0.07050835341215134,0.28542816638946533,0.47096264362335205,-0.07303408533334732,0.3544996976852417,0.37684011459350586,-0.05385822057723999,0.25057393312454224,0.4916849136352539,-0.07078354805707932,0.28396227955818176,0.5303829312324524,-0.054797716438770294,0.31031474471092224,0.5115011930465698,-0.046422723680734634,0.3658751845359802,0.4357303977012634,-0.07361754029989243,0.28880777955055237,0.5275583863258362,-0.08346696943044662,0.314053475856781,0.5520316362380981,-0.07553242146968842,0.34073948860168457,0.5317505598068237,-0.06926285475492477,fist,RRQ_p40,RRQ
0.40721866488456726,0.4756110906600952,-6.064153126317251e-07,0.3267027735710144,0.4113709330558777,-0.026430362835526466,0.2760871350765228,0.3333778977394104,-0.054500289261341095,0.23785993456840515,0.28263533115386963,-0.08413170278072357,0.24159476161003113,0.24774987995624542,-0.10489539057016373,0.36204472184181213,0.1360694020986557,-0.013442173600196838,0.25227734446525574,0.15450698137283325,-0.06237991526722908,0.2682932913303375,0.24383729696273804,-0.09426989406347275,0.3056565821170807,0.2494688779115677,-0.11378268897533417,0.40372735261917114,0.13744845986366272,-0.02216152660548687,0.283165842294693,0.18237292766571045,-0.06856421381235123,0.3043544888496399,0.28117987513542175,-0.07620129734277725,0.3453265130519867,0.2704954445362091,-0.074911929666996,0.4378770589828491,0.17254845798015594,-0.038115378469228745,0.32896143198013306,0.21588928997516632,-0.07668507844209671,0.33997341990470886,0.30207905173301697,-0.05670692026615143,0.3778080642223358,0.2969527840614319,-0.03676959499716759,0.4600714445114136,0.22703006863594055,-0.058923397213220596,0.38114848732948303,0.2507037818431854,-0.08120910078287125,0.37850815057754517,0.3002416491508484,-0.06927566230297089,0.40674543380737305,0.3026512861251831,-0.05415522679686546,fist,RRQ_p40,RRQ
0.3877819776535034,0.6751435399055481,-4.263329174136743e-07,0.47789910435676575,0.6605067849159241,-0.03273111209273338,0.5620580911636353,0.6032751798629761,-0.05415571853518486,0.6023625135421753,0.5329210758209229,-0.07468190789222717,0.5732839703559875,0.4734337627887726,-0.08776254206895828,0.5333189368247986,0.4031824469566345,-0.013867335394024849,0.5857347249984741,0.41722020506858826,-0.058836277574300766,0.5555873513221741,0.5011615753173828,-0.08057486265897751,0.5260492563247681,0.5097284317016602,-0.090544693171978,0.48300814628601074,0.37709495425224304,-0.019581764936447144,0.5410844087600708,0.4077417552471161,-0.06709997355937958,0.507727324962616,0.5131918787956238,-0.077097088098526,0.47836634516716003,0.5037105083465576,-0.07320394366979599,0.42895081639289856,0.3794513940811157,-0.032095760107040405,0.481538325548172,0.4173618257045746,-0.08089166134595871,0.4604228436946869,0.5134955048561096,-0.06890809535980225,0.4337090849876404,0.5033197402954102,-0.04938489943742752,0.37507766485214233,0.39791566133499146,-0.04722742363810539,0.42166346311569214,0.4280332624912262,-0.07510076463222504,0.418687641620636,0.4976505637168884,-0.060582902282476425,0.39914798736572266,0.496406614780426,-0.04168600216507912,fist,RRQ_p40,RRQ
0.3306843340396881,0.421845018863678,-4.0425445035907615e-07,0.40926840901374817,0.39406251907348633,-0.0383528396487236,0.4845273792743683,0.32818031311035156,-0.0588083378970623,0.5140035152435303,0.24481843411922455,-0.07741636782884598,0.47762683033943176,0.17629340291023254,-0.08835999667644501,0.4560889005661011,0.16870306432247162,-0.011446394957602024,0.4985651671886444,0.13864396512508392,-0.05466931313276291,0.473506361246109,0.2233959287405014,-0.07568518072366714,0.4473687410354614,0.23402859270572662,-0.08536941558122635,0.40565595030784607,0.14916302263736725,-0.011561352759599686,0.44811707735061646,0.11809533834457397,-0.05659494921565056,0.42656758427619934,0.22741104662418365,-0.06480475515127182,0.40335705876350403,0.2256433069705963,-0.06056611239910126,0.351857990026474,0.1498529613018036,-0.0197012759745121,0.38897082209587097,0.12756352126598358,-0.06545566767454147,0.3787606358528137,0.22596891224384308,-0.05017119646072388,0.3557746410369873,0.2240944355726242,-0.029755597934126854,0.2941770553588867,0.1611136496067047,-0.030923545360565186,0.33099856972694397,0.14784198999404907,-0.05556601658463478,0.3336884677410126,0.2154356688261032,-0.03870586305856705,0.3156087398529053,0.22119906544685364,-0.019831061363220215,fist,RRQ_p40,RRQ
0.6032527685165405,0.4900171756744385,-4.169191072378453e-07,0.6857864856719971,0.4713785648345947,-0.019166672602295876,0.7619258165359497,0.4210749566555023,-0.03149913623929024,0.8129642009735107,0.36516523361206055,-0.04567248001694679,0.8121453523635864,0.3010293245315552,-0.05266786739230156,0.7348451018333435,0.25095510482788086,0.005165024194866419,0.7983136773109436,0.25819870829582214,-0.03234465420246124,0.7644226551055908,0.33219921588897705,-0.05194814130663872,0.7337715029716492,0.3314090669155121,-0.061181604862213135,0.6979992985725403,0.23090091347694397,-0.0023804507218301296,0.7667755484580994,0.24669599533081055,-0.04192914068698883,0.7293426990509033,0.3338238000869751,-0.050422657281160355,0.6991270780563354,0.3247247338294983,-0.04800800234079361,0.6574865579605103,0.2238314151763916,-0.016401369124650955,0.7254582643508911,0.24398374557495117,-0.05774683877825737,0.694341242313385,0.3295045793056488,-0.04675168916583061,0.6621184945106506,0.3241467773914337,-0.029600635170936584,0.6149458885192871,0.227351114153862,-0.03201556205749512,0.6817585825920105,0.2443367838859558,-0.053926002234220505,0.6661416888237,0.30738648772239685,-0.040094610303640366,0.6359561085700989,0.3101390600204468,-0.023480478674173355,fist,RRQ_p40,RRQ
0.2276352196931839,0.6944482326507568,-4.039203815864312e-07,0.3204133212566376,0.7038373947143555,-0.03566673770546913,0.4032503664493561,0.6788583397865295,-0.06061217933893204,0.4451809525489807,0.6338021755218506,-0.08399627357721329,0.4069743752479553,0.6028172969818115,-0.1011868491768837,0.3937179148197174,0.45295026898384094,-0.03025144152343273,0.43904396891593933,0.5152864456176758,-0.07758878916501999,0.40442273020744324,0.5874934792518616,-0.10683734714984894,0.38224685192108154,0.5828245282173157,-0.1252640038728714,0.3409495949745178,0.4232671856880188,-0.03629331663250923,0.3838483393192291,0.5175974369049072,-0.08359239250421524,0.3507421612739563,0.5982217192649841,-0.09852028638124466,0.33237501978874207,0.5845004916191101,-0.10315070301294327,0.28398633003234863,0.4258963465690613,-0.04863300919532776,0.31900766491889954,0.531099259853363,-0.09025499224662781,0.29642730951309204,0.5987228155136108,-0.087071992456913,0.28239619731903076,0.5784398317337036,-0.07928606867790222,0.23071862757205963,0.44678762555122375,-0.06531424820423126,0.25804874300956726,0.5395668745040894,-0.08822811394929886,0.25103700160980225,0.5926605463027954,-0.0848761647939682,0.2437329888343811,0.5802708864212036,-0.07855232059955597,fist,RRQ_p40,RRQ
0.17776638269424438,0.45909780263900757,-4.2366178831798607e-07,0.24155861139297485,0.44911837577819824,-0.05701617896556854,0.32784944772720337,0.39568987488746643,-0.08914769440889359,0.34622275829315186,0.30947649478912354,-0.11379127204418182,0.29035407304763794,0.2631088197231293,-0.12945441901683807,0.3066330850124359,0.18935169279575348,-0.04245048761367798,0.31794241070747375,0.2102261781692505,-0.08702202141284943,0.29106348752975464,0.29738643765449524,-0.10656335949897766,0.2724733054637909,0.29698094725608826,-0.11597009748220444,0.2452946901321411,0.1586434543132782,-0.03377677872776985,0.24740421772003174,0.20419977605342865,-0.07512401789426804,0.2307123839855194,0.31317058205604553,-0.07742267847061157,0.2235945612192154,0.2905648648738861,-0.07110406458377838,0.18524813652038574,0.1602979302406311,-0.03329821303486824,0.18113522231578827,0.20939677953720093,-0.07340356707572937,0.17903295159339905,0.30050021409988403,-0.056915778666734695,0.17556042969226837,0.28323179483413696,-0.038944896310567856,0.12551970779895782,0.17555159330368042,-0.038331545889377594,0.12568263709545135,0.2238006293773651,-0.059948794543743134,0.13311156630516052,0.2889224886894226,-0.0471227690577507,0.1341533660888672,0.2826095223426819,-0.032113201916217804,fist,RRQ_p40,RRQ
0.49539926648139954,0.5364366769790649,-4.179180166374863e-07,0.5799744129180908,0.5408634543418884,-0.023967787623405457,0.6617671847343445,0.522432804107666,-0.04554475098848343,0.713899552822113,0.49049341678619385,-0.06724977493286133,0.7070953845977783,0.43844377994537354,-0.08255014568567276,0.6581223607063293,0.3082222044467926,-0.019460586830973625,0.7199932336807251,0.37037912011146545,-0.05959363654255867,0.6794776320457458,0.43927836418151855,-0.07932189851999283,0.6511536836624146,0.4266255497932434,-0.08999959379434586,0.6173422336578369,0.276152104139328,-0.02874591574072838,0.6784479022026062,0.363739013671875,-0.06704026460647583,0.6316443681716919,0.44413936138153076,-0.07317572832107544,0.6072978377342224,0.41735562682151794,-0.07191509753465652,0.5716919302940369,0.27106863260269165,-0.04299882426857948,0.627590000629425,0.3578817844390869,-0.08263742178678513,0.5876339673995972,0.43416517972946167,-0.06999476253986359,0.562761664390564,0.41140061616897583,-0.0548030287027359,0.526131808757782,0.28291088342666626,-0.05954364314675331,0.5748418569564819,0.34377604722976685,-0.08130751550197601,0.5526688694953918,0.40434765815734863,-0.06717514991760254,0.5290902853012085,0.3964892029762268,-0.051662418991327286,fist,RRQ_p40,RRQ
0.2303539216518402,0.7615063786506653,-3.660914273950766e-07,0.32635581493377686,0.7874348163604736,-0.02795672044157982,0.4036659598350525,0.7932934165000916,-0.0573447048664093,0.44892507791519165,0.7835384011268616,-0.08704527467489243,0.4163091480731964,0.7680933475494385,-0.11171003431081772,0.42940860986709595,0.5559998750686646,-0.04052494838833809,0.4523220658302307,0.6775203347206116,-0.08941293507814407,0.40699025988578796,0.7312912940979004,-0.12020538747310638,0.3906831443309784,0.7107573747634888,-0.14189592003822327,0.37206074595451355,0.5266967415809631,-0.054576534777879715,0.4006119668483734,0.6781964302062988,-0.09948636591434479,0.3587309718132019,0.7327378988265991,-0.11252206563949585,0.34614983201026917,0.7071104049682617,-0.12052642554044724,0.3097924292087555,0.5315226316452026,-0.07331332564353943,0.33319342136383057,0.6880026459693909,-0.11022395640611649,0.3040851950645447,0.7330818176269531,-0.10694205015897751,0.29511284828186035,0.7015465497970581,-0.10365354269742966,0.251132071018219,0.5568918585777283,-0.09642989188432693,0.2691192030906677,0.688029408454895,-0.11737161874771118,0.2585444748401642,0.7278942465782166,-0.11599966883659363,0.25599175691604614,0.7041003108024597,-0.11394111812114716,fist,RRQ_p40,RRQ
0.2002425193786621,0.5111950635910034,-2.0589689597727556e-07,0.2912823259830475,0.5296327471733093,-0.04539451748132706,0.3637612760066986,0.5367954969406128,-0.08844853192567825,0.40327343344688416,0.5279574990272522,-0.12901103496551514,0.37112197279930115,0.5180771946907043,-0.1637578159570694,0.38877058029174805,0.303565114736557,-0.06607113778591156,0.4151870906352997,0.4151163697242737,-0.12613463401794434,0.37829914689064026,0.47042369842529297,-0.16042332351207733,0.3618115186691284,0.44825971126556396,-0.182914599776268,0.3301583528518677,0.2661224603652954,-0.073792964220047,0.36080873012542725,0.40176278352737427,-0.12959396839141846,0.3231389820575714,0.47021448612213135,-0.14129853248596191,0.31268998980522156,0.4418937861919403,-0.14626380801200867,0.26813361048698425,0.2646620273590088,-0.087711863219738,0.2916852831840515,0.4102175831794739,-0.1329251378774643,0.2653992474079132,0.4652974009513855,-0.1252586990594864,0.2546566128730774,0.43309682607650757,-0.1177544817328453,0.2100909948348999,0.2835184335708618,-0.10773317515850067,0.22343747317790985,0.4145933985710144,-0.13359683752059937,0.21486029028892517,0.4588308036327362,-0.13219788670539856,0.2107730507850647,0.43238919973373413,-0.1295824944972992,fist,RRQ_p40,RRQ
0.6577730774879456,0.8008675575256348,6.946719963707437e-07,0.5792821049690247,0.7441868782043457,-0.04049574211239815,0.5245652198791504,0.6472967863082886,-0.06644900888204575,0.4897306561470032,0.5617190003395081,-0.08903902024030685,0.4454646110534668,0.49740108847618103,-0.11259975284337997,0.586041271686554,0.5020001530647278,-0.05027194321155548,0.5817025899887085,0.3714475631713867,-0.0870644748210907,0.5785468220710754,0.2892496585845947,-0.11514881253242493,0.578762948513031,0.21389853954315186,-0.13580839335918427,0.6417035460472107,0.4974795877933502,-0.05736005678772926,0.6517180800437927,0.34865355491638184,-0.09000479429960251,0.6604778170585632,0.25224369764328003,-0.11616840958595276,0.6683395504951477,0.1656060516834259,-0.1356501579284668,0.6913129091262817,0.5216932892799377,-0.06926251947879791,0.7072165608406067,0.3817826509475708,-0.10279442369937897,0.7171531915664673,0.2903272807598114,-0.1235167607665062,0.7248935103416443,0.2051430642604828,-0.13829433917999268,0.7381525039672852,0.5672697424888611,-0.08441854268312454,0.7614551782608032,0.4660714566707611,-0.11447380483150482,0.7758001089096069,0.39331915974617004,-0.12738387286663055,0.7864783406257629,0.32164913415908813,-0.13636243343353271,open_palm,RRQ_p40,RRQ
0.48134303092956543,0.7770837545394897,6.170164397190092e-07,0.39926213026046753,0.7320783138275146,-0.0351112075150013,0.3431091904640198,0.6334304809570312,-0.058140769600868225,0.30667608976364136,0.5501774549484253,-0.07894749939441681,0.263583242893219,0.4824858009815216,-0.1012604832649231,0.38169559836387634,0.49868953227996826,-0.05196874216198921,0.36515069007873535,0.37326937913894653,-0.09120525419712067,0.35278305411338806,0.2945447266101837,-0.1198616623878479,0.343336820602417,0.22110414505004883,-0.14076876640319824,0.42508402466773987,0.4910659193992615,-0.062067434191703796,0.41502365469932556,0.3456953167915344,-0.09816461056470871,0.40907445549964905,0.25029391050338745,-0.12545594573020935,0.4044301509857178,0.16471868753433228,-0.1455174833536148,0.46796566247940063,0.5126962065696716,-0.07634203881025314,0.46064406633377075,0.37172532081604004,-0.11175417900085449,0.4583185911178589,0.2815694510936737,-0.13355672359466553,0.4552982747554779,0.19863539934158325,-0.14903853833675385,0.5126356482505798,0.5556536316871643,-0.09350868314504623,0.5109428763389587,0.45275622606277466,-0.12651200592517853,0.5074032545089722,0.3802639842033386,-0.1426500380039215,0.502366304397583,0.3109048902988434,-0.15399235486984253,open_palm,RRQ_p40,RRQ
0.3621108829975128,0.6873045563697815,3.686341756292677e-07,0.2819092273712158,0.6437685489654541,-0.007505918852984905,0.22903285920619965,0.5582655668258667,-0.01581260934472084,0.19931650161743164,0.499226838350296,-0.027292827144265175,0.1702781319618225,0.45034241676330566,-0.04010140895843506,0.2514592111110687,0.4457351267337799,-0.011294931173324585,0.2200290709733963,0.34579646587371826,-0.035658031702041626,0.19637495279312134,0.28660449385643005,-0.054968636482954025,0.17545805871486664,0.23595236241817474,-0.06933832168579102,0.2748792767524719,0.4393830895423889,-0.028442049399018288,0.24583378434181213,0.3192760944366455,-0.05179990828037262,0.22391468286514282,0.24523718655109406,-0.071649469435215,0.20479977130889893,0.18091043829917908,-0.08611785620450974,0.3008142113685608,0.45255011320114136,-0.04839785024523735,0.27605894207954407,0.33132272958755493,-0.07059229910373688,0.2598225474357605,0.2590227723121643,-0.0860619992017746,0.24511681497097015,0.1951906383037567,-0.0975823625922203,0.32955244183540344,0.4834900200366974,-0.0697309598326683,0.3144241273403168,0.39661750197410583,-0.08908817917108536,0.29933270812034607,0.33652645349502563,-0.09870290011167526,0.2854195237159729,0.28158867359161377,-0.10634694248437881,open_palm,RRQ_p40,RRQ
0.6905619502067566,0.5197469592094421,3.3788768405429437e-07,0.6438049077987671,0.481289803981781,-0.017904464155435562,0.6132427453994751,0.4146837592124939,-0.0266172643750906,0.5926864147186279,0.36113715171813965,-0.03457719087600708,0.5687569379806519,0.32812008261680603,-0.04270561784505844,0.6517040729522705,0.32564446330070496,-0.011024110019207,0.651433527469635,0.2474956512451172,-0.024983132258057594,0.6532050967216492,0.20042310655117035,-0.03783393278717995,0.6568315029144287,0.15841364860534668,-0.047640811651945114,0.6842669248580933,0.3188501000404358,-0.014857466332614422,0.6921738386154175,0.23185287415981293,-0.02577410452067852,0.6972770094871521,0.17712344229221344,-0.03688451647758484,0.7017852663993835,0.13190844655036926,-0.04583302512764931,0.7130470275878906,0.3281254470348358,-0.021965207532048225,0.724043607711792,0.24477483332157135,-0.033366911113262177,0.7292875647544861,0.19165849685668945,-0.04256753250956535,0.7331212759017944,0.14577168226242065,-0.050131089985370636,0.7401224374771118,0.35016828775405884,-0.031191745772957802,0.7558045387268066,0.2872529625892639,-0.04172179102897644,0.7650848031044006,0.24411532282829285,-0.046758636832237244,0.771944522857666,0.20389288663864136,-0.05089285224676132,open_palm,RRQ_p40,RRQ
0.7564513087272644,0.5182825326919556,4.542723672784632e-07,0.7136154770851135,0.46336108446121216,-0.027325700968503952,0.6949890851974487,0.3792336583137512,-0.04205314442515373,0.6872184872627258,0.30957987904548645,-0.05439919978380203,0.6677824854850769,0.2568643391132355,-0.06728654354810715,0.7610150575637817,0.2866145074367523,-0.029478823766112328,0.7779338359832764,0.19216370582580566,-0.05054081231355667,0.7920759916305542,0.13406462967395782,-0.06742975860834122,0.8079737424850464,0.08553150296211243,-0.07986580580472946,0.8003677725791931,0.2911819815635681,-0.03260563313961029,0.8330453634262085,0.19140826165676117,-0.05061124265193939,0.8555670976638794,0.1285897046327591,-0.06642747670412064,0.875643253326416,0.07642064988613129,-0.07869220525026321,0.8313953876495361,0.3137153387069702,-0.03922466188669205,0.8699175119400024,0.22196334600448608,-0.05818994343280792,0.8929187059402466,0.16077974438667297,-0.0731358677148819,0.9122776389122009,0.10746918618679047,-0.08451857417821884,0.8557347059249878,0.3511867821216583,-0.048261042684316635,0.8968921899795532,0.288282185792923,-0.06584540009498596,0.9232380390167236,0.24297299981117249,-0.07542061060667038,0.9450671672821045,0.1998259723186493,-0.0826653316617012,open_palm,RRQ_p40,RRQ
0.6054680347442627,0.6871358156204224,4.637887514036265e-07,0.5476735234260559,0.644414484500885,-0.024246221408247948,0.5082510709762573,0.5747374296188354,-0.040067847818136215,0.48068004846572876,0.5148838758468628,-0.05421705171465874,0.4479815661907196,0.4692516028881073,-0.06931935995817184,0.5482062697410583,0.485940545797348,-0.03337748721241951,0.5400401949882507,0.39791399240493774,-0.05923401936888695,0.5329175591468811,0.3415525555610657,-0.07839491963386536,0.5272944569587708,0.28977513313293457,-0.09274885058403015,0.5876842737197876,0.48690351843833923,-0.04043888300657272,0.5889963507652283,0.3898010551929474,-0.06388766318559647,0.5909880995750427,0.3272443413734436,-0.08242208510637283,0.5924481749534607,0.26951831579208374,-0.0958184152841568,0.6236883997917175,0.5084746479988098,-0.0503728985786438,0.6297506093978882,0.41727888584136963,-0.07717180252075195,0.6351830363273621,0.35809653997421265,-0.093061663210392,0.6383634209632874,0.300728440284729,-0.10358954966068268,0.657081127166748,0.5449059009552002,-0.06171221658587456,0.6755456924438477,0.4859280586242676,-0.08812236785888672,0.68757563829422,0.44551387429237366,-0.09899642318487167,0.6958402991294861,0.40442922711372375,-0.10551735013723373,open_palm,RRQ_p40,RRQ
0.6807178854942322,0.5407694578170776,4.035998415474751e-07,0.6314713358879089,0.49693769216537476,-0.02540300227701664,0.6075401902198792,0.4243175685405731,-0.03963324800133705,0.6000756025314331,0.3596622943878174,-0.051945045590400696,0.5882979035377502,0.3046758770942688,-0.06392738223075867,0.6415818929672241,0.33760184049606323,-0.02479724958539009,0.6477731466293335,0.25072604417800903,-0.04705462232232094,0.654255747795105,0.19886396825313568,-0.06475616991519928,0.6630521416664124,0.15206724405288696,-0.07703853398561478,0.6745727062225342,0.33461564779281616,-0.027333537116646767,0.6816446185112,0.23707258701324463,-0.04508784040808678,0.6884903907775879,0.17691446840763092,-0.05981318652629852,0.6961947679519653,0.12441980838775635,-0.0708141103386879,0.7046017050743103,0.34836283326148987,-0.03351874276995659,0.711671769618988,0.2562839686870575,-0.049627792090177536,0.7179648280143738,0.19887641072273254,-0.059538427740335464,0.7241392135620117,0.14834356307983398,-0.06710570305585861,0.7334356307983398,0.37610551714897156,-0.042471565306186676,0.7388335466384888,0.30577149987220764,-0.0567527711391449,0.7413058280944824,0.25793689489364624,-0.06268112361431122,0.7422049641609192,0.21435388922691345,-0.06692837178707123,open_palm,RRQ_p40,RRQ
0.5257856249809265,0.6194409728050232,4.1188076238540816e-07,0.46697869896888733,0.5858783721923828,-0.020348181948065758,0.42811837792396545,0.5142816305160522,-0.0340728759765625,0.40894725918769836,0.4495113492012024,-0.04698430001735687,0.3875725567340851,0.3932863473892212,-0.060578472912311554,0.43699371814727783,0.43280309438705444,-0.030741212889552116,0.414566308259964,0.3435353934764862,-0.05666053295135498,0.40487268567085266,0.28977635502815247,-0.07560689747333527,0.3978039026260376,0.240131676197052,-0.08889544010162354,0.4620324671268463,0.4281427562236786,-0.03814918175339699,0.4393257200717926,0.32830607891082764,-0.060419321060180664,0.4287267029285431,0.2656968832015991,-0.07767120003700256,0.4206122159957886,0.209762841463089,-0.09048070758581161,0.4903428554534912,0.44006574153900146,-0.048272255808115005,0.4697199761867523,0.34571075439453125,-0.06878402084112167,0.4595664441585541,0.285942405462265,-0.0818592831492424,0.45136284828186035,0.2332754135131836,-0.09172549843788147,0.5217321515083313,0.46425968408584595,-0.06046654284000397,0.5058909058570862,0.39611437916755676,-0.07969627529382706,0.49433982372283936,0.3479551076889038,-0.08934047073125839,0.48390305042266846,0.30434948205947876,-0.09638337790966034,open_palm,RRQ_p40,RRQ
0.39068305492401123,0.7198091149330139,4.1134831008093897e-07,0.4692095220088959,0.7005141973495483,-0.03786320239305496,0.5206278562545776,0.6324018836021423,-0.06464654952287674,0.5462578535079956,0.5677922964096069,-0.08930082619190216,0.5793975591659546,0.5095787644386292,-0.11694060266017914,0.5078315734863281,0.5180925726890564,-0.07293513417243958,0.5270859003067017,0.41094449162483215,-0.11794400960206985,0.5336182117462158,0.337280809879303,-0.14890550076961517,0.5383173823356628,0.2687492370605469,-0.17168457806110382,0.4648574888706207,0.503174364566803,-0.0818735808134079,0.4835176169872284,0.3798724412918091,-0.12802302837371826,0.4959682822227478,0.2923826277256012,-0.16302438080310822,0.5085830092430115,0.21089741587638855,-0.18978352844715118,0.41986188292503357,0.5111608505249023,-0.09345443546772003,0.43216538429260254,0.39446133375167847,-0.13731271028518677,0.4463863670825958,0.31175321340560913,-0.16885729134082794,0.46128687262535095,0.23931482434272766,-0.1914813369512558,0.37435829639434814,0.5368341207504272,-0.10715659707784653,0.38261568546295166,0.4483305811882019,-0.14796550571918488,0.39502695202827454,0.3851158022880554,-0.1737787425518036,0.40925464034080505,0.32718122005462646,-0.1928638070821762,open_palm,RRQ_p40,RRQ
0.23672255873680115,0.7074432373046875,5.28952341483091e-07,0.3094990849494934,0.6601132154464722,-0.04968211054801941,0.3537769317626953,0.5740267038345337,-0.07784712314605713,0.3616604506969452,0.49313271045684814,-0.10107429325580597,0.37392592430114746,0.42204535007476807,-0.12548311054706573,0.29389485716819763,0.441726952791214,-0.06997348368167877,0.28117871284484863,0.32289740443229675,-0.11114180833101273,0.26630884408950806,0.2464427351951599,-0.13949164748191833,0.2517830431461334,0.1751505434513092,-0.15950043499469757,0.23873594403266907,0.43978679180145264,-0.07106619328260422,0.21917608380317688,0.29770565032958984,-0.11153420805931091,0.20670124888420105,0.20305907726287842,-0.1411503255367279,0.19706878066062927,0.11575156450271606,-0.1619378924369812,0.19134220480918884,0.4634823799133301,-0.07601295411586761,0.1714288890361786,0.3338357210159302,-0.11379619687795639,0.16439932584762573,0.24356648325920105,-0.13818137347698212,0.16070473194122314,0.16133645176887512,-0.15405063331127167,0.14831918478012085,0.506804883480072,-0.08467701822519302,0.1326732039451599,0.4079958200454712,-0.11835116147994995,0.12845081090927124,0.3379017114639282,-0.13608068227767944,0.12839332222938538,0.26958855986595154,-0.1475224494934082,open_palm,RRQ_p40,RRQ
0.571083664894104,0.5763620734214783,1.8618752051224874e-07,0.6440719962120056,0.5671582818031311,-0.00944514013826847,0.6974639892578125,0.5012040138244629,-0.015375637449324131,0.7303919196128845,0.44450822472572327,-0.023378266021609306,0.7639035582542419,0.405616819858551,-0.03316524252295494,0.7107874155044556,0.3920544981956482,-0.016907820478081703,0.7483028173446655,0.3012297749519348,-0.04009503871202469,0.7699395418167114,0.24516098201274872,-0.05773798003792763,0.787431538105011,0.19342903792858124,-0.07077544182538986,0.6872152090072632,0.3736475110054016,-0.029484430328011513,0.7297182083129883,0.2683548331260681,-0.052192702889442444,0.7557228207588196,0.19768863916397095,-0.06978751718997955,0.7746416926383972,0.1343766152858734,-0.08237472176551819,0.656830370426178,0.374647855758667,-0.04412034898996353,0.6950157880783081,0.2696148455142975,-0.06711997091770172,0.7187067866325378,0.20610597729682922,-0.08093371987342834,0.737113893032074,0.14740407466888428,-0.09017131477594376,0.6198877692222595,0.39088985323905945,-0.059608716517686844,0.6456981301307678,0.31418296694755554,-0.08302266895771027,0.666835367679596,0.2640224099159241,-0.09368139505386353,0.6869258284568787,0.2156142294406891,-0.10028091073036194,open_palm,RRQ_p40,RRQ
0.31941094994544983,0.5471761226654053,3.1912219355945126e-07,0.37570831179618835,0.5139132738113403,-0.03305584192276001,0.4111971855163574,0.45523467659950256,-0.05130906403064728,0.4193520247936249,0.39368778467178345,-0.06699946522712708,0.4316498935222626,0.33833420276641846,-0.0826844647526741,0.38201069831848145,0.3556303083896637,-0.03488333523273468,0.3809310495853424,0.26984208822250366,-0.06132005900144577,0.37611812353134155,0.21501097083091736,-0.08121328055858612,0.3713434338569641,0.1642262488603592,-0.0951758399605751,0.3489055931568146,0.3487572968006134,-0.0354151576757431,0.3475770652294159,0.2511340379714966,-0.06058318912982941,0.3447137475013733,0.1856624186038971,-0.08023922145366669,0.34239763021469116,0.1270287036895752,-0.09399580210447311,0.3177177906036377,0.358294814825058,-0.0396355465054512,0.3156990110874176,0.2662113606929779,-0.06293448060750961,0.31606900691986084,0.20517534017562866,-0.07723286747932434,0.31787505745887756,0.14995913207530975,-0.08643302321434021,0.28595274686813354,0.38123464584350586,-0.046837203204631805,0.2830767035484314,0.31146177649497986,-0.06770247966051102,0.28599557280540466,0.2630894184112549,-0.07795863598585129,0.29078057408332825,0.2167094498872757,-0.08418534696102142,open_palm,RRQ_p40,RRQ
0.21341846883296967,0.5862357020378113,4.3739109401030873e-07,0.2692430019378662,0.5324056148529053,-0.03973855450749397,0.2949737310409546,0.4485342800617218,-0.06131094694137573,0.29281550645828247,0.3734981119632721,-0.07923360913991928,0.2998637855052948,0.3078632652759552,-0.09755998849868774,0.22945348918437958,0.33671441674232483,-0.05093756690621376,0.20408183336257935,0.23323145508766174,-0.08375715464353561,0.1821196973323822,0.16899150609970093,-0.10649348050355911,0.1621769368648529,0.11097940802574158,-0.12237554788589478,0.18430563807487488,0.34028708934783936,-0.051707517355680466,0.15293604135513306,0.22092172503471375,-0.08360099792480469,0.13210144639015198,0.14084497094154358,-0.10658702999353409,0.11607468873262405,0.0700627863407135,-0.12230568379163742,0.14713722467422485,0.36468082666397095,-0.056142691522836685,0.11488902568817139,0.25430476665496826,-0.08585391193628311,0.09769276529550552,0.1782255619764328,-0.10480950772762299,0.08574672043323517,0.10955968499183655,-0.116883784532547,0.11565180867910385,0.4070531129837036,-0.06379906833171844,0.09117814898490906,0.32326507568359375,-0.09081908315420151,0.07885473966598511,0.26365211606025696,-0.10490197688341141,0.07070334255695343,0.20564091205596924,-0.11348611861467361,open_palm,RRQ_p40,RRQ
0.3208073079586029,0.6455660462379456,4.6520312935172115e-07,0.39363473653793335,0.6103993058204651,-0.046522218734025955,0.4403420686721802,0.5335676074028015,-0.07624252140522003,0.45803695917129517,0.4594465494155884,-0.10138387233018875,0.4794607162475586,0.3885856866836548,-0.12848803400993347,0.4043934643268585,0.4127725660800934,-0.07754380255937576,0.4040132462978363,0.29626014828681946,-0.12252884358167648,0.39796388149261475,0.22035662829875946,-0.15254081785678864,0.39147359132766724,0.14994248747825623,-0.17377561330795288,0.35568374395370483,0.4053002893924713,-0.0812954381108284,0.3493014872074127,0.2671758234500885,-0.12556487321853638,0.34564200043678284,0.1763685941696167,-0.1566634178161621,0.34353601932525635,0.09192320704460144,-0.1789671927690506,0.3089069128036499,0.42347654700279236,-0.08824165165424347,0.29807302355766296,0.2948998808860779,-0.130154550075531,0.29645657539367676,0.20789295434951782,-0.15598638355731964,0.29768943786621094,0.1278119683265686,-0.1731356382369995,0.2638463079929352,0.46025320887565613,-0.09811650961637497,0.25236353278160095,0.36524730920791626,-0.13705091178417206,0.2514408230781555,0.29911428689956665,-0.157711923122406,0.25414663553237915,0.2366265505552292,-0.17117084562778473,open_palm,RRQ_p40,RRQ
0.4122923016548157,0.6280720829963684,3.366449163877405e-07,0.48137784004211426,0.6107274293899536,-0.03235806152224541,0.5303273797035217,0.5481445789337158,-0.05163337662816048,0.5582727193832397,0.48582902550697327,-0.06869132071733475,0.5886568427085876,0.43204981088638306,-0.08707920461893082,0.5224868655204773,0.4441339075565338,-0.048084840178489685,0.542646050453186,0.351692795753479,-0.0819343701004982,0.5509172677993774,0.29084041714668274,-0.1059294268488884,0.5577240586280823,0.23369191586971283,-0.12314345687627792,0.48736104369163513,0.42903900146484375,-0.05316491052508354,0.5067451596260071,0.3230249881744385,-0.08633645623922348,0.5196090340614319,0.2492082715034485,-0.110586017370224,0.5312584638595581,0.18184682726860046,-0.1283355951309204,0.4494170546531677,0.43580740690231323,-0.06150365248322487,0.46567896008491516,0.3334598243236542,-0.09379294514656067,0.4791158139705658,0.26420485973358154,-0.11368738114833832,0.4925498962402344,0.20096802711486816,-0.12705378234386444,0.40882086753845215,0.45850828289985657,-0.07217608392238617,0.41894853115081787,0.3815244436264038,-0.10311773419380188,0.43127208948135376,0.3281562030315399,-0.11947393417358398,0.4448641240596771,0.27767735719680786,-0.13015210628509521,open_palm,RRQ_p40,RRQ
0.325053334236145,0.766486406326294,-2.309476343498318e-07,0.35454699397087097,0.6657998561859131,-0.013524128124117851,0.4153600037097931,0.5603340268135071,-0.039609771221876144,0.44727620482444763,0.4824315309524536,-0.06269661337137222,0.4540640711784363,0.4050567150115967,-0.08144200593233109,0.43450334668159485,0.5877385139465332,-0.09113427251577377,0.5581387877464294,0.6322702169418335,-0.12989167869091034,0.5295344591140747,0.6441356539726257,-0.13864055275917053,0.48522019386291504,0.635511577129364,-0.13920238614082336,0.4213254749774933,0.668053150177002,-0.10186248272657394,0.5576272010803223,0.7025602459907532,-0.13363289833068848,0.5205474495887756,0.7045828104019165,-0.12202509492635727,0.4728293716907501,0.6957964897155762,-0.11366422474384308,0.4136273264884949,0.7482687830924988,-0.11068716645240784,0.5383195281028748,0.7731134295463562,-0.13013675808906555,0.5020351409912109,0.771807074546814,-0.1017257422208786,0.459313303232193,0.7639260292053223,-0.08350538462400436,0.4093789756298065,0.8247095346450806,-0.11993546783924103,0.5111731290817261,0.8338903188705444,-0.12606610357761383,0.48169103264808655,0.826730489730835,-0.10377092659473419,0.4401393532752991,0.8185655474662781,-0.08932516723871231,thumbs_up,RRQ_p40,RRQ
0.5411819815635681,0.6367329359054565,-2.502175675545004e-07,0.568926990032196,0.5420445203781128,-0.00821634754538536,0.6312110424041748,0.44906145334243774,-0.025047624483704567,0.6778196096420288,0.37896251678466797,-0.04151000827550888,0.6952638626098633,0.30952247977256775,-0.054474253207445145,0.6751517653465271,0.4543454051017761,-0.050588104873895645,0.7767657041549683,0.5225616097450256,-0.07947339117527008,0.7532619833946228,0.5467273592948914,-0.08937450498342514,0.7183113098144531,0.5402581095695496,-0.09386759251356125,0.6683962941169739,0.5144174098968506,-0.06280567497015,0.7756533622741699,0.5789584517478943,-0.08152402192354202,0.7439947724342346,0.59581059217453,-0.07496438175439835,0.7086071372032166,0.5833457708358765,-0.07310518622398376,0.6582615375518799,0.5826683044433594,-0.07513988763093948,0.756854772567749,0.6420674920082092,-0.08964727073907852,0.7236678004264832,0.6486548185348511,-0.07275620847940445,0.6903974413871765,0.6300479769706726,-0.06433723866939545,0.6482884883880615,0.6512919068336487,-0.08790769428014755,0.730528712272644,0.6959431767463684,-0.09528923779726028,0.7005618810653687,0.6961363554000854,-0.08196361362934113,0.6654624342918396,0.6763648390769958,-0.07435397803783417,thumbs_up,RRQ_p40,RRQ
0.4502097964286804,0.46088093519210815,-4.6162358557921834e-07,0.4927174150943756,0.36960428953170776,-0.010534095577895641,0.5576028823852539,0.2649574875831604,-0.019894780591130257,0.594706118106842,0.17732800543308258,-0.02979489229619503,0.6069926619529724,0.09924183785915375,-0.03480291739106178,0.5765453577041626,0.22771711647510529,-0.02563231997191906,0.6790127158164978,0.3043266236782074,-0.05743280425667763,0.6483237743377686,0.3259199857711792,-0.07223936915397644,0.6140379309654236,0.30272620916366577,-0.08135655522346497,0.56187504529953,0.2715156078338623,-0.03674770146608353,0.6722385883331299,0.36069363355636597,-0.06147094815969467,0.6345888376235962,0.36881110072135925,-0.06184491887688637,0.6060970425605774,0.34538567066192627,-0.06421370804309845,0.548234224319458,0.32960715889930725,-0.0507139153778553,0.6507891416549683,0.4129233956336975,-0.07156790792942047,0.6130747199058533,0.41739553213119507,-0.06243593990802765,0.5873000621795654,0.3954087495803833,-0.05754220485687256,0.5382259488105774,0.3935430645942688,-0.06638513505458832,0.6197426319122314,0.4559328854084015,-0.0770627036690712,0.5886358618736267,0.455794095993042,-0.0723932608962059,0.5602153539657593,0.4328603744506836,-0.0702582523226738,thumbs_up,RRQ_p40,RRQ
0.22789384424686432,0.6630984544754028,-4.060806304551079e-07,0.27675434947013855,0.5596653819084167,-0.030974209308624268,0.28991541266441345,0.4430388808250427,-0.04405303671956062,0.2830295264720917,0.3564739227294922,-0.05432390794157982,0.27147841453552246,0.27016669511795044,-0.06207612156867981,0.22812597453594208,0.41869980096817017,-0.049206189811229706,0.33593976497650146,0.4933588206768036,-0.08842070400714874,0.32414570450782776,0.5226660966873169,-0.11337745189666748,0.28973478078842163,0.5068998336791992,-0.13218896090984344,0.19022414088249207,0.4840688109397888,-0.05258048325777054,0.32217317819595337,0.5716140270233154,-0.08260530978441238,0.2991514801979065,0.5811766386032104,-0.08993774652481079,0.2587914764881134,0.5586971640586853,-0.10063951462507248,0.1699601709842682,0.5625165104866028,-0.060204196721315384,0.2950742244720459,0.6366682052612305,-0.08810435980558395,0.2771436274051666,0.638831615447998,-0.08050044625997543,0.24317727982997894,0.614793598651886,-0.07765345275402069,0.1624617874622345,0.6394703388214111,-0.07261195778846741,0.261310875415802,0.6875171065330505,-0.09905711561441422,0.250701904296875,0.6831619143486023,-0.10202136635780334,0.21843716502189636,0.667267382144928,-0.10341665893793106,thumbs_up,RRQ_p40,RRQ
0.15332987904548645,0.6796680092811584,-3.57939967443599e-07,0.19903340935707092,0.5854037404060364,-0.04302661865949631,0.20066623389720917,0.46607884764671326,-0.06328243017196655,0.18909038603305817,0.3774029016494751,-0.07735385000705719,0.173405721783638,0.29269275069236755,-0.08845824748277664,0.12407692521810532,0.44561660289764404,-0.07424796372652054,0.23205146193504333,0.5189293622970581,-0.11932003498077393,0.23074664175510406,0.5510867238044739,-0.14538493752479553,0.19969186186790466,0.5408934354782104,-0.1644759178161621,0.08030739426612854,0.5166894793510437,-0.07193876057863235,0.21684657037258148,0.5970797538757324,-0.10687635838985443,0.2066195011138916,0.6072649955749512,-0.11238913238048553,0.16710856556892395,0.5863707065582275,-0.12143748253583908,0.05937940627336502,0.5968970060348511,-0.07411638647317886,0.18601080775260925,0.6658238172531128,-0.1046966090798378,0.17879696190357208,0.6663881540298462,-0.09250158071517944,0.14253027737140656,0.6395190954208374,-0.08690004795789719,0.051255710422992706,0.674461305141449,-0.08244889229536057,0.15313339233398438,0.7200990319252014,-0.11371436715126038,0.15482185781002045,0.7144409418106079,-0.11745565384626389,0.12505683302879333,0.6956933736801147,-0.11846623569726944,thumbs_up,RRQ_p40,RRQ
0.573483943939209,0.5496795177459717,-4.0791661604089313e-07,0.6342133283615112,0.46268951892852783,-0.002354268915951252,0.717844545841217,0.374104768037796,-0.015138954855501652,0.7673779129981995,0.29530787467956543,-0.029358994215726852,0.7865806221961975,0.21706914901733398,-0.03904608264565468,0.739217221736908,0.3416818380355835,-0.0451388955116272,0.8454003930091858,0.44381847977638245,-0.08038932085037231,0.8094202280044556,0.46652111411094666,-0.09274837374687195,0.7760269045829773,0.43765467405319214,-0.10036267340183258,0.7169987559318542,0.3858073949813843,-0.06306077539920807,0.8303337693214417,0.5035886764526367,-0.08850543200969696,0.7885081768035889,0.5107213258743286,-0.0821608453989029,0.7576816082000732,0.4814470708370209,-0.08139767497777939,0.6932303309440613,0.44624584913253784,-0.08185454457998276,0.7962697148323059,0.5571909546852112,-0.1008053794503212,0.756308913230896,0.5550439357757568,-0.08477451652288437,0.7286102771759033,0.5246853232383728,-0.07758885622024536,0.672293484210968,0.5128583908081055,-0.10142240673303604,0.7540780305862427,0.5963810682296753,-0.10943122208118439,0.7211077213287354,0.5896792411804199,-0.09979699552059174,0.6909294128417969,0.5589972734451294,-0.09584532678127289,thumbs_up,RRQ_p40,RRQ
0.4479857087135315,0.7090907692909241,-3.8499894117194344e-07,0.5112406611442566,0.6346101760864258,-0.016509143635630608,0.5983239412307739,0.5508449077606201,-0.03680095076560974,0.6451561450958252,0.4755997061729431,-0.05551161617040634,0.6616955399513245,0.3956134617328644,-0.06928816437721252,0.6011461615562439,0.5354734659194946,-0.06983289867639542,0.7057368755340576,0.6436257362365723,-0.11254981905221939,0.670478105545044,0.6607458591461182,-0.1281479001045227,0.6353310346603394,0.6292434930801392,-0.13620035350322723,0.5698270797729492,0.5918180346488953,-0.0828496664762497,0.6865982413291931,0.7143187522888184,-0.11543060094118118,0.6457828879356384,0.7129504680633545,-0.10900431126356125,0.6107175350189209,0.6812186241149902,-0.10690426081418991,0.5395199060440063,0.6595954895019531,-0.09711329638957977,0.6493902802467346,0.7691346406936646,-0.12282764166593552,0.6107127666473389,0.759323239326477,-0.10473605245351791,0.5794770121574402,0.7277068495750427,-0.0941508486866951,0.5127390027046204,0.7292529940605164,-0.11284392327070236,0.6038588285446167,0.8092595338821411,-0.12576815485954285,0.5761323571205139,0.7971330881118774,-0.1139780580997467,0.5443849563598633,0.767084002494812,-0.10741444677114487,thumbs_up,RRQ_p40,RRQ
0.2975320518016815,0.6201502680778503,-4.10479884749293e-07,0.3608967363834381,0.5199480056762695,-0.02480478584766388,0.39041805267333984,0.40827465057373047,-0.03762447461485863,0.396321564912796,0.31847432255744934,-0.049396488815546036,0.3928619623184204,0.22252917289733887,-0.05921530723571777,0.33860042691230774,0.3557896614074707,-0.04490664601325989,0.4315687119960785,0.44917967915534973,-0.0814753919839859,0.43059465289115906,0.4788084328174591,-0.10357391089200974,0.4096359610557556,0.4654586911201477,-0.12041305005550385,0.2938784956932068,0.4114570915699005,-0.05175777152180672,0.4115600883960724,0.5204272270202637,-0.08216678351163864,0.39070332050323486,0.5396465063095093,-0.09161511808633804,0.3518803119659424,0.5178263783454895,-0.10416314750909805,0.2635221481323242,0.48584848642349243,-0.06140165403485298,0.37604010105133057,0.5798220038414001,-0.09101720154285431,0.3606419861316681,0.592735767364502,-0.08611004054546356,0.3282131850719452,0.5720525979995728,-0.08522678911685944,0.24378347396850586,0.5626394748687744,-0.07461683452129364,0.3318336308002472,0.6307888031005859,-0.10048343986272812,0.3245472311973572,0.6315802335739136,-0.10217678546905518,0.29338952898979187,0.6132727265357971,-0.10305129736661911,thumbs_up,RRQ_p40,RRQ
0.7134331464767456,0.5168259143829346,-9.248456080968026e-07,0.6857611536979675,0.41534221172332764,-0.03483821824193001,0.7026205062866211,0.3039628267288208,-0.0466679222881794,0.722912073135376,0.2274278849363327,-0.05416150018572807,0.7337449789047241,0.15653826296329498,-0.05573483183979988,0.8064413666725159,0.27031704783439636,-0.027103986591100693,0.7330735921859741,0.28067830204963684,-0.06515872478485107,0.691426157951355,0.3365778923034668,-0.08534014225006104,0.6819170713424683,0.37229403853416443,-0.09417007118463516,0.8395497798919678,0.32565081119537354,-0.024615421891212463,0.7411124110221863,0.35179924964904785,-0.056004058569669724,0.6978617310523987,0.4049018323421478,-0.060525041073560715,0.7000006437301636,0.4304022789001465,-0.059639621526002884,0.8509528636932373,0.3941531479358673,-0.02885635755956173,0.7548108100891113,0.4208725690841675,-0.06258093565702438,0.7176676988601685,0.4561978876590729,-0.05518637225031853,0.7236681580543518,0.47142717242240906,-0.04464379698038101,0.8499342203140259,0.46273428201675415,-0.03703402355313301,0.7711590528488159,0.4797303378582001,-0.06111755222082138,0.7342510223388672,0.49870696663856506,-0.058039113879203796,0.7340481877326965,0.5066449642181396,-0.049998939037323,thumbs_up,RRQ_p40,RRQ
0.5591349601745605,0.6381983757019043,-6.411453910004639e-07,0.5117334723472595,0.5271419882774353,-0.03338436782360077,0.4889998137950897,0.41452738642692566,-0.05023011937737465,0.48084351420402527,0.32959693670272827,-0.061205558478832245,0.48068925738334656,0.2582706809043884,-0.06650158762931824,0.5765504837036133,0.3710463047027588,-0.051830388605594635,0.4674772322177887,0.4026843309402466,-0.08093155920505524,0.44913455843925476,0.4583342373371124,-0.08883689343929291,0.4677121341228485,0.4787643849849701,-0.09250253438949585,0.6001800298690796,0.43465733528137207,-0.052181411534547806,0.4659416079521179,0.4761554002761841,-0.07978510856628418,0.46333399415016174,0.5267428159713745,-0.07882313430309296,0.49103397130966187,0.5350447297096252,-0.07794974744319916,0.6076627969741821,0.5099886655807495,-0.056050464510917664,0.48083049058914185,0.5503840446472168,-0.08394350111484528,0.4877887964248657,0.5808089971542358,-0.07513359189033508,0.5168725848197937,0.5797349810600281,-0.06769507378339767,0.6057683229446411,0.5864161252975464,-0.06268990784883499,0.5081648826599121,0.6091047525405884,-0.08435158431529999,0.5107297897338867,0.620843768119812,-0.08270324021577835,0.5363463759422302,0.6152887344360352,-0.07822869718074799,thumbs_up,RRQ_p40,RRQ
0.43682557344436646,0.6468688249588013,-5.673664418281987e-07,0.3695470690727234,0.5497077703475952,-0.01183291431516409,0.31542354822158813,0.44277751445770264,-0.025900360196828842,0.27836742997169495,0.3585209846496582,-0.0392739474773407,0.2623218297958374,0.28173014521598816,-0.05019819736480713,0.34995347261428833,0.37143000960350037,-0.03591953590512276,0.23621708154678345,0.43352991342544556,-0.06637344509363174,0.2529115676879883,0.48161983489990234,-0.07777111232280731,0.2841235399246216,0.4772108793258667,-0.08263491839170456,0.37082505226135254,0.42537981271743774,-0.04478927701711655,0.2487189918756485,0.5000166893005371,-0.07269924879074097,0.27522358298301697,0.5287594795227051,-0.07065154612064362,0.30727651715278625,0.5171812176704407,-0.06975448131561279,0.3827999234199524,0.4929899573326111,-0.05581909790635109,0.2686307430267334,0.557999312877655,-0.08278235793113708,0.29268592596054077,0.5816847681999207,-0.07005254179239273,0.32291218638420105,0.568246066570282,-0.060404859483242035,0.38913971185684204,0.5643389225006104,-0.06769661605358124,0.2944484055042267,0.6097554564476013,-0.08735568821430206,0.31065914034843445,0.6245005130767822,-0.08251038938760757,0.3373688757419586,0.6128990054130554,-0.07659424096345901,thumbs_up,RRQ_p40,RRQ
0.3918832540512085,0.42915967106819153,-5.720189619751181e-07,0.3389594852924347,0.3497368097305298,-0.0022864944767206907,0.29114818572998047,0.2532120943069458,-0.013907548040151596,0.2553131580352783,0.17319715023040771,-0.025102026760578156,0.23783911764621735,0.10067518055438995,-0.03294987231492996,0.31187117099761963,0.16228832304477692,-0.030846934765577316,0.19960033893585205,0.20057114958763123,-0.05354613438248634,0.21006755530834198,0.25171175599098206,-0.05651857331395149,0.2391543984413147,0.255567342042923,-0.056087955832481384,0.3249182105064392,0.19625532627105713,-0.04131238907575607,0.20508676767349243,0.2592034339904785,-0.06204570084810257,0.2267790138721466,0.30086323618888855,-0.05378279834985733,0.2571167051792145,0.2967812120914459,-0.04898658022284508,0.32852351665496826,0.24942836165428162,-0.052563756704330444,0.21954357624053955,0.3135501444339752,-0.0699000358581543,0.2429000735282898,0.35106173157691956,-0.05326782539486885,0.27198082208633423,0.34314650297164917,-0.043621961027383804,0.32777139544487,0.31080010533332825,-0.06426060944795609,0.24050909280776978,0.3654141426086426,-0.07909191399812698,0.2560529410839081,0.39358580112457275,-0.07502409815788269,0.279615193605423,0.38445499539375305,-0.07090123742818832,thumbs_up,RRQ_p40,RRQ
0.7314538955688477,0.47321072220802307,-9.877908269118052e-07,0.7059831619262695,0.359887033700943,-0.02947441302239895,0.7243381142616272,0.24195319414138794,-0.03989001736044884,0.7475913763046265,0.1599784791469574,-0.047614529728889465,0.7636464834213257,0.08701300621032715,-0.049757782369852066,0.8336654901504517,0.2025619000196457,-0.016520723700523376,0.7563855648040771,0.20353221893310547,-0.057680994272232056,0.711101770401001,0.26117029786109924,-0.0826754942536354,0.6996222138404846,0.30231356620788574,-0.09383393824100494,0.8653444647789001,0.25587141513824463,-0.016892511397600174,0.7643110752105713,0.271242618560791,-0.050109006464481354,0.7182639837265015,0.3293552100658417,-0.0567905493080616,0.7173975110054016,0.3615548014640808,-0.05640995875000954,0.875105082988739,0.32440075278282166,-0.024312997236847878,0.776088535785675,0.3398163318634033,-0.05769512057304382,0.7350293397903442,0.38267701864242554,-0.049665872007608414,0.7389434576034546,0.4062630534172058,-0.03808118402957916,0.8725331425666809,0.39414501190185547,-0.03548096865415573,0.7909786105155945,0.4012034833431244,-0.057447753846645355,0.7531667947769165,0.4244454503059387,-0.05278889462351799,0.7540539503097534,0.4398118555545807,-0.04336588829755783,thumbs_up,RRQ_p40,RRQ
0.6606863737106323,0.7623275518417358,-6.418065368052339e-07,0.6324583292007446,0.6760019659996033,-0.045590098947286606,0.6286517381668091,0.5972875356674194,-0.0692511722445488,0.6273236870765686,0.5322047472000122,-0.08354028314352036,0.6321831941604614,0.4634564518928528,-0.09273870289325714,0.7162400484085083,0.5931298732757568,-0.06723795086145401,0.6035295724868774,0.6394062638282776,-0.09467776119709015,0.5820451974868774,0.662045955657959,-0.10597886145114899,0.6007549166679382,0.6638848185539246,-0.11318593472242355,0.7417184710502625,0.6668214797973633,-0.06075067073106766,0.6065667867660522,0.718411386013031,-0.0815591812133789,0.5976468324661255,0.7212228775024414,-0.08140917122364044,0.6201890110969543,0.7124391794204712,-0.08295461535453796,0.7481027245521545,0.7416014671325684,-0.05745124816894531,0.6185322999954224,0.7811477184295654,-0.08282651752233505,0.6152380108833313,0.7796590924263,-0.07283385843038559,0.6419143676757812,0.7689676284790039,-0.06524278968572617,0.7440385818481445,0.8077607154846191,-0.05915406718850136,0.6333394646644592,0.8330603837966919,-0.08767160773277283,0.606478214263916,0.8346210718154907,-0.08765250444412231,0.6093700528144836,0.8334813117980957,-0.08303678780794144,thumbs_up,RRQ_p40,RRQ
0.5534979104995728,0.755979061126709,-5.353592769097304e-07,0.4891522228717804,0.6552311778068542,-0.01453541498631239,0.43272215127944946,0.554934561252594,-0.03373579680919647,0.39583975076675415,0.477276086807251,-0.051068440079689026,0.37623661756515503,0.4001314043998718,-0.06648358702659607,0.4701499938964844,0.5003559589385986,-0.05831087380647659,0.35661745071411133,0.567433774471283,-0.08962130546569824,0.3726681172847748,0.610471785068512,-0.09684810042381287,0.40528619289398193,0.6019654870033264,-0.09917330741882324,0.4941035509109497,0.5623807907104492,-0.06769207864999771,0.3701353073120117,0.6401414275169373,-0.09720026701688766,0.39628010988235474,0.6616690158843994,-0.09149389714002609,0.43020355701446533,0.6481994390487671,-0.08886831998825073,0.5085269212722778,0.6337043642997742,-0.07787011563777924,0.39042529463768005,0.7017918825149536,-0.1051907017827034,0.4168006479740143,0.7149009108543396,-0.08933641761541367,0.4506981372833252,0.6972227096557617,-0.07889045029878616,0.5172019600868225,0.7063026428222656,-0.0886010229587555,0.41683658957481384,0.7519353032112122,-0.10904021561145782,0.43474504351615906,0.7586545944213867,-0.10191381722688675,0.4667561948299408,0.7443917989730835,-0.09499768167734146,thumbs_up,RRQ_p40,RRQ
0.7349187731742859,0.6218509078025818,6.487629207185819e-07,0.702572762966156,0.5753116607666016,-0.025542011484503746,0.6960855722427368,0.5187755823135376,-0.043601229786872864,0.7228178977966309,0.4881705641746521,-0.06224586069583893,0.7509697675704956,0.46163418889045715,-0.07968439906835556,0.7203699946403503,0.39599040150642395,-0.03136124461889267,0.7225858569145203,0.30426904559135437,-0.05553128197789192,0.7257421612739563,0.2466667741537094,-0.07058065384626389,0.7303818464279175,0.1974412351846695,-0.080052450299263,0.7583812475204468,0.4082093834877014,-0.03723001480102539,0.7898805737495422,0.3124210238456726,-0.061679527163505554,0.8106731176376343,0.24805644154548645,-0.0775270015001297,0.8293853402137756,0.1952058970928192,-0.08643978834152222,0.785563051700592,0.4439341425895691,-0.04566405713558197,0.8054301738739014,0.39646345376968384,-0.07815589010715485,0.7812842130661011,0.43603041768074036,-0.08472826331853867,0.7626922130584717,0.47158730030059814,-0.08099889010190964,0.8040574193000793,0.4912172853946686,-0.056014809757471085,0.8043118715286255,0.4688619077205658,-0.08154620975255966,0.7811794281005859,0.49151989817619324,-0.08210182189941406,0.7626056671142578,0.5137522220611572,-0.0768086165189743,peace_sign,RRQ_p40,RRQ
0.6033487319946289,0.6121921539306641,6.453614105339511e-07,0.5623639822006226,0.5780127644538879,-0.016819080337882042,0.5341659188270569,0.5239204168319702,-0.03202562779188156,0.531947672367096,0.488197386264801,-0.04933597892522812,0.5434264540672302,0.46091127395629883,-0.06600507348775864,0.5595335960388184,0.39389538764953613,-0.028634771704673767,0.5564333200454712,0.2998698353767395,-0.0519338920712471,0.553411602973938,0.24178627133369446,-0.06505152583122253,0.5537692904472351,0.19240336120128632,-0.07277500629425049,0.5998655557632446,0.4029010534286499,-0.038297511637210846,0.61252361536026,0.30347374081611633,-0.06617628782987595,0.621178150177002,0.23904848098754883,-0.08322461694478989,0.6300099492073059,0.1849242001771927,-0.09109985083341599,0.6302369236946106,0.43198665976524353,-0.049114566296339035,0.6066923141479492,0.39905378222465515,-0.08686409890651703,0.574000895023346,0.45167168974876404,-0.09448117017745972,0.5551841259002686,0.49377867579460144,-0.0891350656747818,0.6460354924201965,0.4710794687271118,-0.060483187437057495,0.6018193364143372,0.4649747610092163,-0.08900055289268494,0.569028913974762,0.4984244406223297,-0.09013950079679489,0.5516255497932434,0.5247932076454163,-0.08394428342580795,peace_sign,RRQ_p40,RRQ
0.7962943911552429,0.5455074906349182,6.504539555862721e-07,0.7640507817268372,0.4948510229587555,-0.030479200184345245,0.7607215046882629,0.4324108958244324,-0.05046267434954643,0.7978664636611938,0.393583208322525,-0.0702165812253952,0.8338961601257324,0.35965514183044434,-0.08818759024143219,0.7918316125869751,0.3019511103630066,-0.03253735974431038,0.7956783175468445,0.2040170133113861,-0.0578361451625824,0.7985186576843262,0.14176784455776215,-0.07423672080039978,0.8030340671539307,0.08794540166854858,-0.08507151901721954,0.8328072428703308,0.312158465385437,-0.03710457310080528,0.8657431602478027,0.20707204937934875,-0.06165119260549545,0.8882724046707153,0.14092984795570374,-0.07848260551691055,0.9095486402511597,0.08497381210327148,-0.08857785910367966,0.8603416681289673,0.34907054901123047,-0.04495849460363388,0.8849923014640808,0.2966897487640381,-0.07945039868354797,0.862937867641449,0.3412441611289978,-0.08637796342372894,0.845991313457489,0.3802335262298584,-0.08268466591835022,0.8782111406326294,0.39954084157943726,-0.05518392100930214,0.8878583908081055,0.3705269992351532,-0.08258946985006332,0.8648843765258789,0.3987996280193329,-0.0829719603061676,0.8448502421379089,0.4270048141479492,-0.07753251492977142,peace_sign,RRQ_p40,RRQ
0.4725472927093506,0.6295835971832275,7.268462809406628e-07,0.4152984619140625,0.6125308275222778,-0.016081346198916435,0.37042441964149475,0.565735399723053,-0.032295044511556625,0.3471088409423828,0.5320394039154053,-0.051529303193092346,0.33433154225349426,0.499265193939209,-0.06963922828435898,0.3744799494743347,0.43265849351882935,-0.032641444355249405,0.3411683142185211,0.3357108533382416,-0.060558050870895386,0.31778430938720703,0.2764328718185425,-0.07570414245128632,0.30211159586906433,0.2263040691614151,-0.08468791097402573,0.415033221244812,0.42037728428840637,-0.04399512708187103,0.3965848684310913,0.30766552686691284,-0.07830550521612167,0.38605600595474243,0.2303519994020462,-0.10004808753728867,0.3787792921066284,0.16556528210639954,-0.11051317304372787,0.45101678371429443,0.4342752993106842,-0.05600346624851227,0.39795905351638794,0.41488614678382874,-0.09699597209692001,0.3709465265274048,0.4835875630378723,-0.10421881824731827,0.3584635555744171,0.5348547697067261,-0.09803703427314758,0.4746778905391693,0.4661034643650055,-0.06868575513362885,0.41258302330970764,0.48226505517959595,-0.09916841238737106,0.38116469979286194,0.5271396636962891,-0.10120881348848343,0.3643772602081299,0.5584002733230591,-0.09532760083675385,peace_sign,RRQ_p40,RRQ
0.47512322664260864,0.49105939269065857,5.984265385450271e-07,0.4198184609413147,0.47560733556747437,-0.013830550946295261,0.38174793124198914,0.426297128200531,-0.026528066024184227,0.36184272170066833,0.38470157980918884,-0.04271095246076584,0.3466509282588959,0.35007333755493164,-0.05806611105799675,0.37918350100517273,0.3108661472797394,-0.021748945116996765,0.3390956521034241,0.22769558429718018,-0.04418254271149635,0.3175836205482483,0.1787840873003006,-0.05649527162313461,0.3029024600982666,0.13381880521774292,-0.06444108486175537,0.4153499901294708,0.2937376797199249,-0.03309916704893112,0.3931867480278015,0.18507693707942963,-0.06148448958992958,0.3797520399093628,0.11581030488014221,-0.08142409473657608,0.3708966076374054,0.05908563733100891,-0.0922403335571289,0.4479590058326721,0.30260592699050903,-0.04573659971356392,0.4007646143436432,0.26707497239112854,-0.08132349699735641,0.3753451704978943,0.32346001267433167,-0.09134639799594879,0.36339515447616577,0.3699643313884735,-0.08945698291063309,0.47003018856048584,0.32781073451042175,-0.05901976674795151,0.41788992285728455,0.32869064807891846,-0.08660387247800827,0.3871500492095947,0.3662492334842682,-0.09163036197423935,0.3692575991153717,0.3967422842979431,-0.08974172919988632,peace_sign,RRQ_p40,RRQ
0.7221189141273499,0.6398391723632812,4.7338667741314566e-07,0.741766631603241,0.5564841628074646,0.009334475733339787,0.7228045463562012,0.4785834848880768,0.005612500943243504,0.6845837235450745,0.4437538981437683,-0.0014981951098889112,0.6467557549476624,0.4386758506298065,-0.01001705415546894,0.7265462875366211,0.4246070384979248,-0.018698042258620262,0.7128443717956543,0.3205822706222534,-0.03623315691947937,0.7075369954109192,0.2556139826774597,-0.04565035551786423,0.703259289264679,0.20722833275794983,-0.04935315623879433,0.6938310861587524,0.44131842255592346,-0.029933327808976173,0.6480751633644104,0.34451693296432495,-0.0466473326086998,0.6234839558601379,0.2815115451812744,-0.05474891513586044,0.6038094758987427,0.23128104209899902,-0.05888275429606438,0.6621370911598206,0.4671311676502228,-0.03813634812831879,0.6137686967849731,0.4216387867927551,-0.0500970184803009,0.621267557144165,0.44431930780410767,-0.04588871821761131,0.6340888142585754,0.4645765423774719,-0.03855074197053909,0.6329637765884399,0.49686720967292786,-0.0454285703599453,0.6001810431480408,0.4625033140182495,-0.04717276990413666,0.6088892817497253,0.4789867699146271,-0.03613417595624924,0.6225545406341553,0.4929215610027313,-0.02530500665307045,peace_sign,RRQ_p40,RRQ
0.7344573736190796,0.7685188055038452,4.3088229517707077e-07,0.7570759057998657,0.6827791333198547,0.00904137548059225,0.7403635382652283,0.5986988544464111,0.004115273244678974,0.7061170339584351,0.5573089122772217,-0.0032726170029491186,0.6709691882133484,0.544550359249115,-0.012382733635604382,0.7427278757095337,0.5543674826622009,-0.026779575273394585,0.7256254553794861,0.4503600001335144,-0.045563701540231705,0.7184703946113586,0.38705649971961975,-0.05699782446026802,0.7133973836898804,0.33767762780189514,-0.06291308999061584,0.7080494165420532,0.5758598446846008,-0.03778678551316261,0.6612974405288696,0.4788876175880432,-0.05328856781125069,0.6325461864471436,0.4205138087272644,-0.06040937453508377,0.6092898845672607,0.3754231035709381,-0.06604582071304321,0.6740760207176208,0.604333758354187,-0.0453265979886055,0.6209361553192139,0.5323869585990906,-0.05650182068347931,0.6319652795791626,0.5532865524291992,-0.049049261957407,0.6480637788772583,0.5786757469177246,-0.041301876306533813,0.6462680697441101,0.6349903345108032,-0.0518372468650341,0.6111088395118713,0.5797423720359802,-0.05593547970056534,0.623131513595581,0.5950771570205688,-0.044288355857133865,0.6396283507347107,0.6136611104011536,-0.033377476036548615,peace_sign,RRQ_p40,RRQ
0.5466073751449585,0.668224573135376,4.870374823440216e-07,0.549584686756134,0.5713173151016235,0.025061609223484993,0.5182408690452576,0.5097792148590088,0.027630629017949104,0.47186383605003357,0.4854253828525543,0.024771541357040405,0.43830546736717224,0.4855899512767792,0.020942511036992073,0.5009538531303406,0.45521795749664307,-0.006114856339991093,0.4615491032600403,0.3600906729698181,-0.021959198638796806,0.44021838903427124,0.29742926359176636,-0.0342884436249733,0.4215628206729889,0.2521933615207672,-0.04059925675392151,0.46632346510887146,0.48277002573013306,-0.019171781837940216,0.4031950831413269,0.4011196196079254,-0.028805723413825035,0.3641020655632019,0.3512950837612152,-0.03419401869177818,0.33153045177459717,0.3200346827507019,-0.037671785801649094,0.43896037340164185,0.5198479890823364,-0.02720913477241993,0.3991915285587311,0.4745330810546875,-0.02069377899169922,0.41737619042396545,0.48629090189933777,-0.005374091677367687,0.43247899413108826,0.505712628364563,0.005846467334777117,0.42378103733062744,0.5587009191513062,-0.034478768706321716,0.41008803248405457,0.5269786715507507,-0.01846548728644848,0.42532193660736084,0.5349946022033691,0.0009704594849608839,0.43991756439208984,0.5475196838378906,0.01645059324800968,peace_sign,RRQ_p40,RRQ
0.48101240396499634,0.6994640827178955,5.421006221695279e-07,0.47069111466407776,0.5855671167373657,-0.005679352208971977,0.5097347497940063,0.5023303031921387,-0.011769257485866547,0.5660380721092224,0.4868567883968353,-0.015636133030056953,0.6026793718338013,0.504958987236023,-0.01966947317123413,0.5570192933082581,0.487807959318161,-0.039873652160167694,0.5959410071372986,0.3657075762748718,-0.05004188418388367,0.6205331087112427,0.2993839383125305,-0.053746726363897324,0.6429834365844727,0.2483222484588623,-0.055632252246141434,0.6021288633346558,0.5244619250297546,-0.037774987518787384,0.6642045378684998,0.41820624470710754,-0.043336622416973114,0.7052252888679504,0.3581693172454834,-0.04498991742730141,0.7411684393882751,0.31965571641921997,-0.04628096520900726,0.6255443096160889,0.566684901714325,-0.03200211375951767,0.6329973340034485,0.49832287430763245,-0.030543329194188118,0.6071117520332336,0.49797824025154114,-0.02341322787106037,0.5849676132202148,0.5204817056655884,-0.016911938786506653,0.6355419754981995,0.6007813811302185,-0.02704511396586895,0.6310871839523315,0.5437704920768738,-0.02343112789094448,0.6090940833091736,0.5455325841903687,-0.012797671370208263,0.5929081439971924,0.5677465200424194,-0.0031894103158265352,peace_sign,RRQ_p40,RRQ
0.5597889423370361,0.530806303024292,4.818627417080279e-07,0.5516970753669739,0.4324856102466583,0.007855189964175224,0.5818039178848267,0.3644641637802124,0.009464631788432598,0.625636875629425,0.34674838185310364,0.008937998674809933,0.6543307900428772,0.3525368869304657,0.0087110111489892,0.6259211301803589,0.32048460841178894,-0.008063200861215591,0.6559042930603027,0.21711482107639313,-0.00929570198059082,0.6747701168060303,0.16284805536270142,-0.005947033874690533,0.6929314136505127,0.12305986881256104,-0.0020536251831799746,0.6664069294929504,0.35342347621917725,-0.011687603779137135,0.7217877507209778,0.2663806974887848,-0.014004029333591461,0.7562134861946106,0.21495550870895386,-0.01529389712959528,0.7844146490097046,0.18524296581745148,-0.01439498271793127,0.6879723072052002,0.39780938625335693,-0.0120488116517663,0.686840295791626,0.3588462769985199,-0.010234922170639038,0.6620357036590576,0.36565351486206055,-0.007667054422199726,0.6434893608093262,0.38681694865226746,-0.0028834210243076086,0.6981185078620911,0.4358775317668915,-0.011779979802668095,0.6860257387161255,0.40193891525268555,-0.0053687263280153275,0.6639827489852905,0.4080643951892853,0.0038436909671872854,0.6491021513938904,0.42760875821113586,0.012887303717434406,peace_sign,RRQ_p40,RRQ
0.33448928594589233,0.6051241755485535,4.313291412927356e-07,0.33688896894454956,0.5096409916877747,0.006358536425977945,0.3716847002506256,0.4489147663116455,0.00012360310938674957,0.41792163252830505,0.4338807165622711,-0.009145570918917656,0.45240309834480286,0.4450661838054657,-0.01830761693418026,0.39257341623306274,0.4043012261390686,-0.023336201906204224,0.43807968497276306,0.31355923414230347,-0.03799409419298172,0.4629778563976288,0.25677013397216797,-0.04421946778893471,0.4823909103870392,0.2145116925239563,-0.04581773281097412,0.4248906970024109,0.4355579912662506,-0.03302401304244995,0.4900885820388794,0.35747992992401123,-0.0428435280919075,0.5296608805656433,0.30844879150390625,-0.0463782362639904,0.5608220100402832,0.2764292359352112,-0.04752713814377785,0.45057857036590576,0.4775139093399048,-0.03940415754914284,0.48719191551208496,0.45024022459983826,-0.041511621326208115,0.4679098427295685,0.45753946900367737,-0.03137838840484619,0.4463288486003876,0.4714891314506531,-0.02133721299469471,0.46706530451774597,0.520176887512207,-0.04624370485544205,0.49212172627449036,0.49203363060951233,-0.03690192103385925,0.47688353061676025,0.4959993362426758,-0.01891530677676201,0.46026861667633057,0.5088726878166199,-0.0038211944047361612,peace_sign,RRQ_p40,RRQ
0.17174646258354187,0.7638913989067078,5.868050720891915e-07,0.16595518589019775,0.6733609437942505,0.005462605506181717,0.1985524594783783,0.5964240431785583,-0.0036283216904848814,0.24605797231197357,0.5650613307952881,-0.016087103635072708,0.2854447066783905,0.5610734224319458,-0.027738314121961594,0.1968153864145279,0.5532952547073364,-0.027469277381896973,0.234635129570961,0.4547962248325348,-0.04631388932466507,0.25736936926841736,0.39685961604118347,-0.05558997392654419,0.27561497688293457,0.3527407944202423,-0.06017323210835457,0.22218799591064453,0.5823596119880676,-0.0421162024140358,0.2887956500053406,0.49144408106803894,-0.06008988618850708,0.3276587426662445,0.43919214606285095,-0.06662257015705109,0.3573795258998871,0.4007553458213806,-0.07056290656328201,0.247628852725029,0.6188789010047913,-0.05427655950188637,0.3218797445297241,0.5688718557357788,-0.06870812177658081,0.30749815702438354,0.5902809500694275,-0.05896163731813431,0.28358396887779236,0.6101130843162537,-0.04840923473238945,0.27207568287849426,0.6585841774940491,-0.06655243039131165,0.3281218111515045,0.615312397480011,-0.06932564079761505,0.31519031524658203,0.631079375743866,-0.054412249475717545,0.2935596704483032,0.6465061902999878,-0.04144211858510971,peace_sign,RRQ_p40,RRQ
0.30913713574409485,0.7073482871055603,1.00705221939279e-06,0.36873310804367065,0.686091423034668,-0.040110547095537186,0.4164080321788788,0.6458035707473755,-0.06868240982294083,0.40144914388656616,0.6318503618240356,-0.09855170547962189,0.35488757491111755,0.6305466890335083,-0.12622302770614624,0.4083046317100525,0.4855075776576996,-0.04817820340394974,0.4479624629020691,0.37472429871559143,-0.09103112667798996,0.47523021697998047,0.31091880798339844,-0.11308302730321884,0.4907302260398865,0.24773475527763367,-0.12434592843055725,0.3499221205711365,0.46960464119911194,-0.056818682700395584,0.3371768891811371,0.3472391963005066,-0.11345279216766357,0.33144763112068176,0.2686901092529297,-0.14194467663764954,0.32062095403671265,0.18758949637413025,-0.15034902095794678,0.30039674043655396,0.4910089671611786,-0.06886368989944458,0.3040631413459778,0.518372654914856,-0.13700085878372192,0.32725945115089417,0.6109554767608643,-0.14631229639053345,0.34019362926483154,0.6557268500328064,-0.13018649816513062,0.2590149939060211,0.5305018424987793,-0.08381730318069458,0.27121463418006897,0.5767599940299988,-0.12526090443134308,0.29327934980392456,0.6402930021286011,-0.12143734097480774,0.3062237799167633,0.6665061712265015,-0.10614684969186783,peace_sign,RRQ_p40,RRQ
0.5526235103607178,0.6487415432929993,8.921793437366432e-07,0.6202970147132874,0.6538308262825012,-0.03317038714885712,0.6722627878189087,0.6422472596168518,-0.063735730946064,0.7025924324989319,0.6360474228858948,-0.09717046469449997,0.6928775906562805,0.6068574786186218,-0.12524813413619995,0.7091963291168213,0.4795480966567993,-0.050854381173849106,0.7746760249137878,0.3965335190296173,-0.09132587164640427,0.8143962025642395,0.34646546840667725,-0.11201373487710953,0.8475144505500793,0.29932254552841187,-0.1229935958981514,0.662485659122467,0.4499865770339966,-0.0628441795706749,0.7074162364006042,0.34452682733535767,-0.11806321144104004,0.7429986596107483,0.2755934000015259,-0.14486998319625854,0.771162748336792,0.21611377596855164,-0.15456455945968628,0.6162797212600708,0.45491236448287964,-0.07689915597438812,0.6752957701683044,0.49208587408065796,-0.13806048035621643,0.6696984171867371,0.5792381763458252,-0.14220695197582245,0.6570976972579956,0.6267330646514893,-0.1259763240814209,0.5808122158050537,0.48746177554130554,-0.0940706878900528,0.629949688911438,0.5485106706619263,-0.13207638263702393,0.6287015676498413,0.6072718501091003,-0.13015346229076385,0.6169792413711548,0.6306408047676086,-0.1175626888871193,peace_sign,RRQ_p40,RRQ
0.2256123572587967,0.6810603141784668,9.726563803269528e-07,0.27797985076904297,0.643494188785553,-0.04505949839949608,0.3063671588897705,0.5895406007766724,-0.07380251586437225,0.2619432508945465,0.5830318927764893,-0.10184791684150696,0.2087119221687317,0.5849674940109253,-0.12921389937400818,0.2751314640045166,0.444926381111145,-0.053723737597465515,0.29515162110328674,0.33943259716033936,-0.09628832340240479,0.3083750903606415,0.2700982093811035,-0.12034649401903152,0.3129168152809143,0.20741567015647888,-0.13296176493167877,0.219426691532135,0.44627395272254944,-0.05749374255537987,0.18296489119529724,0.32966578006744385,-0.10978475213050842,0.15619051456451416,0.25395140051841736,-0.13874194025993347,0.12958133220672607,0.18273314833641052,-0.14893005788326263,0.17745281755924225,0.4805690348148346,-0.0645904690027237,0.15875005722045898,0.4908324182033539,-0.13124486804008484,0.19292835891246796,0.5690789818763733,-0.1435905396938324,0.21905826032161713,0.6108272075653076,-0.13057298958301544,0.14398786425590515,0.530068576335907,-0.07384654879570007,0.1361064612865448,0.549543559551239,-0.11866001784801483,0.16855952143669128,0.6044683456420898,-0.11587956547737122,0.19632184505462646,0.6327875256538391,-0.10075978189706802,peace_sign,RRQ_p40,RRQ
0.30251723527908325,0.8978891968727112,6.309894047262787e-07,0.31996017694473267,0.8109283447265625,0.0032600800041109324,0.3371206521987915,0.7348259687423706,-0.014598275534808636,0.36467596888542175,0.6864610314369202,-0.03579237312078476,0.40081214904785156,0.6682847142219543,-0.057607971131801605,0.3069833219051361,0.6741114258766174,-0.060399726033210754,0.3333658277988434,0.5780612230300903,-0.10326825827360153,0.3820841610431671,0.5569103956222534,-0.13030341267585754,0.42597103118896484,0.5616360902786255,-0.14535941183567047,0.301714152097702,0.7180802226066589,-0.08146148920059204,0.39805448055267334,0.6695036888122559,-0.1250676065683365,0.46250438690185547,0.6527943015098572,-0.14018091559410095,0.5073047280311584,0.6481157541275024,-0.1481103003025055,0.3112165331840515,0.7735258936882019,-0.10096485912799835,0.4139690101146698,0.7466981410980225,-0.1362895518541336,0.475995808839798,0.7349105477333069,-0.142707958817482,0.5204160809516907,0.7269275784492493,-0.14370934665203094,0.33109116554260254,0.8273722529411316,-0.11987676471471786,0.41690418124198914,0.8091239929199219,-0.1400081217288971,0.4614673852920532,0.8062978982925415,-0.1376403123140335,0.49560385942459106,0.8027074933052063,-0.1331261694431305,neutral,RRQ_p40,RRQ
0.5620596408843994,0.5316099524497986,-2.547938890984369e-07,0.5670458078384399,0.4570021629333496,0.0045846737921237946,0.5451192259788513,0.4160236120223999,0.0027506398037075996,0.5183546543121338,0.41218939423561096,-0.0022027697414159775,0.49481260776519775,0.4249725639820099,-0.007408075034618378,0.544387698173523,0.3743935227394104,0.009302330203354359,0.5205398201942444,0.39945414662361145,-0.0043962206691503525,0.5226768255233765,0.4309757649898529,-0.019624019041657448,0.534023642539978,0.455005407333374,-0.0293348990380764,0.5172799825668335,0.3765914738178253,0.0014317561872303486,0.49865126609802246,0.4153577387332916,-0.008704723790287971,0.5055792927742004,0.4490184783935547,-0.019795555621385574,0.5201836228370667,0.47197583317756653,-0.02659943699836731,0.492311954498291,0.39536112546920776,-0.007120523136109114,0.4753251373767853,0.44216904044151306,-0.01721450872719288,0.4852806329727173,0.47671130299568176,-0.0247064046561718,0.5012818574905396,0.49460339546203613,-0.028811851516366005,0.46911242604255676,0.421489953994751,-0.01568298414349556,0.4539525806903839,0.4735916256904602,-0.027165157720446587,0.4651952087879181,0.5002481341362,-0.032571230083703995,0.4800458252429962,0.5092281699180603,-0.03401700779795647,neutral,RRQ_p40,RRQ
0.403400182723999,0.5215479731559753,3.2384977544097637e-07,0.36302170157432556,0.48643213510513306,0.024331077933311462,0.3382095694541931,0.44790977239608765,0.02922724559903145,0.33729904890060425,0.41264447569847107,0.026978611946105957,0.34923768043518066,0.3819831311702728,0.022190319374203682,0.32340165972709656,0.4189895689487457,0.014852462336421013,0.31919100880622864,0.33627739548683167,0.007831362076103687,0.31728747487068176,0.2815248966217041,0.003387875622138381,0.3184182047843933,0.2403271496295929,0.0008977599791251123,0.333482950925827,0.40294402837753296,-0.004138880409300327,0.3195136487483978,0.31119033694267273,-0.010237661190330982,0.31580954790115356,0.2560727298259735,-0.012600230984389782,0.3148128390312195,0.21401278674602509,-0.013542868196964264,0.35126766562461853,0.391502320766449,-0.022222569212317467,0.33341410756111145,0.3028099834918976,-0.028175150975584984,0.3271835744380951,0.251224160194397,-0.02928260527551174,0.321186900138855,0.21115867793560028,-0.029287612065672874,0.3778665065765381,0.3813226521015167,-0.03856552764773369,0.35978052020072937,0.30871817469596863,-0.04303139075636864,0.35090208053588867,0.2685306668281555,-0.04174623265862465,0.3407946228981018,0.23240606486797333,-0.03997281193733215,neutral,RRQ_p40,RRQ
0.23154723644256592,0.8179481029510498,6.424057232834457e-07,0.2678520679473877,0.7134747505187988,0.006719687487930059,0.33011263608932495,0.6548874378204346,-0.0013599783414974809,0.3847762644290924,0.6376811861991882,-0.010820466093719006,0.4268093705177307,0.6333956718444824,-0.020336691290140152,0.3355547785758972,0.6244632601737976,-0.02812836319208145,0.40136533975601196,0.5703893303871155,-0.05114693194627762,0.4443691670894623,0.5384049415588379,-0.06408554315567017,0.4769453704357147,0.5187986493110657,-0.07263270765542984,0.3425399959087372,0.6723353266716003,-0.044190436601638794,0.429503858089447,0.6537615060806274,-0.06703998148441315,0.4906904995441437,0.6572584509849548,-0.07889710366725922,0.5417739152908325,0.6744784712791443,-0.08728040009737015,0.34384480118751526,0.7357509136199951,-0.05857260525226593,0.431135892868042,0.737777054309845,-0.08053993433713913,0.493306040763855,0.7509422302246094,-0.09157821536064148,0.5450431704521179,0.7710318565368652,-0.09914148598909378,0.341259241104126,0.8033739924430847,-0.07148009538650513,0.39791449904441833,0.8136816024780273,-0.09251609444618225,0.4415733516216278,0.8248844742774963,-0.10213529318571091,0.4845878481864929,0.8368464112281799,-0.10792391002178192,neutral,RRQ_p40,RRQ
0.23646998405456543,0.5196783542633057,3.185380705872376e-07,0.2653120160102844,0.4315474033355713,0.0026214716490358114,0.2692177891731262,0.35732799768447876,-0.0035153611097484827,0.27641966938972473,0.29873543977737427,-0.01634955406188965,0.2846667468547821,0.251149445772171,-0.02708507888019085,0.18088309466838837,0.32376182079315186,0.015502417460083961,0.21565064787864685,0.25726473331451416,-0.012693611904978752,0.25502774119377136,0.23799610137939453,-0.034248724579811096,0.28766825795173645,0.23421524465084076,-0.04522379860281944,0.16446265578269958,0.33475589752197266,0.00017380050849169493,0.20565755665302277,0.24794957041740417,-0.03113725408911705,0.2517774701118469,0.25103431940078735,-0.0442018136382103,0.28528332710266113,0.26963740587234497,-0.04495726898312569,0.16160035133361816,0.35056543350219727,-0.01828170008957386,0.23125480115413666,0.29694005846977234,-0.0469900444149971,0.25915011763572693,0.3432150185108185,-0.04359336197376251,0.2664887309074402,0.3826040029525757,-0.0314895398914814,0.17139193415641785,0.36767563223838806,-0.037859249860048294,0.23642416298389435,0.32637152075767517,-0.050821464508771896,0.2566004693508148,0.35814759135246277,-0.04266432672739029,0.25923919677734375,0.38652321696281433,-0.031139962375164032,neutral,RRQ_p40,RRQ
0.3110375702381134,0.5703591108322144,7.600667650820014e-09,0.28632214665412903,0.48616737127304077,0.009503449313342571,0.2974685728549957,0.41079628467559814,0.0036009910982102156,0.3296910226345062,0.36941608786582947,-0.004477223847061396,0.3652249276638031,0.3630868196487427,-0.012647378258407116,0.3032832145690918,0.36848217248916626,-0.024416573345661163,0.3246056139469147,0.2716211676597595,-0.03599155694246292,0.34748876094818115,0.22889435291290283,-0.03722405433654785,0.3655032217502594,0.20772993564605713,-0.03650595247745514,0.33854198455810547,0.3845031261444092,-0.03628735616803169,0.393119752407074,0.3363155424594879,-0.04818163439631462,0.39008647203445435,0.3663419187068939,-0.04047868400812149,0.373636394739151,0.3937036395072937,-0.03193517029285431,0.37285271286964417,0.4164866805076599,-0.04549499601125717,0.40960240364074707,0.3907647132873535,-0.049088384956121445,0.40234142541885376,0.4125482439994812,-0.03487745299935341,0.3880399465560913,0.4316156506538391,-0.025080468505620956,0.4019581973552704,0.4518059492111206,-0.05415341630578041,0.4232751131057739,0.43566909432411194,-0.04713347926735878,0.41409462690353394,0.4550693929195404,-0.03053128533065319,0.4015514552593231,0.4708169102668762,-0.018418818712234497,neutral,RRQ_p40,RRQ
0.33188918232917786,0.5834900736808777,-2.354936690096565e-08,0.3058461546897888,0.5100247859954834,0.005569674540311098,0.30129075050354004,0.44481632113456726,-0.00023090970353223383,0.29344794154167175,0.39351433515548706,-0.007980839349329472,0.27865344285964966,0.3599553406238556,-0.01628047227859497,0.36046817898750305,0.3947060704231262,-0.011114089749753475,0.41437193751335144,0.35571154952049255,-0.012915530242025852,0.4422917068004608,0.34080418944358826,-0.012234048917889595,0.4596512019634247,0.33333197236061096,-0.012011166661977768,0.3895835876464844,0.41826021671295166,-0.016827832907438278,0.4332810640335083,0.3968103528022766,-0.014275887981057167,0.4218934178352356,0.4171554446220398,-0.006922538857907057,0.40511593222618103,0.4319170117378235,-0.0029585850425064564,0.4120778739452362,0.4534854292869568,-0.0205855593085289,0.44038137793540955,0.4332379400730133,-0.01514437049627304,0.42778170108795166,0.45086488127708435,-0.004772477317601442,0.40901806950569153,0.4664764106273651,-0.0002825913252308965,0.4288339614868164,0.4892664849758148,-0.023811642080545425,0.438717246055603,0.4737905263900757,-0.014830438420176506,0.4270927608013153,0.4871271550655365,-0.002697958145290613,0.41085582971572876,0.4986606538295746,0.005282724276185036,neutral,RRQ_p40,RRQ
0.30213963985443115,0.5776200294494629,-2.4502224960087915e-07,0.29116132855415344,0.49241089820861816,0.016255874186754227,0.31213077902793884,0.4317243993282318,0.017360229045152664,0.3464089632034302,0.40573835372924805,0.014181355014443398,0.37546372413635254,0.4061947464942932,0.012387645430862904,0.32352542877197266,0.3762124478816986,0.008555896580219269,0.3767756223678589,0.3571969270706177,0.006986804306507111,0.38020217418670654,0.3862060010433197,0.006129059940576553,0.36669352650642395,0.4056444466114044,0.005974564701318741,0.35395342111587524,0.3984520435333252,-0.0036726389080286026,0.40125611424446106,0.3907931447029114,0.002775919856503606,0.39896664023399353,0.4180692136287689,0.005532309412956238,0.38305437564849854,0.43415260314941406,0.005047152284532785,0.3820314407348633,0.43142735958099365,-0.014425070025026798,0.4176216721534729,0.4304232597351074,-0.005219208542257547,0.4108855724334717,0.4529903829097748,0.0006668216083198786,0.39374083280563354,0.4654932916164398,0.0010770774679258466,0.40524083375930786,0.46787944436073303,-0.024580707773566246,0.4323309361934662,0.4661266505718231,-0.012892628088593483,0.42450687289237976,0.48370131850242615,-0.0032339117024093866,0.4096051752567291,0.49283021688461304,0.002066363114863634,neutral,RRQ_p40,RRQ
0.2524387538433075,0.5536167025566101,-8.310815502454716e-08,0.2901937961578369,0.480519562959671,0.015818143263459206,0.2904050648212433,0.4240097403526306,0.01878722384572029,0.29150089621543884,0.3799126446247101,0.01395827904343605,0.29561060667037964,0.34406226873397827,0.010787561535835266,0.2038283348083496,0.390095591545105,0.02112867869436741,0.23317323625087738,0.3110200762748718,0.007569885812699795,0.2664276659488678,0.30866360664367676,-0.003457431448623538,0.28320789337158203,0.3271424174308777,-0.008105717599391937,0.1998627483844757,0.3886566758155823,0.0062449416145682335,0.23929646611213684,0.29491305351257324,-0.002835588762536645,0.2749151587486267,0.31135064363479614,-0.0060121966525912285,0.28688448667526245,0.3425890803337097,-0.006136730313301086,0.2105068415403366,0.38881346583366394,-0.009607860818505287,0.25564414262771606,0.30471235513687134,-0.017561089247465134,0.28759631514549255,0.32755231857299805,-0.013983607292175293,0.29775556921958923,0.3633909523487091,-0.009052950888872147,0.23054467141628265,0.39049071073532104,-0.02515489049255848,0.27212923765182495,0.32880958914756775,-0.02547580748796463,0.29523029923439026,0.344760924577713,-0.018402041867375374,0.3044186532497406,0.3730340301990509,-0.012429103255271912,neutral,RRQ_p40,RRQ
0.19576920568943024,0.7230945229530334,6.99561439887475e-07,0.2640678882598877,0.6341779828071594,0.0022573983296751976,0.34656012058258057,0.6073315143585205,-0.007758153136819601,0.40933695435523987,0.6177437901496887,-0.01806488260626793,0.45476871728897095,0.6319660544395447,-0.02907244674861431,0.36837828159332275,0.5737868547439575,-0.03924870863556862,0.440873920917511,0.5178473591804504,-0.06308330595493317,0.48786330223083496,0.4692816138267517,-0.07539539039134979,0.52586430311203,0.4308549463748932,-0.08454078435897827,0.3635953664779663,0.6180145144462585,-0.0531923808157444,0.4649972915649414,0.6332027316093445,-0.08248850703239441,0.531096339225769,0.6530843377113342,-0.09793014824390411,0.5816636085510254,0.6841075420379639,-0.108197420835495,0.3488315939903259,0.6771539449691772,-0.06472472101449966,0.4472735524177551,0.7249165773391724,-0.09508330374956131,0.5121541023254395,0.7698197364807129,-0.11064920574426651,0.5610352754592896,0.8161816596984863,-0.11947213113307953,0.33059853315353394,0.736819326877594,-0.07426764816045761,0.3974630832672119,0.7844871878623962,-0.10223393142223358,0.4443756937980652,0.8268901109695435,-0.11452549695968628,0.4863560199737549,0.864614725112915,-0.12110807001590729,neutral,RRQ_p40,RRQ
0.21523457765579224,0.64167720079422,4.89363856104319e-08,0.2615335285663605,0.5600955486297607,0.011161967180669308,0.3234162926673889,0.49938324093818665,0.002041179919615388,0.38882821798324585,0.47243767976760864,-0.012932030484080315,0.43854185938835144,0.4564788043498993,-0.026263371109962463,0.30354464054107666,0.39568638801574707,-0.011141127906739712,0.3927256762981415,0.4071073532104492,-0.032741330564022064,0.42168378829956055,0.45446282625198364,-0.04345652088522911,0.428755521774292,0.49379244446754456,-0.047439347952604294,0.2949146330356598,0.4175870418548584,-0.028905628249049187,0.39598727226257324,0.4653070569038391,-0.04543328657746315,0.40895915031433105,0.5230927467346191,-0.047112755477428436,0.4012637138366699,0.5596142411231995,-0.0477617047727108,0.28949064016342163,0.4602033495903015,-0.04643217846751213,0.387006014585495,0.512578010559082,-0.05953255295753479,0.3903387784957886,0.5608360171318054,-0.053213365375995636,0.3791244626045227,0.5898725986480713,-0.04752761125564575,0.2874436378479004,0.5113241672515869,-0.06363175064325333,0.36568036675453186,0.5500923991203308,-0.06547651439905167,0.37538281083106995,0.5852786302566528,-0.05644691735506058,0.3728140890598297,0.6068063974380493,-0.04909535124897957,neutral,RRQ_p40,RRQ
0.4299025535583496,0.5734246373176575,-1.6873985941856517e-07,0.4604097306728363,0.5044965147972107,0.010900064371526241,0.4574548304080963,0.43763697147369385,0.01584615930914879,0.44890227913856506,0.37863385677337646,0.01855514943599701,0.4572773873806,0.3432324230670929,0.01937052235007286,0.395051509141922,0.3823259174823761,0.001617017900571227,0.3464449346065521,0.3240780830383301,0.0029551261104643345,0.31656545400619507,0.30521613359451294,0.00344787142239511,0.29606351256370544,0.29611173272132874,0.0029456629417836666,0.3625718653202057,0.40462392568588257,-0.0024270089343190193,0.3240123987197876,0.4116000235080719,0.0009379453840665519,0.3355332612991333,0.438733845949173,0.00502242473885417,0.3545393943786621,0.45140722393989563,0.0063969651237130165,0.33895859122276306,0.44117221236228943,-0.004431216046214104,0.3150893449783325,0.4517669677734375,0.001097286818549037,0.3264714181423187,0.47004276514053345,0.007424056529998779,0.3419620394706726,0.48131704330444336,0.008810855448246002,0.3205670416355133,0.47941863536834717,-0.0058776563964784145,0.3117547035217285,0.4874667227268219,-0.0004419769684318453,0.32602912187576294,0.506416380405426,0.005730964709073305,0.3420998156070709,0.5170767307281494,0.010174861177802086,neutral,RRQ_p40,RRQ
0.5407217144966125,0.5872848033905029,-4.0494217046216363e-07,0.5469171404838562,0.498961865901947,0.026229728013277054,0.5230560898780823,0.4363013505935669,0.03266922011971474,0.49092671275138855,0.4082011580467224,0.03265279158949852,0.46036702394485474,0.4149307608604431,0.03145034238696098,0.5122279524803162,0.376664936542511,0.015898456797003746,0.4509611427783966,0.34939971566200256,0.017671069130301476,0.4407033324241638,0.3796039819717407,0.01897304691374302,0.4484521448612213,0.4017198085784912,0.019162924960255623,0.48766183853149414,0.393253892660141,0.001505815307609737,0.4294166564941406,0.39996394515037537,0.009355394169688225,0.43503957986831665,0.43463167548179626,0.015400863252580166,0.45415714383125305,0.44725996255874634,0.016191614791750908,0.46435388922691345,0.42308419942855835,-0.010406959801912308,0.4187941253185272,0.4386003017425537,0.001348176272585988,0.4261648952960968,0.467862606048584,0.008733915165066719,0.4419330954551697,0.47703203558921814,0.007884345017373562,0.4432680606842041,0.4591648280620575,-0.02099371887743473,0.4131476879119873,0.47249290347099304,-0.012046570889651775,0.42125773429870605,0.49831047654151917,-0.004671553149819374,0.43405458331108093,0.5091832280158997,-0.0011635740520432591,neutral,RRQ_p40,RRQ
0.44177737832069397,0.5289684534072876,-5.0533650153283816e-08,0.487484335899353,0.49732035398483276,0.02283313311636448,0.5192152261734009,0.45237138867378235,0.02986155077815056,0.5325272679328918,0.4070257842540741,0.03158847242593765,0.5300576090812683,0.3710496425628662,0.03071841411292553,0.5332386493682861,0.43772265315055847,0.007975658401846886,0.5602569580078125,0.3484838902950287,0.00033639330649748445,0.5702850222587585,0.29160457849502563,-0.002567062620073557,0.5783909559249878,0.24679218232631683,-0.004649389069527388,0.5310655236244202,0.42759692668914795,-0.010734418407082558,0.5661037564277649,0.3224453330039978,-0.019469114020466805,0.5797628164291382,0.258444607257843,-0.023007377982139587,0.589340090751648,0.20897360146045685,-0.025500304996967316,0.5169458389282227,0.41301488876342773,-0.02784772962331772,0.5527636408805847,0.31496939063072205,-0.03620689734816551,0.5682468414306641,0.2566107213497162,-0.040605898946523666,0.5818606615066528,0.21296267211437225,-0.04423635080456734,0.49363017082214355,0.3911202847957611,-0.04254228621721268,0.516348123550415,0.3198947608470917,-0.051435790956020355,0.5338290929794312,0.2795649766921997,-0.0543941929936409,0.5520148277282715,0.2476584017276764,-0.05675568804144859,neutral,RRQ_p40,RRQ
0.6143998503684998,0.47644132375717163,-4.060130720517918e-07,0.6258949041366577,0.40195003151893616,0.007188308984041214,0.6065569519996643,0.36271587014198303,0.005709436722099781,0.5749579071998596,0.3567327857017517,0.00040429941145703197,0.5455896258354187,0.36862099170684814,-0.005835015792399645,0.6055330634117126,0.3223666250705719,0.008442185819149017,0.5812428593635559,0.3533257246017456,-0.008269193582236767,0.5759636759757996,0.3964761197566986,-0.025131236761808395,0.5849761366844177,0.4319591522216797,-0.03510301187634468,0.5740581154823303,0.3176918923854828,-0.0012624721275642514,0.5530874729156494,0.37484118342399597,-0.014042546972632408,0.5516605377197266,0.4225461781024933,-0.027433477342128754,0.5643613338470459,0.45747867226600647,-0.03559514507651329,0.5450230836868286,0.3320581614971161,-0.011419779621064663,0.5239355564117432,0.3984523117542267,-0.024140439927577972,0.5270013809204102,0.44243863224983215,-0.03509136661887169,0.5421053767204285,0.4701116681098938,-0.04124566912651062,0.5169714689254761,0.3545593023300171,-0.020970774814486504,0.4972522258758545,0.41444018483161926,-0.03391719236969948,0.5049651861190796,0.44727736711502075,-0.04082292318344116,0.5205758213996887,0.46225598454475403,-0.04319566860795021,neutral,RRQ_p40,RRQ
