x0,y0,z0,x1,y1,z1,x2,y2,z2,x3,y3,z3,x4,y4,z4,x5,y5,z5,x6,y6,z6,x7,y7,z7,x8,y8,z8,x9,y9,z9,x10,y10,z10,x11,y11,z11,x12,y12,z12,x13,y13,z13,x14,y14,z14,x15,y15,z15,x16,y16,z16,x17,y17,z17,x18,y18,z18,x19,y19,z19,x20,y20,z20,label,person_id,collector
0.32312336564064026,0.7561355829238892,-5.006825176678831e-08,0.24410401284694672,0.7339382171630859,-0.023124845698475838,0.18068678677082062,0.720994770526886,-0.04708729311823845,0.13654613494873047,0.7326558828353882,-0.07008946686983109,0.10181921720504761,0.7434258460998535,-0.09677547216415405,0.17953647673130035,0.6021686792373657,-0.07047096639871597,0.1601722091436386,0.5388661623001099,-0.11660236865282059,0.1473921537399292,0.4773266017436981,-0.14960134029388428,0.1316990703344345,0.4207187592983246,-0.1740400642156601,0.23374338448047638,0.5924694538116455,-0.0796751156449318,0.17295299470424652,0.722503125667572,-0.1346520632505417,0.14147433638572693,0.8206747770309448,-0.1523326337337494,0.12309832125902176,0.8779083490371704,-0.1597161889076233,0.2833053767681122,0.6339998245239258,-0.08985588699579239,0.22218190133571625,0.7764890789985657,-0.1391744464635849,0.19105468690395355,0.8403294086456299,-0.14020302891731262,0.17205175757408142,0.8727162480354309,-0.13332676887512207,0.3200303316116333,0.6932408213615417,-0.10121895372867584,0.2648691236972809,0.8048123121261597,-0.1429184377193451,0.2371010184288025,0.8481066226959229,-0.14590652287006378,0.21852511167526245,0.8658202886581421,-0.1392485350370407,point,RRQ_p8,RRQ
0.38565322756767273,0.6503841280937195,-2.2224074314181053e-07,0.34636950492858887,0.6311692595481873,-0.03256269171833992,0.3096344470977783,0.6086185574531555,-0.06118573993444443,0.30199098587036133,0.6030963659286499,-0.08803265541791916,0.3214118182659149,0.6050364971160889,-0.11593564599752426,0.35557061433792114,0.5028848052024841,-0.06550030410289764,0.3533114790916443,0.4537737965583801,-0.1076115295290947,0.35432323813438416,0.41046565771102905,-0.13872356712818146,0.3576732277870178,0.37077322602272034,-0.16130080819129944,0.41271284222602844,0.49715232849121094,-0.07054165005683899,0.3856578469276428,0.586243212223053,-0.12532290816307068,0.35147911310195923,0.6666164398193359,-0.13897605240345,0.3275221586227417,0.7176457643508911,-0.1401170790195465,0.45368385314941406,0.5342442989349365,-0.07788443565368652,0.41657131910324097,0.641404390335083,-0.12490499764680862,0.37961751222610474,0.7019846439361572,-0.11603972315788269,0.3526657223701477,0.7397932410240173,-0.1015138253569603,0.4809534251689911,0.5862964391708374,-0.08885882794857025,0.44564494490623474,0.6765577793121338,-0.12540529668331146,0.4109686017036438,0.7211300134658813,-0.12004224210977554,0.3874155879020691,0.7455823421478271,-0.10798648744821548,point,RRQ_p8,RRQ
0.3719043731689453,0.6113699674606323,-1.5900012328984303e-07,0.3478086590766907,0.5799148082733154,-0.02493716962635517,0.33160316944122314,0.5428124666213989,-0.044384296983480453,0.3331027030944824,0.5162203311920166,-0.062370724976062775,0.3540038764476776,0.49606287479400635,-0.079596146941185,0.3747404217720032,0.45023661851882935,-0.03498781472444534,0.382952481508255,0.40410876274108887,-0.06289631128311157,0.39114701747894287,0.3679887056350708,-0.08305197209119797,0.39998942613601685,0.3369092345237732,-0.09664958715438843,0.4128459692001343,0.4550243616104126,-0.03567790985107422,0.4015013873577118,0.488264799118042,-0.07491060346364975,0.37596046924591064,0.5388584136962891,-0.08628799766302109,0.35680389404296875,0.5732908844947815,-0.08533842116594315,0.43873435258865356,0.4831550121307373,-0.03869165480136871,0.41738831996917725,0.5362913012504578,-0.0714063048362732,0.3889096975326538,0.5739318132400513,-0.06748465448617935,0.3688318133354187,0.595451295375824,-0.05656152591109276,0.454206645488739,0.5211818814277649,-0.0444348007440567,0.43532079458236694,0.5640133023262024,-0.06673160940408707,0.4099239110946655,0.5898648500442505,-0.06372691690921783,0.3925974369049072,0.6021177172660828,-0.054815225303173065,point,RRQ_p8,RRQ
0.2595836818218231,0.4845796227455139,-2.199590483087377e-07,0.23243635892868042,0.47588902711868286,-0.017118697986006737,0.20198771357536316,0.4637402296066284,-0.032194510102272034,0.18167468905448914,0.4655550420284271,-0.04742584004998207,0.16910117864608765,0.4735647737979889,-0.06430575251579285,0.20372232794761658,0.3608585298061371,-0.034605514258146286,0.1953599900007248,0.3236728310585022,-0.056397709995508194,0.1828281581401825,0.2918842136859894,-0.07463478296995163,0.17047592997550964,0.26405051350593567,-0.08955038338899612,0.2422187477350235,0.34412696957588196,-0.04019071161746979,0.2126222401857376,0.4330119490623474,-0.07497704029083252,0.19632717967033386,0.5001623630523682,-0.08831508457660675,0.18924441933631897,0.5453463792800903,-0.09232372045516968,0.2796517610549927,0.3643263578414917,-0.0462670736014843,0.24817700684070587,0.4635997712612152,-0.07528074830770493,0.23027482628822327,0.5146082639694214,-0.07333990931510925,0.2198663204908371,0.5498737096786499,-0.0668993815779686,0.31089913845062256,0.39934688806533813,-0.05430452525615692,0.2869543135166168,0.47196030616760254,-0.07747099548578262,0.26925840973854065,0.507720947265625,-0.0753391832113266,0.2581440508365631,0.530003547668457,-0.06836406141519547,point,RRQ_p8,RRQ
0.30113717913627625,0.5781942009925842,2.992060155193599e-09,0.2675444185733795,0.5012332797050476,-0.007191031239926815,0.21584883332252502,0.4419219493865967,-0.0241205096244812,0.1642245203256607,0.4161728024482727,-0.041051749140024185,0.12929712235927582,0.3842093348503113,-0.05974622443318367,0.2808261215686798,0.4152977764606476,-0.038704901933670044,0.25692951679229736,0.3906150162220001,-0.06835439056158066,0.24126458168029785,0.35584312677383423,-0.08784586191177368,0.22843413054943085,0.3264926075935364,-0.10147462040185928,0.28279417753219604,0.46136945486068726,-0.05114085227251053,0.18207664787769318,0.43743500113487244,-0.08244572579860687,0.18022450804710388,0.4620203375816345,-0.08770682662725449,0.19845488667488098,0.4801476001739502,-0.08928125351667404,0.27391383051872253,0.5163892507553101,-0.06354163587093353,0.17283713817596436,0.496029257774353,-0.09322436898946762,0.18590959906578064,0.5124294757843018,-0.08329688757658005,0.2146134078502655,0.5218893885612488,-0.07173766195774078,0.2588166296482086,0.5707278251647949,-0.07579122483730316,0.1798529326915741,0.5450682640075684,-0.09897776693105698,0.1914081871509552,0.5507963299751282,-0.09314508736133575,0.22027219831943512,0.5546172857284546,-0.0851181149482727,point,RRQ_p8,RRQ
0.2760120928287506,0.7516473531723022,-1.2253802594841545e-07,0.23251131176948547,0.6711921691894531,-0.009395825676620007,0.18687979876995087,0.5980854630470276,-0.026687704026699066,0.1397150456905365,0.5627093315124512,-0.0432998463511467,0.10220558941364288,0.5324869751930237,-0.060769565403461456,0.2568344175815582,0.5532915592193604,-0.03930480033159256,0.23598214983940125,0.5169371366500854,-0.06700596958398819,0.21677756309509277,0.48021239042282104,-0.08450521528720856,0.1976599097251892,0.4491904377937317,-0.09872181713581085,0.26896050572395325,0.5956481695175171,-0.05090499296784401,0.1573345959186554,0.5877264142036438,-0.08155766874551773,0.15748268365859985,0.6210777759552002,-0.0844629555940628,0.17983856797218323,0.6308658719062805,-0.08621873706579208,0.2674110531806946,0.6527507305145264,-0.06307201832532883,0.16055268049240112,0.6474155187606812,-0.0936063826084137,0.1700771003961563,0.668265163898468,-0.08256043493747711,0.19687682390213013,0.6697060465812683,-0.07194407284259796,0.25856149196624756,0.7083740830421448,-0.0754961222410202,0.1727702021598816,0.6914135217666626,-0.1027747094631195,0.1764606535434723,0.6989588737487793,-0.09940329194068909,0.19932548701763153,0.6949641704559326,-0.09332644194364548,point,RRQ_p8,RRQ
0.2809547185897827,0.6142386198043823,-2.223640223064649e-07,0.2507078945636749,0.5351797342300415,-0.000838965701404959,0.22796210646629333,0.45878055691719055,-0.012808376923203468,0.200787752866745,0.40487295389175415,-0.028175892308354378,0.17457452416419983,0.36097806692123413,-0.04384869709610939,0.28416967391967773,0.4017691910266876,-0.015561043284833431,0.2663303315639496,0.331628680229187,-0.03645706549286842,0.2557359039783478,0.2809303402900696,-0.04754141345620155,0.2471601366996765,0.23939357697963715,-0.05658860504627228,0.2932960093021393,0.43138688802719116,-0.029313042759895325,0.20445767045021057,0.41031667590141296,-0.0593821257352829,0.20119518041610718,0.4502338767051697,-0.06173480302095413,0.2192743420600891,0.4661816656589508,-0.06009753793478012,0.28909340500831604,0.4717339277267456,-0.043797727674245834,0.20363681018352509,0.45622536540031433,-0.07213875651359558,0.2103446125984192,0.4891279339790344,-0.060195442289114,0.23232772946357727,0.4958112835884094,-0.04798460379242897,0.2775594890117645,0.5135761499404907,-0.058446004986763,0.20912303030490875,0.48879292607307434,-0.07822681963443756,0.21276365220546722,0.5112742185592651,-0.07006220519542694,0.23236654698848724,0.518284022808075,-0.06049629673361778,point,RRQ_p8,RRQ
0.5075974464416504,0.5607295632362366,-1.9294452613394242e-07,0.49791431427001953,0.5186435580253601,-0.005964353214949369,0.4922976493835449,0.4837568402290344,-0.015031328424811363,0.482452392578125,0.4623456597328186,-0.024071557447314262,0.4699360728263855,0.4439503848552704,-0.032531630247831345,0.5368823409080505,0.46055954694747925,-0.01735588163137436,0.5154666900634766,0.42705783247947693,-0.03490591049194336,0.501216471195221,0.40229272842407227,-0.048701103776693344,0.4895165264606476,0.3808910846710205,-0.05872150883078575,0.5480256676673889,0.47992751002311707,-0.022000504657626152,0.4977465569972992,0.4708611071109772,-0.035501878708601,0.49398064613342285,0.49090883135795593,-0.03857598081231117,0.5060330629348755,0.49974286556243896,-0.04127945378422737,0.5478333234786987,0.50746750831604,-0.02786366455256939,0.49677908420562744,0.500218391418457,-0.03728245571255684,0.4966297745704651,0.514315128326416,-0.03182779252529144,0.5086238980293274,0.5197104215621948,-0.02910175360739231,0.5418481826782227,0.535789966583252,-0.03510512411594391,0.5035139918327332,0.5268508195877075,-0.044684037566185,0.5013809204101562,0.5334482789039612,-0.042564231902360916,0.5102405548095703,0.5366570949554443,-0.04014388844370842,point,RRQ_p8,RRQ
0.4099612832069397,0.5537322163581848,-1.8262717560446617e-07,0.39718836545944214,0.5138855576515198,-0.010693980380892754,0.39861106872558594,0.47581997513771057,-0.019238542765378952,0.4035453200340271,0.45100557804107666,-0.027986478060483932,0.4079457223415375,0.43320444226264954,-0.036767493933439255,0.44911351799964905,0.43937382102012634,-0.016317961737513542,0.4677145779132843,0.4075496792793274,-0.032757531851530075,0.48273712396621704,0.38445428013801575,-0.04509991407394409,0.4971266984939575,0.36493635177612305,-0.05462327599525452,0.472831666469574,0.4593794047832489,-0.019302846863865852,0.4353509247303009,0.45410487055778503,-0.04097983241081238,0.4110100269317627,0.47987455129623413,-0.045467205345630646,0.40338486433029175,0.4981379210948944,-0.04454266279935837,0.48168590664863586,0.4894676208496094,-0.02373497560620308,0.43680861592292786,0.4916849136352539,-0.03985951095819473,0.41996175050735474,0.5115925669670105,-0.03258880227804184,0.41854995489120483,0.5230727195739746,-0.024363430216908455,0.4825933575630188,0.5216085314750671,-0.030088679865002632,0.4461253881454468,0.5187491178512573,-0.04015903174877167,0.4326412081718445,0.5306822657585144,-0.03473178297281265,0.43332725763320923,0.5381692051887512,-0.027616310864686966,point,RRQ_p8,RRQ
0.4348764717578888,0.5255964994430542,-3.0251666771619057e-07,0.41032296419143677,0.4733080267906189,-0.0057523055002093315,0.4025787115097046,0.4178931713104248,-0.01165459118783474,0.4018361568450928,0.3784773051738739,-0.0198484156280756,0.3928491175174713,0.3466062545776367,-0.028289001435041428,0.4485103189945221,0.36889466643333435,-0.006620652507990599,0.44958385825157166,0.3156094253063202,-0.02323315478861332,0.448662132024765,0.2775147259235382,-0.03587508201599121,0.4467372000217438,0.24499957263469696,-0.0449526347219944,0.4727017879486084,0.38114577531814575,-0.013616816140711308,0.43508782982826233,0.37459930777549744,-0.03905810788273811,0.4180339276790619,0.4126230776309967,-0.04569368064403534,0.41492462158203125,0.44196516275405884,-0.045260194689035416,0.48723411560058594,0.40470609068870544,-0.02226422354578972,0.44787025451660156,0.4022374451160431,-0.042584966868162155,0.43318772315979004,0.43501028418540955,-0.03596090152859688,0.4309256076812744,0.4600328803062439,-0.02710331417620182,0.4958373010158539,0.4352738857269287,-0.032438598573207855,0.46259167790412903,0.4308798909187317,-0.04417836666107178,0.4455142021179199,0.45207205414772034,-0.038229070603847504,0.4424673318862915,0.47009536623954773,-0.03045547567307949,point,RRQ_p8,RRQ
0.3695126175880432,0.70993572473526,-3.559144374776224e-07,0.33551108837127686,0.6541081666946411,-0.016775697469711304,0.3083532750606537,0.6022209525108337,-0.033400289714336395,0.2801728844642639,0.5795860290527344,-0.049451008439064026,0.2488645613193512,0.5739824771881104,-0.06453177332878113,0.374914288520813,0.5331794023513794,-0.03299589827656746,0.35543838143348694,0.5117828845977783,-0.06052152067422867,0.32818934321403503,0.5001575946807861,-0.07824236154556274,0.3029917776584625,0.4943859875202179,-0.0897795706987381,0.40098243951797485,0.5615009665489197,-0.03992145135998726,0.3067106306552887,0.5991637110710144,-0.06642760336399078,0.2952718734741211,0.6428306698799133,-0.07038736343383789,0.30805471539497375,0.6586083769798279,-0.07077188044786453,0.410558819770813,0.6153006553649902,-0.049346212297677994,0.3171343207359314,0.6569428443908691,-0.0706414207816124,0.31874725222587585,0.6802085638046265,-0.06152627617120743,0.33582594990730286,0.6821642518043518,-0.05330833047628403,0.4113258123397827,0.6727869510650635,-0.06123838201165199,0.3363501727581024,0.694673478603363,-0.08073863387107849,0.33281779289245605,0.7034592032432556,-0.07635051757097244,0.34666791558265686,0.6993700265884399,-0.06908177584409714,point,RRQ_p8,RRQ
0.16270770132541656,0.606532096862793,7.876512597704277e-08,0.19609028100967407,0.5779716968536377,-0.02516387403011322,0.22368742525577545,0.5452916026115417,-0.049691617488861084,0.23011311888694763,0.525310754776001,-0.07475795596837997,0.2166847139596939,0.5109432935714722,-0.0984361469745636,0.19559776782989502,0.415341317653656,-0.041775498539209366,0.1874948889017105,0.33718207478523254,-0.07221991568803787,0.18291379511356354,0.28226643800735474,-0.0906989723443985,0.1772928386926651,0.2384667694568634,-0.10343050956726074,0.15304316580295563,0.4191286861896515,-0.046378135681152344,0.17192228138446808,0.44488710165023804,-0.08590888231992722,0.18632985651493073,0.5037938952445984,-0.09350280463695526,0.19127783179283142,0.5282546281814575,-0.09183648228645325,0.11950770020484924,0.44477611780166626,-0.05330948904156685,0.14388138055801392,0.49480268359184265,-0.08424516022205353,0.15852048993110657,0.5359272956848145,-0.07499144226312637,0.16227588057518005,0.54416823387146,-0.06330464035272598,0.09309441596269608,0.48016756772994995,-0.06383485347032547,0.1125180572271347,0.5218722224235535,-0.08197423815727234,0.1298193633556366,0.5507417321205139,-0.07403803616762161,0.13610246777534485,0.5510943531990051,-0.06369099020957947,point,RRQ_p8,RRQ
0.27375927567481995,0.6769402027130127,1.5428445010456926e-07,0.3306955099105835,0.6790255308151245,-0.0024689065758138895,0.37892580032348633,0.6829013228416443,-0.0175447016954422,0.41025617718696594,0.7122005820274353,-0.03598470613360405,0.43057069182395935,0.7438571453094482,-0.055374257266521454,0.38250425457954407,0.5938559770584106,-0.029888728633522987,0.41736549139022827,0.5883823037147522,-0.05446545407176018,0.4463089108467102,0.5799515247344971,-0.07104198634624481,0.4707005023956299,0.5741774439811707,-0.08306978642940521,0.35622313618659973,0.5863405466079712,-0.04371648654341698,0.3947259187698364,0.6817119121551514,-0.07019486278295517,0.37470516562461853,0.6970489621162415,-0.0740329772233963,0.359624981880188,0.6835903525352478,-0.07531482726335526,0.32478347420692444,0.603854775428772,-0.057510294020175934,0.3573298156261444,0.7042220234870911,-0.07904241979122162,0.3398454785346985,0.697201132774353,-0.07225176692008972,0.33106234669685364,0.670487642288208,-0.06654015928506851,0.2932213544845581,0.6306858658790588,-0.07244313508272171,0.32191476225852966,0.7070884108543396,-0.08478079736232758,0.3103471100330353,0.6994352340698242,-0.07814031839370728,0.2997661232948303,0.6739686131477356,-0.07259712368249893,point,RRQ_p8,RRQ
0.2953302562236786,0.7011993527412415,-3.851786516406719e-07,0.2510855495929718,0.6484667062759399,-0.0280433502048254,0.21399971842765808,0.6020254492759705,-0.04898214340209961,0.1899513155221939,0.5967986583709717,-0.06779894232749939,0.19255031645298004,0.6100509762763977,-0.08329546451568604,0.2812354266643524,0.49604180455207825,-0.039269641041755676,0.23025113344192505,0.506319522857666,-0.06907832622528076,0.20294111967086792,0.5224469304084778,-0.08614247292280197,0.1920689046382904,0.5305992364883423,-0.09561322629451752,0.32645106315612793,0.5306148529052734,-0.04172694310545921,0.24557821452617645,0.626399040222168,-0.06873489916324615,0.23041453957557678,0.6448245644569397,-0.07419809699058533,0.23854340612888336,0.635241687297821,-0.07480988651514053,0.3540210425853729,0.5927208065986633,-0.04788720980286598,0.2690441906452179,0.6851611137390137,-0.06896645575761795,0.2605630159378052,0.6870023012161255,-0.056818004697561264,0.2720318138599396,0.667685329914093,-0.04427652433514595,0.3669782280921936,0.6559565663337708,-0.0585235133767128,0.30057641863822937,0.7160159349441528,-0.07609665393829346,0.29147636890411377,0.7137171030044556,-0.0693579912185669,0.30192363262176514,0.6928104162216187,-0.058201368898153305,point,RRQ_p8,RRQ
0.23378469049930573,0.6541471481323242,2.0577986958869587e-07,0.2733041048049927,0.6536986827850342,-0.019442981109023094,0.30462539196014404,0.6530839204788208,-0.04147139564156532,0.3191770017147064,0.681809663772583,-0.06511545926332474,0.31770333647727966,0.7169414758682251,-0.08958712220191956,0.2990381419658661,0.5479899048805237,-0.043036673218011856,0.31850311160087585,0.5230563879013062,-0.07336466759443283,0.3385789096355438,0.5025567412376404,-0.09260689467191696,0.36218690872192383,0.4846537411212921,-0.10482289642095566,0.25480785965919495,0.5292190313339233,-0.04861966520547867,0.2709908187389374,0.6280715465545654,-0.08849002420902252,0.29095980525016785,0.6926814913749695,-0.09716124087572098,0.30899208784103394,0.7297703623771667,-0.09582792967557907,0.21463271975517273,0.5436820387840271,-0.055775247514247894,0.23739570379257202,0.6531717777252197,-0.08329398185014725,0.2604461908340454,0.6936166286468506,-0.07615333050489426,0.27854302525520325,0.7093921899795532,-0.06498788297176361,0.18387362360954285,0.5694634914398193,-0.06621922552585602,0.2015671581029892,0.641557514667511,-0.08063430339097977,0.21572211384773254,0.6672875285148621,-0.07391374558210373,0.22617416083812714,0.6711097359657288,-0.06408102065324783,point,RRQ_p8,RRQ
0.22097404301166534,0.6919019818305969,2.852580109902192e-07,0.24991671741008759,0.6269997358322144,-0.01417070534080267,0.2656647861003876,0.5563631057739258,-0.027730092406272888,0.28249824047088623,0.5023239254951477,-0.04353097453713417,0.2947399616241455,0.45233115553855896,-0.05780930072069168,0.20264196395874023,0.49167484045028687,-0.008251063525676727,0.21958065032958984,0.4253048300743103,-0.043225109577178955,0.25161927938461304,0.4296397864818573,-0.07122942805290222,0.27812010049819946,0.45025238394737244,-0.08483902364969254,0.17621096968650818,0.49085062742233276,-0.01691177859902382,0.16495633125305176,0.40854376554489136,-0.03837810829281807,0.172489732503891,0.35344505310058594,-0.05565157160162926,0.17918509244918823,0.30722320079803467,-0.06708627939224243,0.15360906720161438,0.5117219090461731,-0.030898062512278557,0.12973007559776306,0.4304456114768982,-0.05118159204721451,0.12203068286180496,0.37230977416038513,-0.064714215695858,0.11807811260223389,0.31947576999664307,-0.0727425217628479,0.13590222597122192,0.5495521426200867,-0.046520013362169266,0.10243836045265198,0.5001308917999268,-0.060967206954956055,0.08531180769205093,0.45900875329971313,-0.06520675867795944,0.07428520917892456,0.4175722301006317,-0.06725943088531494,pinch,RRQ_p8,RRQ
0.22263610363006592,0.6587610840797424,3.074140977332718e-07,0.2512240707874298,0.6039221882820129,-0.012058865278959274,0.26706793904304504,0.526507556438446,-0.021440010517835617,0.2802544832229614,0.47006016969680786,-0.03232003003358841,0.29017823934555054,0.41620880365371704,-0.04306011646986008,0.22022317349910736,0.4596408009529114,-0.00034805198083631694,0.2225169539451599,0.38494282960891724,-0.01533243153244257,0.23736484348773956,0.3417889475822449,-0.028843021020293236,0.25062721967697144,0.31081515550613403,-0.03847518190741539,0.19823133945465088,0.4636905789375305,-0.008953780867159367,0.21571454405784607,0.40075355768203735,-0.03471782058477402,0.2478310763835907,0.39280223846435547,-0.052389729768037796,0.2733338475227356,0.3994427025318146,-0.05928698554635048,0.17390502989292145,0.479248970746994,-0.0207607951015234,0.17860043048858643,0.4069654047489166,-0.04065273329615593,0.19502653181552887,0.3601105213165283,-0.05220358073711395,0.21210256218910217,0.32366180419921875,-0.05817801132798195,0.1497884839773178,0.5090079307556152,-0.03404747694730759,0.1211487278342247,0.4587153196334839,-0.04775870591402054,0.11805856227874756,0.4177120327949524,-0.05294264107942581,0.1242869421839714,0.3807648718357086,-0.056055184453725815,pinch,RRQ_p8,RRQ
0.32098060846328735,0.6501920223236084,2.702935262277606e-07,0.35559937357902527,0.5871029496192932,-0.011223025619983673,0.3704735338687897,0.5008769035339355,-0.019973624497652054,0.38482987880706787,0.43522560596466064,-0.031070517376065254,0.39761242270469666,0.374311625957489,-0.04115424305200577,0.31831878423690796,0.43949341773986816,0.007497872691601515,0.3355415165424347,0.37529605627059937,-0.009684176184237003,0.364246666431427,0.35666894912719727,-0.02570851892232895,0.3932623863220215,0.34982380270957947,-0.036407727748155594,0.2922300100326538,0.43870580196380615,-0.001488334033638239,0.3136046230792999,0.3734738826751709,-0.022530898451805115,0.34883052110671997,0.3586055338382721,-0.03752923756837845,0.3822837471961975,0.35495656728744507,-0.04437632113695145,0.2627997100353241,0.45242980122566223,-0.015154029242694378,0.2631570100784302,0.3729102909564972,-0.035787757486104965,0.27915114164352417,0.32128798961639404,-0.046304263174533844,0.29930856823921204,0.27841925621032715,-0.051424309611320496,0.23599103093147278,0.4835421144962311,-0.03033200278878212,0.19698888063430786,0.43336886167526245,-0.045626502484083176,0.17484720051288605,0.39047589898109436,-0.05110961198806763,0.16149137914180756,0.34857189655303955,-0.0544750913977623,pinch,RRQ_p8,RRQ
0.1959628015756607,0.6342654228210449,-2.2316997139171235e-09,0.23363271355628967,0.5666002631187439,0.00023674011754337698,0.25372564792633057,0.48224762082099915,-0.004600771237164736,0.27076417207717896,0.4259629547595978,-0.01581845059990883,0.3019128143787384,0.3888736367225647,-0.027448419481515884,0.1812610626220703,0.40795546770095825,0.015611033886671066,0.2325545996427536,0.3688024878501892,-0.00920167751610279,0.27288857102394104,0.3659384548664093,-0.029377738013863564,0.30660298466682434,0.36604422330856323,-0.0405571311712265,0.14911051094532013,0.4161507189273834,0.003120363922789693,0.21926961839199066,0.3994552493095398,-0.027392616495490074,0.22482460737228394,0.4688299298286438,-0.03932265564799309,0.21294355392456055,0.5124982595443726,-0.03931405767798424,0.12501515448093414,0.4384734034538269,-0.012551750056445599,0.19744375348091125,0.42904841899871826,-0.04294660687446594,0.20131933689117432,0.49805742502212524,-0.04110054299235344,0.18888714909553528,0.5351703763008118,-0.030129050835967064,0.10450275242328644,0.4710250198841095,-0.02873559109866619,0.1631123274564743,0.4520256519317627,-0.0447283573448658,0.1768547147512436,0.49660760164260864,-0.036322854459285736,0.170573428273201,0.5268279314041138,-0.02367403730750084,pinch,RRQ_p8,RRQ
0.40956225991249084,0.4789413809776306,3.25343592066929e-07,0.43686091899871826,0.4209382236003876,-0.01038303691893816,0.43775373697280884,0.34621334075927734,-0.01523890532553196,0.4383683502674103,0.2896977663040161,-0.022805487737059593,0.44525960087776184,0.24091435968875885,-0.029677927494049072,0.3891807794570923,0.2890563905239105,0.005746912211179733,0.4102669656276703,0.23193830251693726,-0.017659427598118782,0.4385731816291809,0.21224907040596008,-0.03876963630318642,0.4619579017162323,0.20013535022735596,-0.051405273377895355,0.3679518401622772,0.28131669759750366,-0.0026233543176203966,0.36275961995124817,0.20057031512260437,-0.018377935513854027,0.3650980293750763,0.14697715640068054,-0.031915951520204544,0.36620500683784485,0.09934775531291962,-0.04118780419230461,0.34915778040885925,0.294386088848114,-0.015992963686585426,0.32989010214805603,0.21834596991539001,-0.0335000678896904,0.3223954141139984,0.16590148210525513,-0.04374760389328003,0.31750136613845825,0.11973148584365845,-0.04936216399073601,0.3327830731868744,0.3226860463619232,-0.031132012605667114,0.31343895196914673,0.2637171149253845,-0.044197674840688705,0.30687063932418823,0.2213941216468811,-0.04693542420864105,0.3055034279823303,0.1808892786502838,-0.048220083117485046,pinch,RRQ_p8,RRQ
0.34166833758354187,0.769804835319519,2.3194326104203355e-07,0.3663109838962555,0.6844420433044434,-0.014927015639841557,0.36564648151397705,0.5933234095573425,-0.025854909792542458,0.3650887906551361,0.5228360891342163,-0.03934727609157562,0.3655012249946594,0.45993566513061523,-0.05110829323530197,0.2892743945121765,0.5344835519790649,-0.0039916750974953175,0.29310518503189087,0.4583427608013153,-0.03838943690061569,0.3236025273799896,0.4505258798599243,-0.0636778324842453,0.35368555784225464,0.4601404666900635,-0.07515496015548706,0.2575188875198364,0.5475191473960876,-0.01330129150301218,0.22376617789268494,0.4636303186416626,-0.03817344084382057,0.23169168829917908,0.41932323575019836,-0.0511293038725853,0.24837534129619598,0.3904415965080261,-0.055260658264160156,0.23691917955875397,0.584244966506958,-0.028635339811444283,0.1947786659002304,0.5132803916931152,-0.052444953471422195,0.18465575575828552,0.4556182324886322,-0.05988696217536926,0.18432876467704773,0.4022381901741028,-0.06048043817281723,0.2263616919517517,0.6348376870155334,-0.0460551418364048,0.1850479245185852,0.5905652642250061,-0.06460124254226685,0.1692272126674652,0.5468443036079407,-0.06707868725061417,0.16307410597801208,0.5006221532821655,-0.06495729833841324,pinch,RRQ_p8,RRQ
0.4456755518913269,0.7478416562080383,3.637021848135191e-07,0.48125702142715454,0.6791998147964478,-0.010090776719152927,0.49810555577278137,0.6029989719390869,-0.024388212710618973,0.5259091258049011,0.5468603372573853,-0.04114099219441414,0.5589473247528076,0.5076684355735779,-0.057392045855522156,0.43118196725845337,0.5433062314987183,-0.019037045538425446,0.46566593647003174,0.4901657700538635,-0.053574249148368835,0.5039315819740295,0.4967504143714905,-0.07776448875665665,0.5340298414230347,0.5108253955841064,-0.0905439555644989,0.40932697057724,0.5502572059631348,-0.034042973071336746,0.3943535089492798,0.4561868906021118,-0.0628850981593132,0.41823533177375793,0.40306347608566284,-0.07911961525678635,0.44767582416534424,0.3642861843109131,-0.08773092925548553,0.39456412196159363,0.5810003876686096,-0.05276472494006157,0.36265963315963745,0.4971234202384949,-0.08213171362876892,0.3709767460823059,0.4380776882171631,-0.09725301712751389,0.3878262937068939,0.3896103799343109,-0.10460883378982544,0.38955387473106384,0.6220226287841797,-0.07225437462329865,0.3608633577823639,0.5669125318527222,-0.0949951782822609,0.36087465286254883,0.521865963935852,-0.10286083072423935,0.37172025442123413,0.480842649936676,-0.10700252652168274,pinch,RRQ_p8,RRQ
0.3664596974849701,0.6450999975204468,-1.3644125829159748e-07,0.328586608171463,0.5587124824523926,0.002081997459754348,0.30899903178215027,0.486299067735672,-0.0108515415340662,0.28321152925491333,0.43556487560272217,-0.02947879210114479,0.2547961473464966,0.39070868492126465,-0.04999411851167679,0.3718096911907196,0.4238818287849426,-0.009395811706781387,0.33367881178855896,0.3508979380130768,-0.04938063770532608,0.2924189269542694,0.35754522681236267,-0.08506590127944946,0.2573857605457306,0.3740980327129364,-0.10646411776542664,0.3822428286075592,0.4339959919452667,-0.03033611550927162,0.3764711916446686,0.32534104585647583,-0.06017327681183815,0.35553789138793945,0.2653021812438965,-0.08563562482595444,0.33347856998443604,0.21451275050640106,-0.10380584746599197,0.3919110894203186,0.46521878242492676,-0.05408396199345589,0.4092659056186676,0.35959339141845703,-0.07974378019571304,0.40644505620002747,0.29803305864334106,-0.09778599441051483,0.398137629032135,0.2413737177848816,-0.11103315651416779,0.3949856758117676,0.5075041055679321,-0.07764412462711334,0.41873061656951904,0.4552088677883148,-0.09942147880792618,0.423353910446167,0.4066169261932373,-0.10920408368110657,0.42064839601516724,0.3547144830226898,-0.11675477772951126,pinch,RRQ_p8,RRQ
0.5997651815414429,0.5168072581291199,-3.53574591827055e-08,0.543277382850647,0.46340638399124146,0.012365772388875484,0.5047968626022339,0.41875606775283813,0.0029760273173451424,0.46590858697891235,0.3972419202327728,-0.013914965093135834,0.42727819085121155,0.38148972392082214,-0.032914143055677414,0.5439820885658264,0.33351802825927734,0.002240952802821994,0.4879212975502014,0.30915939807891846,-0.031205525621771812,0.45340028405189514,0.33475926518440247,-0.06285735964775085,0.4283519685268402,0.3670980930328369,-0.08107154816389084,0.5542502999305725,0.3340443968772888,-0.020453929901123047,0.5155676007270813,0.24173104763031006,-0.041044216603040695,0.48303261399269104,0.19254036247730255,-0.060742393136024475,0.45329058170318604,0.15727220475673676,-0.07592849433422089,0.5674381852149963,0.3524790108203888,-0.04490805044770241,0.5439807176589966,0.256173700094223,-0.06091655045747757,0.5249390602111816,0.1983710378408432,-0.07213815301656723,0.5050835013389587,0.1553920954465866,-0.08111259341239929,0.5745058059692383,0.37933534383773804,-0.06862465292215347,0.5673498511314392,0.3147082030773163,-0.07928957045078278,0.5536052584648132,0.2696678042411804,-0.08109438419342041,0.5355221033096313,0.23138593137264252,-0.08345305174589157,pinch,RRQ_p8,RRQ
0.37099409103393555,0.545015811920166,-1.1786941200853107e-07,0.40097206830978394,0.4889014959335327,-0.0046742819249629974,0.44249430298805237,0.4470459222793579,-0.013735397718846798,0.46791478991508484,0.4072878360748291,-0.026234541088342667,0.4865191578865051,0.3665464520454407,-0.03975823521614075,0.49767255783081055,0.48969680070877075,-0.001006784848868847,0.5291765928268433,0.4406828284263611,-0.02837861143052578,0.5151700377464294,0.39993786811828613,-0.05391640216112137,0.4966816306114197,0.3724544048309326,-0.0689588114619255,0.502385139465332,0.5085858106613159,-0.013384437188506126,0.5589032173156738,0.48020845651626587,-0.034088991582393646,0.5835778713226318,0.4382122755050659,-0.053321659564971924,0.6024995446205139,0.40131813287734985,-0.06607072800397873,0.49293774366378784,0.5343053340911865,-0.029107587411999702,0.5514514446258545,0.5305865406990051,-0.04938478022813797,0.5849946737289429,0.5051705241203308,-0.06484469026327133,0.6153960824012756,0.48022374510765076,-0.07478714734315872,0.4725308418273926,0.5609177947044373,-0.04516518488526344,0.5146854519844055,0.5831777453422546,-0.06059050187468529,0.5442532896995544,0.5827109813690186,-0.06696183979511261,0.572734534740448,0.5733069181442261,-0.07144314050674438,pinch,RRQ_p8,RRQ
0.37608200311660767,0.5501917600631714,-2.973706045850122e-07,0.4048209488391876,0.4993836581707001,0.00040053168777376413,0.4449147582054138,0.46111083030700684,-0.010136023163795471,0.46699559688568115,0.42387107014656067,-0.02509520947933197,0.480773001909256,0.38294970989227295,-0.04142094403505325,0.4943092465400696,0.506721556186676,-0.003708144649863243,0.525102436542511,0.4519038498401642,-0.031219646334648132,0.5127370357513428,0.41290855407714844,-0.05530337244272232,0.4962449073791504,0.3832065165042877,-0.06967031955718994,0.4926326870918274,0.5257353186607361,-0.019437219947576523,0.5382336378097534,0.4799096882343292,-0.05504261329770088,0.5277220010757446,0.4316316545009613,-0.07748744636774063,0.5129210352897644,0.39424777030944824,-0.08598638325929642,0.482668399810791,0.5493140816688538,-0.037005167454481125,0.5370160937309265,0.5284572839736938,-0.06444601714611053,0.5600540041923523,0.4878254532814026,-0.0802023708820343,0.5793325901031494,0.45148736238479614,-0.08710548281669617,0.4652755856513977,0.5725693702697754,-0.05400903895497322,0.5032975673675537,0.5905904173851013,-0.07115551084280014,0.5294626951217651,0.5828195810317993,-0.07872297614812851,0.5544435977935791,0.5658738613128662,-0.0829615443944931,pinch,RRQ_p8,RRQ
0.34028831124305725,0.7595763802528381,-4.777995172844385e-07,0.3713747560977936,0.6672988533973694,0.0002536787651479244,0.4311292767524719,0.5834531188011169,-0.02259610965847969,0.44237977266311646,0.48744162917137146,-0.050431814044713974,0.4294193983078003,0.3961665630340576,-0.08441030234098434,0.5172149538993835,0.6427105665206909,-0.05000845342874527,0.5322860479354858,0.5125906467437744,-0.1035400852560997,0.48060309886932373,0.44032517075538635,-0.1440427601337433,0.4332047402858734,0.3811008930206299,-0.17068038880825043,0.5090879797935486,0.6771993041038513,-0.08477731049060822,0.5560334920883179,0.5527481436729431,-0.1584153175354004,0.5094020366668701,0.4619082510471344,-0.2028401494026184,0.4677893817424774,0.395751416683197,-0.22361381351947784,0.48244544863700867,0.7238622903823853,-0.11942995339632034,0.5613901615142822,0.6610921621322632,-0.1872328221797943,0.5896228551864624,0.5934378504753113,-0.23166030645370483,0.6226075291633606,0.536719799041748,-0.25741147994995117,0.4430291950702667,0.7652508020401001,-0.14984190464019775,0.4981992244720459,0.8278536796569824,-0.20354492962360382,0.54161536693573,0.8587591648101807,-0.23317958414554596,0.5937621593475342,0.8778567314147949,-0.25448116660118103,pinch,RRQ_p8,RRQ
0.5108304023742676,0.3825170397758484,3.831743811133492e-08,0.45805734395980835,0.4614974558353424,-0.0007979276706464589,0.4034121334552765,0.5152833461761475,-0.01683613285422325,0.37540876865386963,0.5739496350288391,-0.03895506635308266,0.3555666208267212,0.6333422660827637,-0.06346558034420013,0.31643784046173096,0.447568416595459,-0.009981364943087101,0.2820078730583191,0.5229954123497009,-0.05551449581980705,0.3069840669631958,0.5833200812339783,-0.09808041155338287,0.337428480386734,0.6207947731018066,-0.12296107411384583,0.31566086411476135,0.4210118353366852,-0.032007601112127304,0.2268930971622467,0.43973642587661743,-0.05868373438715935,0.1699148565530777,0.4665677845478058,-0.08544810116291046,0.12427814304828644,0.49048441648483276,-0.10601133853197098,0.3382285237312317,0.39222443103790283,-0.058088380843400955,0.25110363960266113,0.3793587386608124,-0.08289553970098495,0.19000045955181122,0.38503730297088623,-0.10509633272886276,0.13887068629264832,0.39730748534202576,-0.12159333378076553,0.3756009340286255,0.3736940324306488,-0.08418739587068558,0.32076650857925415,0.3486452102661133,-0.10316916555166245,0.2778629660606384,0.35260331630706787,-0.11011984944343567,0.2380273938179016,0.36558157205581665,-0.11595248430967331,pinch,RRQ_p8,RRQ
0.5180445909500122,0.488831102848053,1.4459160979640728e-08,0.47788888216018677,0.5519620180130005,-0.02053791470825672,0.4268757700920105,0.5838330388069153,-0.03511842340230942,0.3832545578479767,0.5898130536079407,-0.05173744633793831,0.3401085436344147,0.5975902080535889,-0.06584532558917999,0.3473967909812927,0.5433698296546936,-0.0032683429308235645,0.2920423746109009,0.5635249018669128,-0.04142778739333153,0.3053230345249176,0.5912131667137146,-0.07378660887479782,0.32737383246421814,0.6066541075706482,-0.0901734009385109,0.3376387059688568,0.5029579997062683,-0.008826128207147121,0.263549268245697,0.519234299659729,-0.029344120994210243,0.21594856679439545,0.5382964015007019,-0.04872995987534523,0.17194418609142303,0.5549084544181824,-0.06216020882129669,0.3446752727031708,0.4591415822505951,-0.02111799642443657,0.2735470235347748,0.4612948000431061,-0.039189692586660385,0.22908622026443481,0.4686141014099121,-0.05076717212796211,0.18790723383426666,0.4789411723613739,-0.05805362015962601,0.36558613181114197,0.4158734679222107,-0.036492969840765,0.3115715980529785,0.4012690782546997,-0.047202080488204956,0.27562206983566284,0.39653879404067993,-0.04861508309841156,0.24161727726459503,0.39580103754997253,-0.04881967604160309,pinch,RRQ_p8,RRQ
0.32694414258003235,0.678131103515625,-1.1288398837905333e-07,0.28382983803749084,0.6206066012382507,-0.009095277637243271,0.2636449635028839,0.542887806892395,-0.01614263281226158,0.24707046151161194,0.4820513129234314,-0.026539724320173264,0.23013070225715637,0.4298437833786011,-0.03614047169685364,0.3195866048336029,0.46741214394569397,0.008225427940487862,0.30348190665245056,0.3988047242164612,-0.02079809084534645,0.26975902915000916,0.39735835790634155,-0.04822066053748131,0.24405279755592346,0.4101092219352722,-0.06298881769180298,0.34091678261756897,0.4606184959411621,-0.0005254519055597484,0.3337693512439728,0.3699924945831299,-0.014221284538507462,0.3175872564315796,0.311586856842041,-0.02965211495757103,0.3031045198440552,0.26191073656082153,-0.04111684486269951,0.3659544885158539,0.4742901027202606,-0.014767315238714218,0.3716805875301361,0.38451430201530457,-0.028759168460965157,0.36696159839630127,0.32548439502716064,-0.03873324766755104,0.3607098162174225,0.27303749322891235,-0.04533369839191437,0.38978448510169983,0.5022255182266235,-0.030960623174905777,0.4097844362258911,0.43344470858573914,-0.04094213247299194,0.4206058382987976,0.3859103322029114,-0.043357476592063904,0.4277600347995758,0.3406677544116974,-0.0447075180709362,pinch,RRQ_p8,RRQ
0.27186837792396545,0.6915347576141357,8.262172457307315e-08,0.32494160532951355,0.6901504993438721,-0.03522665798664093,0.35965248942375183,0.6826102137565613,-0.06368458271026611,0.3461207151412964,0.697390079498291,-0.0877845287322998,0.3083764612674713,0.7103414535522461,-0.11036846041679382,0.3621949851512909,0.5220657587051392,-0.05626942589879036,0.35385745763778687,0.6414784789085388,-0.09694749861955643,0.35088351368904114,0.6667617559432983,-0.12492857128381729,0.3537701666355133,0.6456658840179443,-0.14421424269676208,0.30875957012176514,0.5164567828178406,-0.057761289179325104,0.3110526502132416,0.6552890539169312,-0.08930676430463791,0.3145197927951813,0.6763758063316345,-0.09839817136526108,0.31421947479248047,0.643583357334137,-0.10566237568855286,0.2584672272205353,0.540179967880249,-0.06310182064771652,0.2645687460899353,0.6701784133911133,-0.0894290953874588,0.2734867036342621,0.6848948001861572,-0.08271891623735428,0.2758033275604248,0.6465962529182434,-0.07746601849794388,0.2160458266735077,0.5753315091133118,-0.07317151129245758,0.2243754118680954,0.6753232479095459,-0.09387432038784027,0.23634259402751923,0.6928606629371643,-0.0920436754822731,0.24291084706783295,0.6675912141799927,-0.0884433388710022,fist,RRQ_p8,RRQ
0.20455843210220337,0.5792984962463379,-2.931067228928441e-07,0.26677972078323364,0.531700849533081,-0.0069485013373196125,0.3060467839241028,0.4646497964859009,-0.0113345542922616,0.3239458501338959,0.40177738666534424,-0.020826324820518494,0.3224896788597107,0.34454697370529175,-0.026426982134580612,0.29615721106529236,0.3939475119113922,0.014316386543214321,0.32782992720603943,0.3282628059387207,-0.012029509991407394,0.32113608717918396,0.3840695023536682,-0.02876129560172558,0.30250823497772217,0.41963016986846924,-0.034765422344207764,0.26794660091400146,0.38575074076652527,0.006090258713811636,0.2970426082611084,0.3267281651496887,-0.018185149878263474,0.2910445034503937,0.39479100704193115,-0.02671503834426403,0.2740989625453949,0.4247327744960785,-0.026269996538758278,0.23604628443717957,0.38289162516593933,-0.006962380837649107,0.26642003655433655,0.3268250823020935,-0.03126057982444763,0.26580387353897095,0.39428314566612244,-0.022763896733522415,0.2509291470050812,0.4277834892272949,-0.009799130260944366,0.19935104250907898,0.38441798090934753,-0.021174967288970947,0.232044979929924,0.34031984210014343,-0.03486064821481705,0.23826231062412262,0.3879113793373108,-0.02239011786878109,0.22810952365398407,0.4192025661468506,-0.008249069564044476,fist,RRQ_p8,RRQ
0.24389033019542694,0.46586495637893677,-1.0951216466992264e-07,0.2829114496707916,0.46347683668136597,-0.017594879493117332,0.312765508890152,0.46256160736083984,-0.037355124950408936,0.32817384600639343,0.47623127698898315,-0.05712723731994629,0.3234190344810486,0.494710773229599,-0.0760696679353714,0.3193851709365845,0.3424910306930542,-0.03014703094959259,0.3251262307167053,0.41830191016197205,-0.06138617545366287,0.3218069076538086,0.46349480748176575,-0.08361703902482986,0.31874552369117737,0.4752006232738495,-0.09695274382829666,0.28174132108688354,0.33817920088768005,-0.03587599843740463,0.28957000374794006,0.42115911841392517,-0.058217853307724,0.290182501077652,0.4622524082660675,-0.0667448341846466,0.29038405418395996,0.46622389554977417,-0.07336129993200302,0.24389708042144775,0.3531063199043274,-0.044094398617744446,0.2560294568538666,0.4330611526966095,-0.06277770549058914,0.258147269487381,0.46259453892707825,-0.061784327030181885,0.255698561668396,0.4576578736305237,-0.06030043959617615,0.21075564622879028,0.3773033618927002,-0.054691191762685776,0.22070130705833435,0.42942172288894653,-0.064751036465168,0.22643494606018066,0.4485796093940735,-0.06139504536986351,0.22754886746406555,0.4428879916667938,-0.05813043564558029,fist,RRQ_p8,RRQ
0.3244960606098175,0.4749998450279236,-8.43152108132017e-08,0.3778524100780487,0.44141653180122375,-0.01258167065680027,0.4120306968688965,0.41156208515167236,-0.02758440189063549,0.43417954444885254,0.39141327142715454,-0.04308114945888519,0.436321496963501,0.3886648118495941,-0.05593261495232582,0.3567519783973694,0.2921348214149475,-0.023952888324856758,0.41499119997024536,0.30875787138938904,-0.04798483848571777,0.41978514194488525,0.3573732078075409,-0.061262838542461395,0.40807124972343445,0.37385690212249756,-0.06914859265089035,0.3294195532798767,0.3078634440898895,-0.030533110722899437,0.39322593808174133,0.3409978449344635,-0.05243322625756264,0.3998876214027405,0.38900044560432434,-0.057885248214006424,0.38960573077201843,0.3981073200702667,-0.060657817870378494,0.3095390498638153,0.3416064381599426,-0.03876802325248718,0.36920979619026184,0.37665534019470215,-0.05746019259095192,0.37787434458732605,0.4163575768470764,-0.05407313257455826,0.3684227764606476,0.4235309660434723,-0.05015380308032036,0.2972555160522461,0.3831665515899658,-0.04848116263747215,0.34463411569595337,0.41298824548721313,-0.05733830854296684,0.3548167943954468,0.43581804633140564,-0.052883218973875046,0.34983575344085693,0.4389706552028656,-0.04838399216532707,fist,RRQ_p8,RRQ
0.5556026697158813,0.5694560408592224,5.260645252747054e-08,0.6188985109329224,0.618182361125946,-0.05958404392004013,0.667106032371521,0.6718989014625549,-0.10746431350708008,0.6371628642082214,0.727745532989502,-0.14680986106395721,0.575518012046814,0.7475138902664185,-0.18416908383369446,0.6899988651275635,0.45606866478919983,-0.11447885632514954,0.6613813042640686,0.6400356292724609,-0.18372733891010284,0.6508266925811768,0.672885537147522,-0.22991099953651428,0.6500909924507141,0.6392560005187988,-0.2606556713581085,0.6073333024978638,0.42185652256011963,-0.11313476413488388,0.5869894623756409,0.6408874988555908,-0.16150827705860138,0.593725860118866,0.6634911298751831,-0.17351481318473816,0.6014081239700317,0.6087096929550171,-0.1867607831954956,0.5285751819610596,0.4310298562049866,-0.11678913235664368,0.5200802087783813,0.6332840323448181,-0.15643171966075897,0.5342384576797485,0.6439865827560425,-0.1428331881761551,0.5462419986724854,0.5826464891433716,-0.13443613052368164,0.46310460567474365,0.4588324725627899,-0.12803524732589722,0.4595474600791931,0.6030097007751465,-0.1613244265317917,0.4762793183326721,0.6221657395362854,-0.15743158757686615,0.48958131670951843,0.5924592018127441,-0.15192434191703796,fist,RRQ_p8,RRQ
0.1734270453453064,0.6893625259399414,-3.8881777797428185e-09,0.2562844753265381,0.7493998408317566,-0.06482291221618652,0.30672913789749146,0.7863442897796631,-0.11219865828752518,0.22663655877113342,0.8171972036361694,-0.14888444542884827,0.14307358860969543,0.8180814981460571,-0.1818157285451889,0.29698798060417175,0.5359009504318237,-0.11206282675266266,0.25307953357696533,0.7085390686988831,-0.17831730842590332,0.24541392922401428,0.7657521963119507,-0.22121509909629822,0.25095444917678833,0.738929033279419,-0.2497612088918686,0.2106579691171646,0.49513813853263855,-0.10682656615972519,0.16879551112651825,0.7054529786109924,-0.15522457659244537,0.18588177859783173,0.763251543045044,-0.1695062667131424,0.20632165670394897,0.7268595099449158,-0.18320386111736298,0.13299116492271423,0.5037441253662109,-0.10630737245082855,0.10130638629198074,0.7075701951980591,-0.14360737800598145,0.12660950422286987,0.7628875970840454,-0.13032977283000946,0.14556270837783813,0.7321116924285889,-0.12295181304216385,0.07139396667480469,0.5353759527206421,-0.11364364624023438,0.06055957078933716,0.6878305673599243,-0.1382540911436081,0.07727406919002533,0.7384888529777527,-0.12911812961101532,0.08734969794750214,0.7232217788696289,-0.12159713357686996,fist,RRQ_p8,RRQ
0.4332490563392639,0.46014082431793213,-2.2674586830362387e-07,0.5099893808364868,0.41661930084228516,-0.001568716368637979,0.5547490119934082,0.34055793285369873,-0.006326792761683464,0.5825434327125549,0.263640433549881,-0.019116399809718132,0.5599141716957092,0.21148920059204102,-0.030261611565947533,0.5127504467964172,0.25223636627197266,0.021639449521899223,0.5386574268341064,0.17165076732635498,-0.0032531979959458113,0.5592518448829651,0.22190560400485992,-0.024353522807359695,0.5502119064331055,0.2684660255908966,-0.03464822471141815,0.4915580153465271,0.23849162459373474,0.007349463179707527,0.5186227560043335,0.14051251113414764,-0.017263613641262054,0.5454325079917908,0.2038535177707672,-0.03502139821648598,0.5361716151237488,0.25875306129455566,-0.041989825665950775,0.4662514328956604,0.23329710960388184,-0.011513203382492065,0.4920758008956909,0.1353088915348053,-0.03575926646590233,0.5243414044380188,0.19687435030937195,-0.04134099557995796,0.5204505324363708,0.2549300789833069,-0.038916293531656265,0.43769413232803345,0.23779800534248352,-0.03139364719390869,0.46818122267723083,0.15474183857440948,-0.05086982995271683,0.5014912486076355,0.19104823470115662,-0.05224204808473587,0.5073516368865967,0.24367156624794006,-0.04946582019329071,fist,RRQ_p8,RRQ
0.3534335792064667,0.6921590566635132,-7.409902877952845e-07,0.28502124547958374,0.6321895122528076,-0.01733136549592018,0.24339675903320312,0.521470308303833,-0.029711218550801277,0.24167439341545105,0.42914295196533203,-0.048869069665670395,0.26474204659461975,0.3541352152824402,-0.06306833028793335,0.2756204307079315,0.3979332447052002,0.005207512062042952,0.2666963040828705,0.2713918387889862,-0.03540618717670441,0.24775251746177673,0.33613190054893494,-0.06093233823776245,0.24939720332622528,0.3976931571960449,-0.07196473330259323,0.31924232840538025,0.3979770839214325,-0.007128706201910973,0.3195345103740692,0.2608563303947449,-0.05007470026612282,0.2907210886478424,0.3464542329311371,-0.0668497309088707,0.288265585899353,0.4140043556690216,-0.06716077774763107,0.3630354106426239,0.4127994775772095,-0.026448659598827362,0.3671291768550873,0.28112125396728516,-0.061427485197782516,0.3313262164592743,0.35812902450561523,-0.0610324963927269,0.32220759987831116,0.4289989471435547,-0.051072023808956146,0.4082976281642914,0.44084641337394714,-0.04862930625677109,0.4057304263114929,0.34006819128990173,-0.0664556622505188,0.37235912680625916,0.3796369731426239,-0.06220114976167679,0.3586800694465637,0.433650404214859,-0.054173629730939865,fist,RRQ_p8,RRQ
0.4439125061035156,0.5495766997337341,-2.4345141014237015e-07,0.36526215076446533,0.5688506364822388,-0.019806839525699615,0.30760112404823303,0.619135320186615,-0.055333930999040604,0.28207769989967346,0.695816159248352,-0.08860133588314056,0.2754064202308655,0.7519116997718811,-0.12087662518024445,0.27994558215141296,0.47993749380111694,-0.09191611409187317,0.23480060696601868,0.6287535429000854,-0.12946705520153046,0.2674582302570343,0.6688569784164429,-0.13709324598312378,0.2895938456058502,0.6457487344741821,-0.1415255218744278,0.34160634875297546,0.4858538508415222,-0.10639972984790802,0.2911006510257721,0.6624523401260376,-0.14395615458488464,0.31772497296333313,0.6907074451446533,-0.13756917417049408,0.3307879567146301,0.6562803983688354,-0.13404156267642975,0.4039264917373657,0.5199947357177734,-0.12075012177228928,0.3585422933101654,0.6889081001281738,-0.15243658423423767,0.36794838309288025,0.7099471092224121,-0.1321016103029251,0.3713144063949585,0.6764453053474426,-0.11842044442892075,0.45880454778671265,0.5614959597587585,-0.13641878962516785,0.4178096652030945,0.6923782229423523,-0.16389648616313934,0.40594324469566345,0.7173554301261902,-0.15709441900253296,0.3998422622680664,0.703203558921814,-0.14994502067565918,fist,RRQ_p8,RRQ
0.4810712933540344,0.5184711217880249,-4.77726189274108e-07,0.43609699606895447,0.45854657888412476,-0.042544495314359665,0.40533122420310974,0.3829291760921478,-0.07227317988872528,0.404446005821228,0.3408432602882385,-0.09718301892280579,0.44446754455566406,0.3717835247516632,-0.11553774029016495,0.5157153606414795,0.24250054359436035,-0.048248711973428726,0.4675573706626892,0.24648399651050568,-0.09164953976869583,0.444121390581131,0.30602532625198364,-0.11723622679710388,0.445896178483963,0.33053767681121826,-0.1323029100894928,0.5634996294975281,0.289476603269577,-0.049347493797540665,0.5049078464508057,0.3160630762577057,-0.08606832474470139,0.4681115746498108,0.37159448862075806,-0.09312068670988083,0.46599096059799194,0.38141417503356934,-0.09319963306188583,0.5863572359085083,0.3612874150276184,-0.056818656623363495,0.523085355758667,0.40390387177467346,-0.09232736378908157,0.47928905487060547,0.4379462003707886,-0.08543665707111359,0.4714636206626892,0.437824547290802,-0.07538395375013351,0.592751145362854,0.4384785294532776,-0.06921180337667465,0.5283250212669373,0.4788551926612854,-0.09311635792255402,0.48754647374153137,0.4945164918899536,-0.08976411819458008,0.4724709391593933,0.4898107945919037,-0.0821492075920105,fist,RRQ_p8,RRQ
0.5522799491882324,0.679131269454956,-4.885802695753227e-07,0.525335967540741,0.5876855850219727,-0.03250491991639137,0.5156410932540894,0.4977857172489166,-0.05789285898208618,0.5302746295928955,0.4509175419807434,-0.08000638335943222,0.5607659220695496,0.4947444498538971,-0.09459475427865982,0.657840371131897,0.44077765941619873,-0.034942831844091415,0.6073635816574097,0.3873552083969116,-0.06964600831270218,0.5670880675315857,0.4315606355667114,-0.08708101511001587,0.57207852602005,0.45782098174095154,-0.09796792268753052,0.6843662261962891,0.4969213008880615,-0.038443226367235184,0.6091732382774353,0.4558683931827545,-0.07184401899576187,0.5708378553390503,0.49983465671539307,-0.07341760396957397,0.5837108492851257,0.519645631313324,-0.06870133429765701,0.6849198937416077,0.5649092197418213,-0.047563496977090836,0.5996145009994507,0.5404101014137268,-0.07467103004455566,0.5675483345985413,0.5647302865982056,-0.06124327704310417,0.5831310749053955,0.5734635591506958,-0.04715501517057419,0.6686702966690063,0.6314711570739746,-0.061432112008333206,0.5910043716430664,0.6105889678001404,-0.07737741619348526,0.5715023279190063,0.620994508266449,-0.07102715224027634,0.5847582221031189,0.6277242302894592,-0.061524201184511185,fist,RRQ_p8,RRQ
0.5099676847457886,0.5763126611709595,-4.4895057271787664e-07,0.464901328086853,0.5250588655471802,-0.011005043983459473,0.45272892713546753,0.45087194442749023,-0.01706307753920555,0.47308656573295593,0.38719815015792847,-0.027308309450745583,0.4986249506473541,0.3427683115005493,-0.03400116786360741,0.47491654753685,0.3973405063152313,0.011794758960604668,0.47521698474884033,0.31728988885879517,-0.014024965465068817,0.4688822627067566,0.362496942281723,-0.029242396354675293,0.47089117765426636,0.40762338042259216,-0.033952292054891586,0.5057905316352844,0.3994031846523285,0.006399492267519236,0.5070436596870422,0.3201248049736023,-0.01821257919073105,0.4960119128227234,0.37554362416267395,-0.026118405163288116,0.4966801106929779,0.4194381535053253,-0.02343393675982952,0.5368337035179138,0.4098754823207855,-0.004103390034288168,0.5368471741676331,0.3352615237236023,-0.027394874021410942,0.5211466550827026,0.3939596116542816,-0.02099638059735298,0.519487202167511,0.44183775782585144,-0.008419732563197613,0.5689052939414978,0.4279279112815857,-0.016351688653230667,0.5641704201698303,0.3700732886791229,-0.028358913958072662,0.5480892658233643,0.40364232659339905,-0.020175950601696968,0.5436873435974121,0.44003531336784363,-0.009241709485650063,fist,RRQ_p8,RRQ
0.48767340183258057,0.47980061173439026,-3.7584825918202114e-07,0.4522705376148224,0.5579509735107422,-0.03289923816919327,0.4248703420162201,0.6185703277587891,-0.061996158212423325,0.4259623885154724,0.6350275278091431,-0.08801329135894775,0.4499756693840027,0.5842984914779663,-0.10977679491043091,0.31940779089927673,0.5275096893310547,-0.051682163029909134,0.35758620500564575,0.6134493947029114,-0.08846621960401535,0.4059160351753235,0.6167542934417725,-0.10613751411437988,0.4177110493183136,0.5951066613197327,-0.11560919880867004,0.33922693133354187,0.46632784605026245,-0.05361036956310272,0.39239951968193054,0.5652351975440979,-0.08327222615480423,0.43524688482284546,0.5715398192405701,-0.08378426730632782,0.4326786398887634,0.5490840077400208,-0.08116626739501953,0.3777174949645996,0.42280563712120056,-0.05971488729119301,0.4321144223213196,0.5119955539703369,-0.08490198850631714,0.46281546354293823,0.523276686668396,-0.07233287394046783,0.4595412313938141,0.5023187398910522,-0.06032269448041916,0.4216676354408264,0.39341241121292114,-0.07000754773616791,0.46592995524406433,0.45760777592658997,-0.08388839662075043,0.4877062737941742,0.4744686484336853,-0.07548926770687103,0.4880809783935547,0.4621936082839966,-0.06562142074108124,fist,RRQ_p8,RRQ
0.5576144456863403,0.791581928730011,-1.9654126504065061e-07,0.5206905603408813,0.7024016380310059,-0.05497073382139206,0.4732416868209839,0.6529651284217834,-0.10269711911678314,0.4347068667411804,0.7041322588920593,-0.14127273857593536,0.44259113073349,0.8052430152893066,-0.17654065787792206,0.6234326958656311,0.6232976317405701,-0.09117697924375534,0.4904386103153229,0.671751856803894,-0.13999781012535095,0.4591299295425415,0.6991922855377197,-0.17988994717597961,0.47583532333374023,0.7117425203323364,-0.20699509978294373,0.6402146816253662,0.72496497631073,-0.08588054776191711,0.4920153021812439,0.7693704962730408,-0.11314660310745239,0.4814990162849426,0.7572133541107178,-0.12283690273761749,0.5075756311416626,0.743354320526123,-0.13421030342578888,0.629442572593689,0.8186055421829224,-0.08444010466337204,0.48157626390457153,0.8484121561050415,-0.09702861309051514,0.4821838140487671,0.8128302693367004,-0.07940392941236496,0.5144270062446594,0.7857994437217712,-0.06977842003107071,0.6012825965881348,0.8893834352493286,-0.091535285115242,0.48470014333724976,0.8920207023620605,-0.10295920073986053,0.48550862073898315,0.8514098525047302,-0.0915808379650116,0.5111302733421326,0.8226742148399353,-0.08077378571033478,fist,RRQ_p8,RRQ
0.3424109220504761,0.5280634760856628,-5.332692012416373e-07,0.2959253787994385,0.4291088283061981,0.0008007096475921571,0.29924899339675903,0.3556145429611206,-0.00916331633925438,0.3059818744659424,0.2999584674835205,-0.021952252835035324,0.3138269782066345,0.26360976696014404,-0.030871408060193062,0.4061084985733032,0.2960578203201294,-0.005474322009831667,0.3315221071243286,0.2172839641571045,-0.03234558552503586,0.31157928705215454,0.26077789068222046,-0.04975434020161629,0.32249200344085693,0.2929874658584595,-0.059785861521959305,0.40987667441368103,0.310743123292923,-0.017079755663871765,0.31476035714149475,0.2301289439201355,-0.04143169894814491,0.29974842071533203,0.2784874141216278,-0.0454089380800724,0.3182114064693451,0.3081989288330078,-0.04691189154982567,0.39716988801956177,0.33278894424438477,-0.03075249306857586,0.29960817098617554,0.2651589512825012,-0.04866848140954971,0.2882674038410187,0.3114125430583954,-0.03821582719683647,0.3084881007671356,0.3378239572048187,-0.031088218092918396,0.3704213798046112,0.3568716049194336,-0.04584465175867081,0.2892988920211792,0.31746819615364075,-0.05855029448866844,0.28343772888183594,0.351701021194458,-0.055097319185733795,0.3041856586933136,0.3737200200557709,-0.05104564130306244,fist,RRQ_p8,RRQ
0.26333096623420715,0.7650649547576904,4.652389691273129e-07,0.32861101627349854,0.7137264013290405,-0.031636495143175125,0.3732386529445648,0.6261759400367737,-0.04628963768482208,0.39911913871765137,0.5429888367652893,-0.0587911456823349,0.42765676975250244,0.47990506887435913,-0.07112801820039749,0.3307991027832031,0.5111148953437805,-0.029810937121510506,0.35185322165489197,0.40721970796585083,-0.05332917347550392,0.36322227120399475,0.34474998712539673,-0.071574367582798,0.3693455755710602,0.2888830304145813,-0.0845005065202713,0.288936048746109,0.5028222799301147,-0.0315571092069149,0.2915209233760834,0.3838712275028229,-0.05113280192017555,0.2899967432022095,0.31297916173934937,-0.067729651927948,0.28412991762161255,0.25562840700149536,-0.07993310689926147,0.24946950376033783,0.5199016332626343,-0.03726182132959366,0.24409908056259155,0.4204607605934143,-0.05625331029295921,0.23981261253356934,0.35428935289382935,-0.06991928815841675,0.23537582159042358,0.2986575961112976,-0.07995863258838654,0.21070051193237305,0.5565304756164551,-0.04612172394990921,0.19078010320663452,0.483701229095459,-0.06396777927875519,0.17817607522010803,0.4364185929298401,-0.07168299704790115,0.16744627058506012,0.39423656463623047,-0.07643681019544601,open_palm,RRQ_p8,RRQ
0.27273643016815186,0.7721430659294128,3.5655423857861024e-07,0.34050247073173523,0.72568279504776,-0.02963527850806713,0.38542675971984863,0.6427901983261108,-0.044683586806058884,0.41297057271003723,0.5644263625144958,-0.05858144164085388,0.4473104476928711,0.5035213232040405,-0.07238470017910004,0.35169294476509094,0.5078526139259338,-0.0204062070697546,0.35868170857429504,0.4048369228839874,-0.04389544948935509,0.3607528805732727,0.3422228693962097,-0.06433358788490295,0.363209068775177,0.28517040610313416,-0.07955425977706909,0.31508517265319824,0.5011564493179321,-0.02379370667040348,0.32148584723472595,0.38639289140701294,-0.04433005303144455,0.32536864280700684,0.3138340711593628,-0.06326945126056671,0.32948702573776245,0.24890795350074768,-0.07743138819932938,0.2781871557235718,0.518079936504364,-0.031721681356430054,0.2815065383911133,0.4106620252132416,-0.05225932598114014,0.2868196964263916,0.3436126708984375,-0.06623852252960205,0.2930859923362732,0.2826499938964844,-0.07620619982481003,0.23932324349880219,0.5525920391082764,-0.0428258515894413,0.23723098635673523,0.47167620062828064,-0.06249518319964409,0.23954373598098755,0.4192923605442047,-0.07126887142658234,0.24190053343772888,0.36882656812667847,-0.0766482949256897,open_palm,RRQ_p8,RRQ
0.30661672353744507,0.7537297010421753,5.8617825260398604e-08,0.3678589165210724,0.6903433799743652,-0.0026987427845597267,0.39468592405319214,0.5976141691207886,-0.010161628015339375,0.41971874237060547,0.5348334312438965,-0.02137463539838791,0.4449097812175751,0.4828447699546814,-0.03553405776619911,0.35824546217918396,0.49548035860061646,-0.016396205872297287,0.3457286059856415,0.39564794301986694,-0.0404789000749588,0.3412795066833496,0.33268898725509644,-0.06020184978842735,0.33734363317489624,0.2761645019054413,-0.07628843188285828,0.3413184881210327,0.5083163380622864,-0.03530990332365036,0.3244711458683014,0.39592063426971436,-0.060549452900886536,0.31948304176330566,0.3237241804599762,-0.08159774541854858,0.31389668583869934,0.2576749622821808,-0.0984543040394783,0.32543712854385376,0.5421341061592102,-0.055674437433481216,0.30935388803482056,0.43754345178604126,-0.08163407444953918,0.30576610565185547,0.36886751651763916,-0.09809494018554688,0.30085086822509766,0.3041827082633972,-0.1109100878238678,0.31384360790252686,0.5896745324134827,-0.0762290507555008,0.3038409948348999,0.5160934329032898,-0.10259721428155899,0.3018982708454132,0.45893731713294983,-0.11596863716840744,0.2997714579105377,0.402957558631897,-0.126257061958313,open_palm,RRQ_p8,RRQ
0.30234307050704956,0.7689695358276367,3.98841621063184e-07,0.3640236556529999,0.7270063161849976,-0.02718084491789341,0.41276466846466064,0.6425320506095886,-0.0381062887609005,0.4476085603237152,0.5745758414268494,-0.04795309901237488,0.4778605103492737,0.5313495993614197,-0.05758384242653847,0.3602365255355835,0.532061755657196,-0.025906991213560104,0.37856316566467285,0.4405796229839325,-0.044073861092329025,0.3865946829319,0.38488173484802246,-0.05714089050889015,0.3887289762496948,0.3391459882259369,-0.06682758033275604,0.3167404234409332,0.5259875655174255,-0.029094230383634567,0.31064173579216003,0.4178023934364319,-0.044973988085985184,0.303907185792923,0.3513304591178894,-0.056772056967020035,0.292294979095459,0.29972878098487854,-0.06488625705242157,0.2788696885108948,0.5453722476959229,-0.03605920821428299,0.25873053073883057,0.45441561937332153,-0.05447668209671974,0.245537668466568,0.3953666687011719,-0.06777219474315643,0.2325168401002884,0.3447082042694092,-0.07670316845178604,0.24466979503631592,0.585028886795044,-0.045768044888973236,0.20547892153263092,0.5329803228378296,-0.06690047681331635,0.17669019103050232,0.4965900182723999,-0.07770701497793198,0.15186548233032227,0.45970749855041504,-0.08368969708681107,open_palm,RRQ_p8,RRQ
0.4542824625968933,0.730950117111206,3.795223619817989e-07,0.5397477149963379,0.7178667783737183,-0.02546745538711548,0.6131298542022705,0.6457580327987671,-0.04160104691982269,0.6718655228614807,0.585488498210907,-0.05808818340301514,0.7283393740653992,0.5457333326339722,-0.07652617990970612,0.6066470742225647,0.5027120113372803,-0.03624779358506203,0.6434539556503296,0.3950920104980469,-0.06788284331560135,0.6678615808486938,0.33286336064338684,-0.0909826010465622,0.6921136975288391,0.2782480716705322,-0.10785344988107681,0.5690176486968994,0.48263880610466003,-0.046539306640625,0.6014350652694702,0.3581992983818054,-0.0765821784734726,0.6260693073272705,0.2822819948196411,-0.09878123551607132,0.648741602897644,0.2151917815208435,-0.11515150219202042,0.5245808362960815,0.487883061170578,-0.06047326698899269,0.5485102534294128,0.36762022972106934,-0.08998609334230423,0.5710166692733765,0.29300159215927124,-0.1075672134757042,0.5948384404182434,0.2244246006011963,-0.11986847966909409,0.474953830242157,0.5099528431892395,-0.07672473043203354,0.48639190196990967,0.4143751859664917,-0.10534476488828659,0.5016918182373047,0.35134458541870117,-0.11934585124254227,0.5186523199081421,0.29004424810409546,-0.12859530746936798,open_palm,RRQ_p8,RRQ
0.20602937042713165,0.5777558088302612,2.8250394734641304e-07,0.24505671858787537,0.5448766350746155,-0.01854659803211689,0.26822805404663086,0.4943685531616211,-0.02655595913529396,0.2818962037563324,0.4461258351802826,-0.03332900255918503,0.298366904258728,0.40942254662513733,-0.03996286541223526,0.24059399962425232,0.4236992299556732,-0.012275638990104198,0.24426902830600739,0.36294761300086975,-0.025419754907488823,0.24675527215003967,0.3258538842201233,-0.03666260465979576,0.24915046989917755,0.2941206097602844,-0.04456496238708496,0.21574939787387848,0.41900378465652466,-0.012745373882353306,0.21755437552928925,0.3528474271297455,-0.02361915446817875,0.21907475590705872,0.31029051542282104,-0.03394732251763344,0.221494659781456,0.27497318387031555,-0.04146720468997955,0.19166472554206848,0.42806342244148254,-0.01603725552558899,0.1910637617111206,0.36488649249076843,-0.02704428881406784,0.19305863976478577,0.32314974069595337,-0.035371001809835434,0.19656622409820557,0.28790777921676636,-0.04121362417936325,0.16706787049770355,0.44807836413383484,-0.02120533399283886,0.16111913323402405,0.4001641869544983,-0.032402414828538895,0.1580667346715927,0.36715078353881836,-0.037458792328834534,0.15621188282966614,0.33677804470062256,-0.04032224789261818,open_palm,RRQ_p8,RRQ
0.1427229791879654,0.7594590783119202,5.020802404942515e-07,0.20976731181144714,0.703970193862915,-0.033167850226163864,0.25582778453826904,0.6119649410247803,-0.04383698105812073,0.27418389916419983,0.5269602537155151,-0.052181426435709,0.28627103567123413,0.45804107189178467,-0.059629932045936584,0.21031489968299866,0.49219954013824463,-0.01641189493238926,0.22796864807605743,0.38933470845222473,-0.03819071501493454,0.23701000213623047,0.3262186646461487,-0.057826995849609375,0.24345135688781738,0.27035531401634216,-0.07147692888975143,0.16765069961547852,0.4813840687274933,-0.01564447022974491,0.1811140775680542,0.3694741129875183,-0.03339696303009987,0.18875177204608917,0.2970148026943207,-0.0512315109372139,0.19507937133312225,0.23409372568130493,-0.06410335749387741,0.12600064277648926,0.49239206314086914,-0.020149439573287964,0.13246072828769684,0.38748228549957275,-0.038314975798130035,0.14044874906539917,0.319549560546875,-0.051624007523059845,0.1491222381591797,0.2601470351219177,-0.06078590452671051,0.08208781480789185,0.522443950176239,-0.028350211679935455,0.07832995057106018,0.4426276385784149,-0.045878004282712936,0.0807824358344078,0.3892328143119812,-0.0530523881316185,0.0854244977235794,0.33857762813568115,-0.05708634480834007,open_palm,RRQ_p8,RRQ
0.2363705039024353,0.8422580361366272,4.353115059529955e-07,0.32009756565093994,0.8552768230438232,-0.02398250810801983,0.40331560373306274,0.8150202035903931,-0.03611042723059654,0.4662948250770569,0.7707692980766296,-0.04811708629131317,0.5263857841491699,0.7476470470428467,-0.06018650904297829,0.4304344058036804,0.6851484179496765,-0.01839270628988743,0.4969128966331482,0.6162638664245605,-0.04491681233048439,0.5381851196289062,0.5793664455413818,-0.06538701802492142,0.5763957500457764,0.5481697916984558,-0.07996191829442978,0.40548089146614075,0.6466391682624817,-0.02556958980858326,0.4774370789527893,0.56535804271698,-0.04974795877933502,0.5261562466621399,0.5209228992462158,-0.0681869313120842,0.5702831745147705,0.48199498653411865,-0.08135244250297546,0.367662638425827,0.627528190612793,-0.03747836872935295,0.43344029784202576,0.542631208896637,-0.06343957781791687,0.48073822259902954,0.49532291293144226,-0.07943327724933624,0.5253020524978638,0.4552743434906006,-0.08986923098564148,0.31962907314300537,0.6223906874656677,-0.05174315720796585,0.3602299988269806,0.548181414604187,-0.07729791849851608,0.3948013186454773,0.501124382019043,-0.08960128575563431,0.42986252903938293,0.45766183733940125,-0.09714575111865997,open_palm,RRQ_p8,RRQ
0.1616959422826767,0.5717647075653076,5.303979833115591e-07,0.21669694781303406,0.649776816368103,-0.02649502269923687,0.29703855514526367,0.6902409195899963,-0.037550218403339386,0.36606717109680176,0.7098079919815063,-0.04878266155719757,0.4207770824432373,0.74022376537323,-0.060303255915641785,0.37969839572906494,0.6313960552215576,-0.015802709385752678,0.457484632730484,0.6617181301116943,-0.04473130777478218,0.5071662664413452,0.685096263885498,-0.06927469372749329,0.5519956350326538,0.7059343457221985,-0.08647048473358154,0.3858371376991272,0.5779348611831665,-0.02225862257182598,0.4753482937812805,0.5882986783981323,-0.04765452817082405,0.535236120223999,0.6010575890541077,-0.06855950504541397,0.5875265002250671,0.6112439632415771,-0.08324011415243149,0.3718898892402649,0.5283606052398682,-0.03416849672794342,0.45551544427871704,0.5224847197532654,-0.0605258084833622,0.5128833651542664,0.5296314358711243,-0.07676994800567627,0.5645238161087036,0.5387386083602905,-0.08711321651935577,0.34145456552505493,0.47907549142837524,-0.04914480447769165,0.4052668809890747,0.4598272144794464,-0.07438104599714279,0.45214003324508667,0.4538969397544861,-0.08537861704826355,0.49706321954727173,0.4512765407562256,-0.09187009185552597,open_palm,RRQ_p8,RRQ
0.31365787982940674,0.7627230882644653,5.3267677913027e-07,0.2595524191856384,0.698889970779419,-0.03344428911805153,0.236162006855011,0.6002747416496277,-0.05512947961688042,0.22530770301818848,0.5187145471572876,-0.07399109750986099,0.20037637650966644,0.44995591044425964,-0.09414783865213394,0.2986481487751007,0.4986397325992584,-0.048722103238105774,0.3005448579788208,0.3879133462905884,-0.08154109120368958,0.296690434217453,0.3172968924045563,-0.10596514493227005,0.2950953245162964,0.2506006062030792,-0.1240667998790741,0.343421071767807,0.5085304975509644,-0.05551481246948242,0.36962518095970154,0.3907673954963684,-0.08463962376117706,0.3856610655784607,0.31330758333206177,-0.10744085907936096,0.40043485164642334,0.24365675449371338,-0.12471398711204529,0.3788950741291046,0.5439940690994263,-0.06569135934114456,0.4112544655799866,0.4391036331653595,-0.09469707310199738,0.4312991499900818,0.37207549810409546,-0.11182847619056702,0.44851189851760864,0.30821478366851807,-0.12456085532903671,0.40735533833503723,0.5962851047515869,-0.07849349081516266,0.4440361559391022,0.5249890685081482,-0.10427184402942657,0.46938830614089966,0.47640565037727356,-0.11439381539821625,0.4928869605064392,0.429157555103302,-0.12168129533529282,open_palm,RRQ_p8,RRQ
0.21901096403598785,0.6270743608474731,6.511789933938417e-07,0.24178040027618408,0.5423858761787415,-0.040413472801446915,0.29552221298217773,0.48175710439682007,-0.0648849681019783,0.34871476888656616,0.44941842555999756,-0.08517786860466003,0.396247535943985,0.406863808631897,-0.10608989000320435,0.3892642557621002,0.5257744193077087,-0.05623455345630646,0.47556769847869873,0.5032482147216797,-0.089610256254673,0.5299060344696045,0.48779284954071045,-0.1130065843462944,0.5789446830749512,0.477230429649353,-0.12971985340118408,0.39962509274482727,0.5896389484405518,-0.059587255120277405,0.4969036281108856,0.5846067070960999,-0.08882569521665573,0.559065580368042,0.5833196640014648,-0.1112966239452362,0.6140962839126587,0.5815119743347168,-0.12817884981632233,0.38928836584091187,0.6512147188186646,-0.06672797352075577,0.4803413152694702,0.6599333882331848,-0.09722108393907547,0.5361617207527161,0.6671223640441895,-0.11607573181390762,0.5866050124168396,0.669298529624939,-0.12982401251792908,0.3636642098426819,0.710974931716919,-0.07677239924669266,0.42704012989997864,0.7474912405014038,-0.10486604273319244,0.4680634140968323,0.7731541395187378,-0.11675814539194107,0.5064722895622253,0.7914469838142395,-0.12485188245773315,open_palm,RRQ_p8,RRQ
0.29301875829696655,0.8945827484130859,8.998525800052448e-07,0.2403404861688614,0.7982319593429565,-0.06223830208182335,0.22248904407024384,0.6776518225669861,-0.10534461587667465,0.21653029322624207,0.567635178565979,-0.14145725965499878,0.19679628312587738,0.464744508266449,-0.17920319736003876,0.3525882661342621,0.5720440745353699,-0.09271750599145889,0.3946934938430786,0.42072558403015137,-0.14530345797538757,0.4222455620765686,0.31917768716812134,-0.18227624893188477,0.4513392746448517,0.23196321725845337,-0.20888029038906097,0.412875771522522,0.6094413995742798,-0.09676272422075272,0.48043349385261536,0.4589933753013611,-0.1465032398700714,0.5254481434822083,0.357663094997406,-0.18310949206352234,0.5681673288345337,0.26501986384391785,-0.20906078815460205,0.45382651686668396,0.6757882237434387,-0.10569506883621216,0.5250879526138306,0.5462013483047485,-0.15746167302131653,0.5733935832977295,0.45550763607025146,-0.1888701468706131,0.6191691160202026,0.367045134305954,-0.21006342768669128,0.4804556667804718,0.7619052529335022,-0.11831726878881454,0.556275486946106,0.6965252757072449,-0.1649804264307022,0.6111254096031189,0.6526765823364258,-0.18534693121910095,0.6631730794906616,0.6033543944358826,-0.19849207997322083,open_palm,RRQ_p8,RRQ
0.3353555202484131,0.7729542851448059,4.2815628376047243e-07,0.2832953929901123,0.7082667946815491,-0.030303528532385826,0.2651251256465912,0.6046743988990784,-0.047202885150909424,0.2643299996852875,0.5195249319076538,-0.062401797622442245,0.2481500804424286,0.44805043935775757,-0.07790406793355942,0.3198069632053375,0.5062254667282104,-0.03457549586892128,0.335571825504303,0.3939162790775299,-0.06402851641178131,0.34661492705345154,0.32711535692214966,-0.08711539953947067,0.359925240278244,0.2647280693054199,-0.10388486087322235,0.35781747102737427,0.514065682888031,-0.040127962827682495,0.37520426511764526,0.3910711407661438,-0.06493708491325378,0.3878353536128998,0.31522756814956665,-0.0856303796172142,0.4007146656513214,0.24506601691246033,-0.10142974555492401,0.3912428021430969,0.5427923798561096,-0.04967888444662094,0.40807175636291504,0.43003401160240173,-0.07209797948598862,0.41730430722236633,0.36239326000213623,-0.08575951308012009,0.4248540699481964,0.2993429899215698,-0.09630206972360611,0.4233880341053009,0.5890516638755798,-0.06264382600784302,0.43518030643463135,0.5017789006233215,-0.0827818512916565,0.4406319260597229,0.4439931809902191,-0.091759093105793,0.44445979595184326,0.38916802406311035,-0.09835217893123627,open_palm,RRQ_p8,RRQ
0.4427342414855957,0.5518665313720703,1.693407796210522e-07,0.4065007269382477,0.5092374086380005,-0.0126649783924222,0.3831859827041626,0.4585091769695282,-0.021065309643745422,0.3686864376068115,0.41657814383506775,-0.029700443148612976,0.3651897609233856,0.37901726365089417,-0.037626683712005615,0.4319893419742584,0.3865368962287903,-2.9913430807937402e-06,0.4421508014202118,0.33493202924728394,-0.009067473001778126,0.4438319802284241,0.30519989132881165,-0.02048245631158352,0.44287756085395813,0.27689117193222046,-0.0298434067517519,0.452913373708725,0.39137551188468933,-0.0034419831354171038,0.46292951703071594,0.3359135091304779,-0.010546252131462097,0.46143007278442383,0.3028566539287567,-0.019933544099330902,0.4561808109283447,0.2737196981906891,-0.0277674850076437,0.47143974900245667,0.40488964319229126,-0.009818007238209248,0.4807441532611847,0.3486849367618561,-0.016504459083080292,0.47954922914505005,0.3163085877895355,-0.020801231265068054,0.4746299386024475,0.2890974283218384,-0.0244744922965765,0.48822322487831116,0.42683297395706177,-0.01824057660996914,0.49469414353370667,0.37643980979919434,-0.02487204596400261,0.49469614028930664,0.3443465232849121,-0.026851335540413857,0.49207404255867004,0.3157791495323181,-0.028082717210054398,open_palm,RRQ_p8,RRQ
0.40033942461013794,0.8024805188179016,5.746967417508131e-07,0.43184807896614075,0.6922354698181152,-0.03884498029947281,0.5010843276977539,0.6129493713378906,-0.061712443828582764,0.5686729550361633,0.572273313999176,-0.08191344887018204,0.6313160061836243,0.5370805263519287,-0.10180450975894928,0.6212209463119507,0.6598936319351196,-0.04276753216981888,0.7210530042648315,0.621279776096344,-0.07945431023836136,0.7830408811569214,0.5958828926086426,-0.10731776803731918,0.838441789150238,0.5795358419418335,-0.1271398365497589,0.63774573802948,0.7274482250213623,-0.049182306975126266,0.7513039112091064,0.701188862323761,-0.0810532420873642,0.8230875730514526,0.6836001873016357,-0.1074526309967041,0.8842004537582397,0.6687833070755005,-0.12651078402996063,0.6313737034797668,0.7958048582077026,-0.06062754988670349,0.7352383136749268,0.7809799313545227,-0.09094104915857315,0.8017408847808838,0.7713249921798706,-0.10986968129873276,0.8615205883979797,0.7600484490394592,-0.1238756775856018,0.6059240102767944,0.8667199015617371,-0.07588308304548264,0.6818820238113403,0.8806321024894714,-0.10279487818479538,0.7361741662025452,0.8873704671859741,-0.11433770507574081,0.7871042490005493,0.8904575109481812,-0.12214402109384537,open_palm,RRQ_p8,RRQ
0.3928062319755554,0.7060830593109131,-2.3481308630834974e-07,0.39806655049324036,0.6035013794898987,-0.002021800260990858,0.37310343980789185,0.4938441216945648,-0.019363420084118843,0.3658311367034912,0.4114275574684143,-0.037347450852394104,0.4028112292289734,0.3528769016265869,-0.05716225504875183,0.3460608720779419,0.4788070023059845,-0.05314204469323158,0.24873711168766022,0.44178706407546997,-0.07669930160045624,0.25400644540786743,0.47416287660598755,-0.08401007950305939,0.2835492193698883,0.4931856095790863,-0.08652888983488083,0.32372403144836426,0.5420195460319519,-0.0642017126083374,0.22191497683525085,0.4991670250892639,-0.08351606875658035,0.2374272644519806,0.5295403003692627,-0.07739551365375519,0.27124711871147156,0.5490338206291199,-0.07313299179077148,0.3020887076854706,0.6088874340057373,-0.07309817522764206,0.2116904854774475,0.5680619478225708,-0.08755486458539963,0.23195421695709229,0.5899978280067444,-0.0702236145734787,0.2658855617046356,0.6064311861991882,-0.05823957547545433,0.28314539790153503,0.672846794128418,-0.0812879428267479,0.20955988764762878,0.631400465965271,-0.08885949105024338,0.22811400890350342,0.6434882879257202,-0.07369602471590042,0.25934725999832153,0.6575042009353638,-0.061960138380527496,thumbs_up,RRQ_p8,RRQ
0.29877230525016785,0.607089102268219,1.889011258526807e-08,0.3139103651046753,0.5171146392822266,-0.007558564655482769,0.31904950737953186,0.4253828227519989,-0.03326842561364174,0.3357221186161041,0.36760252714157104,-0.05736975744366646,0.37467288970947266,0.3336367607116699,-0.08239351212978363,0.3010846972465515,0.4368322491645813,-0.08056994527578354,0.2084377408027649,0.36678165197372437,-0.10863643884658813,0.21711817383766174,0.376140296459198,-0.1142260879278183,0.24284279346466064,0.4008183181285858,-0.11309690773487091,0.2694985568523407,0.4959412217140198,-0.0890779197216034,0.17432744801044464,0.4055151045322418,-0.11373743414878845,0.19303995370864868,0.41429489850997925,-0.10789742320775986,0.22389006614685059,0.44463488459587097,-0.10294709354639053,0.2384188324213028,0.5458612442016602,-0.09405665844678879,0.15569746494293213,0.45858001708984375,-0.1105353981256485,0.17584216594696045,0.4648800790309906,-0.09317437559366226,0.20529325306415558,0.4903811812400818,-0.0802777037024498,0.2085508108139038,0.5879919528961182,-0.09874933212995529,0.14590926468372345,0.5148156881332397,-0.10878188908100128,0.1645970642566681,0.5116414427757263,-0.09540601074695587,0.18971794843673706,0.5286730527877808,-0.08462148904800415,thumbs_up,RRQ_p8,RRQ
0.4324047565460205,0.5589744448661804,-4.6416812438110355e-07,0.3849774897098541,0.4989092946052551,-0.02852609194815159,0.35798922181129456,0.42092573642730713,-0.04345468431711197,0.33887776732444763,0.36272627115249634,-0.05476236343383789,0.31591489911079407,0.3144500255584717,-0.06133733689785004,0.4281488358974457,0.3456685543060303,-0.02197185531258583,0.37680956721305847,0.3996778726577759,-0.0481310673058033,0.37911731004714966,0.44233405590057373,-0.06446145474910736,0.3974248468875885,0.4411608874797821,-0.07521872222423553,0.46482133865356445,0.3691851794719696,-0.021647075191140175,0.4069383442401886,0.4294251799583435,-0.04514018073678017,0.4041341543197632,0.46487507224082947,-0.05169021338224411,0.4191439747810364,0.4568263292312622,-0.055231574922800064,0.4926559627056122,0.41211840510368347,-0.025908563286066055,0.4384766221046448,0.45949044823646545,-0.05033149942755699,0.43201789259910583,0.48977014422416687,-0.044739264994859695,0.4460998773574829,0.4816427230834961,-0.03879203647375107,0.5142097473144531,0.46094605326652527,-0.03352364897727966,0.47269392013549805,0.4929998815059662,-0.04955977201461792,0.4622019827365875,0.513813853263855,-0.04625272378325462,0.47286349534988403,0.5088809728622437,-0.04144662246108055,thumbs_up,RRQ_p8,RRQ
0.4088935852050781,0.5555884838104248,-2.7670003532875853e-07,0.39754772186279297,0.49317535758018494,-0.005377780646085739,0.4037548005580902,0.43736761808395386,-0.00817157607525587,0.41427692770957947,0.3971084654331207,-0.011150066740810871,0.42054256796836853,0.36330053210258484,-0.011863309890031815,0.4411763846874237,0.42407962679862976,-0.0029671674128621817,0.3954353332519531,0.4071950316429138,-0.017290981486439705,0.39384642243385315,0.43307018280029297,-0.025628551840782166,0.40665403008461,0.4449758231639862,-0.02939259074628353,0.4475249648094177,0.4474877715110779,-0.006719892844557762,0.3936880826950073,0.4354010820388794,-0.018930230289697647,0.3962355852127075,0.4567423462867737,-0.020838893949985504,0.40837523341178894,0.46550077199935913,-0.02100038342177868,0.4470333755016327,0.4742223620414734,-0.012678130529820919,0.39615094661712646,0.46338796615600586,-0.024612748995423317,0.3993169665336609,0.48116594552993774,-0.021061373874545097,0.411954790353775,0.48752328753471375,-0.016918519511818886,0.44113674759864807,0.5024814009666443,-0.019508587196469307,0.40054482221603394,0.4920506775379181,-0.02631422132253647,0.40266159176826477,0.5037819147109985,-0.02415691874921322,0.414997398853302,0.5100629329681396,-0.02072727680206299,thumbs_up,RRQ_p8,RRQ
0.507284939289093,0.560656726360321,-6.170113806547306e-07,0.5188311338424683,0.45985135436058044,-0.04220490902662277,0.5853630900382996,0.38073068857192993,-0.05393163859844208,0.6401122212409973,0.3322429358959198,-0.05740279331803322,0.6808074116706848,0.2798018753528595,-0.05319748818874359,0.6734776496887207,0.4312249720096588,-0.03341761603951454,0.5982564091682434,0.4097079038619995,-0.062300704419612885,0.56617271900177,0.4309477210044861,-0.07876157760620117,0.5822756290435791,0.4495415985584259,-0.08972672373056412,0.6805025935173035,0.5045015215873718,-0.02562553621828556,0.5775180459022522,0.48448649048805237,-0.050023309886455536,0.559884786605835,0.49343788623809814,-0.05591990426182747,0.5862087607383728,0.5047680139541626,-0.05882919207215309,0.6640821695327759,0.5747621655464172,-0.02378474920988083,0.565060019493103,0.5523327589035034,-0.05011012777686119,0.5518714785575867,0.5512955188751221,-0.04406479373574257,0.5802731513977051,0.5566640496253967,-0.03759899362921715,0.6392565369606018,0.6336270570755005,-0.026996957138180733,0.558197021484375,0.6087812185287476,-0.05056936666369438,0.5458729863166809,0.6067749857902527,-0.05229145660996437,0.5680647492408752,0.616030752658844,-0.04929050803184509,thumbs_up,RRQ_p8,RRQ
0.24949201941490173,0.7913485765457153,-6.835928161308402e-07,0.17432363331317902,0.7064031362533569,-0.03944274038076401,0.12340594083070755,0.6048009991645813,-0.05908343195915222,0.09080611169338226,0.5301474332809448,-0.0721357986330986,0.05889274179935455,0.46506404876708984,-0.07783957570791245,0.21650341153144836,0.5110095739364624,-0.048945795744657516,0.11292283236980438,0.592266857624054,-0.0864354595541954,0.11313653737306595,0.6485444903373718,-0.10568210482597351,0.1394336223602295,0.6550295948982239,-0.1162320226430893,0.2646540701389313,0.5612883567810059,-0.047805190086364746,0.14294983446598053,0.6779914498329163,-0.08087161183357239,0.15379869937896729,0.7126138210296631,-0.08636841922998428,0.18480795621871948,0.6954989433288574,-0.08891654759645462,0.29811060428619385,0.6339677572250366,-0.05185990780591965,0.18200498819351196,0.7429637908935547,-0.08288829773664474,0.19259077310562134,0.7586026191711426,-0.07232624292373657,0.21985802054405212,0.7375221252441406,-0.0618734285235405,0.31840628385543823,0.7106754183769226,-0.06056072190403938,0.22716355323791504,0.7873665690422058,-0.08639519661664963,0.23012879490852356,0.7917053699493408,-0.08449745923280716,0.25411587953567505,0.7681716680526733,-0.07749980688095093,thumbs_up,RRQ_p8,RRQ
0.2771052122116089,0.6838792562484741,-2.3311820029903174e-07,0.27992597222328186,0.6083475947380066,-0.025738755241036415,0.2998095750808716,0.5441349744796753,-0.04031910002231598,0.31328046321868896,0.4961618483066559,-0.05092538520693779,0.3229547142982483,0.453110933303833,-0.05671834573149681,0.3594668507575989,0.5609234571456909,-0.03268400579690933,0.2835896909236908,0.5291954278945923,-0.05964014306664467,0.2753399610519409,0.5485712289810181,-0.07553642988204956,0.2957202196121216,0.5651748180389404,-0.08432746678590775,0.35842421650886536,0.616683304309845,-0.03212544694542885,0.2538042962551117,0.5842904448509216,-0.053200043737888336,0.261415034532547,0.604794442653656,-0.05692991241812706,0.29054033756256104,0.6171690821647644,-0.058389823883771896,0.3424619138240814,0.6713553667068481,-0.03511294722557068,0.24165774881839752,0.6421507596969604,-0.05332021415233612,0.2519042491912842,0.6572886109352112,-0.04392603412270546,0.27776238322257996,0.667014479637146,-0.03522413969039917,0.31846556067466736,0.7186077833175659,-0.04175184294581413,0.24204155802726746,0.6948704123497009,-0.05826486274600029,0.2522934675216675,0.702117919921875,-0.057057421654462814,0.27760550379753113,0.7108380198478699,-0.05210273712873459,thumbs_up,RRQ_p8,RRQ
0.42399367690086365,0.6200447082519531,-3.034272140212124e-07,0.3930913209915161,0.545983612537384,-0.04295780137181282,0.3879234790802002,0.4483223259449005,-0.0612635612487793,0.3891477882862091,0.37825947999954224,-0.0709005743265152,0.3951472342014313,0.31026244163513184,-0.07516330480575562,0.4585997462272644,0.4743196964263916,-0.05138528347015381,0.36658185720443726,0.5131815671920776,-0.08028692752122879,0.37386152148246765,0.5287774801254272,-0.0984969213604927,0.40549829602241516,0.5197040438652039,-0.11042045801877975,0.48327866196632385,0.5380939841270447,-0.042370717972517014,0.3723967671394348,0.5843786001205444,-0.0618017241358757,0.3930191099643707,0.5750542283058167,-0.06504830718040466,0.4271225035190582,0.5577191710472107,-0.06981304287910461,0.48973381519317627,0.6008028984069824,-0.03784877806901932,0.3864365220069885,0.6358094811439514,-0.05816233530640602,0.40175536274909973,0.6220183372497559,-0.04646509140729904,0.43276262283325195,0.6037021279335022,-0.0372958667576313,0.4850705862045288,0.6570180654525757,-0.038606949150562286,0.40316617488861084,0.6784294247627258,-0.05935770273208618,0.4158289432525635,0.6665341854095459,-0.059080421924591064,0.44618654251098633,0.6523189544677734,-0.05568535998463631,thumbs_up,RRQ_p8,RRQ
0.2832890748977661,0.8499456644058228,-4.1160086539093754e-07,0.31816887855529785,0.7232905030250549,-0.03428507596254349,0.3109205365180969,0.6070862412452698,-0.05528082698583603,0.29427075386047363,0.5282757878303528,-0.07332522422075272,0.28568035364151,0.4441780745983124,-0.08830957859754562,0.1769769936800003,0.6004758477210999,-0.06462619453668594,0.2996276319026947,0.6125410199165344,-0.10531233251094818,0.3093101382255554,0.6497339010238647,-0.13005997240543365,0.277601033449173,0.6572237610816956,-0.15091341733932495,0.14279256761074066,0.6932634115219116,-0.06927868723869324,0.305245578289032,0.7028056383132935,-0.10403116792440414,0.304020494222641,0.7258370518684387,-0.11596184223890305,0.26393336057662964,0.7310802340507507,-0.13119076192378998,0.14077228307724,0.7878246307373047,-0.07662027329206467,0.29409900307655334,0.793347179889679,-0.10729964822530746,0.2933177053928375,0.807289719581604,-0.10388495028018951,0.2530583441257477,0.8077637553215027,-0.10659662634134293,0.15543389320373535,0.8817399740219116,-0.08890627324581146,0.27714771032333374,0.8838499784469604,-0.1198352500796318,0.280496746301651,0.8804919719696045,-0.12796741724014282,0.2437172532081604,0.8762018084526062,-0.13400140404701233,thumbs_up,RRQ_p8,RRQ
0.24380561709403992,0.44576308131217957,-2.824479850005446e-07,0.2650148272514343,0.3746636211872101,-0.010134061798453331,0.2579278349876404,0.2963305711746216,-0.01575402170419693,0.24698396027088165,0.24080218374729156,-0.021334504708647728,0.2415645271539688,0.19143085181713104,-0.024740053340792656,0.21080425381660461,0.2730594277381897,-0.013888215646147728,0.2618691921234131,0.27692940831184387,-0.03571246191859245,0.267088919878006,0.3124377727508545,-0.04894693195819855,0.25232094526290894,0.32194724678993225,-0.05774709954857826,0.1942444145679474,0.30257368087768555,-0.01810549385845661,0.2589361071586609,0.31233280897140503,-0.03770849108695984,0.26151853799819946,0.34135308861732483,-0.04314669966697693,0.24545058608055115,0.3460184931755066,-0.04695184528827667,0.18742695450782776,0.3393067717552185,-0.024836773052811623,0.24772056937217712,0.3477941155433655,-0.043074555695056915,0.2538774013519287,0.3705552816390991,-0.041991934180259705,0.24139271676540375,0.37302166223526,-0.040568213909864426,0.18689312040805817,0.3779408931732178,-0.03299209102988243,0.2369965761899948,0.3866307735443115,-0.0460406132042408,0.24496600031852722,0.3985925316810608,-0.04756195843219757,0.23620009422302246,0.3987100422382355,-0.04733163118362427,thumbs_up,RRQ_p8,RRQ
0.25528624653816223,0.4330308735370636,-1.999630825366694e-07,0.2964184284210205,0.37964364886283875,-0.01966574788093567,0.3183829188346863,0.31233182549476624,-0.0318741537630558,0.33224576711654663,0.26101499795913696,-0.043042413890361786,0.34465545415878296,0.21440920233726501,-0.051749374717473984,0.2538949251174927,0.2493414282798767,-0.01787000522017479,0.29909926652908325,0.2781136631965637,-0.040327880531549454,0.30013447999954224,0.30899038910865784,-0.0566699355840683,0.28722330927848816,0.3058101534843445,-0.06853298097848892,0.22422164678573608,0.2723305821418762,-0.019544441252946854,0.2820886969566345,0.3144519329071045,-0.03923136368393898,0.2824644446372986,0.3392214775085449,-0.04839596152305603,0.26600947976112366,0.33248236775398254,-0.05554072558879852,0.20474861562252045,0.3078116178512573,-0.02446061186492443,0.2614031136035919,0.3477109968662262,-0.04257598891854286,0.2631359100341797,0.36415863037109375,-0.043752942234277725,0.2466871738433838,0.3522903621196747,-0.04473192244768143,0.19208936393260956,0.34781935811042786,-0.031878236681222916,0.23968425393104553,0.3767769932746887,-0.046134430915117264,0.24739530682563782,0.38843289017677307,-0.04833737015724182,0.23690058290958405,0.3827003240585327,-0.0485069714486599,thumbs_up,RRQ_p8,RRQ
0.3611837327480316,0.6746225953102112,-9.803942901953633e-08,0.42100751399993896,0.5798096060752869,-0.03485887870192528,0.45965632796287537,0.48777177929878235,-0.05933881551027298,0.49916166067123413,0.4256751239299774,-0.08122456073760986,0.5350215435028076,0.3672948479652405,-0.1022145003080368,0.3277401924133301,0.4334184527397156,-0.050708796828985214,0.40606728196144104,0.46721816062927246,-0.08510387688875198,0.4347800612449646,0.4921306073665619,-0.11263690888881683,0.4419785439968109,0.4978239834308624,-0.132594496011734,0.2962464690208435,0.5016539692878723,-0.05230791121721268,0.40255433320999146,0.5449655055999756,-0.0756651982665062,0.41805049777030945,0.5580773949623108,-0.09121701866388321,0.40982943773269653,0.5549677610397339,-0.10803176462650299,0.28527671098709106,0.5795061588287354,-0.05718618258833885,0.3900624215602875,0.6162876486778259,-0.0783591940999031,0.4032636284828186,0.6197571754455566,-0.08341921120882034,0.3936856687068939,0.6099981665611267,-0.09062642604112625,0.28700757026672363,0.6543039083480835,-0.06657320261001587,0.3773002028465271,0.6799910664558411,-0.08351945132017136,0.39341652393341064,0.6809621453285217,-0.0860280841588974,0.38596460223197937,0.6736924052238464,-0.08886236697435379,thumbs_up,RRQ_p8,RRQ
0.30492928624153137,0.7378460168838501,-1.614625517731838e-07,0.34289705753326416,0.6401551961898804,-0.03389686718583107,0.3596504330635071,0.5379787087440491,-0.05370889604091644,0.3644750714302063,0.4601293206214905,-0.06962274014949799,0.36276987195014954,0.37930309772491455,-0.0832834467291832,0.27579566836357117,0.5484030842781067,-0.06508582830429077,0.39237460494041443,0.5726641416549683,-0.10144145786762238,0.3841627240180969,0.6010026335716248,-0.12218321114778519,0.3468272089958191,0.5998666882514954,-0.1383734792470932,0.2516363859176636,0.6221811771392822,-0.06710655987262726,0.3866439461708069,0.6473827362060547,-0.09412489831447601,0.3635396957397461,0.6581915020942688,-0.09793049842119217,0.3269876539707184,0.650381863117218,-0.10693071782588959,0.24906212091445923,0.6990917921066284,-0.07228777557611465,0.3725067675113678,0.7200066447257996,-0.09565050154924393,0.35059472918510437,0.7267342805862427,-0.08413813263177872,0.31758826971054077,0.7140098214149475,-0.08002748340368271,0.25593313574790955,0.7677326798439026,-0.08261144161224365,0.35270029306411743,0.7847102880477905,-0.10628146678209305,0.33737412095069885,0.782483696937561,-0.10827900469303131,0.3059040904045105,0.7744156122207642,-0.11006151139736176,thumbs_up,RRQ_p8,RRQ
0.2786717414855957,0.7742454409599304,-4.4493299355963245e-07,0.2913340926170349,0.6432310342788696,-0.0315149687230587,0.28573986887931824,0.5281146764755249,-0.04992257431149483,0.263102650642395,0.4522278904914856,-0.06564632058143616,0.23064322769641876,0.3855826258659363,-0.07627938687801361,0.23778289556503296,0.5733038187026978,-0.05495041236281395,0.3518681228160858,0.540189802646637,-0.09988332539796829,0.34198644757270813,0.5853409767150879,-0.12453214824199677,0.30190300941467285,0.5986868143081665,-0.14100028574466705,0.2343696504831314,0.653994083404541,-0.05959298089146614,0.36800527572631836,0.6138690710067749,-0.09733425825834274,0.3428156077861786,0.6473658084869385,-0.1059722900390625,0.30584776401519775,0.6579532623291016,-0.11671846359968185,0.2455250471830368,0.7258092164993286,-0.06862793862819672,0.3718612790107727,0.6872599720954895,-0.10058224201202393,0.3463209867477417,0.7155505418777466,-0.09513544291257858,0.31242865324020386,0.7196114659309387,-0.09409335255622864,0.266337513923645,0.7828301191329956,-0.081810861825943,0.36479759216308594,0.755452573299408,-0.10358878970146179,0.3442802429199219,0.7711265087127686,-0.10514289140701294,0.30763810873031616,0.7776929140090942,-0.10861803591251373,thumbs_up,RRQ_p8,RRQ
0.29928550124168396,0.7552241086959839,-1.4813936388691218e-07,0.3361712396144867,0.6486488580703735,-0.04144608974456787,0.3570712208747864,0.5457205772399902,-0.06832390278577805,0.3836590647697449,0.4731642007827759,-0.0902213603258133,0.40555670857429504,0.3998566269874573,-0.10856708139181137,0.23913538455963135,0.5676918625831604,-0.06988750398159027,0.3672369122505188,0.5640009641647339,-0.10881701111793518,0.3617796003818512,0.5929855108261108,-0.13403433561325073,0.32441025972366333,0.6103668212890625,-0.15418346226215363,0.2257489264011383,0.6459623575210571,-0.07071510702371597,0.37556320428848267,0.6365081667900085,-0.10176645964384079,0.35280218720436096,0.6505669355392456,-0.1104416772723198,0.3104621171951294,0.6580954790115356,-0.1227901428937912,0.2344931960105896,0.7233818769454956,-0.07487953454256058,0.37414366006851196,0.7085689902305603,-0.10182438045740128,0.3502025604248047,0.718955934047699,-0.09329450130462646,0.30794066190719604,0.7217936515808105,-0.09049536287784576,0.2535850703716278,0.7938038110733032,-0.08500918000936508,0.3627738356590271,0.778699517250061,-0.11532808095216751,0.34355905652046204,0.7784205675125122,-0.11933557689189911,0.30345049500465393,0.7797414660453796,-0.12102638930082321,thumbs_up,RRQ_p8,RRQ
0.4150082468986511,0.7448635697364807,6.250836577237351e-07,0.3792622685432434,0.7128801345825195,-0.022626686841249466,0.3582514822483063,0.6646875739097595,-0.04014802724123001,0.37401726841926575,0.6472519636154175,-0.0589168518781662,0.40253275632858276,0.6438525915145874,-0.07700257748365402,0.38966402411460876,0.561697244644165,-0.03244853764772415,0.38274601101875305,0.4850125014781952,-0.058854859322309494,0.37721991539001465,0.4345768094062805,-0.07452163100242615,0.3733166754245758,0.3894232511520386,-0.08394666761159897,0.42363667488098145,0.5690019130706787,-0.039275579154491425,0.43945831060409546,0.48862457275390625,-0.06734307110309601,0.44893333315849304,0.43299850821495056,-0.08235340565443039,0.4574659764766693,0.3812328279018402,-0.08867446333169937,0.4500541687011719,0.5968260169029236,-0.04829064756631851,0.4539475440979004,0.5880842804908752,-0.08301611244678497,0.4310869574546814,0.6401665806770325,-0.08523597568273544,0.4147801697254181,0.6764117479324341,-0.0762481540441513,0.467343270778656,0.6365442872047424,-0.059283677488565445,0.4656967222690582,0.6388621926307678,-0.08253985643386841,0.4457441568374634,0.6722190380096436,-0.07866638898849487,0.4301176965236664,0.6945399045944214,-0.06950922310352325,peace_sign,RRQ_p8,RRQ
0.4270024001598358,0.7672467231750488,8.871118666320399e-07,0.39720243215560913,0.7383204698562622,-0.02068018913269043,0.38116443157196045,0.7101622223854065,-0.04100049287080765,0.3888186514377594,0.7197133898735046,-0.061974383890628815,0.41278284788131714,0.7330378293991089,-0.08395198732614517,0.42120805382728577,0.6105058193206787,-0.046204619109630585,0.4358983039855957,0.5347238779067993,-0.07067239284515381,0.4457857608795166,0.4847709834575653,-0.08320053666830063,0.45731091499328613,0.44312554597854614,-0.0915549173951149,0.45614853501319885,0.6236886382102966,-0.052938006818294525,0.5047814846038818,0.576686441898346,-0.08093623071908951,0.5386216044425964,0.5487756729125977,-0.09423722326755524,0.5667732954025269,0.523475170135498,-0.09945239871740341,0.4744885563850403,0.656639575958252,-0.060165923088788986,0.46653464436531067,0.6944068074226379,-0.08975622057914734,0.4332347810268402,0.7310494184494019,-0.09458167105913162,0.4119836091995239,0.7485089302062988,-0.09041932970285416,0.4781671166419983,0.6944414973258972,-0.06892046332359314,0.4517274796962738,0.7357040643692017,-0.0903693363070488,0.42596298456192017,0.7607008218765259,-0.09073259681463242,0.4102135896682739,0.7718216180801392,-0.08595291525125504,peace_sign,RRQ_p8,RRQ
0.3783547878265381,0.6483369469642639,5.21546326126554e-07,0.3371879756450653,0.6493558883666992,-0.01592927798628807,0.30176833271980286,0.634099006652832,-0.030775047838687897,0.2910861074924469,0.612413763999939,-0.0474112406373024,0.30177056789398193,0.5896608233451843,-0.06369096785783768,0.28200027346611023,0.5280435681343079,-0.025736145675182343,0.24893426895141602,0.47140130400657654,-0.04728043079376221,0.22752609848976135,0.43852698802948,-0.058684542775154114,0.2095067799091339,0.4092753529548645,-0.06439141929149628,0.3132377564907074,0.5077894330024719,-0.033008962869644165,0.2910773754119873,0.43083441257476807,-0.05507691949605942,0.27502158284187317,0.38047364354133606,-0.06615225970745087,0.26168292760849,0.3366565704345703,-0.0699106976389885,0.34626033902168274,0.5093681812286377,-0.041757091879844666,0.32532694935798645,0.5111667513847351,-0.06993792951107025,0.32565927505493164,0.5585890412330627,-0.07371660321950912,0.3302750587463379,0.5916441082954407,-0.06737955659627914,0.37475135922431946,0.52725750207901,-0.051593929529190063,0.35251736640930176,0.5458624958992004,-0.06951228529214859,0.34439027309417725,0.5862829685211182,-0.06635934859514236,0.3421389162540436,0.6158644556999207,-0.05881078541278839,peace_sign,RRQ_p8,RRQ
0.33380430936813354,0.5639118552207947,3.4173223184552626e-07,0.312369704246521,0.5146868824958801,-0.005983403883874416,0.3113982379436493,0.4588351845741272,-0.011693350970745087,0.3212914764881134,0.4166426956653595,-0.02089075930416584,0.33003219962120056,0.38032543659210205,-0.029553191736340523,0.35209232568740845,0.4146888852119446,-0.003275049151852727,0.3657095730304718,0.35952913761138916,-0.01632334291934967,0.37310877442359924,0.3276888132095337,-0.02453547716140747,0.38033467531204224,0.30101120471954346,-0.029455849900841713,0.371008038520813,0.4266887307167053,-0.011496491730213165,0.4029986560344696,0.3637999892234802,-0.02676108106970787,0.4151657819747925,0.3223935067653656,-0.03742333874106407,0.42522263526916504,0.2904898524284363,-0.04303368553519249,0.38254374265670776,0.44926413893699646,-0.021305572241544724,0.38618525862693787,0.3938775360584259,-0.04129508137702942,0.35742729902267456,0.39859819412231445,-0.04602759703993797,0.33901405334472656,0.41265904903411865,-0.04360850155353546,0.38778290152549744,0.47653132677078247,-0.03150886669754982,0.3875541090965271,0.42822232842445374,-0.04565005004405975,0.3664309084415436,0.42266637086868286,-0.04594353958964348,0.34927985072135925,0.42960208654403687,-0.04276765510439873,peace_sign,RRQ_p8,RRQ
0.29051291942596436,0.8084458708763123,8.124367241180153e-07,0.23596926033496857,0.7575792074203491,-0.035977985709905624,0.2029740810394287,0.6704387664794922,-0.06404341012239456,0.22022584080696106,0.614782989025116,-0.09496115893125534,0.25786885619163513,0.5752697587013245,-0.12402621656656265,0.26616522669792175,0.48447126150131226,-0.04708823934197426,0.26740190386772156,0.3629865050315857,-0.09022336453199387,0.2672683000564575,0.2817285358905792,-0.11909535527229309,0.2690203785896301,0.20646610856056213,-0.13902811706066132,0.319265216588974,0.49819910526275635,-0.06144959479570389,0.34445545077323914,0.35274171829223633,-0.10749507695436478,0.35864388942718506,0.2606019675731659,-0.1355084478855133,0.3736283779144287,0.1758611500263214,-0.15133097767829895,0.3598487377166748,0.5485852360725403,-0.07973809540271759,0.3619389533996582,0.4778805375099182,-0.14162084460258484,0.31554076075553894,0.5650427341461182,-0.14730428159236908,0.28557732701301575,0.6299327611923218,-0.13589133322238922,0.38755080103874207,0.6214249134063721,-0.10076751559972763,0.37365055084228516,0.5849012136459351,-0.14884531497955322,0.3270036280155182,0.6400566697120667,-0.14776337146759033,0.29383546113967896,0.683172345161438,-0.13709032535552979,peace_sign,RRQ_p8,RRQ
0.3781711459159851,0.5435274839401245,6.337980380521913e-07,0.3521474003791809,0.5156387686729431,-0.020544173195958138,0.33141207695007324,0.48800644278526306,-0.03995915502309799,0.32194533944129944,0.4724377393722534,-0.06075642257928848,0.31479692459106445,0.4619675874710083,-0.08072006702423096,0.34073978662490845,0.38596710562705994,-0.032904528081417084,0.32802292704582214,0.31913092732429504,-0.05944490805268288,0.3190516531467438,0.27541664242744446,-0.07553894817829132,0.31385537981987,0.23748043179512024,-0.08495893329381943,0.37378260493278503,0.38970649242401123,-0.04088040813803673,0.37857866287231445,0.3166704773902893,-0.06812453269958496,0.3834095001220703,0.26655688881874084,-0.08362212777137756,0.3898313641548157,0.2231452316045761,-0.09032751619815826,0.4015994668006897,0.41551271080970764,-0.05051467567682266,0.38102227449417114,0.4173768162727356,-0.08200870454311371,0.3567943572998047,0.46389642357826233,-0.08394897729158401,0.3440800607204437,0.4960651695728302,-0.07619242370128632,0.41954392194747925,0.45384129881858826,-0.06191931664943695,0.39678701758384705,0.4649205803871155,-0.08182470500469208,0.37470394372940063,0.4916572868824005,-0.07682911306619644,0.36338531970977783,0.5104869604110718,-0.06767439842224121,peace_sign,RRQ_p8,RRQ
0.29553160071372986,0.5929424166679382,7.616833386236976e-07,0.2733520269393921,0.5274003744125366,-0.021600032225251198,0.26398253440856934,0.4668158292770386,-0.04331924021244049,0.26444244384765625,0.43138182163238525,-0.06724195182323456,0.2862136960029602,0.43091481924057007,-0.09008270502090454,0.34471574425697327,0.3929394483566284,-0.03213130682706833,0.3849017024040222,0.32204699516296387,-0.058270640671253204,0.408652663230896,0.27773937582969666,-0.07410861551761627,0.4312637448310852,0.24433296918869019,-0.08382385969161987,0.3711051046848297,0.4292461574077606,-0.04118497297167778,0.4211919605731964,0.3629564940929413,-0.07075849175453186,0.4513493776321411,0.31874680519104004,-0.08827082812786102,0.47728729248046875,0.2842251658439636,-0.09667965769767761,0.3816263973712921,0.4743802547454834,-0.052075065672397614,0.3667316436767578,0.42839378118515015,-0.08941818028688431,0.31811413168907166,0.44393298029899597,-0.09519491344690323,0.2860275208950043,0.46370503306388855,-0.08882741630077362,0.37378108501434326,0.5167157649993896,-0.06428514420986176,0.3388073444366455,0.48165103793144226,-0.0889332965016365,0.30025380849838257,0.483262300491333,-0.08767715841531754,0.27514752745628357,0.4910859763622284,-0.08072458207607269,peace_sign,RRQ_p8,RRQ
0.356814980506897,0.6046892404556274,5.89986598242831e-07,0.3192039132118225,0.5971655249595642,-0.017310364171862602,0.2845895290374756,0.5953400135040283,-0.03807875141501427,0.266334593296051,0.5984365344047546,-0.06094064190983772,0.25738218426704407,0.6010949611663818,-0.08337601274251938,0.25443926453590393,0.49454227089881897,-0.034922681748867035,0.2082420438528061,0.4541427791118622,-0.06366358697414398,0.17592167854309082,0.4304042458534241,-0.08041936904191971,0.1493641883134842,0.4092298150062561,-0.0904562696814537,0.2864355742931366,0.4744623303413391,-0.04615015909075737,0.24871304631233215,0.4135768413543701,-0.07549896836280823,0.22315078973770142,0.3723960518836975,-0.09238249063491821,0.20342318713665009,0.3301251530647278,-0.10024391859769821,0.32521486282348633,0.478884220123291,-0.05849592015147209,0.2943827509880066,0.5122150778770447,-0.09055677056312561,0.29085972905158997,0.5666855573654175,-0.09113850444555283,0.29588449001312256,0.5934219360351562,-0.08270648121833801,0.3620451092720032,0.50071781873703,-0.07236622273921967,0.3355023264884949,0.5279316306114197,-0.09131817519664764,0.3288019597530365,0.5594435334205627,-0.08344953507184982,0.33205994963645935,0.5727671384811401,-0.07267174869775772,peace_sign,RRQ_p8,RRQ
0.21744967997074127,0.8837405443191528,4.990036472918291e-07,0.2744187116622925,0.8591023087501526,-0.024306995794177055,0.3177991509437561,0.8125051856040955,-0.036374904215335846,0.2980095446109772,0.8058999180793762,-0.05109409987926483,0.2586500346660614,0.8230515122413635,-0.06630503386259079,0.3025132119655609,0.6866616606712341,-0.018434761092066765,0.3241795599460602,0.5912185311317444,-0.041489358991384506,0.33768701553344727,0.5311957597732544,-0.05441529303789139,0.3464928865432739,0.4792332053184509,-0.06096085160970688,0.2574118971824646,0.6818193793296814,-0.025578275322914124,0.2324407994747162,0.5800614356994629,-0.0571572445333004,0.21308284997940063,0.5164431929588318,-0.07802596688270569,0.19591614603996277,0.4638128876686096,-0.08486396819353104,0.2216692715883255,0.7002250552177429,-0.03548995777964592,0.21800445020198822,0.7042889595031738,-0.08294746279716492,0.23614531755447388,0.7683699131011963,-0.10042372345924377,0.24680036306381226,0.8120741844177246,-0.09512341767549515,0.19676735997200012,0.7326897382736206,-0.04650453105568886,0.2026955485343933,0.7413113117218018,-0.08035784214735031,0.22256970405578613,0.7953006625175476,-0.0836733877658844,0.23725077509880066,0.8427507281303406,-0.07503069937229156,peace_sign,RRQ_p8,RRQ
0.23821616172790527,0.8630059361457825,7.649037456758379e-07,0.2883304953575134,0.8478623628616333,-0.03497171029448509,0.32520419359207153,0.8074920773506165,-0.055959075689315796,0.3142402768135071,0.787811279296875,-0.07768318057060242,0.27537432312965393,0.7925400137901306,-0.09856324642896652,0.29892030358314514,0.6712068319320679,-0.035645242780447006,0.2997816205024719,0.5781095623970032,-0.06921781599521637,0.2981390357017517,0.5198685526847839,-0.08711983263492584,0.29212403297424316,0.46711236238479614,-0.0958092212677002,0.25949352979660034,0.6683245897293091,-0.04182370752096176,0.26106691360473633,0.5718430876731873,-0.08056635409593582,0.2628582715988159,0.5018422603607178,-0.09959027171134949,0.26031434535980225,0.44118422269821167,-0.10419062525033951,0.2257242053747177,0.6916837096214294,-0.052303120493888855,0.21377234160900116,0.6942220330238342,-0.105332151055336,0.23685020208358765,0.7650972604751587,-0.11707720905542374,0.25676897168159485,0.8144534230232239,-0.1070316880941391,0.19693760573863983,0.7312530875205994,-0.06515698879957199,0.19826382398605347,0.7593489289283752,-0.10252951085567474,0.22163847088813782,0.8106057047843933,-0.10516578704118729,0.242619588971138,0.8464795351028442,-0.09608479589223862,peace_sign,RRQ_p8,RRQ
0.2962765693664551,0.7231788635253906,5.007579488847114e-07,0.3281993269920349,0.6797955632209778,-0.028547311201691628,0.3435485064983368,0.6360498666763306,-0.04959991201758385,0.3482709228992462,0.6057946681976318,-0.07171905040740967,0.33310607075691223,0.5970978736877441,-0.0922698900103569,0.281185507774353,0.5339176058769226,-0.038041286170482635,0.25035983324050903,0.4611107409000397,-0.06720630079507828,0.2297936975955963,0.421823114156723,-0.0843018889427185,0.20799213647842407,0.38896939158439636,-0.09396310895681381,0.2550143003463745,0.5599425435066223,-0.04669985920190811,0.22425436973571777,0.4817800223827362,-0.07910309731960297,0.20337915420532227,0.428195595741272,-0.09660332649946213,0.18162262439727783,0.3864908814430237,-0.10388204455375671,0.2383875846862793,0.6029611825942993,-0.05855691432952881,0.2478841245174408,0.5677751302719116,-0.10084254294633865,0.2907983362674713,0.5931180715560913,-0.1096242368221283,0.31864994764328003,0.6156694293022156,-0.1036221981048584,0.23220399022102356,0.6537643671035767,-0.07271400839090347,0.25384584069252014,0.6421121954917908,-0.10201483219861984,0.2823692560195923,0.6513004302978516,-0.10436470806598663,0.30000558495521545,0.6610240936279297,-0.09920841455459595,peace_sign,RRQ_p8,RRQ
0.25683048367500305,0.6286787986755371,7.808769169059815e-07,0.299206405878067,0.6047790050506592,-0.028555257245898247,0.3225749433040619,0.5739454627037048,-0.04945807158946991,0.3073888123035431,0.5912737846374512,-0.0716889277100563,0.28188416361808777,0.6236239075660706,-0.09461541473865509,0.2913267910480499,0.46628475189208984,-0.04002948850393295,0.2780255973339081,0.3803672194480896,-0.07121206820011139,0.268405556678772,0.3285512924194336,-0.08701127767562866,0.2573296129703522,0.2819097638130188,-0.09329822659492493,0.25087594985961914,0.46750152111053467,-0.04686440899968147,0.23787078261375427,0.384965181350708,-0.08117816597223282,0.23034386336803436,0.3221880793571472,-0.0989922285079956,0.22125636041164398,0.2701890468597412,-0.10251165181398392,0.21813827753067017,0.48906970024108887,-0.05626288056373596,0.22210824489593506,0.5329905152320862,-0.10226596146821976,0.2517009973526001,0.5937026739120483,-0.11450992524623871,0.2741401195526123,0.6344524621963501,-0.10532896220684052,0.19445045292377472,0.5232544541358948,-0.06756176799535751,0.2073628157377243,0.5702579617500305,-0.09677912294864655,0.23541410267353058,0.6152183413505554,-0.09571672976016998,0.25631311535835266,0.6477259397506714,-0.08437707275152206,peace_sign,RRQ_p8,RRQ
0.29181063175201416,0.8002109527587891,6.821682632107695e-07,0.3420417010784149,0.7793707847595215,-0.02567768283188343,0.3805476427078247,0.7228598594665527,-0.0419154092669487,0.36858415603637695,0.6790526509284973,-0.0598658062517643,0.3374386727809906,0.6711445450782776,-0.0770178735256195,0.3623966872692108,0.5875176191329956,-0.0266594085842371,0.3774344325065613,0.5009663105010986,-0.054787810891866684,0.38516002893447876,0.4427390694618225,-0.0726035088300705,0.3886669874191284,0.3915901184082031,-0.08312102407217026,0.3243277072906494,0.5835198760032654,-0.03478049114346504,0.34879928827285767,0.4904376268386841,-0.06539083272218704,0.36436760425567627,0.4248177409172058,-0.08270285278558731,0.37404778599739075,0.3676300048828125,-0.09045066684484482,0.2862391769886017,0.6042139530181885,-0.0459052175283432,0.305475652217865,0.5646098256111145,-0.08751323074102402,0.32136601209640503,0.6250050663948059,-0.09204509854316711,0.3283466696739197,0.673799991607666,-0.08260678499937057,0.25057166814804077,0.6430970430374146,-0.0592140294611454,0.27651578187942505,0.6310232877731323,-0.08927309513092041,0.2995400130748749,0.6698155999183655,-0.08767469972372055,0.312186598777771,0.7021265029907227,-0.07844053953886032,peace_sign,RRQ_p8,RRQ
0.28804531693458557,0.8152590990066528,7.429996458085952e-07,0.33826744556427,0.8013849258422852,-0.024515710771083832,0.3760986626148224,0.7613779902458191,-0.04415534436702728,0.39485207200050354,0.7300695180892944,-0.06668812781572342,0.3952953815460205,0.7142475247383118,-0.08701484650373459,0.3856225907802582,0.6291244626045227,-0.03244670853018761,0.4198138117790222,0.5511816740036011,-0.06433624774217606,0.43842241168022156,0.4996066093444824,-0.08359033614397049,0.45138058066368103,0.45276784896850586,-0.0950080007314682,0.34869012236595154,0.61308354139328,-0.042802948504686356,0.38681718707084656,0.5293270945549011,-0.08070942759513855,0.4140736758708954,0.46922653913497925,-0.10062027722597122,0.43372732400894165,0.4177149534225464,-0.10917019098997116,0.3078274130821228,0.6200649738311768,-0.055892687290906906,0.34706878662109375,0.6000206470489502,-0.10150988399982452,0.3587818741798401,0.670779824256897,-0.10507534444332123,0.36078301072120667,0.722176194190979,-0.09397759288549423,0.27181869745254517,0.6474252939224243,-0.07154453545808792,0.3091011643409729,0.6623501181602478,-0.10337898880243301,0.3320501446723938,0.7059657573699951,-0.10421407222747803,0.34557968378067017,0.7380269765853882,-0.09621484577655792,peace_sign,RRQ_p8,RRQ
0.24636931717395782,0.8025350570678711,6.210781293702894e-07,0.2860831916332245,0.7622236609458923,-0.029748912900686264,0.3116530776023865,0.7168651819229126,-0.053499095141887665,0.3082979917526245,0.712451696395874,-0.07894270867109299,0.28552162647247314,0.7455268502235413,-0.10424142330884933,0.25157448649406433,0.6162359118461609,-0.04417702555656433,0.2102167010307312,0.5365185141563416,-0.08060777187347412,0.18358251452445984,0.4944690465927124,-0.0996885746717453,0.156452476978302,0.45635199546813965,-0.10918817669153214,0.21148797869682312,0.6346206665039062,-0.05455230921506882,0.17011156678199768,0.5515350103378296,-0.09642986953258514,0.13875740766525269,0.49610239267349243,-0.11665920168161392,0.10767465084791183,0.45161908864974976,-0.12209440022706985,0.18547871708869934,0.6725842952728271,-0.06786450743675232,0.18539783358573914,0.6845189929008484,-0.1199481338262558,0.23160859942436218,0.7297243475914001,-0.13043087720870972,0.2676254212856293,0.7585262656211853,-0.1205381378531456,0.17138151824474335,0.7226108908653259,-0.08334667235612869,0.18518304824829102,0.7491540312767029,-0.1175013929605484,0.22165536880493164,0.7759864330291748,-0.11807497590780258,0.2518075406551361,0.7910543084144592,-0.10879378020763397,peace_sign,RRQ_p8,RRQ
0.29323554039001465,0.48638901114463806,-1.5730917368728115e-07,0.3278214633464813,0.4546380639076233,0.004673282150179148,0.3606322407722473,0.43011951446533203,-0.00010125309199793264,0.38021716475486755,0.40398532152175903,-0.006769994273781776,0.38995012640953064,0.37580257654190063,-0.015623335726559162,0.38967132568359375,0.4408103823661804,-0.013829865492880344,0.4010157883167267,0.37232205271720886,-0.028575865551829338,0.4049137830734253,0.3291715085506439,-0.03981007635593414,0.40847206115722656,0.2957899868488312,-0.04715311527252197,0.37475261092185974,0.4426722526550293,-0.02473941259086132,0.3877430856227875,0.36470481753349304,-0.03689683601260185,0.39559850096702576,0.31773439049720764,-0.04507839307188988,0.4021129608154297,0.27871543169021606,-0.05210874602198601,0.3525211811065674,0.43981194496154785,-0.034905921667814255,0.36480650305747986,0.36392131447792053,-0.04545645788311958,0.37448641657829285,0.31891393661499023,-0.04945280775427818,0.38345131278038025,0.28305691480636597,-0.05318637564778328,0.3258306682109833,0.4319952428340912,-0.04436378926038742,0.33621951937675476,0.37492695450782776,-0.05394430458545685,0.3453642427921295,0.34244033694267273,-0.05603756383061409,0.35497236251831055,0.31599047780036926,-0.0574825182557106,neutral,RRQ_p8,RRQ
0.33388203382492065,0.5352123379707336,-7.072382146589007e-08,0.37790074944496155,0.5173892378807068,-0.003052609972655773,0.4157945513725281,0.48451900482177734,-0.012712839059531689,0.4334177076816559,0.4410701394081116,-0.01999012380838394,0.4205709993839264,0.40898704528808594,-0.027719391509890556,0.3958919048309326,0.47045326232910156,-0.04415520280599594,0.398296594619751,0.40235164761543274,-0.05547182634472847,0.3964225649833679,0.4181104600429535,-0.056046005338430405,0.3936639130115509,0.4465084969997406,-0.0539281852543354,0.3625597059726715,0.46536141633987427,-0.04679104685783386,0.36934104561805725,0.3905218243598938,-0.052923381328582764,0.37001562118530273,0.4060503840446472,-0.047839511185884476,0.36746636033058167,0.4332602024078369,-0.04593043401837349,0.33259645104408264,0.46022579073905945,-0.04685605689883232,0.33860522508621216,0.3923393785953522,-0.049424681812524796,0.3404892683029175,0.4089025557041168,-0.039292242377996445,0.3396451473236084,0.43579724431037903,-0.03451872617006302,0.30591055750846863,0.45671090483665466,-0.046404194086790085,0.3107249140739441,0.3981173038482666,-0.04769975692033768,0.31282883882522583,0.4102679491043091,-0.039069708436727524,0.31224849820137024,0.4334796369075775,-0.033697761595249176,neutral,RRQ_p8,RRQ
0.4203217327594757,0.49745339155197144,-3.1260455557458044e-07,0.43873727321624756,0.440136194229126,0.007714766077697277,0.43637585639953613,0.3733654022216797,0.006020956207066774,0.41829851269721985,0.32078033685684204,0.0017536270897835493,0.3948218524456024,0.2897854149341583,-0.0030425237491726875,0.45123791694641113,0.33425673842430115,0.0005066472804173827,0.4208855926990509,0.27453914284706116,-0.012317072600126266,0.3995240032672882,0.2492123246192932,-0.020367441698908806,0.3831559419631958,0.23347756266593933,-0.024975528940558434,0.43856945633888245,0.3428235352039337,-0.00920151174068451,0.39356300234794617,0.2804115414619446,-0.02061285451054573,0.3767206072807312,0.2971639633178711,-0.02078811451792717,0.37392503023147583,0.3155800402164459,-0.019851773977279663,0.419559508562088,0.3586738109588623,-0.018941989168524742,0.3781305253505707,0.30079758167266846,-0.029756715521216393,0.3691001832485199,0.32340213656425476,-0.022689661011099815,0.373953253030777,0.34319862723350525,-0.016687680035829544,0.3968537449836731,0.3787650763988495,-0.028089404106140137,0.3622509241104126,0.3416998088359833,-0.03510059416294098,0.36022046208381653,0.35948383808135986,-0.02990805357694626,0.36914607882499695,0.37519362568855286,-0.024979449808597565,neutral,RRQ_p8,RRQ
0.4356340765953064,0.5097894668579102,-2.900463300647971e-07,0.45432454347610474,0.4526596665382385,0.014222203753888607,0.4493674039840698,0.38834908604621887,0.015596170909702778,0.43113476037979126,0.3381762206554413,0.013570834882557392,0.40641075372695923,0.31432655453681946,0.009701503440737724,0.46176767349243164,0.3457903265953064,-0.0013141143135726452,0.42215338349342346,0.280680775642395,-0.013617278076708317,0.394188791513443,0.2521549165248871,-0.021821750327944756,0.3721162974834442,0.23637107014656067,-0.0257146954536438,0.4516963064670563,0.35580357909202576,-0.01259325910359621,0.4033662676811218,0.2852102518081665,-0.021336065605282784,0.36806005239486694,0.2685987651348114,-0.023218270391225815,0.3424542248249054,0.26387205719947815,-0.02418803796172142,0.4340842366218567,0.371594101190567,-0.02291460894048214,0.38844534754753113,0.30877685546875,-0.02907009795308113,0.3562244772911072,0.29413989186286926,-0.028816664591431618,0.333895742893219,0.29023227095603943,-0.028607111424207687,0.4106648564338684,0.3922630846500397,-0.03190023452043533,0.3725069761276245,0.34761232137680054,-0.034881893545389175,0.34869134426116943,0.3336697220802307,-0.034149419516325,0.33033376932144165,0.3254905939102173,-0.033337220549583435,neutral,RRQ_p8,RRQ
0.41838401556015015,0.5367397665977478,2.5058473074324183e-09,0.43140819668769836,0.46375221014022827,0.018465107306838036,0.41336074471473694,0.4017083942890167,0.02398711070418358,0.39072471857070923,0.3647323250770569,0.025413932278752327,0.3686365485191345,0.34847524762153625,0.024187851697206497,0.4063360393047333,0.3617112636566162,0.0013015831355005503,0.36521658301353455,0.29697585105895996,-0.0060397046618163586,0.34181004762649536,0.259447306394577,-0.01035240851342678,0.32278358936309814,0.23070362210273743,-0.012823148630559444,0.3896409869194031,0.37435123324394226,-0.012812226079404354,0.3396085202693939,0.3017982244491577,-0.020658204331994057,0.3104950785636902,0.2590721845626831,-0.026211483404040337,0.2883257269859314,0.22626179456710815,-0.02998780831694603,0.37135493755340576,0.39688095450401306,-0.02458733133971691,0.32539212703704834,0.33143171668052673,-0.030047031119465828,0.29759106040000916,0.2938551604747772,-0.03499417006969452,0.2773979902267456,0.26398172974586487,-0.03855239227414131,0.3528019189834595,0.4279552698135376,-0.03429867699742317,0.31779029965400696,0.3764266073703766,-0.03844365105032921,0.29756027460098267,0.3471204340457916,-0.03954519331455231,0.28101056814193726,0.3218699097633362,-0.039861273020505905,neutral,RRQ_p8,RRQ
0.37203317880630493,0.5039544105529785,-3.781669875024818e-07,0.3586772680282593,0.44577866792678833,0.02223340980708599,0.32373762130737305,0.4185999929904938,0.03355038911104202,0.2919813394546509,0.41793885827064514,0.0387173555791378,0.2690249979496002,0.4335763156414032,0.041411492973566055,0.3086561858654022,0.3713337182998657,0.035606350749731064,0.2709171175956726,0.41234683990478516,0.038312092423439026,0.253053218126297,0.4473938047885895,0.03365134075284004,0.2402828484773636,0.47692984342575073,0.029710521921515465,0.29401102662086487,0.3811233341693878,0.024130534380674362,0.2562163174152374,0.43480947613716125,0.030760999768972397,0.23927274346351624,0.4690210223197937,0.023541178554296494,0.22454814612865448,0.49706748127937317,0.01523907296359539,0.28404030203819275,0.40264976024627686,0.013363995589315891,0.24827086925506592,0.45273053646087646,0.014971237629652023,0.23590585589408875,0.4903487265110016,0.005853692069649696,0.22618722915649414,0.5210056900978088,-0.002589060692116618,0.2774699330329895,0.4300999045372009,0.004420537501573563,0.25237932801246643,0.4695608615875244,0.0031914319843053818,0.24559617042541504,0.4984000623226166,-0.0010751025984063745,0.23864060640335083,0.5258612036705017,-0.004654773510992527,neutral,RRQ_p8,RRQ
0.23425529897212982,0.8683302998542786,-1.3721967206947738e-07,0.27178359031677246,0.8332622051239014,0.0013258281396701932,0.3178163766860962,0.8256420493125916,-0.004534624051302671,0.35727253556251526,0.8330216407775879,-0.01059213187545538,0.3858097493648529,0.8359017968177795,-0.013872604817152023,0.3221118152141571,0.8197646737098694,-0.02315300516784191,0.38165199756622314,0.8521586656570435,-0.03614595904946327,0.3692000210285187,0.8649871349334717,-0.03759429231286049,0.35187023878097534,0.8609713912010193,-0.03532040864229202,0.3151164650917053,0.8544596433639526,-0.02885911986231804,0.3741648197174072,0.886197030544281,-0.03839936852455139,0.3656230568885803,0.8973372578620911,-0.03497457504272461,0.35087791085243225,0.8938489556312561,-0.03136017918586731,0.3068685233592987,0.8898690342903137,-0.033815898001194,0.36526912450790405,0.9170655012130737,-0.03850092738866806,0.36884182691574097,0.9296342134475708,-0.031550802290439606,0.36317017674446106,0.9293996691703796,-0.02669255994260311,0.29890233278274536,0.9213222861289978,-0.038351040333509445,0.3435693383216858,0.9404162764549255,-0.04020150378346443,0.36405324935913086,0.9540855884552002,-0.037124037742614746,0.3787460923194885,0.9609671235084534,-0.034798458218574524,neutral,RRQ_p8,RRQ
0.47555598616600037,0.659619927406311,-2.6474637593310035e-08,0.49143505096435547,0.5917428135871887,0.005789995659142733,0.49036040902137756,0.5198414325714111,0.002414178568869829,0.48466283082962036,0.46328243613243103,-0.001977368490770459,0.48178771138191223,0.41999441385269165,-0.008025254122912884,0.4724835157394409,0.4953005611896515,-0.017801327630877495,0.4234066903591156,0.43968018889427185,-0.029898466542363167,0.3927810788154602,0.41152051091194153,-0.03653143346309662,0.3681285083293915,0.3914368450641632,-0.04014890640974045,0.4511352479457855,0.5177037715911865,-0.026675119996070862,0.396262526512146,0.45700034499168396,-0.03695174306631088,0.3624599874019623,0.4265088737010956,-0.041581891477108,0.33690959215164185,0.40565913915634155,-0.04526454955339432,0.42835932970046997,0.5433107614517212,-0.033921826630830765,0.37796008586883545,0.49006250500679016,-0.04046215862035751,0.3492811322212219,0.461262971162796,-0.04090641438961029,0.329176664352417,0.44089898467063904,-0.04182633385062218,0.4066196084022522,0.571077287197113,-0.04024592414498329,0.36742159724235535,0.5271716117858887,-0.04403413459658623,0.34709876775741577,0.5047954320907593,-0.041994359344244,0.33169808983802795,0.48625800013542175,-0.04017987847328186,neutral,RRQ_p8,RRQ
0.29967114329338074,0.8514944911003113,-6.474082425711458e-08,0.2924262285232544,0.7707995176315308,-0.0008610005024820566,0.25539350509643555,0.718362033367157,-0.0015634930459782481,0.20556527376174927,0.6953098773956299,-0.0004911297583021224,0.1709081083536148,0.6807597279548645,0.0033066028263419867,0.19154268503189087,0.7498311996459961,-0.01073597464710474,0.13552328944206238,0.7238921523094177,-0.009749564342200756,0.15471668541431427,0.7163170576095581,-0.005420064553618431,0.17539362609386444,0.7235205769538879,-0.0008526973542757332,0.1766071766614914,0.7956390976905823,-0.00908720027655363,0.12479177117347717,0.7591515183448792,-0.0011969221523031592,0.14230108261108398,0.7455933690071106,0.00558472378179431,0.16094742715358734,0.7527006268501282,0.008329208940267563,0.1734868586063385,0.8362079858779907,-0.00589667446911335,0.12488900870084763,0.8045673966407776,0.002389922272413969,0.13942240178585052,0.7890558838844299,0.011121545918285847,0.15872983634471893,0.7947275638580322,0.014267652295529842,0.17744866013526917,0.8710852861404419,-0.0023237464483827353,0.1361699402332306,0.8490903973579407,0.004994375631213188,0.14479269087314606,0.8361934423446655,0.014779487624764442,0.15973737835884094,0.8390539884567261,0.021349456161260605,neutral,RRQ_p8,RRQ
0.25609809160232544,0.49132734537124634,2.4561066513939522e-09,0.25686872005462646,0.43610718846321106,0.020156340673565865,0.23475217819213867,0.40002119541168213,0.02696695551276207,0.22080188989639282,0.37708964943885803,0.026537837460637093,0.2065591812133789,0.3589661121368408,0.02544272132217884,0.1873023808002472,0.40088027715682983,0.024312082678079605,0.16944119334220886,0.3522825539112091,0.020446183159947395,0.1741417944431305,0.3238421380519867,0.01653985306620598,0.1835147589445114,0.31383460760116577,0.01499346923083067,0.18244050443172455,0.4072883427143097,0.008361287415027618,0.16062228381633759,0.3488289713859558,0.006919729523360729,0.1698705404996872,0.320915162563324,0.0053074657917022705,0.1829068511724472,0.3130478262901306,0.004577144980430603,0.18184366822242737,0.4111998975276947,-0.007812820374965668,0.15636122226715088,0.3539823293685913,-0.00820074137300253,0.16747939586639404,0.32893550395965576,-0.005673696752637625,0.18120817840099335,0.3229685425758362,-0.004189410712569952,0.1860928237438202,0.40899351239204407,-0.023184027522802353,0.16461241245269775,0.3660995662212372,-0.023334302008152008,0.1677302122116089,0.34273761510849,-0.01952359825372696,0.17621126770973206,0.3339819610118866,-0.01651725545525551,neutral,RRQ_p8,RRQ
0.2609950006008148,0.4945816099643707,2.836971901842844e-08,0.2268017679452896,0.44290515780448914,0.0029811090789735317,0.21201014518737793,0.3835124969482422,0.0008422169485129416,0.21323776245117188,0.3306414484977722,-0.0020720805041491985,0.21906080842018127,0.2902870774269104,-0.0046829720959067345,0.2621096074581146,0.3431105613708496,-0.005739295855164528,0.28151023387908936,0.26955270767211914,-0.010056983679533005,0.28748106956481934,0.23813864588737488,-0.01154955755919218,0.2887948453426361,0.22055643796920776,-0.011650468222796917,0.28994399309158325,0.35519012808799744,-0.011538149788975716,0.3048149049282074,0.2802589237689972,-0.015471376478672028,0.3049326539039612,0.24871541559696198,-0.016997193917632103,0.3014233410358429,0.23334749042987823,-0.017470235005021095,0.31414300203323364,0.3742709755897522,-0.017118684947490692,0.33461856842041016,0.30077800154685974,-0.021371927112340927,0.34285953640937805,0.25885212421417236,-0.024527277797460556,0.3466488718986511,0.23057129979133606,-0.02672845497727394,0.33497685194015503,0.39688676595687866,-0.02172958292067051,0.3557959794998169,0.3436761796474457,-0.026467930525541306,0.36674749851226807,0.30958300828933716,-0.02793087437748909,0.37460991740226746,0.27912887930870056,-0.028029870241880417,neutral,RRQ_p8,RRQ
0.21970771253108978,0.5135002732276917,-1.5362407168595382e-07,0.19046078622341156,0.4788845479488373,-0.004447529092431068,0.16835357248783112,0.4235279858112335,-0.013022439554333687,0.16145390272140503,0.3698650896549225,-0.02144996076822281,0.160073384642601,0.330765038728714,-0.027419138699769974,0.14301246404647827,0.4294801354408264,-0.024400334805250168,0.16280633211135864,0.35256892442703247,-0.0402030386030674,0.17815393209457397,0.36639344692230225,-0.04526804760098457,0.176666259765625,0.3875066637992859,-0.047390930354595184,0.1650448739528656,0.4370121657848358,-0.0306380745023489,0.19143497943878174,0.369748055934906,-0.041947703808546066,0.2006598562002182,0.39052826166152954,-0.039131421595811844,0.19485172629356384,0.41291895508766174,-0.03833901137113571,0.19077135622501373,0.44201773405075073,-0.03729759901762009,0.21270652115345,0.39099037647247314,-0.04365614801645279,0.21765641868114471,0.41305866837501526,-0.03373498469591141,0.21025818586349487,0.4314269721508026,-0.029028085991740227,0.21597617864608765,0.4449789822101593,-0.04476878419518471,0.2299571931362152,0.4090648293495178,-0.044853683561086655,0.23325897753238678,0.43056243658065796,-0.035909347236156464,0.2276221215724945,0.44699913263320923,-0.030991330742836,neutral,RRQ_p8,RRQ
0.2785041034221649,0.6430125832557678,-2.910482521656377e-07,0.2391146719455719,0.5776705145835876,-0.003335087327286601,0.22492417693138123,0.4996778070926666,-0.01328585296869278,0.23219582438468933,0.423916220664978,-0.022655531764030457,0.257386714220047,0.37963953614234924,-0.028554126620292664,0.24083209037780762,0.5036194920539856,-0.02964210882782936,0.2689703702926636,0.41084524989128113,-0.04670662805438042,0.26675233244895935,0.4340563416481018,-0.050990018993616104,0.2602004110813141,0.4659810960292816,-0.050600696355104446,0.27875691652297974,0.5205712914466858,-0.0340462327003479,0.30362236499786377,0.43133968114852905,-0.04074332118034363,0.2999778091907501,0.45356643199920654,-0.03368362784385681,0.2918149530887604,0.483563631772995,-0.02947964146733284,0.3156029284000397,0.5385525822639465,-0.03795000538229942,0.33340033888816833,0.46084511280059814,-0.039851605892181396,0.3285147547721863,0.482761025428772,-0.02353605069220066,0.32139843702316284,0.5118798017501831,-0.013885912485420704,0.34823036193847656,0.5581480264663696,-0.04225170239806175,0.35623618960380554,0.48962390422821045,-0.040025245398283005,0.35024765133857727,0.5082764625549316,-0.025883525609970093,0.34610268473625183,0.535114586353302,-0.016467301174998283,neutral,RRQ_p8,RRQ
0.37202346324920654,0.8801572322845459,-4.55574166835504e-07,0.3057512044906616,0.8661198616027832,0.0017443886026740074,0.25325286388397217,0.8163714408874512,-0.006644685287028551,0.21798402070999146,0.7763821482658386,-0.01612190715968609,0.1861463487148285,0.7491495609283447,-0.02797389216721058,0.26502126455307007,0.7466267943382263,-0.04038265347480774,0.19405445456504822,0.770815908908844,-0.07109617441892624,0.15426847338676453,0.8033608794212341,-0.09003757685422897,0.12930777668952942,0.8346622586250305,-0.10104051232337952,0.28374314308166504,0.7598145604133606,-0.05557211488485336,0.20299023389816284,0.7858246564865112,-0.08247417211532593,0.1611035168170929,0.8231738209724426,-0.09416711330413818,0.135075181722641,0.8576230406761169,-0.10384489595890045,0.3053103983402252,0.7883308529853821,-0.0702587366104126,0.23297220468521118,0.806401789188385,-0.09601696580648422,0.1927603781223297,0.8403170704841614,-0.10421992093324661,0.16518136858940125,0.8699724674224854,-0.10992897301912308,0.3267596960067749,0.8299949765205383,-0.08394477516412735,0.27655982971191406,0.8413512110710144,-0.10839377343654633,0.24230924248695374,0.8603311777114868,-0.11890638619661331,0.21370463073253632,0.8778291940689087,-0.12599292397499084,neutral,RRQ_p8,RRQ
0.157617449760437,0.42844080924987793,2.5964439487324853e-07,0.18868108093738556,0.435982882976532,-0.0067567359656095505,0.2202722430229187,0.4315250813961029,-0.012670982629060745,0.24408873915672302,0.4300902783870697,-0.01879119500517845,0.2619950473308563,0.427287757396698,-0.023955142125487328,0.20806638896465302,0.3520810902118683,-0.0023239378351718187,0.2431073635816574,0.38286522030830383,-0.01443886011838913,0.26373621821403503,0.4099235236644745,-0.026848269626498222,0.277761310338974,0.4326784610748291,-0.03522327542304993,0.20589469373226166,0.3432467579841614,-0.005157611798495054,0.24356862902641296,0.38240572810173035,-0.017193645238876343,0.2646597921848297,0.41301003098487854,-0.02631821110844612,0.27959924936294556,0.438032865524292,-0.03198680281639099,0.20531952381134033,0.34459275007247925,-0.009440146386623383,0.2428293079137802,0.3809831738471985,-0.02220425382256508,0.2630133330821991,0.4084215462207794,-0.026783984154462814,0.2760653495788574,0.4309716820716858,-0.027801986783742905,0.20583486557006836,0.35198941826820374,-0.0147014195099473,0.23814213275909424,0.3801906704902649,-0.024929149076342583,0.25423550605773926,0.40328842401504517,-0.026420842856168747,0.2652512192726135,0.42234644293785095,-0.025182712823152542,neutral,RRQ_p8,RRQ
