x0,y0,z0,x1,y1,z1,x2,y2,z2,x3,y3,z3,x4,y4,z4,x5,y5,z5,x6,y6,z6,x7,y7,z7,x8,y8,z8,x9,y9,z9,x10,y10,z10,x11,y11,z11,x12,y12,z12,x13,y13,z13,x14,y14,z14,x15,y15,z15,x16,y16,z16,x17,y17,z17,x18,y18,z18,x19,y19,z19,x20,y20,z20,label,person_id,collector
0.7977858185768127,0.9081188440322876,-4.3740953969972907e-07,0.7097780108451843,0.8404119610786438,-0.02240625023841858,0.6299487352371216,0.7412225008010864,-0.049297817051410675,0.5847140550613403,0.6568422317504883,-0.08339008688926697,0.6048012375831604,0.583083987236023,-0.1146785318851471,0.6735531687736511,0.543010950088501,-1.7180807844852097e-05,0.6164933443069458,0.4402925372123718,-0.04077130928635597,0.5738853216171265,0.371623158454895,-0.056062452495098114,0.5443036556243896,0.3130266070365906,-0.0668000876903534,0.7356250882148743,0.5249525904655457,-0.01718449406325817,0.6411039233207703,0.5010780692100525,-0.07282518595457077,0.6511600017547607,0.6356675028800964,-0.06625891476869583,0.6878128051757812,0.6557262539863586,-0.04501478374004364,0.795915424823761,0.5366953611373901,-0.04288826137781143,0.6977813839912415,0.56641685962677,-0.0957009568810463,0.7072135806083679,0.6854959726333618,-0.06223536655306816,0.742283821105957,0.690767765045166,-0.026220358908176422,0.8475356698036194,0.5777624845504761,-0.07325807958841324,0.7564034461975098,0.6248394250869751,-0.09984047710895538,0.7586968541145325,0.704874575138092,-0.07652680575847626,0.7901622653007507,0.7060906887054443,-0.05226968601346016,point,RRQ_p35,RRQ
0.755091667175293,0.9098775386810303,-1.76181359279326e-07,0.6852810978889465,0.843957245349884,-0.046064265072345734,0.6323621869087219,0.7314106822013855,-0.0816342681646347,0.6122534275054932,0.6421817541122437,-0.11917824298143387,0.662067174911499,0.5982025265693665,-0.1532181352376938,0.7238864302635193,0.5198132991790771,-0.04668206721544266,0.7671416401863098,0.37680768966674805,-0.103478342294693,0.7995545268058777,0.2903102934360504,-0.1306665986776352,0.8366532325744629,0.22039899230003357,-0.1482178419828415,0.8005725145339966,0.5459117293357849,-0.053149834275245667,0.7513805627822876,0.5309804081916809,-0.1294446438550949,0.6955410838127136,0.6492849588394165,-0.13325680792331696,0.6999605298042297,0.683860182762146,-0.11680930852890015,0.8584048748016357,0.605765163898468,-0.06785652786493301,0.7857410311698914,0.6514438986778259,-0.1339123398065567,0.732454240322113,0.7476123571395874,-0.10602660477161407,0.7416553497314453,0.753494918346405,-0.07067381590604782,0.8999802470207214,0.6847856044769287,-0.08899200707674026,0.8250487446784973,0.7400277853012085,-0.12492275983095169,0.7781566381454468,0.8035058975219727,-0.10602051764726639,0.7832436561584473,0.8034892678260803,-0.08103828877210617,point,RRQ_p35,RRQ
0.785001814365387,0.8961663246154785,-3.5231323636253364e-07,0.719181478023529,0.8487604856491089,-0.049823883920907974,0.6516379714012146,0.7496619820594788,-0.0862342119216919,0.6216667294502258,0.6608720421791077,-0.12094179540872574,0.6651890873908997,0.6289646625518799,-0.15258803963661194,0.7279413342475891,0.5436834096908569,-0.035269495099782944,0.7044718861579895,0.5013189315795898,-0.08190789073705673,0.6947489976882935,0.4634268283843994,-0.11030834168195724,0.6968741416931152,0.4282907247543335,-0.13016198575496674,0.8052428960800171,0.5415342450141907,-0.03926650062203407,0.7652654051780701,0.5582975149154663,-0.08923820406198502,0.726091742515564,0.6742706894874573,-0.09040657430887222,0.7237677574157715,0.6992116570472717,-0.07826931774616241,0.8703282475471497,0.5886174440383911,-0.052652422338724136,0.8138561248779297,0.6500139236450195,-0.10265743732452393,0.7694687843322754,0.7455235719680786,-0.08261933922767639,0.7677971124649048,0.7568399310112,-0.05680174008011818,0.9215399026870728,0.6634705066680908,-0.0725552886724472,0.8593911528587341,0.7307591438293457,-0.10346167534589767,0.8170880675315857,0.7934993505477905,-0.09118533134460449,0.8108515739440918,0.8010530471801758,-0.07411842048168182,point,RRQ_p35,RRQ
0.7688016295433044,0.9509365558624268,-4.536947528777091e-07,0.6708332896232605,0.9012282490730286,-0.032881155610084534,0.5796895623207092,0.8140396475791931,-0.06595584005117416,0.5267512202262878,0.7323880195617676,-0.10360115021467209,0.5356038808822632,0.6485061049461365,-0.13782115280628204,0.5995967984199524,0.5874552726745605,-0.01510387472808361,0.5219126343727112,0.48781269788742065,-0.06342333555221558,0.46633461117744446,0.42751359939575195,-0.08548898994922638,0.4261140823364258,0.3725372850894928,-0.10026811063289642,0.6702994108200073,0.561890721321106,-0.03136376291513443,0.5682293772697449,0.5352027416229248,-0.09888793528079987,0.5798221230506897,0.6717283129692078,-0.1018206849694252,0.6154032349586487,0.7086539268493652,-0.0843360498547554,0.7356759309768677,0.5739350914955139,-0.056110821664333344,0.629088282585144,0.6248834729194641,-0.11957976222038269,0.6455792784690857,0.743325412273407,-0.09236586093902588,0.6830056309700012,0.7520899176597595,-0.05757586285471916,0.7912636995315552,0.6175832748413086,-0.08574749529361725,0.6943561434745789,0.6856852173805237,-0.12006258964538574,0.7036586999893188,0.7695051431655884,-0.09862783551216125,0.7372381091117859,0.7723150253295898,-0.07353904098272324,point,RRQ_p35,RRQ
0.7700871825218201,0.9088788628578186,-7.69662563016027e-07,0.6851666569709778,0.8764325380325317,-0.02900642342865467,0.5919150710105896,0.8026701807975769,-0.056134119629859924,0.537588894367218,0.7332684993743896,-0.08549296855926514,0.5551722049713135,0.661913275718689,-0.10974936187267303,0.6266340613365173,0.5810225605964661,-0.004529300145804882,0.5535998344421387,0.5624829530715942,-0.06176001951098442,0.49881041049957275,0.5845836997032166,-0.0981280729174614,0.4503430426120758,0.6068102121353149,-0.11820166558027267,0.6844921112060547,0.553010106086731,-0.017794791609048843,0.5898876190185547,0.5616655349731445,-0.07780352979898453,0.6074386239051819,0.6877313256263733,-0.08782409131526947,0.6385812759399414,0.7241436243057251,-0.07812792807817459,0.7405722141265869,0.5634984374046326,-0.04069039225578308,0.6402660608291626,0.631322979927063,-0.09649726748466492,0.6618949770927429,0.7439164519309998,-0.07720340043306351,0.6941768527030945,0.7527639269828796,-0.049416881054639816,0.7890368103981018,0.6048587560653687,-0.06813839077949524,0.697134256362915,0.6881882548332214,-0.10029073059558868,0.7107237577438354,0.7649921178817749,-0.0853058248758316,0.7395653128623962,0.7622357606887817,-0.06527253240346909,point,RRQ_p35,RRQ
0.7925495505332947,0.9201542735099792,-3.388028915196628e-07,0.7130694389343262,0.8360210061073303,-0.02279549092054367,0.6446919441223145,0.6947909593582153,-0.047706443816423416,0.6165013313293457,0.5820423364639282,-0.08164152503013611,0.6506130695343018,0.5042024254798889,-0.11291493475437164,0.7096246480941772,0.5115689039230347,0.00406968267634511,0.6906129717826843,0.3675987720489502,-0.037626538425683975,0.676780641078949,0.27387353777885437,-0.050656046718358994,0.6778141260147095,0.1952747404575348,-0.059703487902879715,0.7756787538528442,0.5132068395614624,-0.016235100105404854,0.7058427333831787,0.43933647871017456,-0.08390384912490845,0.6869397163391113,0.5845812559127808,-0.07816654443740845,0.7184094190597534,0.6240758299827576,-0.05248376727104187,0.8388789892196655,0.5406671166419983,-0.045732852071523666,0.7543895244598389,0.5222731232643127,-0.11056508868932724,0.7416372299194336,0.6534891128540039,-0.07491672784090042,0.7772778272628784,0.6704774498939514,-0.03296256810426712,0.8952442407608032,0.5932018756866455,-0.0795712023973465,0.8075087666511536,0.5964860916137695,-0.11054030060768127,0.7948747277259827,0.6834770441055298,-0.08374153077602386,0.8288688659667969,0.6925511956214905,-0.05540058761835098,point,RRQ_p35,RRQ
0.5804415345191956,0.9469745755195618,-5.125208986100915e-07,0.49533313512802124,0.879237174987793,-0.012178848497569561,0.42959535121917725,0.7700581550598145,-0.03118952549993992,0.38848406076431274,0.6865041851997375,-0.058334656059741974,0.3997097611427307,0.6217067241668701,-0.08276084810495377,0.49235835671424866,0.5921831130981445,0.0096658980473876,0.43747222423553467,0.4917193651199341,-0.02731752209365368,0.39537444710731506,0.42776328325271606,-0.04344174638390541,0.3655186891555786,0.3708644509315491,-0.055352576076984406,0.5433509945869446,0.5854400396347046,-0.010157186537981033,0.44559577107429504,0.5418508648872375,-0.06259367614984512,0.44353073835372925,0.6681475639343262,-0.059083204716444016,0.4798552691936493,0.6984880566596985,-0.041572511196136475,0.5888688564300537,0.6031542420387268,-0.03734009712934494,0.48250409960746765,0.5986810922622681,-0.08684578537940979,0.48309826850891113,0.713938295841217,-0.05618025362491608,0.5205851197242737,0.7270911931991577,-0.023159243166446686,0.6220408082008362,0.6466082334518433,-0.06807329505681992,0.5283122658729553,0.6625078916549683,-0.09326748549938202,0.525236964225769,0.7361810803413391,-0.07194945961236954,0.5599535703659058,0.7424529790878296,-0.050042737275362015,point,RRQ_p35,RRQ
0.34068483114242554,0.840081512928009,2.2808049493505678e-07,0.4281725287437439,0.8030865788459778,-0.02483103610575199,0.5089914202690125,0.7400420308113098,-0.056668732315301895,0.5691273808479309,0.6748130917549133,-0.09434560686349869,0.5683867931365967,0.6022642254829407,-0.13096316158771515,0.47981444001197815,0.5360108613967896,-0.026499049738049507,0.5446652770042419,0.4412555694580078,-0.0702047199010849,0.5934940576553345,0.3756375312805176,-0.0902327373623848,0.6287842988967896,0.3212987184524536,-0.10116133838891983,0.4246739149093628,0.5149834156036377,-0.04255742207169533,0.53152996301651,0.5132054090499878,-0.10396941006183624,0.5069777369499207,0.6385218501091003,-0.10651670396327972,0.4691748023033142,0.6651079058647156,-0.09086921066045761,0.37794986367225647,0.5214484333992004,-0.06348201632499695,0.47573646903038025,0.574767529964447,-0.12740635871887207,0.4478033185005188,0.6752920746803284,-0.10875748097896576,0.40850457549095154,0.6773697733879089,-0.07895351946353912,0.3344235420227051,0.5470865368843079,-0.0867747962474823,0.4181160628795624,0.5902600884437561,-0.12528102099895477,0.4101114571094513,0.6621962785720825,-0.1076262965798378,0.3759377598762512,0.6650498509407043,-0.08388561755418777,point,RRQ_p35,RRQ
0.3514309823513031,0.8428364396095276,1.4314882434973697e-07,0.424041748046875,0.7661639451980591,-0.041505150496959686,0.47893112897872925,0.6727620363235474,-0.08443217724561691,0.49879077076911926,0.5864417552947998,-0.12841936945915222,0.45603030920028687,0.5560938119888306,-0.1694234013557434,0.3902397155761719,0.493890643119812,-0.07492420077323914,0.3699439764022827,0.36023426055908203,-0.12788629531860352,0.3517536222934723,0.27283620834350586,-0.15260042250156403,0.32604512572288513,0.19702720642089844,-0.16896814107894897,0.3145030438899994,0.5058229565620422,-0.08406233787536621,0.375403493642807,0.5086091756820679,-0.15150247514247894,0.41140830516815186,0.6108486652374268,-0.1573227345943451,0.40457940101623535,0.6318709254264832,-0.14851480722427368,0.26187974214553833,0.555166482925415,-0.09635403007268906,0.34572312235832214,0.618889331817627,-0.1572882980108261,0.3724799156188965,0.6978417634963989,-0.1385854184627533,0.3554026186466217,0.7038613557815552,-0.11416254937648773,0.222889244556427,0.6194378733634949,-0.1135701835155487,0.29730236530303955,0.6776188611984253,-0.15083366632461548,0.32940027117729187,0.7276492714881897,-0.13705386221408844,0.3163968622684479,0.7326849102973938,-0.118157759308815,point,RRQ_p35,RRQ
0.357831746339798,0.845834493637085,1.244902989583352e-07,0.4222336411476135,0.7755187749862671,-0.038638319820165634,0.4735524356365204,0.66220623254776,-0.06913159787654877,0.4798138737678528,0.5682842135429382,-0.09892100840806961,0.42792609333992004,0.5595989227294922,-0.1252470165491104,0.3747589588165283,0.5051077008247375,-0.03201666846871376,0.3741406798362732,0.4660568833351135,-0.07618251442909241,0.3858700692653656,0.4350709021091461,-0.09897161275148392,0.39509302377700806,0.4084521234035492,-0.11151473224163055,0.30424463748931885,0.5191296339035034,-0.03716275840997696,0.3563164472579956,0.5325239896774292,-0.08585257828235626,0.392811119556427,0.628968358039856,-0.08943233639001846,0.3861692249774933,0.6398386359214783,-0.07950734347105026,0.25551050901412964,0.5703178644180298,-0.04921460896730423,0.3277340233325958,0.6304700970649719,-0.0993923544883728,0.36024847626686096,0.7013460397720337,-0.08724675327539444,0.3472660481929779,0.6987628936767578,-0.06745532155036926,0.22048908472061157,0.640313446521759,-0.06569591164588928,0.29049521684646606,0.7025641798973083,-0.09622342139482498,0.3213152587413788,0.7485954761505127,-0.08815635740756989,0.3084636628627777,0.7455403804779053,-0.07419707626104355,point,RRQ_p35,RRQ
0.3559894263744354,0.8681042194366455,6.862615009595174e-07,0.43820106983184814,0.8151001930236816,-0.012934979982674122,0.5147573947906494,0.7370651364326477,-0.034775927662849426,0.5609111785888672,0.662929892539978,-0.062246598303318024,0.5553909540176392,0.5987805724143982,-0.08922436833381653,0.48075979948043823,0.5570672154426575,-0.016168301925063133,0.573766827583313,0.511356770992279,-0.06156167760491371,0.6393911838531494,0.48234444856643677,-0.0897129625082016,0.6909117698669434,0.44504278898239136,-0.10724595189094543,0.42339205741882324,0.529039740562439,-0.03678664192557335,0.5257111191749573,0.49672621488571167,-0.09012361615896225,0.5516956448554993,0.5719347596168518,-0.10622000694274902,0.5594435334205627,0.5822691917419434,-0.1061025932431221,0.3705572485923767,0.5408326983451843,-0.06030017510056496,0.46988779306411743,0.6082519292831421,-0.11804202198982239,0.45368123054504395,0.7055760025978088,-0.1087774932384491,0.42137977480888367,0.7116175293922424,-0.08824421465396881,0.3255828022956848,0.5831156373023987,-0.08497177064418793,0.40584883093833923,0.6360962986946106,-0.12041369825601578,0.40904682874679565,0.7062890529632568,-0.10536268353462219,0.38581299781799316,0.7111536264419556,-0.08512292057275772,point,RRQ_p35,RRQ
0.32826268672943115,0.8252675533294678,2.6557384558145714e-07,0.4285877048969269,0.7747790217399597,0.01508884783834219,0.5132533311843872,0.7200260758399963,0.0015478236600756645,0.5810021758079529,0.697632372379303,-0.020919542759656906,0.6199287176132202,0.6849328875541687,-0.04306817427277565,0.4943079948425293,0.5432229042053223,-0.01050318218767643,0.611291229724884,0.5427707433700562,-0.03504549711942673,0.6803328990936279,0.5447246432304382,-0.04933692887425423,0.7337024807929993,0.5420227646827698,-0.05909731611609459,0.47936418652534485,0.5601761937141418,-0.03711812198162079,0.610241174697876,0.6332234144210815,-0.06525754183530807,0.5848230719566345,0.6939305663108826,-0.06589078903198242,0.5513412952423096,0.6942344903945923,-0.06257029622793198,0.4711802303791046,0.6123566627502441,-0.062428902834653854,0.587068498134613,0.7104527354240417,-0.0848596915602684,0.5547281503677368,0.7588506937026978,-0.07104228436946869,0.5210887789726257,0.752191424369812,-0.058879878371953964,0.4689326286315918,0.6827576160430908,-0.08757369965314865,0.5626528263092041,0.7686212062835693,-0.09071533381938934,0.5454394817352295,0.8114750981330872,-0.07383809983730316,0.521476149559021,0.8133745789527893,-0.06068333238363266,point,RRQ_p35,RRQ
0.26928436756134033,0.773850679397583,2.1025999785706517e-07,0.325954794883728,0.6902638673782349,-0.034152522683143616,0.35979583859443665,0.5847209692001343,-0.06694194674491882,0.3664337992668152,0.49259355664253235,-0.10180553048849106,0.3232975900173187,0.45635417103767395,-0.1353342980146408,0.27127769589424133,0.43784841895103455,-0.04990739747881889,0.2566957473754883,0.30519744753837585,-0.09488389641046524,0.24449050426483154,0.21664360165596008,-0.11557842791080475,0.2240467518568039,0.14911890029907227,-0.12828166782855988,0.20778873562812805,0.4691448211669922,-0.06008835881948471,0.24829183518886566,0.3968786299228668,-0.12669894099235535,0.2923250198364258,0.5072283744812012,-0.1323946714401245,0.28697773814201355,0.5556114912033081,-0.11936934292316437,0.1618366837501526,0.5182130336761475,-0.07370927929878235,0.22390426695346832,0.497345507144928,-0.14126625657081604,0.26045048236846924,0.5889445543289185,-0.12359227985143661,0.24463675916194916,0.6206367015838623,-0.09449885785579681,0.1250353455543518,0.5784441828727722,-0.09000135213136673,0.18654471635818481,0.5629189610481262,-0.1328309178352356,0.2278563678264618,0.6188221573829651,-0.11643452197313309,0.22088995575904846,0.6432781219482422,-0.09319525212049484,point,RRQ_p35,RRQ
0.23747432231903076,0.7948247194290161,2.1374285097408574e-07,0.33031436800956726,0.7028850317001343,0.0027426674496382475,0.38739579916000366,0.6033225059509277,-0.014714403077960014,0.42391547560691833,0.5274660587310791,-0.04165128618478775,0.41528773307800293,0.498629629611969,-0.06887940317392349,0.2899457812309265,0.45359450578689575,-0.0003672780003398657,0.3641085624694824,0.38554906845092773,-0.03650486096739769,0.4139379858970642,0.33802124857902527,-0.05700992792844772,0.4522654414176941,0.2960604131221771,-0.07055951654911041,0.24525871872901917,0.4615352153778076,-0.02686040848493576,0.3639412820339203,0.4315856099128723,-0.07555488497018814,0.3681897819042206,0.5351327657699585,-0.0786810964345932,0.34120628237724304,0.5657897591590881,-0.06948023289442062,0.22293204069137573,0.49707773327827454,-0.05637006834149361,0.3474454879760742,0.5168036222457886,-0.10487792640924454,0.3431495130062103,0.6032190322875977,-0.09203184396028519,0.31182897090911865,0.615632176399231,-0.07230454683303833,0.21660837531089783,0.5491626262664795,-0.0867185965180397,0.3172510862350464,0.5703710913658142,-0.11101563274860382,0.31558600068092346,0.6287896633148193,-0.09819424897432327,0.28454458713531494,0.6382970809936523,-0.08411701768636703,point,RRQ_p35,RRQ
0.24842920899391174,0.7809731960296631,-3.883390942149845e-09,0.2990131974220276,0.6825549006462097,0.025896625593304634,0.3673638701438904,0.6106390357017517,0.014240984804928303,0.4404224157333374,0.601574182510376,-0.00881795585155487,0.49770408868789673,0.6108574271202087,-0.0319988951086998,0.36017051339149475,0.48173609375953674,-0.0075324829667806625,0.44712889194488525,0.3974981904029846,-0.027182038873434067,0.4992818534374237,0.35301464796066284,-0.038553398102521896,0.5429542064666748,0.3181034028530121,-0.04750482365489006,0.36016687750816345,0.5065403580665588,-0.03826993703842163,0.4831062853336334,0.556241512298584,-0.06221450865268707,0.46090489625930786,0.6117472052574158,-0.06244925037026405,0.4265131652355194,0.6201176047325134,-0.06099056452512741,0.36740007996559143,0.5623752474784851,-0.06594200432300568,0.4766607880592346,0.628516435623169,-0.07715897262096405,0.4419075548648834,0.6669456362724304,-0.06006057932972908,0.40632399916648865,0.6606127023696899,-0.05044617876410484,0.37963011860847473,0.628629207611084,-0.09328226000070572,0.4651780128479004,0.6788775324821472,-0.08704789727926254,0.4338219165802002,0.7082667946815491,-0.06620168685913086,0.3986768126487732,0.7036182880401611,-0.053063321858644485,point,RRQ_p35,RRQ
0.2606828808784485,0.7995030879974365,2.2144840272630972e-07,0.33990243077278137,0.7294963598251343,0.007509949151426554,0.38835832476615906,0.6291394829750061,0.0033953941892832518,0.4272260069847107,0.5614314675331116,-0.009770591743290424,0.4721073508262634,0.5045779347419739,-0.021796511486172676,0.31324928998947144,0.4959210455417633,0.03397183120250702,0.3936365842819214,0.4723453223705292,0.005491540301591158,0.4475735127925873,0.46834713220596313,-0.01631547324359417,0.49037784337997437,0.4561370611190796,-0.0315750427544117,0.2800653874874115,0.48596978187561035,0.012064812704920769,0.3828032314777374,0.46462929248809814,-0.023136813193559647,0.3933846950531006,0.5388916730880737,-0.03589072823524475,0.3838660418987274,0.5534160137176514,-0.03776880353689194,0.2591257095336914,0.495978981256485,-0.013980886898934841,0.37270164489746094,0.5185045599937439,-0.05422355979681015,0.3590303063392639,0.6031298041343689,-0.04978126287460327,0.3240654766559601,0.611352801322937,-0.037331148982048035,0.24582773447036743,0.5205780863761902,-0.04012541472911835,0.3418505787849426,0.5450044870376587,-0.06396974623203278,0.33605146408081055,0.6035053133964539,-0.056300681084394455,0.30274683237075806,0.6098679900169373,-0.045112594962120056,pinch,RRQ_p35,RRQ
0.2930945158004761,0.8121724724769592,1.6739923580644245e-07,0.3628365099430084,0.7293123006820679,-0.005353671032935381,0.4058817923069,0.6097303628921509,-0.015705514699220657,0.4409802556037903,0.5211873650550842,-0.03393132612109184,0.4759750962257385,0.4437730014324188,-0.0493304580450058,0.33278244733810425,0.5039029121398926,0.02555914781987667,0.3827141523361206,0.44972801208496094,-0.010433878749608994,0.428127646446228,0.4292111396789551,-0.025919025763869286,0.4676603674888611,0.40442603826522827,-0.032044898718595505,0.2828598618507385,0.504809558391571,0.00770398136228323,0.3692444860935211,0.44390058517456055,-0.03887328878045082,0.3688001036643982,0.5561856031417847,-0.040118973702192307,0.3409532308578491,0.573318600654602,-0.025103719905018806,0.24465647339820862,0.5185853838920593,-0.017360424622893333,0.3377806842327118,0.5009644627571106,-0.07317577302455902,0.3364695906639099,0.6063552498817444,-0.05922999233007431,0.301287442445755,0.6131899952888489,-0.03271036595106125,0.21270829439163208,0.5452052354812622,-0.04276343435049057,0.2975904047489166,0.5270643830299377,-0.0746222734451294,0.30414682626724243,0.5971829295158386,-0.05972946435213089,0.2687620520591736,0.6120103001594543,-0.038860470056533813,pinch,RRQ_p35,RRQ
0.2584168016910553,0.8264641761779785,6.36038421930607e-08,0.36074915528297424,0.7364869713783264,0.00953905750066042,0.4157818853855133,0.6368400454521179,-0.0034426774363964796,0.4692809581756592,0.5717459917068481,-0.02682339772582054,0.52614426612854,0.5266954898834229,-0.04811006411910057,0.31251946091651917,0.48022258281707764,0.01160742249339819,0.42711547017097473,0.45036232471466064,-0.022027326747775078,0.4904962480068207,0.4613316059112549,-0.04415176808834076,0.5364319682121277,0.47134122252464294,-0.05809127166867256,0.2951105535030365,0.4864843487739563,-0.013702915981411934,0.4405094385147095,0.5049967765808105,-0.05272451788187027,0.4257271885871887,0.5845909714698792,-0.06000414118170738,0.38653138279914856,0.6009392142295837,-0.05822368711233139,0.296172559261322,0.5221320986747742,-0.04196469485759735,0.43634703755378723,0.5751985311508179,-0.07563891261816025,0.41063612699508667,0.6470270752906799,-0.06932350248098373,0.3695679008960724,0.6480453014373779,-0.05899113789200783,0.30814436078071594,0.570322573184967,-0.07095254212617874,0.4179908335208893,0.6190819144248962,-0.08479920774698257,0.4029516875743866,0.6694847345352173,-0.07712719589471817,0.36984702944755554,0.6687888503074646,-0.06868579983711243,pinch,RRQ_p35,RRQ
0.3189713656902313,0.796308159828186,-3.0568472197956e-08,0.36939090490341187,0.6878057718276978,0.009679507464170456,0.37613025307655334,0.5738536715507507,-0.0002774345048237592,0.38260748982429504,0.4849723279476166,-0.022855952382087708,0.3861512839794159,0.4009893536567688,-0.042663007974624634,0.25697773694992065,0.5204010605812073,0.035956576466560364,0.2852291762828827,0.4214187264442444,-0.0017139390110969543,0.3348383903503418,0.38478603959083557,-0.022919584065675735,0.3775702118873596,0.3684459626674652,-0.03194306418299675,0.2214294672012329,0.5297829508781433,0.010111230425536633,0.3089939057826996,0.4516305923461914,-0.033731091767549515,0.3387776017189026,0.5436071157455444,-0.03996095806360245,0.31443092226982117,0.5830951929092407,-0.03215893357992172,0.20185835659503937,0.5459842681884766,-0.0219622403383255,0.3065725266933441,0.4925766587257385,-0.06514410674571991,0.3276015520095825,0.5834254622459412,-0.054717056453228,0.29621514678001404,0.6172379851341248,-0.036527369171381,0.19296255707740784,0.5674087405204773,-0.054624658077955246,0.2878492474555969,0.5287601947784424,-0.07546037435531616,0.3076827824115753,0.5921585559844971,-0.06317724287509918,0.28097352385520935,0.6258354187011719,-0.04764959216117859,pinch,RRQ_p35,RRQ
0.331346720457077,0.7769770622253418,6.585514711332507e-07,0.38542234897613525,0.6827106475830078,-0.009956816211342812,0.40577876567840576,0.581402063369751,-0.019232895225286484,0.4212152361869812,0.48665231466293335,-0.03506581485271454,0.4285120964050293,0.4077237844467163,-0.048016346991062164,0.29724693298339844,0.5046184062957764,0.02630622871220112,0.33388185501098633,0.4307346045970917,-0.00046320934779942036,0.3706790804862976,0.39012330770492554,-0.019564373418688774,0.40670084953308105,0.37852129340171814,-0.025410011410713196,0.246557354927063,0.5006986260414124,0.012887355871498585,0.21275337040424347,0.39379310607910156,0.007383410353213549,0.2054099440574646,0.31952786445617676,0.013993012718856335,0.19797222316265106,0.25578272342681885,0.024356359615921974,0.20919644832611084,0.5216180682182312,-0.009702183306217194,0.1452227532863617,0.4474185109138489,-0.021228155121207237,0.12395317852497101,0.377578467130661,-0.010197552852332592,0.11209480464458466,0.3183928430080414,0.00359376915730536,0.18318605422973633,0.5601897239685059,-0.036398500204086304,0.1192941814661026,0.5139332413673401,-0.04775147885084152,0.09549163281917572,0.4654615521430969,-0.037772420793771744,0.08621694147586823,0.41580021381378174,-0.02408462017774582,pinch,RRQ_p35,RRQ
0.3540284335613251,0.8929636478424072,3.398132264464948e-07,0.45552074909210205,0.8305096626281738,0.01567009463906288,0.5264491438865662,0.7509119510650635,0.008218050934374332,0.5901534557342529,0.7056237459182739,-0.01220921240746975,0.6480120420455933,0.6552261114120483,-0.03178174048662186,0.49082082509994507,0.5799336433410645,0.029948225244879723,0.5673463344573975,0.5423399209976196,-0.01829948090016842,0.6182687282562256,0.5811376571655273,-0.05854685604572296,0.6521581411361694,0.6344873309135437,-0.07927678525447845,0.4655963182449341,0.5557801723480225,-0.007269855123013258,0.4972189962863922,0.4054787755012512,-0.034496814012527466,0.5449684262275696,0.3187148869037628,-0.05809914693236351,0.585835874080658,0.2565499246120453,-0.0749654471874237,0.43261444568634033,0.5701004266738892,-0.051241371780633926,0.4273042678833008,0.4171447157859802,-0.07874508202075958,0.4560029208660126,0.3263781666755676,-0.0936863049864769,0.4916289746761322,0.2570558190345764,-0.10397294908761978,0.4047359526157379,0.6114181280136108,-0.09596079587936401,0.37731677293777466,0.501068115234375,-0.12095969170331955,0.39382311701774597,0.43257319927215576,-0.12662717700004578,0.4254699945449829,0.3768213391304016,-0.12982527911663055,pinch,RRQ_p35,RRQ
0.306276798248291,0.8969154357910156,-2.583383285070795e-08,0.4245467483997345,0.8083394765853882,-0.0003296570503152907,0.49204832315444946,0.6924223899841309,-0.014018462970852852,0.541232705116272,0.6109170913696289,-0.03638671711087227,0.5933558940887451,0.5408322811126709,-0.05585470795631409,0.3969357907772064,0.5145282745361328,0.0077716512605547905,0.49890607595443726,0.4725908935070038,-0.032592277973890305,0.5655660629272461,0.48378753662109375,-0.05794179439544678,0.6100576519966125,0.5023646950721741,-0.0723336935043335,0.36097046732902527,0.5129941701889038,-0.014833629131317139,0.5006028413772583,0.5323290228843689,-0.06463991850614548,0.48243987560272217,0.6232883930206299,-0.07846619188785553,0.43658825755119324,0.640589714050293,-0.07724439352750778,0.34433457255363464,0.5480544567108154,-0.041382789611816406,0.48116448521614075,0.6133735775947571,-0.08888804167509079,0.4564215838909149,0.6969857811927795,-0.08581582456827164,0.41382524371147156,0.6953003406524658,-0.07295217365026474,0.342425674200058,0.6022084951400757,-0.06896911561489105,0.45019736886024475,0.6673768758773804,-0.09421518445014954,0.4381534457206726,0.7279724478721619,-0.08782071620225906,0.40367913246154785,0.7236417531967163,-0.07670227438211441,pinch,RRQ_p35,RRQ
0.28219741582870483,0.8519566059112549,2.0823492263843946e-07,0.32721197605133057,0.7865914106369019,-0.05899513512849808,0.3495336174964905,0.6751358509063721,-0.0925220251083374,0.35090693831443787,0.5711997747421265,-0.12262279540300369,0.3296423554420471,0.4890437722206116,-0.14417530596256256,0.28702977299690247,0.5128727555274963,-0.028698109090328217,0.27750688791275024,0.45397812128067017,-0.07997488230466843,0.2966766059398651,0.4300212264060974,-0.09487267583608627,0.30921244621276855,0.42995786666870117,-0.09614850580692291,0.21137259900569916,0.5325676202774048,-0.022227182984352112,0.23320873081684113,0.47369664907455444,-0.07432247698307037,0.2775741517543793,0.5833564400672913,-0.06778653711080551,0.26348626613616943,0.5913345813751221,-0.04522135481238365,0.15514522790908813,0.5802472233772278,-0.028363840654492378,0.19309529662132263,0.5829930901527405,-0.09036852419376373,0.23846685886383057,0.6673609018325806,-0.0737336128950119,0.21648533642292023,0.6600667238235474,-0.04553813487291336,0.10941076278686523,0.6447817087173462,-0.039611220359802246,0.1566847562789917,0.6645236015319824,-0.08141231536865234,0.19555780291557312,0.7138450741767883,-0.07354587316513062,0.17539997398853302,0.7079544067382812,-0.05628982558846474,pinch,RRQ_p35,RRQ
0.7911953330039978,0.8098205327987671,-8.401725608564448e-07,0.7023155093193054,0.703323483467102,-0.002331055700778961,0.6550434827804565,0.5677869319915771,-0.016861261799931526,0.6121382713317871,0.47865355014801025,-0.04173077270388603,0.5579211711883545,0.3990325927734375,-0.06297426670789719,0.7731367349624634,0.4366067051887512,0.04013626277446747,0.6963294148445129,0.3791297674179077,-0.005841309670358896,0.6280525922775269,0.3610701858997345,-0.03743761405348778,0.5675296783447266,0.35493677854537964,-0.05566893517971039,0.8152451515197754,0.43074870109558105,0.01618243381381035,0.6911061406135559,0.3822323679924011,-0.03457101061940193,0.6856743097305298,0.5084671378135681,-0.04064178466796875,0.7300488352775574,0.5393022894859314,-0.0318048894405365,0.8503033518791199,0.44395849108695984,-0.017335064709186554,0.7137323617935181,0.4238545894622803,-0.06549222022294998,0.7123321294784546,0.5421037673950195,-0.04325753450393677,0.7574779391288757,0.5668763518333435,-0.017299307510256767,0.8694264888763428,0.4740495979785919,-0.053970105946063995,0.747952401638031,0.4653169810771942,-0.0832214206457138,0.7436777949333191,0.5447739958763123,-0.06740359961986542,0.7832155227661133,0.5673345327377319,-0.04888765513896942,pinch,RRQ_p35,RRQ
0.7455069422721863,0.8882145881652832,-5.30419619337863e-09,0.6469599008560181,0.8142718076705933,-0.01460463460534811,0.5671383142471313,0.6904348134994507,-0.03233884647488594,0.48906001448631287,0.6167272925376892,-0.05687825381755829,0.4190378785133362,0.5567061305046082,-0.0816672071814537,0.6419301629066467,0.5076452493667603,0.0015911287628114223,0.5523046255111694,0.43546438217163086,-0.05374246463179588,0.478657990694046,0.4721499979496002,-0.10586271435022354,0.43438833951950073,0.5191748738288879,-0.13591086864471436,0.6816085577011108,0.4701218008995056,-0.02030673809349537,0.6424720287322998,0.3048064112663269,-0.06365082412958145,0.596733570098877,0.19453993439674377,-0.10198455303907394,0.5571036338806152,0.09961289167404175,-0.12759019434452057,0.727252185344696,0.4800727069377899,-0.05019771307706833,0.7461295127868652,0.3052632808685303,-0.09252936393022537,0.7282789945602417,0.17970964312553406,-0.12243328243494034,0.7030776143074036,0.06866705417633057,-0.13938908278942108,0.7677671909332275,0.528839111328125,-0.08135610818862915,0.8132674098014832,0.39346209168434143,-0.10934429615736008,0.8168061971664429,0.28665220737457275,-0.1178160309791565,0.8063226342201233,0.18841400742530823,-0.12243668735027313,pinch,RRQ_p35,RRQ
0.6973117589950562,0.9006773233413696,-2.777099084028123e-08,0.5883791446685791,0.8626202344894409,0.00031746207969263196,0.49130237102508545,0.7732917070388794,-0.007796453312039375,0.4092710614204407,0.7329341769218445,-0.02563675120472908,0.33740246295928955,0.7082507610321045,-0.04406219348311424,0.5296024084091187,0.5803906917572021,0.026016557589173317,0.4324461817741394,0.5574645400047302,-0.02498784102499485,0.37318965792655945,0.6104816794395447,-0.07522893697023392,0.3425821363925934,0.6675962805747986,-0.10288843512535095,0.5582552552223206,0.5322416424751282,-0.0011773031437769532,0.49114319682121277,0.39453646540641785,-0.03406031057238579,0.43184348940849304,0.3096218705177307,-0.06455948948860168,0.3837689161300659,0.24434122443199158,-0.08372381329536438,0.6007524132728577,0.5231251120567322,-0.036670882254838943,0.5783591270446777,0.36189574003219604,-0.06796150654554367,0.5442883968353271,0.2617134749889374,-0.08692058175802231,0.5104557871818542,0.17619997262954712,-0.09674544632434845,0.645158588886261,0.5531731843948364,-0.07359032332897186,0.6613726019859314,0.42467015981674194,-0.09261072427034378,0.6537010669708252,0.33323928713798523,-0.09330572187900543,0.6374297142028809,0.25008174777030945,-0.0919986441731453,pinch,RRQ_p35,RRQ
0.7148790955543518,0.7802883386611938,-6.005300292599713e-07,0.6582417488098145,0.6968659162521362,-0.006105664186179638,0.6349645853042603,0.5782426595687866,-0.01858679950237274,0.6127989292144775,0.49038130044937134,-0.03911575302481651,0.5856635570526123,0.41118448972702026,-0.05712371692061424,0.7268908023834229,0.5075870752334595,0.030914930626749992,0.6884536147117615,0.4387901723384857,-0.005964586511254311,0.6410865187644958,0.4092223644256592,-0.02418392151594162,0.6037144064903259,0.3879125118255615,-0.03218105435371399,0.7672455906867981,0.5141987800598145,0.014826244674623013,0.6970351934432983,0.44020283222198486,-0.025826891884207726,0.6708104610443115,0.5385403633117676,-0.02439957670867443,0.7036606073379517,0.563675045967102,-0.010030942037701607,0.8037128448486328,0.535175621509552,-0.010181671939790249,0.7215172052383423,0.48128288984298706,-0.05229579284787178,0.6998066902160645,0.5756418704986572,-0.034266091883182526,0.7349440455436707,0.5993140339851379,-0.01059914194047451,0.8335018157958984,0.5641952157020569,-0.03703506663441658,0.7520125508308411,0.5244497656822205,-0.060872845351696014,0.7344468235969543,0.5851784944534302,-0.048859305679798126,0.7650513648986816,0.6096605062484741,-0.03362694010138512,pinch,RRQ_p35,RRQ
0.6652329564094543,0.8848584294319153,-8.609065957898565e-07,0.5828375816345215,0.7756136655807495,0.02894437499344349,0.5494283437728882,0.6776842474937439,0.019891243427991867,0.5106595754623413,0.6069713830947876,-0.0013178900117054582,0.46573853492736816,0.5450697541236877,-0.022284438833594322,0.686673641204834,0.5566499829292297,0.03545486927032471,0.5785001516342163,0.5004668235778809,0.014590207487344742,0.5142129063606262,0.5030146241188049,-0.006711132358759642,0.470498263835907,0.5097371935844421,-0.02183510735630989,0.6943268775939941,0.5637485980987549,0.00403319438919425,0.5492631793022156,0.5323053598403931,-0.020163020119071007,0.5419360995292664,0.6175917983055115,-0.02823333814740181,0.5631686449050903,0.6723265051841736,-0.03146302327513695,0.6808534860610962,0.5849978923797607,-0.02829549089074135,0.5382627844810486,0.577606737613678,-0.04356111213564873,0.5471521615982056,0.6648961901664734,-0.03213829919695854,0.5762484073638916,0.7101485133171082,-0.025192642584443092,0.6539679765701294,0.6140456795692444,-0.060756318271160126,0.5438464283943176,0.6222890615463257,-0.07195895165205002,0.5439692735671997,0.6878535747528076,-0.06515850871801376,0.563136637210846,0.7221751809120178,-0.05899205803871155,pinch,RRQ_p35,RRQ
0.7102057933807373,0.8337510228157043,-7.487411153306311e-07,0.6342829465866089,0.7230224609375,-0.008067898452281952,0.5971927642822266,0.5869847536087036,-0.0275261290371418,0.5598791241645813,0.48976022005081177,-0.05693098157644272,0.5252293348312378,0.39475661516189575,-0.08291233330965042,0.7139376401901245,0.47640711069107056,0.03417587652802467,0.6500951051712036,0.406805157661438,-0.014034905470907688,0.5968919992446899,0.3830547034740448,-0.03887346386909485,0.5622012615203857,0.3654787540435791,-0.05028625577688217,0.7613523006439209,0.47800540924072266,0.012623235583305359,0.6643849611282349,0.38870054483413696,-0.04146932438015938,0.6344634890556335,0.5131860971450806,-0.04285619035363197,0.6705384254455566,0.5467555522918701,-0.026586242020130157,0.8038707375526428,0.49862000346183777,-0.018967078998684883,0.6892503499984741,0.437949001789093,-0.07142399996519089,0.6661952137947083,0.5615947842597961,-0.04825284704566002,0.7067410945892334,0.5932170152664185,-0.018187688663601875,0.8342141509056091,0.5337801575660706,-0.05315946787595749,0.7223918437957764,0.5017412304878235,-0.0823027640581131,0.7079340815544128,0.5801823735237122,-0.0667189434170723,0.7491542100906372,0.6078267693519592,-0.04702967777848244,pinch,RRQ_p35,RRQ
0.7519735097885132,0.7782405614852905,-6.670079528703354e-07,0.6911569833755493,0.6678643822669983,0.0010362573666498065,0.6665297746658325,0.5315538048744202,-0.002159803407266736,0.660774827003479,0.42736542224884033,-0.017696836963295937,0.668018639087677,0.3259473443031311,-0.031623661518096924,0.7741093635559082,0.4820152521133423,0.0687146857380867,0.7565581202507019,0.4053313136100769,0.03891049697995186,0.7160953879356384,0.3664397597312927,0.02220701053738594,0.6981300115585327,0.3340833783149719,0.014212914742529392,0.813239574432373,0.49490228295326233,0.048289764672517776,0.778380811214447,0.377020001411438,0.0029183898586779833,0.7267469167709351,0.4692801833152771,-0.001921891700476408,0.7525562644004822,0.5167384147644043,0.013918351382017136,0.8567554354667664,0.5198604464530945,0.017709434032440186,0.8076122403144836,0.41975417733192444,-0.030431630089879036,0.7597800493240356,0.5161025524139404,-0.015673968940973282,0.788977324962616,0.5610121488571167,0.01211018580943346,0.90611332654953,0.5548353791236877,-0.014077680185437202,0.8521841764450073,0.4697600305080414,-0.03888069465756416,0.8078096508979797,0.5275763273239136,-0.024599898606538773,0.8271392583847046,0.5725626349449158,-0.004795401357114315,pinch,RRQ_p35,RRQ
0.7436119318008423,0.8349852561950684,-8.558280910619942e-07,0.6539309024810791,0.7474802136421204,-0.01278240792453289,0.5875514149665833,0.622290313243866,-0.026507161557674408,0.5531841516494751,0.5259153842926025,-0.04826569929718971,0.5823037624359131,0.4469301700592041,-0.06063445657491684,0.6497673988342285,0.4859883487224579,0.027483338490128517,0.5920722484588623,0.4283212721347809,-0.01780066452920437,0.5925564169883728,0.5321134328842163,-0.03355565294623375,0.6218116879463196,0.54641193151474,-0.0386316254734993,0.6978378295898438,0.4800313413143158,0.0121964355930686,0.6261789798736572,0.41676104068756104,-0.042216118425130844,0.6238288283348083,0.5436664819717407,-0.04040997847914696,0.6621590852737427,0.5502346158027649,-0.02243984304368496,0.7469038963317871,0.49044257402420044,-0.013465521857142448,0.6683353185653687,0.45007771253585815,-0.06278529018163681,0.6644794344902039,0.5712694525718689,-0.037428345531225204,0.7026224136352539,0.5781354904174805,-0.005518816877156496,0.7927713394165039,0.5116082429885864,-0.042026400566101074,0.7108244299888611,0.49364733695983887,-0.060261212289333344,0.7023228406906128,0.5656967163085938,-0.041064608842134476,0.7367714047431946,0.5719611048698425,-0.019770510494709015,fist,RRQ_p35,RRQ
0.7254713177680969,0.7559142708778381,-7.872994842728076e-07,0.6435894966125488,0.7059488296508789,-0.047958165407180786,0.5702317953109741,0.6290238499641418,-0.08131276816129684,0.5239840149879456,0.5612735152244568,-0.11157609522342682,0.5665879249572754,0.5200217366218567,-0.13107384741306305,0.6408717632293701,0.40065646171569824,-0.02851027064025402,0.5657113194465637,0.4077967703342438,-0.08642866462469101,0.5648859143257141,0.5094485282897949,-0.11682840436697006,0.5838626027107239,0.5337610244750977,-0.13213056325912476,0.7040867805480957,0.40122732520103455,-0.028995761647820473,0.6220853328704834,0.4386152923107147,-0.08455542474985123,0.6179692149162292,0.5591117143630981,-0.0891517698764801,0.6357045769691467,0.570030152797699,-0.07944411039352417,0.7603535652160645,0.44035473465919495,-0.04024357721209526,0.6793472170829773,0.5137549638748169,-0.09040115028619766,0.670966386795044,0.612498939037323,-0.07209119945764542,0.6904609203338623,0.607646644115448,-0.04740729182958603,0.8057225942611694,0.5006113648414612,-0.057607702910900116,0.7330880165100098,0.575178325176239,-0.0822809562087059,0.7214841246604919,0.6395967602729797,-0.07062593847513199,0.7381865978240967,0.6360501050949097,-0.05382399260997772,fist,RRQ_p35,RRQ
0.6793320775032043,0.685242235660553,-7.772213734824618e-07,0.6117231845855713,0.5888340473175049,0.0027484975289553404,0.5764946937561035,0.48320621252059937,-0.0007523056119680405,0.575962483882904,0.3950599730014801,-0.015862982720136642,0.6213621497154236,0.3415953814983368,-0.02705354243516922,0.6532058715820312,0.423356831073761,0.0480312742292881,0.6284322142601013,0.3467351198196411,0.011285943910479546,0.6095241904258728,0.4199777841567993,-0.007337813265621662,0.6267542243003845,0.45682859420776367,-0.013386397622525692,0.6901519894599915,0.4311918318271637,0.030208656564354897,0.6592326164245605,0.33658841252326965,-0.01694313995540142,0.6346689462661743,0.4373190999031067,-0.0266520194709301,0.6628508567810059,0.47822073101997375,-0.016254058107733727,0.7315447330474854,0.4428670406341553,0.004366610664874315,0.6921077370643616,0.3510267734527588,-0.039969418197870255,0.6646646857261658,0.4528793394565582,-0.027512002736330032,0.6915349960327148,0.4976362884044647,-0.0019932822324335575,0.7785844802856445,0.46357792615890503,-0.02231941744685173,0.728167712688446,0.3931043744087219,-0.04224387928843498,0.7007689476013184,0.45404407382011414,-0.02905704453587532,0.7212300896644592,0.4936167597770691,-0.010035023093223572,fist,RRQ_p35,RRQ
0.7423942685127258,0.7850008010864258,-5.703755050490145e-07,0.6833170652389526,0.7365047931671143,-0.09480316191911697,0.6333616375923157,0.6612896919250488,-0.15784883499145508,0.6062554717063904,0.6008620262145996,-0.20853005349636078,0.6333518028259277,0.5565692782402039,-0.24685443937778473,0.740937352180481,0.39719927310943604,-0.09913302212953568,0.6864959001541138,0.43954697251319885,-0.17297619581222534,0.6566547751426697,0.5293524861335754,-0.2058873474597931,0.663152813911438,0.5343449115753174,-0.22310742735862732,0.8222962617874146,0.42941057682037354,-0.08272373676300049,0.758389413356781,0.5055971741676331,-0.15617398917675018,0.6978209018707275,0.6130609512329102,-0.16281694173812866,0.7020056843757629,0.5874675512313843,-0.15517324209213257,0.8780336976051331,0.503223180770874,-0.07829231768846512,0.8154017329216003,0.5989456176757812,-0.1428302824497223,0.747468113899231,0.6707079410552979,-0.12238054722547531,0.7425264716148376,0.6435724496841431,-0.09795352816581726,0.9089885950088501,0.5881856679916382,-0.0839492604136467,0.854637861251831,0.6846534013748169,-0.12484635412693024,0.8008625507354736,0.7255687117576599,-0.11945053189992905,0.7926408052444458,0.7022243738174438,-0.10641683638095856,fist,RRQ_p35,RRQ
0.7059767842292786,0.7941517233848572,-7.433933433276252e-07,0.6259027123451233,0.7173541784286499,-0.08208359032869339,0.5723512172698975,0.6324636340141296,-0.1362719088792801,0.5328249335289001,0.5750731229782104,-0.18072359263896942,0.5134822130203247,0.5363653302192688,-0.21390300989151,0.6922896504402161,0.38576263189315796,-0.08110638707876205,0.6096928119659424,0.42938879132270813,-0.15421432256698608,0.5860655903816223,0.5301145911216736,-0.19281655550003052,0.6021292805671692,0.5439019799232483,-0.21297043561935425,0.7739830613136292,0.4244321584701538,-0.07093335688114166,0.6729311943054199,0.5076492428779602,-0.137168750166893,0.6259223818778992,0.6115277409553528,-0.14854778349399567,0.6423056721687317,0.5945252180099487,-0.147182896733284,0.8287028670310974,0.5090352296829224,-0.07258938252925873,0.7326759099960327,0.6080303192138672,-0.1314098834991455,0.6754757165908813,0.6769824028015137,-0.11472644656896591,0.6852763891220093,0.655228316783905,-0.09427245706319809,0.8606958389282227,0.6030673384666443,-0.08347609639167786,0.783776044845581,0.6868924498558044,-0.11627345532178879,0.7278969287872314,0.7249566316604614,-0.10733170062303543,0.7228201627731323,0.7111276984214783,-0.09335678815841675,fist,RRQ_p35,RRQ
0.7355182766914368,0.7011730670928955,-8.770711588113045e-07,0.662463903427124,0.6032634377479553,-0.01780952885746956,0.6157777905464172,0.46129027009010315,-0.03073342889547348,0.6068032383918762,0.3434614837169647,-0.050259944051504135,0.6563160419464111,0.2792162001132965,-0.060752566903829575,0.6990733742713928,0.35274845361709595,0.02338472753763199,0.668243408203125,0.2694583535194397,-0.025074170902371407,0.6482481360435486,0.37157881259918213,-0.04208259657025337,0.6699121594429016,0.39878779649734497,-0.04631524533033371,0.7493050694465637,0.36940422654151917,0.011722368188202381,0.7127072215080261,0.2670195400714874,-0.042454592883586884,0.6823192834854126,0.39490026235580444,-0.03959573060274124,0.7139376997947693,0.41787251830101013,-0.019167596474289894,0.7993969917297363,0.3983287811279297,-0.011014064773917198,0.7556138038635254,0.3090396523475647,-0.06469976156949997,0.7209543585777283,0.4303225576877594,-0.04171604663133621,0.7518969774246216,0.4561339020729065,-0.008211144246160984,0.8517677187919617,0.43397584557533264,-0.036203280091285706,0.7960878014564514,0.3704299032688141,-0.058840490877628326,0.7629388570785522,0.44091323018074036,-0.04082702472805977,0.785154402256012,0.46735501289367676,-0.018186697736382484,fist,RRQ_p35,RRQ
0.6024312973022461,0.8631178140640259,-5.539897642847791e-07,0.5112272500991821,0.8611014485359192,-0.01890367828309536,0.4437554180622101,0.8354765772819519,-0.03705068677663803,0.39266467094421387,0.828123152256012,-0.054871510714292526,0.3583676517009735,0.8227693438529968,-0.06720813363790512,0.46157076954841614,0.6467002034187317,-0.015323908068239689,0.3876746892929077,0.7094337344169617,-0.04742918536067009,0.409798264503479,0.7661415934562683,-0.06710359454154968,0.4345337152481079,0.7730128765106201,-0.07851088792085648,0.4973941445350647,0.6421579122543335,-0.021716276183724403,0.4185980558395386,0.7379719018936157,-0.05026688054203987,0.4448496997356415,0.7920368313789368,-0.055484525859355927,0.46924319863319397,0.7812969088554382,-0.05635514855384827,0.5311372876167297,0.6669208407402039,-0.032937660813331604,0.462883859872818,0.7694946527481079,-0.05777518451213837,0.4843903183937073,0.813112735748291,-0.049940627068281174,0.5048674941062927,0.7962733507156372,-0.04221528768539429,0.5602405071258545,0.7095440626144409,-0.047006621956825256,0.5084273815155029,0.8007222414016724,-0.06369835883378983,0.5195709466934204,0.8300763368606567,-0.060914214700460434,0.5369243621826172,0.8128160834312439,-0.05538923293352127,fist,RRQ_p35,RRQ
0.6519359946250916,0.6477738618850708,-2.297112757787545e-07,0.6259967684745789,0.6644461154937744,-0.0219890084117651,0.5992639660835266,0.6733438372612,-0.03710579872131348,0.5833489894866943,0.6771879196166992,-0.049764249473810196,0.5905423760414124,0.6676612496376038,-0.05899878591299057,0.568490207195282,0.5860899686813354,-0.021491633728146553,0.5719894170761108,0.6237019896507263,-0.03945724293589592,0.5865052342414856,0.6503753662109375,-0.04843400791287422,0.5903363227844238,0.6497197151184082,-0.053592391312122345,0.5902082920074463,0.5685663819313049,-0.019846025854349136,0.5959665775299072,0.618766188621521,-0.037246957421302795,0.6069340109825134,0.6503977179527283,-0.039055224508047104,0.607673704624176,0.6447847485542297,-0.0376756526529789,0.6152443885803223,0.5648007988929749,-0.021319713443517685,0.6216006278991699,0.6140358448028564,-0.03665972501039505,0.6273612380027771,0.6402814388275146,-0.031216980889439583,0.6273919343948364,0.6324008107185364,-0.02498190477490425,0.6391066312789917,0.5701500773429871,-0.025413857772946358,0.6457958817481995,0.6096018552780151,-0.033549584448337555,0.6485458016395569,0.6273857355117798,-0.03010825626552105,0.6487894654273987,0.6207712292671204,-0.02537863329052925,fist,RRQ_p35,RRQ
0.3148001432418823,0.8204941749572754,-2.7820547643386817e-07,0.36998534202575684,0.7636052966117859,-0.01921047642827034,0.40619879961013794,0.6835434436798096,-0.031441472470760345,0.4241802394390106,0.6227228045463562,-0.04402389004826546,0.4210760295391083,0.5911518931388855,-0.05201925337314606,0.32687923312187195,0.5666857957839966,-0.010195648297667503,0.3876429796218872,0.5415529608726501,-0.03995627537369728,0.39733514189720154,0.608639121055603,-0.055797040462493896,0.3812793791294098,0.6313103437423706,-0.06411264836788177,0.28982993960380554,0.5770151615142822,-0.01567540131509304,0.363680899143219,0.5759642124176025,-0.04473928362131119,0.37344545125961304,0.6542506814002991,-0.0507945753633976,0.3536422848701477,0.6680179834365845,-0.04948887228965759,0.2620745003223419,0.6078575253486633,-0.025538213551044464,0.3383098542690277,0.6242563128471375,-0.055070310831069946,0.34433698654174805,0.6946708559989929,-0.0493759885430336,0.3224213421344757,0.7045028209686279,-0.0396561361849308,0.24243082106113434,0.6494115591049194,-0.03746045008301735,0.3073911964893341,0.6656069159507751,-0.05403946340084076,0.3163420259952545,0.7172573804855347,-0.04665916785597801,0.2995729148387909,0.7307862043380737,-0.03690415993332863,fist,RRQ_p35,RRQ
0.2767070531845093,0.7540276050567627,-2.7212334430259943e-07,0.33884933590888977,0.6913547515869141,0.0010761774610728025,0.36595451831817627,0.6203714609146118,0.001615210552699864,0.37803545594215393,0.5573463439941406,-0.0038215327076613903,0.3545359969139099,0.5205368995666504,-0.005357827991247177,0.3075598478317261,0.5695465207099915,0.025327803567051888,0.32546770572662354,0.5120283365249634,0.0033104373142123222,0.3411065638065338,0.5698273777961731,-0.005685947369784117,0.32606109976768494,0.5979716777801514,-0.006934908218681812,0.2808915674686432,0.572049081325531,0.012838889844715595,0.3055693209171295,0.5092601776123047,-0.01569552719593048,0.3222064971923828,0.5856987833976746,-0.023749586194753647,0.29891854524612427,0.6141698360443115,-0.02081647329032421,0.24924086034297943,0.5774892568588257,-0.003913376480340958,0.2809317111968994,0.5215615630149841,-0.03711135312914848,0.29708436131477356,0.5981024503707886,-0.030460823327302933,0.2723792493343353,0.6247501969337463,-0.015927476808428764,0.21081990003585815,0.5873007774353027,-0.019957974553108215,0.2520255446434021,0.5401163101196289,-0.038390252739191055,0.2681140601634979,0.5916841626167297,-0.02654936909675598,0.24767524003982544,0.6204676032066345,-0.01219008956104517,fist,RRQ_p35,RRQ
0.3046909272670746,0.6205361485481262,-1.1177220926583686e-07,0.3563530445098877,0.6031758189201355,-0.005392200779169798,0.3946872055530548,0.5771878957748413,-0.012535950168967247,0.41885146498680115,0.5604106783866882,-0.02029222436249256,0.4183949828147888,0.5618935227394104,-0.026011377573013306,0.3646148443222046,0.5039938688278198,-0.015062535181641579,0.4031222462654114,0.5399519801139832,-0.030420705676078796,0.39471229910850525,0.5651037096977234,-0.03838465362787247,0.38303884863853455,0.561594545841217,-0.0444086454808712,0.34327393770217896,0.5159115195274353,-0.021762073040008545,0.3868892788887024,0.5673215389251709,-0.03761948645114899,0.3775033950805664,0.5863462090492249,-0.04091087728738785,0.3673633635044098,0.5758545398712158,-0.04379281774163246,0.32600224018096924,0.5405309796333313,-0.029501434415578842,0.36805063486099243,0.5951959490776062,-0.04251241311430931,0.3601764440536499,0.6080796122550964,-0.040608327835798264,0.3509373068809509,0.597137987613678,-0.039644766598939896,0.3136286735534668,0.5705889463424683,-0.03832414001226425,0.34937113523483276,0.613303005695343,-0.04610158130526543,0.34540852904319763,0.6202448606491089,-0.04632861167192459,0.336818128824234,0.6109946370124817,-0.046727053821086884,fist,RRQ_p35,RRQ
0.41231048107147217,0.6035325527191162,-1.4838558115570777e-07,0.46827051043510437,0.6287702322006226,-0.018905824050307274,0.5180673599243164,0.6354794502258301,-0.03179008886218071,0.5457556247711182,0.6339353919029236,-0.0429648719727993,0.5306833386421204,0.6260316371917725,-0.052043646574020386,0.5211236476898193,0.5259068608283997,-0.024919841438531876,0.5171136856079102,0.6053481101989746,-0.04767238348722458,0.5034414529800415,0.6263852715492249,-0.0652986541390419,0.4987538754940033,0.6119720935821533,-0.07809916883707047,0.4835118055343628,0.5170902013778687,-0.028031425550580025,0.47922787070274353,0.6083229184150696,-0.04423215985298157,0.47563451528549194,0.6217696070671082,-0.050466906279325485,0.4773520529270172,0.6029639840126038,-0.05689060315489769,0.44609129428863525,0.5284384489059448,-0.03372453525662422,0.4463750720024109,0.6148865222930908,-0.04713345691561699,0.44857484102249146,0.6212783455848694,-0.04380681738257408,0.4521041214466095,0.5975121259689331,-0.04238738492131233,0.41523879766464233,0.5500995516777039,-0.04229883849620819,0.41934001445770264,0.6207583546638489,-0.05251702666282654,0.423934668302536,0.6265918016433716,-0.051312465220689774,0.4265158772468567,0.6086879372596741,-0.04996401071548462,fist,RRQ_p35,RRQ
0.4118751287460327,0.6351397037506104,-2.0080872786820692e-07,0.44950687885284424,0.6208895444869995,-0.03118727169930935,0.48647361993789673,0.57489013671875,-0.04577763378620148,0.5006415843963623,0.5219578742980957,-0.05756263807415962,0.48543375730514526,0.48226332664489746,-0.06314109265804291,0.49965324997901917,0.49681326746940613,-0.013225880451500416,0.4927438199520111,0.45726868510246277,-0.04435057193040848,0.4826441705226898,0.5097588896751404,-0.05921076983213425,0.4813583791255951,0.5300049185752869,-0.06409287452697754,0.46840572357177734,0.48759227991104126,-0.007723337039351463,0.45743393898010254,0.45955541729927063,-0.03926883637905121,0.4537723958492279,0.5246519446372986,-0.043763428926467896,0.45750489830970764,0.5302411317825317,-0.038674935698509216,0.43725264072418213,0.48958948254585266,-0.008458607830107212,0.42663586139678955,0.4773210883140564,-0.039693254977464676,0.42894232273101807,0.5338565707206726,-0.030957333743572235,0.4350314438343048,0.5374332666397095,-0.016674261540174484,0.40700435638427734,0.496911883354187,-0.012020268477499485,0.4016974866390228,0.4931034445762634,-0.02826734445989132,0.40685442090034485,0.5320044755935669,-0.020374152809381485,0.41279539465904236,0.537440299987793,-0.009062870405614376,fist,RRQ_p35,RRQ
0.35028016567230225,0.6053742170333862,-2.376730634523483e-07,0.4039161205291748,0.5800878405570984,-0.007274432107806206,0.44242051243782043,0.5338414907455444,-0.014134363271296024,0.4655037224292755,0.49599820375442505,-0.022443095222115517,0.46246904134750366,0.469361811876297,-0.02730756625533104,0.3996024429798126,0.4352564811706543,-0.0029768638778477907,0.44806960225105286,0.4363868534564972,-0.024130389094352722,0.4439525306224823,0.4815334975719452,-0.03608682006597519,0.4291130304336548,0.4923010766506195,-0.04257911443710327,0.37760719656944275,0.43452295660972595,-0.009602874517440796,0.43663445115089417,0.45675554871559143,-0.030699556693434715,0.42757174372673035,0.5056774616241455,-0.0354938879609108,0.4111177623271942,0.5116212368011475,-0.03522839397192001,0.3606642782688141,0.44931507110595703,-0.019052790477871895,0.41653844714164734,0.49219411611557007,-0.03865407779812813,0.4041198492050171,0.5321155786514282,-0.037095073610544205,0.3867734670639038,0.5308151245117188,-0.0324605256319046,0.3496856689453125,0.4735201895236969,-0.02968176268041134,0.396284282207489,0.5140405893325806,-0.03956812992691994,0.3876726031303406,0.5417028665542603,-0.037915196269750595,0.37221282720565796,0.5394516587257385,-0.03475892171263695,fist,RRQ_p35,RRQ
0.3392719328403473,0.6263359189033508,-1.7592853396308783e-07,0.3770345151424408,0.6114257574081421,-0.02659454569220543,0.41943082213401794,0.5704571008682251,-0.04183214157819748,0.4280180335044861,0.528627336025238,-0.053694695234298706,0.40185609459877014,0.512850821018219,-0.060881756246089935,0.39481765031814575,0.4634164571762085,-0.0206111129373312,0.39535897970199585,0.48334410786628723,-0.04433097690343857,0.3953873813152313,0.5282462239265442,-0.05475258454680443,0.39313340187072754,0.5342204570770264,-0.059511229395866394,0.3595004081726074,0.4559698700904846,-0.018152261152863503,0.3621821105480194,0.4987236559391022,-0.03942948207259178,0.3684467077255249,0.5526169538497925,-0.0415094718337059,0.36928820610046387,0.5432178974151611,-0.03902382031083107,0.32767176628112793,0.46907347440719604,-0.01984557695686817,0.3335048258304596,0.5228657722473145,-0.04039397090673447,0.3445790708065033,0.5636138319969177,-0.033686768263578415,0.34613364934921265,0.5525699257850647,-0.025787759572267532,0.29955291748046875,0.4913623332977295,-0.024418655782938004,0.3071638345718384,0.539621889591217,-0.036512598395347595,0.3193698823451996,0.5687683820724487,-0.032384950667619705,0.3218013048171997,0.5606980323791504,-0.026179702952504158,fist,RRQ_p35,RRQ
0.7347150444984436,0.810784101486206,4.99588509228488e-07,0.6471664905548096,0.7549761533737183,-0.02059839852154255,0.5849863290786743,0.663060188293457,-0.025255432352423668,0.5437057614326477,0.5865562558174133,-0.031535398215055466,0.504526674747467,0.5431336164474487,-0.037055205553770065,0.6524330973625183,0.5155707597732544,0.019505925476551056,0.642015814781189,0.4066316485404968,0.008547637611627579,0.6410015225410461,0.3393719792366028,-0.008391357958316803,0.6450923681259155,0.27972686290740967,-0.022561190649867058,0.7020708322525024,0.501240611076355,0.012322804890573025,0.6983482837677002,0.3761720657348633,0.006741340737789869,0.6987400650978088,0.2972238063812256,-0.007277579978108406,0.7013639211654663,0.23324930667877197,-0.019583765417337418,0.7498879432678223,0.5101193189620972,-0.001891133259050548,0.749556839466095,0.39164313673973083,-0.011879688128829002,0.7455759644508362,0.3162098526954651,-0.02316211722791195,0.7420037984848022,0.25200891494750977,-0.03307267278432846,0.8002746105194092,0.5379213690757751,-0.01994232088327408,0.8117389678955078,0.44640132784843445,-0.030123353004455566,0.8162205815315247,0.38485708832740784,-0.03473380208015442,0.8191115856170654,0.325842022895813,-0.03935594484210014,open_palm,RRQ_p35,RRQ
0.7286989688873291,0.8314639925956726,6.487190944426402e-07,0.6426021456718445,0.7684944868087769,-0.022410674020648003,0.5675578117370605,0.6811589002609253,-0.028884943574666977,0.5083153247833252,0.6286947727203369,-0.03765157610177994,0.4545813798904419,0.6077863574028015,-0.045704081654548645,0.6703416109085083,0.49910831451416016,0.017583923414349556,0.6529838442802429,0.3962676525115967,0.017472706735134125,0.6462107300758362,0.33535850048065186,0.014875371940433979,0.6441730260848999,0.28745076060295105,0.012340831570327282,0.7280108332633972,0.49799269437789917,0.013027319684624672,0.7458543181419373,0.3814246952533722,0.02209610491991043,0.7586207389831543,0.31648021936416626,0.02808752842247486,0.7718832492828369,0.26820579171180725,0.03244838863611221,0.779428243637085,0.5212810635566711,1.6993104509310797e-05,0.8128449320793152,0.41830652952194214,-0.006719846744090319,0.8295736312866211,0.3559551239013672,-0.009408158250153065,0.8429083228111267,0.3051220178604126,-0.009005837142467499,0.8238599896430969,0.5609161853790283,-0.01696382462978363,0.8788710236549377,0.49270838499069214,-0.03224984556436539,0.9137480854988098,0.44461947679519653,-0.03793133795261383,0.9455896019935608,0.39867812395095825,-0.03833097964525223,open_palm,RRQ_p35,RRQ
0.5527451634407043,0.9169715642929077,2.278099771046982e-07,0.4744664430618286,0.8951600790023804,-0.012358790263533592,0.41052812337875366,0.815438985824585,-0.012873073108494282,0.37832099199295044,0.7385421991348267,-0.016001638025045395,0.3443233370780945,0.683497965335846,-0.018293198198080063,0.41600272059440613,0.6819530725479126,0.017878703773021698,0.37805765867233276,0.597130537033081,0.004396176431328058,0.3537142276763916,0.5464074611663818,-0.013076321221888065,0.33226966857910156,0.4984056353569031,-0.02734796144068241,0.44563230872154236,0.653090238571167,0.008089302107691765,0.4024474024772644,0.5488401651382446,-0.003741131629794836,0.371185302734375,0.4845104217529297,-0.02124137058854103,0.3425365388393402,0.42887747287750244,-0.03483365848660469,0.4799860715866089,0.6456900238990784,-0.006927147973328829,0.4403981566429138,0.5429743528366089,-0.021594028919935226,0.4103988707065582,0.4830297827720642,-0.03508027270436287,0.38155174255371094,0.43414145708084106,-0.0451665036380291,0.5228477120399475,0.651595950126648,-0.024642284959554672,0.5011404752731323,0.5652344226837158,-0.03832688927650452,0.48077186942100525,0.5095590949058533,-0.04599872604012489,0.4581030309200287,0.4606998562812805,-0.05198897048830986,open_palm,RRQ_p35,RRQ
0.68439781665802,0.8604786992073059,5.33660568180494e-07,0.6238557696342468,0.8027865290641785,-0.03595585376024246,0.5941017866134644,0.7031162977218628,-0.049788568168878555,0.5848138928413391,0.6093072295188904,-0.06019134074449539,0.5633130669593811,0.5361287593841553,-0.06886809319257736,0.6293862462043762,0.5861247777938843,-0.014250922948122025,0.634515643119812,0.4849185645580292,-0.036302465945482254,0.6444918513298035,0.42565760016441345,-0.057068660855293274,0.6585192680358887,0.3688948154449463,-0.07288353145122528,0.6743736267089844,0.58291095495224,-0.0134899215772748,0.6820713877677917,0.4695090055465698,-0.029973579570651054,0.6912831664085388,0.4013398289680481,-0.04778222739696503,0.701915979385376,0.33644264936447144,-0.06191319599747658,0.7134473919868469,0.6037368178367615,-0.019018130376935005,0.723270833492279,0.4948793947696686,-0.03922317922115326,0.7290106415748596,0.4292128086090088,-0.05230245366692543,0.7348520159721375,0.3658083379268646,-0.062129415571689606,0.7524441480636597,0.6417961716651917,-0.02837889827787876,0.7688581943511963,0.5619049072265625,-0.04773126542568207,0.7799710631370544,0.5103663206100464,-0.05573422461748123,0.7876945734024048,0.4575589895248413,-0.061413250863552094,open_palm,RRQ_p35,RRQ
0.690731406211853,0.793292224407196,3.912039119313704e-07,0.62336665391922,0.7310150861740112,-0.00809248723089695,0.5904191732406616,0.6457768082618713,-0.0019000198226422071,0.5742700695991516,0.5747044682502747,0.0020188973285257816,0.5607110857963562,0.5268721580505371,0.007600598968565464,0.6765431761741638,0.5601956844329834,0.04327482730150223,0.6902915835380554,0.4806042015552521,0.050601232796907425,0.7031503915786743,0.43782657384872437,0.04643263667821884,0.7170833945274353,0.40351495146751404,0.04088061302900314,0.7183438539505005,0.5653714537620544,0.03943059593439102,0.7387468814849854,0.4800070524215698,0.051490142941474915,0.7556812763214111,0.4310619831085205,0.04856342077255249,0.7702718377113342,0.394443541765213,0.04366738721728325,0.7528457641601562,0.5850816965103149,0.02956535667181015,0.7748897075653076,0.5040625929832458,0.03501366451382637,0.7865869402885437,0.45773571729660034,0.032892800867557526,0.7974478006362915,0.4193453788757324,0.028914956375956535,0.7877986431121826,0.6197420358657837,0.016766762360930443,0.8157267570495605,0.5578045845031738,0.01857045851647854,0.8319746255874634,0.5208094120025635,0.019724028185009956,0.8470159769058228,0.48509150743484497,0.019222676753997803,open_palm,RRQ_p35,RRQ
0.6412463784217834,0.8757337331771851,6.01563385771442e-07,0.5642694234848022,0.8309985995292664,-0.03405451402068138,0.5130669474601746,0.7382929921150208,-0.052552029490470886,0.4802533686161041,0.6584756374359131,-0.06837692111730576,0.4391987919807434,0.6072670221328735,-0.08478105813264847,0.5728791356086731,0.6058647036552429,-0.0333646796643734,0.5706837177276611,0.49463117122650146,-0.061159342527389526,0.5742310285568237,0.4242703318595886,-0.08396004140377045,0.5807186961174011,0.3620915412902832,-0.10111589729785919,0.6234901547431946,0.6041805744171143,-0.03858641907572746,0.6305103898048401,0.4784185290336609,-0.06223446875810623,0.6383122205734253,0.3994891047477722,-0.08309289813041687,0.6464589238166809,0.3295772671699524,-0.09884746372699738,0.6682210564613342,0.6286979913711548,-0.04852146655321121,0.6772377490997314,0.5108713507652283,-0.07541827857494354,0.6815077662467957,0.4393652081489563,-0.09266147762537003,0.6846839189529419,0.37290236353874207,-0.10504452139139175,0.7108656167984009,0.6723035573959351,-0.06131790205836296,0.7299250364303589,0.5920546650886536,-0.0866955891251564,0.7411641478538513,0.5382596254348755,-0.09712498635053635,0.7490476369857788,0.48465096950531006,-0.10425595939159393,open_palm,RRQ_p35,RRQ
0.6635998487472534,0.8470628261566162,6.129750431682623e-07,0.5910927057266235,0.7966772317886353,-0.026823967695236206,0.5244800448417664,0.7148603200912476,-0.03992890939116478,0.4709824025630951,0.6618470549583435,-0.05303433537483215,0.4235091209411621,0.64267897605896,-0.06602711975574493,0.6065540909767151,0.5579573512077332,-0.009721670299768448,0.5858946442604065,0.46246761083602905,-0.022298099473118782,0.5764549374580383,0.40501824021339417,-0.033663537353277206,0.5700626373291016,0.3583833575248718,-0.042988527566194534,0.657323956489563,0.5540255904197693,-0.014357846230268478,0.6771420836448669,0.4435212314128876,-0.023003218695521355,0.6924118399620056,0.377261757850647,-0.030204517766833305,0.7065504789352417,0.325356662273407,-0.03512412682175636,0.7017217874526978,0.5760189294815063,-0.02517349272966385,0.7312555313110352,0.4778425097465515,-0.04329971596598625,0.7489427328109741,0.4157470464706421,-0.055122993886470795,0.7642272710800171,0.36402052640914917,-0.061485081911087036,0.7385636568069458,0.6158638596534729,-0.03903290256857872,0.7808638215065002,0.5515745282173157,-0.05918120965361595,0.808996856212616,0.5046077966690063,-0.06798804551362991,0.8338820934295654,0.46036314964294434,-0.07214629650115967,open_palm,RRQ_p35,RRQ
0.32261353731155396,0.8397263288497925,4.4536599830280466e-07,0.40530720353126526,0.7872165441513062,-0.018024036660790443,0.4715774357318878,0.6901925802230835,-0.026365632191300392,0.5206779837608337,0.6223305463790894,-0.03733434900641441,0.563991904258728,0.576242208480835,-0.04915027320384979,0.420215904712677,0.5268464684486389,-0.008059759624302387,0.4418903589248657,0.41575902700424194,-0.028986476361751556,0.46078935265541077,0.35133418440818787,-0.049194782972335815,0.47969353199005127,0.294635146856308,-0.06495398283004761,0.37361130118370056,0.5153822898864746,-0.02060689590871334,0.37742796540260315,0.3809037208557129,-0.0386105477809906,0.38588660955429077,0.2958558201789856,-0.05813030153512955,0.39181727170944214,0.2265404760837555,-0.07354819774627686,0.33075737953186035,0.5335399508476257,-0.037569258362054825,0.31821468472480774,0.4086792469024658,-0.056722674518823624,0.31937089562416077,0.32674503326416016,-0.07330553978681564,0.3232455253601074,0.252983957529068,-0.08628490567207336,0.2894764840602875,0.5753322839736938,-0.05732090398669243,0.26585841178894043,0.4808915853500366,-0.07761365175247192,0.2578607201576233,0.4145481586456299,-0.08837124705314636,0.2551974654197693,0.34858065843582153,-0.09637919068336487,open_palm,RRQ_p35,RRQ
0.3044132888317108,0.8603419065475464,6.768978551008331e-07,0.38059496879577637,0.8029299974441528,-0.04443195089697838,0.4416545033454895,0.715341329574585,-0.07249274849891663,0.49466443061828613,0.6473305821418762,-0.0983726903796196,0.5477181673049927,0.6046753525733948,-0.12563841044902802,0.36355313658714294,0.5554983615875244,-0.05765345320105553,0.3683169186115265,0.4308421015739441,-0.0938354879617691,0.3715779781341553,0.35159122943878174,-0.1214568093419075,0.3721923530101776,0.2792776823043823,-0.14217159152030945,0.30257555842399597,0.5576382279396057,-0.06250247359275818,0.27748703956604004,0.4224018454551697,-0.09545208513736725,0.26085975766181946,0.3336433172225952,-0.12199833989143372,0.24413937330245972,0.2567181885242462,-0.1419714242219925,0.2519536018371582,0.5923146605491638,-0.07159668207168579,0.2154969871044159,0.4753897190093994,-0.1042577475309372,0.19064292311668396,0.39805707335472107,-0.12783902883529663,0.1703481525182724,0.3268272876739502,-0.14407986402511597,0.21103215217590332,0.6515763401985168,-0.08464182913303375,0.15870434045791626,0.5759341716766357,-0.11627265810966492,0.1242397129535675,0.5255671739578247,-0.13252587616443634,0.09661446511745453,0.4715581238269806,-0.14266520738601685,open_palm,RRQ_p35,RRQ
0.29751813411712646,0.8512418270111084,4.686228862738062e-07,0.36447492241859436,0.7907014489173889,-0.040823452174663544,0.4089222550392151,0.7010800242424011,-0.06707858294248581,0.4518792927265167,0.6254101395606995,-0.09092632681131363,0.49798351526260376,0.5669253468513489,-0.11591069400310516,0.3317192494869232,0.5560517311096191,-0.048947595059871674,0.311510294675827,0.4434492588043213,-0.08377709239721298,0.292659729719162,0.3754037916660309,-0.11132856458425522,0.27335724234580994,0.31285959482192993,-0.1316036581993103,0.2828912138938904,0.5618284940719604,-0.05311473086476326,0.2537407875061035,0.4329601526260376,-0.08636365085840225,0.2306065559387207,0.35123854875564575,-0.11346200108528137,0.20696209371089935,0.278592586517334,-0.13307586312294006,0.24229422211647034,0.5951593518257141,-0.06122671440243721,0.2108449637889862,0.4785883128643036,-0.09121473133563995,0.19171911478042603,0.40329551696777344,-0.10998646169900894,0.17339646816253662,0.3318811357021332,-0.12261135876178741,0.20699667930603027,0.6487992405891418,-0.07315372675657272,0.18000401556491852,0.5586022734642029,-0.0996832475066185,0.16600365936756134,0.5003488063812256,-0.11114265769720078,0.15313078463077545,0.44130152463912964,-0.11817291378974915,open_palm,RRQ_p35,RRQ
0.24936658143997192,0.8555771708488464,2.5516251866974926e-07,0.30478963255882263,0.7983429431915283,-0.012783203274011612,0.33693140745162964,0.7177571058273315,-0.015825754031538963,0.35776734352111816,0.6479437947273254,-0.02073218673467636,0.3750050961971283,0.596520185470581,-0.02586294524371624,0.2829406261444092,0.6088858246803284,0.005353267304599285,0.2795765995979309,0.5202646255493164,-0.003999844193458557,0.27548858523368835,0.4725510776042938,-0.016571063548326492,0.27203378081321716,0.4272630214691162,-0.027598977088928223,0.24992156028747559,0.607619047164917,-0.00177186809014529,0.23727723956108093,0.5093205571174622,-0.010686725378036499,0.2281513512134552,0.44928276538848877,-0.02613540180027485,0.2192910611629486,0.39865007996559143,-0.0390545129776001,0.2218719720840454,0.6273230910301208,-0.012257542461156845,0.2031635195016861,0.539423942565918,-0.022826794534921646,0.19086861610412598,0.4826664328575134,-0.03604121133685112,0.1789347231388092,0.4316665828227997,-0.04693586751818657,0.1969079077243805,0.6625251770019531,-0.024701891466975212,0.18035072088241577,0.5918760299682617,-0.03728311508893967,0.16807390749454498,0.5464967489242554,-0.045030537992715836,0.1561432182788849,0.5022144913673401,-0.05112140253186226,open_palm,RRQ_p35,RRQ
0.40560510754585266,0.9044961929321289,2.4133771603374043e-07,0.48835495114326477,0.9038150310516357,0.014211547560989857,0.5560266971588135,0.8484961986541748,0.028065375983715057,0.6081423163414001,0.8109616041183472,0.033348407596349716,0.6461849212646484,0.7872345447540283,0.037794485688209534,0.5584715604782104,0.7079790830612183,0.050745315849781036,0.6077103614807129,0.6367772817611694,0.049676310271024704,0.6388134360313416,0.5958468914031982,0.04050685837864876,0.6677055954933167,0.5600181221961975,0.030958883464336395,0.5395699739456177,0.6812710165977478,0.02950265072286129,0.5876479744911194,0.5937319993972778,0.0266921017318964,0.6242513060569763,0.5406200885772705,0.013842345215380192,0.6553149819374084,0.4956046938896179,0.002882652450352907,0.5142537355422974,0.6712231040000916,0.004381138365715742,0.5538098812103271,0.5808753967285156,-0.0033552658278495073,0.5832309126853943,0.5270817279815674,-0.013575254939496517,0.6085559129714966,0.4790450632572174,-0.021999716758728027,0.48379629850387573,0.6768004298210144,-0.021455269306898117,0.5106478929519653,0.599380612373352,-0.03301335871219635,0.5321459174156189,0.5497023463249207,-0.03924082592129707,0.5538665652275085,0.5015997290611267,-0.044370368123054504,open_palm,RRQ_p35,RRQ
0.33860182762145996,0.8719543218612671,4.148355401412118e-07,0.405800461769104,0.8212052583694458,-0.03495379164814949,0.452650249004364,0.737048864364624,-0.054807327687740326,0.48943620920181274,0.6716698408126831,-0.0728159248828888,0.5261489152908325,0.6214911341667175,-0.09189698845148087,0.39038223028182983,0.6019647121429443,-0.04142561927437782,0.38322022557258606,0.49667561054229736,-0.0692903995513916,0.3770572543144226,0.43062102794647217,-0.09144912660121918,0.36975404620170593,0.3703359365463257,-0.1085294708609581,0.3440821170806885,0.6039141416549683,-0.04620463401079178,0.32923635840415955,0.48632675409317017,-0.07171399891376495,0.3193153440952301,0.40983879566192627,-0.09348074346780777,0.30793091654777527,0.34249627590179443,-0.1103917583823204,0.3028644919395447,0.6319128274917603,-0.05499569699168205,0.28314122557640076,0.5277466773986816,-0.08109208941459656,0.27188077569007874,0.4562021493911743,-0.10158911347389221,0.26080718636512756,0.38990312814712524,-0.11631270498037338,0.2652665972709656,0.6801406145095825,-0.06697618961334229,0.23237471282482147,0.6061208248138428,-0.09350752085447311,0.20953914523124695,0.555487871170044,-0.10830058157444,0.18862482905387878,0.5030733346939087,-0.11836614459753036,open_palm,RRQ_p35,RRQ
0.26790422201156616,0.8799296021461487,3.5474539572533104e-07,0.32246217131614685,0.8340172171592712,-0.025695130228996277,0.3620813488960266,0.7600136995315552,-0.03787520155310631,0.38400667905807495,0.6983181834220886,-0.04980186000466347,0.39795055985450745,0.6492490172386169,-0.06138709560036659,0.3261754512786865,0.6404184699058533,-0.01830657385289669,0.3294285237789154,0.5509953498840332,-0.03763891011476517,0.329819917678833,0.49783286452293396,-0.05502504110336304,0.3292750120162964,0.44863855838775635,-0.06845828145742416,0.287533700466156,0.6366183161735535,-0.02256781980395317,0.2847522795200348,0.5374116897583008,-0.03938300535082817,0.2812325656414032,0.4732421636581421,-0.05657963827252388,0.27679845690727234,0.41910144686698914,-0.06993795186281204,0.25194698572158813,0.6554796099662781,-0.030837535858154297,0.236877903342247,0.5644885301589966,-0.04835979640483856,0.22744706273078918,0.5040243864059448,-0.06375781446695328,0.22046351432800293,0.451790988445282,-0.07511503249406815,0.21798738837242126,0.6928534507751465,-0.04200083762407303,0.19275635480880737,0.6286109089851379,-0.060323722660541534,0.1757524311542511,0.5823323130607605,-0.07099868357181549,0.1630363166332245,0.5378071069717407,-0.07826825231313705,open_palm,RRQ_p35,RRQ
0.29512473940849304,0.8242965936660767,3.902307810221828e-07,0.3588015139102936,0.7615735530853271,-0.022660406306385994,0.39361751079559326,0.6557304859161377,-0.029760949313640594,0.40854257345199585,0.5783596634864807,-0.037341583520174026,0.4214513301849365,0.5179880261421204,-0.0450730137526989,0.33299463987350464,0.528721034526825,-0.013472153805196285,0.3298502564430237,0.42497584223747253,-0.033765193074941635,0.32944735884666443,0.3616519570350647,-0.05222386121749878,0.3291659355163574,0.3029700219631195,-0.06644149869680405,0.29075565934181213,0.5290229320526123,-0.020142586901783943,0.2817179262638092,0.411695659160614,-0.038154296576976776,0.2778252959251404,0.33336275815963745,-0.05600576475262642,0.2730787694454193,0.26420363783836365,-0.06973295658826828,0.2543782591819763,0.5546473264694214,-0.031207270920276642,0.23174676299095154,0.4476167857646942,-0.050215598195791245,0.22243466973304749,0.37608104944229126,-0.06597291678190231,0.2151825726032257,0.3099479675292969,-0.07755152881145477,0.2212267816066742,0.5999700427055359,-0.04516003280878067,0.19260039925575256,0.521771252155304,-0.06519903987646103,0.17641781270503998,0.46455320715904236,-0.07646985352039337,0.16327401995658875,0.40583163499832153,-0.08435976505279541,open_palm,RRQ_p35,RRQ
0.7773064374923706,0.8539294004440308,-5.532627938009682e-07,0.7528732419013977,0.7080579996109009,0.017207445576786995,0.6909681558609009,0.5695339441299438,0.007726559415459633,0.6565577983856201,0.4585646688938141,-0.0061285351403057575,0.6785565614700317,0.36963388323783875,-0.021125387400388718,0.6341862082481384,0.5430163741111755,-0.04021155834197998,0.49336791038513184,0.5566986799240112,-0.06324051320552826,0.5201727747917175,0.6010804176330566,-0.06763404607772827,0.5672634840011597,0.6094324588775635,-0.06755614280700684,0.6232909560203552,0.6274067759513855,-0.060738980770111084,0.481070339679718,0.6456696391105652,-0.0742531418800354,0.5166118144989014,0.6815508008003235,-0.06041174381971359,0.563974142074585,0.6824345588684082,-0.052942272275686264,0.6147524118423462,0.7194302082061768,-0.07796891778707504,0.5006452202796936,0.7277989983558655,-0.08756123483181,0.5388688445091248,0.751557469367981,-0.06195194274187088,0.5830973982810974,0.7497549057006836,-0.047138672322034836,0.6093128323554993,0.8112500905990601,-0.09329858422279358,0.527350902557373,0.801641047000885,-0.0978958010673523,0.5642589330673218,0.8190377950668335,-0.0767785832285881,0.6025444269180298,0.8225889801979065,-0.06108096241950989,thumbs_up,RRQ_p35,RRQ
0.7627227306365967,0.9296220541000366,-8.4441961689663e-07,0.6927601099014282,0.7494341731071472,-0.022648166865110397,0.6688024401664734,0.5664388537406921,-0.04735758900642395,0.6828708648681641,0.43736475706100464,-0.06917513161897659,0.7323724031448364,0.3528279960155487,-0.08810453116893768,0.7679654955863953,0.5478711128234863,-0.0778890922665596,0.6065229177474976,0.5226699113845825,-0.11935699731111526,0.6024587154388428,0.6009219288825989,-0.12891554832458496,0.643836259841919,0.6159796118736267,-0.13354234397411346,0.7791383266448975,0.6540891528129578,-0.09001468867063522,0.5870354175567627,0.6338967680931091,-0.13262656331062317,0.6044536232948303,0.6894302368164062,-0.12438328564167023,0.6543365120887756,0.7044387459754944,-0.12006676197052002,0.76955246925354,0.7569604516029358,-0.10377345234155655,0.5915790796279907,0.7358375787734985,-0.14558427035808563,0.6157122850418091,0.7824538946151733,-0.1225709542632103,0.6691834330558777,0.7908998131752014,-0.10578051209449768,0.7494165301322937,0.8509228825569153,-0.11855406314134598,0.6104801893234253,0.8251757621765137,-0.1475520133972168,0.630608320236206,0.8594118356704712,-0.13544264435768127,0.6790585517883301,0.8729917407035828,-0.12387654930353165,thumbs_up,RRQ_p35,RRQ
0.7671394944190979,0.8196558952331543,-2.0923103249970154e-07,0.7372981905937195,0.680991530418396,0.00538320979103446,0.6809042692184448,0.5649574995040894,-0.007264778483659029,0.6534625291824341,0.4663189649581909,-0.022649751976132393,0.6709671020507812,0.3877791166305542,-0.0398423857986927,0.57345050573349,0.5844259858131409,-0.03035305067896843,0.47596293687820435,0.6293870210647583,-0.040467746555805206,0.5089830756187439,0.6560665965080261,-0.044830746948719025,0.5491201281547546,0.6502953767776489,-0.047467272728681564,0.5630818605422974,0.6709820628166199,-0.04194517806172371,0.4787335991859436,0.704472005367279,-0.04212941601872444,0.5138645172119141,0.7250781059265137,-0.03469180315732956,0.5543906688690186,0.7200580835342407,-0.03348562493920326,0.5628404021263123,0.7593117356300354,-0.05038774386048317,0.4991392493247986,0.7750747799873352,-0.04602082446217537,0.5322231650352478,0.7885651588439941,-0.03001086786389351,0.5703021883964539,0.7851555347442627,-0.02397686056792736,0.569401204586029,0.8427754640579224,-0.05859912559390068,0.5224899649620056,0.8392420411109924,-0.05175935849547386,0.5564732551574707,0.8483107686042786,-0.03277042880654335,0.5894685983657837,0.8473590612411499,-0.01979166641831398,thumbs_up,RRQ_p35,RRQ
0.7195343971252441,0.8845746517181396,-9.606712865206646e-07,0.666572093963623,0.7432383894920349,-0.048240214586257935,0.6526322364807129,0.5889730453491211,-0.0660698413848877,0.6570871472358704,0.48328402638435364,-0.07664897292852402,0.6788222789764404,0.4051908552646637,-0.07714737951755524,0.7719101309776306,0.5218378305435181,-0.0470605343580246,0.6508086919784546,0.5711899995803833,-0.09013251215219498,0.6182758212089539,0.6344420909881592,-0.10771902650594711,0.6410947442054749,0.6374555230140686,-0.11743125319480896,0.8265313506126404,0.5948482155799866,-0.043378379195928574,0.6701030731201172,0.6802856922149658,-0.08284828811883926,0.6387525796890259,0.7270927429199219,-0.08440960943698883,0.6732569932937622,0.7025522589683533,-0.08145246654748917,0.8585076332092285,0.6928736567497253,-0.04758954048156738,0.7077897191047668,0.772830069065094,-0.08542851358652115,0.678102433681488,0.796715497970581,-0.06874977052211761,0.7038046717643738,0.7770907878875732,-0.05227263644337654,0.8724151849746704,0.792462944984436,-0.058038461953401566,0.7559539675712585,0.8489310145378113,-0.08967896550893784,0.728061854839325,0.8548451662063599,-0.08737572282552719,0.7443589568138123,0.8379395604133606,-0.07771728932857513,thumbs_up,RRQ_p35,RRQ
0.6205028295516968,0.8248679637908936,-1.2992586562177166e-06,0.5875906348228455,0.6782261729240417,-0.057047080248594284,0.6210723519325256,0.5018818378448486,-0.08156387507915497,0.6518124938011169,0.3814699947834015,-0.10223111510276794,0.6501796841621399,0.29543712735176086,-0.11018595099449158,0.8044325113296509,0.45549026131629944,-0.037204500287771225,0.8350342512130737,0.42265039682388306,-0.09993913769721985,0.7438901662826538,0.506714940071106,-0.1254597157239914,0.6997289061546326,0.546116054058075,-0.134752094745636,0.864170253276825,0.5522006154060364,-0.03518820181488991,0.8675050735473633,0.5396236181259155,-0.10876426100730896,0.7442019581794739,0.6097124218940735,-0.11938881129026413,0.7201109528541565,0.6137152910232544,-0.11119271069765091,0.8936100006103516,0.6651515960693359,-0.04433026537299156,0.9039791822433472,0.668147623538971,-0.12038519978523254,0.7857110500335693,0.7086552381515503,-0.09860683977603912,0.7578144669532776,0.7027416825294495,-0.06684654951095581,0.904870867729187,0.7778470516204834,-0.05822552368044853,0.9202472567558289,0.7837479114532471,-0.10703014582395554,0.8298430442810059,0.7952906489372253,-0.09120062738656998,0.7989080548286438,0.7766523361206055,-0.06775566935539246,thumbs_up,RRQ_p35,RRQ
0.5301612615585327,0.7601209878921509,-2.497492062047968e-07,0.5147172212600708,0.6395710110664368,0.008902700617909431,0.47572916746139526,0.5333329439163208,0.0033695176243782043,0.4558992087841034,0.4453556537628174,-0.005814836826175451,0.4710244834423065,0.3766329884529114,-0.016719046980142593,0.3692713975906372,0.5268716216087341,-0.0034145170357078314,0.30073609948158264,0.5687427520751953,-0.0028245574794709682,0.32412123680114746,0.6044401526451111,-0.005265196785330772,0.35509732365608215,0.6075429916381836,-0.007763282861560583,0.3490145802497864,0.5919134020805359,-0.012263152748346329,0.30040445923805237,0.6424940228462219,-0.002453324617817998,0.3264831006526947,0.6675287485122681,0.0010759573196992278,0.358004093170166,0.6621412038803101,-0.0013190512545406818,0.340730220079422,0.6649512052536011,-0.01848696917295456,0.3065677881240845,0.698369562625885,-0.007502822205424309,0.33183789253234863,0.7166515588760376,-0.00015076207637321204,0.3633909821510315,0.7133714556694031,-0.000402615696657449,0.33903151750564575,0.7354227900505066,-0.02456241473555565,0.31523197889328003,0.7512720227241516,-0.014786642044782639,0.3432861566543579,0.7672831416130066,-0.0027063118759542704,0.3728959560394287,0.7690685391426086,0.005702404771000147,thumbs_up,RRQ_p35,RRQ
0.5849886536598206,0.757506251335144,-2.478060423527495e-07,0.5850389003753662,0.6336401104927063,0.009665461257100105,0.5599302053451538,0.5189728736877441,0.0007274717791005969,0.556810200214386,0.4262056350708008,-0.012376237660646439,0.5889018774032593,0.36345285177230835,-0.026978544890880585,0.46079790592193604,0.4843391180038452,-0.010695702396333218,0.36995837092399597,0.503049373626709,-0.018486009910702705,0.3911956250667572,0.5435503721237183,-0.02392841875553131,0.42481911182403564,0.5504234433174133,-0.0271737240254879,0.4350706934928894,0.5421051979064941,-0.021832175552845,0.35813960433006287,0.5722375512123108,-0.01859944686293602,0.3847770094871521,0.606635570526123,-0.012498325668275356,0.4197341501712799,0.6080781817436218,-0.011579003185033798,0.41697755455970764,0.610663890838623,-0.030880896374583244,0.3682965636253357,0.6396918296813965,-0.022868458181619644,0.3942508101463318,0.6654036641120911,-0.011837160214781761,0.4250214099884033,0.6638485789299011,-0.009010814130306244,0.40436574816703796,0.6806179881095886,-0.039884984493255615,0.37394535541534424,0.688957691192627,-0.029179997742176056,0.40261346101760864,0.7116645574569702,-0.014465861022472382,0.4303097128868103,0.7166700959205627,-0.004592640791088343,thumbs_up,RRQ_p35,RRQ
0.18917512893676758,0.7551535367965698,-3.221614690573915e-07,0.23072046041488647,0.6454271078109741,0.0032005361281335354,0.28942766785621643,0.5344172716140747,-0.015176857821643353,0.3016836643218994,0.44317254424095154,-0.037317242473363876,0.2724475860595703,0.37692415714263916,-0.055987466126680374,0.34154361486434937,0.49392035603523254,-0.04792800918221474,0.4720885157585144,0.568803071975708,-0.08073078840970993,0.4384954869747162,0.6027589440345764,-0.09358499199151993,0.39704376459121704,0.5839404463768005,-0.10157676786184311,0.3261030912399292,0.5494534373283386,-0.07016991823911667,0.4603758156299591,0.6392971277236938,-0.09031875431537628,0.42316412925720215,0.6623363494873047,-0.08367016166448593,0.38463717699050903,0.6425922513008118,-0.08336008340120316,0.3110317587852478,0.6254420876502991,-0.09140603244304657,0.43193256855010986,0.7046456336975098,-0.10398876667022705,0.3978489935398102,0.7215626835823059,-0.08561336994171143,0.36175501346588135,0.7040008902549744,-0.07735997438430786,0.29950860142707825,0.7087104916572571,-0.11280396580696106,0.4028566777706146,0.7614107131958008,-0.1132298931479454,0.38318386673927307,0.7722792625427246,-0.09614071995019913,0.3534151017665863,0.7634246945381165,-0.08707334846258163,thumbs_up,RRQ_p35,RRQ
0.2602646052837372,0.8287292718887329,-5.83541918786068e-07,0.345742404460907,0.735329806804657,-0.04005054756999016,0.38502511382102966,0.6071721911430359,-0.06220588833093643,0.3899902105331421,0.5158851146697998,-0.08133665472269058,0.4080643653869629,0.43852999806404114,-0.09358485043048859,0.26798248291015625,0.4759942889213562,-0.0466056652367115,0.3271588385105133,0.5097841620445251,-0.0998767763376236,0.351209819316864,0.5947420001029968,-0.12683828175067902,0.3352508842945099,0.6035603284835815,-0.14133061468601227,0.1968953013420105,0.5115110874176025,-0.04843314364552498,0.28198909759521484,0.5855187177658081,-0.10007679462432861,0.31434667110443115,0.6711334586143494,-0.11178460717201233,0.2961060106754303,0.6661608815193176,-0.1140756905078888,0.14616350829601288,0.574256956577301,-0.056727729737758636,0.23617203533649445,0.656570553779602,-0.10722972452640533,0.26952892541885376,0.7240127921104431,-0.1023622378706932,0.2533538341522217,0.7131404280662537,-0.09198234230279922,0.11040306091308594,0.645974338054657,-0.06880238652229309,0.1825084239244461,0.7067866921424866,-0.1005537137389183,0.21801306307315826,0.7507739067077637,-0.09747356921434402,0.2113814353942871,0.7465915679931641,-0.08867132663726807,thumbs_up,RRQ_p35,RRQ
0.20291799306869507,0.7418683171272278,-2.6873769343183085e-07,0.23863086104393005,0.6316565871238708,0.0014487403677776456,0.2896767854690552,0.521949827671051,-0.01867293380200863,0.2936742901802063,0.4321521520614624,-0.042082712054252625,0.2593505084514618,0.36652693152427673,-0.062488310039043427,0.38553106784820557,0.5152280330657959,-0.03787693381309509,0.4909124970436096,0.59430992603302,-0.05851902440190315,0.4575701951980591,0.6182906031608582,-0.06685657799243927,0.4177316725254059,0.6039230227470398,-0.07274609804153442,0.38146349787712097,0.5862049460411072,-0.05709404870867729,0.4904933571815491,0.6686062216758728,-0.06445750594139099,0.45261475443840027,0.6817607879638672,-0.05492362007498741,0.4118410348892212,0.6646727323532104,-0.053650856018066406,0.37222814559936523,0.6681400537490845,-0.07558188587427139,0.4645664095878601,0.7350213527679443,-0.07375622540712357,0.42740440368652344,0.7403276562690735,-0.05269140377640724,0.3886812925338745,0.7203040719032288,-0.045796070247888565,0.3598746061325073,0.7508127689361572,-0.09508757293224335,0.44042277336120605,0.7917476296424866,-0.08635164797306061,0.4075290858745575,0.7895956635475159,-0.06556852906942368,0.3699245750904083,0.7685267329216003,-0.05587354302406311,thumbs_up,RRQ_p35,RRQ
0.20579257607460022,0.8329240083694458,-5.154135465090803e-07,0.29712575674057007,0.7196104526519775,-0.05140477791428566,0.3399754464626312,0.5820910930633545,-0.0805990919470787,0.3436681032180786,0.478519082069397,-0.10472863912582397,0.34826719760894775,0.3838549852371216,-0.12275587767362595,0.22619248926639557,0.47332438826560974,-0.0887373760342598,0.33309537172317505,0.5488827228546143,-0.16362042725086212,0.36351829767227173,0.639807939529419,-0.20189863443374634,0.3470369875431061,0.6575222611427307,-0.2218364030122757,0.14945098757743835,0.5442358255386353,-0.09086334705352783,0.286677747964859,0.6705414056777954,-0.15487009286880493,0.3212747573852539,0.7346733212471008,-0.16548039019107819,0.30563461780548096,0.7216439247131348,-0.1699722558259964,0.10253670811653137,0.6409128308296204,-0.10056718438863754,0.23600780963897705,0.7583286166191101,-0.16232086718082428,0.27871277928352356,0.7951891422271729,-0.15272533893585205,0.2748797833919525,0.7750450372695923,-0.13961338996887207,0.075001060962677,0.7428659200668335,-0.1154976412653923,0.18306738138198853,0.822300136089325,-0.15959110856056213,0.2229018211364746,0.8414554595947266,-0.1587662249803543,0.22325682640075684,0.8239393830299377,-0.15086188912391663,thumbs_up,RRQ_p35,RRQ
0.30554142594337463,0.8553088903427124,-6.216126848812564e-07,0.3934342563152313,0.7893510460853577,-0.05124123394489288,0.44012999534606934,0.6585301160812378,-0.0771784856915474,0.46551889181137085,0.5589914321899414,-0.09689874947071075,0.48689818382263184,0.46517646312713623,-0.11176992207765579,0.3296113908290863,0.5560949444770813,-0.08341394364833832,0.38800114393234253,0.7030898332595825,-0.1388385146856308,0.41139835119247437,0.7714914083480835,-0.16844715178012848,0.40347376465797424,0.7562480568885803,-0.18653914332389832,0.24425268173217773,0.602912187576294,-0.08187929540872574,0.32382291555404663,0.7749851942062378,-0.12424656748771667,0.3591506779193878,0.8148497343063354,-0.12885013222694397,0.3547104299068451,0.7793951630592346,-0.13501495122909546,0.18427015841007233,0.6797444820404053,-0.08601168543100357,0.26178523898124695,0.830898642539978,-0.12257391959428787,0.2984895706176758,0.856258749961853,-0.10708606243133545,0.29403698444366455,0.8201901316642761,-0.09829288721084595,0.14040397107601166,0.7634177803993225,-0.0969538763165474,0.20173102617263794,0.8761104941368103,-0.1231355145573616,0.23691675066947937,0.8925836086273193,-0.11760776489973068,0.23488229513168335,0.8656076192855835,-0.11236605048179626,thumbs_up,RRQ_p35,RRQ
0.22458989918231964,0.7647741436958313,-3.5122158692502126e-07,0.2675654888153076,0.6586838364601135,-0.001739733968861401,0.3312334418296814,0.5471701622009277,-0.020943937823176384,0.34661394357681274,0.4500737488269806,-0.04212521016597748,0.3173777461051941,0.3750010132789612,-0.060297779738903046,0.4247056245803833,0.5471810102462769,-0.04145941883325577,0.5264902114868164,0.6464059352874756,-0.06282351911067963,0.4902764856815338,0.6674178242683411,-0.07119738310575485,0.4486985504627228,0.646562933921814,-0.07703295350074768,0.4177974462509155,0.6229860782623291,-0.057811565697193146,0.5111846923828125,0.725968599319458,-0.06559348106384277,0.4726503789424896,0.7349291443824768,-0.05794570595026016,0.4338785409927368,0.7097426652908325,-0.05812056362628937,0.40529078245162964,0.7102224230766296,-0.07334307581186295,0.48671814799308777,0.7963332533836365,-0.07533536106348038,0.45012786984443665,0.7995121479034424,-0.057980526238679886,0.41276711225509644,0.7740194797515869,-0.05255553126335144,0.39142364263534546,0.797031044960022,-0.08948115259408951,0.45566242933273315,0.8539567589759827,-0.08610275387763977,0.4213082492351532,0.8514497876167297,-0.06950411945581436,0.38676533102989197,0.8270745277404785,-0.06139446049928665,thumbs_up,RRQ_p35,RRQ
0.19985556602478027,0.7673206329345703,-5.173607178221573e-07,0.20527176558971405,0.6316865086555481,0.0032547861337661743,0.23317977786064148,0.5175728797912598,-0.00985008105635643,0.23935627937316895,0.4138423204421997,-0.025798797607421875,0.21002203226089478,0.3423148989677429,-0.040370553731918335,0.3712359368801117,0.5236170291900635,-0.005896506831049919,0.40539446473121643,0.5600821375846863,-0.002021919237449765,0.38606834411621094,0.5916832089424133,-0.002765580313280225,0.3586857318878174,0.6014476418495178,-0.0063256993889808655,0.40212297439575195,0.595477283000946,-0.014598142355680466,0.4047785699367523,0.6376078128814697,0.005672552157193422,0.3771892189979553,0.6566130518913269,0.010129811242222786,0.34926310181617737,0.6611748337745667,0.0033000223338603973,0.41079002618789673,0.6760682463645935,-0.02103760838508606,0.40023359656333923,0.7025240063667297,0.003918678034096956,0.37744635343551636,0.7155011296272278,0.012672403827309608,0.3506316542625427,0.7169743180274963,0.006870610639452934,0.408803254365921,0.7509095668792725,-0.02865118347108364,0.39467912912368774,0.7724658250808716,-0.005476788617670536,0.37081965804100037,0.7775086164474487,0.009065964259207249,0.3471683859825134,0.7723743915557861,0.014012498781085014,thumbs_up,RRQ_p35,RRQ
0.26224902272224426,0.8119558095932007,-6.384050266206032e-07,0.33622562885284424,0.7238562107086182,-0.04079868644475937,0.3751857280731201,0.5936504006385803,-0.06316351145505905,0.39156070351600647,0.501763105392456,-0.08282383531332016,0.41668635606765747,0.4237973988056183,-0.09717752039432526,0.25409433245658875,0.48151612281799316,-0.05463895574212074,0.30561167001724243,0.5665012001991272,-0.10843738168478012,0.33550789952278137,0.6408929228782654,-0.13950584828853607,0.33466190099716187,0.6483137607574463,-0.1563299149274826,0.1768050491809845,0.5281515121459961,-0.05568843334913254,0.24927332997322083,0.6459739804267883,-0.10190677642822266,0.29390406608581543,0.706063985824585,-0.11168655753135681,0.30118048191070557,0.700117826461792,-0.11584946513175964,0.12128236144781113,0.5996444225311279,-0.06278170645236969,0.19519902765750885,0.70992511510849,-0.10540123283863068,0.23950093984603882,0.7567905187606812,-0.098915234208107,0.24664893746376038,0.7441222667694092,-0.09056901931762695,0.08108220994472504,0.6802278757095337,-0.07491076737642288,0.139333575963974,0.7588114738464355,-0.10087662190198898,0.18129736185073853,0.789667010307312,-0.0974925234913826,0.1906193643808365,0.7802422046661377,-0.09080172330141068,thumbs_up,RRQ_p35,RRQ
0.6891074776649475,0.8711272478103638,9.398169140695245e-07,0.6215984225273132,0.8135555982589722,-0.03025420382618904,0.572876513004303,0.7284592986106873,-0.057219404727220535,0.5511828064918518,0.6659395694732666,-0.08906629681587219,0.5696290135383606,0.6076434850692749,-0.11869381368160248,0.6188528537750244,0.5481702089309692,-0.03272417187690735,0.5979469418525696,0.4218217730522156,-0.06697382777929306,0.5842733979225159,0.34855806827545166,-0.08758585155010223,0.5749647617340088,0.28104183077812195,-0.10102762281894684,0.6737635731697083,0.5573053359985352,-0.04776835814118385,0.6861456036567688,0.3991711139678955,-0.08955080807209015,0.7015120387077332,0.30292561650276184,-0.1143014207482338,0.7190225720405579,0.21840044856071472,-0.12583428621292114,0.7231064438819885,0.5987572073936462,-0.0669228807091713,0.6856602430343628,0.5296867489814758,-0.12351974099874496,0.6355639100074768,0.6053880453109741,-0.1315484493970871,0.605927050113678,0.6653861403465271,-0.12120679020881653,0.7623302340507507,0.6566013097763062,-0.08805510401725769,0.7233815789222717,0.5969826579093933,-0.1281406730413437,0.6781574487686157,0.6411243677139282,-0.1252950131893158,0.6461435556411743,0.6855931282043457,-0.11398931592702866,peace_sign,RRQ_p35,RRQ
0.6672923564910889,0.8585623502731323,7.685807190682681e-07,0.6020132303237915,0.7890087366104126,-0.018262621015310287,0.5585578083992004,0.6952506899833679,-0.033381205052137375,0.5322497487068176,0.6159688830375671,-0.05498117208480835,0.5378831624984741,0.5407389402389526,-0.07429543882608414,0.5800873637199402,0.5920642614364624,-0.008098476566374302,0.5331310033798218,0.48127180337905884,-0.029102543368935585,0.5076793432235718,0.4206855893135071,-0.039856553077697754,0.4905998110771179,0.36137551069259644,-0.04851044714450836,0.6236109733581543,0.5799064636230469,-0.02041001245379448,0.6277152895927429,0.43183231353759766,-0.04791242256760597,0.6365834474563599,0.35008499026298523,-0.06566962599754333,0.6479544043540955,0.2860504984855652,-0.07605280727148056,0.6650552749633789,0.5965594053268433,-0.03683677688241005,0.6315206289291382,0.4877140522003174,-0.07614431530237198,0.5894364714622498,0.5442613959312439,-0.08613919466733932,0.5664907693862915,0.6031003594398499,-0.08351147174835205,0.7046644687652588,0.6271136403083801,-0.05477122217416763,0.6682238578796387,0.5518821477890015,-0.08525191247463226,0.629368782043457,0.568981945514679,-0.09204689413309097,0.6022708415985107,0.6010802388191223,-0.09198561310768127,peace_sign,RRQ_p35,RRQ
0.7656587362289429,0.7771164178848267,6.667448815278476e-07,0.7670798301696777,0.6538885831832886,0.022009704262018204,0.7331154942512512,0.5639398694038391,0.017542539164423943,0.6808649897575378,0.535510778427124,0.0073308879509568214,0.6325318813323975,0.5381231904029846,-0.005504204425960779,0.7363835573196411,0.5014369487762451,-0.02453913353383541,0.7137174606323242,0.36409515142440796,-0.04838798567652702,0.7009739279747009,0.27764174342155457,-0.059305425733327866,0.6915192008018494,0.21389096975326538,-0.06266952306032181,0.6963158249855042,0.5281853675842285,-0.042372461408376694,0.6111204624176025,0.40945911407470703,-0.061538394540548325,0.559090793132782,0.3463248610496521,-0.06785855442285538,0.5202888250350952,0.30099326372146606,-0.07091381400823593,0.6564652323722839,0.5722839832305908,-0.05463250353932381,0.5752339959144592,0.5299846529960632,-0.06523805856704712,0.5933047533035278,0.5655597448348999,-0.0533258393406868,0.6188634634017944,0.5912448763847351,-0.04060586541891098,0.6192153692245483,0.6240177750587463,-0.06495432555675507,0.5641124844551086,0.5969160795211792,-0.0646059587597847,0.5833808183670044,0.6253848075866699,-0.04587831720709801,0.609218955039978,0.6418295502662659,-0.028372814878821373,peace_sign,RRQ_p35,RRQ
0.7273730039596558,0.9547605514526367,1.2334282928350149e-06,0.6623793840408325,0.8829718828201294,-0.049595873802900314,0.6312435865402222,0.7713503241539001,-0.08548420667648315,0.6668347716331482,0.691735565662384,-0.12346239387989044,0.72330242395401,0.6397072672843933,-0.1581304669380188,0.6792071461677551,0.5400787591934204,-0.05622373893857002,0.6679438948631287,0.38066428899765015,-0.10271241515874863,0.6638977527618408,0.2810328006744385,-0.13119037449359894,0.6663353443145752,0.19086453318595886,-0.150384783744812,0.7545762658119202,0.5551299452781677,-0.06862238794565201,0.8053973913192749,0.3782014846801758,-0.11903520673513412,0.8452585339546204,0.26903462409973145,-0.14833031594753265,0.8842936158180237,0.1726001501083374,-0.16346575319766998,0.8125227689743042,0.6193901300430298,-0.08655226230621338,0.8433349132537842,0.533083438873291,-0.15494440495967865,0.7933579683303833,0.6323370933532715,-0.15981443226337433,0.7586649656295776,0.7061631083488464,-0.1446300894021988,0.856013298034668,0.7120756506919861,-0.10844393074512482,0.8768879175186157,0.6575078368186951,-0.16150954365730286,0.834875762462616,0.7101982831954956,-0.15789783000946045,0.7984464764595032,0.757244348526001,-0.14275605976581573,peace_sign,RRQ_p35,RRQ
0.6695343852043152,0.880460262298584,5.070417046226794e-07,0.6352662444114685,0.8252735137939453,-0.013370360247790813,0.6223506331443787,0.7532649636268616,-0.023948373273015022,0.6238363981246948,0.6900627017021179,-0.0383102223277092,0.6436284184455872,0.6430778503417969,-0.051450006663799286,0.6471644043922424,0.6891529560089111,-0.0070550283417105675,0.6392102241516113,0.6079759001731873,-0.0234111025929451,0.6359561681747437,0.5631418228149414,-0.032200753688812256,0.6362886428833008,0.5216113924980164,-0.03812743350863457,0.6787116527557373,0.696284830570221,-0.014772283844649792,0.7008865475654602,0.600937008857727,-0.03502009063959122,0.7160537838935852,0.5503315329551697,-0.046755868941545486,0.7322003841400146,0.5092471837997437,-0.052334729582071304,0.7060862183570862,0.7209377288818359,-0.024965548887848854,0.7004924416542053,0.6556118726730347,-0.053560804575681686,0.66750568151474,0.6897174715995789,-0.05678202211856842,0.6476221084594727,0.7231647372245789,-0.05101576820015907,0.7310037016868591,0.7542994022369385,-0.035990048199892044,0.7224979400634766,0.7024846076965332,-0.0561496764421463,0.6942481994628906,0.7216237783432007,-0.05443839356303215,0.6732144951820374,0.7490885257720947,-0.04867119342088699,peace_sign,RRQ_p35,RRQ
0.5284081101417542,0.9305631518363953,5.315579869602516e-07,0.47217488288879395,0.8951938152313232,-0.012474238872528076,0.4320836663246155,0.8347792029380798,-0.025082942098379135,0.41045382618904114,0.7834329009056091,-0.04314753785729408,0.40880149602890015,0.737433135509491,-0.05994883552193642,0.4420302212238312,0.7377051115036011,-0.00937193725258112,0.3999178111553192,0.6612661480903625,-0.030770931392908096,0.3764316439628601,0.6195685863494873,-0.04245050251483917,0.3577893376350403,0.5793759226799011,-0.049464959651231766,0.47642332315444946,0.7248486280441284,-0.02117118239402771,0.4597857892513275,0.6142447590827942,-0.04848930239677429,0.44916826486587524,0.5521252155303955,-0.06317075341939926,0.4431268572807312,0.49965691566467285,-0.06900178641080856,0.5103358626365662,0.733198881149292,-0.035593971610069275,0.46371522545814514,0.679742693901062,-0.07257703691720963,0.44148993492126465,0.7457193732261658,-0.07413604110479355,0.43628111481666565,0.7986671924591064,-0.06369270384311676,0.5415109395980835,0.7542643547058105,-0.050967905670404434,0.49743443727493286,0.7186391949653625,-0.07513975352048874,0.472623348236084,0.7588544487953186,-0.0708925873041153,0.4625566601753235,0.7983929514884949,-0.06151093170046806,peace_sign,RRQ_p35,RRQ
0.765041708946228,0.7836107015609741,6.024955041539215e-07,0.7602800130844116,0.673524022102356,0.035906244069337845,0.7336686849594116,0.5974566340446472,0.03472350537776947,0.6868383884429932,0.5585499405860901,0.02465762570500374,0.6468287706375122,0.553050696849823,0.012881704606115818,0.7362128496170044,0.5269831418991089,-0.015652528032660484,0.7198682427406311,0.4091491103172302,-0.04228537529706955,0.711685061454773,0.3286706507205963,-0.05798190459609032,0.7061944007873535,0.27413591742515564,-0.06572805345058441,0.7097033262252808,0.5510173439979553,-0.04067444056272507,0.6374852657318115,0.4374048113822937,-0.06686735898256302,0.5911291241645813,0.36694788932800293,-0.08014257997274399,0.557467520236969,0.3233067989349365,-0.08860079199075699,0.6763166785240173,0.5935742259025574,-0.05838761106133461,0.5974597930908203,0.5601984262466431,-0.060092151165008545,0.606348991394043,0.586456298828125,-0.03848005458712578,0.626762330532074,0.6034649014472961,-0.02257359027862549,0.643162727355957,0.6424988508224487,-0.0745922327041626,0.5842292308807373,0.622320830821991,-0.06277697533369064,0.5969125032424927,0.6456644535064697,-0.037562619894742966,0.6185678243637085,0.6588218212127686,-0.01781366392970085,peace_sign,RRQ_p35,RRQ
0.2049245983362198,0.7309856414794922,8.254593240053509e-07,0.20458805561065674,0.6095770001411438,0.033583518117666245,0.23285160958766937,0.523874819278717,0.0325029194355011,0.2802381217479706,0.48516222834587097,0.021733544766902924,0.3254360556602478,0.4746904969215393,0.011423483490943909,0.23293423652648926,0.4368370771408081,-0.000254734797636047,0.3018312454223633,0.3298361301422119,-0.01031527016311884,0.3397527039051056,0.2771732807159424,-0.011981554329395294,0.3705954849720001,0.2360975444316864,-0.012269788421690464,0.2649795711040497,0.4625333547592163,-0.027347654104232788,0.3637925088405609,0.3764144480228424,-0.040112704038619995,0.42006736993789673,0.3350342810153961,-0.04606938362121582,0.4616847336292267,0.30439817905426025,-0.049900248646736145,0.29845166206359863,0.5089025497436523,-0.04873017594218254,0.3851918578147888,0.5038807392120361,-0.047314148396253586,0.3661392629146576,0.5438024997711182,-0.02985364943742752,0.3371490240097046,0.564336895942688,-0.018076784908771515,0.3293333053588867,0.5646935105323792,-0.06908072531223297,0.38905444741249084,0.5702489614486694,-0.05432826280593872,0.36790186166763306,0.6021151542663574,-0.030988166108727455,0.33941832184791565,0.6156215667724609,-0.01400680560618639,peace_sign,RRQ_p35,RRQ
0.32098016142845154,0.7408901453018188,5.792967385787051e-07,0.3158475458621979,0.6122905611991882,0.017884688451886177,0.35682523250579834,0.5206910967826843,0.017995314672589302,0.4172144830226898,0.4844306707382202,0.014663509093225002,0.4632774889469147,0.4888647496700287,0.011189424432814121,0.4114086627960205,0.481218546628952,-0.015531693585216999,0.483720064163208,0.3646146357059479,-0.021895302459597588,0.5269118547439575,0.3100999593734741,-0.020889457315206528,0.5602534413337708,0.2718096077442169,-0.017630543559789658,0.4589005410671234,0.5354424118995667,-0.023533327504992485,0.544969916343689,0.45330610871315,-0.02157249115407467,0.5927133560180664,0.40992265939712524,-0.016900690272450447,0.6227602958679199,0.3880270719528198,-0.013202795758843422,0.48902979493141174,0.5999737977981567,-0.026672307401895523,0.5059972405433655,0.5590834617614746,-0.01366589218378067,0.4751281142234802,0.5582403540611267,-0.000849137082695961,0.44190964102745056,0.5781103372573853,0.007832401432096958,0.5041986703872681,0.6585274934768677,-0.029094068333506584,0.5022881031036377,0.6297726035118103,-0.011430666781961918,0.4744828939437866,0.6324124336242676,0.00588570162653923,0.44907164573669434,0.6528767347335815,0.01980898156762123,peace_sign,RRQ_p35,RRQ
0.3832167387008667,0.8493754863739014,1.0825053777807625e-06,0.458957701921463,0.7782450318336487,-0.03511783853173256,0.5111967325210571,0.6769422888755798,-0.06207495927810669,0.5250016450881958,0.5923893451690674,-0.09252339601516724,0.48849940299987793,0.5540092587471008,-0.11862291395664215,0.45091408491134644,0.5160524845123291,-0.04665825888514519,0.4842676520347595,0.3810465931892395,-0.09637767821550369,0.5066491961479187,0.29960471391677856,-0.12280543148517609,0.5218120813369751,0.2243507206439972,-0.13450029492378235,0.38663944602012634,0.5105932950973511,-0.06076216325163841,0.4084169268608093,0.3553737998008728,-0.11954665184020996,0.4216024875640869,0.24886608123779297,-0.14657743275165558,0.42756733298301697,0.16328507661819458,-0.15269352495670319,0.33433181047439575,0.5366726517677307,-0.07899566739797592,0.43192052841186523,0.5259197354316711,-0.15365158021450043,0.48188498616218567,0.6202571392059326,-0.16273869574069977,0.5049120783805847,0.69093918800354,-0.1428450495004654,0.3022698163986206,0.587792694568634,-0.10047635436058044,0.39799007773399353,0.599804162979126,-0.1475718468427658,0.4434143304824829,0.6635690331459045,-0.14624977111816406,0.46578794717788696,0.7160530090332031,-0.12955334782600403,peace_sign,RRQ_p35,RRQ
0.34582415223121643,0.8279935121536255,1.2225851833136403e-06,0.4211045503616333,0.7592437267303467,-0.04995638504624367,0.4705387055873871,0.6722865104675293,-0.08431264013051987,0.47961848974227905,0.599555492401123,-0.11915430426597595,0.4363718628883362,0.5575570464134216,-0.14917944371700287,0.4087063670158386,0.49155193567276,-0.06598716974258423,0.43588024377822876,0.3489096462726593,-0.1186923161149025,0.45145925879478455,0.26043903827667236,-0.14661802351474762,0.4595963656902313,0.17924007773399353,-0.15884995460510254,0.3361538350582123,0.49133309721946716,-0.07474210113286972,0.33405572175979614,0.3364385962486267,-0.14182506501674652,0.32968980073928833,0.22103697061538696,-0.17572630941867828,0.3215148150920868,0.12462857365608215,-0.1851791888475418,0.2764241397380829,0.5315976142883301,-0.08747066557407379,0.35942259430885315,0.5452001690864563,-0.16935357451438904,0.4119638204574585,0.6345587372779846,-0.1830868422985077,0.4370984435081482,0.6952511072158813,-0.1637914627790451,0.2366059571504593,0.5954433679580688,-0.10393627732992172,0.30432161688804626,0.598762571811676,-0.15192770957946777,0.35848045349121094,0.6420092582702637,-0.14912252128124237,0.39289408922195435,0.676918089389801,-0.13085630536079407,peace_sign,RRQ_p35,RRQ
0.2749086022377014,0.8082175254821777,1.3721478353545535e-06,0.3470298647880554,0.7261304259300232,-0.07073728740215302,0.38337671756744385,0.6417199969291687,-0.11823555082082748,0.38266265392303467,0.5800172686576843,-0.16359147429466248,0.3443552553653717,0.5408025979995728,-0.20284034311771393,0.3045463263988495,0.4301110506057739,-0.08884058147668839,0.3017514646053314,0.2718192934989929,-0.1502840518951416,0.30013367533683777,0.1735762059688568,-0.1822056621313095,0.291527658700943,0.08705997467041016,-0.19624896347522736,0.22528642416000366,0.4578278958797455,-0.09160240739583969,0.17872774600982666,0.304499089717865,-0.1726907640695572,0.14036059379577637,0.1934489607810974,-0.21263079345226288,0.10278458893299103,0.0988774299621582,-0.22389476001262665,0.16547748446464539,0.524133026599884,-0.0994761511683464,0.22569909691810608,0.5272629857063293,-0.1971743255853653,0.29878711700439453,0.6096279621124268,-0.21360519528388977,0.3414403796195984,0.667133629322052,-0.19194695353507996,0.12785053253173828,0.6039752960205078,-0.11200973391532898,0.1843213140964508,0.6006845831871033,-0.17062748968601227,0.24594072997570038,0.6498739719390869,-0.16740289330482483,0.2814304530620575,0.6837338805198669,-0.1463461071252823,peace_sign,RRQ_p35,RRQ
0.363783061504364,0.8138865232467651,5.577018669100653e-07,0.3867930471897125,0.678596019744873,0.022375794127583504,0.4592285752296448,0.6037459969520569,0.03882250189781189,0.5251821875572205,0.6017376780509949,0.05135824903845787,0.5634216070175171,0.6335742473602295,0.06476210802793503,0.5190123319625854,0.5671414732933044,0.0185298603028059,0.6018190383911133,0.4635652005672455,0.034636203199625015,0.6483689546585083,0.41724133491516113,0.0499534085392952,0.6845960021018982,0.38407063484191895,0.061932776123285294,0.5621837377548218,0.6310189366340637,0.01335184182971716,0.6600156426429749,0.5622368454933167,0.0327250175178051,0.717523992061615,0.532084584236145,0.039337802678346634,0.7556841373443604,0.5215246081352234,0.044186968356370926,0.5829164385795593,0.7035890221595764,0.012238262221217155,0.592525064945221,0.6703165173530579,0.03707031160593033,0.5603168606758118,0.671550989151001,0.04008981212973595,0.5309411287307739,0.6861937642097473,0.04156457632780075,0.5898734927177429,0.7639527916908264,0.01224821712821722,0.5826390385627747,0.7293552756309509,0.03875412791967392,0.5535793304443359,0.7309367656707764,0.05111520737409592,0.5281065702438354,0.7481909990310669,0.06016990914940834,peace_sign,RRQ_p35,RRQ
0.1928665041923523,0.7597299814224243,5.721051365981111e-07,0.20003396272659302,0.6511105298995972,0.03168296068906784,0.23877671360969543,0.5931596755981445,0.03360319882631302,0.28574028611183167,0.5728378295898438,0.028229737654328346,0.32457664608955383,0.5849108695983887,0.022275324910879135,0.26767581701278687,0.5411292314529419,-0.004039975348860025,0.33035022020339966,0.4552654027938843,-0.011896326206624508,0.36474376916885376,0.40456724166870117,-0.015003220178186893,0.3925829827785492,0.36670616269111633,-0.015700502321124077,0.3029320240020752,0.5726373791694641,-0.022062459960579872,0.3842674195766449,0.5128644704818726,-0.026299938559532166,0.4332597851753235,0.4806075096130371,-0.02988351881504059,0.46351248025894165,0.46560239791870117,-0.03246207535266876,0.33047211170196533,0.6219397187232971,-0.03327013924717903,0.36378902196884155,0.6260187029838562,-0.01576562225818634,0.3469831943511963,0.6387742161750793,0.002120161894708872,0.32521602511405945,0.6498375535011292,0.012043117545545101,0.34749752283096313,0.6754246950149536,-0.043876923620700836,0.3705463111400604,0.6736417412757874,-0.01566014252603054,0.3515812158584595,0.6865646243095398,0.009861907921731472,0.32960301637649536,0.6989127993583679,0.027577629312872887,peace_sign,RRQ_p35,RRQ
0.2800024747848511,0.8090435862541199,7.770740921841934e-07,0.3361921012401581,0.7392438650131226,-0.023319140076637268,0.37523239850997925,0.6635546684265137,-0.0470917709171772,0.4039210081100464,0.6135255694389343,-0.07551781833171844,0.4261910617351532,0.5744922757148743,-0.10137590020895004,0.31219661235809326,0.5127560496330261,-0.04356234148144722,0.3087959289550781,0.3881390690803528,-0.08251792192459106,0.30635473132133484,0.31419727206230164,-0.10334697365760803,0.29898181557655334,0.24757835268974304,-0.11464536935091019,0.2618577480316162,0.5287038683891296,-0.06135887652635574,0.25023800134658813,0.39986497163772583,-0.11652469635009766,0.2380112111568451,0.306307852268219,-0.14728818833827972,0.22215858101844788,0.23299431800842285,-0.15960514545440674,0.2254011034965515,0.5718136429786682,-0.08059222251176834,0.29492831230163574,0.5392410159111023,-0.14683857560157776,0.3589590787887573,0.5834107398986816,-0.1608024388551712,0.39548933506011963,0.6192277669906616,-0.15034367144107819,0.20780456066131592,0.6291763186454773,-0.10082175582647324,0.2767171263694763,0.6002588272094727,-0.13940273225307465,0.3214235305786133,0.6283969879150391,-0.13778206706047058,0.34569764137268066,0.6560989618301392,-0.1257975697517395,peace_sign,RRQ_p35,RRQ
0.18504169583320618,0.7579347491264343,-3.16689003909687e-08,0.24456536769866943,0.6771023869514465,0.026813922449946404,0.25557389855384827,0.605873167514801,0.03383592143654823,0.2628411054611206,0.5518413782119751,0.029842136427760124,0.26831138134002686,0.501013994216919,0.027704164385795593,0.15556742250919342,0.5144169330596924,0.04763607680797577,0.2296094298362732,0.48294275999069214,0.029071038588881493,0.27690988779067993,0.5117915868759155,0.009753839112818241,0.3054511249065399,0.5571211576461792,0.0014133293880149722,0.14448167383670807,0.5080418586730957,0.0249934084713459,0.24382400512695312,0.48108208179473877,0.0059161060489714146,0.2864272892475128,0.5379441976547241,-0.007043777033686638,0.30353105068206787,0.601676881313324,-0.009119473397731781,0.1461804062128067,0.5125374794006348,0.0006720861420035362,0.25012630224227905,0.48922136425971985,-0.022040117532014847,0.2849169075489044,0.5574378967285156,-0.02528764121234417,0.2929673492908478,0.6284384727478027,-0.017937226220965385,0.15428288280963898,0.5244144201278687,-0.022293053567409515,0.2455437183380127,0.5053834915161133,-0.035745564848184586,0.28072407841682434,0.5493609309196472,-0.032117683440446854,0.29213252663612366,0.6011657118797302,-0.022435322403907776,neutral,RRQ_p35,RRQ
0.6154494881629944,0.8081008791923523,-3.923991584997566e-07,0.6573966145515442,0.7252644300460815,0.018102439120411873,0.7177191972732544,0.6928687691688538,0.02861871011555195,0.7674614787101746,0.6845203638076782,0.03831419348716736,0.7994081974029541,0.6879673004150391,0.05149305984377861,0.7702534794807434,0.743580162525177,-0.002755790250375867,0.8565813899040222,0.77341228723526,-0.0008231961983256042,0.8475170731544495,0.7627785205841064,0.01272919774055481,0.8216115832328796,0.7568034529685974,0.02658483013510704,0.770001232624054,0.8095976114273071,-0.008733653463423252,0.8632413148880005,0.8339848518371582,-0.009312773123383522,0.8524636030197144,0.818182647228241,0.0054997410625219345,0.8285690546035767,0.809313178062439,0.02013504132628441,0.7619402408599854,0.8627845644950867,-0.011505925096571445,0.839947521686554,0.8805291652679443,-0.00689677894115448,0.8292155265808105,0.8621792793273926,0.010907081887125969,0.8095577955245972,0.850913941860199,0.024998215958476067,0.7477076649665833,0.9008431434631348,-0.012052485719323158,0.8112665414810181,0.9071581363677979,-0.00022035918664187193,0.8081659078598022,0.8913031816482544,0.017150981351733208,0.791328489780426,0.8824198246002197,0.030729252845048904,neutral,RRQ_p35,RRQ
0.5175973176956177,0.6530112624168396,-8.615540991741e-08,0.5042608976364136,0.5904272794723511,0.0072695789858698845,0.5144321918487549,0.5481024980545044,0.009319386444985867,0.5284652709960938,0.5171323418617249,0.00809330865740776,0.5376766324043274,0.4924638271331787,0.0073321303352713585,0.5643126368522644,0.5220946669578552,0.010142180137336254,0.5859806537628174,0.47319820523262024,0.00582892494276166,0.5964673161506653,0.464929461479187,0.006179334595799446,0.5996497869491577,0.47122177481651306,0.00876231212168932,0.5952961444854736,0.5414508581161499,0.001701555447652936,0.6225221753120422,0.48632070422172546,-0.00011025253479601815,0.6362724304199219,0.4744037687778473,0.0004964949912391603,0.6405879855155945,0.476570188999176,0.0026430408470332623,0.6204274296760559,0.5718916058540344,-0.007565496023744345,0.6526827812194824,0.514798104763031,-0.012437020428478718,0.6684982776641846,0.49365994334220886,-0.011973654851317406,0.6745827794075012,0.48437076807022095,-0.009135465137660503,0.6405064463615417,0.611075222492218,-0.016221312806010246,0.6767953634262085,0.5740178227424622,-0.02105734497308731,0.6965963244438171,0.5509479641914368,-0.01932361163198948,0.7086568474769592,0.5325158834457397,-0.015165933407843113,neutral,RRQ_p35,RRQ
0.5591998100280762,0.8757191896438599,-2.1598823707336123e-07,0.5912462472915649,0.7720073461532593,-0.025935208424925804,0.6586902737617493,0.7384065985679626,-0.0313551165163517,0.7153537273406982,0.7268732786178589,-0.03183082863688469,0.7550354599952698,0.6967089176177979,-0.030955074355006218,0.7172639966011047,0.8323812484741211,0.0017305167857557535,0.7174269556999207,0.7937310338020325,0.011247288435697556,0.6898932456970215,0.7780964970588684,0.007865343242883682,0.6696251034736633,0.7809821367263794,0.0029015671461820602,0.7053459286689758,0.8894817233085632,0.01533589232712984,0.7003674507141113,0.840990424156189,0.03277948871254921,0.6838948726654053,0.8258371353149414,0.028100045397877693,0.6664301753044128,0.8329070210456848,0.018787825480103493,0.6800864934921265,0.9232551455497742,0.027472376823425293,0.6816591620445251,0.8804485201835632,0.03901774063706398,0.6693356037139893,0.8660271763801575,0.034962043166160583,0.6526609659194946,0.8706352710723877,0.02724653296172619,0.654798150062561,0.9417482018470764,0.0377822145819664,0.6574838161468506,0.9052154421806335,0.045487117022275925,0.6475274562835693,0.8935773372650146,0.048863254487514496,0.6333842873573303,0.8975896835327148,0.04961008206009865,neutral,RRQ_p35,RRQ
0.11613431572914124,0.9454150199890137,2.0980081671950757e-07,0.10280129313468933,0.861401379108429,-0.07993496209383011,0.10268135368824005,0.772372305393219,-0.12775497138500214,0.09521922469139099,0.6788382530212402,-0.15794673562049866,0.08904923498630524,0.5968081951141357,-0.17925789952278137,0.28340670466423035,0.8040266036987305,-0.1053808331489563,0.3924436867237091,0.7312226295471191,-0.12838716804981232,0.39785438776016235,0.6615266799926758,-0.12918120622634888,0.3730754554271698,0.6307564377784729,-0.12048381567001343,0.3073582351207733,0.8531913161277771,-0.06336382776498795,0.41971123218536377,0.7513133883476257,-0.08285369724035263,0.408932626247406,0.6802751421928406,-0.0740807056427002,0.37547600269317627,0.6514603495597839,-0.059098392724990845,0.31258779764175415,0.8778492212295532,-0.02411721460521221,0.39775997400283813,0.7823233008384705,-0.03502002730965614,0.391336053609848,0.7168728709220886,-0.02765003964304924,0.3673403561115265,0.6820617914199829,-0.015846574679017067,0.3113216459751129,0.8814972043037415,0.01036560907959938,0.3686663508415222,0.7934921383857727,0.0061781746335327625,0.36579227447509766,0.7436109185218811,0.013124966993927956,0.3503574728965759,0.7168214917182922,0.024294428527355194,neutral,RRQ_p35,RRQ
0.1230943351984024,0.8962193727493286,4.521739356277976e-07,0.14674226939678192,0.8071153163909912,0.0322083979845047,0.17851939797401428,0.723211944103241,0.03710028529167175,0.21651113033294678,0.6862795948982239,0.030641043558716774,0.2546721398830414,0.6708834767341614,0.024113617837429047,0.17503836750984192,0.6552731394767761,0.020279444754123688,0.2307291179895401,0.5582752823829651,0.007062587887048721,0.27458685636520386,0.5110160112380981,-0.0018472839146852493,0.31139057874679565,0.4853467047214508,-0.006483043078333139,0.18611273169517517,0.6626406311988831,-0.0089721055701375,0.23360469937324524,0.5438153743743896,-0.020717386156320572,0.2821052670478821,0.4916168451309204,-0.028408972546458244,0.3220987319946289,0.47174087166786194,-0.032972317188978195,0.20610183477401733,0.692711591720581,-0.036971837282180786,0.25954222679138184,0.584612250328064,-0.050396088510751724,0.30042582750320435,0.573756217956543,-0.05417364835739136,0.32661882042884827,0.5870168209075928,-0.054895978420972824,0.23870621621608734,0.7421565651893616,-0.06276634335517883,0.2949548065662384,0.6803633570671082,-0.07097513973712921,0.3253576457500458,0.6809781789779663,-0.06767404824495316,0.34431877732276917,0.6966485381126404,-0.0634341910481453,neutral,RRQ_p35,RRQ
0.7515485286712646,0.7233800888061523,-8.699652767063526e-07,0.6458318829536438,0.7430174350738525,0.005189449060708284,0.5458363890647888,0.7609262466430664,-0.011220995336771011,0.47039106488227844,0.7989587187767029,-0.030699707567691803,0.4187840223312378,0.8382713198661804,-0.05156644061207771,0.5057111382484436,0.6316471099853516,-0.03537489473819733,0.4314529299736023,0.7658191323280334,-0.06774269789457321,0.4273190498352051,0.8558934926986694,-0.08441775292158127,0.4432859718799591,0.9062709808349609,-0.09275796264410019,0.542425274848938,0.6390537619590759,-0.05319160223007202,0.46485069394111633,0.799068033695221,-0.08024469017982483,0.47915753722190857,0.8882244229316711,-0.08542635291814804,0.5024100542068481,0.9278566241264343,-0.09091901779174805,0.5847892761230469,0.6681306958198547,-0.07003195583820343,0.5143523812294006,0.8198457360267639,-0.09384126216173172,0.5304883718490601,0.8871132731437683,-0.08764410018920898,0.5538309216499329,0.9073350429534912,-0.08438541740179062,0.6280423402786255,0.7095744609832764,-0.08575272560119629,0.5676319003105164,0.8310171365737915,-0.107171930372715,0.5710207223892212,0.8796838521957397,-0.10602866858243942,0.584040641784668,0.8926566243171692,-0.1036081537604332,neutral,RRQ_p35,RRQ
0.7090765237808228,0.661876916885376,3.6892296861879004e-07,0.6874004006385803,0.5487647652626038,-0.027522003278136253,0.6280995011329651,0.4704860746860504,-0.06971011310815811,0.5564687848091125,0.4358223080635071,-0.10004962980747223,0.4941607415676117,0.41965240240097046,-0.13692517578601837,0.6680415868759155,0.46122947335243225,-0.1681884080171585,0.5993737578392029,0.3928191065788269,-0.227325439453125,0.5330320596694946,0.355349063873291,-0.2542251646518707,0.47432225942611694,0.33516255021095276,-0.26782089471817017,0.6677178144454956,0.5581671595573425,-0.17343899607658386,0.5085217356681824,0.5067427158355713,-0.23010100424289703,0.4072922170162201,0.47869205474853516,-0.24603931605815887,0.3452792167663574,0.4633938670158386,-0.258144736289978,0.6493878960609436,0.6467312574386597,-0.17135988175868988,0.49481043219566345,0.6010034680366516,-0.2195318192243576,0.4014248847961426,0.5621528625488281,-0.22744101285934448,0.34855031967163086,0.5367919206619263,-0.22957277297973633,0.6187522411346436,0.7180219888687134,-0.1661646068096161,0.4987202286720276,0.6719322800636292,-0.20552870631217957,0.4317704439163208,0.6343764662742615,-0.2124914526939392,0.3905071020126343,0.6039763689041138,-0.2136632800102234,neutral,RRQ_p35,RRQ
0.5640637278556824,0.8331558704376221,-2.1415775108835078e-07,0.489289790391922,0.7430083155632019,0.010007264092564583,0.47621142864227295,0.6465533375740051,0.005634882487356663,0.4688987135887146,0.5735930800437927,-0.0077011724933981895,0.4696457087993622,0.5149565935134888,-0.01844729483127594,0.5679197311401367,0.5623344779014587,0.02304074354469776,0.5654390454292297,0.4624747037887573,-0.007857655175030231,0.5187207460403442,0.4436226785182953,-0.028236765414476395,0.48647427558898926,0.4677506387233734,-0.037256039679050446,0.5877397060394287,0.5608714818954468,0.0009710158337838948,0.5827944874763489,0.4252203702926636,-0.03855219855904579,0.5159781575202942,0.39134979248046875,-0.05742298439145088,0.4710286259651184,0.40552324056625366,-0.061327360570430756,0.5906742811203003,0.5735364556312561,-0.024631690233945847,0.5242087244987488,0.46977582573890686,-0.060505419969558716,0.4704422652721405,0.5134710669517517,-0.060986172407865524,0.45769965648651123,0.5684314370155334,-0.051596105098724365,0.5783267617225647,0.5964513421058655,-0.05013088509440422,0.4882827699184418,0.5637402534484863,-0.07250212132930756,0.4651561975479126,0.6103565692901611,-0.07141923904418945,0.4791390299797058,0.6524414420127869,-0.06481686979532242,neutral,RRQ_p35,RRQ
0.5876427292823792,0.7833074927330017,-2.421364797555725e-07,0.5086266398429871,0.7216086387634277,0.004980485886335373,0.49016615748405457,0.6456590890884399,-0.0005813234602101147,0.47962599992752075,0.5822104811668396,-0.014478744007647038,0.4732632339000702,0.5265836119651794,-0.027812674641609192,0.584760844707489,0.5163694620132446,0.014737699180841446,0.5696350336074829,0.4189765155315399,-0.007188737858086824,0.543189525604248,0.3639467656612396,-0.020061569288372993,0.5202276706695557,0.32708191871643066,-0.026656409725546837,0.5984251499176025,0.5087682008743286,-0.003442018060013652,0.5182375311851501,0.4061821699142456,-0.039749566465616226,0.4602559804916382,0.42048442363739014,-0.05062904581427574,0.42960941791534424,0.4634903371334076,-0.046924762427806854,0.5972071290016174,0.5178395509719849,-0.024110622704029083,0.4775930345058441,0.49094533920288086,-0.05725593492388725,0.4484957456588745,0.5629965662956238,-0.05689423158764839,0.45290371775627136,0.6235482096672058,-0.045542530715465546,0.5824967622756958,0.5390595197677612,-0.0456102192401886,0.48675963282585144,0.5437197089195251,-0.06454915553331375,0.4694756269454956,0.5957655906677246,-0.06279300153255463,0.4800925552845001,0.6353549957275391,-0.054668527096509933,neutral,RRQ_p35,RRQ
0.15327559411525726,0.4777008891105652,2.1439001329781604e-07,0.22546885907649994,0.4426327347755432,0.012699795886874199,0.27845484018325806,0.36762112379074097,0.016715316101908684,0.32264959812164307,0.3245183527469635,0.009594631381332874,0.3682872951030731,0.3060034513473511,0.0016646826406940818,0.22419467568397522,0.22829851508140564,0.041325945407152176,0.25697702169418335,0.1514073759317398,0.021957984194159508,0.303127646446228,0.128099262714386,0.0013407098595052958,0.3360796570777893,0.1369873583316803,-0.009745966643095016,0.2058219313621521,0.20724782347679138,0.016486139968037605,0.23606030642986298,0.0970621407032013,-0.010722690261900425,0.29028448462486267,0.09718194603919983,-0.03476046398282051,0.32193562388420105,0.1517602950334549,-0.04323854669928551,0.1811295449733734,0.198454350233078,-0.011971933767199516,0.19638872146606445,0.07917414605617523,-0.032356660813093185,0.2511853277683258,0.0771392434835434,-0.04380248486995697,0.29053494334220886,0.11770737171173096,-0.045302633196115494,0.15298645198345184,0.20322614908218384,-0.041433971375226974,0.13386136293411255,0.102444127202034,-0.060203708708286285,0.17248934507369995,0.07539504766464233,-0.06882344186306,0.21712391078472137,0.09014840424060822,-0.07015521824359894,neutral,RRQ_p35,RRQ
0.3670104146003723,0.5924636125564575,4.796298753717565e-07,0.30573248863220215,0.5485392212867737,0.02690366841852665,0.27634117007255554,0.4856916069984436,0.028556326404213905,0.2792561948299408,0.4266939163208008,0.02375536598265171,0.2932274639606476,0.3802306652069092,0.01713957078754902,0.251304566860199,0.45663535594940186,0.0015599438920617104,0.23947329819202423,0.3402242064476013,-0.008480156771838665,0.2423512041568756,0.2782604396343231,-0.011638813652098179,0.24599570035934448,0.2373741716146469,-0.011634964495897293,0.2757689952850342,0.4374462962150574,-0.021222975105047226,0.2602875530719757,0.295474112033844,-0.02985476143658161,0.2592298686504364,0.21816357970237732,-0.029647482559084892,0.2585914433002472,0.16473568975925446,-0.027492675930261612,0.31099170446395874,0.426021933555603,-0.04159469157457352,0.2914436459541321,0.2885931134223938,-0.04943964630365372,0.2930862307548523,0.21980221569538116,-0.04623620957136154,0.2924477756023407,0.16945810616016388,-0.042394764721393585,0.3581288754940033,0.4232116639614105,-0.05916999652981758,0.3405044674873352,0.31678852438926697,-0.057161182165145874,0.34462326765060425,0.28886890411376953,-0.04258323833346367,0.34909477829933167,0.2765920162200928,-0.03121379017829895,neutral,RRQ_p35,RRQ
0.40829792618751526,0.678765058517456,3.278348401636322e-07,0.35760319232940674,0.6685488820075989,-0.005991641897708178,0.3084704577922821,0.6334542036056519,-0.016210533678531647,0.2766849398612976,0.5997183322906494,-0.0294780433177948,0.2547157108783722,0.5579172372817993,-0.04353254660964012,0.2931574285030365,0.5422099232673645,-0.012521578930318356,0.26184162497520447,0.45779088139533997,-0.034557003527879715,0.24847429990768433,0.4114736318588257,-0.0505799725651741,0.23922504484653473,0.3691214323043823,-0.06181001663208008,0.30613380670547485,0.5284715294837952,-0.026673685759305954,0.261871337890625,0.4370153248310089,-0.049381572753190994,0.2349739968776703,0.3745820224285126,-0.06512051075696945,0.21222421526908875,0.31625065207481384,-0.07437355816364288,0.3314402401447296,0.5211407542228699,-0.04301135241985321,0.2805500626564026,0.43307992815971375,-0.06677454710006714,0.2513446509838104,0.37622058391571045,-0.07851999998092651,0.22419553995132446,0.32433003187179565,-0.0841032862663269,0.3694568872451782,0.515146017074585,-0.059820812195539474,0.3321394920349121,0.4474409222602844,-0.08067689090967178,0.30569344758987427,0.4083462655544281,-0.0872272253036499,0.28006187081336975,0.37125539779663086,-0.08970869332551956,neutral,RRQ_p35,RRQ
0.43524038791656494,0.8922761678695679,6.42406803308404e-08,0.39257100224494934,0.8475942015647888,-0.0007666621240787208,0.3642953336238861,0.7963683605194092,-0.010539964772760868,0.3394961953163147,0.7454485297203064,-0.019724594429135323,0.3209536075592041,0.6994961500167847,-0.027915310114622116,0.397232323884964,0.7303581237792969,-0.030944300815463066,0.36555302143096924,0.645355224609375,-0.051891326904296875,0.3459879457950592,0.6013697385787964,-0.062329355627298355,0.32836273312568665,0.5660955309867859,-0.06725951284170151,0.4266436994075775,0.7215335965156555,-0.03644493594765663,0.39962100982666016,0.6240109205245972,-0.06179744750261307,0.38127365708351135,0.5703269243240356,-0.07069124281406403,0.36307621002197266,0.5280463695526123,-0.07337174564599991,0.4618509113788605,0.7308871150016785,-0.03990219905972481,0.4816533923149109,0.6490989923477173,-0.06064785644412041,0.49717050790786743,0.605946958065033,-0.06157770752906799,0.504393458366394,0.5751985907554626,-0.05693712830543518,0.4926486015319824,0.7537943720817566,-0.041680727154016495,0.5097485780715942,0.6840676069259644,-0.04759270325303078,0.5113440155982971,0.6570029258728027,-0.03944077342748642,0.5105157494544983,0.6371769309043884,-0.030816921964287758,neutral,RRQ_p35,RRQ
0.42207470536231995,0.5595049858093262,-4.957169039698783e-07,0.4114818274974823,0.43663474917411804,0.0005512865027412772,0.4471101760864258,0.3475613594055176,0.005203919485211372,0.48234081268310547,0.2822508215904236,0.011281110346317291,0.4950316846370697,0.22988910973072052,0.018422694876790047,0.5296438932418823,0.33908796310424805,0.004744407720863819,0.5284128785133362,0.26965004205703735,0.018240347504615784,0.49635446071624756,0.26470232009887695,0.0250537246465683,0.4781312346458435,0.27436843514442444,0.028304236009716988,0.5579135417938232,0.39492103457450867,0.009843342006206512,0.5464044809341431,0.326140820980072,0.029006481170654297,0.5149610638618469,0.3265616297721863,0.03539576381444931,0.49628758430480957,0.34383395314216614,0.0349653959274292,0.5646846294403076,0.4508579969406128,0.017270173877477646,0.5554221868515015,0.3852272927761078,0.03155267983675003,0.5295224785804749,0.3835107684135437,0.035816699266433716,0.5095785856246948,0.4027625024318695,0.03381050005555153,0.5611870288848877,0.4957647919654846,0.025768229737877846,0.552970826625824,0.43939658999443054,0.03827932849526405,0.5321947932243347,0.43588295578956604,0.047806303948163986,0.5167819857597351,0.4526366591453552,0.05284852907061577,neutral,RRQ_p35,RRQ
