x0,y0,z0,x1,y1,z1,x2,y2,z2,x3,y3,z3,x4,y4,z4,x5,y5,z5,x6,y6,z6,x7,y7,z7,x8,y8,z8,x9,y9,z9,x10,y10,z10,x11,y11,z11,x12,y12,z12,x13,y13,z13,x14,y14,z14,x15,y15,z15,x16,y16,z16,x17,y17,z17,x18,y18,z18,x19,y19,z19,x20,y20,z20,label,person_id,collector
0.1851235032081604,0.7744439244270325,1.3659531816756498e-07,0.2675934135913849,0.7307523488998413,-0.023551948368549347,0.3327658176422119,0.6822254657745361,-0.060138553380966187,0.3730781078338623,0.633772611618042,-0.1013961061835289,0.36670607328414917,0.5891439318656921,-0.14118586480617523,0.30671364068984985,0.4667357802391052,-0.057920604944229126,0.3508284389972687,0.3583020269870758,-0.11024710536003113,0.38024428486824036,0.2793659269809723,-0.14014574885368347,0.3989214599132538,0.21119391918182373,-0.15990477800369263,0.2386554479598999,0.4472549259662628,-0.07434152811765671,0.3176710605621338,0.4983861744403839,-0.1416519284248352,0.31450679898262024,0.6046012043952942,-0.15373976528644562,0.29013633728027344,0.6366329193115234,-0.15016818046569824,0.18275657296180725,0.47508078813552856,-0.0924999862909317,0.2642786204814911,0.5765753984451294,-0.15181972086429596,0.257233202457428,0.6533463001251221,-0.14001788198947906,0.23006990551948547,0.6570141315460205,-0.12065828591585159,0.13504017889499664,0.528125524520874,-0.11339913308620453,0.20434971153736115,0.6122018098831177,-0.14819872379302979,0.21193580329418182,0.6624774932861328,-0.136855348944664,0.19208651781082153,0.6570987701416016,-0.12030233442783356,point,RRQ_p33,RRQ
0.2303307205438614,0.8141120672225952,1.8054555539492867e-07,0.300090491771698,0.7554804086685181,-0.04962502419948578,0.35064762830734253,0.6967871785163879,-0.10136695951223373,0.36350464820861816,0.6564841270446777,-0.15262767672538757,0.33512336015701294,0.6328189969062805,-0.1995825320482254,0.27330493927001953,0.4724169671535492,-0.08796253800392151,0.22994515299797058,0.3489784598350525,-0.14785125851631165,0.1949821561574936,0.25443682074546814,-0.18233108520507812,0.159896120429039,0.17772644758224487,-0.20669510960578918,0.19446612894535065,0.48481833934783936,-0.09466847777366638,0.24928691983222961,0.5526547431945801,-0.15932494401931763,0.28830766677856445,0.6422885656356812,-0.1660207062959671,0.29620447754859924,0.6495959758758545,-0.16140532493591309,0.1409391462802887,0.541640043258667,-0.10633756220340729,0.22020047903060913,0.6587649583816528,-0.1582331657409668,0.2508096992969513,0.7136508822441101,-0.13895659148693085,0.24856354296207428,0.6957850456237793,-0.11952243000268936,0.10656391084194183,0.6146899461746216,-0.12540362775325775,0.17445778846740723,0.7084534168243408,-0.1593388468027115,0.21147747337818146,0.7483758926391602,-0.14684408903121948,0.21576936542987823,0.735207200050354,-0.1309179812669754,point,RRQ_p33,RRQ
0.2081814557313919,0.7772592306137085,1.7723388623380743e-07,0.29744473099708557,0.7532572746276855,-0.0166608989238739,0.3715839982032776,0.7008973956108093,-0.041063085198402405,0.4205282926559448,0.6506479978561401,-0.0710906907916069,0.4405209422111511,0.5875696539878845,-0.09998318552970886,0.38468217849731445,0.5158465504646301,-0.029094763100147247,0.46721571683883667,0.4424292743206024,-0.07366275042295456,0.526283323764801,0.4008122682571411,-0.09747056663036346,0.5723271369934082,0.36144718527793884,-0.11162561178207397,0.33041685819625854,0.4836910665035248,-0.047805529087781906,0.42225274443626404,0.5029891729354858,-0.10916664451360703,0.391075074672699,0.6080788373947144,-0.11911420524120331,0.3526392877101898,0.6415539383888245,-0.11122370511293411,0.2768319547176361,0.48812684416770935,-0.06980788707733154,0.35807645320892334,0.5723351240158081,-0.1303192526102066,0.3312396705150604,0.6547157168388367,-0.11954788118600845,0.3008304238319397,0.6610878705978394,-0.09748346358537674,0.22461721301078796,0.51875239610672,-0.09336283057928085,0.29366421699523926,0.5891737341880798,-0.1299537569284439,0.29190880060195923,0.6532208919525146,-0.11790840327739716,0.27585938572883606,0.6593115329742432,-0.09964790940284729,point,RRQ_p33,RRQ
0.19510690867900848,0.7887752652168274,1.3080861549497058e-07,0.29675230383872986,0.7597523331642151,-0.008143140934407711,0.3753015995025635,0.7175238132476807,-0.02874763496220112,0.42604708671569824,0.6787177324295044,-0.0546150766313076,0.4386817216873169,0.6306580901145935,-0.07932823151350021,0.36318227648735046,0.5061491131782532,-0.00880279578268528,0.44469258189201355,0.5393484830856323,-0.05174257606267929,0.497291624546051,0.5690342783927917,-0.08236779272556305,0.5402401089668274,0.591457724571228,-0.10134335607290268,0.31515905261039734,0.48718249797821045,-0.029179198667407036,0.40654075145721436,0.5574353933334351,-0.07741815596818924,0.37801501154899597,0.6448830366134644,-0.09242668747901917,0.3477839231491089,0.6632159352302551,-0.09283915162086487,0.2703520655632019,0.5110229253768921,-0.05295735225081444,0.3594640791416168,0.6294313669204712,-0.10121051967144012,0.3307749330997467,0.698370099067688,-0.09884225577116013,0.30349236726760864,0.6925245523452759,-0.0860879123210907,0.23247122764587402,0.5632520318031311,-0.07786638289690018,0.30567803978919983,0.6688618659973145,-0.1061006709933281,0.29175058007240295,0.7183956503868103,-0.09996496886014938,0.27022311091423035,0.7073550820350647,-0.08820219337940216,point,RRQ_p33,RRQ
0.21725809574127197,0.7839571237564087,3.208328962500673e-07,0.2664332985877991,0.7547045946121216,-0.04679609462618828,0.30951154232025146,0.7125279903411865,-0.0900169089436531,0.3253309726715088,0.6817398071289062,-0.1305290162563324,0.30767595767974854,0.6577205061912537,-0.16707472503185272,0.2577213644981384,0.5132858753204346,-0.07332545518875122,0.25992098450660706,0.46188801527023315,-0.13674362003803253,0.2588408291339874,0.41054093837738037,-0.17454400658607483,0.2524472773075104,0.35887759923934937,-0.19839030504226685,0.18096502125263214,0.506178617477417,-0.07661976665258408,0.22786462306976318,0.5891198515892029,-0.1402413249015808,0.2670508027076721,0.6647863388061523,-0.14823397994041443,0.2761380076408386,0.669387698173523,-0.14318084716796875,0.12482801824808121,0.5522492527961731,-0.08669797331094742,0.19392114877700806,0.6738051772117615,-0.14016802608966827,0.2303721010684967,0.7117835879325867,-0.12505260109901428,0.23597034811973572,0.6876261830329895,-0.10637333989143372,0.08770041167736053,0.6236891150474548,-0.10298845916986465,0.15329240262508392,0.7304397821426392,-0.14149156212806702,0.1927921622991562,0.761457622051239,-0.13655710220336914,0.2036496102809906,0.7403021454811096,-0.12413492053747177,point,RRQ_p33,RRQ
0.2186361700296402,0.8040537238121033,2.1709300312977575e-07,0.27696481347084045,0.7343347072601318,-0.05561874806880951,0.3121371865272522,0.6554718017578125,-0.10678662359714508,0.3114126920700073,0.6037272214889526,-0.1580093950033188,0.28629133105278015,0.5752177834510803,-0.20503465831279755,0.24276478588581085,0.4329224228858948,-0.0864461362361908,0.21152730286121368,0.28444087505340576,-0.1509557068347931,0.19029702246189117,0.18228134512901306,-0.1865304410457611,0.1648789644241333,0.09995955228805542,-0.21137858927249908,0.1636926233768463,0.4650905728340149,-0.09232604503631592,0.19382327795028687,0.47820737957954407,-0.17195037007331848,0.24726912379264832,0.5765621066093445,-0.1818331927061081,0.2632042467594147,0.6002671122550964,-0.17523029446601868,0.11212725192308426,0.5283612012863159,-0.10464192181825638,0.17211765050888062,0.5998544692993164,-0.16943903267383575,0.21908485889434814,0.6681928634643555,-0.14948302507400513,0.22166448831558228,0.6690642237663269,-0.12537239491939545,0.079585961997509,0.6050940752029419,-0.12485543638467789,0.13994625210762024,0.6812255382537842,-0.16624854505062103,0.1770106554031372,0.7215138673782349,-0.15753771364688873,0.17555515468120575,0.7079561352729797,-0.14304371178150177,point,RRQ_p33,RRQ
0.5345377326011658,0.8428670167922974,3.032729267715695e-08,0.6150113344192505,0.809364378452301,0.003754752455279231,0.660971462726593,0.7641471028327942,-0.010954698547720909,0.7024808526039124,0.7362964749336243,-0.03240044042468071,0.7392182946205139,0.7173944115638733,-0.05239943787455559,0.6127010583877563,0.6221601366996765,-0.012528135441243649,0.6487372517585754,0.548821747303009,-0.03353579714894295,0.6733336448669434,0.49384117126464844,-0.04584577679634094,0.6912673115730286,0.44963133335113525,-0.05527959391474724,0.5961485505104065,0.6264283657073975,-0.03181522339582443,0.6979942321777344,0.6570063829421997,-0.06423382461071014,0.6915295124053955,0.7131574153900146,-0.0684700682759285,0.6664924621582031,0.7276174426078796,-0.06504545360803604,0.5918682217597961,0.6575489044189453,-0.05089614912867546,0.6877594590187073,0.7118533849716187,-0.0764119103550911,0.6737267374992371,0.7568576335906982,-0.06522443145513535,0.648008406162262,0.7605810761451721,-0.05320220813155174,0.5962987542152405,0.7014684677124023,-0.07091754674911499,0.6711132526397705,0.7492566108703613,-0.08169135451316833,0.6629542708396912,0.7814120054244995,-0.07079406827688217,0.6426658034324646,0.7823891043663025,-0.06035391613841057,point,RRQ_p33,RRQ
0.8932768106460571,0.8317037224769592,-2.8029680265717616e-07,0.8247680068016052,0.8051460981369019,-0.04389861971139908,0.754578173160553,0.7395674586296082,-0.07788392901420593,0.7025073170661926,0.6792527437210083,-0.11293398588895798,0.715765655040741,0.6114049553871155,-0.14539600908756256,0.7587973475456238,0.5346813201904297,-0.04352504387497902,0.7184193134307861,0.4193686842918396,-0.09923810511827469,0.6933297514915466,0.34165775775909424,-0.12863437831401825,0.6797013282775879,0.27230000495910645,-0.14731639623641968,0.823416531085968,0.5063604712486267,-0.04724043980240822,0.7712159156799316,0.5152969360351562,-0.11115197837352753,0.7742348909378052,0.6342328786849976,-0.11225835978984833,0.7897563576698303,0.6518656611442566,-0.0976981520652771,0.8908113837242126,0.5151101350784302,-0.05926722660660744,0.843180239200592,0.5745238661766052,-0.11621502786874771,0.8387068510055542,0.6742340326309204,-0.08814599364995956,0.8516107797622681,0.673622727394104,-0.05512778460979462,0.9527679681777954,0.5514329671859741,-0.07745584100484848,0.9071183800697327,0.6059417724609375,-0.10931197553873062,0.8944271206855774,0.6801357269287109,-0.08939022570848465,0.9047209620475769,0.6827544569969177,-0.06514056771993637,point,RRQ_p33,RRQ
0.791519284248352,0.8420014977455139,-3.916304649465019e-07,0.7193060517311096,0.8065450191497803,-0.013994154520332813,0.6323636174201965,0.7271286845207214,-0.032423123717308044,0.5800530910491943,0.6513627767562866,-0.0594845674932003,0.5715397000312805,0.5668328404426575,-0.08435485512018204,0.6538864374160767,0.5546019673347473,0.009304726496338844,0.603459358215332,0.45394623279571533,-0.0239468552172184,0.5633439421653748,0.3922385573387146,-0.03249644860625267,0.5386035442352295,0.3393186330795288,-0.03820852190256119,0.7008681297302246,0.5365866422653198,-0.010936237871646881,0.6187893152236938,0.49413973093032837,-0.06602276861667633,0.6293647885322571,0.6169725060462952,-0.06032944470643997,0.6630237698554993,0.6383578181266785,-0.03857421875,0.7526311874389648,0.5357946157455444,-0.038874316960573196,0.6753140687942505,0.5470294952392578,-0.09508195519447327,0.6922910213470459,0.6537154316902161,-0.0648287907242775,0.7269121408462524,0.6504182815551758,-0.028856227174401283,0.80563884973526,0.5540364980697632,-0.06956978142261505,0.7288171648979187,0.5597520470619202,-0.09810245037078857,0.7314560413360596,0.6369810700416565,-0.07375030219554901,0.7606940269470215,0.6411768794059753,-0.048235807567834854,point,RRQ_p33,RRQ
0.7899292707443237,0.8496533632278442,-1.641232643123658e-07,0.72182297706604,0.7839875817298889,-0.03520137071609497,0.6706121563911438,0.6825101375579834,-0.06321567296981812,0.6310907602310181,0.609336793422699,-0.09451732039451599,0.6435015797615051,0.5375571250915527,-0.124549001455307,0.7643765211105347,0.4962766170501709,-0.032584354281425476,0.8047664165496826,0.3643345534801483,-0.08232150971889496,0.8397068381309509,0.2811565399169922,-0.11194536089897156,0.8738265037536621,0.21770191192626953,-0.13064005970954895,0.8281404972076416,0.518962025642395,-0.04053536802530289,0.7550127506256104,0.4762673079967499,-0.11399363726377487,0.7010073661804199,0.5664851069450378,-0.1291738599538803,0.6889787316322327,0.6230753660202026,-0.12076553702354431,0.8758015036582947,0.567554235458374,-0.05498623102903366,0.7849816083908081,0.5710257887840271,-0.11924084275960922,0.7476343512535095,0.6529896855354309,-0.10393309593200684,0.7503038048744202,0.6862661838531494,-0.07529053837060928,0.9126173853874207,0.6313740015029907,-0.0736246109008789,0.8324446678161621,0.6390458345413208,-0.11043037474155426,0.800130307674408,0.6925214529037476,-0.09625014662742615,0.8038551807403564,0.7117831707000732,-0.0728694275021553,point,RRQ_p33,RRQ
0.8049964308738708,0.8521579504013062,-6.578205784535385e-07,0.7135761380195618,0.829142689704895,-0.018559366464614868,0.6411858201026917,0.793609619140625,-0.046550169587135315,0.5932875275611877,0.7719841599464417,-0.07599234580993652,0.5732108950614929,0.7300785779953003,-0.10221283882856369,0.665107250213623,0.5548804998397827,-0.02636847272515297,0.580284595489502,0.5869920253753662,-0.07376807928085327,0.526267945766449,0.627007246017456,-0.10746840387582779,0.48415130376815796,0.6683831214904785,-0.12730590999126434,0.7145226001739502,0.5531983971595764,-0.040146354585886,0.6110143661499023,0.6322828531265259,-0.07748644053936005,0.6354695558547974,0.7107300758361816,-0.0830686017870903,0.6663901209831238,0.7230809330940247,-0.08262414485216141,0.7579513788223267,0.5887349843978882,-0.05935433506965637,0.6571113467216492,0.6950507760047913,-0.0901644378900528,0.6819226741790771,0.7545477151870728,-0.07171045988798141,0.7116644382476807,0.7484540939331055,-0.056036509573459625,0.7916706204414368,0.6524463295936584,-0.08235300332307816,0.7055861949920654,0.7335291504859924,-0.10251784324645996,0.7140801548957825,0.7759745717048645,-0.08864899724721909,0.735572874546051,0.7726873159408569,-0.07423929125070572,point,RRQ_p33,RRQ
0.7727439999580383,0.8677788972854614,-1.163964711281551e-07,0.6944222450256348,0.827573299407959,-0.03744877874851227,0.6367530822753906,0.7588897943496704,-0.0721166655421257,0.5970240235328674,0.7003558278083801,-0.10962842404842377,0.6110004782676697,0.6502134203910828,-0.14465594291687012,0.6724919080734253,0.5610148906707764,-0.038629643619060516,0.6561158299446106,0.4352062940597534,-0.09010931104421616,0.6489492058753967,0.35033518075942993,-0.11633504927158356,0.650275468826294,0.28224390745162964,-0.13294845819473267,0.7320261597633362,0.555892288684845,-0.046254102140665054,0.6588143110275269,0.558658242225647,-0.11224955320358276,0.6510515213012695,0.6646229028701782,-0.11557555943727493,0.6708344221115112,0.6883481740951538,-0.10126874595880508,0.7841893434524536,0.5825340151786804,-0.06117670610547066,0.7063183188438416,0.6396562457084656,-0.11723591387271881,0.7042664289474487,0.7246684432029724,-0.09193351119756699,0.7268006205558777,0.7266777157783508,-0.060623958706855774,0.8255988955497742,0.6303040385246277,-0.08174467086791992,0.7550781965255737,0.6875653862953186,-0.11210788041353226,0.7502272129058838,0.7473061680793762,-0.09417082369327545,0.7714824676513672,0.7452214360237122,-0.07134760916233063,point,RRQ_p33,RRQ
0.6193947792053223,0.9027127027511597,-4.901060037809657e-07,0.5088109374046326,0.8695136904716492,-0.026878146454691887,0.4245259761810303,0.8055535554885864,-0.05800594761967659,0.36064520478248596,0.7546023726463318,-0.09450658410787582,0.3482050597667694,0.6925936341285706,-0.12822556495666504,0.4411903917789459,0.5661293268203735,-0.022089974954724312,0.36519479751586914,0.4565524458885193,-0.07027553766965866,0.3125686049461365,0.3864755630493164,-0.09411074966192245,0.2728919982910156,0.3233188986778259,-0.1109241396188736,0.5013874769210815,0.538557767868042,-0.03730936348438263,0.3907209038734436,0.571408748626709,-0.10206044465303421,0.4121851623058319,0.7013373374938965,-0.10238546133041382,0.4501733183860779,0.7261841893196106,-0.08676005154848099,0.5564776659011841,0.5481708645820618,-0.05975291132926941,0.45160698890686035,0.6383541226387024,-0.11494239419698715,0.475922554731369,0.7418631911277771,-0.08282694965600967,0.5114356279373169,0.7412514686584473,-0.04823172092437744,0.6019319295883179,0.5895048379898071,-0.08750488609075546,0.5139294266700745,0.6678679585456848,-0.11475539207458496,0.5257939100265503,0.7426165342330933,-0.09019889682531357,0.5563587546348572,0.7425822615623474,-0.06391678005456924,point,RRQ_p33,RRQ
0.8287060260772705,0.7849361896514893,-2.992044301208807e-07,0.7684220671653748,0.7581257820129395,-0.0416291169822216,0.7152578830718994,0.7092082500457764,-0.07583795487880707,0.6881643533706665,0.6747753024101257,-0.10831200331449509,0.7105531096458435,0.6438980102539062,-0.1390596628189087,0.7644115090370178,0.5090667009353638,-0.048141270875930786,0.7659904956817627,0.46663355827331543,-0.09796759486198425,0.7713524103164673,0.4398118555545807,-0.13398419320583344,0.7829163074493408,0.41701871156692505,-0.15786878764629364,0.8336925506591797,0.49783527851104736,-0.05099325627088547,0.8085505962371826,0.5558954477310181,-0.10214809328317642,0.7742080092430115,0.6453992128372192,-0.1154542788863182,0.762082040309906,0.6660101413726807,-0.11608124524354935,0.8927354216575623,0.5305944085121155,-0.06028234586119652,0.8560291528701782,0.6148373484611511,-0.10425229370594025,0.8185860514640808,0.6883001327514648,-0.0923752710223198,0.8071683645248413,0.6936572194099426,-0.07620908319950104,0.940801739692688,0.5843711495399475,-0.07489387691020966,0.9018484354019165,0.653548538684845,-0.10169535130262375,0.8701204061508179,0.7072498202323914,-0.09105351567268372,0.8616459965705872,0.7092974185943604,-0.07651502639055252,point,RRQ_p33,RRQ
0.7822351455688477,0.814144492149353,-5.377277716434037e-07,0.6974804401397705,0.8246941566467285,-0.023692497983574867,0.6239746809005737,0.8211419582366943,-0.053926367312669754,0.5665231347084045,0.8296030759811401,-0.08628806471824646,0.5281481146812439,0.8455778956413269,-0.11961709707975388,0.6023743152618408,0.6141155362129211,-0.035753197968006134,0.525378942489624,0.6072545051574707,-0.077316515147686,0.4674904942512512,0.5939668416976929,-0.1024562194943428,0.42266029119491577,0.5820882320404053,-0.1190301701426506,0.6485069394111633,0.5847665071487427,-0.049102120101451874,0.5713533163070679,0.6840981841087341,-0.09942201524972916,0.5926507711410522,0.7977516651153564,-0.10213804990053177,0.6194921135902405,0.8331863284111023,-0.09267266094684601,0.6979990005493164,0.5934894680976868,-0.06709779798984528,0.6315507292747498,0.7208050489425659,-0.11362811923027039,0.6540895700454712,0.8077139854431152,-0.09494230151176453,0.679729163646698,0.8184921741485596,-0.07144248485565186,0.744662344455719,0.6276461482048035,-0.08837267756462097,0.6875213384628296,0.7273352146148682,-0.11639435589313507,0.696958065032959,0.7941544055938721,-0.1005156859755516,0.7189353704452515,0.8016400337219238,-0.0813174843788147,point,RRQ_p33,RRQ
0.18927472829818726,0.7092928886413574,1.4433919659495587e-07,0.26825129985809326,0.6274733543395996,0.0017053756164386868,0.31535759568214417,0.5087692737579346,-0.010994560085237026,0.3587680459022522,0.42043766379356384,-0.03454979509115219,0.4090072512626648,0.35002192854881287,-0.05558747053146362,0.22087839245796204,0.3695318102836609,0.033209651708602905,0.2984420359134674,0.31125301122665405,-0.006303584203124046,0.3612610995769501,0.30254822969436646,-0.028789840638637543,0.41190105676651,0.29475340247154236,-0.040951527655124664,0.17613539099693298,0.3632090389728546,0.009306970983743668,0.29285067319869995,0.32074642181396484,-0.03987790644168854,0.2911110520362854,0.4403435289859772,-0.04437529668211937,0.2596282660961151,0.469880610704422,-0.03347892686724663,0.14616872370243073,0.37544307112693787,-0.021793056279420853,0.27377310395240784,0.3777361512184143,-0.07426566630601883,0.2627444565296173,0.48724791407585144,-0.061711475253105164,0.2236946076154709,0.5016912221908569,-0.03883814811706543,0.12640905380249023,0.4015745222568512,-0.05375141650438309,0.2365749180316925,0.4104192852973938,-0.08083640038967133,0.23465020954608917,0.4829596281051636,-0.06746356189250946,0.19763699173927307,0.4972015619277954,-0.04977800324559212,pinch,RRQ_p33,RRQ
0.25983524322509766,0.7292165160179138,3.3058913118111377e-07,0.3193492591381073,0.6141194105148315,-0.013605132699012756,0.33576107025146484,0.46906930208206177,-0.025636445730924606,0.3458409309387207,0.3622240126132965,-0.045293986797332764,0.35571813583374023,0.26731622219085693,-0.06246132031083107,0.2543950080871582,0.40336480736732483,0.029063567519187927,0.2684774398803711,0.32605496048927307,-0.0018652316648513079,0.3041907250881195,0.2703050673007965,-0.014002959243953228,0.3302190899848938,0.22605441510677338,-0.018375160172581673,0.2053571343421936,0.41710948944091797,0.01537950150668621,0.24521183967590332,0.3032432198524475,-0.028851499781012535,0.2828702926635742,0.4063614010810852,-0.029524823650717735,0.26399320363998413,0.44343602657318115,-0.012728563509881496,0.16409461200237274,0.4411084055900574,-0.0068940590135753155,0.22892150282859802,0.36900851130485535,-0.06755761057138443,0.2627338767051697,0.47750124335289,-0.05590222030878067,0.22742800414562225,0.513499915599823,-0.028185145929455757,0.12348976731300354,0.47550123929977417,-0.02949119172990322,0.1994452178478241,0.4154631495475769,-0.06732124835252762,0.23294338583946228,0.485481858253479,-0.05520474165678024,0.20104998350143433,0.5206480026245117,-0.03554629161953926,pinch,RRQ_p33,RRQ
0.29920902848243713,0.8191273808479309,1.4614327881190547e-07,0.4352017939090729,0.7694268226623535,-0.011019901372492313,0.528367280960083,0.690690279006958,-0.03484009578824043,0.6034559011459351,0.6398284435272217,-0.06604549288749695,0.6801642179489136,0.6205009818077087,-0.09378567337989807,0.46656686067581177,0.447733998298645,-0.0026089504826813936,0.588733434677124,0.47306549549102783,-0.052295707166194916,0.6576346158981323,0.5319309234619141,-0.08492802083492279,0.7052173018455505,0.5761731863021851,-0.1042846292257309,0.42202237248420715,0.43918895721435547,-0.024742355570197105,0.5671025514602661,0.5137332081794739,-0.0779377892613411,0.5289141535758972,0.6034544110298157,-0.09086912870407104,0.4810275137424469,0.6012204885482788,-0.08996874839067459,0.3898581862449646,0.4786500334739685,-0.05226432904601097,0.5241573452949524,0.6001643538475037,-0.10258208960294724,0.4838058054447174,0.6744898557662964,-0.09511766582727432,0.44262513518333435,0.6574172377586365,-0.07920651137828827,0.36840277910232544,0.5452253222465515,-0.08234275132417679,0.4709424674510956,0.6484293937683105,-0.10741861909627914,0.4473288357257843,0.6999752521514893,-0.09606276452541351,0.41125622391700745,0.6825838088989258,-0.08120081573724747,pinch,RRQ_p33,RRQ
0.4640963077545166,0.8758441209793091,4.996283919922462e-08,0.5426564812660217,0.7963758707046509,-0.00919315591454506,0.5939122438430786,0.690475583076477,-0.028824809938669205,0.6385700702667236,0.6231143474578857,-0.05483711138367653,0.6860284805297852,0.5737161040306091,-0.07830178737640381,0.4929136037826538,0.5216166973114014,-0.00041847414104267955,0.571689784526825,0.4941312074661255,-0.04456065222620964,0.6315118670463562,0.5126898288726807,-0.07069477438926697,0.6740378141403198,0.5286465287208557,-0.084166519343853,0.44412750005722046,0.5281696319580078,-0.019139191135764122,0.5566484928131104,0.526688814163208,-0.06396477669477463,0.5620558261871338,0.6297864317893982,-0.07190432399511337,0.5337685942649841,0.6536666750907898,-0.06670891493558884,0.41304823756217957,0.5681305527687073,-0.043048977851867676,0.5337135195732117,0.6067641377449036,-0.08879238367080688,0.5343970656394958,0.6948524713516235,-0.08009976893663406,0.5034683346748352,0.7001355886459351,-0.06296966969966888,0.39431294798851013,0.6243821382522583,-0.06870382279157639,0.4925867021083832,0.6594151258468628,-0.09194483608007431,0.49769896268844604,0.7201118469238281,-0.07872500270605087,0.46919459104537964,0.724987268447876,-0.06205290928483009,pinch,RRQ_p33,RRQ
0.2531478703022003,0.7438772916793823,-8.72866312562337e-09,0.30553293228149414,0.6679496765136719,-0.044896990060806274,0.3244600296020508,0.5667351484298706,-0.07841737568378448,0.3128286302089691,0.4870498776435852,-0.11003869026899338,0.28155040740966797,0.4344353675842285,-0.13382835686206818,0.23621700704097748,0.4259037375450134,-0.03316696733236313,0.23706799745559692,0.3647029399871826,-0.08277272433042526,0.2603742778301239,0.3667064905166626,-0.10098801553249359,0.27952662110328674,0.41035500168800354,-0.10351831465959549,0.17793039977550507,0.45137637853622437,-0.03131499141454697,0.2176460325717926,0.41312819719314575,-0.0781526044011116,0.2613387405872345,0.5002796053886414,-0.07602430135011673,0.2573113441467285,0.527877688407898,-0.06098746135830879,0.1394035965204239,0.497931569814682,-0.039091821759939194,0.20345130562782288,0.5068696141242981,-0.09037066996097565,0.2394305169582367,0.5748623013496399,-0.07874007523059845,0.2234954684972763,0.5884494781494141,-0.05853241682052612,0.11392335593700409,0.5577392578125,-0.05095597729086876,0.1798384040594101,0.5718960762023926,-0.08511289209127426,0.2090555727481842,0.617057740688324,-0.07937216758728027,0.1899878978729248,0.6254727840423584,-0.06638530641794205,pinch,RRQ_p33,RRQ
0.2844269275665283,0.7346816062927246,5.137209768690809e-07,0.335199236869812,0.6614084243774414,-0.022396385669708252,0.3569687008857727,0.56256103515625,-0.03694746643304825,0.3788168430328369,0.47393664717674255,-0.05432261899113655,0.3844825029373169,0.4058317542076111,-0.07055852562189102,0.27512288093566895,0.4546104371547699,-0.00931510329246521,0.3059246838092804,0.3858973979949951,-0.04781680181622505,0.3396361470222473,0.3643748164176941,-0.0777682214975357,0.370075523853302,0.36777663230895996,-0.09267500787973404,0.22829538583755493,0.4450736343860626,-0.020342325791716576,0.2051784098148346,0.31659871339797974,-0.04243858903646469,0.1951470971107483,0.2310771942138672,-0.05667010694742203,0.1840481013059616,0.16101181507110596,-0.0641620010137558,0.18802233040332794,0.4702271521091461,-0.03835999593138695,0.14272654056549072,0.36649376153945923,-0.06453103572130203,0.12476690113544464,0.2944986820220947,-0.0757274180650711,0.11331410706043243,0.23020729422569275,-0.07979117333889008,0.15466459095478058,0.5231948494911194,-0.059283699840307236,0.09970767796039581,0.4735368490219116,-0.08267094939947128,0.07364216446876526,0.4292714297771454,-0.08565524965524673,0.05765114724636078,0.38051968812942505,-0.08409886062145233,pinch,RRQ_p33,RRQ
0.3981998562812805,0.7965679168701172,5.2582439735715525e-08,0.49328044056892395,0.7150817513465881,0.04018017277121544,0.5352766513824463,0.6345831155776978,0.04577883705496788,0.5784837603569031,0.5879592299461365,0.037345629185438156,0.6206024289131165,0.542350709438324,0.028979340568184853,0.4734838604927063,0.4956784248352051,0.033750832080841064,0.5443763136863708,0.441814124584198,0.0023467938881367445,0.5920957326889038,0.47371533513069153,-0.023952238261699677,0.6251324415206909,0.5165554881095886,-0.03920146822929382,0.4586070477962494,0.4910535216331482,-0.010463590733706951,0.48327457904815674,0.3295553922653198,-0.03016212396323681,0.5172110199928284,0.23094996809959412,-0.05121994391083717,0.5419352054595947,0.16362810134887695,-0.06907407194375992,0.4505281448364258,0.5182655453681946,-0.05633493885397911,0.4449177384376526,0.3567935526371002,-0.07709044963121414,0.462200403213501,0.2649777829647064,-0.09835874289274216,0.4815869629383087,0.19266211986541748,-0.11699508875608444,0.46172696352005005,0.5607369542121887,-0.09931879490613937,0.4485885500907898,0.4623485803604126,-0.1241842731833458,0.4611673355102539,0.3945468068122864,-0.13861790299415588,0.48341667652130127,0.33331355452537537,-0.15124939382076263,pinch,RRQ_p33,RRQ
0.297095388174057,0.7517021298408508,4.927359782413987e-07,0.3528810441493988,0.6789341568946838,-0.03821762651205063,0.3942171335220337,0.5814065337181091,-0.0619778111577034,0.4179370701313019,0.4945375323295593,-0.08598148077726364,0.39871320128440857,0.44272103905677795,-0.10670195519924164,0.29687315225601196,0.4476853609085083,-0.03130454570055008,0.32510316371917725,0.3468652367591858,-0.08570229262113571,0.3607097864151001,0.36669525504112244,-0.12751489877700806,0.38441526889801025,0.41494613885879517,-0.14598315954208374,0.24122782051563263,0.4373193383216858,-0.03764142841100693,0.21847543120384216,0.288331538438797,-0.06660724431276321,0.20455437898635864,0.19365310668945312,-0.09258768707513809,0.18836450576782227,0.11646977066993713,-0.10973725467920303,0.19362497329711914,0.4693877696990967,-0.05237167701125145,0.14936766028404236,0.3503248691558838,-0.0826001912355423,0.1251722127199173,0.270426869392395,-0.10962361097335815,0.10850389301776886,0.19857394695281982,-0.12623882293701172,0.15535598993301392,0.5321288108825684,-0.0706775113940239,0.09448602795600891,0.4842498004436493,-0.0950925275683403,0.05497816205024719,0.4500436782836914,-0.10540098696947098,0.02509695291519165,0.4115855395793915,-0.11057993024587631,pinch,RRQ_p33,RRQ
0.8123242259025574,0.7785403728485107,-3.393364806925092e-07,0.7392317056655884,0.7089864611625671,-0.016760552302002907,0.6867284774780273,0.5857705473899841,-0.029710806906223297,0.6427923440933228,0.4960751235485077,-0.05007993429899216,0.6020333766937256,0.4215874969959259,-0.0673392191529274,0.7478861212730408,0.48471057415008545,0.015830859541893005,0.7243262529373169,0.39199942350387573,-0.030756885185837746,0.6717296838760376,0.3808158338069916,-0.0609610378742218,0.6367771625518799,0.38979098200798035,-0.07449876517057419,0.7931069135665894,0.470696359872818,0.0007342276512645185,0.7856253981590271,0.3189389109611511,-0.051986634731292725,0.7266373038291931,0.329767107963562,-0.07060171663761139,0.6971015334129333,0.35708606243133545,-0.06747564673423767,0.8389816880226135,0.48160484433174133,-0.02220788039267063,0.7834916710853577,0.3799644112586975,-0.07422228157520294,0.7500696778297424,0.4673617482185364,-0.06696366518735886,0.7599313855171204,0.5295694470405579,-0.04333622381091118,0.8854120969772339,0.5112484693527222,-0.04756665602326393,0.8245525360107422,0.4564027786254883,-0.07407406717538834,0.7942461371421814,0.49525997042655945,-0.06290191411972046,0.8009263277053833,0.5233766436576843,-0.0451657697558403,pinch,RRQ_p33,RRQ
0.8650869131088257,0.6898948550224304,-4.3935091298408224e-07,0.8077101111412048,0.6215619444847107,-0.007418425753712654,0.7748696208000183,0.4978005886077881,-0.008588885888457298,0.7654483914375305,0.4026508629322052,-0.018314454704523087,0.7528797388076782,0.325073778629303,-0.027911987155675888,0.8535045385360718,0.45401492714881897,0.05360468477010727,0.8361832499504089,0.3944956958293915,0.03664742037653923,0.8026390671730042,0.3520745635032654,0.028013551607728004,0.7803348898887634,0.3159223198890686,0.0228183064609766,0.8920385837554932,0.45612582564353943,0.04186538979411125,0.8591448068618774,0.37888389825820923,0.01108130719512701,0.8302542567253113,0.4604305922985077,0.010015497915446758,0.8520169258117676,0.4952104985713959,0.023665618151426315,0.9321418404579163,0.47082066535949707,0.021444525569677353,0.8917263150215149,0.4139905571937561,-0.01592116244137287,0.8655542731285095,0.4965270459651947,-0.0053739361464977264,0.8891892433166504,0.5274887681007385,0.015371241606771946,0.9749537706375122,0.49150845408439636,-0.00047578068915754557,0.9314897060394287,0.43949151039123535,-0.02180357463657856,0.9081836938858032,0.49529939889907837,-0.011855853721499443,0.9296694993972778,0.5282616019248962,0.0023769440595060587,pinch,RRQ_p33,RRQ
0.9023918509483337,0.7709435224533081,-8.160694733305718e-07,0.7982185482978821,0.7422020435333252,-0.019577866420149803,0.7051367163658142,0.6602779626846313,-0.04249176010489464,0.6318398714065552,0.6184483170509338,-0.07126550376415253,0.557276725769043,0.5977476239204407,-0.09367523342370987,0.7372537851333618,0.4506470263004303,0.01065005362033844,0.6470500230789185,0.45050978660583496,-0.04335518926382065,0.5947813987731934,0.49506765604019165,-0.07699725776910782,0.5474942922592163,0.5429425835609436,-0.0947231575846672,0.7798483967781067,0.4223134517669678,-0.00586051307618618,0.6698194742202759,0.48833706974983215,-0.05877714231610298,0.7198276519775391,0.5902687311172485,-0.06451576203107834,0.7611746191978455,0.5840494632720947,-0.056758347898721695,0.8249108791351318,0.42603105306625366,-0.03260629251599312,0.7168822884559631,0.5212329626083374,-0.07990985363721848,0.7666994333267212,0.6101032495498657,-0.05496246740221977,0.8033561706542969,0.5937559604644775,-0.028687747195363045,0.8654364943504333,0.4566412568092346,-0.06441507488489151,0.7732545733451843,0.5399976968765259,-0.09131492674350739,0.7992959022521973,0.6025106310844421,-0.07375367730855942,0.8288483023643494,0.5880406498908997,-0.05446145683526993,pinch,RRQ_p33,RRQ
0.7653982639312744,0.8520218133926392,3.0438363296525495e-07,0.6634005308151245,0.8129612803459167,-0.020551122725009918,0.5749773979187012,0.7302626967430115,-0.04342810437083244,0.49048885703086853,0.6706119179725647,-0.07444334030151367,0.4237843155860901,0.626093864440918,-0.10274989902973175,0.614662766456604,0.5361694693565369,0.0129274632781744,0.5319147109985352,0.49553313851356506,-0.04943602904677391,0.4734388589859009,0.5295178890228271,-0.1038907840847969,0.4423411190509796,0.5742743015289307,-0.1318296641111374,0.6559374332427979,0.4811992049217224,-0.0019869094248861074,0.6148703694343567,0.3457838296890259,-0.030299976468086243,0.5823466777801514,0.2509881258010864,-0.045571040362119675,0.5551114678382874,0.1705895960330963,-0.05314241722226143,0.7097839117050171,0.47158384323120117,-0.029145626351237297,0.7107024192810059,0.3267504870891571,-0.05167500302195549,0.6928200125694275,0.24280071258544922,-0.04187276214361191,0.6679341197013855,0.17575407028198242,-0.030328260734677315,0.7655632495880127,0.4992237985134125,-0.06226101517677307,0.799984335899353,0.38577911257743835,-0.0804060623049736,0.8059346675872803,0.3014296293258667,-0.0714607983827591,0.7997205257415771,0.22529491782188416,-0.058559540659189224,pinch,RRQ_p33,RRQ
0.4754049479961395,0.9705696105957031,-2.1942786077033816e-07,0.3932773172855377,0.9032298922538757,0.010465596802532673,0.33713299036026,0.8121716976165771,0.0011555920355021954,0.26888179779052734,0.7532253861427307,-0.020146586000919342,0.20420332252979279,0.7084124088287354,-0.04081226885318756,0.4317011833190918,0.6619820594787598,0.036360230296850204,0.3513471186161041,0.6271663904190063,-0.007198287174105644,0.28838250041007996,0.6557902097702026,-0.05170362815260887,0.24948082864284515,0.688520610332489,-0.07587148249149323,0.45994433760643005,0.6308518648147583,0.008226422592997551,0.4255364239215851,0.5024357438087463,-0.010865678079426289,0.3856332302093506,0.41582033038139343,-0.02656634710729122,0.34789854288101196,0.3476209342479706,-0.03759678825736046,0.49362432956695557,0.6354789137840271,-0.027622278779745102,0.5146729946136475,0.4980010986328125,-0.04301420599222183,0.5025748014450073,0.4110574424266815,-0.045025791972875595,0.4822639226913452,0.3405102789402008,-0.045738570392131805,0.516229510307312,0.6660672426223755,-0.06545688211917877,0.5557332038879395,0.579571008682251,-0.0727541372179985,0.5584294199943542,0.5057981014251709,-0.06649051606655121,0.5492131114006042,0.43600988388061523,-0.06085796654224396,pinch,RRQ_p33,RRQ
0.3640784025192261,0.5590447187423706,-8.576862597919899e-08,0.29463016986846924,0.4367435574531555,0.055201634764671326,0.27623578906059265,0.35715657472610474,0.0822652205824852,0.25383663177490234,0.2581063210964203,0.09176222234964371,0.22322696447372437,0.18879550695419312,0.10550003498792648,0.38495346903800964,0.32906562089920044,0.1293639838695526,0.34119266271591187,0.22899021208286285,0.13360756635665894,0.28960227966308594,0.2040734589099884,0.124374620616436,0.2541418671607971,0.20375950634479523,0.12459982931613922,0.4285135567188263,0.2952739894390106,0.10546990483999252,0.4431562125682831,0.1531343162059784,0.1143258810043335,0.42507660388946533,0.0650193989276886,0.11326000094413757,0.4108438491821289,-0.016477733850479126,0.11600930988788605,0.4591076374053955,0.2846689224243164,0.07801027595996857,0.5267599821090698,0.1743285059928894,0.1005987748503685,0.5272820591926575,0.1007605493068695,0.126301109790802,0.5219084024429321,0.04341527819633484,0.14617040753364563,0.47751182317733765,0.29432469606399536,0.05057503655552864,0.5478665232658386,0.22109606862068176,0.08646343648433685,0.5649603605270386,0.15069006383419037,0.11703088134527206,0.5685836672782898,0.08559337258338928,0.1406230330467224,pinch,RRQ_p33,RRQ
0.6236719489097595,0.6908568143844604,-6.904398901497188e-07,0.5960081815719604,0.5670763850212097,0.02813688851892948,0.6229845881462097,0.46217793226242065,0.04439840465784073,0.6306219696998596,0.3709152042865753,0.04704658314585686,0.6253513097763062,0.2827605605125427,0.05005517229437828,0.7482737898826599,0.48728424310684204,0.08502179384231567,0.7247384190559387,0.3811408281326294,0.06307031959295273,0.6833643913269043,0.3172076940536499,0.028504634276032448,0.6419296860694885,0.28488290309906006,0.012124382890760899,0.790869951248169,0.4924055337905884,0.06034053489565849,0.8362287282943726,0.37814217805862427,0.05739263817667961,0.8263795375823975,0.2818021774291992,0.04357727989554405,0.7993845343589783,0.21246272325515747,0.03661469742655754,0.8225234746932983,0.5083585381507874,0.028427887707948685,0.8991243839263916,0.42286235094070435,0.030756410211324692,0.9045143127441406,0.3342425227165222,0.029101872816681862,0.8929964303970337,0.27192655205726624,0.03094768524169922,0.8413258790969849,0.5248964428901672,-0.004890928976237774,0.9228870272636414,0.4766640067100525,0.005569152534008026,0.9479163885116577,0.40855708718299866,0.015122332610189915,0.9499536752700806,0.3479745388031006,0.024421451613307,pinch,RRQ_p33,RRQ
0.8723507523536682,0.801262378692627,-9.354765779789886e-07,0.7812902927398682,0.7296638488769531,-0.03390447422862053,0.692905843257904,0.5958399176597595,-0.05241775885224342,0.6460342407226562,0.48782771825790405,-0.0753725990653038,0.692407488822937,0.4131908714771271,-0.0841822475194931,0.7524113655090332,0.41961169242858887,0.01817055232822895,0.6816594004631042,0.3744383156299591,-0.03715043142437935,0.6936215162277222,0.4918254613876343,-0.05294422805309296,0.7197498679161072,0.49657106399536133,-0.055975355207920074,0.8139347434043884,0.4124070107936859,0.011061872355639935,0.7357598543167114,0.38669753074645996,-0.05066459998488426,0.7494522929191589,0.5316635370254517,-0.041577767580747604,0.7823134660720825,0.5149747133255005,-0.015160351060330868,0.8756666779518127,0.4258761405944824,-0.010941658169031143,0.7976233959197998,0.4324250817298889,-0.07203837484121323,0.8042209148406982,0.5656242370605469,-0.04278259351849556,0.8387004733085632,0.549425482749939,-0.003979204688221216,0.9328306317329407,0.45321643352508545,-0.037888627499341965,0.8562095761299133,0.4697934091091156,-0.06277195364236832,0.8528376817703247,0.5520381331443787,-0.044026460498571396,0.8833398222923279,0.5453962087631226,-0.020385384559631348,fist,RRQ_p33,RRQ
0.8129444122314453,0.7998095154762268,-7.232583243421686e-07,0.6909815669059753,0.7573480606079102,-0.07691915333271027,0.5939769148826599,0.7104156017303467,-0.13106782734394073,0.5326135158538818,0.6938657164573669,-0.1757931262254715,0.576714038848877,0.6827824711799622,-0.2102549523115158,0.6758542060852051,0.38873767852783203,-0.08126074820756912,0.5879262685775757,0.529892086982727,-0.14568211138248444,0.5913688540458679,0.6252948641777039,-0.18299329280853271,0.6153081655502319,0.6135298609733582,-0.20549030601978302,0.7663131356239319,0.41314882040023804,-0.07474992424249649,0.6651731133460999,0.5826166868209839,-0.129861980676651,0.6462623476982117,0.6709898114204407,-0.14029468595981598,0.6579660773277283,0.6376086473464966,-0.14267462491989136,0.8396865129470825,0.4880194664001465,-0.07876692712306976,0.7423409819602966,0.6490428447723389,-0.13090327382087708,0.7121856808662415,0.7141514420509338,-0.11772548407316208,0.7211594581604004,0.6842350959777832,-0.10048343241214752,0.890220046043396,0.5807780623435974,-0.09158625453710556,0.8162345886230469,0.6953278183937073,-0.12206076085567474,0.7809290289878845,0.7356373071670532,-0.11385875940322876,0.7789663672447205,0.7174459099769592,-0.09996052831411362,fist,RRQ_p33,RRQ
0.6783835887908936,0.7768309116363525,-9.748929414854501e-07,0.5844036340713501,0.6895229816436768,-0.017582787200808525,0.5059970021247864,0.5543366074562073,-0.035199664533138275,0.4716634750366211,0.43491706252098083,-0.06105008348822594,0.5136879086494446,0.3501330614089966,-0.0764148086309433,0.5789822340011597,0.40341103076934814,0.022699695080518723,0.5196940302848816,0.3289351165294647,-0.03374480456113815,0.5220679640769958,0.4516299366950989,-0.051302164793014526,0.5522670149803162,0.4718933701515198,-0.05456698685884476,0.6378456950187683,0.4045146703720093,0.007397905923426151,0.5681077241897583,0.32133540511131287,-0.05334789678454399,0.5649154186248779,0.4732314944267273,-0.046034589409828186,0.6025872230529785,0.4795839190483093,-0.021142996847629547,0.6952304244041443,0.420495867729187,-0.020335964858531952,0.6167424917221069,0.36286115646362305,-0.08006411790847778,0.6114257574081421,0.5070666670799255,-0.05067382752895355,0.6530472040176392,0.5131739377975464,-0.01193189062178135,0.7517694234848022,0.44596177339553833,-0.050630658864974976,0.6704918742179871,0.40771448612213135,-0.07410047203302383,0.6581680178642273,0.49686500430107117,-0.0511743389070034,0.6933496594429016,0.5102616548538208,-0.02489176206290722,fist,RRQ_p33,RRQ
0.45876944065093994,0.954845666885376,-8.501741035615851e-07,0.3456513583660126,0.9101998209953308,-0.024638166651129723,0.256473571062088,0.824751615524292,-0.04684477671980858,0.20072445273399353,0.7530598640441895,-0.07404285669326782,0.2145533561706543,0.6748157739639282,-0.08888258785009384,0.32985222339630127,0.599993109703064,0.020844899117946625,0.22862352430820465,0.6105464696884155,-0.02961982972919941,0.2538194954395294,0.7126132249832153,-0.054742585867643356,0.29298529028892517,0.7169094085693359,-0.06725773215293884,0.3747709393501282,0.5836771726608276,0.00998567882925272,0.2564842402935028,0.6140896081924438,-0.048236846923828125,0.2888701260089874,0.7332137227058411,-0.05102416127920151,0.33342233300209045,0.7183955311775208,-0.03776174411177635,0.41574856638908386,0.5890446901321411,-0.012505922466516495,0.29825156927108765,0.6352311372756958,-0.06682861596345901,0.3250757157802582,0.7494344115257263,-0.0438215509057045,0.36752307415008545,0.7379787564277649,-0.013565980829298496,0.44855475425720215,0.6172735691070557,-0.03967658057808876,0.34655746817588806,0.6669449210166931,-0.06900034844875336,0.361233651638031,0.7389804124832153,-0.056660789996385574,0.3998490869998932,0.7323691248893738,-0.037659406661987305,fist,RRQ_p33,RRQ
0.6582908630371094,0.5984450578689575,-4.348762558947783e-07,0.604758620262146,0.574876070022583,-0.016853878274559975,0.5623786449432373,0.5179490447044373,-0.023738496005535126,0.5529187917709351,0.4525841176509857,-0.03302926942706108,0.5739004611968994,0.4072367250919342,-0.03620292618870735,0.5577014684677124,0.45164409279823303,0.010453416965901852,0.5374948978424072,0.39349648356437683,-0.0210539773106575,0.5534393787384033,0.44681674242019653,-0.03397009149193764,0.5663135051727295,0.46582677960395813,-0.036100730299949646,0.590796947479248,0.4436962306499481,0.006652583833783865,0.5776944160461426,0.39314424991607666,-0.02347683161497116,0.5868745446205139,0.4614371061325073,-0.02476188912987709,0.5931347608566284,0.4675716459751129,-0.015735900029540062,0.6254749894142151,0.4442145526409149,-0.004424017388373613,0.6140570640563965,0.4062955975532532,-0.03496645763516426,0.6171606779098511,0.47463300824165344,-0.0238521546125412,0.622706413269043,0.4808341860771179,-0.006226787809282541,0.6621169447898865,0.4496418535709381,-0.017641311511397362,0.6473026275634766,0.4262421727180481,-0.029003895819187164,0.6435941457748413,0.474452406167984,-0.01657905802130699,0.647825300693512,0.48509469628334045,-0.002195836743339896,fist,RRQ_p33,RRQ
0.7757379412651062,0.4555348753929138,-1.4854384744467097e-07,0.715362012386322,0.43584322929382324,-0.035545699298381805,0.6610546708106995,0.4242977797985077,-0.06123677268624306,0.6263693571090698,0.4462650418281555,-0.08099933713674545,0.6381651163101196,0.4769666790962219,-0.09722373634576797,0.6989051103591919,0.30233854055404663,-0.05398562178015709,0.6559982299804688,0.4171251654624939,-0.08145291358232498,0.661853015422821,0.4457005560398102,-0.09857196360826492,0.6741512417793274,0.42723792791366577,-0.1101035326719284,0.7459645867347717,0.3232136368751526,-0.05100690573453903,0.6961991786956787,0.449573278427124,-0.06798701733350754,0.6955375671386719,0.45068299770355225,-0.0688755214214325,0.7032359838485718,0.4144021272659302,-0.07107891142368317,0.783577024936676,0.36677825450897217,-0.05126618221402168,0.7310581207275391,0.4819047152996063,-0.06529252976179123,0.7242463231086731,0.47555115818977356,-0.052730999886989594,0.7325685620307922,0.4446220397949219,-0.04317621514201164,0.8063341975212097,0.41682595014572144,-0.05625995248556137,0.761369526386261,0.4987953305244446,-0.0680651068687439,0.7524619102478027,0.4922417998313904,-0.06205372139811516,0.7581830620765686,0.46819236874580383,-0.05485841631889343,fist,RRQ_p33,RRQ
0.7778770923614502,0.7772091627120972,-3.895668214681791e-07,0.7084600329399109,0.679413914680481,-0.03430860862135887,0.6638855934143066,0.5854255557060242,-0.05547760799527168,0.62871915102005,0.5373377799987793,-0.07146754115819931,0.6177427768707275,0.550777792930603,-0.08198527991771698,0.7608199715614319,0.4905509948730469,-0.04416781663894653,0.6684069633483887,0.5396671295166016,-0.07358089834451675,0.6524311900138855,0.5695880651473999,-0.08811283111572266,0.6583578586578369,0.5649558901786804,-0.09727979451417923,0.801792562007904,0.5451356172561646,-0.0459347702562809,0.6806601881980896,0.6274600625038147,-0.07206789404153824,0.6829504370689392,0.6467947959899902,-0.0769311711192131,0.7065313458442688,0.6229666471481323,-0.07983098924160004,0.8250384330749512,0.6233763694763184,-0.05185148864984512,0.7001212239265442,0.7068827152252197,-0.07613532245159149,0.7056680917739868,0.7146501541137695,-0.07065971940755844,0.7306973338127136,0.6940678358078003,-0.06488554924726486,0.8298594951629639,0.7037996053695679,-0.06202234327793121,0.7251806259155273,0.762259304523468,-0.08216824382543564,0.7267062067985535,0.7604021430015564,-0.0823347419500351,0.7507681846618652,0.7394150495529175,-0.07892578095197678,fist,RRQ_p33,RRQ
0.7577941417694092,0.3697800636291504,-2.527374078908906e-07,0.6788172125816345,0.35506513714790344,-0.03337155655026436,0.6172394156455994,0.32450786232948303,-0.05390816181898117,0.5815918445587158,0.3128911852836609,-0.06972567737102509,0.5880815982818604,0.3198547065258026,-0.08074831962585449,0.6454101204872131,0.1920464187860489,-0.03677805885672569,0.6132205724716187,0.29731273651123047,-0.06883980333805084,0.6230717301368713,0.32369863986968994,-0.08937305957078934,0.6325363516807556,0.3019406497478485,-0.1023811399936676,0.6930867433547974,0.19981834292411804,-0.03598986193537712,0.6534892916679382,0.32692256569862366,-0.06292218714952469,0.6597313284873962,0.3456241190433502,-0.06848011910915375,0.6673508882522583,0.31169068813323975,-0.07065731287002563,0.7357136607170105,0.23513565957546234,-0.040200404822826385,0.6935397386550903,0.3558562994003296,-0.0644683986902237,0.6926103234291077,0.36882200837135315,-0.05682969465851784,0.7014349102973938,0.341896653175354,-0.04812826216220856,0.7668054103851318,0.2833673357963562,-0.04871672764420509,0.7292446494102478,0.37592625617980957,-0.06723277270793915,0.7237053513526917,0.3807024657726288,-0.06617537885904312,0.7303868532180786,0.35632604360580444,-0.06122516840696335,fist,RRQ_p33,RRQ
0.17616653442382812,0.6975184082984924,-4.168423402006738e-07,0.254306823015213,0.6124206781387329,-0.02535751834511757,0.3153945505619049,0.4801067113876343,-0.03952135518193245,0.3511022925376892,0.36709681153297424,-0.05728638544678688,0.3116682767868042,0.33015936613082886,-0.06484096497297287,0.23255038261413574,0.36496925354003906,0.011527715250849724,0.28523069620132446,0.29804563522338867,-0.03471023961901665,0.2892080247402191,0.39244532585144043,-0.04901285842061043,0.2633068561553955,0.4059920012950897,-0.05093498155474663,0.1850682646036148,0.37453895807266235,0.0036586245987564325,0.2541484832763672,0.3158320188522339,-0.045234743505716324,0.25436845421791077,0.4425322115421295,-0.04381800815463066,0.21950310468673706,0.43164801597595215,-0.02984236739575863,0.13718751072883606,0.3898143172264099,-0.01475594937801361,0.20800991356372833,0.3471827208995819,-0.0726911649107933,0.21255309879779816,0.4645746946334839,-0.055869996547698975,0.17544829845428467,0.4672115445137024,-0.029257120564579964,0.08939428627490997,0.4098818302154541,-0.03514070063829422,0.16401873528957367,0.37225648760795593,-0.06662815809249878,0.17273765802383423,0.44975385069847107,-0.05083532631397247,0.1377677321434021,0.46849697828292847,-0.030344296246767044,fist,RRQ_p33,RRQ
0.32527294754981995,0.7959305047988892,-3.3068681659642607e-07,0.4052456319332123,0.7470455169677734,-0.06219586730003357,0.4610688090324402,0.6930176019668579,-0.10671177506446838,0.47531038522720337,0.6502140164375305,-0.14383995532989502,0.44425588846206665,0.6146500110626221,-0.17406684160232544,0.36055079102516174,0.44544583559036255,-0.07779189199209213,0.42407864332199097,0.5161077976226807,-0.14187030494213104,0.4396222233772278,0.6125234961509705,-0.1837390959262848,0.42531120777130127,0.6354422569274902,-0.2082664519548416,0.28808701038360596,0.4709113538265228,-0.07250535488128662,0.36411839723587036,0.5795212388038635,-0.12572887539863586,0.39073437452316284,0.6662119626998901,-0.14451609551906586,0.3807075023651123,0.6677534580230713,-0.1547960638999939,0.23600788414478302,0.534194827079773,-0.07419776171445847,0.3174487352371216,0.6488313674926758,-0.11765208840370178,0.34700506925582886,0.7079502940177917,-0.11551026254892349,0.3372962474822998,0.7011075615882874,-0.11078017204999924,0.20126350224018097,0.6132464408874512,-0.08250473439693451,0.27197498083114624,0.7008522748947144,-0.1102348044514656,0.3037581443786621,0.7359952926635742,-0.10982036590576172,0.30224600434303284,0.7264891862869263,-0.10495012998580933,fist,RRQ_p33,RRQ
0.2819576561450958,0.7020493745803833,-3.854074179798772e-07,0.3460293412208557,0.6154480576515198,-0.019326062873005867,0.38776859641075134,0.49160751700401306,-0.029287802055478096,0.4083332121372223,0.39198175072669983,-0.041540082544088364,0.3772490918636322,0.34832561016082764,-0.045285917818546295,0.30670276284217834,0.3983451724052429,0.010168813169002533,0.3525148034095764,0.34419405460357666,-0.027461925521492958,0.3577996790409088,0.42849111557006836,-0.04052765294909477,0.3284856677055359,0.44514527916908264,-0.04421597346663475,0.26480430364608765,0.4124552011489868,0.0019768201746046543,0.3225337564945221,0.34777769446372986,-0.04077173396945,0.3323686718940735,0.4584187865257263,-0.04359028488397598,0.29958993196487427,0.46583178639411926,-0.03440752252936363,0.2230238914489746,0.43538016080856323,-0.014036864042282104,0.28381696343421936,0.38854795694351196,-0.06407301127910614,0.29845982789993286,0.49121174216270447,-0.05144377797842026,0.2659427523612976,0.5024157166481018,-0.02968795970082283,0.183506578207016,0.46519404649734497,-0.031038625165820122,0.24754120409488678,0.4196625351905823,-0.05870237201452255,0.2631836533546448,0.4865778684616089,-0.04433556646108627,0.2345801740884781,0.5090578198432922,-0.026007652282714844,fist,RRQ_p33,RRQ
0.23913849890232086,0.7884607315063477,-1.1819669509804953e-07,0.2935279905796051,0.7500487565994263,-0.0684809535741806,0.33965158462524414,0.704235315322876,-0.1203114315867424,0.3554731607437134,0.6779690980911255,-0.16408227384090424,0.3363511562347412,0.6665357947349548,-0.19978879392147064,0.26370322704315186,0.47540658712387085,-0.08593446761369705,0.29320070147514343,0.5536041259765625,-0.15426045656204224,0.31275179982185364,0.6303811073303223,-0.19251710176467896,0.305064857006073,0.6348404288291931,-0.21441341936588287,0.19058366119861603,0.5017558336257935,-0.08013720065355301,0.2350291907787323,0.6150344014167786,-0.13934046030044556,0.2766396999359131,0.6911724805831909,-0.15072056651115417,0.2789234519004822,0.6692156791687012,-0.1531883031129837,0.13704490661621094,0.565028190612793,-0.08310788124799728,0.19683805108070374,0.683436393737793,-0.13233497738838196,0.24047121405601501,0.7313105463981628,-0.12121020257472992,0.24265120923519135,0.7069277763366699,-0.10888154059648514,0.10169613361358643,0.6396477222442627,-0.09387507289648056,0.1554146111011505,0.7383139729499817,-0.12514232099056244,0.1958075612783432,0.7696407437324524,-0.12183930724859238,0.20440280437469482,0.7465076446533203,-0.11432696133852005,fist,RRQ_p33,RRQ
0.3163680136203766,0.5653611421585083,-2.5004419512697496e-07,0.3537593185901642,0.5192373991012573,-0.01812969148159027,0.3785214424133301,0.4477522671222687,-0.02583693526685238,0.3862931728363037,0.3837921917438507,-0.033529311418533325,0.36769017577171326,0.3431755304336548,-0.035688623785972595,0.35298261046409607,0.38349276781082153,-0.0014173454837873578,0.36263856291770935,0.33414918184280396,-0.02548445574939251,0.3722122609615326,0.38607102632522583,-0.03477870672941208,0.36513543128967285,0.40285393595695496,-0.03721921518445015,0.3238614499568939,0.39192429184913635,-0.002479074988514185,0.3339514434337616,0.34462878108024597,-0.026281913742423058,0.3481278121471405,0.4134678244590759,-0.028383055701851845,0.33801576495170593,0.4193299114704132,-0.02399733103811741,0.29597896337509155,0.4102242887020111,-0.008343013003468513,0.3086351752281189,0.3777610659599304,-0.03618048503994942,0.3256821036338806,0.43858376145362854,-0.02617815136909485,0.31438499689102173,0.4434123635292053,-0.012784282676875591,0.2673952877521515,0.43400341272354126,-0.015443434938788414,0.28492259979248047,0.41146817803382874,-0.031165998429059982,0.2998972535133362,0.4483940899372101,-0.020558658987283707,0.29023072123527527,0.45678696036338806,-0.008711962029337883,fist,RRQ_p33,RRQ
0.2870626449584961,0.44023752212524414,-1.6696256466275372e-07,0.33590197563171387,0.4453165531158447,-0.01959986239671707,0.37472108006477356,0.4433446526527405,-0.03733285516500473,0.3967856764793396,0.440524697303772,-0.05448940768837929,0.3933638036251068,0.433793842792511,-0.06981588900089264,0.36929717659950256,0.318747341632843,-0.029491674154996872,0.37937161326408386,0.38006916642189026,-0.05770961567759514,0.37103110551834106,0.41100507974624634,-0.07783404737710953,0.36581262946128845,0.4012974202632904,-0.09137459844350815,0.3309463858604431,0.3156179189682007,-0.034534964710474014,0.34260839223861694,0.38905906677246094,-0.05593150854110718,0.34058523178100586,0.41667822003364563,-0.06497953087091446,0.33810147643089294,0.4025222659111023,-0.07280799746513367,0.29512497782707214,0.3333454728126526,-0.04223724454641342,0.30831846594810486,0.4023789167404175,-0.060909826308488846,0.3115345537662506,0.4243522584438324,-0.06019013375043869,0.3103399872779846,0.40751877427101135,-0.06008864939212799,0.2658540606498718,0.3618522882461548,-0.05247734859585762,0.2784993648529053,0.41448208689689636,-0.06433093547821045,0.28383177518844604,0.4291515648365021,-0.06313277781009674,0.28282928466796875,0.416408896446228,-0.06181202456355095,fist,RRQ_p33,RRQ
0.20919641852378845,0.6624318361282349,-2.023548830720756e-07,0.22637233138084412,0.5684333443641663,-0.0009586880914866924,0.2758806347846985,0.48592689633369446,-0.017935605719685555,0.33840271830558777,0.43724507093429565,-0.0359337218105793,0.3805670142173767,0.42265546321868896,-0.049689192324876785,0.2345624715089798,0.3990533947944641,-0.04222777485847473,0.3437372148036957,0.3962876796722412,-0.06490840762853622,0.34113940596580505,0.4398663640022278,-0.07068806141614914,0.3164055645465851,0.4495753347873688,-0.074587382376194,0.2388996034860611,0.4496346116065979,-0.057787127792835236,0.3572729825973511,0.46056410670280457,-0.07230524718761444,0.3454185426235199,0.49907779693603516,-0.06447354704141617,0.3193342089653015,0.5005566477775574,-0.06304532289505005,0.2524012327194214,0.5094730854034424,-0.07268363237380981,0.3605470657348633,0.5247172713279724,-0.08091817051172256,0.34202495217323303,0.5523866415023804,-0.06578510999679565,0.3129344582557678,0.5503951907157898,-0.060002971440553665,0.271017462015152,0.5708574056625366,-0.08851582556962967,0.3551604747772217,0.5764848589897156,-0.08667910099029541,0.3348039984703064,0.5970739126205444,-0.07413017004728317,0.304538369178772,0.5973942279815674,-0.0685248002409935,fist,RRQ_p33,RRQ
0.7042418718338013,0.7963186502456665,6.661350653303089e-07,0.6144495606422424,0.7286224365234375,-0.03144783899188042,0.5509841442108154,0.616537868976593,-0.04821064695715904,0.5120449066162109,0.5281948447227478,-0.06451603770256042,0.4683242440223694,0.47090867161750793,-0.08096946775913239,0.6277036666870117,0.4391610622406006,-0.01603723131120205,0.6299721002578735,0.30479609966278076,-0.041998039931058884,0.6372443437576294,0.2226589024066925,-0.0669955313205719,0.6487247943878174,0.14913049340248108,-0.08618491888046265,0.6885583400726318,0.4296541213989258,-0.025014137849211693,0.6971153616905212,0.27422967553138733,-0.04436344653367996,0.7065395712852478,0.1763465702533722,-0.06533341109752655,0.7162511348724365,0.09254339337348938,-0.08232955634593964,0.7447792291641235,0.45041465759277344,-0.04034056514501572,0.7553946375846863,0.30433520674705505,-0.062024038285017014,0.761096715927124,0.2120954394340515,-0.07848277688026428,0.7646912932395935,0.13035887479782104,-0.09177638590335846,0.8001679182052612,0.4953055679798126,-0.05963902920484543,0.8241211175918579,0.38606396317481995,-0.0796407014131546,0.8390318155288696,0.3116377890110016,-0.08806081861257553,0.8498764038085938,0.2409580796957016,-0.09487565606832504,open_palm,RRQ_p33,RRQ
0.5527937412261963,0.8532575964927673,7.643732828910288e-07,0.4682043194770813,0.810943067073822,-0.030190611258149147,0.3919929265975952,0.7422373294830322,-0.05073235183954239,0.3324911594390869,0.7034972310066223,-0.07112426310777664,0.2769215404987335,0.6810593008995056,-0.09268178045749664,0.45022860169410706,0.5411577224731445,-0.024222346022725105,0.41599398851394653,0.4245572090148926,-0.04687803238630295,0.39680442214012146,0.3529573678970337,-0.06770018488168716,0.38361358642578125,0.287162721157074,-0.08554590493440628,0.5043520331382751,0.5244070291519165,-0.0356186106801033,0.5062784552574158,0.38345372676849365,-0.05433155968785286,0.5134655237197876,0.291155070066452,-0.07479704171419144,0.5218344926834106,0.21300911903381348,-0.09202757477760315,0.5544897317886353,0.5405598878860474,-0.05281718075275421,0.5715091228485107,0.4096939265727997,-0.0796087309718132,0.5849236249923706,0.32710856199264526,-0.10242635011672974,0.5947232246398926,0.25066372752189636,-0.11928071826696396,0.5997310876846313,0.5806222558021545,-0.0729767456650734,0.6352120637893677,0.49211302399635315,-0.10030320286750793,0.6583698987960815,0.42925429344177246,-0.11508893966674805,0.6760563850402832,0.36732664704322815,-0.12616297602653503,open_palm,RRQ_p33,RRQ
0.6441451907157898,0.7814366817474365,8.663473636261187e-07,0.5575677156448364,0.7136247754096985,-0.04421321675181389,0.4831611216068268,0.6264022588729858,-0.07479507476091385,0.4199833869934082,0.5603722929954529,-0.10281794518232346,0.36548271775245667,0.5098230242729187,-0.13186252117156982,0.5855779647827148,0.426689088344574,-0.049886059015989304,0.5735044479370117,0.2862667441368103,-0.08172186464071274,0.5663432478904724,0.2018635869026184,-0.1066104844212532,0.5645104050636292,0.12776616215705872,-0.12625539302825928,0.6538133025169373,0.42449939250946045,-0.05798066407442093,0.6805680990219116,0.2676777243614197,-0.08621389418840408,0.7022997140884399,0.16843277215957642,-0.11075964570045471,0.7243838310241699,0.08634921908378601,-0.13024595379829407,0.7108545303344727,0.4580889046192169,-0.07230018824338913,0.7615402340888977,0.32251468300819397,-0.1108066663146019,0.792870283126831,0.23409952223300934,-0.14055421948432922,0.8194270730018616,0.15463760495185852,-0.1608818769454956,0.7564427256584167,0.5171687006950378,-0.08966435492038727,0.8253351449966431,0.4379768669605255,-0.1292950063943863,0.8718469738960266,0.3772337734699249,-0.15068642795085907,0.9115653038024902,0.3171883821487427,-0.1646382361650467,open_palm,RRQ_p33,RRQ
0.6192512512207031,0.7723692655563354,4.694719564213301e-07,0.5599799156188965,0.7089728116989136,-0.02722393348813057,0.517308235168457,0.6201467514038086,-0.044065359979867935,0.481328547000885,0.548255980014801,-0.060287315398454666,0.4413950443267822,0.5001921653747559,-0.0767834410071373,0.5954428315162659,0.502653181552887,-0.01805391162633896,0.5902615785598755,0.40534311532974243,-0.03844741731882095,0.583699107170105,0.34341275691986084,-0.05677846074104309,0.5787583589553833,0.28693389892578125,-0.07150525599718094,0.6379320621490479,0.5035033226013184,-0.024506116285920143,0.6544363498687744,0.3940344452857971,-0.041659917682409286,0.6582202315330505,0.32311558723449707,-0.057845741510391235,0.6581175327301025,0.2585512101650238,-0.07077503949403763,0.6740531325340271,0.5265511274337769,-0.035994406789541245,0.7007890939712524,0.42864805459976196,-0.057909462600946426,0.7098622918128967,0.36052459478378296,-0.07379451394081116,0.7133411169052124,0.2972722053527832,-0.0855068489909172,0.7034342288970947,0.5654523372650146,-0.050246257334947586,0.7446022033691406,0.5019455552101135,-0.07076186686754227,0.7707033753395081,0.4539826810359955,-0.08105527609586716,0.79121994972229,0.40651535987854004,-0.08883699774742126,open_palm,RRQ_p33,RRQ
0.6559656262397766,0.602192759513855,4.436413121311489e-07,0.5950456261634827,0.5831237435340881,-0.027758195996284485,0.5372335314750671,0.5365819931030273,-0.04326457530260086,0.4904552698135376,0.5020286440849304,-0.05684094503521919,0.452351838350296,0.491811066865921,-0.07008727639913559,0.5710994005203247,0.406838983297348,-0.017951929941773415,0.5610861778259277,0.3241899013519287,-0.035022567957639694,0.5604365468025208,0.2740211486816406,-0.05192016065120697,0.5612887144088745,0.22898438572883606,-0.06499003618955612,0.6043693423271179,0.3924112915992737,-0.018790656700730324,0.5944627523422241,0.3009210526943207,-0.030456943437457085,0.5917973518371582,0.24702408909797668,-0.04231514409184456,0.5901808738708496,0.19937993586063385,-0.052270762622356415,0.6377480030059814,0.39637574553489685,-0.024060921743512154,0.628818929195404,0.31022167205810547,-0.035736098885536194,0.6235508322715759,0.2606002390384674,-0.04258513078093529,0.6179226636886597,0.21742668747901917,-0.04864402487874031,0.6729555726051331,0.4139818847179413,-0.03277987614274025,0.6679344773292542,0.3500491976737976,-0.04318711534142494,0.6627941727638245,0.310313880443573,-0.0459098294377327,0.6558517217636108,0.274488240480423,-0.048371925950050354,open_palm,RRQ_p33,RRQ
0.8076433539390564,0.7962223291397095,4.5645683144357463e-07,0.7438933253288269,0.7680209875106812,-0.026389893144369125,0.6821919679641724,0.7087510228157043,-0.0398067831993103,0.6354424953460693,0.6616467237472534,-0.051359839737415314,0.5952891707420349,0.6363207697868347,-0.06266915053129196,0.7293081283569336,0.5800080299377441,-0.018951933830976486,0.7162610292434692,0.49286913871765137,-0.035424038767814636,0.7113029360771179,0.4388999342918396,-0.05084223672747612,0.7087376713752747,0.39205682277679443,-0.06326756626367569,0.769956111907959,0.5688982605934143,-0.02151234820485115,0.7656782865524292,0.47098636627197266,-0.034283578395843506,0.7654261589050293,0.41006195545196533,-0.04732562601566315,0.7660652995109558,0.3583672046661377,-0.05808549374341965,0.8097866177558899,0.5778926014900208,-0.028323743492364883,0.8098195791244507,0.48847317695617676,-0.0436333604156971,0.809199333190918,0.43325871229171753,-0.05456211790442467,0.806767463684082,0.3840321898460388,-0.06319989264011383,0.8493654131889343,0.6017138957977295,-0.0379369780421257,0.8608778715133667,0.5356833934783936,-0.0527663491666317,0.8667398691177368,0.4917271137237549,-0.05905268341302872,0.8696891069412231,0.4494839310646057,-0.06384432315826416,open_palm,RRQ_p33,RRQ
0.6340761780738831,0.7933804392814636,6.600443498427921e-07,0.5584292411804199,0.7518118619918823,-0.035876188427209854,0.4837794303894043,0.6871964931488037,-0.05967145040631294,0.4166865944862366,0.6480619311332703,-0.0820150226354599,0.35695838928222656,0.6302523612976074,-0.10612977296113968,0.5634067058563232,0.5136654376983643,-0.042417142540216446,0.540521502494812,0.39739298820495605,-0.06809274852275848,0.5289688110351562,0.3258814811706543,-0.08848149329423904,0.5208773016929626,0.2623004913330078,-0.10509366542100906,0.6209117770195007,0.5028253793716431,-0.04912516847252846,0.6314399242401123,0.3727787137031555,-0.0703650414943695,0.6435286402702332,0.29085904359817505,-0.0894167348742485,0.657477855682373,0.21957039833068848,-0.10567580163478851,0.671505331993103,0.524268388748169,-0.06073691323399544,0.7052505612373352,0.41241025924682617,-0.09151365607976913,0.727701723575592,0.3405807614326477,-0.11574174463748932,0.7466537952423096,0.2722795307636261,-0.13326948881149292,0.7140079140663147,0.5706734657287598,-0.07500827312469482,0.7683954238891602,0.5107359886169434,-0.10721375793218613,0.8057267665863037,0.4679374396800995,-0.12401939183473587,0.837622344493866,0.4215083718299866,-0.1356508433818817,open_palm,RRQ_p33,RRQ
0.6025681495666504,0.7545860409736633,3.546903997175832e-07,0.5329996347427368,0.7148021459579468,-0.022301388904452324,0.4792096018791199,0.6503366827964783,-0.033829640597105026,0.4438179135322571,0.5996727347373962,-0.045560602098703384,0.41929298639297485,0.5639690160751343,-0.05699188634753227,0.555084228515625,0.5259900093078613,-0.005422880407422781,0.5516991019248962,0.4365367293357849,-0.022191092371940613,0.5547822713851929,0.38259589672088623,-0.040919557213783264,0.5598437190055847,0.3330737352371216,-0.055413682013750076,0.5910881161689758,0.5176717042922974,-0.01017659343779087,0.5908746719360352,0.4170413017272949,-0.02139711007475853,0.592743992805481,0.35658693313598633,-0.03465868532657623,0.595452070236206,0.30310699343681335,-0.04572723060846329,0.6253670454025269,0.5262435674667358,-0.01996987871825695,0.6237189769744873,0.4301559329032898,-0.03084207884967327,0.6225082874298096,0.3719751536846161,-0.03873014822602272,0.6217268705368042,0.32118165493011475,-0.045491743832826614,0.6607827544212341,0.5516210794448853,-0.033374421298503876,0.6599903106689453,0.47453638911247253,-0.04342394694685936,0.6574751734733582,0.4258333146572113,-0.046505436301231384,0.6536343097686768,0.3819567561149597,-0.0491071455180645,open_palm,RRQ_p33,RRQ
0.7346707582473755,0.848283052444458,5.471616759678e-07,0.644571840763092,0.7857775688171387,-0.03019687719643116,0.5792685747146606,0.6839805245399475,-0.04281659051775932,0.535058856010437,0.6054900884628296,-0.05492789298295975,0.4908405840396881,0.5621171593666077,-0.06649057567119598,0.655941903591156,0.52956622838974,-0.005117859225720167,0.6586860418319702,0.4088723361492157,-0.024275708943605423,0.6653715372085571,0.33793628215789795,-0.04563048481941223,0.6742648482322693,0.27419260144233704,-0.06260062754154205,0.7088921070098877,0.5223634839057922,-0.01037602685391903,0.7120003700256348,0.38962990045547485,-0.022490909323096275,0.717586874961853,0.3103662431240082,-0.0383140966296196,0.724622368812561,0.2420070469379425,-0.051594078540802,0.7592524886131287,0.5403403639793396,-0.022298822179436684,0.7625572681427002,0.41509050130844116,-0.03599392622709274,0.7636787295341492,0.33871084451675415,-0.04526447132229805,0.7644169330596924,0.2704748511314392,-0.05350473150610924,0.8109423518180847,0.5780943036079407,-0.03879716992378235,0.8178836703300476,0.48070618510246277,-0.05150647088885307,0.8198275566101074,0.4176575541496277,-0.05436796322464943,0.8195230960845947,0.3585970103740692,-0.05708794295787811,open_palm,RRQ_p33,RRQ
0.3188125491142273,0.5439998507499695,4.3862897314284055e-07,0.3802831172943115,0.5347713828086853,-0.030796032398939133,0.4354773163795471,0.4973694086074829,-0.040476296097040176,0.47698482871055603,0.4533388912677765,-0.04713566228747368,0.5086169242858887,0.4250132441520691,-0.05260160565376282,0.4138204753398895,0.36616280674934387,-0.013335036113858223,0.44361650943756104,0.2918749451637268,-0.024103883653879166,0.4587891697883606,0.24767141044139862,-0.03620940446853638,0.4711446762084961,0.20747020840644836,-0.04581255838274956,0.38184985518455505,0.3463651239871979,-0.009031437337398529,0.40530091524124146,0.26219266653060913,-0.017914989963173866,0.4197917878627777,0.20597991347312927,-0.03049391321837902,0.43046310544013977,0.162128284573555,-0.04060448333621025,0.3498479425907135,0.3462342321872711,-0.00908792857080698,0.36568695306777954,0.2673559784889221,-0.01971791498363018,0.37939655780792236,0.2179185152053833,-0.03256615996360779,0.39149075746536255,0.17716531455516815,-0.04203008487820625,0.3146810531616211,0.35858774185180664,-0.012425274588167667,0.3177260756492615,0.2972574532032013,-0.025438904762268066,0.3190021812915802,0.2563053369522095,-0.03407268971204758,0.32261043787002563,0.2184993028640747,-0.03968770429491997,open_palm,RRQ_p33,RRQ
0.26666468381881714,0.57459557056427,4.873971306551539e-07,0.3216117024421692,0.5624088048934937,-0.032027918845415115,0.3722746968269348,0.5302019119262695,-0.04976848140358925,0.4204382300376892,0.5144200921058655,-0.06584680080413818,0.46204549074172974,0.5213748812675476,-0.08234851062297821,0.33803537487983704,0.4026392996311188,-0.032355036586523056,0.3660430312156677,0.3374898433685303,-0.051174137741327286,0.3828160762786865,0.29639774560928345,-0.06586764752864838,0.39585569500923157,0.2616194784641266,-0.07683943212032318,0.3014167845249176,0.38591694831848145,-0.03130681440234184,0.30573800206184387,0.3006446957588196,-0.04659223556518555,0.3072069585323334,0.24845820665359497,-0.058281078934669495,0.30623236298561096,0.20824387669563293,-0.06702589243650436,0.26839569211006165,0.3937070667743683,-0.033876508474349976,0.2598226070404053,0.3173900246620178,-0.050218768417835236,0.2553784251213074,0.2678205370903015,-0.06374236196279526,0.2526572048664093,0.22498995065689087,-0.0731637179851532,0.23878788948059082,0.42031487822532654,-0.03967643156647682,0.20984479784965515,0.37463808059692383,-0.056816671043634415,0.18974222242832184,0.34304171800613403,-0.06638380885124207,0.17432765662670135,0.31229469180107117,-0.07229985296726227,open_palm,RRQ_p33,RRQ
0.26050108671188354,0.7941096425056458,7.503865049329761e-07,0.3257704973220825,0.7371687293052673,-0.043795615434646606,0.3840269446372986,0.6706588268280029,-0.07750982791185379,0.44425588846206665,0.6459121704101562,-0.11077581346035004,0.5045636296272278,0.6426141262054443,-0.14566096663475037,0.3071677088737488,0.49040377140045166,-0.05875759199261665,0.30810970067977905,0.367379367351532,-0.09755861759185791,0.3068004250526428,0.28816503286361694,-0.1272704154253006,0.3025642931461334,0.2162635624408722,-0.14929169416427612,0.2477836161851883,0.4914727807044983,-0.06563213467597961,0.2179042249917984,0.3567519783973694,-0.10014548152685165,0.19632871448993683,0.2719656229019165,-0.12685173749923706,0.17471779882907867,0.2014482617378235,-0.14645642042160034,0.1992885172367096,0.5262094736099243,-0.07673634588718414,0.1539902687072754,0.41272079944610596,-0.10849787294864655,0.1232517659664154,0.33830171823501587,-0.13204273581504822,0.09660391509532928,0.27218618988990784,-0.14777831733226776,0.16036376357078552,0.5868960022926331,-0.0921817198395729,0.10025840997695923,0.5153141617774963,-0.12184078991413116,0.06076456606388092,0.46966877579689026,-0.13658598065376282,0.027464985847473145,0.4213881194591522,-0.14532040059566498,open_palm,RRQ_p33,RRQ
0.2741721272468567,0.7743011713027954,3.8425307025136135e-07,0.33837294578552246,0.6967111825942993,-0.038176268339157104,0.3719017207622528,0.5860574245452881,-0.05951935425400734,0.3895964026451111,0.4932820200920105,-0.0787973552942276,0.40147268772125244,0.4174250066280365,-0.09934632480144501,0.28088757395744324,0.4443819224834442,-0.04732014983892441,0.24486956000328064,0.3198124170303345,-0.08168880641460419,0.2149365395307541,0.2477978616952896,-0.10841775685548782,0.18520855903625488,0.18575891852378845,-0.1275215893983841,0.23126335442066193,0.460658460855484,-0.052857156842947006,0.18490511178970337,0.31879204511642456,-0.08450127393007278,0.14971689879894257,0.23360410332679749,-0.11114532500505447,0.11635909974575043,0.1626909077167511,-0.1305149346590042,0.1922302544116974,0.5033445954322815,-0.06224065646529198,0.1451735496520996,0.3751052916049957,-0.09120363742113113,0.11523622274398804,0.2941044569015503,-0.1110370084643364,0.08688066899776459,0.22217074036598206,-0.12484101206064224,0.1591857373714447,0.5669276714324951,-0.07509852200746536,0.12309576570987701,0.4708842635154724,-0.10137037932872772,0.10276718437671661,0.4086530804634094,-0.11317425966262817,0.08286254107952118,0.34940940141677856,-0.12056290358304977,open_palm,RRQ_p33,RRQ
0.34180307388305664,0.8214296102523804,2.3178105834631424e-07,0.40580499172210693,0.7723149061203003,-0.015079333446919918,0.44074538350105286,0.6862149238586426,-0.019328275695443153,0.4525848925113678,0.6107023358345032,-0.023960260674357414,0.44093188643455505,0.5615628957748413,-0.029918663203716278,0.41044533252716064,0.5739135146141052,-0.015058573335409164,0.41883546113967896,0.47446346282958984,-0.03302998095750809,0.41805675625801086,0.4151745140552521,-0.048843853175640106,0.4149183928966522,0.3593295216560364,-0.06147175282239914,0.3779783546924591,0.5673927664756775,-0.023108167573809624,0.3830287754535675,0.4545316696166992,-0.04188944771885872,0.38114675879478455,0.3819997012615204,-0.06025529280304909,0.37622517347335815,0.3186795711517334,-0.0743875503540039,0.3466889560222626,0.5848814845085144,-0.03326556831598282,0.347312867641449,0.47913676500320435,-0.05196935310959816,0.34485095739364624,0.4111417829990387,-0.06595611572265625,0.3392235040664673,0.35020431876182556,-0.07617653161287308,0.31467559933662415,0.6205346584320068,-0.04501017928123474,0.3166433274745941,0.5364605188369751,-0.06407945603132248,0.31917139887809753,0.4833110570907593,-0.07329323142766953,0.3190375864505768,0.4323728680610657,-0.07962685078382492,open_palm,RRQ_p33,RRQ
0.30456995964050293,0.6392951607704163,3.01362604204769e-07,0.3744547665119171,0.6051821708679199,-0.019891904667019844,0.41833049058914185,0.5423417687416077,-0.024491891264915466,0.4401034116744995,0.4716460108757019,-0.02879795990884304,0.4183039367198944,0.4305434226989746,-0.03351278230547905,0.3847922086715698,0.42691469192504883,-0.0008117305696941912,0.39486604928970337,0.3383045494556427,-0.01245072577148676,0.39744865894317627,0.2890760898590088,-0.026545090600848198,0.39821410179138184,0.24435923993587494,-0.03774286061525345,0.3512688875198364,0.4132523238658905,-0.0020239194855093956,0.3607267439365387,0.3188491463661194,-0.01435477938503027,0.363818883895874,0.259285032749176,-0.03013463318347931,0.3653755486011505,0.20763252675533295,-0.042307958006858826,0.3181803524494171,0.41966280341148376,-0.00669800816103816,0.3261072337627411,0.33182579278945923,-0.01826583594083786,0.33234262466430664,0.2750838100910187,-0.029258515685796738,0.3371419608592987,0.22690293192863464,-0.03743838146328926,0.2822282314300537,0.44137975573539734,-0.013845891691744328,0.28890538215637207,0.36898764967918396,-0.024846263229846954,0.2952306866645813,0.3241133689880371,-0.03004005178809166,0.3026185631752014,0.2838456630706787,-0.033885590732097626,open_palm,RRQ_p33,RRQ
0.8799006938934326,0.7583131194114685,-5.638479478875524e-07,0.8373242616653442,0.6124831438064575,0.01910647749900818,0.7680066823959351,0.48210105299949646,0.008834438398480415,0.7351950407028198,0.37025463581085205,-0.006321367807686329,0.758030116558075,0.28225773572921753,-0.023719636723399162,0.6827096343040466,0.4694332480430603,-0.03377142921090126,0.556833028793335,0.5285256505012512,-0.05001820996403694,0.5936936140060425,0.5688128471374512,-0.052438631653785706,0.6394668817520142,0.5637054443359375,-0.05348292738199234,0.6846961379051208,0.5504292845726013,-0.05643796548247337,0.5582479238510132,0.6139883995056152,-0.06393332779407501,0.6022822856903076,0.64167320728302,-0.05114970728754997,0.6485637426376343,0.6332851052284241,-0.04677196964621544,0.6924257278442383,0.6400227546691895,-0.07527677714824677,0.5872125625610352,0.6901072859764099,-0.07989424467086792,0.6326047778129578,0.7075095176696777,-0.05694391950964928,0.6751101613044739,0.696514368057251,-0.04641885310411453,0.704387366771698,0.7326458692550659,-0.0922168716788292,0.6173766851425171,0.7555124759674072,-0.09483179450035095,0.6599830985069275,0.7681453824043274,-0.07405472546815872,0.7000378370285034,0.7608926892280579,-0.059893690049648285,thumbs_up,RRQ_p33,RRQ
0.8811149597167969,0.8574721813201904,-7.447006851180049e-07,0.7952704429626465,0.6577206254005432,-0.038059383630752563,0.7666632533073425,0.46028292179107666,-0.07668605446815491,0.7852799892425537,0.3176126182079315,-0.1047545000910759,0.8367510437965393,0.22196295857429504,-0.12557964026927948,0.8826555013656616,0.4437865614891052,-0.1267557442188263,0.6977759003639221,0.502001166343689,-0.18237608671188354,0.7128570079803467,0.5542489290237427,-0.19642168283462524,0.767840564250946,0.5310260653495789,-0.20324359834194183,0.9160513281822205,0.5623000264167786,-0.13502737879753113,0.6939595341682434,0.6207244396209717,-0.1781693547964096,0.7274385690689087,0.6401162147521973,-0.1636962592601776,0.7819111943244934,0.6119694113731384,-0.1602785438299179,0.9237141013145447,0.6894456148147583,-0.14530827105045319,0.7125809192657471,0.7328768968582153,-0.18052758276462555,0.7426145672798157,0.741797149181366,-0.14861935377120972,0.7959107160568237,0.72977215051651,-0.1318150758743286,0.9144885540008545,0.8058805465698242,-0.15927208960056305,0.7426905035972595,0.8199641704559326,-0.18611231446266174,0.7640784382820129,0.8139249682426453,-0.17761901021003723,0.8158002495765686,0.7987499237060547,-0.1721295416355133,thumbs_up,RRQ_p33,RRQ
0.5099955797195435,0.7582813501358032,-1.3684536952496273e-06,0.491374671459198,0.5998689532279968,-0.059061646461486816,0.5583844780921936,0.4167332649230957,-0.08245027810335159,0.6077512502670288,0.296908438205719,-0.10377471894025803,0.6343404650688171,0.20493382215499878,-0.10858328640460968,0.7625216245651245,0.3744657337665558,-0.03098479099571705,0.8365138173103333,0.3159419596195221,-0.10999327898025513,0.7290582656860352,0.3829577565193176,-0.13855797052383423,0.6901605725288391,0.43324559926986694,-0.1472303420305252,0.8076090812683105,0.5010017156600952,-0.035011325031518936,0.8430465459823608,0.4547910690307617,-0.11969625949859619,0.6933307647705078,0.5125629305839539,-0.12108021229505539,0.6916086077690125,0.537619948387146,-0.10127013176679611,0.8236429691314697,0.639001727104187,-0.055129725486040115,0.8513522744178772,0.615882396697998,-0.13880011439323425,0.7084373235702515,0.6394680738449097,-0.10210195928812027,0.7049834132194519,0.6507344245910645,-0.05741764232516289,0.8234036564826965,0.7737785577774048,-0.08172828704118729,0.8373736143112183,0.7590851187705994,-0.12950290739536285,0.7365241646766663,0.7463644742965698,-0.10490312427282333,0.7240406274795532,0.7429503202438354,-0.07417534291744232,thumbs_up,RRQ_p33,RRQ
0.6973622441291809,0.6620677709579468,-2.110814421030227e-07,0.6687023639678955,0.6038785576820374,-0.003252685535699129,0.6253863573074341,0.5457226037979126,-0.016230454668402672,0.608650267124176,0.4952414035797119,-0.029073063284158707,0.6142673492431641,0.44673699140548706,-0.04244616627693176,0.6246246695518494,0.5497094988822937,-0.04471449553966522,0.5505066514015198,0.5852888822555542,-0.06797951459884644,0.5700493454933167,0.5946362614631653,-0.07520543038845062,0.5955600738525391,0.5854945182800293,-0.07725496590137482,0.6360350251197815,0.593437671661377,-0.05284445360302925,0.5600327849388123,0.6343055963516235,-0.07182128727436066,0.581000030040741,0.6337680816650391,-0.06720175594091415,0.6053570508956909,0.6217479705810547,-0.06461566686630249,0.6463627815246582,0.639955997467041,-0.0603865422308445,0.5760719776153564,0.6688735485076904,-0.07844380289316177,0.5949996709823608,0.6659140586853027,-0.06723354756832123,0.618687093257904,0.6558331251144409,-0.058430083096027374,0.6550240516662598,0.6830761432647705,-0.067231684923172,0.5958356857299805,0.6980689764022827,-0.08016710728406906,0.61026531457901,0.6938675045967102,-0.07278972864151001,0.6327891945838928,0.6866070032119751,-0.06590528041124344,thumbs_up,RRQ_p33,RRQ
0.7734336256980896,0.6158695220947266,-4.021368908979639e-07,0.7356183528900146,0.5491183996200562,0.009860754013061523,0.6811050772666931,0.49460625648498535,0.004411872010678053,0.6510330438613892,0.44215092062950134,-0.004001714754849672,0.6510724425315857,0.3907139301300049,-0.012959515675902367,0.6487396359443665,0.48498111963272095,-0.02380324900150299,0.5741549730300903,0.5371369123458862,-0.04213836416602135,0.5977311134338379,0.5551332235336304,-0.04699161648750305,0.624576210975647,0.5444011092185974,-0.04796747490763664,0.6602745056152344,0.5258995294570923,-0.03707199543714523,0.5873046517372131,0.5890165567398071,-0.051241543143987656,0.6134200096130371,0.5966295003890991,-0.044758960604667664,0.6377665996551514,0.5797709226608276,-0.04070593789219856,0.6733030676841736,0.5742047429084778,-0.0492217056453228,0.6109291315078735,0.6285845041275024,-0.06082921102643013,0.6362929940223694,0.6301336884498596,-0.04762599244713783,0.6593855619430542,0.6132684350013733,-0.03881935775279999,0.6875377297401428,0.6235729455947876,-0.060219015926122665,0.6355903148651123,0.6600856781005859,-0.06816963106393814,0.6565712690353394,0.6577098965644836,-0.059047918766736984,0.678029477596283,0.64240962266922,-0.05127987265586853,thumbs_up,RRQ_p33,RRQ
0.7046486735343933,0.7306031584739685,-6.016988436385873e-07,0.6700134873390198,0.6529698371887207,-0.025099553167819977,0.6651276350021362,0.5593169331550598,-0.037622835487127304,0.6646551489830017,0.4924922585487366,-0.049887582659721375,0.6444919109344482,0.4513155519962311,-0.0549912229180336,0.7593863606452942,0.5136833786964417,-0.011436683125793934,0.7950900793075562,0.47762155532836914,-0.049325041472911835,0.7495521903038025,0.5229986906051636,-0.06251004338264465,0.7332345247268677,0.5434316396713257,-0.06541458517313004,0.7887634634971619,0.5609541535377502,-0.014373830519616604,0.8171111941337585,0.5249094367027283,-0.055577121675014496,0.7559188008308411,0.5762472152709961,-0.05718574672937393,0.7551842331886292,0.5820680260658264,-0.04737453535199165,0.8110297918319702,0.6107929944992065,-0.024297265335917473,0.8300921320915222,0.5827045440673828,-0.06187424808740616,0.7712017893791199,0.6233394742012024,-0.0441744439303875,0.770805299282074,0.6283559799194336,-0.022303374484181404,0.8297126889228821,0.6621068716049194,-0.03683251515030861,0.8385810256004333,0.6373063921928406,-0.05226750299334526,0.794807493686676,0.6590584516525269,-0.03588775917887688,0.791263997554779,0.6660958528518677,-0.018699729815125465,thumbs_up,RRQ_p33,RRQ
0.84641432762146,0.5647553205490112,-3.0483522550639464e-07,0.8111473917961121,0.4507644474506378,0.0037574502639472485,0.7484975457191467,0.35070616006851196,-0.011371243745088577,0.7253466248512268,0.263629674911499,-0.028527338057756424,0.7419758439064026,0.18967339396476746,-0.04622189328074455,0.6996782422065735,0.3746778666973114,-0.04946369305253029,0.5856887698173523,0.4128590226173401,-0.07463812828063965,0.6223393678665161,0.4261094927787781,-0.08434676378965378,0.6644068956375122,0.4178310036659241,-0.08854062110185623,0.7022309899330139,0.4522930383682251,-0.06295695900917053,0.5935705304145813,0.4890245497226715,-0.08084141463041306,0.6323458552360535,0.49430087208747864,-0.07419423013925552,0.6727217435836792,0.4834863543510437,-0.07069145888090134,0.7079854011535645,0.5266568660736084,-0.07414664328098297,0.6206432580947876,0.5502512454986572,-0.08711551129817963,0.6546626687049866,0.5498868227005005,-0.06855348497629166,0.6918904185295105,0.5386242270469666,-0.05646194890141487,0.7165516018867493,0.5940463542938232,-0.0846361443400383,0.649895966053009,0.5961874723434448,-0.09183432906866074,0.681311309337616,0.5958424806594849,-0.07440944761037827,0.7154482007026672,0.5916566848754883,-0.06086106598377228,thumbs_up,RRQ_p33,RRQ
0.1727335900068283,0.4305427670478821,-1.5985108348104404e-07,0.21616792678833008,0.341532438993454,-0.0036517733242362738,0.2723318934440613,0.2582653760910034,-0.023187343031167984,0.29054468870162964,0.1816946268081665,-0.04428223520517349,0.27250030636787415,0.11612796783447266,-0.06347935646772385,0.3510790765285492,0.2877824902534485,-0.038516122847795486,0.4295899569988251,0.3761408030986786,-0.057594068348407745,0.4052436351776123,0.40068477392196655,-0.06630293279886246,0.37467995285987854,0.38575437664985657,-0.07139340788125992,0.3388309180736542,0.35104233026504517,-0.05223953351378441,0.4148189127445221,0.4367509186267853,-0.059711944311857224,0.38426876068115234,0.44342756271362305,-0.05311933532357216,0.3511766791343689,0.41842058300971985,-0.05203532055020332,0.3200864791870117,0.4197530746459961,-0.06534786522388458,0.38175085186958313,0.4851580560207367,-0.06411764770746231,0.35183417797088623,0.4828467071056366,-0.0465904176235199,0.32266730070114136,0.45823973417282104,-0.04017729312181473,0.29900267720222473,0.4853825569152832,-0.0794840008020401,0.34806960821151733,0.5230963826179504,-0.07112090289592743,0.32077106833457947,0.5157685279846191,-0.05151498317718506,0.2948652505874634,0.494101345539093,-0.041180334985256195,thumbs_up,RRQ_p33,RRQ
0.23154498636722565,0.4880019724369049,-4.378047151476494e-07,0.2936099171638489,0.42008981108665466,-0.03045058250427246,0.32695314288139343,0.32438021898269653,-0.047342412173748016,0.3394986391067505,0.2543349266052246,-0.06193264201283455,0.3537541627883911,0.19405756890773773,-0.07297182083129883,0.23497486114501953,0.2099464237689972,-0.03438587114214897,0.2761020064353943,0.2799796164035797,-0.07468035072088242,0.290076345205307,0.33936184644699097,-0.10086514055728912,0.28326529264450073,0.3460070490837097,-0.1158461719751358,0.1773136407136917,0.24247008562088013,-0.03544545918703079,0.23069916665554047,0.3337745666503906,-0.06779441237449646,0.25789856910705566,0.3838025629520416,-0.07745801657438278,0.259847491979599,0.3807555139064789,-0.08243970572948456,0.13676181435585022,0.2974669635295868,-0.041327785700559616,0.1922256052494049,0.3834002912044525,-0.07060103863477707,0.2219150811433792,0.4213927388191223,-0.06612129509449005,0.22404061257839203,0.41413211822509766,-0.06043590232729912,0.10875748097896576,0.35993102192878723,-0.05097528547048569,0.15255166590213776,0.420834481716156,-0.06812303513288498,0.18277175724506378,0.4466637969017029,-0.06348977237939835,0.18971076607704163,0.4410662055015564,-0.0566365085542202,thumbs_up,RRQ_p33,RRQ
0.6298218965530396,0.5776005983352661,-5.725955816160422e-07,0.6353142857551575,0.46749040484428406,-0.00202055461704731,0.6663119792938232,0.39434853196144104,-0.011595150455832481,0.6958307027816772,0.3240121603012085,-0.02354344166815281,0.7059558629989624,0.25948768854141235,-0.035816144198179245,0.7748104929924011,0.4705764651298523,0.006879008840769529,0.7527790069580078,0.4823024868965149,0.011055096983909607,0.727162778377533,0.4902794361114502,0.0028008795343339443,0.7116632461547852,0.49574100971221924,-0.006771245039999485,0.786788284778595,0.5340933203697205,0.0015760385431349277,0.7587571740150452,0.5425366759300232,0.017311956733465195,0.7358117699623108,0.5422695875167847,0.011842717416584492,0.7168423533439636,0.5444130301475525,-0.0003667791897896677,0.7793477177619934,0.592653214931488,-0.002556492807343602,0.7488008141517639,0.5890470147132874,0.013463718816637993,0.7290467619895935,0.5899537801742554,0.014389535412192345,0.710736095905304,0.5884765982627869,0.006616540253162384,0.7628735303878784,0.6436930894851685,-0.008077828213572502,0.7390486001968384,0.6423614025115967,0.005791797768324614,0.7198833227157593,0.6370245218276978,0.014815348200500011,0.7021322846412659,0.6279881596565247,0.01730245165526867,thumbs_up,RRQ_p33,RRQ
0.24393287301063538,0.7034834623336792,-4.97823464229441e-07,0.3084346652030945,0.607912003993988,-0.0453263558447361,0.32317274808883667,0.457984983921051,-0.06253813207149506,0.3257405757904053,0.3592381477355957,-0.07565937936306,0.3410613536834717,0.3113206923007965,-0.07600842416286469,0.1774575263261795,0.35652977228164673,-0.029604481533169746,0.13322535157203674,0.29058924317359924,-0.08152510225772858,0.18799147009849548,0.3778823912143707,-0.09814611077308655,0.20105749368667603,0.4091781973838806,-0.10152498632669449,0.12004368007183075,0.41921353340148926,-0.024164829403162003,0.08584904670715332,0.36729633808135986,-0.07577013224363327,0.1700124591588974,0.4628821015357971,-0.07120567560195923,0.17772053182125092,0.4624623954296112,-0.05553922802209854,0.07818929105997086,0.4892174005508423,-0.02830948866903782,0.04822835326194763,0.456906795501709,-0.07759390771389008,0.12957575917243958,0.5346715450286865,-0.04660491272807121,0.14138245582580566,0.533267617225647,-0.013957261107861996,0.04201678931713104,0.5640386343002319,-0.03698050603270531,0.025145068764686584,0.5557360053062439,-0.061590176075696945,0.08835276961326599,0.595872163772583,-0.038302913308143616,0.1061498150229454,0.5909222960472107,-0.013486647047102451,thumbs_up,RRQ_p33,RRQ
0.38885605335235596,0.7528102397918701,-2.986360527756915e-07,0.41827768087387085,0.6393356323242188,-0.004899741616100073,0.45011013746261597,0.5482215285301208,-0.024517018347978592,0.45595043897628784,0.4572514593601227,-0.04471190646290779,0.4294288754463196,0.38665157556533813,-0.0633859634399414,0.5641998052597046,0.5958288311958313,-0.028405962511897087,0.6206254363059998,0.6103679537773132,-0.02662969008088112,0.5962381958961487,0.6180956363677979,-0.020814338698983192,0.56580650806427,0.6168105006217957,-0.018293460831046104,0.5765079855918884,0.6764306426048279,-0.03190045431256294,0.6102709174156189,0.6702513098716736,-0.02071048878133297,0.5834962129592896,0.6689990758895874,-0.011478224769234657,0.5514776706695557,0.6724303960800171,-0.011551209725439548,0.5705122947692871,0.7486597895622253,-0.03263266384601593,0.5904369950294495,0.7277392148971558,-0.01416514627635479,0.5678059458732605,0.7293151617050171,-0.000818546861410141,0.5369303226470947,0.7334872484207153,-0.0009767201263457537,0.5592150688171387,0.8082969188690186,-0.03432467207312584,0.5688744187355042,0.7865859270095825,-0.01795165240764618,0.5463221669197083,0.7832754850387573,-0.002608648966997862,0.5227879881858826,0.7840881943702698,0.0042971051298081875,thumbs_up,RRQ_p33,RRQ
0.263852059841156,0.7455252408981323,-9.661373212566104e-08,0.3017648160457611,0.6560592651367188,-0.053801074624061584,0.3037644326686859,0.5458434224128723,-0.08904042094945908,0.2808573544025421,0.4512421488761902,-0.11479054391384125,0.24840842187404633,0.3624051511287689,-0.13808421790599823,0.217346653342247,0.5878086686134338,-0.11200367659330368,0.3335854113101959,0.6690906882286072,-0.16130346059799194,0.3223022222518921,0.644820511341095,-0.1932019144296646,0.2880893349647522,0.6089204549789429,-0.2171466201543808,0.17793907225131989,0.6872187852859497,-0.10478655993938446,0.33173173666000366,0.7570383548736572,-0.13630619645118713,0.3049359917640686,0.7209853529930115,-0.14439935982227325,0.25580039620399475,0.687271237373352,-0.1612345278263092,0.16802117228507996,0.7775081992149353,-0.09976831823587418,0.31025391817092896,0.8313477635383606,-0.12290660291910172,0.29682138562202454,0.7985414266586304,-0.10997331887483597,0.25615644454956055,0.7677915096282959,-0.10931586474180222,0.1761559545993805,0.8590420484542847,-0.10253428667783737,0.28853997588157654,0.8947716951370239,-0.12157539278268814,0.28258687257766724,0.8704515695571899,-0.12162530422210693,0.24956439435482025,0.851363480091095,-0.12574388086795807,thumbs_up,RRQ_p33,RRQ
0.3365333080291748,0.5786207914352417,-3.650777102848224e-07,0.3865478038787842,0.44087207317352295,-0.003150352742522955,0.45197176933288574,0.30699747800827026,-0.029635725542902946,0.4665984511375427,0.19311296939849854,-0.057609375566244125,0.4457237124443054,0.10023930668830872,-0.08241821825504303,0.5676690936088562,0.34712737798690796,-0.05929863825440407,0.6834789514541626,0.4358707666397095,-0.08394543826580048,0.6443377733230591,0.4522339999675751,-0.09204860776662827,0.597399890422821,0.4274957478046417,-0.09561797976493835,0.5620085000991821,0.45042261481285095,-0.07665295898914337,0.67398601770401,0.525853157043457,-0.08133923262357712,0.6313400864601135,0.5278096795082092,-0.06708759814500809,0.5817991495132446,0.50685715675354,-0.0638265609741211,0.5483813881874084,0.5548632144927979,-0.09239492565393448,0.6487058997154236,0.605701208114624,-0.08701741695404053,0.6060293912887573,0.6037360429763794,-0.0578523650765419,0.5580853819847107,0.586469292640686,-0.04713151231408119,0.5301659107208252,0.650153398513794,-0.10894374549388885,0.6110289096832275,0.6719783544540405,-0.09650040417909622,0.5703306794166565,0.6654032468795776,-0.06603565067052841,0.5283295512199402,0.6507925987243652,-0.04957450181245804,thumbs_up,RRQ_p33,RRQ
0.1518392264842987,0.5142777562141418,-1.7638420501953078e-07,0.19774764776229858,0.45218563079833984,-0.028265049681067467,0.21183091402053833,0.3801916837692261,-0.04174264892935753,0.2082076072692871,0.32588356733322144,-0.050795067101716995,0.19283562898635864,0.2686426341533661,-0.05782978609204292,0.1665191501379013,0.390577107667923,-0.05173572525382042,0.22199182212352753,0.4521539509296417,-0.08455345034599304,0.2207740843296051,0.45572546124458313,-0.10582050681114197,0.2057802975177765,0.435800164937973,-0.11992622911930084,0.13945375382900238,0.43168744444847107,-0.04936448484659195,0.21399542689323425,0.49875408411026,-0.07114105671644211,0.20673316717147827,0.48728668689727783,-0.07445427775382996,0.1847163438796997,0.461528480052948,-0.08063624799251556,0.12659487128257751,0.4771285057067871,-0.04975077137351036,0.1981564164161682,0.5341759324073792,-0.06893002986907959,0.19326865673065186,0.5203441381454468,-0.05907604098320007,0.17609655857086182,0.49285659193992615,-0.05377357825636864,0.1222841665148735,0.5187028050422668,-0.05416971817612648,0.1794562041759491,0.556705892086029,-0.07236787676811218,0.17581602931022644,0.5456408262252808,-0.07093176245689392,0.16032648086547852,0.5288255214691162,-0.06899113208055496,thumbs_up,RRQ_p33,RRQ
0.6800368428230286,0.7365531325340271,1.0440488722451846e-06,0.610763669013977,0.6894329786300659,-0.025616172701120377,0.5564400553703308,0.6110283136367798,-0.050458911806344986,0.5515031814575195,0.5526207089424133,-0.08009622246026993,0.5817039608955383,0.5129731893539429,-0.10830574482679367,0.5708087086677551,0.42994508147239685,-0.04241049289703369,0.5360350608825684,0.3046729564666748,-0.08053497225046158,0.5156993865966797,0.22910554707050323,-0.10203632712364197,0.5027377605438232,0.15991848707199097,-0.11493641138076782,0.6350642442703247,0.4237363934516907,-0.05883900076150894,0.6296706199645996,0.27421313524246216,-0.10241860896348953,0.6370815634727478,0.17615607380867004,-0.12700054049491882,0.6493275761604309,0.0892488956451416,-0.1369495987892151,0.6948246955871582,0.4557951092720032,-0.07710525393486023,0.6481846570968628,0.44390150904655457,-0.12999434769153595,0.6159278154373169,0.5387101769447327,-0.13252978026866913,0.6030628681182861,0.6053401231765747,-0.11786197870969772,0.7395493984222412,0.5105797052383423,-0.09750624001026154,0.6907808184623718,0.5144671201705933,-0.13087527453899384,0.6578466296195984,0.5752683281898499,-0.12152047455310822,0.6427169442176819,0.6216689944267273,-0.10492543131113052,peace_sign,RRQ_p33,RRQ
0.6087551116943359,0.782870352268219,8.491217613482149e-07,0.5326235890388489,0.7929130792617798,-0.022330204024910927,0.4528230130672455,0.7725713849067688,-0.04732632264494896,0.4031633734703064,0.745768129825592,-0.077190101146698,0.39736953377723694,0.6845910549163818,-0.10472875833511353,0.4245346188545227,0.5910684466362,-0.03684326633810997,0.34842613339424133,0.5129637718200684,-0.07194878160953522,0.3035602569580078,0.46949875354766846,-0.08954642713069916,0.26919257640838623,0.42477738857269287,-0.09852584451436996,0.4697607457637787,0.5479083061218262,-0.05124771595001221,0.4008321166038513,0.43881940841674805,-0.09165794402360916,0.36187851428985596,0.3610483407974243,-0.11116313189268112,0.33167678117752075,0.29036223888397217,-0.1168844997882843,0.521432638168335,0.5378560423851013,-0.06766429543495178,0.4390825629234314,0.5829084515571594,-0.11696118861436844,0.4430708885192871,0.6775708794593811,-0.1164858415722847,0.4606802463531494,0.7354414463043213,-0.09987729042768478,0.5662530660629272,0.5607719421386719,-0.08603520691394806,0.49408262968063354,0.6174200773239136,-0.11456649005413055,0.4852527678012848,0.6842251420021057,-0.10543641448020935,0.4915829598903656,0.7262787818908691,-0.08948886394500732,peace_sign,RRQ_p33,RRQ
0.7263389229774475,0.7227298617362976,1.5134180557652144e-06,0.669151782989502,0.6834853887557983,-0.03018868900835514,0.6228248476982117,0.6228183507919312,-0.06328149884939194,0.6358980536460876,0.5963964462280273,-0.09977894276380539,0.6825881600379944,0.588676929473877,-0.1344250589609146,0.6578648090362549,0.43103083968162537,-0.06702616810798645,0.6797341704368591,0.29064667224884033,-0.11453422158956528,0.7006786465644836,0.20666402578353882,-0.139487162232399,0.7251889705657959,0.1352471113204956,-0.1537671834230423,0.7240232825279236,0.43167057633399963,-0.08198922127485275,0.7622141242027283,0.29611697793006897,-0.1364823579788208,0.803850531578064,0.20529398322105408,-0.16505658626556396,0.8428213000297546,0.12355229258537292,-0.17660260200500488,0.7798256874084473,0.46946969628334045,-0.09721625596284866,0.7582959532737732,0.5174846649169922,-0.1477394998073578,0.7097275853157043,0.6067401170730591,-0.14482542872428894,0.6767284870147705,0.6611737608909607,-0.12762154638767242,0.8182005882263184,0.5281726121902466,-0.11603884398937225,0.784426748752594,0.5899086594581604,-0.14183515310287476,0.747632622718811,0.6437291502952576,-0.12924987077713013,0.7220190167427063,0.6733402013778687,-0.11140482872724533,peace_sign,RRQ_p33,RRQ
0.5998374819755554,0.794067919254303,9.672429541751626e-07,0.5262147188186646,0.8131335973739624,-0.02096674218773842,0.44976797699928284,0.807783305644989,-0.045422449707984924,0.399521142244339,0.796729564666748,-0.07533266395330429,0.38335487246513367,0.7399643659591675,-0.10277111083269119,0.4040915369987488,0.6281208992004395,-0.03243369236588478,0.34555262327194214,0.5412145256996155,-0.07166273891925812,0.31090566515922546,0.4809800982475281,-0.09616553783416748,0.2868160307407379,0.42116814851760864,-0.10980458557605743,0.4437977969646454,0.5870786905288696,-0.0485992357134819,0.37061846256256104,0.5066571235656738,-0.09233550727367401,0.32688117027282715,0.43840324878692627,-0.11688820272684097,0.2909001111984253,0.3763006329536438,-0.12652774155139923,0.4910000264644623,0.5739545822143555,-0.06689208000898361,0.41603803634643555,0.6444941759109497,-0.11557325720787048,0.4256749153137207,0.7364555597305298,-0.11377014964818954,0.44428595900535583,0.7914038896560669,-0.09714597463607788,0.5338136553764343,0.5958582758903503,-0.08792812377214432,0.47107359766960144,0.6795137524604797,-0.11562851071357727,0.46816354990005493,0.747480034828186,-0.1063331738114357,0.4756324887275696,0.7879862785339355,-0.09041627496480942,peace_sign,RRQ_p33,RRQ
0.6924419403076172,0.7472745180130005,1.3030814898229437e-06,0.6281957626342773,0.7262266874313354,-0.02721375785768032,0.5665608644485474,0.6930904388427734,-0.05961214751005173,0.5515901446342468,0.6664388179779053,-0.09551015496253967,0.5775974988937378,0.6326093673706055,-0.1301211565732956,0.5475473999977112,0.49973931908607483,-0.06610876321792603,0.48333531618118286,0.3942161202430725,-0.10967405140399933,0.4420062303543091,0.3307308852672577,-0.13280294835567474,0.4138042628765106,0.26948922872543335,-0.1474292129278183,0.6121813058853149,0.4716629385948181,-0.08175071328878403,0.6079964637756348,0.34042251110076904,-0.13256140053272247,0.6217275857925415,0.24268940091133118,-0.15998981893062592,0.6391069293022156,0.15597674250602722,-0.17134717106819153,0.6734580993652344,0.4879540503025055,-0.0971936360001564,0.6411057114601135,0.5472669005393982,-0.14595626294612885,0.6158364415168762,0.6490808129310608,-0.14456604421138763,0.6029912233352661,0.710702657699585,-0.12966793775558472,0.7183588743209839,0.5311381220817566,-0.11550282686948776,0.6829127073287964,0.5982664227485657,-0.14209918677806854,0.6582553386688232,0.6642434597015381,-0.12978945672512054,0.6443466544151306,0.7057623863220215,-0.11236456036567688,peace_sign,RRQ_p33,RRQ
0.6536402702331543,0.7309640049934387,9.025886242852721e-07,0.5940397381782532,0.6927620768547058,-0.023502519354224205,0.5419806838035583,0.6269961595535278,-0.04568655043840408,0.5202757716178894,0.5728021264076233,-0.07135684788227081,0.5355839133262634,0.5191066861152649,-0.09486790746450424,0.562990665435791,0.46455058455467224,-0.03553805872797966,0.5536975264549255,0.3597998023033142,-0.07041054964065552,0.5529899001121521,0.29447367787361145,-0.09037943184375763,0.560623824596405,0.23369750380516052,-0.10155900567770004,0.6166309714317322,0.45260828733444214,-0.04764225333929062,0.6086375117301941,0.3225814700126648,-0.08726589381694794,0.6124387383460999,0.23833996057510376,-0.11025302112102509,0.6205064654350281,0.1681758165359497,-0.1197906956076622,0.6645345687866211,0.47181713581085205,-0.061644840985536575,0.6031252145767212,0.4663103520870209,-0.10985691100358963,0.5723734498023987,0.5487586259841919,-0.11471118777990341,0.5588911771774292,0.6115373373031616,-0.10387205332517624,0.6966081857681274,0.5122998356819153,-0.0775352194905281,0.6265967488288879,0.5395090579986572,-0.10851716995239258,0.5908135771751404,0.5961806774139404,-0.10578431934118271,0.568782389163971,0.6387036442756653,-0.09551350772380829,peace_sign,RRQ_p33,RRQ
0.7352902889251709,0.6915961503982544,1.43264935559273e-06,0.6817057728767395,0.652513325214386,-0.030736785382032394,0.6470146775245667,0.58011394739151,-0.060835763812065125,0.6594153046607971,0.533449649810791,-0.09408611804246902,0.6973488926887512,0.5004922151565552,-0.12494146078824997,0.6846327781677246,0.39144331216812134,-0.0551399365067482,0.7108174562454224,0.2605997622013092,-0.09861864894628525,0.7366911172866821,0.1828528344631195,-0.12194643914699554,0.7658458948135376,0.11806026101112366,-0.13518454134464264,0.7459532618522644,0.40189656615257263,-0.0688602477312088,0.7967307567596436,0.2669009566307068,-0.12132145464420319,0.844300389289856,0.18410363793373108,-0.14857538044452667,0.8880524635314941,0.11310595273971558,-0.15863120555877686,0.7950088977813721,0.4437861740589142,-0.0837872326374054,0.7825162410736084,0.4466061592102051,-0.13907942175865173,0.7330412864685059,0.5393197536468506,-0.13604962825775146,0.700287401676178,0.59880131483078,-0.11728964745998383,0.8287821412086487,0.5017509460449219,-0.10171397030353546,0.800938606262207,0.5310992002487183,-0.13574586808681488,0.7608202695846558,0.5894740223884583,-0.12524592876434326,0.7319937348365784,0.6243749260902405,-0.10713157802820206,peace_sign,RRQ_p33,RRQ
0.8332144021987915,0.5630294680595398,8.4195016825106e-07,0.8151413202285767,0.43746134638786316,0.010686536319553852,0.757874608039856,0.3571392595767975,-0.001995241967961192,0.6926637291908264,0.356134295463562,-0.01973634958267212,0.6448951959609985,0.3844551146030426,-0.040079545229673386,0.758001446723938,0.30097976326942444,-0.038109906017780304,0.694083571434021,0.1844809651374817,-0.06706970930099487,0.6616123914718628,0.110859215259552,-0.08266104012727737,0.6380086541175842,0.0508786141872406,-0.08972764015197754,0.7203401327133179,0.34622690081596375,-0.05559131130576134,0.6266312003135681,0.24359044432640076,-0.08170136064291,0.5723628997802734,0.17614367604255676,-0.09382504969835281,0.5325702428817749,0.12296825647354126,-0.1003728061914444,0.687669575214386,0.40642714500427246,-0.06819500774145126,0.6176831722259521,0.384357213973999,-0.08342354744672775,0.6458511352539062,0.4068927764892578,-0.07413541525602341,0.6767825484275818,0.4236302077770233,-0.06238538399338722,0.6618472337722778,0.47192519903182983,-0.0801151767373085,0.619448184967041,0.4491313099861145,-0.08093205094337463,0.6474852561950684,0.46357977390289307,-0.06219280883669853,0.6759543418884277,0.4746701419353485,-0.045087821781635284,peace_sign,RRQ_p33,RRQ
0.10138474404811859,0.4644775390625,8.870781584846554e-07,0.15872666239738464,0.3519023656845093,0.026904165744781494,0.23320740461349487,0.3014310598373413,0.02373500168323517,0.29705360531806946,0.30489134788513184,0.012408358044922352,0.33960017561912537,0.3403284549713135,0.0025820056907832623,0.28073200583457947,0.2508886456489563,-0.016930021345615387,0.375905841588974,0.17167028784751892,-0.036330122500658035,0.43185538053512573,0.12581205368041992,-0.0427539087831974,0.475622296333313,0.09396776556968689,-0.04507496953010559,0.30909350514411926,0.3105049133300781,-0.04178493097424507,0.43833404779434204,0.30070289969444275,-0.06569667905569077,0.5168153047561646,0.30050474405288696,-0.08050297945737839,0.567570686340332,0.31072521209716797,-0.08762581646442413,0.3188263177871704,0.3832871615886688,-0.05959518253803253,0.37529855966567993,0.4420851767063141,-0.062368448823690414,0.34463319182395935,0.4551813006401062,-0.04519389569759369,0.31357696652412415,0.45070531964302063,-0.03054031729698181,0.3163987994194031,0.45921826362609863,-0.07708769291639328,0.3480643332004547,0.5089429616928101,-0.06077894940972328,0.31711345911026,0.5172472596168518,-0.03380143269896507,0.2851695120334625,0.5057138800621033,-0.011863459832966328,peace_sign,RRQ_p33,RRQ
0.49895936250686646,0.6988815665245056,6.113795052442583e-07,0.4806927740573883,0.5781364440917969,0.014620780944824219,0.5082095861434937,0.4877116084098816,0.0020879136864095926,0.5640247464179993,0.44013476371765137,-0.011877868324518204,0.6130048036575317,0.4332524538040161,-0.026635078713297844,0.5289362668991089,0.4244386553764343,-0.05738849192857742,0.5498847961425781,0.2609748840332031,-0.07994550466537476,0.5617834329605103,0.16331538558006287,-0.0878099575638771,0.5724588632583618,0.0884222686290741,-0.08992543071508408,0.585939884185791,0.4582449197769165,-0.06891859322786331,0.6546194553375244,0.30465030670166016,-0.08150656521320343,0.6960846185684204,0.22098679840564728,-0.08197736740112305,0.7287068367004395,0.16913089156150818,-0.08176933974027634,0.6323915123939514,0.5090998411178589,-0.07225211709737778,0.6588048338890076,0.43199804425239563,-0.06814832985401154,0.6333156228065491,0.4455713629722595,-0.04787035286426544,0.6103258728981018,0.477302223443985,-0.03294765204191208,0.6655473113059998,0.5620121955871582,-0.07462608069181442,0.6649784445762634,0.502173662185669,-0.05835532397031784,0.6396634578704834,0.5171253681182861,-0.030495822429656982,0.6238548159599304,0.5470195412635803,-0.008655590936541557,peace_sign,RRQ_p33,RRQ
0.4386090636253357,0.6485631465911865,9.966150855689193e-07,0.4798358678817749,0.5395082831382751,0.005501271225512028,0.5591620206832886,0.4955105781555176,-0.00614322442561388,0.6250141859054565,0.5179444551467896,-0.01886563003063202,0.6680578589439392,0.5584031343460083,-0.03224125877022743,0.5943648815155029,0.45824167132377625,-0.05518282577395439,0.7118609547615051,0.4044762849807739,-0.08028892427682877,0.7830789089202881,0.3779783844947815,-0.09145117551088333,0.8388601541519165,0.361824631690979,-0.09651758521795273,0.6156355738639832,0.5351377129554749,-0.0662909597158432,0.7470431923866272,0.5210947394371033,-0.08408207446336746,0.8282679319381714,0.5257627367973328,-0.08928710967302322,0.8883112668991089,0.5338407158851624,-0.09192666411399841,0.621772050857544,0.6127969026565552,-0.07149028033018112,0.6720341444015503,0.5959698557853699,-0.0750899389386177,0.6449475288391113,0.5873823165893555,-0.05871175602078438,0.6139934062957764,0.5886324048042297,-0.045412320643663406,0.6177428364753723,0.6728620529174805,-0.07708589732646942,0.6405611038208008,0.643727719783783,-0.06984670460224152,0.613653838634491,0.6308236718177795,-0.04777851700782776,0.5873647928237915,0.6313073039054871,-0.02979069948196411,peace_sign,RRQ_p33,RRQ
0.4201812744140625,0.7262533903121948,1.0050898708868772e-06,0.5242003202438354,0.6941470503807068,-0.0310893002897501,0.5941289663314819,0.6663850545883179,-0.0697002112865448,0.6487030386924744,0.679874837398529,-0.11462561041116714,0.6831592917442322,0.7007781267166138,-0.15489420294761658,0.6000576615333557,0.4744051992893219,-0.08027040213346481,0.6643321514129639,0.32660311460494995,-0.13310334086418152,0.703896164894104,0.24375486373901367,-0.15764394402503967,0.7355657815933228,0.16969338059425354,-0.17164763808250427,0.5345872640609741,0.4582052528858185,-0.10081078112125397,0.5699998736381531,0.34082043170928955,-0.18196605145931244,0.5872411727905273,0.23210975527763367,-0.22070270776748657,0.5953158736228943,0.1464460790157318,-0.23441995680332184,0.48214828968048096,0.4936507046222687,-0.12118206918239594,0.5785114765167236,0.5914174318313599,-0.19879019260406494,0.6331076622009277,0.6816074252128601,-0.2141990214586258,0.6646181344985962,0.7358204126358032,-0.20225657522678375,0.44733762741088867,0.5586572289466858,-0.14406821131706238,0.5403608679771423,0.6606635451316833,-0.18249274790287018,0.5886027216911316,0.7189780473709106,-0.18180987238883972,0.6220810413360596,0.7518367767333984,-0.16976617276668549,peace_sign,RRQ_p33,RRQ
0.2181662619113922,0.6331741809844971,1.1965965995841543e-06,0.29141324758529663,0.6282196044921875,-0.06635463982820511,0.339934378862381,0.6290733814239502,-0.12261249870061874,0.36063963174819946,0.6522467732429504,-0.1796627789735794,0.3435380458831787,0.6680145263671875,-0.2350562959909439,0.34753337502479553,0.4058777391910553,-0.11168182641267776,0.38828325271606445,0.27590060234069824,-0.18320170044898987,0.4238912761211395,0.19487836956977844,-0.22087383270263672,0.44720005989074707,0.12142080068588257,-0.23987269401550293,0.2666119933128357,0.39013901352882385,-0.11845583468675613,0.2499151974916458,0.30238690972328186,-0.21071644127368927,0.21511825919151306,0.21300271153450012,-0.24580267071723938,0.18071889877319336,0.13122734427452087,-0.25192004442214966,0.20022447407245636,0.42215657234191895,-0.12997503578662872,0.24410368502140045,0.5344546437263489,-0.22071214020252228,0.28551048040390015,0.6303805112838745,-0.22807003557682037,0.3117738962173462,0.6795671582221985,-0.20466871559619904,0.15076176822185516,0.47748351097106934,-0.147618368268013,0.18511363863945007,0.5691357254981995,-0.19633661210536957,0.2221156656742096,0.6241645812988281,-0.18949419260025024,0.25505194067955017,0.6469888687133789,-0.16911932826042175,peace_sign,RRQ_p33,RRQ
0.29747530817985535,0.8821090459823608,5.24688005043572e-07,0.38135650753974915,0.8537068367004395,-0.027380548417568207,0.4457590878009796,0.7947425246238708,-0.04091879352927208,0.4504053294658661,0.755283534526825,-0.058484360575675964,0.4022044837474823,0.7604353427886963,-0.07435335218906403,0.41506460309028625,0.6025206446647644,-0.022067243233323097,0.43362417817115784,0.47276031970977783,-0.045633867383003235,0.4462805688381195,0.40319007635116577,-0.05705695226788521,0.4534798264503479,0.3401843011379242,-0.06346900016069412,0.35504212975502014,0.6020365953445435,-0.03407503664493561,0.34426411986351013,0.49322670698165894,-0.07109891623258591,0.3328818380832672,0.41376224160194397,-0.09312088042497635,0.31449559330940247,0.35129377245903015,-0.10068252682685852,0.30628401041030884,0.6318491101264954,-0.049967072904109955,0.34580498933792114,0.6616969108581543,-0.10582564026117325,0.3845507502555847,0.7382283210754395,-0.12773104012012482,0.40242114663124084,0.7920162081718445,-0.12402836978435516,0.2729710042476654,0.6792369484901428,-0.0681380033493042,0.3229631781578064,0.7338042259216309,-0.10773012787103653,0.3601401448249817,0.7885403633117676,-0.11960431933403015,0.38387706875801086,0.8318822383880615,-0.11729443818330765,peace_sign,RRQ_p33,RRQ
0.21436148881912231,0.8925231099128723,6.173083306748595e-07,0.20327416062355042,0.7689462304115295,0.03792848065495491,0.21764466166496277,0.6803763508796692,0.03485449403524399,0.2535701096057892,0.6186294555664062,0.023054415360093117,0.29272061586380005,0.5864506959915161,0.013848823495209217,0.21297375857830048,0.6138208508491516,-0.02544165775179863,0.22820737957954407,0.47757211327552795,-0.05808499455451965,0.2320188581943512,0.38606780767440796,-0.07485784590244293,0.23320814967155457,0.3183218538761139,-0.08340813219547272,0.24871766567230225,0.6354761123657227,-0.05527696758508682,0.30488285422325134,0.48544079065322876,-0.10347819328308105,0.33355820178985596,0.39552849531173706,-0.12637671828269958,0.35043418407440186,0.3339439332485199,-0.13633064925670624,0.29076579213142395,0.6738247275352478,-0.07525379210710526,0.3735833764076233,0.5945760607719421,-0.09448656439781189,0.3689458966255188,0.6259105801582336,-0.06656287610530853,0.34767845273017883,0.6506096124649048,-0.0393805205821991,0.331344336271286,0.7240331768989563,-0.09307175129652023,0.3915928304195404,0.660567581653595,-0.08159167319536209,0.3822263479232788,0.68791264295578,-0.04415261372923851,0.35871222615242004,0.7097877860069275,-0.012501977384090424,peace_sign,RRQ_p33,RRQ
0.5947012305259705,0.8500034809112549,-3.67617587926361e-07,0.6049790382385254,0.7624527812004089,0.019969426095485687,0.5912502408027649,0.688406765460968,0.021192047744989395,0.5586832165718079,0.6490013599395752,0.017438875511288643,0.5241065621376038,0.6415345668792725,0.013315435498952866,0.597449541091919,0.6397225856781006,0.00047531325253657997,0.5516970753669739,0.5566327571868896,-0.009060637094080448,0.5142154693603516,0.5513056516647339,-0.008649150840938091,0.49356579780578613,0.5730671286582947,-0.005941034760326147,0.5740894675254822,0.6545665860176086,-0.01388167217373848,0.4976121783256531,0.6136159896850586,-0.019065026193857193,0.49067768454551697,0.6516302824020386,-0.010833109728991985,0.50687175989151,0.6758374571800232,-0.005490341689437628,0.5455195903778076,0.6809271574020386,-0.026711570098996162,0.47831010818481445,0.6592286825180054,-0.02795271761715412,0.4802806079387665,0.6945343017578125,-0.014592444524168968,0.4979952871799469,0.7106567025184631,-0.007879585027694702,0.5151392817497253,0.7148963212966919,-0.0382145419716835,0.46531105041503906,0.6975255012512207,-0.037116676568984985,0.4681124687194824,0.7274636030197144,-0.025506116449832916,0.48282870650291443,0.743022620677948,-0.01728697493672371,neutral,RRQ_p33,RRQ
0.5291199684143066,0.9692751169204712,2.1120581550349016e-07,0.5517032742500305,0.8988994359970093,0.029250644147396088,0.547940194606781,0.8341419100761414,0.040991660207509995,0.534121572971344,0.785687267780304,0.04575895890593529,0.5211430788040161,0.751900315284729,0.04862939938902855,0.5528741478919983,0.7946982383728027,0.02486942708492279,0.5490652322769165,0.6973341703414917,0.022336745634675026,0.5466846823692322,0.6345888376235962,0.02053646370768547,0.5452061891555786,0.5862340331077576,0.020016176626086235,0.5408499240875244,0.788279116153717,0.00542948255315423,0.537742018699646,0.6758900880813599,0.005950917489826679,0.5359369516372681,0.6069241166114807,0.003725625341758132,0.5383553504943848,0.5524998903274536,0.0012131734983995557,0.5176499485969543,0.7872283458709717,-0.012792100198566914,0.5131927728652954,0.68044114112854,-0.012750881724059582,0.5126067996025085,0.61811363697052,-0.019149411469697952,0.5163623690605164,0.5717517137527466,-0.025032024830579758,0.482530415058136,0.7928335070610046,-0.0282206479460001,0.46145930886268616,0.7174089550971985,-0.029446665197610855,0.451431542634964,0.6749395132064819,-0.030768388882279396,0.4441910982131958,0.6386368274688721,-0.032308511435985565,neutral,RRQ_p33,RRQ
0.5564596652984619,0.7922587394714355,3.4885314903476683e-07,0.5752320289611816,0.6847836375236511,0.00838399212807417,0.5779772400856018,0.6129289269447327,0.012591159902513027,0.5905643105506897,0.559274435043335,0.015600754879415035,0.6068552136421204,0.5281987190246582,0.018477240577340126,0.44578608870506287,0.5885302424430847,0.011157568544149399,0.3927615284919739,0.5299118757247925,0.02907427027821541,0.370943158864975,0.5067771673202515,0.03987489268183708,0.35938942432403564,0.48940059542655945,0.04486031085252762,0.40988972783088684,0.6463702917098999,0.012077327817678452,0.3966497480869293,0.5877043008804321,0.04187532514333725,0.4185442328453064,0.5820781588554382,0.05659984424710274,0.4404851496219635,0.5893617868423462,0.06052915006875992,0.40283894538879395,0.7041999697685242,0.014882032759487629,0.4055449962615967,0.6515423059463501,0.0404333733022213,0.4253765344619751,0.6479188799858093,0.047547608613967896,0.44273900985717773,0.6620925664901733,0.04501901939511299,0.4033287763595581,0.7538650035858154,0.017782937735319138,0.4119555950164795,0.7109766602516174,0.034299205988645554,0.43116265535354614,0.7056424021720886,0.041126053780317307,0.4484870731830597,0.7166340947151184,0.04336867108941078,neutral,RRQ_p33,RRQ
0.7676478624343872,0.637690544128418,-3.623072473146749e-07,0.7146179676055908,0.5181431174278259,0.047748856246471405,0.6503438949584961,0.4601432681083679,0.060893841087818146,0.594055712223053,0.4445648491382599,0.06477398425340652,0.5507112145423889,0.46112698316574097,0.06702036410570145,0.6039762496948242,0.41417956352233887,0.02159760519862175,0.5012248158454895,0.39801374077796936,0.024905992671847343,0.46883779764175415,0.42958515882492065,0.0356471948325634,0.46497705578804016,0.457305371761322,0.045535244047641754,0.5831082463264465,0.4699435234069824,-0.004395824857056141,0.4640308618545532,0.46822455525398254,0.0009485644404776394,0.45216572284698486,0.512607753276825,0.01725689508020878,0.46569618582725525,0.5371785759925842,0.029820548370480537,0.570921778678894,0.5416041016578674,-0.02544747106730938,0.45379507541656494,0.5428045392036438,-0.017687758430838585,0.4481329023838043,0.5840122103691101,0.003455083118751645,0.46320199966430664,0.6046297550201416,0.017090536653995514,0.5707243084907532,0.6189836263656616,-0.042009953409433365,0.47091296315193176,0.617202639579773,-0.03220725059509277,0.4613111913204193,0.6357312798500061,-0.011335012502968311,0.47244805097579956,0.6422961950302124,0.004905179608613253,neutral,RRQ_p33,RRQ
0.8755583763122559,0.6058152914047241,6.534135366109695e-08,0.8055165410041809,0.5529284477233887,0.02977714315056801,0.7245890498161316,0.5173667669296265,0.0373552180826664,0.6675827503204346,0.4917314052581787,0.03781025856733322,0.6256023049354553,0.47431784868240356,0.034405749291181564,0.6797011494636536,0.4681059420108795,-0.0035923703107982874,0.5806112289428711,0.4315702021121979,-0.026693297550082207,0.5155526399612427,0.4086432456970215,-0.03989119827747345,0.4618223309516907,0.39340105652809143,-0.05037518963217735,0.6853982210159302,0.47715142369270325,-0.034027524292469025,0.5681917071342468,0.4290466904640198,-0.05945213511586189,0.49922531843185425,0.401049941778183,-0.07548248022794724,0.43809744715690613,0.3801019787788391,-0.08838776499032974,0.6936395764350891,0.5131847858428955,-0.06270121037960052,0.5839093923568726,0.45787718892097473,-0.09112583100795746,0.5175739526748657,0.4280140995979309,-0.11263053864240646,0.46082204580307007,0.40411314368247986,-0.12882161140441895,0.7027483582496643,0.5701144337654114,-0.08709454536437988,0.6302622556686401,0.5460951328277588,-0.12158305197954178,0.5768084526062012,0.532141923904419,-0.1444759964942932,0.5270538330078125,0.5203443169593811,-0.16135697066783905,neutral,RRQ_p33,RRQ
0.8186686038970947,0.6096557378768921,-7.577800147373637e-07,0.7266122102737427,0.5564723014831543,0.010294117964804173,0.6831362247467041,0.48899024724960327,0.004697252530604601,0.6460778117179871,0.43470045924186707,-0.006657788529992104,0.6152294278144836,0.38970786333084106,-0.015811629593372345,0.7603994607925415,0.3627965450286865,0.0062985848635435104,0.6551345586776733,0.3594409227371216,-0.018678223714232445,0.6342746019363403,0.41543617844581604,-0.03374249488115311,0.6441283226013184,0.45275670289993286,-0.040963757783174515,0.7662003040313721,0.3666624426841736,-0.010577423498034477,0.6428345441818237,0.3828328251838684,-0.0373123399913311,0.643715500831604,0.4514123797416687,-0.0424429327249527,0.6710403561592102,0.48086991906166077,-0.04198304936289787,0.7619981169700623,0.38729292154312134,-0.028919732198119164,0.6455271244049072,0.413525253534317,-0.051990095525979996,0.6587838530540466,0.47626793384552,-0.04390877112746239,0.6908631324768066,0.49868160486221313,-0.03509451448917389,0.7491344213485718,0.42196524143218994,-0.04737873747944832,0.6636927723884583,0.44664624333381653,-0.06610150635242462,0.6709204912185669,0.49234095215797424,-0.06320283561944962,0.6953249573707581,0.5101145505905151,-0.05677459016442299,neutral,RRQ_p33,RRQ
0.5926629900932312,0.8339848518371582,-5.503159172803862e-08,0.6228114366531372,0.7523186802864075,0.029947003349661827,0.639823853969574,0.6732059121131897,0.03675151988863945,0.6439526081085205,0.6113299131393433,0.03727220743894577,0.6359127759933472,0.5648808479309082,0.03467128425836563,0.6688088178634644,0.6358609199523926,-0.0011963432189077139,0.6652166247367859,0.5109653472900391,-0.01701328717172146,0.6617066860198975,0.4373599886894226,-0.02485668659210205,0.6611572504043579,0.37683969736099243,-0.02976984530687332,0.6634417176246643,0.645200252532959,-0.02666911855340004,0.6609928011894226,0.4963645935058594,-0.041847288608551025,0.6613612771034241,0.4143825173377991,-0.04874350503087044,0.6641913056373596,0.34995612502098083,-0.05402540788054466,0.6402440071105957,0.6532915234565735,-0.04955705255270004,0.6371637582778931,0.5125141739845276,-0.06378620862960815,0.6352217197418213,0.4352744221687317,-0.071772500872612,0.6383069753646851,0.37405288219451904,-0.07757041603326797,0.6038544178009033,0.6591260433197021,-0.06904390454292297,0.6021657586097717,0.5556815266609192,-0.08545558154582977,0.60258549451828,0.4967113137245178,-0.0930139422416687,0.6059734225273132,0.4457468092441559,-0.09793376922607422,neutral,RRQ_p33,RRQ
0.7971880435943604,0.5432629585266113,-2.3099786972125003e-07,0.8023166060447693,0.4685550928115845,0.005002609919756651,0.7752435207366943,0.4263164699077606,0.005850518587976694,0.7419939041137695,0.4266420006752014,0.005443809553980827,0.7158304452896118,0.4438590109348297,0.0040879459120333195,0.7610225677490234,0.39376595616340637,0.0012234692694619298,0.7425692677497864,0.41764748096466064,-0.005823832470923662,0.7481836676597595,0.4479250907897949,-0.013866646215319633,0.7619482278823853,0.463206946849823,-0.02005932666361332,0.7270058393478394,0.4075362980365753,-0.004549525212496519,0.7191983461380005,0.43543434143066406,-0.003818840952590108,0.7264477014541626,0.4652221202850342,-0.006276180502027273,0.7411319017410278,0.4784317910671234,-0.01057947613298893,0.70047926902771,0.4414671063423157,-0.009789074771106243,0.6937584280967712,0.4731557369232178,-0.011059756390750408,0.7076519131660461,0.5012483596801758,-0.01243529748171568,0.7247284054756165,0.5105979442596436,-0.01631571538746357,0.6791439652442932,0.48489177227020264,-0.014584316872060299,0.6778644919395447,0.5320025682449341,-0.022180607542395592,0.6928529739379883,0.5535411238670349,-0.024405447766184807,0.7077043056488037,0.5563483834266663,-0.025172235444188118,neutral,RRQ_p33,RRQ
0.664355993270874,0.7158432006835938,-1.9004754392426548e-07,0.6591854095458984,0.6534305214881897,0.021821051836013794,0.6737822890281677,0.5938942432403564,0.03450014442205429,0.6835047006607056,0.5567342042922974,0.04049577936530113,0.686549186706543,0.519892156124115,0.04640130698680878,0.7369973063468933,0.5770862698554993,0.04443087428808212,0.727493405342102,0.4962801933288574,0.04890507459640503,0.7176551818847656,0.43856263160705566,0.04836446791887283,0.7087839841842651,0.39395952224731445,0.04719442129135132,0.7443311810493469,0.5695561170578003,0.02932855486869812,0.7355469465255737,0.47702640295028687,0.03565431013703346,0.7230204939842224,0.4229462742805481,0.03502308204770088,0.7130212187767029,0.38262876868247986,0.03397202864289284,0.736437976360321,0.5553101897239685,0.013107790611684322,0.7296996712684631,0.4646240472793579,0.017880819737911224,0.7198648452758789,0.40881165862083435,0.01795990765094757,0.7122991681098938,0.3645589351654053,0.017102697864174843,0.7146803140640259,0.534389078617096,-0.0024659871123731136,0.713742733001709,0.45990830659866333,0.0018981582252308726,0.7114327549934387,0.41548940539360046,0.006001949310302734,0.7099361419677734,0.3794499635696411,0.008849075064063072,neutral,RRQ_p33,RRQ
0.3745478093624115,0.7071830630302429,4.5891727040725527e-07,0.31113865971565247,0.6477192044258118,0.03987298533320427,0.2851371467113495,0.579134464263916,0.05127929896116257,0.2887062430381775,0.5146172046661377,0.05166037380695343,0.3058314323425293,0.47186774015426636,0.050787314772605896,0.2589166462421417,0.5617214441299438,0.050488121807575226,0.2713249921798706,0.44481968879699707,0.054013557732105255,0.28520467877388,0.3729082942008972,0.05311552435159683,0.2984565198421478,0.3259589672088623,0.052310600876808167,0.27542370557785034,0.532109260559082,0.024487707763910294,0.27677032351493835,0.40294066071510315,0.03430299833416939,0.2918189764022827,0.3380700647830963,0.0372188463807106,0.3032299280166626,0.29396307468414307,0.03782796859741211,0.3031494617462158,0.5095146298408508,-0.0007199994288384914,0.2985737919807434,0.3866836428642273,0.009287328459322453,0.30766981840133667,0.32256078720092773,0.015923134982585907,0.31426307559013367,0.27739807963371277,0.017829252406954765,0.34492403268814087,0.4918096959590912,-0.02410033717751503,0.332298219203949,0.3950954079627991,-0.011933623813092709,0.3356996774673462,0.34267929196357727,0.0008487598970532417,0.3382834196090698,0.30085235834121704,0.00872854981571436,neutral,RRQ_p33,RRQ
0.7272014617919922,0.6310218572616577,-1.2414108851999117e-08,0.7297494411468506,0.51958829164505,0.006829896010458469,0.7056133151054382,0.4252385199069977,-0.004791948013007641,0.6634739637374878,0.36341097950935364,-0.0160966869443655,0.6187871098518372,0.33181411027908325,-0.032093945890665054,0.7273639440536499,0.3925016224384308,-0.06394802778959274,0.7293466925621033,0.2883315980434418,-0.09554464370012283,0.6887531876564026,0.23143841326236725,-0.10916773974895477,0.6448990106582642,0.19759786128997803,-0.11636029928922653,0.7172075510025024,0.44890594482421875,-0.07974966615438461,0.6128829717636108,0.34738221764564514,-0.10947734117507935,0.5390926599502563,0.30755531787872314,-0.11806618422269821,0.4887160658836365,0.28669825196266174,-0.12480655312538147,0.6899255514144897,0.5114623308181763,-0.09099544584751129,0.5779298543930054,0.42592453956604004,-0.1194373220205307,0.5126709342002869,0.3874650001525879,-0.12645380198955536,0.47052615880966187,0.3606545031070709,-0.1300317347049713,0.6555553078651428,0.5680052638053894,-0.09845856577157974,0.5667909383773804,0.5247471332550049,-0.12363823503255844,0.5263418555259705,0.5084278583526611,-0.12827205657958984,0.500048816204071,0.49331986904144287,-0.12836214900016785,neutral,RRQ_p33,RRQ
0.6605902910232544,0.6468732357025146,-3.142790205856727e-07,0.5933483839035034,0.5831649303436279,0.021142909303307533,0.5891579985618591,0.510618269443512,0.024333011358976364,0.5910810828208923,0.45776593685150146,0.018550805747509003,0.5884239673614502,0.41286972165107727,0.01343331579118967,0.6769008636474609,0.42771005630493164,0.025395741686224937,0.6731225252151489,0.31967753171920776,0.014263506978750229,0.6402656435966492,0.2806987762451172,0.008808224461972713,0.6140426993370056,0.2740647494792938,0.008693991228938103,0.6871989369392395,0.42316949367523193,0.006300658453255892,0.6608626842498779,0.2939577102661133,-0.0027048203628510237,0.6057227849960327,0.2759374976158142,-0.0035836161114275455,0.5714660882949829,0.2924961447715759,-0.0005818339996039867,0.6825656294822693,0.42622554302215576,-0.014209137298166752,0.6364454627037048,0.3076188564300537,-0.02483161725103855,0.580431342124939,0.30317291617393494,-0.02674596570432186,0.5475016832351685,0.3291481137275696,-0.025392649695277214,0.6588466763496399,0.4321664273738861,-0.03345464915037155,0.6024063229560852,0.35775476694107056,-0.040877971798181534,0.5570464134216309,0.3549504280090332,-0.04183100536465645,0.5279521346092224,0.37344226241111755,-0.040383514016866684,neutral,RRQ_p33,RRQ
0.19561749696731567,0.5530760288238525,-3.2217320722338627e-07,0.15084883570671082,0.4655790627002716,-0.00523776188492775,0.1308991014957428,0.410030335187912,-0.0239670779556036,0.10043232142925262,0.37694770097732544,-0.04361509904265404,0.06280212104320526,0.3585503399372101,-0.06333582103252411,0.26464569568634033,0.3126731812953949,-0.01886928454041481,0.2828866243362427,0.3324473202228546,-0.01681763306260109,0.2668214440345764,0.3697112202644348,-0.018410038203001022,0.2457459419965744,0.3924938440322876,-0.02223852276802063,0.31104445457458496,0.36082664132118225,-0.026912426576018333,0.31860679388046265,0.38826557993888855,-0.012108607217669487,0.2972905933856964,0.4167484641075134,-0.010580341331660748,0.27742406725883484,0.43712979555130005,-0.017551060765981674,0.3375650644302368,0.42541033029556274,-0.03328659012913704,0.3344261944293976,0.44306936860084534,-0.01760522834956646,0.3136011064052582,0.47080036997795105,-0.012292677536606789,0.2949116826057434,0.4886736273765564,-0.017629116773605347,0.35181725025177,0.4899202585220337,-0.04109162837266922,0.34405994415283203,0.5048761367797852,-0.027238650247454643,0.3228306770324707,0.5257896184921265,-0.01537382509559393,0.30560702085494995,0.5392147302627563,-0.010855088010430336,neutral,RRQ_p33,RRQ
0.4917517900466919,0.7681707739830017,-2.782865351491637e-07,0.48807981610298157,0.6932804584503174,0.009448925033211708,0.5110954642295837,0.643235445022583,0.010109061375260353,0.5457623600959778,0.6293232440948486,0.008326106704771519,0.5685233473777771,0.63275146484375,0.007460839115083218,0.5707126259803772,0.6132171154022217,-0.0010271568316966295,0.6144834160804749,0.6024708151817322,-0.002221809234470129,0.6066644191741943,0.6298367977142334,-0.0011071600019931793,0.5877692699432373,0.6444375514984131,0.00041658792179077864,0.5989460349082947,0.6530507802963257,-0.010795369744300842,0.6451628804206848,0.6462684273719788,-0.004964364692568779,0.6316531300544739,0.6693121194839478,0.000674320210237056,0.6074187755584717,0.6806272864341736,0.0035783308558166027,0.6158198714256287,0.7002443671226501,-0.019366810098290443,0.6547641158103943,0.6980891823768616,-0.01319880411028862,0.6390215754508972,0.7135759592056274,-0.005414210259914398,0.6152363419532776,0.7214924097061157,-0.0029276113491505384,0.6219387650489807,0.749483585357666,-0.027522336691617966,0.641326367855072,0.7520229816436768,-0.022099602967500687,0.624520480632782,0.7606563568115234,-0.012833724729716778,0.6042343378067017,0.7647377252578735,-0.00662732170894742,neutral,RRQ_p33,RRQ
0.4483991861343384,0.7440067529678345,-6.290383325335824e-09,0.41472384333610535,0.6597484350204468,0.00207744212821126,0.3980600833892822,0.5903612375259399,-0.008651063777506351,0.3798638582229614,0.5436463952064514,-0.02363414689898491,0.3685220777988434,0.5121058225631714,-0.03963086009025574,0.5044428706169128,0.534614086151123,0.0012987852096557617,0.5380077362060547,0.47609299421310425,0.000559286039788276,0.5569195747375488,0.44191405177116394,-0.00286892824806273,0.5660314559936523,0.41735464334487915,-0.007087049540132284,0.5346009135246277,0.5617859363555908,-0.008210399188101292,0.5651523470878601,0.510570228099823,-0.007428395561873913,0.555097222328186,0.529663622379303,-0.005512526258826256,0.5422308444976807,0.5529288649559021,-0.005125720985233784,0.5583609938621521,0.599844217300415,-0.01752626895904541,0.5925967693328857,0.5436121821403503,-0.016167286783456802,0.5812007784843445,0.5621827244758606,-0.007370620965957642,0.5644115209579468,0.5851448178291321,-0.002802169881761074,0.5761513113975525,0.64561527967453,-0.02749355137348175,0.6224496960639954,0.6083201169967651,-0.026530131697654724,0.6228118538856506,0.6079427599906921,-0.016698002815246582,0.6116091012954712,0.614815354347229,-0.008950591087341309,neutral,RRQ_p33,RRQ
