x0,y0,z0,x1,y1,z1,x2,y2,z2,x3,y3,z3,x4,y4,z4,x5,y5,z5,x6,y6,z6,x7,y7,z7,x8,y8,z8,x9,y9,z9,x10,y10,z10,x11,y11,z11,x12,y12,z12,x13,y13,z13,x14,y14,z14,x15,y15,z15,x16,y16,z16,x17,y17,z17,x18,y18,z18,x19,y19,z19,x20,y20,z20,label,person_id,collector
0.8118043541908264,0.6147872805595398,-2.417767461793119e-07,0.7423749566078186,0.6029601097106934,-0.02837161347270012,0.6858859062194824,0.5776358842849731,-0.057259175926446915,0.6489958167076111,0.5652883052825928,-0.08697175979614258,0.6422641277313232,0.5401434898376465,-0.11674700677394867,0.6969965696334839,0.38812902569770813,-0.05135780945420265,0.6681056618690491,0.3092529773712158,-0.0994001254439354,0.6524221897125244,0.24669376015663147,-0.13332897424697876,0.644019603729248,0.19062454998493195,-0.15764132142066956,0.7558156847953796,0.3615126311779022,-0.059822048991918564,0.7020242214202881,0.4242396950721741,-0.11042094975709915,0.6911664605140686,0.5233134031295776,-0.11702562123537064,0.6983795166015625,0.5526909828186035,-0.11327824741601944,0.8105813264846802,0.3847181797027588,-0.07273731380701065,0.7561405301094055,0.4852178394794464,-0.11223692446947098,0.7426487803459167,0.558008074760437,-0.09288419038057327,0.7487402558326721,0.5651079416275024,-0.07307407259941101,0.8554640412330627,0.4337918162345886,-0.09024345129728317,0.8103235960006714,0.5178656578063965,-0.11592435091733932,0.7921142578125,0.5699409246444702,-0.10233690589666367,0.7935266494750977,0.5720498561859131,-0.08593058586120605,point,RRQ_p34,RRQ
0.7687779068946838,0.6623237729072571,-3.96738869312685e-07,0.6715751886367798,0.6890720129013062,-0.014514120295643806,0.5937789082527161,0.6931431889533997,-0.04308835044503212,0.5375617742538452,0.7140693664550781,-0.07333925366401672,0.4845859110355377,0.7298268675804138,-0.10210312902927399,0.5397552251815796,0.5063942670822144,-0.04051149636507034,0.437679648399353,0.5277081727981567,-0.08174262195825577,0.37257444858551025,0.536052942276001,-0.10579140484333038,0.3195513188838959,0.5359023213386536,-0.12354317307472229,0.578492283821106,0.4876033067703247,-0.058273788541555405,0.49032798409461975,0.6074854731559753,-0.10318192094564438,0.5363327264785767,0.6641655564308167,-0.10197323560714722,0.5721443891525269,0.6545478105545044,-0.09553514420986176,0.6198698282241821,0.5061138868331909,-0.07943790405988693,0.555808961391449,0.6569360494613647,-0.11218473315238953,0.5983849167823792,0.6882760524749756,-0.08609868586063385,0.6216161847114563,0.6554235219955444,-0.06632214039564133,0.6595523953437805,0.5505583882331848,-0.10411208122968674,0.6153607964515686,0.6735436320304871,-0.12347478419542313,0.6456137895584106,0.6968870162963867,-0.10573842376470566,0.6654717922210693,0.6683216691017151,-0.0903216302394867,point,RRQ_p34,RRQ
0.7175202965736389,0.7053430080413818,1.9612524226886308e-07,0.6558430790901184,0.6780170202255249,-0.031383857131004333,0.6010132431983948,0.6521077156066895,-0.07291528582572937,0.5617495775222778,0.6763334274291992,-0.11636072397232056,0.5391829609870911,0.7138417363166809,-0.1633348912000656,0.6261778473854065,0.462124764919281,-0.07958909869194031,0.653921902179718,0.34299468994140625,-0.12990404665470123,0.678481936454773,0.25206589698791504,-0.1658075600862503,0.7042192220687866,0.18100127577781677,-0.19213852286338806,0.7011356353759766,0.4482426941394806,-0.08674991875886917,0.6576732993125916,0.569765031337738,-0.13903185725212097,0.6096195578575134,0.6573148369789124,-0.14702408015727997,0.5911794304847717,0.664461612701416,-0.1472490429878235,0.7594035267829895,0.4896949231624603,-0.09595420211553574,0.7087985873222351,0.6348833441734314,-0.13161134719848633,0.658801794052124,0.6834723949432373,-0.11304540932178497,0.6357842683792114,0.6718801856040955,-0.0976334735751152,0.7980696558952332,0.5446544289588928,-0.11012180894613266,0.7579372525215149,0.6563277244567871,-0.13323165476322174,0.7250900268554688,0.6986592411994934,-0.11883804202079773,0.7107723355293274,0.6896979808807373,-0.10278134047985077,point,RRQ_p34,RRQ
0.7117824554443359,0.6595702171325684,-1.272683647357553e-07,0.6523624658584595,0.6263559460639954,-0.02769922837615013,0.6120003461837769,0.576557457447052,-0.05377554893493652,0.5820578932762146,0.5467361807823181,-0.08140257000923157,0.5507434010505676,0.5233441591262817,-0.10921704769134521,0.6521751880645752,0.40740343928337097,-0.04894500970840454,0.6802144646644592,0.29717785120010376,-0.08888860791921616,0.706169843673706,0.22649474442005157,-0.1146216168999672,0.7304195165634155,0.16991370916366577,-0.13161234557628632,0.7126303911209106,0.411356657743454,-0.05547977238893509,0.6690369844436646,0.46248137950897217,-0.10913019627332687,0.6296740770339966,0.5353537797927856,-0.12235461920499802,0.615725040435791,0.5671213865280151,-0.12152288854122162,0.7567626237869263,0.45050087571144104,-0.06478500366210938,0.7039005160331726,0.5254073143005371,-0.10822723805904388,0.6710115075111389,0.5804834365844727,-0.09846346825361252,0.660749077796936,0.592521607875824,-0.08258602768182755,0.7906254529953003,0.5001429915428162,-0.07763522863388062,0.7454843521118164,0.5611687898635864,-0.103839211165905,0.7129058837890625,0.603251039981842,-0.09358713775873184,0.6988787055015564,0.6105228066444397,-0.07750992476940155,point,RRQ_p34,RRQ
0.6031424403190613,0.7964343428611755,-3.708705946792179e-07,0.4944024980068207,0.8097319006919861,-0.01369570754468441,0.41169559955596924,0.7941311001777649,-0.041254449635744095,0.3552311658859253,0.7769030332565308,-0.07397696375846863,0.3241569399833679,0.7469767332077026,-0.10475197434425354,0.38404831290245056,0.5767368674278259,-0.024405093863606453,0.29091382026672363,0.5365749597549438,-0.06419511139392853,0.23033496737480164,0.5072121620178223,-0.08549150824546814,0.1839923858642578,0.4752093255519867,-0.10178346186876297,0.42878854274749756,0.5470698475837708,-0.04457689821720123,0.32821565866470337,0.6315851211547852,-0.09193862974643707,0.36482346057891846,0.717364490032196,-0.08926014602184296,0.40163227915763855,0.716746985912323,-0.07866998761892319,0.4721304178237915,0.5579980611801147,-0.0696638822555542,0.38821205496788025,0.687298595905304,-0.10799509286880493,0.4238945543766022,0.7472599148750305,-0.07906801253557205,0.455128014087677,0.7239646911621094,-0.053767748177051544,0.5105500221252441,0.6009474992752075,-0.09863443672657013,0.4448511302471161,0.7120623588562012,-0.11834216862916946,0.46652156114578247,0.7553446292877197,-0.09794796258211136,0.49155592918395996,0.7369040250778198,-0.07895972579717636,point,RRQ_p34,RRQ
0.6451570987701416,0.7697071433067322,7.504176835482212e-08,0.5754182934761047,0.7516809701919556,-0.040748950093984604,0.514171302318573,0.7385721206665039,-0.09400337934494019,0.4622850716114044,0.7808111310005188,-0.14727501571178436,0.4159007668495178,0.8252259492874146,-0.20689718425273895,0.5385472178459167,0.5386378765106201,-0.1168975904583931,0.5445239543914795,0.40919584035873413,-0.18995031714439392,0.5476770401000977,0.30948126316070557,-0.24807997047901154,0.5518026947975159,0.21869587898254395,-0.29201647639274597,0.620060920715332,0.49716484546661377,-0.12422830611467361,0.5738361477851868,0.6143591403961182,-0.19388754665851593,0.5351271629333496,0.7380640506744385,-0.20669768750667572,0.5208055973052979,0.7648035287857056,-0.21094578504562378,0.6895280480384827,0.528270959854126,-0.1335594654083252,0.6418916583061218,0.671294093132019,-0.18384167551994324,0.59957355260849,0.7552120685577393,-0.16156210005283356,0.5822230577468872,0.7693296670913696,-0.1428280472755432,0.7416268587112427,0.5851389169692993,-0.14816758036613464,0.7022920250892639,0.6960611343383789,-0.1866479068994522,0.6652060747146606,0.7639530301094055,-0.17239010334014893,0.6502581238746643,0.7770782709121704,-0.15516209602355957,point,RRQ_p34,RRQ
0.6609614491462708,0.7240997552871704,-4.38015405279657e-07,0.5979890823364258,0.7022243142127991,-0.03720478713512421,0.5391479730606079,0.6784766912460327,-0.07124362885951996,0.49226388335227966,0.6852111220359802,-0.10346845537424088,0.4506404399871826,0.7003689408302307,-0.13467025756835938,0.55607008934021,0.4837821125984192,-0.04809151589870453,0.5369873046875,0.49548885226249695,-0.09104187041521072,0.5152226686477661,0.49113017320632935,-0.11902254074811935,0.49779564142227173,0.47773635387420654,-0.1375834196805954,0.6129679083824158,0.4588717818260193,-0.053431060165166855,0.574149489402771,0.5571320652961731,-0.09638731181621552,0.555889368057251,0.6568178534507751,-0.10429272800683975,0.5577831864356995,0.6775052547454834,-0.10343536734580994,0.6676674485206604,0.4820594787597656,-0.06429845094680786,0.6282787919044495,0.593586266040802,-0.10631363838911057,0.6086126565933228,0.6755077242851257,-0.09460015594959259,0.6109083294868469,0.683513343334198,-0.07898995280265808,0.7166392207145691,0.5262461304664612,-0.07950850576162338,0.6811959147453308,0.6019318103790283,-0.10543756186962128,0.6565365791320801,0.6644076108932495,-0.09461348503828049,0.651473879814148,0.6781494617462158,-0.08086491376161575,point,RRQ_p34,RRQ
0.66878741979599,0.7310736179351807,7.879043195657687e-09,0.6081169843673706,0.7142122983932495,-0.04757487773895264,0.5572580695152283,0.6852681040763855,-0.09578048437833786,0.5185245871543884,0.679253876209259,-0.14395752549171448,0.48246121406555176,0.6913390755653381,-0.19368194043636322,0.5706398487091064,0.4822269678115845,-0.08287998288869858,0.5675653219223022,0.35895419120788574,-0.13848675787448883,0.5655879974365234,0.26784664392471313,-0.17363469302654266,0.5708484649658203,0.19286993145942688,-0.19823364913463593,0.6347912549972534,0.4557076096534729,-0.08762246370315552,0.5933740735054016,0.5307164192199707,-0.15390518307685852,0.5657845735549927,0.6487460732460022,-0.1621982753276825,0.5622566342353821,0.6798769235610962,-0.15598049759864807,0.6929188370704651,0.4796375632286072,-0.097043976187706,0.6497085094451904,0.5862156748771667,-0.15279503166675568,0.6207504868507385,0.6730117201805115,-0.13391940295696259,0.6145570874214172,0.6853516101837158,-0.11104290187358856,0.7424812316894531,0.5228057503700256,-0.11218609660863876,0.7066768407821655,0.6084678769111633,-0.14751867949962616,0.6795980930328369,0.6771292686462402,-0.1322363018989563,0.672747015953064,0.690601646900177,-0.11236639320850372,point,RRQ_p34,RRQ
0.22471025586128235,0.5952587723731995,9.997253158644526e-08,0.29426801204681396,0.5615982413291931,-0.029762817546725273,0.34398508071899414,0.5116584897041321,-0.06483985483646393,0.36487746238708496,0.46310240030288696,-0.10171937942504883,0.3588850498199463,0.4086425304412842,-0.1365818977355957,0.3097858726978302,0.32980623841285706,-0.06387292593717575,0.3202771842479706,0.2198328822851181,-0.1140117421746254,0.32642877101898193,0.14009982347488403,-0.14220474660396576,0.3269965946674347,0.07464894652366638,-0.16072413325309753,0.24802283942699432,0.3181392252445221,-0.07344763725996017,0.31581825017929077,0.36697497963905334,-0.13434569537639618,0.33169808983802795,0.4611051678657532,-0.14276272058486938,0.32639384269714355,0.48840102553367615,-0.13871562480926514,0.19930601119995117,0.3446747064590454,-0.08554188162088394,0.2715819776058197,0.4326019585132599,-0.138665571808815,0.2768552005290985,0.5016101598739624,-0.12374669313430786,0.26019880175590515,0.5084064602851868,-0.10485795140266418,0.1589720994234085,0.38917040824890137,-0.10121817886829376,0.21993744373321533,0.4591290354728699,-0.1351727396249771,0.23136848211288452,0.5069236755371094,-0.12388959527015686,0.216797336935997,0.5076857805252075,-0.10818875581026077,point,RRQ_p34,RRQ
0.11209551990032196,0.5404103398323059,1.0721846877004282e-07,0.21911898255348206,0.5453468561172485,0.004956625867635012,0.3072932958602905,0.5264395475387573,-0.020047614350914955,0.37346982955932617,0.533476710319519,-0.05541876330971718,0.4341368079185486,0.5518518090248108,-0.090479776263237,0.34041136503219604,0.3291511833667755,-0.02657332271337509,0.44048744440078735,0.3091767728328705,-0.07032949477434158,0.5102660655975342,0.2944389283657074,-0.09749289602041245,0.5678726434707642,0.28056958317756653,-0.11613782495260239,0.30224087834358215,0.3162999451160431,-0.0571102611720562,0.4097599983215332,0.4533867835998535,-0.11310730129480362,0.36309102177619934,0.5091856718063354,-0.1209220439195633,0.3200114369392395,0.49980396032333374,-0.11837039142847061,0.262475848197937,0.34672707319259644,-0.08823312073945999,0.35868746042251587,0.5028476715087891,-0.13799822330474854,0.3097071945667267,0.5392407178878784,-0.12282990664243698,0.2725682556629181,0.5140848755836487,-0.10506666451692581,0.22450393438339233,0.3998984396457672,-0.12013301253318787,0.3038385808467865,0.5299487709999084,-0.1465001255273819,0.26987573504447937,0.5589081048965454,-0.13159620761871338,0.23766428232192993,0.5318704843521118,-0.11645413935184479,point,RRQ_p34,RRQ
0.3843681514263153,0.6618858575820923,2.1993207610648824e-07,0.4803161025047302,0.6961188912391663,0.009821902960538864,0.578109622001648,0.7243993878364563,-0.017715543508529663,0.6516202688217163,0.7789671421051025,-0.05588148906826973,0.7008140087127686,0.8349451422691345,-0.09463783353567123,0.6592198610305786,0.5795024633407593,-0.03560081124305725,0.7689111828804016,0.624627947807312,-0.08128856867551804,0.8466541767120361,0.6615080237388611,-0.1092100664973259,0.9074146747589111,0.6861027479171753,-0.12730038166046143,0.6251636147499084,0.5542636513710022,-0.06838594377040863,0.6961844563484192,0.7220854163169861,-0.11830420792102814,0.6420612335205078,0.7527192234992981,-0.11958501487970352,0.6073789596557617,0.7216161489486694,-0.11471591144800186,0.5781716704368591,0.5712876915931702,-0.10074781626462936,0.6373960971832275,0.7534258961677551,-0.1439448446035385,0.5854389071464539,0.7655361890792847,-0.12399096041917801,0.558638334274292,0.7232144474983215,-0.10594689846038818,0.5302938222885132,0.6128171682357788,-0.13323065638542175,0.5739098191261292,0.7710152268409729,-0.15084341168403625,0.5332767963409424,0.7757375240325928,-0.13046979904174805,0.5090793967247009,0.7299219965934753,-0.11409371346235275,point,RRQ_p34,RRQ
0.17064884305000305,0.6036373972892761,1.996478715682315e-07,0.2292032241821289,0.5815212726593018,-0.04140270873904228,0.28789380192756653,0.5481054186820984,-0.08687295019626617,0.32514816522598267,0.5492871999740601,-0.13019168376922607,0.3477768003940582,0.5699719190597534,-0.17032720148563385,0.2418718785047531,0.36269092559814453,-0.10968407243490219,0.2049066424369812,0.2595233917236328,-0.1749073565006256,0.16320271790027618,0.18592676520347595,-0.2144477814435959,0.1280803084373474,0.11645731329917908,-0.2413385808467865,0.16430290043354034,0.34842923283576965,-0.1133958101272583,0.20956957340240479,0.49107658863067627,-0.1794484406709671,0.2558327913284302,0.5602717399597168,-0.18370990455150604,0.2927819788455963,0.5773008465766907,-0.17947694659233093,0.10341604053974152,0.39487555623054504,-0.11960531771183014,0.16127419471740723,0.5515152215957642,-0.16621901094913483,0.2022462785243988,0.5892868041992188,-0.1388610303401947,0.23421604931354523,0.5869927406311035,-0.11429864913225174,0.061191052198410034,0.4574040174484253,-0.13256464898586273,0.10690467804670334,0.5718557238578796,-0.1629686951637268,0.14365434646606445,0.6077333688735962,-0.14585866034030914,0.17036789655685425,0.6022801995277405,-0.1254233866930008,point,RRQ_p34,RRQ
0.20251022279262543,0.5861566662788391,2.0750505314026668e-07,0.3133356273174286,0.5748142600059509,-0.009738628752529621,0.4002395570278168,0.5699283480644226,-0.04998864606022835,0.4643292725086212,0.6078920364379883,-0.0956248864531517,0.5068838596343994,0.6628586649894714,-0.1415214091539383,0.42186546325683594,0.3991697132587433,-0.08688284456729889,0.5019580125808716,0.33488890528678894,-0.14786945283412933,0.5601544380187988,0.2757965922355652,-0.18528933823108673,0.605609118938446,0.2297770380973816,-0.20998437702655792,0.36939024925231934,0.3865949809551239,-0.11322057992219925,0.45326530933380127,0.5617167949676514,-0.1689828336238861,0.422104150056839,0.6164953112602234,-0.16774295270442963,0.3956134617328644,0.6029020547866821,-0.16403807699680328,0.30836397409439087,0.4222778081893921,-0.13951939344406128,0.38734936714172363,0.6072301864624023,-0.18705618381500244,0.3558061122894287,0.6256126165390015,-0.16453999280929565,0.3298986554145813,0.5887492895126343,-0.1456955522298813,0.25377875566482544,0.4840191602706909,-0.16829559206962585,0.323830246925354,0.6249108910560608,-0.1929488629102707,0.3179437518119812,0.6417644023895264,-0.17110870778560638,0.29885369539260864,0.6118990778923035,-0.15254467725753784,point,RRQ_p34,RRQ
0.1926073133945465,0.6398369073867798,1.7019850417909765e-07,0.2733704447746277,0.6187543869018555,-0.03680383414030075,0.3453749418258667,0.5904971361160278,-0.07772345095872879,0.39940816164016724,0.6122466921806335,-0.11970359086990356,0.4415751099586487,0.6554763317108154,-0.16104638576507568,0.31618183851242065,0.4082643985748291,-0.08106373250484467,0.3268079161643982,0.38024961948394775,-0.1401277482509613,0.32109779119491577,0.35673537850379944,-0.1791631430387497,0.31985750794410706,0.32729125022888184,-0.20457667112350464,0.23813501000404358,0.3860895037651062,-0.09125392884016037,0.26852884888648987,0.5264072418212891,-0.15376995503902435,0.30065321922302246,0.5912899971008301,-0.1709282398223877,0.32684895396232605,0.6059609651565552,-0.17596754431724548,0.16824187338352203,0.41994187235832214,-0.10473374277353287,0.20955166220664978,0.5650311708450317,-0.15785624086856842,0.24208253622055054,0.6140829920768738,-0.15166404843330383,0.26537126302719116,0.6182233691215515,-0.13862134516239166,0.11589650809764862,0.47730928659439087,-0.12330954521894455,0.15571564435958862,0.585746169090271,-0.15963172912597656,0.18660524487495422,0.6280951499938965,-0.15538743138313293,0.2106432467699051,0.6318209767341614,-0.1438998579978943,point,RRQ_p34,RRQ
0.3600154519081116,0.6937330365180969,2.0666594480189815e-07,0.4902403950691223,0.6939734220504761,0.000568450428545475,0.5914321541786194,0.6826485395431519,-0.041033145040273666,0.6680576801300049,0.7079002857208252,-0.09348879009485245,0.6939870119094849,0.7494078874588013,-0.1464107632637024,0.6227238178253174,0.49510735273361206,-0.06867122650146484,0.7264225482940674,0.4193360209465027,-0.12802544236183167,0.8026007413864136,0.36006075143814087,-0.16289745271205902,0.8613686561584473,0.3141845464706421,-0.18721775710582733,0.5718773603439331,0.47814276814460754,-0.10438446700572968,0.6637662649154663,0.6618777513504028,-0.17102479934692383,0.6168494820594788,0.7198740243911743,-0.1733708530664444,0.5823039412498474,0.6976286768913269,-0.16859009861946106,0.5139423608779907,0.5104813575744629,-0.1394488364458084,0.5944399833679199,0.7162827849388123,-0.19322305917739868,0.5479681491851807,0.7422013282775879,-0.16928517818450928,0.5186778903007507,0.702319324016571,-0.14823338389396667,0.4639795422554016,0.5683074593544006,-0.1764407753944397,0.5320347547531128,0.7328923940658569,-0.20042529702186584,0.5030027031898499,0.7566279768943787,-0.17668834328651428,0.47739624977111816,0.7234863042831421,-0.1570585072040558,point,RRQ_p34,RRQ
0.8738733530044556,0.7254835367202759,-7.921943847577495e-07,0.7774991989135742,0.660409688949585,-0.01609741523861885,0.6917542815208435,0.5163066983222961,-0.03426147252321243,0.6303285360336304,0.4044380486011505,-0.06312758475542068,0.5753530859947205,0.3086875081062317,-0.08865919709205627,0.7619661092758179,0.3622850179672241,0.035981398075819016,0.7060979604721069,0.2868878245353699,-0.017915528267621994,0.6381354331970215,0.26916739344596863,-0.040232446044683456,0.5955404043197632,0.25550106167793274,-0.048459239304065704,0.8145707249641418,0.3411949574947357,0.012495159171521664,0.7360997200012207,0.22901983559131622,-0.05552859231829643,0.7172977328300476,0.380546897649765,-0.05459464341402054,0.7603480815887451,0.4169069230556488,-0.028379419818520546,0.872750997543335,0.34571510553359985,-0.023358820006251335,0.7815332412719727,0.29937586188316345,-0.09135052561759949,0.7749242782592773,0.4423518478870392,-0.0619768463075161,0.8253760933876038,0.45783528685569763,-0.02028030902147293,0.9291678071022034,0.36749809980392456,-0.06242524832487106,0.834968626499176,0.3471231758594513,-0.09529133141040802,0.826383113861084,0.4375903904438019,-0.07148724794387817,0.87264084815979,0.44927945733070374,-0.04367842525243759,pinch,RRQ_p34,RRQ
0.8361347913742065,0.7239483594894409,2.5383837964909617e-07,0.7339794039726257,0.7156683206558228,-0.019506918266415596,0.6313539743423462,0.6774844527244568,-0.04881629720330238,0.5492299795150757,0.6711066365242004,-0.08395710587501526,0.4727500081062317,0.6683231592178345,-0.12077191472053528,0.6212040185928345,0.4663364291191101,-0.026714026927947998,0.5327686071395874,0.48488208651542664,-0.09534698724746704,0.49773168563842773,0.5685519576072693,-0.1576530784368515,0.4822657108306885,0.6381428241729736,-0.19579733908176422,0.649688720703125,0.4157045781612396,-0.05288713425397873,0.5644152164459229,0.29828977584838867,-0.09960932284593582,0.4948190748691559,0.2139047384262085,-0.14338602125644684,0.43410512804985046,0.13998159766197205,-0.1764148622751236,0.7029815316200256,0.40872129797935486,-0.08646082133054733,0.6624666452407837,0.23429900407791138,-0.13442456722259521,0.6206274628639221,0.1367439329624176,-0.16778913140296936,0.5717297792434692,0.05432695150375366,-0.1910729855298996,0.7674295902252197,0.4419916868209839,-0.1211298480629921,0.7919959425926208,0.3065205216407776,-0.16118881106376648,0.7862321734428406,0.2096724510192871,-0.1755448281764984,0.7649017572402954,0.1209351122379303,-0.1854230761528015,pinch,RRQ_p34,RRQ
0.7204546928405762,0.6293801665306091,-5.51635878309753e-07,0.6652992963790894,0.6067074537277222,-0.011095104739069939,0.5959014892578125,0.5321133136749268,-0.022229192778468132,0.5498524904251099,0.468499094247818,-0.03934257850050926,0.5123694539070129,0.41421449184417725,-0.05294043943285942,0.6352813243865967,0.42384567856788635,0.016921645030379295,0.6012162566184998,0.37289929389953613,-0.017119817435741425,0.5629968643188477,0.3760870099067688,-0.02935635857284069,0.531920313835144,0.387229323387146,-0.032147206366062164,0.6688834428787231,0.4109627306461334,0.005838742014020681,0.607953667640686,0.3869636058807373,-0.02949623018503189,0.6164277195930481,0.4769636392593384,-0.022931698709726334,0.6433190107345581,0.47944390773773193,-0.006743095349520445,0.7067304253578186,0.4067654013633728,-0.013810286298394203,0.6445616483688354,0.4028664231300354,-0.05201265960931778,0.6570815443992615,0.4859183132648468,-0.031075099483132362,0.6857591271400452,0.4853604733943939,-0.006609234027564526,0.7470490336418152,0.4096800982952118,-0.035613637417554855,0.6852900981903076,0.41000550985336304,-0.057408515363931656,0.6881744265556335,0.46884235739707947,-0.0441681370139122,0.7149511575698853,0.4733288586139679,-0.028620876371860504,pinch,RRQ_p34,RRQ
0.7975300550460815,0.582513153553009,-6.507858643090003e-07,0.7384971976280212,0.5180538892745972,-0.012753677554428577,0.6983557939529419,0.40792787075042725,-0.02298375777900219,0.679341197013855,0.31841665506362915,-0.03993355482816696,0.6622412204742432,0.24194550514221191,-0.052862074226140976,0.7635883688926697,0.33614519238471985,0.02101043239235878,0.7357791662216187,0.27406007051467896,-0.015487397089600563,0.7149229645729065,0.32040339708328247,-0.027269626036286354,0.7148299217224121,0.3331281244754791,-0.028771385550498962,0.8024042844772339,0.3445930778980255,0.010106041096150875,0.759233832359314,0.27377378940582275,-0.030253876000642776,0.7403897643089294,0.37519848346710205,-0.025594687089323997,0.7664957046508789,0.3905077576637268,-0.007656706031411886,0.8440659642219543,0.36070016026496887,-0.009853411465883255,0.7943800687789917,0.3041665554046631,-0.05314077436923981,0.7792769074440002,0.40180984139442444,-0.033445168286561966,0.8071030378341675,0.42169490456581116,-0.005965652875602245,0.8872625827789307,0.3834191858768463,-0.03157087415456772,0.8375794291496277,0.33650702238082886,-0.054856911301612854,0.8200727701187134,0.3971269130706787,-0.040279969573020935,0.8425163626670837,0.4220031201839447,-0.021315233781933784,pinch,RRQ_p34,RRQ
0.44720014929771423,0.7428069114685059,-6.676993393739394e-07,0.35795167088508606,0.7006673812866211,-0.0006649619317613542,0.2913725674152374,0.635600209236145,-0.016340063884854317,0.23357754945755005,0.6009652018547058,-0.03866971284151077,0.17433053255081177,0.5786328315734863,-0.057496119290590286,0.36043429374694824,0.47139933705329895,0.01839430257678032,0.27660083770751953,0.48110687732696533,-0.01585262268781662,0.22507652640342712,0.5104228258132935,-0.042389996349811554,0.18070127069950104,0.5435445308685303,-0.058758169412612915,0.37949585914611816,0.46226567029953003,-0.0003466724301688373,0.2690414786338806,0.4995228946208954,-0.03700513020157814,0.2968052327632904,0.5810053944587708,-0.04400491714477539,0.33334699273109436,0.5966474413871765,-0.0421181246638298,0.39344340562820435,0.47226741909980774,-0.02461112290620804,0.28316643834114075,0.5189954042434692,-0.052984464913606644,0.31455400586128235,0.5885501503944397,-0.035137973725795746,0.3516339361667633,0.5914405584335327,-0.01891300454735756,0.39941051602363586,0.5015745759010315,-0.051573496311903,0.30913424491882324,0.5437967777252197,-0.06872950494289398,0.3291724622249603,0.5933300256729126,-0.055694472044706345,0.3615284264087677,0.594192624092102,-0.04261128604412079,pinch,RRQ_p34,RRQ
0.6348395347595215,0.576336145401001,2.4815028609737055e-07,0.5843655467033386,0.509080708026886,-0.02194899134337902,0.5526242256164551,0.40789228677749634,-0.03666045144200325,0.5324851274490356,0.3258000612258911,-0.05371398851275444,0.5236462354660034,0.2564799189567566,-0.06852656602859497,0.6320294737815857,0.3190068006515503,-0.006453477777540684,0.6131866574287415,0.2373235821723938,-0.04686059430241585,0.5739843845367432,0.22135820984840393,-0.07707694917917252,0.5434850454330444,0.2316732108592987,-0.0908353179693222,0.6739223003387451,0.3073097765445709,-0.013835321180522442,0.6910759806632996,0.18712203204631805,-0.03613676503300667,0.6999586820602417,0.1051473319530487,-0.04716166481375694,0.7111929059028625,0.03285491466522217,-0.05149166285991669,0.7125069499015808,0.32924628257751465,-0.029061784967780113,0.7496626377105713,0.22572225332260132,-0.054909028112888336,0.7698574066162109,0.15562093257904053,-0.060949623584747314,0.7853147983551025,0.09474189579486847,-0.06051357835531235,0.7428812980651855,0.3788471817970276,-0.04738232120871544,0.7986495494842529,0.33273351192474365,-0.06934691220521927,0.8377618789672852,0.29079312086105347,-0.0714394822716713,0.871558666229248,0.2516961097717285,-0.06843000650405884,pinch,RRQ_p34,RRQ
0.8162803649902344,0.5769141912460327,1.3976368506973813e-07,0.7571192979812622,0.57118821144104,-0.024866890162229538,0.706646203994751,0.5424725413322449,-0.04776301234960556,0.6656941175460815,0.5303283929824829,-0.07132493704557419,0.635847270488739,0.5153469443321228,-0.09492551535367966,0.7063764929771423,0.40197494626045227,-0.030347587540745735,0.660347044467926,0.3696059584617615,-0.07154862582683563,0.6479111909866333,0.42641645669937134,-0.10427972674369812,0.6495986580848694,0.4783700406551361,-0.12160105258226395,0.7434947490692139,0.36190366744995117,-0.03792348504066467,0.7075402736663818,0.28098827600479126,-0.06456441432237625,0.6811137199401855,0.23244789242744446,-0.08772087842226028,0.6552215218544006,0.1857294738292694,-0.10441970080137253,0.7889487147331238,0.3534080982208252,-0.0509224571287632,0.7740544676780701,0.2464631199836731,-0.08322876691818237,0.758037269115448,0.17618289589881897,-0.10902287811040878,0.738415002822876,0.11071500182151794,-0.12529027462005615,0.8359814882278442,0.37347909808158875,-0.06439919769763947,0.8591023683547974,0.28360414505004883,-0.09057403355836868,0.8713057637214661,0.2204144299030304,-0.10196942836046219,0.8760901689529419,0.15934054553508759,-0.10890422761440277,pinch,RRQ_p34,RRQ
0.5835108757019043,0.5975043773651123,2.2036488189769443e-08,0.5165687799453735,0.5772050619125366,-0.024104056879878044,0.4580017030239105,0.5264204740524292,-0.046027809381484985,0.39657989144325256,0.4818517565727234,-0.07093251496553421,0.3432033360004425,0.44941478967666626,-0.094448521733284,0.4870156943798065,0.3979052007198334,-0.0073990365490317345,0.4294288158416748,0.3640124201774597,-0.05232777073979378,0.38565725088119507,0.3838112950325012,-0.08743453025817871,0.3590811491012573,0.41067275404930115,-0.1047767698764801,0.5067325234413147,0.3588234484195709,-0.013826078735291958,0.45695850253105164,0.2630733847618103,-0.0426396019756794,0.4119429290294647,0.21300114691257477,-0.05820394679903984,0.36866655945777893,0.16102927923202515,-0.06648880988359451,0.5408321022987366,0.34239131212234497,-0.02828063629567623,0.5172390937805176,0.23049920797348022,-0.05685415863990784,0.485995352268219,0.16889730095863342,-0.06488439440727234,0.450971394777298,0.11652040481567383,-0.0660819560289383,0.5772217512130737,0.35001683235168457,-0.045896854251623154,0.5857654809951782,0.2553660571575165,-0.06339211016893387,0.5793500542640686,0.18951065838336945,-0.06556244939565659,0.564843475818634,0.1340533196926117,-0.064676932990551,pinch,RRQ_p34,RRQ
0.1449659913778305,0.5219557285308838,1.4827711503073715e-08,0.2217208594083786,0.4824395179748535,-0.00026127297314815223,0.2856401205062866,0.4052637219429016,-0.010800376534461975,0.33566704392433167,0.35074204206466675,-0.030681993812322617,0.3799722194671631,0.30035194754600525,-0.04864158481359482,0.2351304590702057,0.2491796314716339,0.02175280451774597,0.30778878927230835,0.22393383085727692,-0.011170180514454842,0.35868537425994873,0.2394084483385086,-0.03139699995517731,0.40165749192237854,0.2520740330219269,-0.042363494634628296,0.19807739555835724,0.22690661251544952,0.0028939300682395697,0.29486292600631714,0.2593599259853363,-0.03534095734357834,0.2713819742202759,0.3512064814567566,-0.04182568937540054,0.24376021325588226,0.3627397418022156,-0.03732261434197426,0.16646623611450195,0.22733083367347717,-0.021390758454799652,0.268094539642334,0.28003618121147156,-0.0642915591597557,0.23956522345542908,0.36418506503105164,-0.054843753576278687,0.2075718343257904,0.37046387791633606,-0.03750132769346237,0.13841840624809265,0.24319374561309814,-0.04658709466457367,0.2310612052679062,0.2793145775794983,-0.07076960057020187,0.22198858857154846,0.3366791605949402,-0.05898421257734299,0.19423581659793854,0.34493741393089294,-0.042961541563272476,pinch,RRQ_p34,RRQ
0.30065611004829407,0.5834541320800781,1.3081388772206992e-07,0.41602182388305664,0.5590965747833252,0.022095035761594772,0.4976280927658081,0.49484384059906006,0.025431431829929352,0.5569664835929871,0.45290884375572205,0.016302136704325676,0.6104028224945068,0.4210282862186432,0.007513684220612049,0.44552358984947205,0.27369001507759094,0.04809073731303215,0.5567588210105896,0.31794723868370056,0.024717900902032852,0.6127060651779175,0.359062135219574,0.0038468679413199425,0.656721830368042,0.38505271077156067,-0.011605016887187958,0.4282934069633484,0.25075092911720276,0.018432168290019035,0.5623446702957153,0.3324476182460785,-0.013015306554734707,0.5560888051986694,0.409917414188385,-0.027656767517328262,0.5427722930908203,0.4255738854408264,-0.03194074332714081,0.4190295338630676,0.2637200653553009,-0.013738863170146942,0.5467893481254578,0.3755576014518738,-0.05081068351864815,0.5038146376609802,0.45042169094085693,-0.04829362407326698,0.4651474058628082,0.44803306460380554,-0.037631262093782425,0.4141782224178314,0.30082136392593384,-0.04508897289633751,0.515765905380249,0.38946211338043213,-0.06698191165924072,0.4859730899333954,0.44884490966796875,-0.05916193127632141,0.45074644684791565,0.44708186388015747,-0.04777304828166962,pinch,RRQ_p34,RRQ
0.2440887838602066,0.5467157363891602,7.981631711118098e-08,0.3083338141441345,0.46640974283218384,-0.03237619251012802,0.3510032892227173,0.3631003797054291,-0.06409060955047607,0.3814351558685303,0.27861669659614563,-0.09738874435424805,0.40149274468421936,0.20336130261421204,-0.1251969337463379,0.24315699934959412,0.20687547326087952,-0.03060568869113922,0.2945514917373657,0.1491631418466568,-0.0893915593624115,0.3483361005783081,0.15526512265205383,-0.11681322008371353,0.38722798228263855,0.1761551946401596,-0.12588120996952057,0.17752960324287415,0.21755623817443848,-0.038124509155750275,0.26635417342185974,0.18641184270381927,-0.09511227160692215,0.29817909002304077,0.3027213215827942,-0.09799134731292725,0.27961230278015137,0.3386627733707428,-0.08363731950521469,0.13235311210155487,0.2630670964717865,-0.05345110222697258,0.23547492921352386,0.2987150251865387,-0.11234599351882935,0.25824856758117676,0.3882433772087097,-0.09995811432600021,0.23269395530223846,0.39622896909713745,-0.07542897760868073,0.10091255605220795,0.3252411484718323,-0.0716148391366005,0.18574470281600952,0.35438302159309387,-0.10434126853942871,0.2140096127986908,0.41227200627326965,-0.09010594338178635,0.19465626776218414,0.42019277811050415,-0.06878955662250519,pinch,RRQ_p34,RRQ
0.23097948729991913,0.5621011853218079,3.774977983539429e-07,0.323760449886322,0.5411450862884521,0.0037682384718209505,0.39557507634162903,0.49572107195854187,-0.008742859587073326,0.4638258218765259,0.4746350646018982,-0.027942616492509842,0.5252357125282288,0.45760101079940796,-0.04697711393237114,0.4006166458129883,0.3474012315273285,-0.010457384400069714,0.4745234549045563,0.3533632159233093,-0.05742981657385826,0.5176973938941956,0.39575427770614624,-0.09505078196525574,0.5519603490829468,0.44010934233665466,-0.11843352019786835,0.3772611618041992,0.31731081008911133,-0.039916954934597015,0.4262257516384125,0.18641772866249084,-0.07699829339981079,0.4871305227279663,0.1335156261920929,-0.10230214893817902,0.5448644757270813,0.10092860460281372,-0.12009619921445847,0.3383283019065857,0.32387787103652954,-0.07294818013906479,0.3591693043708801,0.1793663650751114,-0.11180826276540756,0.399435818195343,0.11709587275981903,-0.13194777071475983,0.4480985701084137,0.07242020964622498,-0.14455768465995789,0.2998042106628418,0.3582575023174286,-0.1055581271648407,0.2837474048137665,0.255306214094162,-0.1436435878276825,0.2991591989994049,0.1916854828596115,-0.1582472026348114,0.33102211356163025,0.13649438321590424,-0.16685758531093597,pinch,RRQ_p34,RRQ
0.32900530099868774,0.6302269697189331,1.1698257651460153e-07,0.451797217130661,0.591712474822998,0.04661313444375992,0.5290616154670715,0.5399825572967529,0.05325993150472641,0.5910537242889404,0.5170161724090576,0.04300002381205559,0.6501362323760986,0.5009176731109619,0.032183144241571426,0.5169857740402222,0.3612443804740906,0.04844444617629051,0.6050209999084473,0.3623853027820587,0.01132305059581995,0.6504803895950317,0.4103551506996155,-0.018595239147543907,0.6795429587364197,0.4640885591506958,-0.03504810854792595,0.49965861439704895,0.3369649648666382,-0.0031687989830970764,0.5769516825675964,0.19434402883052826,-0.0333048440515995,0.654313325881958,0.15974308550357819,-0.04989146441221237,0.7182572484016418,0.16321028769016266,-0.05892155319452286,0.47633519768714905,0.34917277097702026,-0.058610331267118454,0.522588849067688,0.18220339715480804,-0.09148445725440979,0.593330442905426,0.1348082423210144,-0.10786221921443939,0.6607671976089478,0.12226465344429016,-0.1168995276093483,0.46311119198799133,0.3909512460231781,-0.11131443083286285,0.4814518988132477,0.26743221282958984,-0.14399433135986328,0.5356287360191345,0.22531728446483612,-0.1566609889268875,0.5951253771781921,0.21206900477409363,-0.16427397727966309,pinch,RRQ_p34,RRQ
0.17267963290214539,0.5778185725212097,6.984723199821019e-07,0.2526170611381531,0.5481613278388977,-0.02877487801015377,0.3215102553367615,0.5074201226234436,-0.06377889961004257,0.38269156217575073,0.49079883098602295,-0.10128896683454514,0.43897342681884766,0.4733934700489044,-0.1366494596004486,0.3200000822544098,0.33143237233161926,-0.052745722234249115,0.4029879868030548,0.3173709511756897,-0.12782973051071167,0.4330689311027527,0.3803868591785431,-0.18163682520389557,0.44783997535705566,0.45384344458580017,-0.20734000205993652,0.27311012148857117,0.2864524722099304,-0.07220186293125153,0.31855839490890503,0.15045669674873352,-0.126368910074234,0.37659841775894165,0.0931759923696518,-0.15811091661453247,0.4374288320541382,0.0662098228931427,-0.17603717744350433,0.21308179199695587,0.2862561047077179,-0.09876710176467896,0.2157711386680603,0.14568674564361572,-0.15099626779556274,0.2479161024093628,0.08220978081226349,-0.17908987402915955,0.2954825758934021,0.04577094316482544,-0.1924445480108261,0.1522567868232727,0.32406744360923767,-0.1271289885044098,0.11199364066123962,0.2186059057712555,-0.16653664410114288,0.117081418633461,0.1628449410200119,-0.1796472668647766,0.14351516962051392,0.12580250203609467,-0.1849287897348404,pinch,RRQ_p34,RRQ
0.16638094186782837,0.5893369317054749,-6.556175691230237e-08,0.24988996982574463,0.5467631816864014,-0.03395684063434601,0.3116321563720703,0.49775928258895874,-0.06927300989627838,0.3560594916343689,0.4734269976615906,-0.10610993951559067,0.3909122347831726,0.4649501442909241,-0.1383550465106964,0.2556067705154419,0.27235400676727295,-0.04143757373094559,0.33861851692199707,0.32115548849105835,-0.11041059345006943,0.3734545111656189,0.4091767370700836,-0.1560080647468567,0.3925689458847046,0.4665311574935913,-0.17799226939678192,0.19375067949295044,0.2734360098838806,-0.048786088824272156,0.28107723593711853,0.3765192925930023,-0.10525644570589066,0.2824007570743561,0.4686957597732544,-0.1248418316245079,0.26941221952438354,0.4882475435733795,-0.1308622658252716,0.14068666100502014,0.3121642768383026,-0.06313016265630722,0.22604651749134064,0.4353159964084625,-0.1119566559791565,0.22434672713279724,0.5046349167823792,-0.11165035516023636,0.20801368355751038,0.5017634034156799,-0.1019858866930008,0.09639278054237366,0.3675719201564789,-0.08155166357755661,0.16924941539764404,0.45779743790626526,-0.10500024259090424,0.18333666026592255,0.5050870776176453,-0.09775064885616302,0.17604564130306244,0.49966078996658325,-0.08546999096870422,pinch,RRQ_p34,RRQ
0.22321200370788574,0.5413752794265747,-4.548546428395639e-07,0.3057319223880768,0.4687410891056061,-0.02339056320488453,0.3671128451824188,0.37756937742233276,-0.04734203219413757,0.396832138299942,0.2941862940788269,-0.07414056360721588,0.36232197284698486,0.25142553448677063,-0.09327776730060577,0.2566990852355957,0.1959104984998703,-0.014310906641185284,0.3508663475513458,0.1697884052991867,-0.06546346098184586,0.3562224805355072,0.2613856792449951,-0.0900152400135994,0.33200162649154663,0.29135292768478394,-0.10047930479049683,0.20862610638141632,0.19982700049877167,-0.026470085605978966,0.32249265909194946,0.21925824880599976,-0.07449670135974884,0.3183611333370209,0.3332073986530304,-0.08086627721786499,0.2884482145309448,0.3460342288017273,-0.07466525584459305,0.17467811703681946,0.2322608232498169,-0.04570583999156952,0.2893539071083069,0.29509907960891724,-0.09164853394031525,0.27978867292404175,0.3892362713813782,-0.08388635516166687,0.24766525626182556,0.3902997672557831,-0.06797622889280319,0.15201091766357422,0.28170809149742126,-0.06798455119132996,0.24728170037269592,0.3382165729999542,-0.09093105792999268,0.24369335174560547,0.4021678566932678,-0.08329738676548004,0.21314427256584167,0.4055461883544922,-0.07086353749036789,fist,RRQ_p34,RRQ
0.20811796188354492,0.576058566570282,-3.205358609648101e-07,0.30721303820610046,0.5083938837051392,-0.029120739549398422,0.3774351477622986,0.441582053899765,-0.06018758565187454,0.42070603370666504,0.38774189352989197,-0.09098704904317856,0.41268447041511536,0.3692622780799866,-0.11353553086519241,0.28362879157066345,0.22196193039417267,-0.04574077948927879,0.382496178150177,0.25384122133255005,-0.09179490804672241,0.3825850188732147,0.343411386013031,-0.11147012561559677,0.35361000895500183,0.3583831787109375,-0.12368916720151901,0.22529098391532898,0.24433404207229614,-0.05727487429976463,0.34260299801826477,0.33228057622909546,-0.10358075797557831,0.3406641185283661,0.41917121410369873,-0.11282721906900406,0.31289735436439514,0.4062442183494568,-0.11678146570920944,0.18481874465942383,0.30345892906188965,-0.07304978370666504,0.2990344762802124,0.41351500153541565,-0.1111309677362442,0.2988865375518799,0.475197970867157,-0.10603238642215729,0.2702353000640869,0.4555830955505371,-0.1007116287946701,0.1598886400461197,0.3772635757923126,-0.09275893121957779,0.25360241532325745,0.4729762375354767,-0.11521152406930923,0.26288288831710815,0.5064970254898071,-0.11551746726036072,0.2421092987060547,0.48356756567955017,-0.11362051218748093,fist,RRQ_p34,RRQ
0.2070896327495575,0.5996928215026855,-2.83600058992306e-07,0.28179511427879333,0.5498205423355103,-0.05635561794042587,0.338956356048584,0.4911828935146332,-0.09840267896652222,0.36491817235946655,0.453555166721344,-0.13547450304031372,0.36321383714675903,0.4212567210197449,-0.16408276557922363,0.264320969581604,0.24342025816440582,-0.06998132914304733,0.3051879405975342,0.3311523497104645,-0.13643783330917358,0.3240542411804199,0.4210933446884155,-0.17516745626926422,0.32158899307250977,0.4293860197067261,-0.19705195724964142,0.18342497944831848,0.2683422565460205,-0.07007313519716263,0.23698300123214722,0.4136091470718384,-0.12799179553985596,0.2731477916240692,0.49047142267227173,-0.14232508838176727,0.279931902885437,0.4685066044330597,-0.14761188626289368,0.11897645890712738,0.3328810930252075,-0.07846615463495255,0.1888914704322815,0.48252829909324646,-0.12618400156497955,0.22870191931724548,0.5372628569602966,-0.11772887408733368,0.23294605314731598,0.5118451714515686,-0.10696084797382355,0.07386025786399841,0.4100806415081024,-0.09407704323530197,0.13689132034778595,0.5306652784347534,-0.12316621094942093,0.17461390793323517,0.5687932968139648,-0.12000200897455215,0.18198725581169128,0.5452544689178467,-0.1119944155216217,fist,RRQ_p34,RRQ
0.2414626032114029,0.5394770503044128,-3.9919081018524594e-07,0.3043074607849121,0.4549083709716797,-0.04004261642694473,0.3387981951236725,0.33877095580101013,-0.07080918550491333,0.3412681221961975,0.24231022596359253,-0.09992101043462753,0.2937656342983246,0.2040364146232605,-0.11986163258552551,0.21718330681324005,0.18097630143165588,-0.03706281632184982,0.27660617232322693,0.12195441126823425,-0.09239280223846436,0.30883774161338806,0.21575292944908142,-0.1177569180727005,0.2915981411933899,0.26275619864463806,-0.1291329711675644,0.15590232610702515,0.20428338646888733,-0.04272592440247536,0.23479661345481873,0.16843664646148682,-0.09568718075752258,0.27633482217788696,0.2808382511138916,-0.10388525575399399,0.2566588819026947,0.30814042687416077,-0.09887447953224182,0.11764953285455704,0.25720277428627014,-0.05588165670633316,0.22055016458034515,0.27393481135368347,-0.10574585944414139,0.25186997652053833,0.3672657310962677,-0.09551062434911728,0.22347001731395721,0.3834340274333954,-0.07868576049804688,0.09722167253494263,0.3244744539260864,-0.07309504598379135,0.1940874308347702,0.35068175196647644,-0.10260631144046783,0.21896499395370483,0.40890684723854065,-0.09549081325531006,0.1925283670425415,0.41950100660324097,-0.08317366242408752,fist,RRQ_p34,RRQ
0.21330296993255615,0.5279428362846375,-1.6406383451794682e-07,0.24450285732746124,0.4997555613517761,-0.02271762117743492,0.2729443609714508,0.44866228103637695,-0.03133527934551239,0.2661895155906677,0.40043124556541443,-0.03768031671643257,0.2376401424407959,0.3744942247867584,-0.03867023438215256,0.27137380838394165,0.3929958641529083,-0.004273735918104649,0.27387505769729614,0.36688730120658875,-0.028792472556233406,0.26655781269073486,0.4088660180568695,-0.040684204548597336,0.2618423402309418,0.41258442401885986,-0.045347921550273895,0.243204727768898,0.38728201389312744,-0.001642662100493908,0.23910833895206451,0.3683353066444397,-0.02763865888118744,0.23890110850334167,0.4225701689720154,-0.03227568417787552,0.238799586892128,0.41921699047088623,-0.028832057490944862,0.2154749631881714,0.392315536737442,-0.004113692790269852,0.20773611962795258,0.3870377540588379,-0.032127149403095245,0.21367385983467102,0.43667957186698914,-0.026192206889390945,0.21739906072616577,0.43216216564178467,-0.01488345768302679,0.187611386179924,0.40138137340545654,-0.008243772201240063,0.184926837682724,0.40274038910865784,-0.022799093276262283,0.1914130449295044,0.43553945422172546,-0.01599457859992981,0.1950606256723404,0.43403375148773193,-0.006508346647024155,fist,RRQ_p34,RRQ
0.34865856170654297,0.4554673433303833,-2.3642485302843852e-07,0.4260021448135376,0.4698951840400696,-0.015879450365900993,0.48845863342285156,0.46358180046081543,-0.03217703104019165,0.5338138341903687,0.4581807255744934,-0.04856518283486366,0.5553847551345825,0.44500312209129333,-0.060804788023233414,0.49726733565330505,0.30332356691360474,-0.027301432564854622,0.5393193960189819,0.3942900002002716,-0.05567493662238121,0.5109979510307312,0.42484337091445923,-0.07231947779655457,0.4933984577655792,0.40904563665390015,-0.08429775387048721,0.46060609817504883,0.3041941523551941,-0.035069700330495834,0.5035277605056763,0.42181944847106934,-0.060750562697649,0.4766729772090912,0.4432453215122223,-0.06712134182453156,0.46492689847946167,0.4189285635948181,-0.07304773479700089,0.42346838116645813,0.3304698169231415,-0.045560240745544434,0.4634476900100708,0.4483983814716339,-0.06739719212055206,0.44186413288116455,0.4618936777114868,-0.06462027132511139,0.4292294979095459,0.4365254044532776,-0.06338097900152206,0.3902164697647095,0.3694424033164978,-0.05840977653861046,0.42666494846343994,0.46042728424072266,-0.07271712273359299,0.41716206073760986,0.46681836247444153,-0.0736749917268753,0.4080696105957031,0.4440539479255676,-0.07406055927276611,fist,RRQ_p34,RRQ
0.3443075120449066,0.5177607536315918,-3.300402227068844e-07,0.4007719159126282,0.4703528583049774,-0.015739936381578445,0.44547247886657715,0.3957693874835968,-0.029174191877245903,0.46526116132736206,0.3272712230682373,-0.04412173852324486,0.43920427560806274,0.2954522669315338,-0.05291244760155678,0.3850336968898773,0.28541696071624756,-0.007979023270308971,0.43600374460220337,0.24392008781433105,-0.04332949221134186,0.4392283260822296,0.3141143023967743,-0.0596349872648716,0.421365350484848,0.337114542722702,-0.06673186272382736,0.34880557656288147,0.2827604413032532,-0.016498159617185593,0.41002824902534485,0.26211822032928467,-0.0525280125439167,0.4128414988517761,0.34402894973754883,-0.059104304760694504,0.39428186416625977,0.3569389581680298,-0.05535151809453964,0.3202779293060303,0.2994241714477539,-0.02972763031721115,0.3858879804611206,0.32049039006233215,-0.06377910822629929,0.3855702579021454,0.39261263608932495,-0.057795606553554535,0.3639444410800934,0.3952098488807678,-0.04577162116765976,0.3004531264305115,0.327966570854187,-0.044798675924539566,0.36133840680122375,0.36118242144584656,-0.06224912777543068,0.361093670129776,0.4103315472602844,-0.05592869222164154,0.338832825422287,0.4122423529624939,-0.046604931354522705,fist,RRQ_p34,RRQ
0.2133857011795044,0.48925143480300903,-2.5526338731651776e-07,0.25483015179634094,0.443686842918396,-0.02524551749229431,0.2809698283672333,0.3759250044822693,-0.035899147391319275,0.2744753956794739,0.314713716506958,-0.04525833576917648,0.2428484410047531,0.28546395897865295,-0.047565508633852005,0.2809569239616394,0.2983582615852356,-0.00016822811448946595,0.28248196840286255,0.259148508310318,-0.031335849314928055,0.27832677960395813,0.3143286406993866,-0.04662518948316574,0.27299267053604126,0.3258291780948639,-0.05249488353729248,0.24440105259418488,0.29901546239852905,-0.000224651928874664,0.24188289046287537,0.26760047674179077,-0.031857769936323166,0.24732176959514618,0.3356309235095978,-0.037951476871967316,0.24581392109394073,0.3334958851337433,-0.033829107880592346,0.20985274016857147,0.31334733963012695,-0.007092250976711512,0.20929700136184692,0.3094233274459839,-0.042629096657037735,0.22166287899017334,0.3703235387802124,-0.03800996392965317,0.2209220677614212,0.3632238507270813,-0.025367718189954758,0.17799019813537598,0.33516213297843933,-0.01591210439801216,0.1835528016090393,0.33830970525741577,-0.034565676003694534,0.1951267123222351,0.3773450255393982,-0.027780435979366302,0.19360575079917908,0.3740633726119995,-0.017236556857824326,fist,RRQ_p34,RRQ
0.7960189580917358,0.5157983899116516,-7.072731591506454e-07,0.7237996459007263,0.4657973647117615,-0.020533360540866852,0.65726637840271,0.375131756067276,-0.03246398642659187,0.6279354095458984,0.2861224412918091,-0.04812518134713173,0.6641362905502319,0.22626227140426636,-0.055525414645671844,0.6986230611801147,0.2619050443172455,0.014380807057023048,0.6598381400108337,0.21064314246177673,-0.028274690732359886,0.6644824743270874,0.29233428835868835,-0.04344496876001358,0.6822646856307983,0.3142586648464203,-0.046308062970638275,0.7451689839363098,0.25500860810279846,0.007053763139992952,0.7018252015113831,0.20792242884635925,-0.03697694465517998,0.7052295207977295,0.31149908900260925,-0.03384539112448692,0.7274226546287537,0.31912556290626526,-0.016947513446211815,0.7926000356674194,0.26282408833503723,-0.010309955105185509,0.7481231689453125,0.24374178051948547,-0.0546736866235733,0.7484886050224304,0.33948519825935364,-0.034319985657930374,0.7705085277557373,0.34144216775894165,-0.005994082428514957,0.8404408097267151,0.2809600830078125,-0.030390221625566483,0.7899466753005981,0.27359843254089355,-0.04787743091583252,0.7837600708007812,0.33792218565940857,-0.03100898303091526,0.8025462031364441,0.3440551161766052,-0.011226885952055454,fist,RRQ_p34,RRQ
0.8096053600311279,0.6054426431655884,-6.600009783142013e-07,0.7357228994369507,0.5699087977409363,-0.05505545064806938,0.6737664937973022,0.5328542590141296,-0.09334241598844528,0.6388349533081055,0.5099678039550781,-0.12441422045230865,0.675545871257782,0.5043535232543945,-0.14667224884033203,0.7289177179336548,0.3014451563358307,-0.06048854440450668,0.6865523457527161,0.3951999843120575,-0.10206147283315659,0.683795154094696,0.4746706783771515,-0.12124525755643845,0.6930369138717651,0.4692479968070984,-0.13327161967754364,0.795254111289978,0.31749242544174194,-0.05517040938138962,0.7373048663139343,0.4369922876358032,-0.09500835835933685,0.7182145714759827,0.5160510540008545,-0.10005979239940643,0.7245023846626282,0.49759310483932495,-0.09949886798858643,0.8498891592025757,0.36732321977615356,-0.056402310729026794,0.7926197052001953,0.47863760590553284,-0.09405553340911865,0.7649769186973572,0.5387639999389648,-0.08307366073131561,0.7677106857299805,0.5234838128089905,-0.07007826119661331,0.8913357853889465,0.4304766356945038,-0.06362440437078476,0.8467050194740295,0.513959527015686,-0.08651581406593323,0.8176810145378113,0.5505249500274658,-0.08085598051548004,0.8126298189163208,0.5411520600318909,-0.07109159231185913,fist,RRQ_p34,RRQ
0.5484237670898438,0.6984291076660156,-5.761920647273655e-07,0.4437888562679291,0.7078559994697571,-0.014255703426897526,0.34900355339050293,0.7132612466812134,-0.037669163197278976,0.2814275026321411,0.7505236864089966,-0.06095622479915619,0.25720956921577454,0.7859708070755005,-0.07858753204345703,0.3154744505882263,0.5247898697853088,-0.03355585038661957,0.23288175463676453,0.6613742113113403,-0.07627758383750916,0.2779088020324707,0.7023801207542419,-0.09629432111978531,0.30678310990333557,0.6743061542510986,-0.10695433616638184,0.35902324318885803,0.5354377627372742,-0.04697465896606445,0.27257829904556274,0.7050060033798218,-0.08859403431415558,0.3199290633201599,0.7311756610870361,-0.09018955379724503,0.34469830989837646,0.6963019371032715,-0.08746835589408875,0.4024384021759033,0.5766999125480652,-0.06403513997793198,0.3345958888530731,0.7466331124305725,-0.09947645664215088,0.3777581751346588,0.7603350877761841,-0.08520793169736862,0.3973643481731415,0.718504786491394,-0.07156562060117722,0.4445698857307434,0.6335098147392273,-0.08280298858880997,0.3938291668891907,0.7726291418075562,-0.10481400787830353,0.42535853385925293,0.7782572507858276,-0.09770762920379639,0.44372546672821045,0.7378481030464172,-0.08855918049812317,fist,RRQ_p34,RRQ
0.4756675362586975,0.7180081605911255,-7.019342547209817e-07,0.3870432674884796,0.6719257831573486,-0.015152442269027233,0.32397037744522095,0.5894219279289246,-0.03232842683792114,0.28450721502304077,0.5133581161499023,-0.054282113909721375,0.30208736658096313,0.4494228959083557,-0.06725295633077621,0.39597034454345703,0.4376457929611206,0.016308382153511047,0.31690269708633423,0.4065501093864441,-0.02536587417125702,0.3244727551937103,0.4926481246948242,-0.04388366639614105,0.3560554087162018,0.5130264759063721,-0.051801957190036774,0.4314431846141815,0.42476725578308105,0.006560269743204117,0.33264797925949097,0.40262025594711304,-0.043264225125312805,0.3454498052597046,0.5090761780738831,-0.04528045654296875,0.38404348492622375,0.518500030040741,-0.03202511742711067,0.46044886112213135,0.42938756942749023,-0.011678925715386868,0.35951605439186096,0.4384500980377197,-0.057855427265167236,0.3744504451751709,0.5403841137886047,-0.0414944589138031,0.41496169567108154,0.5457685589790344,-0.016805903986096382,0.47935935854911804,0.4493226110935211,-0.03265124559402466,0.38866564631462097,0.4818737506866455,-0.059608712792396545,0.40122053027153015,0.546893298625946,-0.05306858569383621,0.43916842341423035,0.5487384796142578,-0.03927883878350258,fist,RRQ_p34,RRQ
0.8540678024291992,0.5156739354133606,-8.169650982381427e-07,0.7817289233207703,0.4423222541809082,-0.032563019543886185,0.7212637662887573,0.29914993047714233,-0.04842726141214371,0.7152503132820129,0.16726180911064148,-0.06859841197729111,0.7800822257995605,0.10960115492343903,-0.07834860682487488,0.7745532989501953,0.18599636852741241,0.012391612865030766,0.7478971481323242,0.07958336174488068,-0.04291578382253647,0.741356372833252,0.17930176854133606,-0.06002497673034668,0.7642910480499268,0.2154385894536972,-0.0609215684235096,0.8321674466133118,0.19598343968391418,0.0063416254706680775,0.8107325434684753,0.09151186048984528,-0.051691681146621704,0.7924164533615112,0.22696445882320404,-0.04551541060209274,0.816776692867279,0.24785643815994263,-0.019941257312893867,0.888678789138794,0.22628730535507202,-0.01308087445795536,0.8637120723724365,0.1379634141921997,-0.0740562230348587,0.8370730876922607,0.2677627503871918,-0.0489046536386013,0.8600463271141052,0.2909141182899475,-0.010436047799885273,0.9495725035667419,0.2659020721912384,-0.03611250966787338,0.9158837795257568,0.20464988052845,-0.06269040703773499,0.8847478032112122,0.28097254037857056,-0.0430295430123806,0.8955077528953552,0.3065992295742035,-0.01741783320903778,fist,RRQ_p34,RRQ
0.8309078812599182,0.5795943737030029,-8.205455515053472e-07,0.7470424175262451,0.5105851888656616,-0.06360679119825363,0.6801384687423706,0.43213433027267456,-0.10721912980079651,0.6540816426277161,0.3861476182937622,-0.14251479506492615,0.7152190208435059,0.39044180512428284,-0.16657742857933044,0.7992534637451172,0.18552187085151672,-0.06560889631509781,0.7248825430870056,0.2587244212627411,-0.11719343066215515,0.7084680199623108,0.35220643877983093,-0.1421532779932022,0.7238204479217529,0.35019102692604065,-0.15741196274757385,0.8759296536445618,0.21884968876838684,-0.060761094093322754,0.7833226323127747,0.329616904258728,-0.10889596492052078,0.7488462328910828,0.4144479036331177,-0.11455008387565613,0.7590487003326416,0.39475950598716736,-0.11290886253118515,0.9317806959152222,0.2916140854358673,-0.06465848535299301,0.8426299095153809,0.39923810958862305,-0.10768609493970871,0.8034207820892334,0.46051397919654846,-0.09290868043899536,0.8108538389205933,0.4433004856109619,-0.07657159864902496,0.9704651832580566,0.37795016169548035,-0.07636065036058426,0.8994172215461731,0.46365803480148315,-0.1024203896522522,0.8555164933204651,0.5032767057418823,-0.09533557295799255,0.8468922972679138,0.4941149353981018,-0.08335882425308228,fist,RRQ_p34,RRQ
0.7040692567825317,0.5065815448760986,-1.6672905189807352e-07,0.6501759886741638,0.48433905839920044,-0.025021687150001526,0.6056672930717468,0.461053729057312,-0.04261624813079834,0.5815361738204956,0.4626546800136566,-0.05642654001712799,0.6017706990242004,0.4828021228313446,-0.06719645857810974,0.6422555446624756,0.3619736135005951,-0.031755365431308746,0.6113385558128357,0.4252253770828247,-0.05002196133136749,0.6126402020454407,0.4511604905128479,-0.0611838735640049,0.6202291250228882,0.44175758957862854,-0.06959057599306107,0.6756422519683838,0.3751989006996155,-0.030229978263378143,0.6379945874214172,0.4574490487575531,-0.045360781252384186,0.6364391446113586,0.46705707907676697,-0.0477052666246891,0.6438606977462769,0.44754406809806824,-0.049770455807447433,0.7038085460662842,0.40674105286598206,-0.0315798781812191,0.6648592948913574,0.4851081073284149,-0.04342656955122948,0.6609992384910583,0.48779457807540894,-0.03699035197496414,0.6691721677780151,0.46981486678123474,-0.03188184276223183,0.7229394316673279,0.4448630213737488,-0.03632969781756401,0.6885837912559509,0.5054059624671936,-0.045295096933841705,0.6867135763168335,0.5003786087036133,-0.04335823655128479,0.6947494745254517,0.4800018072128296,-0.04031013324856758,fist,RRQ_p34,RRQ
0.7428801655769348,0.5534616708755493,4.2488824192332686e-07,0.6736600995063782,0.5168296098709106,-0.022286120802164078,0.6209355592727661,0.4536971151828766,-0.0336410216987133,0.5862101912498474,0.3997426927089691,-0.04485597833991051,0.5567207932472229,0.3705638647079468,-0.05650550127029419,0.6862067580223083,0.32637304067611694,-0.01115761324763298,0.6848018765449524,0.23193621635437012,-0.029856085777282715,0.6901105642318726,0.1727534532546997,-0.04862678423523903,0.6981728076934814,0.12165075540542603,-0.06257252395153046,0.7244240045547485,0.31766465306282043,-0.015761306509375572,0.724570095539093,0.21247689425945282,-0.029695509001612663,0.7282871007919312,0.14644131064414978,-0.04375486820936203,0.7336441874504089,0.09051620960235596,-0.054610077291727066,0.7620607614517212,0.32534700632095337,-0.024933084845542908,0.7615659832954407,0.22527673840522766,-0.03878246247768402,0.7613269090652466,0.163718119263649,-0.04816063120961189,0.7622213363647461,0.11161579191684723,-0.05518472194671631,0.8016125559806824,0.3484105169773102,-0.037299834191799164,0.8046839237213135,0.2696243226528168,-0.049988821148872375,0.8051670789718628,0.21786175668239594,-0.05432680994272232,0.8045441508293152,0.1715109497308731,-0.05722831189632416,open_palm,RRQ_p34,RRQ
0.7461649179458618,0.588909387588501,5.322982588040759e-07,0.6777000427246094,0.5444910526275635,-0.028655176982283592,0.6100371479988098,0.4867710471153259,-0.04530218616127968,0.5501615405082703,0.45131629705429077,-0.06144430488348007,0.5005143880844116,0.441915363073349,-0.07777199894189835,0.6834697127342224,0.32031339406967163,-0.020070930942893028,0.6560072302818298,0.22364968061447144,-0.03513466194272041,0.6418874859809875,0.17034024000167847,-0.048081256449222565,0.6320196390151978,0.12315604090690613,-0.05821812152862549,0.7343531250953674,0.30885380506515503,-0.023190779611468315,0.743003249168396,0.19908736646175385,-0.03135532885789871,0.7531784176826477,0.13755230605602264,-0.03885083645582199,0.7642896175384521,0.08844292163848877,-0.04546986520290375,0.7802713513374329,0.32504773139953613,-0.03188588470220566,0.8085387945175171,0.22915780544281006,-0.04807617887854576,0.8256430625915527,0.17127947509288788,-0.06007222831249237,0.8396238088607788,0.11984601616859436,-0.06805873662233353,0.8202379941940308,0.3602968752384186,-0.04373391717672348,0.8657561540603638,0.2964424192905426,-0.06257569789886475,0.896107017993927,0.25288403034210205,-0.0714496523141861,0.9224133491516113,0.2094491422176361,-0.07625996321439743,open_palm,RRQ_p34,RRQ
0.5164823532104492,0.8439403772354126,1.268591518055473e-06,0.39637690782546997,0.8265848159790039,-0.061651356518268585,0.2887932360172272,0.7767509818077087,-0.11582493036985397,0.19003285467624664,0.753380537033081,-0.16506348550319672,0.0963641107082367,0.7389698028564453,-0.21913672983646393,0.3176955580711365,0.5029376745223999,-0.11759382486343384,0.2403162270784378,0.34790170192718506,-0.18548022210597992,0.19011686742305756,0.24814370274543762,-0.23183022439479828,0.14731885492801666,0.15658441185951233,-0.26729920506477356,0.39399367570877075,0.46823152899742126,-0.13564805686473846,0.3658922612667084,0.26956164836883545,-0.20343905687332153,0.34819188714027405,0.13542839884757996,-0.2516678273677826,0.3320424258708954,0.011290311813354492,-0.28709760308265686,0.46982643008232117,0.49047476053237915,-0.15881425142288208,0.468689888715744,0.30189597606658936,-0.23559516668319702,0.4616299271583557,0.17678490281105042,-0.2850182056427002,0.4518100321292877,0.05360707640647888,-0.318252295255661,0.5451583862304688,0.550102174282074,-0.18427656590938568,0.5922105312347412,0.42170414328575134,-0.26181644201278687,0.6174155473709106,0.32810667157173157,-0.3008054494857788,0.6338634490966797,0.22990837693214417,-0.32591626048088074,open_palm,RRQ_p34,RRQ
0.4936097264289856,0.8186966180801392,1.338033939646266e-06,0.3694939613342285,0.7645673751831055,-0.055035434663295746,0.3023699223995209,0.6633749008178711,-0.11673374474048615,0.26919716596603394,0.5818590521812439,-0.17546331882476807,0.21682746708393097,0.5001815557479858,-0.24418576061725616,0.3498956561088562,0.5300092101097107,-0.18169720470905304,0.33736467361450195,0.36975061893463135,-0.28435519337654114,0.3313930630683899,0.2573873698711395,-0.35488560795783997,0.333073228597641,0.1514711081981659,-0.40807339549064636,0.4247620105743408,0.5390873551368713,-0.21743018925189972,0.4141750633716583,0.35026815533638,-0.32948416471481323,0.4129246175289154,0.21830052137374878,-0.41269057989120483,0.41294437646865845,0.08230817317962646,-0.4759822487831116,0.4942612051963806,0.5791453123092651,-0.2532491683959961,0.48552241921424866,0.41393983364105225,-0.36131107807159424,0.48335784673690796,0.296794056892395,-0.4385046362876892,0.48269224166870117,0.1824987530708313,-0.49362871050834656,0.5597801804542542,0.6393800973892212,-0.2888128161430359,0.5648922920227051,0.5322452783584595,-0.3862295150756836,0.5640509724617004,0.4457091689109802,-0.44648799300193787,0.5636089444160461,0.3586364984512329,-0.49302205443382263,open_palm,RRQ_p34,RRQ
0.6992138624191284,0.5593724846839905,3.9528589468318387e-07,0.6525678038597107,0.528672456741333,-0.022719070315361023,0.6165171265602112,0.4850481450557709,-0.03649028390645981,0.5937255620956421,0.44477003812789917,-0.04844113811850548,0.5752394199371338,0.40988752245903015,-0.05979035794734955,0.6517336964607239,0.38769179582595825,-0.019477566704154015,0.6493393778800964,0.31688618659973145,-0.03775719925761223,0.6511797904968262,0.2730479836463928,-0.053559038788080215,0.6552623510360718,0.23446720838546753,-0.06462831050157547,0.6821689605712891,0.3822953999042511,-0.021413547918200493,0.6828194856643677,0.3031979501247406,-0.035482171922922134,0.6858720779418945,0.25283461809158325,-0.047798171639442444,0.6892157196998596,0.20964102447032928,-0.056924980133771896,0.7105743288993835,0.39196401834487915,-0.02683202363550663,0.7127071619033813,0.31892451643943787,-0.04110733047127724,0.7140924334526062,0.2729324698448181,-0.04960131645202637,0.7144675254821777,0.2329653948545456,-0.055669065564870834,0.7389217615127563,0.4140758216381073,-0.03462726250290871,0.7464014887809753,0.3605465292930603,-0.04725852981209755,0.7509786486625671,0.32566481828689575,-0.051248159259557724,0.7539730668067932,0.2929264008998871,-0.05365542694926262,open_palm,RRQ_p34,RRQ
0.7712442278862,0.5488437414169312,4.4710128577207797e-07,0.7317556142807007,0.5355831384658813,-0.03191721439361572,0.690531849861145,0.5161594152450562,-0.05279314145445824,0.6509169936180115,0.5037679076194763,-0.07075995951890945,0.6158299446105957,0.5041341781616211,-0.08896195888519287,0.7078884840011597,0.3837672173976898,-0.03385968506336212,0.6816350221633911,0.3190309703350067,-0.053328827023506165,0.6651456356048584,0.2779712975025177,-0.06966325640678406,0.6513384580612183,0.24113398790359497,-0.08205842226743698,0.7387503981590271,0.3629007935523987,-0.03297630697488785,0.7277718186378479,0.2823522090911865,-0.048393405973911285,0.7194061875343323,0.2322285920381546,-0.06202196702361107,0.7111905217170715,0.18960952758789062,-0.07275106757879257,0.7701302170753479,0.36579516530036926,-0.035703144967556,0.7730330228805542,0.29157334566116333,-0.05284351855516434,0.7717736959457397,0.243734210729599,-0.06684007495641708,0.7683548331260681,0.20189134776592255,-0.07698774337768555,0.8002954721450806,0.385335236787796,-0.04128267988562584,0.8213234543800354,0.33325275778770447,-0.05714711174368858,0.834056556224823,0.29761967062950134,-0.06571914255619049,0.843647301197052,0.263999342918396,-0.07168994843959808,open_palm,RRQ_p34,RRQ
0.7824379801750183,0.6027564406394958,4.1306861930934247e-07,0.7184247374534607,0.5785586833953857,-0.02766997739672661,0.6647884249687195,0.5289506316184998,-0.04235967621207237,0.6335042715072632,0.4690900444984436,-0.05524159222841263,0.6280251145362854,0.40721920132637024,-0.06662364304065704,0.6751096248626709,0.4210025668144226,-0.014252197928726673,0.6533318758010864,0.3399070203304291,-0.03771955892443657,0.6437695026397705,0.2886400520801544,-0.05845179408788681,0.6380367279052734,0.23834918439388275,-0.07366210222244263,0.7078238725662231,0.397733211517334,-0.015761015936732292,0.6872035264968872,0.3073030710220337,-0.03385686129331589,0.6772218942642212,0.24907000362873077,-0.05065940320491791,0.6664115190505981,0.19270703196525574,-0.06354610621929169,0.7425779104232788,0.3939771056175232,-0.02243373915553093,0.7245346903800964,0.3107922375202179,-0.04073430970311165,0.713519811630249,0.2580203711986542,-0.0521765761077404,0.7013857364654541,0.2100609689950943,-0.060352906584739685,0.7813435792922974,0.4037315547466278,-0.032328229397535324,0.7684956192970276,0.3407871127128601,-0.0485338494181633,0.7578293681144714,0.2997708320617676,-0.05580030754208565,0.7451420426368713,0.2607598304748535,-0.06082707643508911,open_palm,RRQ_p34,RRQ
0.32323262095451355,0.5554826259613037,3.606775180742261e-07,0.39194875955581665,0.5252806544303894,-0.02874866873025894,0.43817228078842163,0.46146702766418457,-0.04240550473332405,0.46524786949157715,0.3999646306037903,-0.05511496961116791,0.47314462065696716,0.35073545575141907,-0.06854041665792465,0.41302135586738586,0.31188568472862244,-0.026691658422350883,0.42726823687553406,0.20925122499465942,-0.049755245447158813,0.43035557866096497,0.1452970802783966,-0.07039876282215118,0.4303491711616516,0.08561956882476807,-0.08614954352378845,0.3737044036388397,0.2976243197917938,-0.03101477585732937,0.3873467445373535,0.18005923926830292,-0.053200915455818176,0.39152824878692627,0.10328346490859985,-0.07544747740030289,0.3931017816066742,0.035485267639160156,-0.09260524809360504,0.33489084243774414,0.3091399371623993,-0.038718126714229584,0.34094828367233276,0.20168951153755188,-0.059067629277706146,0.34586793184280396,0.131773442029953,-0.07661895453929901,0.3488980531692505,0.0679510235786438,-0.0897669792175293,0.2938142418861389,0.33940866589546204,-0.0494137741625309,0.29586124420166016,0.2545395791530609,-0.0692666545510292,0.2985435724258423,0.19828501343727112,-0.08014675229787827,0.3012719750404358,0.1430130898952484,-0.0879553034901619,open_palm,RRQ_p34,RRQ
0.5167155265808105,0.6561558842658997,2.5680870407995826e-07,0.5803747177124023,0.6629335880279541,-0.008828825317323208,0.6327090263366699,0.622146725654602,-0.01624910533428192,0.6636804938316345,0.5885829925537109,-0.025629106909036636,0.6860069036483765,0.5684188604354858,-0.03713370859622955,0.6548904180526733,0.5120308995246887,-0.021339481696486473,0.6949873566627502,0.4382184147834778,-0.042516183108091354,0.719946563243866,0.3941683769226074,-0.05881549417972565,0.742956817150116,0.35269105434417725,-0.07129877805709839,0.6309592127799988,0.49632498621940613,-0.033692795783281326,0.6728419661521912,0.4102408289909363,-0.0537472665309906,0.701789915561676,0.3547849953174591,-0.07036981731653214,0.7270188331604004,0.30318135023117065,-0.08305933326482773,0.5996241569519043,0.4975419044494629,-0.04728017747402191,0.6348667144775391,0.41060763597488403,-0.06743079423904419,0.6587100625038147,0.3585502803325653,-0.08157020807266235,0.6799497008323669,0.30931103229522705,-0.09165723621845245,0.5622655153274536,0.511345624923706,-0.06153784319758415,0.5826806426048279,0.4468710422515869,-0.0822129026055336,0.6003919839859009,0.40511247515678406,-0.09269224852323532,0.6176064014434814,0.36366578936576843,-0.09971875697374344,open_palm,RRQ_p34,RRQ
0.3015110492706299,0.5294673442840576,3.941624981962377e-07,0.351609468460083,0.49016663432121277,-0.033376049250364304,0.3825918138027191,0.4211038649082184,-0.04964674636721611,0.39652204513549805,0.35843217372894287,-0.06383759528398514,0.38069257140159607,0.32254287600517273,-0.07868552207946777,0.3254471719264984,0.2999984323978424,-0.035946380347013474,0.31355106830596924,0.21008574962615967,-0.05959354341030121,0.3030067980289459,0.15386980772018433,-0.07948891073465347,0.2913062870502472,0.10163448750972748,-0.09443221986293793,0.2859143614768982,0.3020493686199188,-0.037041909992694855,0.26875224709510803,0.20062145590782166,-0.058050766587257385,0.2557777166366577,0.13435624539852142,-0.07775905728340149,0.2435532808303833,0.07500860095024109,-0.09300437569618225,0.25292330980300903,0.3255643844604492,-0.04150470718741417,0.23270896077156067,0.2359597235918045,-0.060583751648664474,0.22169315814971924,0.17480376362800598,-0.07704208791255951,0.21241632103919983,0.11906705796718597,-0.08929604291915894,0.22369830310344696,0.3639361560344696,-0.049417946487665176,0.20237091183662415,0.2959015965461731,-0.06748384982347488,0.18957844376564026,0.24969184398651123,-0.0782916396856308,0.1801411211490631,0.20426684617996216,-0.08615574240684509,open_palm,RRQ_p34,RRQ
0.28374966979026794,0.7328428030014038,4.204933929941035e-07,0.3303709626197815,0.6922765374183655,-0.03757797181606293,0.3621419370174408,0.6282389760017395,-0.061400726437568665,0.37038829922676086,0.5738092064857483,-0.08203567564487457,0.35164570808410645,0.5725120902061462,-0.10464845597743988,0.2881530225276947,0.545872151851654,-0.05845838412642479,0.2622932493686676,0.4756772518157959,-0.09108544886112213,0.24167831242084503,0.4293034076690674,-0.11512573808431625,0.2203940600156784,0.386504590511322,-0.1327308565378189,0.24685831367969513,0.5616329312324524,-0.06113382801413536,0.21204324066638947,0.4745458662509918,-0.09187208861112595,0.18664655089378357,0.4204370975494385,-0.11461621522903442,0.16162531077861786,0.371097207069397,-0.13127508759498596,0.2147592157125473,0.5943371057510376,-0.0662541538476944,0.1781177818775177,0.5153906941413879,-0.0943857803940773,0.15450862050056458,0.46447181701660156,-0.11266512423753738,0.1332041472196579,0.41677892208099365,-0.12506213784217834,0.18946966528892517,0.6386908888816833,-0.07442337274551392,0.15485608577728271,0.5857580900192261,-0.09884073585271835,0.13325417041778564,0.5508691668510437,-0.11132234334945679,0.11501945555210114,0.5142002701759338,-0.12002125382423401,open_palm,RRQ_p34,RRQ
0.516386866569519,0.6636669039726257,2.623339980800665e-07,0.5797687768936157,0.6643037796020508,-0.0149877043440938,0.6332535147666931,0.6273961067199707,-0.026075761765241623,0.6723356246948242,0.5988700985908508,-0.03810035064816475,0.704133152961731,0.5735045075416565,-0.05226478353142738,0.643653154373169,0.5156289339065552,-0.032598406076431274,0.6824741959571838,0.44031471014022827,-0.05696362629532814,0.7084595561027527,0.39678218960762024,-0.07428615540266037,0.7337390780448914,0.35684484243392944,-0.08780895918607712,0.6148599982261658,0.49926885962486267,-0.04341302439570427,0.6389716267585754,0.4061332046985626,-0.06875581294298172,0.6598062515258789,0.34604501724243164,-0.08958303928375244,0.6792451739311218,0.2919204831123352,-0.10565768927335739,0.5807161331176758,0.5061092376708984,-0.05547083914279938,0.5918968915939331,0.4170820116996765,-0.08109050244092941,0.6050727367401123,0.3567442297935486,-0.10046206414699554,0.6199420690536499,0.30108946561813354,-0.1146719753742218,0.5445727109909058,0.5307962894439697,-0.06838954240083694,0.5368584394454956,0.4628033936023712,-0.09545659273862839,0.5359205603599548,0.41591665148735046,-0.11094401776790619,0.5392647385597229,0.36844906210899353,-0.12152552604675293,open_palm,RRQ_p34,RRQ
0.4927561581134796,0.5199458599090576,4.5584837948808854e-07,0.5447245240211487,0.5191622972488403,-0.028504613786935806,0.5945379734039307,0.4978621304035187,-0.04594955965876579,0.6411207318305969,0.48393678665161133,-0.061958007514476776,0.679593563079834,0.48143795132637024,-0.07791690528392792,0.592155396938324,0.3640207052230835,-0.028291834518313408,0.623341977596283,0.2970553934574127,-0.04778752103447914,0.6424494385719299,0.2559429109096527,-0.06408235430717468,0.6589854955673218,0.2178623378276825,-0.0764458179473877,0.5636969208717346,0.3396384119987488,-0.029546214267611504,0.5881510376930237,0.25723767280578613,-0.04660985246300697,0.6033397912979126,0.2043871134519577,-0.061528969556093216,0.6151206493377686,0.1579495668411255,-0.07290305197238922,0.5319904088973999,0.33601734042167664,-0.03405829891562462,0.545993447303772,0.25767260789871216,-0.05108306556940079,0.5561560988426208,0.2059638649225235,-0.06411883980035782,0.5652337074279785,0.15847532451152802,-0.0732375830411911,0.4965800344944,0.34851232171058655,-0.04142254963517189,0.49598759412765503,0.2854955494403839,-0.05835055559873581,0.495515912771225,0.2419671267271042,-0.06689596176147461,0.4967595338821411,0.19835738837718964,-0.07221347838640213,open_palm,RRQ_p34,RRQ
0.3258107602596283,0.6375561952590942,6.105448733251251e-07,0.39291462302207947,0.5962823629379272,-0.0478045754134655,0.44517624378204346,0.5277622938156128,-0.07731101661920547,0.49425405263900757,0.4722287058830261,-0.10328860580921173,0.5448213219642639,0.4361467957496643,-0.13039511442184448,0.3751778304576874,0.38847383856773376,-0.06154024973511696,0.3770715594291687,0.2820989787578583,-0.09651169180870056,0.37888696789741516,0.21297168731689453,-0.12253974378108978,0.37849217653274536,0.14821267127990723,-0.14190486073493958,0.32511958479881287,0.3865072429180145,-0.062360361218452454,0.3063962161540985,0.2689611315727234,-0.09431084245443344,0.2943626344203949,0.19191594421863556,-0.11831675469875336,0.28130242228507996,0.122830331325531,-0.1364416927099228,0.28246891498565674,0.41205015778541565,-0.06750410050153732,0.2565496265888214,0.3075385093688965,-0.09886407852172852,0.23792614042758942,0.2377173751592636,-0.12029110640287399,0.22147947549819946,0.1727786809206009,-0.13488054275512695,0.2469005137681961,0.45796194672584534,-0.07683767378330231,0.2056615948677063,0.38595786690711975,-0.10625418275594711,0.17821425199508667,0.340381920337677,-0.12126938998699188,0.15465037524700165,0.29291588068008423,-0.13091883063316345,open_palm,RRQ_p34,RRQ
0.3556820750236511,0.8177140951156616,8.390980497097189e-07,0.448786199092865,0.7681758403778076,-0.061196934431791306,0.5249663591384888,0.6919196248054504,-0.10410969704389572,0.5941983461380005,0.6356401443481445,-0.14318718016147614,0.6577763557434082,0.5950798392295837,-0.1854972243309021,0.43030545115470886,0.5000165104866028,-0.09739627689123154,0.4397488832473755,0.34997281432151794,-0.1501651257276535,0.44803914427757263,0.24967730045318604,-0.18822810053825378,0.45477890968322754,0.1556645929813385,-0.21630215644836426,0.35998332500457764,0.49861693382263184,-0.10354552417993546,0.33796972036361694,0.3306187391281128,-0.15048657357692719,0.32545286417007446,0.2169370949268341,-0.18609942495822906,0.31363821029663086,0.11310797929763794,-0.2142481505870819,0.2984587550163269,0.5376099348068237,-0.11414600908756256,0.26518771052360535,0.38762056827545166,-0.16046270728111267,0.24449042975902557,0.2831088900566101,-0.19401666522026062,0.22823841869831085,0.18480658531188965,-0.21834255754947662,0.24725840985774994,0.6061810255050659,-0.1295783966779709,0.1837751716375351,0.5080526471138,-0.17491143941879272,0.1405666470527649,0.44408878684043884,-0.198909729719162,0.10400688648223877,0.3767324388027191,-0.21533659100532532,open_palm,RRQ_p34,RRQ
0.7837457656860352,0.5977453589439392,-2.9756648700640653e-07,0.7476208209991455,0.46166369318962097,0.011021303944289684,0.6881411075592041,0.3430708646774292,-0.0023878212086856365,0.6581021547317505,0.23988917469978333,-0.01880759559571743,0.6709169149398804,0.14687398076057434,-0.04029195010662079,0.6059918403625488,0.3435218930244446,-0.03812447562813759,0.4922381341457367,0.3859211206436157,-0.05021379888057709,0.46918219327926636,0.424159437417984,-0.054846204817295074,0.45929843187332153,0.43466973304748535,-0.060940247029066086,0.5992035865783691,0.4240334630012512,-0.05634753778576851,0.48381155729293823,0.48080340027809143,-0.06501591950654984,0.5210961103439331,0.5073630809783936,-0.05626804009079933,0.567670464515686,0.4993458390235901,-0.054394885897636414,0.6027861833572388,0.5128653645515442,-0.07056024670600891,0.5100008845329285,0.5597382187843323,-0.07782988250255585,0.5502113103866577,0.5765496492385864,-0.05676660314202309,0.5927073955535889,0.5655347108840942,-0.04680916666984558,0.6122050881385803,0.6018085479736328,-0.08347079902887344,0.5442878603935242,0.6237212419509888,-0.0890793651342392,0.582922637462616,0.6321229338645935,-0.07040365785360336,0.6203157305717468,0.6231449246406555,-0.05767619609832764,thumbs_up,RRQ_p34,RRQ
0.8316450119018555,0.654905378818512,-7.813691809133161e-07,0.7799634337425232,0.45749935507774353,-0.03791532292962074,0.7781615853309631,0.25956058502197266,-0.07058241218328476,0.8115317821502686,0.12552864849567413,-0.09454452991485596,0.8690885305404663,0.040574997663497925,-0.11395750939846039,0.8681393265724182,0.2815499007701874,-0.1098858192563057,0.6895356178283691,0.2607654333114624,-0.15728211402893066,0.696668267250061,0.3270295560359955,-0.16600465774536133,0.7466505169868469,0.33746805787086487,-0.16833649575710297,0.872491717338562,0.39451631903648376,-0.11334820091724396,0.6660295128822327,0.3767554759979248,-0.15560820698738098,0.6926342248916626,0.4165192246437073,-0.14498774707317352,0.7448370456695557,0.4211418032646179,-0.14137016236782074,0.8556257486343384,0.5015845894813538,-0.11824829131364822,0.6639108061790466,0.4794481694698334,-0.15869668126106262,0.6869642734527588,0.5108680725097656,-0.13467836380004883,0.7403173446655273,0.5168647766113281,-0.11942111700773239,0.8271482586860657,0.593694806098938,-0.12532171607017517,0.673416256904602,0.5649373531341553,-0.154563769698143,0.6956683397293091,0.5899099111557007,-0.14385175704956055,0.7476599812507629,0.6044081449508667,-0.13465051352977753,thumbs_up,RRQ_p34,RRQ
0.57403963804245,0.699372410774231,-8.507947200087074e-07,0.5484729409217834,0.6069182753562927,-0.04503101110458374,0.5637513399124146,0.4897913336753845,-0.06454901397228241,0.5762041807174683,0.39985114336013794,-0.07911477237939835,0.5686290860176086,0.3303256630897522,-0.08566813915967941,0.6910420060157776,0.44128718972206116,-0.030794775113463402,0.692272961139679,0.4510369300842285,-0.07036343961954117,0.6403554677963257,0.5056006908416748,-0.08989249169826508,0.6242685317993164,0.5160342454910278,-0.10107756406068802,0.7391476631164551,0.49795109033584595,-0.027157152071595192,0.7143275737762451,0.5297503471374512,-0.07072591036558151,0.6412617564201355,0.5726929306983948,-0.07969953119754791,0.6278185844421387,0.5652680397033691,-0.07797103375196457,0.7598836421966553,0.568988025188446,-0.03094106912612915,0.7243571877479553,0.6110005378723145,-0.07675307989120483,0.6522051095962524,0.6359167695045471,-0.067571721971035,0.6383441090583801,0.6221662163734436,-0.052695102989673615,0.7638747692108154,0.6388272643089294,-0.03917457535862923,0.7259157299995422,0.6770230531692505,-0.07104403525590897,0.6675690412521362,0.6885021924972534,-0.06644176691770554,0.6519638299942017,0.6724790930747986,-0.05617746338248253,thumbs_up,RRQ_p34,RRQ
0.6829119920730591,0.6097574234008789,-1.581744726308898e-07,0.6604356169700623,0.4854068160057068,-0.0016954466700553894,0.6129722595214844,0.3825717270374298,-0.016500428318977356,0.5939601063728333,0.2923825979232788,-0.033712826669216156,0.612760603427887,0.2195053994655609,-0.05190658941864967,0.5224498510360718,0.4062998294830322,-0.028270676732063293,0.4308587610721588,0.43043825030326843,-0.0468214675784111,0.4598790407180786,0.4516005218029022,-0.05879217013716698,0.499862939119339,0.45020708441734314,-0.06506617367267609,0.5109318494796753,0.4860701262950897,-0.036988187581300735,0.43022507429122925,0.49758225679397583,-0.04664278402924538,0.46408194303512573,0.5139043927192688,-0.044876161962747574,0.5043651461601257,0.5126176476478577,-0.04448767006397247,0.508395791053772,0.5626317858695984,-0.04460280016064644,0.44785815477371216,0.5622838735580444,-0.04856931045651436,0.4785526692867279,0.5732693672180176,-0.03580517694354057,0.5144181251525879,0.571745753288269,-0.028565453365445137,0.512430727481842,0.6322736144065857,-0.05279930680990219,0.4705994129180908,0.6196582913398743,-0.0515686459839344,0.5007466077804565,0.6273959279060364,-0.03598489984869957,0.5308210849761963,0.6279061436653137,-0.02407093346118927,thumbs_up,RRQ_p34,RRQ
0.6720658540725708,0.6715779304504395,-8.389813501707977e-07,0.630926251411438,0.5696793794631958,-0.07028480619192123,0.6260519623756409,0.4345397651195526,-0.10922027379274368,0.6238769292831421,0.3144327998161316,-0.140254944562912,0.5919464230537415,0.22800475358963013,-0.1590743213891983,0.7718074321746826,0.3575955033302307,-0.05725284665822983,0.832971453666687,0.40550556778907776,-0.10875044763088226,0.761366069316864,0.47289010882377625,-0.12683677673339844,0.7307422757148743,0.46372511982917786,-0.13659809529781342,0.8226058483123779,0.42267048358917236,-0.047905728220939636,0.8705257773399353,0.4742312729358673,-0.1113576889038086,0.7746489644050598,0.5322144627571106,-0.11949796229600906,0.7476180195808411,0.5039864778518677,-0.1142423152923584,0.851248562335968,0.49670615792274475,-0.04780704900622368,0.8883761167526245,0.543474018573761,-0.11220942437648773,0.7984189391136169,0.5897921323776245,-0.09767857939004898,0.7701781988143921,0.5621880292892456,-0.07510761171579361,0.8690457940101624,0.571311354637146,-0.05311710759997368,0.890693187713623,0.6067979335784912,-0.09056257456541061,0.8221560120582581,0.6346230506896973,-0.07981446385383606,0.7915301322937012,0.6063135266304016,-0.06437861174345016,thumbs_up,RRQ_p34,RRQ
0.6311572194099426,0.8138233423233032,-1.9364357228823792e-07,0.6210808157920837,0.6716151833534241,0.014396301470696926,0.5853778123855591,0.5593070983886719,0.012307239696383476,0.558215856552124,0.4662512540817261,0.0061382148414850235,0.5755401253700256,0.39344969391822815,-0.0013216305524110794,0.4689573049545288,0.5392290353775024,0.005216698627918959,0.3994547724723816,0.5483323931694031,0.012676185928285122,0.42096805572509766,0.5880820751190186,0.013762596063315868,0.45495206117630005,0.6045935153961182,0.012855719774961472,0.4352101683616638,0.6143493056297302,-0.0039008003659546375,0.3883415162563324,0.624430775642395,0.013760325498878956,0.41434282064437866,0.6580231189727783,0.01916869916021824,0.4499194025993347,0.6707335114479065,0.017580760642886162,0.4164012670516968,0.6990241408348083,-0.009252256713807583,0.38418251276016235,0.6980856657028198,0.009648405946791172,0.41106289625167847,0.7266275882720947,0.019648248329758644,0.4464753270149231,0.7401095628738403,0.01981174573302269,0.40810635685920715,0.7808705568313599,-0.013982413336634636,0.3876514732837677,0.7725692987442017,0.0019189264858141541,0.4167909026145935,0.7928348183631897,0.0177169106900692,0.44648241996765137,0.801374614238739,0.02829548344016075,thumbs_up,RRQ_p34,RRQ
0.6417496800422668,0.6018627882003784,-1.0357777000535862e-06,0.5764771699905396,0.5156424045562744,-0.053859952837228775,0.5625832676887512,0.3711017668247223,-0.07175489515066147,0.5659866333007812,0.2713133692741394,-0.08278217166662216,0.5550268888473511,0.1897583156824112,-0.08450858294963837,0.6609261631965637,0.26487022638320923,-0.03827476501464844,0.6165729761123657,0.3232482075691223,-0.0890360176563263,0.5849801898002625,0.4013795554637909,-0.11383650451898575,0.584993839263916,0.4173494577407837,-0.12644051015377045,0.7292170524597168,0.30089032649993896,-0.03280758485198021,0.6602385640144348,0.40313977003097534,-0.08114104717969894,0.6107653975486755,0.47168803215026855,-0.09059325605630875,0.6133370995521545,0.4655686914920807,-0.09078214317560196,0.7759828567504883,0.3690662980079651,-0.03740183264017105,0.7069107890129089,0.47342464327812195,-0.087945856153965,0.6502633094787598,0.5229435563087463,-0.0799056887626648,0.6475409269332886,0.5055574178695679,-0.06671831011772156,0.8084819316864014,0.4454335570335388,-0.047978758811950684,0.7540682554244995,0.5243932604789734,-0.08401718735694885,0.7032611966133118,0.5551255345344543,-0.08295072615146637,0.6908312439918518,0.5395804643630981,-0.07479362934827805,thumbs_up,RRQ_p34,RRQ
0.7667140960693359,0.6255642175674438,-2.6851520829040965e-07,0.7441190481185913,0.5493296980857849,0.0064241173677146435,0.7032324075698853,0.4799043536186218,-0.0033308356069028378,0.6891813278198242,0.42027392983436584,-0.015107792802155018,0.7073609232902527,0.3724935054779053,-0.028026511892676353,0.6745507717132568,0.4825846552848816,-0.0338163860142231,0.5944787263870239,0.5133947730064392,-0.05179370939731598,0.6176545023918152,0.5270285606384277,-0.05685713514685631,0.6453518867492676,0.5199941396713257,-0.05827333778142929,0.6782208681106567,0.5309601426124573,-0.04563014209270477,0.59769606590271,0.5636888742446899,-0.058735962957143784,0.623552680015564,0.5681833028793335,-0.05260493606328964,0.6511681079864502,0.5574749708175659,-0.049145083874464035,0.6825916767120361,0.581505537033081,-0.05553007498383522,0.613340437412262,0.6031098365783691,-0.06618810445070267,0.6378315687179565,0.6033560037612915,-0.05340930074453354,0.6641045808792114,0.5943959355354309,-0.044833313673734665,0.6876490712165833,0.6301594376564026,-0.06431611627340317,0.6317877769470215,0.637833297252655,-0.07103046029806137,0.6522400379180908,0.6361052989959717,-0.060706350952386856,0.6771920919418335,0.6300678849220276,-0.05222809687256813,thumbs_up,RRQ_p34,RRQ
0.25597846508026123,0.40274181962013245,-1.9002564499714936e-07,0.30080071091651917,0.3476197123527527,-0.005351921543478966,0.35818442702293396,0.30489054322242737,-0.018922554329037666,0.3849560022354126,0.2536658048629761,-0.03381684049963951,0.38235312700271606,0.20064544677734375,-0.04630693793296814,0.430553674697876,0.3425903916358948,-0.019172120839357376,0.4655812978744507,0.44434940814971924,-0.033016230911016464,0.43841102719306946,0.44949841499328613,-0.04146478697657585,0.4198038876056671,0.4261762201786041,-0.04816041886806488,0.41793718934059143,0.38332369923591614,-0.029110008850693703,0.4379381835460663,0.4830573797225952,-0.03509104624390602,0.4100669026374817,0.4757440686225891,-0.033594585955142975,0.3945821523666382,0.44766145944595337,-0.03543774038553238,0.3957158327102661,0.4285716712474823,-0.03975754976272583,0.40795809030532837,0.5095539093017578,-0.040645334869623184,0.3832150995731354,0.4993472099304199,-0.03155342862010002,0.3707233667373657,0.47243785858154297,-0.029147138819098473,0.3703462481498718,0.4727327227592468,-0.051953937858343124,0.3787056505680084,0.5290022492408752,-0.04738181084394455,0.3569129407405853,0.5167551040649414,-0.0369756743311882,0.34552517533302307,0.4923264980316162,-0.03180312737822533,thumbs_up,RRQ_p34,RRQ
0.4943315386772156,0.5453746318817139,-4.813833243133558e-07,0.5093103051185608,0.4596385061740875,8.337707549799234e-05,0.5448490381240845,0.40709710121154785,-0.006955463904887438,0.5714404582977295,0.3526363968849182,-0.016811911016702652,0.581213653087616,0.30095380544662476,-0.026807555928826332,0.63080894947052,0.4857735335826874,0.006878931075334549,0.6140004992485046,0.5177969932556152,0.007408994249999523,0.5909100770950317,0.5195683836936951,-0.00137690594419837,0.5748171806335449,0.5108774900436401,-0.010472733527421951,0.6341241002082825,0.5389214754104614,-0.0009196688188239932,0.6101125478744507,0.5639615654945374,0.010253499262034893,0.5898056030273438,0.5578003525733948,0.005806842818856239,0.5748898983001709,0.5465465188026428,-0.004042250569909811,0.6218117475509644,0.587229311466217,-0.008377624675631523,0.5980128645896912,0.5987488627433777,0.0022043585777282715,0.5797017812728882,0.5936876535415649,0.0028538962360471487,0.5656826496124268,0.5817025303840637,-0.0033543920144438744,0.6024448275566101,0.6281613707542419,-0.017067674547433853,0.5802427530288696,0.6385464072227478,-0.008397460915148258,0.5629413723945618,0.6304967403411865,-0.0015334059717133641,0.5494427680969238,0.6154823899269104,0.00048281578347086906,thumbs_up,RRQ_p34,RRQ
0.3078107535839081,0.6272720098495483,-3.9577216170982865e-07,0.35541045665740967,0.5497388243675232,-0.03150404989719391,0.36598628759384155,0.443126380443573,-0.04701786860823631,0.3599073588848114,0.3724321126937866,-0.05826945602893829,0.363411009311676,0.3158990740776062,-0.06519961357116699,0.2611140310764313,0.39664486050605774,-0.049237485975027084,0.3008566200733185,0.46895965933799744,-0.08889704942703247,0.33344966173171997,0.507436990737915,-0.10927826166152954,0.3382439613342285,0.49669015407562256,-0.11986150592565536,0.2143140733242035,0.4436381757259369,-0.047500915825366974,0.27624940872192383,0.5281111598014832,-0.08169852197170258,0.31511327624320984,0.5516853928565979,-0.08552483469247818,0.32124367356300354,0.5333133935928345,-0.08548101037740707,0.1890382170677185,0.5000547766685486,-0.04978160560131073,0.2548596262931824,0.5785735845565796,-0.07906543463468552,0.29189038276672363,0.5933346152305603,-0.07014172524213791,0.2971668243408203,0.574429452419281,-0.06127259135246277,0.17709508538246155,0.5568005442619324,-0.05609587952494621,0.2334332913160324,0.6165767908096313,-0.07517501711845398,0.2669629156589508,0.6296308040618896,-0.07261421531438828,0.2750607132911682,0.6146575808525085,-0.06687022000551224,thumbs_up,RRQ_p34,RRQ
0.24123677611351013,0.6612346172332764,-4.6663311081829306e-07,0.2820557951927185,0.5669698119163513,-0.0327514111995697,0.28222760558128357,0.45873209834098816,-0.04764048755168915,0.27864718437194824,0.38232916593551636,-0.05990200489759445,0.29151618480682373,0.3291739225387573,-0.06742499023675919,0.15302816033363342,0.43952837586402893,-0.04066740721464157,0.12160193920135498,0.4322909712791443,-0.07708602398633957,0.1696564257144928,0.47678083181381226,-0.08926667273044586,0.19150114059448242,0.49720725417137146,-0.09290605038404465,0.11107833683490753,0.49569815397262573,-0.03818569332361221,0.1017538532614708,0.5137426853179932,-0.07735507935285568,0.17134764790534973,0.5516837239265442,-0.07808860391378403,0.19612714648246765,0.5577175617218018,-0.07113207131624222,0.08916325122117996,0.5578588247299194,-0.04013393446803093,0.09148404002189636,0.5838630795478821,-0.08250200003385544,0.1673252284526825,0.6153092384338379,-0.06895186752080917,0.20049557089805603,0.6194130182266235,-0.05067628622055054,0.07842885702848434,0.6219203472137451,-0.04480871930718422,0.08827336132526398,0.6523534059524536,-0.07884825021028519,0.15067434310913086,0.6705361604690552,-0.07401227205991745,0.18393279612064362,0.6655024886131287,-0.0620223768055439,thumbs_up,RRQ_p34,RRQ
0.2631716728210449,0.6380444765090942,-1.2377719826872635e-07,0.2908989191055298,0.5573129653930664,-0.01411784254014492,0.3302546441555023,0.47152021527290344,-0.03394020348787308,0.33320319652557373,0.4068300724029541,-0.05295351520180702,0.3131832480430603,0.3536157011985779,-0.06893116235733032,0.3448692858219147,0.4786456823348999,-0.05630303546786308,0.43937116861343384,0.5241974592208862,-0.08682649582624435,0.4170013666152954,0.5373848080635071,-0.09886284917593002,0.38473743200302124,0.5251932144165039,-0.1044216975569725,0.3289325535297394,0.533502995967865,-0.06474849581718445,0.427585631608963,0.5825831890106201,-0.08690929412841797,0.39999109506607056,0.583881676197052,-0.08331797271966934,0.3680143356323242,0.5708246827125549,-0.08274243772029877,0.317865252494812,0.5939510464668274,-0.07344405353069305,0.4111183285713196,0.6291013956069946,-0.08732592314481735,0.38394033908843994,0.626287579536438,-0.07204487174749374,0.35205739736557007,0.6150527000427246,-0.06378547847270966,0.31026560068130493,0.6491594314575195,-0.0835212990641594,0.3886297047138214,0.6681674122810364,-0.08646532893180847,0.36848631501197815,0.6616455912590027,-0.07283727824687958,0.3364357650279999,0.6536399126052856,-0.0652078166604042,thumbs_up,RRQ_p34,RRQ
0.2672516703605652,0.692855179309845,-3.0369159276233404e-07,0.3022162914276123,0.6136535406112671,-0.043487731367349625,0.3018746078014374,0.5168344974517822,-0.06827644258737564,0.29086834192276,0.43987685441970825,-0.08492474257946014,0.27860817313194275,0.3688041567802429,-0.09784077852964401,0.20179244875907898,0.5177457928657532,-0.08414890617132187,0.27842098474502563,0.601842999458313,-0.11912399530410767,0.2999091148376465,0.6052246689796448,-0.13572204113006592,0.2889046370983124,0.5823076367378235,-0.14634370803833008,0.15956291556358337,0.586544930934906,-0.07612049579620361,0.2605045735836029,0.6696526408195496,-0.10047928988933563,0.27442964911460876,0.6539958119392395,-0.10001173615455627,0.2576070725917816,0.6279348134994507,-0.10374559462070465,0.1421051025390625,0.6547987461090088,-0.0700472742319107,0.23608848452568054,0.7251694202423096,-0.08861538022756577,0.25061193108558655,0.7070585489273071,-0.07463210821151733,0.23440471291542053,0.6797460317611694,-0.06778298318386078,0.13753223419189453,0.7223165035247803,-0.06954298168420792,0.20950326323509216,0.7672834992408752,-0.08499621599912643,0.22464071214199066,0.7522021532058716,-0.0818098708987236,0.21312761306762695,0.7318410277366638,-0.07866566628217697,thumbs_up,RRQ_p34,RRQ
0.26983314752578735,0.68305504322052,-4.2666107447075774e-07,0.31425532698631287,0.597753643989563,-0.02895740419626236,0.31957682967185974,0.4882626533508301,-0.04204139485955238,0.31576430797576904,0.4126715660095215,-0.0536569282412529,0.32375484704971313,0.3557659089565277,-0.06173429638147354,0.2006666511297226,0.4357852637767792,-0.02852499485015869,0.22132624685764313,0.4479774832725525,-0.06282251328229904,0.24753426015377045,0.488675057888031,-0.08150921016931534,0.24345259368419647,0.5020644664764404,-0.09144808351993561,0.1503034234046936,0.47973963618278503,-0.028510985895991325,0.19732432067394257,0.5209848880767822,-0.0613313727080822,0.2458256185054779,0.5626694560050964,-0.06759998947381973,0.2511749863624573,0.568631649017334,-0.06705755740404129,0.12146621942520142,0.5402880907058716,-0.032996222376823425,0.1736469715833664,0.5845064520835876,-0.06764110922813416,0.22794970870018005,0.6199016571044922,-0.06145063042640686,0.24077217280864716,0.6256895661354065,-0.050978247076272964,0.10586784780025482,0.6062908172607422,-0.04074375331401825,0.15218675136566162,0.6450065970420837,-0.06537099182605743,0.20232288539409637,0.6661652326583862,-0.06268148869276047,0.22195760905742645,0.6657361388206482,-0.054456211626529694,thumbs_up,RRQ_p34,RRQ
0.6945662498474121,0.7496904134750366,1.2102075288566994e-06,0.6266220211982727,0.7306281328201294,-0.033453963696956635,0.5627063512802124,0.6971429586410522,-0.06775768101215363,0.5365215539932251,0.6669862270355225,-0.10555119812488556,0.5357170701026917,0.6251164674758911,-0.1418498009443283,0.5447733402252197,0.47521594166755676,-0.061365749686956406,0.5032724738121033,0.34440523386001587,-0.10850416123867035,0.47874823212623596,0.2601659297943115,-0.13614366948604584,0.46079736948013306,0.1815507709980011,-0.15279601514339447,0.608359158039093,0.4574907124042511,-0.07772359251976013,0.5812153816223145,0.30203497409820557,-0.13066472113132477,0.575817346572876,0.1980777382850647,-0.15928767621517181,0.5750547647476196,0.10381567478179932,-0.17139971256256104,0.6742649674415588,0.4766485095024109,-0.09587310999631882,0.6351202130317688,0.4717866778373718,-0.15988583862781525,0.609181821346283,0.5834615230560303,-0.16238117218017578,0.5951581597328186,0.660422146320343,-0.1458185911178589,0.7309516668319702,0.5233431458473206,-0.11615519970655441,0.6915788054466248,0.531197190284729,-0.15942861139774323,0.6631266474723816,0.6106507778167725,-0.14901544153690338,0.6457204222679138,0.6687323451042175,-0.1298484206199646,peace_sign,RRQ_p34,RRQ
0.7219641804695129,0.6706057786941528,8.039250474212167e-07,0.6663095951080322,0.6511638164520264,-0.02612699382007122,0.6166483163833618,0.6046969294548035,-0.049430642277002335,0.6019485592842102,0.5565779209136963,-0.07526157796382904,0.6208052635192871,0.5175039768218994,-0.09952143579721451,0.6196525692939758,0.44514092803001404,-0.037978336215019226,0.5861715078353882,0.3487418591976166,-0.06959366798400879,0.568596601486206,0.28788942098617554,-0.08813612163066864,0.5568247437477112,0.23273256421089172,-0.09960886836051941,0.668479323387146,0.4399929940700531,-0.04917081445455551,0.6588663458824158,0.31838688254356384,-0.08448781818151474,0.6593111753463745,0.23979423940181732,-0.10395988821983337,0.6624507308006287,0.16993361711502075,-0.11267047375440598,0.717620313167572,0.4624994695186615,-0.06288443505764008,0.6938508749008179,0.42543530464172363,-0.10993698239326477,0.6709096431732178,0.49822044372558594,-0.11541412025690079,0.6576650142669678,0.5519443154335022,-0.10592810064554214,0.7624413967132568,0.5017491579055786,-0.07809319347143173,0.7387651205062866,0.47098594903945923,-0.11150627583265305,0.7126246094703674,0.5174117088317871,-0.10773488879203796,0.693446934223175,0.5576177835464478,-0.09689347445964813,peace_sign,RRQ_p34,RRQ
0.7501997351646423,0.6449568867683411,7.735455369584088e-07,0.6984480023384094,0.6040478944778442,-0.022846369072794914,0.6685720086097717,0.5310980677604675,-0.04045141115784645,0.6611517667770386,0.4702862799167633,-0.06028195098042488,0.6805021166801453,0.42173779010772705,-0.07807057350873947,0.6996487379074097,0.4079533517360687,-0.027416938915848732,0.6909598708152771,0.30699872970581055,-0.05032949522137642,0.6892971396446228,0.24813076853752136,-0.06172198802232742,0.6908187866210938,0.19714610278606415,-0.06869743764400482,0.7429391145706177,0.4178944230079651,-0.03515741974115372,0.7654886841773987,0.2968832552433014,-0.06323529034852982,0.7836188077926636,0.22772519290447235,-0.0780501663684845,0.8014657497406006,0.1699354648590088,-0.08400186896324158,0.7810492515563965,0.4508892893791199,-0.04537162929773331,0.7629478573799133,0.3973384201526642,-0.08424738049507141,0.7242607474327087,0.4497603476047516,-0.08841967582702637,0.7010323405265808,0.4894866347312927,-0.07977112382650375,0.8137598633766174,0.4940589368343353,-0.05679154023528099,0.7965081930160522,0.44571036100387573,-0.08465160429477692,0.7672650218009949,0.47480469942092896,-0.08234809339046478,0.7466660141944885,0.5023536086082458,-0.07382374256849289,peace_sign,RRQ_p34,RRQ
0.5988335609436035,0.7868073582649231,9.441435508961149e-07,0.5261667370796204,0.7991571426391602,-0.03173846751451492,0.45569124817848206,0.7892070412635803,-0.06092431768774986,0.41141819953918457,0.7766513228416443,-0.09235085546970367,0.3945310115814209,0.7244358658790588,-0.12148940563201904,0.42042699456214905,0.6119669675827026,-0.04680851846933365,0.3523103594779968,0.5414533615112305,-0.08292146027088165,0.30867868661880493,0.5076150298118591,-0.10256244987249374,0.27015420794487,0.47067543864250183,-0.11355912685394287,0.4649648666381836,0.568574845790863,-0.05653982236981392,0.40765494108200073,0.46376344561576843,-0.09872378408908844,0.3723815083503723,0.3887009620666504,-0.12300723791122437,0.3426874279975891,0.3208841383457184,-0.13272522389888763,0.5145657062530518,0.5570891499519348,-0.0687093511223793,0.44481346011161804,0.6065455079078674,-0.1207098588347435,0.4391056001186371,0.7058440446853638,-0.1280517280101776,0.44499725103378296,0.7725168466567993,-0.11763528734445572,0.5563507080078125,0.5741169452667236,-0.08298352360725403,0.49501004815101624,0.6316590309143066,-0.11541392654180527,0.4870762526988983,0.7045684456825256,-0.11101371794939041,0.49028727412223816,0.7547856569290161,-0.09887313842773438,peace_sign,RRQ_p34,RRQ
0.8708416223526001,0.5486123561859131,5.372775149226072e-07,0.8335529565811157,0.4535750150680542,0.025580937042832375,0.7768446803092957,0.40298908948898315,0.028343677520751953,0.724024772644043,0.39915889501571655,0.022609472274780273,0.6889708638191223,0.42240631580352783,0.015522423200309277,0.7464631795883179,0.3432753384113312,0.00565645145252347,0.6844089031219482,0.261121928691864,-0.008108260110020638,0.6489671468734741,0.20574073493480682,-0.013925271108746529,0.6228152513504028,0.16511717438697815,-0.015434488654136658,0.7244670987129211,0.3762732744216919,-0.014252250082790852,0.6268506050109863,0.337039589881897,-0.02971394546329975,0.5686879754066467,0.3097309172153473,-0.0369386151432991,0.5267397165298462,0.2895796298980713,-0.039677418768405914,0.7118479013442993,0.4286563992500305,-0.03056691214442253,0.6490837335586548,0.4654753804206848,-0.03822685778141022,0.6728228330612183,0.490780770778656,-0.030500635504722595,0.6965702176094055,0.49480801820755005,-0.02121609076857567,0.7040191888809204,0.4898224174976349,-0.045518312603235245,0.6589550971984863,0.5167267918586731,-0.04271024093031883,0.6801552176475525,0.5379679203033447,-0.027882490307092667,0.7016850113868713,0.5397418737411499,-0.014489958062767982,peace_sign,RRQ_p34,RRQ
0.7512145042419434,0.6386936902999878,8.613220643383102e-07,0.6895065903663635,0.5950316786766052,-0.019626306369900703,0.6477453112602234,0.5165796279907227,-0.03803189471364021,0.6209560036659241,0.4524393081665039,-0.06056508421897888,0.6366714835166931,0.39656752347946167,-0.08100324869155884,0.6731554269790649,0.3959423303604126,-0.02462611347436905,0.6510503888130188,0.28933942317962646,-0.05107099935412407,0.6457390785217285,0.23019450902938843,-0.06405997276306152,0.6467740535736084,0.17581218481063843,-0.07210607826709747,0.7162576913833618,0.3899820148944855,-0.03497070074081421,0.7242975234985352,0.25579962134361267,-0.06884066015481949,0.7380563020706177,0.17810574173927307,-0.08670886605978012,0.7534624338150024,0.11544513702392578,-0.0941358283162117,0.7557104229927063,0.41013303399086,-0.04770467057824135,0.7115328311920166,0.35355573892593384,-0.09070245176553726,0.6716421246528625,0.4202326834201813,-0.09499575197696686,0.6513203382492065,0.47662287950515747,-0.085817351937294,0.7869265079498291,0.44376444816589355,-0.061624929308891296,0.737928032875061,0.40841245651245117,-0.09167254716157913,0.7018738389015198,0.44927510619163513,-0.0908028706908226,0.6795601844787598,0.49004751443862915,-0.08327800035476685,peace_sign,RRQ_p34,RRQ
0.7552211284637451,0.6047968864440918,6.37124401237088e-07,0.7490048408508301,0.48533371090888977,0.006152660120278597,0.6988078355789185,0.40999406576156616,-0.005382413975894451,0.6320768594741821,0.399905800819397,-0.019351890310645103,0.5863052010536194,0.41121867299079895,-0.03406856581568718,0.7047355771064758,0.36447516083717346,-0.04086894541978836,0.6343503594398499,0.25421208143234253,-0.06783436983823776,0.5939614176750183,0.1944827139377594,-0.08005817234516144,0.5615258812904358,0.14919248223304749,-0.08454197645187378,0.6620901823043823,0.4097467362880707,-0.052469804883003235,0.5756142139434814,0.31092554330825806,-0.07632870227098465,0.5216585993766785,0.2541314363479614,-0.08550654351711273,0.47942689061164856,0.21460458636283875,-0.08935624361038208,0.6252800226211548,0.46118512749671936,-0.059489402920007706,0.5829976201057434,0.41576626896858215,-0.07008535414934158,0.6091636419296265,0.42708519101142883,-0.05850723385810852,0.6308984160423279,0.44770869612693787,-0.045619942247867584,0.5962116718292236,0.5136427879333496,-0.06662009656429291,0.5844316482543945,0.4717130959033966,-0.06254082918167114,0.6058991551399231,0.48315009474754333,-0.04461614415049553,0.6216557621955872,0.5010192394256592,-0.02837790921330452,peace_sign,RRQ_p34,RRQ
0.11402013897895813,0.4893864393234253,9.311200983574963e-07,0.14572679996490479,0.37571993470191956,0.015550611540675163,0.2135739028453827,0.3116837441921234,0.0025641880929470062,0.2852039933204651,0.3081802725791931,-0.01600169576704502,0.3330621123313904,0.32514387369155884,-0.0321282297372818,0.22167208790779114,0.24318376183509827,-0.03927062451839447,0.294107586145401,0.14505082368850708,-0.06906599551439285,0.34602034091949463,0.10505081713199615,-0.08302923291921616,0.3870983123779297,0.08207470178604126,-0.0899544358253479,0.24372276663780212,0.29146844148635864,-0.061869293451309204,0.36454835534095764,0.24725520610809326,-0.09642452746629715,0.43692219257354736,0.23010186851024628,-0.10979747772216797,0.4869307279586792,0.22500213980674744,-0.11584009975194931,0.2590421736240387,0.35576173663139343,-0.07912199199199677,0.3508233428001404,0.3827197253704071,-0.09311869740486145,0.32397836446762085,0.40701156854629517,-0.0705825462937355,0.28917261958122253,0.411234587430954,-0.05128194019198418,0.2711474895477295,0.4291119873523712,-0.09692663699388504,0.3421535789966583,0.44951727986335754,-0.09100164473056793,0.3199427127838135,0.4655599892139435,-0.06360218673944473,0.2872547507286072,0.4624674618244171,-0.041262105107307434,peace_sign,RRQ_p34,RRQ
0.4264884889125824,0.6105998158454895,8.432582490058849e-07,0.445825457572937,0.49689510464668274,0.013112684711813927,0.5025116801261902,0.43097996711730957,0.005124419461935759,0.561415433883667,0.42303937673568726,-0.006597236730158329,0.6036770939826965,0.4452568292617798,-0.018471023067831993,0.540911853313446,0.3788912296295166,-0.03720627725124359,0.6215671896934509,0.2845299243927002,-0.05780372768640518,0.6730510592460632,0.2414063811302185,-0.06628334522247314,0.71422278881073,0.214646577835083,-0.06957429647445679,0.5777608156204224,0.4388275742530823,-0.05211441218852997,0.6870486736297607,0.3917663097381592,-0.0695628970861435,0.752892017364502,0.36976704001426697,-0.07809219509363174,0.7978787422180176,0.36221712827682495,-0.08251934498548508,0.5974457263946533,0.507048487663269,-0.06115426868200302,0.6311571598052979,0.5053099393844604,-0.06039214879274368,0.6034048199653625,0.5120653510093689,-0.04455309361219406,0.5757607817649841,0.5203871130943298,-0.03253168240189552,0.6049041152000427,0.5681204795837402,-0.07039497792720795,0.6153077483177185,0.5601726174354553,-0.05626260116696358,0.5888307690620422,0.5660540461540222,-0.03244301676750183,0.5634778738021851,0.5729272961616516,-0.013760901987552643,peace_sign,RRQ_p34,RRQ
0.4459337592124939,0.6925297379493713,1.094429535442032e-06,0.5347344875335693,0.6389902830123901,-0.008594250306487083,0.5967531800270081,0.5680341720581055,-0.03137664869427681,0.6360310316085815,0.510729968547821,-0.06101111322641373,0.6295950412750244,0.46986308693885803,-0.08586610108613968,0.5696073770523071,0.4270472824573517,-0.02553366869688034,0.6467546224594116,0.3546336889266968,-0.07190864533185959,0.7024002075195312,0.3141733705997467,-0.10040018707513809,0.7438160181045532,0.27643388509750366,-0.11639603227376938,0.5202887058258057,0.4078962504863739,-0.0508170984685421,0.5844864249229431,0.2844505310058594,-0.11413733661174774,0.6279776096343994,0.20363277196884155,-0.14754055440425873,0.6585545539855957,0.13446635007858276,-0.16110429167747498,0.4787863790988922,0.4256724715232849,-0.07621538639068604,0.5873156189918518,0.46882155537605286,-0.1373077929019928,0.581680417060852,0.5501992702484131,-0.1325892060995102,0.5580158233642578,0.5852625966072083,-0.11135300248861313,0.45717310905456543,0.4723106026649475,-0.1034071072936058,0.5565932393074036,0.5196698307991028,-0.13735215365886688,0.5604043006896973,0.5823089480400085,-0.12305661290884018,0.5390619039535522,0.6025515794754028,-0.10228098928928375,peace_sign,RRQ_p34,RRQ
0.29688602685928345,0.6528620719909668,8.425117243859859e-07,0.35224878787994385,0.6191610097885132,-0.027254154905676842,0.3877643048763275,0.5822933316230774,-0.05014392361044884,0.403717041015625,0.5577727556228638,-0.07511595636606216,0.4117875397205353,0.5289007425308228,-0.09625639766454697,0.3923426866531372,0.4336642324924469,-0.04380222037434578,0.4328770637512207,0.33744415640830994,-0.08302315324544907,0.46009600162506104,0.2801101803779602,-0.10288073867559433,0.4761001467704773,0.2267313152551651,-0.11199009418487549,0.33759334683418274,0.4201488196849823,-0.05356741324067116,0.34370648860931396,0.32306501269340515,-0.1025802344083786,0.34739574790000916,0.2524002492427826,-0.1261458843946457,0.34393930435180664,0.1856486201286316,-0.1322304606437683,0.28819531202316284,0.44176656007766724,-0.06536205112934113,0.33040815591812134,0.496725857257843,-0.11987694352865219,0.3572195768356323,0.5587930083274841,-0.1273021101951599,0.36854076385498047,0.5879358649253845,-0.11398181319236755,0.2511053681373596,0.4842418432235718,-0.07937555015087128,0.2956406772136688,0.5452921986579895,-0.11093300580978394,0.3245781362056732,0.5902149677276611,-0.1073133796453476,0.34001436829566956,0.6082099676132202,-0.09343037754297256,peace_sign,RRQ_p34,RRQ
0.3031119406223297,0.6738364696502686,6.484863206424052e-07,0.3498239517211914,0.6303828954696655,-0.020689651370048523,0.3822411894798279,0.5698049664497375,-0.03530644625425339,0.39632105827331543,0.5207731127738953,-0.05226729065179825,0.38636788725852966,0.4803093373775482,-0.0658189058303833,0.3528847396373749,0.45675918459892273,-0.024177001789212227,0.375188410282135,0.3654032349586487,-0.050087325274944305,0.38698238134384155,0.31233441829681396,-0.06318206340074539,0.3936920464038849,0.26544827222824097,-0.06907229870557785,0.3102480471134186,0.4541204571723938,-0.03261394426226616,0.3124905228614807,0.35260438919067383,-0.06693689525127411,0.31345394253730774,0.28788989782333374,-0.08443716913461685,0.3105411231517792,0.234018012881279,-0.08928582817316055,0.27503103017807007,0.47416701912879944,-0.04320530220866203,0.328583300113678,0.4645926058292389,-0.08653424680233002,0.3484479784965515,0.5220587849617004,-0.0924585685133934,0.3511706292629242,0.5603257417678833,-0.0817427858710289,0.253210186958313,0.5096138715744019,-0.055608950555324554,0.30619361996650696,0.5181119441986084,-0.08560303598642349,0.33367493748664856,0.5556379556655884,-0.08667062968015671,0.3466129004955292,0.5831509232521057,-0.07759566605091095,peace_sign,RRQ_p34,RRQ
0.25288307666778564,0.6350444555282593,8.556401098758215e-07,0.31015676259994507,0.600305438041687,-0.04648258164525032,0.3458537459373474,0.5668226480484009,-0.08316903561353683,0.3520921468734741,0.5798021554946899,-0.12167942523956299,0.33221930265426636,0.6043458580970764,-0.1596735417842865,0.3196079134941101,0.4056147336959839,-0.07019562274217606,0.32147157192230225,0.2908966541290283,-0.12288831174373627,0.3232819437980652,0.2177107185125351,-0.15094974637031555,0.31870681047439575,0.15343409776687622,-0.1650581657886505,0.254056453704834,0.40890344977378845,-0.07933304458856583,0.2065364569425583,0.33600568771362305,-0.1462048888206482,0.15740855038166046,0.28262627124786377,-0.1743232011795044,0.11224305629730225,0.23527275025844574,-0.17838676273822784,0.20606181025505066,0.44371455907821655,-0.0927446037530899,0.23104920983314514,0.5293179750442505,-0.1693688929080963,0.2783396542072296,0.6093170642852783,-0.18233655393123627,0.31175798177719116,0.6529534459114075,-0.16555027663707733,0.17601272463798523,0.49388793110847473,-0.11024994403123856,0.2046620100736618,0.5779507160186768,-0.16136617958545685,0.24893903732299805,0.6324756145477295,-0.16266661882400513,0.286423921585083,0.6584038734436035,-0.14734144508838654,peace_sign,RRQ_p34,RRQ
0.098364919424057,0.5209952592849731,1.116234216169687e-06,0.14126649498939514,0.3998965620994568,-0.0014560299459844828,0.2277163565158844,0.3364565372467041,-0.02632792480289936,0.31618067622184753,0.3550814390182495,-0.052886586636304855,0.3775175213813782,0.3805287778377533,-0.07675182819366455,0.22298339009284973,0.24872489273548126,-0.06936794519424438,0.31014546751976013,0.1574481874704361,-0.10995715856552124,0.36906635761260986,0.10640037059783936,-0.13686935603618622,0.42074310779571533,0.06930556893348694,-0.15537160634994507,0.2293892651796341,0.31792187690734863,-0.09051424264907837,0.3650490641593933,0.2969426214694977,-0.131086528301239,0.44938093423843384,0.29573294520378113,-0.14681869745254517,0.5149465203285217,0.29544997215270996,-0.1588350087404251,0.2376789003610611,0.3992772102355957,-0.10744704306125641,0.35904332995414734,0.41032758355140686,-0.13105764985084534,0.3267536461353302,0.4223686158657074,-0.11016814410686493,0.28403663635253906,0.4202808439731598,-0.09485714137554169,0.2463865876197815,0.47966957092285156,-0.1263273060321808,0.3364329934120178,0.4799140989780426,-0.13076986372470856,0.30583930015563965,0.4832388758659363,-0.10435624420642853,0.2672213315963745,0.4764058589935303,-0.08452778309583664,peace_sign,RRQ_p34,RRQ
0.5341483950614929,0.789940357208252,4.54934223625969e-07,0.5169461965560913,0.6370357275009155,0.02541549876332283,0.5494816899299622,0.519220769405365,0.03102780319750309,0.6062716245651245,0.435183048248291,0.03894573077559471,0.6385968923568726,0.3818429708480835,0.04851390793919563,0.6284931302070618,0.48641765117645264,-0.033466823399066925,0.6786457300186157,0.2976391911506653,-0.03374404460191727,0.7065367102622986,0.20579376816749573,-0.028240732848644257,0.7303571105003357,0.12972792983055115,-0.023600494489073753,0.6940907835960388,0.5343613624572754,-0.027337202802300453,0.7705056667327881,0.3680106997489929,-0.025919713079929352,0.8125805854797363,0.2929050326347351,-0.016249582171440125,0.8434809446334839,0.24206066131591797,-0.010143882595002651,0.7285993695259094,0.5971403121948242,-0.010494513437151909,0.7279755473136902,0.4981101155281067,0.01521091815084219,0.689649760723114,0.4906933903694153,0.04068033769726753,0.6550498008728027,0.5166741013526917,0.0558868944644928,0.7421799302101135,0.6505327224731445,0.009012739174067974,0.7243710160255432,0.5687098503112793,0.03979211300611496,0.6858107447624207,0.5620258450508118,0.06540047377347946,0.6569933891296387,0.5843024849891663,0.08332475274801254,peace_sign,RRQ_p34,RRQ
0.550715982913971,0.9112939834594727,-9.740048056983142e-08,0.5391174554824829,0.8095908164978027,0.0020522139966487885,0.5489246249198914,0.72502601146698,0.007941024377942085,0.5558079481124878,0.6628169417381287,0.013910447247326374,0.5548815727233887,0.6126165986061096,0.02136451192200184,0.6454816460609436,0.7600044012069702,0.03835592418909073,0.6786823272705078,0.7264471054077148,0.07552935928106308,0.6667196750640869,0.7152082920074463,0.09832269698381424,0.647502064704895,0.7167162299156189,0.1116664707660675,0.658913254737854,0.8144055008888245,0.04831746593117714,0.6894022226333618,0.7863416075706482,0.0944846123456955,0.6680158972740173,0.7745876908302307,0.11377576738595963,0.6498194336891174,0.7763198614120483,0.12059752643108368,0.6580252051353455,0.8630421161651611,0.058618899434804916,0.6892414689064026,0.8357775211334229,0.09855477511882782,0.6719307899475098,0.8243791460990906,0.1090659573674202,0.6528810262680054,0.8265773057937622,0.10762207210063934,0.6511164903640747,0.9042918682098389,0.06908860802650452,0.6734883189201355,0.876193106174469,0.10076417773962021,0.6607810854911804,0.863714337348938,0.1148589625954628,0.6451528668403625,0.8655405044555664,0.11985444277524948,neutral,RRQ_p34,RRQ
0.5114794373512268,0.813149094581604,-3.099134175954532e-07,0.4887923002243042,0.7036020159721375,-0.020082462579011917,0.51374351978302,0.6159343719482422,-0.01106173824518919,0.5363940000534058,0.5502358675003052,0.004390908870846033,0.5454298853874207,0.5012887716293335,0.022536562755703926,0.6067032814025879,0.6041381359100342,0.03547001630067825,0.5985284447669983,0.5325334668159485,0.0698586031794548,0.5604774355888367,0.5373706817626953,0.08360931277275085,0.5405905246734619,0.5611512064933777,0.09046603739261627,0.6257578134536743,0.6456078886985779,0.06070877984166145,0.6045435667037964,0.5723870992660522,0.0985945612192154,0.5668824315071106,0.5678817629814148,0.10038440674543381,0.5446847081184387,0.5885316133499146,0.09593608975410461,0.6241248250007629,0.6820898652076721,0.08498118817806244,0.5979982614517212,0.6166053414344788,0.11376436799764633,0.5662814378738403,0.6087030172348022,0.10738281160593033,0.5473445057868958,0.6291765570640564,0.09751064330339432,0.6195225119590759,0.7107675075531006,0.10865548998117447,0.5988693237304688,0.6489266753196716,0.12979158759117126,0.5759447813034058,0.6421393752098083,0.13299626111984253,0.5623093843460083,0.6580296158790588,0.13285543024539948,neutral,RRQ_p34,RRQ
0.3473530411720276,0.5918585062026978,-4.485873432713561e-07,0.34261950850486755,0.4595348536968231,0.013738424517214298,0.39430418610572815,0.3704681694507599,0.023356545716524124,0.447235643863678,0.33580607175827026,0.03185863420367241,0.4764499068260193,0.3256399929523468,0.04192401096224785,0.4536948800086975,0.3795270621776581,-0.0014629065990447998,0.5252304673194885,0.2874334454536438,0.00018914368411060423,0.5144839286804199,0.2665139436721802,0.007180191110819578,0.496237188577652,0.2740623652935028,0.01513740886002779,0.48923736810684204,0.43570297956466675,-0.0034990429412573576,0.5349996089935303,0.33887359499931335,0.007272747810930014,0.5138156414031982,0.3169832229614258,0.01935003325343132,0.4924643933773041,0.3220573365688324,0.026783481240272522,0.5078480839729309,0.4867185652256012,-0.0030720033682882786,0.5262372493743896,0.3929345905780792,0.010599669069051743,0.5024431347846985,0.37626421451568604,0.022843215614557266,0.4818284213542938,0.3851661682128906,0.027879640460014343,0.5142324566841125,0.5255979895591736,-0.001248386688530445,0.5195688605308533,0.44530680775642395,0.014776087366044521,0.49933838844299316,0.4266730546951294,0.02942061610519886,0.4817531704902649,0.433345228433609,0.03846929594874382,neutral,RRQ_p34,RRQ
0.2950041890144348,0.558090329170227,1.3828945100158307e-07,0.2864575684070587,0.43573257327079773,0.040801987051963806,0.3000935912132263,0.35226646065711975,0.042178865522146225,0.34527790546417236,0.30912142992019653,0.03324373438954353,0.3869074881076813,0.3100004494190216,0.023326916620135307,0.2755381464958191,0.28838974237442017,0.003920289222151041,0.3700535297393799,0.22352808713912964,0.0013852899428457022,0.41580379009246826,0.2336372286081314,0.005527898203581572,0.4384238123893738,0.25680387020111084,0.009177062660455704,0.30709952116012573,0.3039360046386719,-0.02688426338136196,0.401408851146698,0.2226080298423767,-0.0239762831479311,0.44083958864212036,0.24197793006896973,-0.017267582938075066,0.4550938606262207,0.2711712419986725,-0.013654017820954323,0.3474699854850769,0.33777472376823425,-0.05219121649861336,0.4326392412185669,0.23783332109451294,-0.04767918959259987,0.47103339433670044,0.2542804479598999,-0.03360816091299057,0.48486965894699097,0.278160035610199,-0.02542981319129467,0.39389142394065857,0.38670074939727783,-0.07397258281707764,0.45584598183631897,0.2878754734992981,-0.06572488695383072,0.4866827130317688,0.27980315685272217,-0.04632191359996796,0.5018231868743896,0.28245148062705994,-0.032023534178733826,neutral,RRQ_p34,RRQ
0.4205562174320221,0.682600736618042,-5.195396397539298e-07,0.41368401050567627,0.5526175498962402,0.015414967201650143,0.4409026801586151,0.46071040630340576,0.023244518786668777,0.47089269757270813,0.3999987840652466,0.031358640640974045,0.4899381399154663,0.3638206720352173,0.039953093975782394,0.5411455631256104,0.4872349798679352,-0.0064027998596429825,0.5407444834709167,0.3533996343612671,0.0029072165489196777,0.5194630026817322,0.29759007692337036,0.013594263233244419,0.5032575130462646,0.25564634799957275,0.021697407588362694,0.5707479119300842,0.5104432702064514,-0.00739631662145257,0.5739912986755371,0.36005279421806335,-0.0016364770708605647,0.5438576340675354,0.29856324195861816,0.006655990611761808,0.5141124129295349,0.2587733268737793,0.012344764545559883,0.5771492719650269,0.5274689793586731,-0.0032681855373084545,0.5780282616615295,0.39078477025032043,0.005926026962697506,0.5517652630805969,0.33514952659606934,0.014330350793898106,0.5231329798698425,0.30063462257385254,0.018557433038949966,0.5634472966194153,0.5358695983886719,0.0028883926570415497,0.5667298436164856,0.4470229148864746,0.017906630411744118,0.5487006306648254,0.40928930044174194,0.031016478314995766,0.5237382054328918,0.3872251510620117,0.039558522403240204,neutral,RRQ_p34,RRQ
0.6524767279624939,0.5746164321899414,-7.112521416274831e-07,0.5976505875587463,0.5142053365707397,0.0010932298609986901,0.5784931182861328,0.4476013779640198,-0.003317655762657523,0.5694925785064697,0.3895728588104248,-0.01349675189703703,0.5685445070266724,0.3351549208164215,-0.02020101435482502,0.6568279266357422,0.3635101020336151,0.023629087954759598,0.6033854484558105,0.32217901945114136,-0.0009241199586540461,0.5824905633926392,0.37242788076400757,-0.016245301812887192,0.5874540209770203,0.41310757398605347,-0.022677922621369362,0.674504816532135,0.36286234855651855,0.012394946068525314,0.6028203964233398,0.32821452617645264,-0.014077398926019669,0.5828856229782104,0.3953621983528137,-0.02018371783196926,0.5970348119735718,0.4284769892692566,-0.016960976645350456,0.6861149072647095,0.3703339099884033,-0.003365299664437771,0.6086965799331665,0.3506399989128113,-0.027137530967593193,0.596052885055542,0.4183073043823242,-0.019130373373627663,0.6147640943527222,0.4467512369155884,-0.00719559146091342,0.6892102956771851,0.3881949782371521,-0.020348859950900078,0.6196576952934265,0.3794551193714142,-0.03508310765028,0.6122438311576843,0.4249962866306305,-0.02946862205862999,0.6318792700767517,0.4453853964805603,-0.02000962197780609,neutral,RRQ_p34,RRQ
0.33213305473327637,0.8038445711135864,-6.874922178212728e-07,0.3417201340198517,0.6947110295295715,0.00118751369882375,0.3692217171192169,0.6078404188156128,-0.00615662382915616,0.3886467516422272,0.5356764793395996,-0.016694428399205208,0.39670392870903015,0.48192477226257324,-0.025386426597833633,0.4568573236465454,0.6126143932342529,-0.00920903030782938,0.4340338408946991,0.5035169124603271,-0.03608908876776695,0.3891902267932892,0.5074591040611267,-0.04848233610391617,0.3710520565509796,0.5344868302345276,-0.05374531075358391,0.44453880190849304,0.6453288793563843,-0.02182808704674244,0.3916899859905243,0.5299550294876099,-0.0456133671104908,0.3507423996925354,0.5551427602767944,-0.04419293254613876,0.34725916385650635,0.5906090140342712,-0.04114166647195816,0.41762179136276245,0.6734309792518616,-0.036763668060302734,0.35639411211013794,0.5738173127174377,-0.05980541929602623,0.32511934638023376,0.6055004000663757,-0.04700583219528198,0.3278581500053406,0.6381322145462036,-0.035958170890808105,0.38250571489334106,0.6992460489273071,-0.05200779065489769,0.32726889848709106,0.6298142075538635,-0.06803570687770844,0.30585628747940063,0.6523416042327881,-0.06138356775045395,0.3130047023296356,0.6779090762138367,-0.053919896483421326,neutral,RRQ_p34,RRQ
0.755869448184967,0.6824758052825928,-3.4704711993072124e-07,0.7012089490890503,0.5989178419113159,0.021465664729475975,0.6327611804008484,0.5635164976119995,0.023353861644864082,0.5822727680206299,0.5661224126815796,0.01901412382721901,0.5491400361061096,0.5981185436248779,0.014621211215853691,0.5817845463752747,0.5258959531784058,0.004997149109840393,0.4875776767730713,0.5368404388427734,-0.0031515229493379593,0.4888400435447693,0.5658009052276611,-0.005815582815557718,0.5122141242027283,0.5803996324539185,-0.005288884975016117,0.5795350074768066,0.5804111361503601,-0.009721551090478897,0.5115622282028198,0.619995653629303,-0.010229409672319889,0.5360429883003235,0.6333460211753845,-0.005165428388863802,0.566181480884552,0.6235590577125549,-0.003016533562913537,0.5856565237045288,0.6436421275138855,-0.022509124130010605,0.5422396063804626,0.673993706703186,-0.018321312963962555,0.567440927028656,0.6780683994293213,-0.007693238090723753,0.5929001569747925,0.6673858165740967,-0.003904933575540781,0.5962837934494019,0.7050673961639404,-0.03403288871049881,0.5690407752990723,0.7150787711143494,-0.028058655560016632,0.5943670868873596,0.7175942063331604,-0.015507536008954048,0.6181280612945557,0.7112241983413696,-0.006570821162313223,neutral,RRQ_p34,RRQ
0.6857497096061707,0.7146649360656738,-3.7490335103029793e-07,0.6461495757102966,0.6180300116539001,0.03159710764884949,0.5879804491996765,0.570728063583374,0.04102492332458496,0.5392576456069946,0.5668416023254395,0.04314630478620529,0.5056794881820679,0.5956035852432251,0.04398506134748459,0.5440203547477722,0.5256509780883789,0.02082786150276661,0.4592474102973938,0.5319069027900696,0.021909663453698158,0.4402269124984741,0.5673853158950806,0.024612586945295334,0.44340991973876953,0.5914989709854126,0.02728680521249771,0.5280279517173767,0.5691317319869995,0.0037960256449878216,0.44919246435165405,0.5974504947662354,0.013139251619577408,0.45631375908851624,0.6309177279472351,0.02259170077741146,0.47803086042404175,0.638439416885376,0.026796212419867516,0.5211419463157654,0.6247971057891846,-0.01047602854669094,0.46110838651657104,0.6545466184616089,0.002816063119098544,0.4769454300403595,0.676188051700592,0.015443884767591953,0.5007137656211853,0.6761034727096558,0.018867678940296173,0.5222715139389038,0.6847128868103027,-0.022982444614171982,0.485988587141037,0.7014756202697754,-0.010776582174003124,0.5013667941093445,0.7137904763221741,0.0022296705283224583,0.5208349227905273,0.7139808535575867,0.010119115002453327,neutral,RRQ_p34,RRQ
0.7601221799850464,0.4054299592971802,-5.582285211858107e-07,0.7001844048500061,0.37226709723472595,-0.0010735190007835627,0.6598403453826904,0.2990744113922119,0.001532875350676477,0.6401404142379761,0.24262580275535583,-0.0022165828850120306,0.6276180148124695,0.19316831231117249,-0.0034179219510406256,0.6935214400291443,0.2301396131515503,0.03009396232664585,0.6700366735458374,0.18191175162792206,0.00849291030317545,0.660993218421936,0.22571980953216553,-0.005731627810746431,0.6679098010063171,0.26277461647987366,-0.01095325406640768,0.7186543941497803,0.2242353856563568,0.020423488691449165,0.6909245848655701,0.17119330167770386,-0.00273839570581913,0.6786817312240601,0.2311101108789444,-0.0112782446667552,0.6900802254676819,0.267202228307724,-0.008919202722609043,0.7482951879501343,0.22625696659088135,0.0055351401679217815,0.7210671901702881,0.1671891212463379,-0.018284114077687263,0.7056550979614258,0.22812040150165558,-0.014385993592441082,0.715041995048523,0.26782912015914917,-0.0032648674678057432,0.7820608615875244,0.23677562177181244,-0.010152997449040413,0.7504287958145142,0.19521065056324005,-0.024125007912516594,0.7315444350242615,0.2371445745229721,-0.017792051658034325,0.7364378571510315,0.27244725823402405,-0.00750606507062912,neutral,RRQ_p34,RRQ
0.6487745642662048,0.636839747428894,6.623107537961914e-07,0.6546584963798523,0.5138092637062073,-0.02558833546936512,0.6279888153076172,0.419369101524353,-0.04667205736041069,0.5887013673782349,0.34373193979263306,-0.06090594828128815,0.5644543170928955,0.27382928133010864,-0.07405101507902145,0.5381417870521545,0.43996354937553406,-0.06310203671455383,0.43686214089393616,0.3774397671222687,-0.08350639790296555,0.3856548070907593,0.3403456211090088,-0.09031230956315994,0.3472950756549835,0.3126392364501953,-0.09165866672992706,0.5034478306770325,0.508317768573761,-0.05735788494348526,0.4003945589065552,0.4319443702697754,-0.0748053789138794,0.3463520407676697,0.3843546509742737,-0.0758073627948761,0.3123723268508911,0.3497753143310547,-0.07436566799879074,0.4827990233898163,0.5694701075553894,-0.05053497105836868,0.3967379331588745,0.4936193525791168,-0.06047268211841583,0.358045756816864,0.44529569149017334,-0.056353773921728134,0.33712542057037354,0.40711092948913574,-0.05232732370495796,0.47301197052001953,0.6200330853462219,-0.04524504765868187,0.40636110305786133,0.5538963675498962,-0.050192076712846756,0.3791354298591614,0.5131072402000427,-0.04383710399270058,0.3621886968612671,0.4777325391769409,-0.03678464889526367,neutral,RRQ_p34,RRQ
0.552374005317688,0.8111680150032043,-8.137796214668924e-08,0.4986550211906433,0.723261296749115,0.04186255484819412,0.4322214722633362,0.7015027403831482,0.05739741399884224,0.37215185165405273,0.7091720104217529,0.06735032051801682,0.33222657442092896,0.7302444577217102,0.07775146514177322,0.3838946223258972,0.6952632069587708,0.01893286034464836,0.2930813729763031,0.69511479139328,0.02976730465888977,0.2733771800994873,0.7210036516189575,0.047241270542144775,0.28410962224006653,0.7388032674789429,0.06345929950475693,0.37396594882011414,0.7601610422134399,0.0034947830718010664,0.26537302136421204,0.7776059508323669,0.012856164947152138,0.25683653354644775,0.7946245670318604,0.03452136367559433,0.27284085750579834,0.7983372211456299,0.05371415615081787,0.3769400417804718,0.8286591172218323,-0.006600422319024801,0.2798694372177124,0.8489381670951843,0.009170295670628548,0.277465283870697,0.8501160740852356,0.03511260449886322,0.2929331660270691,0.843708872795105,0.053178030997514725,0.3938908874988556,0.8945282101631165,-0.012664593756198883,0.32592299580574036,0.9019026756286621,0.009046657010912895,0.3232935070991516,0.8946402072906494,0.03562691807746887,0.33679354190826416,0.885493278503418,0.055935073643922806,neutral,RRQ_p34,RRQ
0.5512900948524475,0.772242546081543,-1.436843177771152e-07,0.5386532545089722,0.6777931451797485,0.03261547535657883,0.501283586025238,0.627541184425354,0.047090351581573486,0.4588465094566345,0.6152716875076294,0.05540825054049492,0.4247291088104248,0.6245386004447937,0.06487645953893661,0.44567587971687317,0.6013635396957397,0.029173826798796654,0.38895323872566223,0.5578551888465881,0.03747100010514259,0.3767174780368805,0.5753243565559387,0.048619262874126434,0.3830377459526062,0.5969662070274353,0.058601267635822296,0.413065642118454,0.6391836404800415,0.014513489790260792,0.3361215889453888,0.5991368293762207,0.021440396085381508,0.3286307156085968,0.6182053089141846,0.036356713622808456,0.3407580554485321,0.6355270147323608,0.049542419612407684,0.3914446532726288,0.6906081438064575,0.002437956165522337,0.31512272357940674,0.6547131538391113,0.010790640488266945,0.31894731521606445,0.6731727123260498,0.027538038790225983,0.3362010419368744,0.6855164170265198,0.03975503891706467,0.38342732191085815,0.7514453530311584,-0.006560128647834063,0.32523113489151,0.7234240174293518,0.005569831933826208,0.3259063959121704,0.7322970628738403,0.024008605629205704,0.3419416546821594,0.7404674291610718,0.03860138729214668,neutral,RRQ_p34,RRQ
0.7973833680152893,0.8418105840682983,-2.994600478700704e-08,0.7554248571395874,0.7721855640411377,0.02837197482585907,0.7199543118476868,0.7055628895759583,0.03364792466163635,0.6790179014205933,0.6658430099487305,0.028190873563289642,0.6419022083282471,0.6498568058013916,0.02355033904314041,0.7176351547241211,0.6159448027610779,0.032352663576602936,0.6541748642921448,0.5647626519203186,0.019554907456040382,0.6103617548942566,0.5412125587463379,0.011578540317714214,0.5760482549667358,0.5257875323295593,0.007162207737565041,0.7153254747390747,0.6140167713165283,0.00804175902158022,0.6360265612602234,0.5529908537864685,-0.006247221026569605,0.593425989151001,0.5303797721862793,-0.010654750280082226,0.5656329393386841,0.5144467353820801,-0.011851254850625992,0.7071273922920227,0.6321204900741577,-0.01644025929272175,0.6043652892112732,0.6336306929588318,-0.02998100034892559,0.6083494424819946,0.6896892786026001,-0.02127734385430813,0.630900502204895,0.7154766321182251,-0.011142377741634846,0.6939631700515747,0.6632095575332642,-0.04016096889972687,0.6128605604171753,0.6796473860740662,-0.046693895012140274,0.6189498901367188,0.7215784788131714,-0.03821272775530815,0.6406208276748657,0.7403458952903748,-0.02955847606062889,neutral,RRQ_p34,RRQ
0.7683271765708923,0.8814704418182373,-1.808905238931402e-07,0.6954742670059204,0.8368456363677979,0.02741461619734764,0.6515461802482605,0.7769700288772583,0.033705275505781174,0.6161195635795593,0.7387087345123291,0.029321756213903427,0.586200475692749,0.7209681272506714,0.02563176304101944,0.6710230708122253,0.6446404457092285,0.04369262233376503,0.5867139101028442,0.6218980550765991,0.0335698202252388,0.5410535335540771,0.620937168598175,0.023642538115382195,0.5117825865745544,0.6229427456855774,0.018806930631399155,0.6656067371368408,0.642659604549408,0.02121414616703987,0.569114625453949,0.6058815717697144,0.011762198992073536,0.5281784534454346,0.6053920388221741,0.0037205435801297426,0.5039568543434143,0.606113076210022,0.00044999030069448054,0.656629204750061,0.6623009443283081,-0.001882265554741025,0.5629584789276123,0.6951203942298889,-0.012121142819523811,0.5787918567657471,0.7525805234909058,-0.010644711554050446,0.6044731140136719,0.77744060754776,-0.005704187788069248,0.6410717964172363,0.6986202001571655,-0.02413334883749485,0.5710363984107971,0.7305966019630432,-0.02656523510813713,0.5847492218017578,0.7750152945518494,-0.019029324874281883,0.6080279350280762,0.7924728393554688,-0.011275994591414928,neutral,RRQ_p34,RRQ
