x0,y0,z0,x1,y1,z1,x2,y2,z2,x3,y3,z3,x4,y4,z4,x5,y5,z5,x6,y6,z6,x7,y7,z7,x8,y8,z8,x9,y9,z9,x10,y10,z10,x11,y11,z11,x12,y12,z12,x13,y13,z13,x14,y14,z14,x15,y15,z15,x16,y16,z16,x17,y17,z17,x18,y18,z18,x19,y19,z19,x20,y20,z20,label,person_id,collector
0.2541269361972809,0.9308346509933472,-2.5848294171737507e-07,0.2077169567346573,0.887398898601532,-0.007539318408817053,0.18363168835639954,0.8226082921028137,-0.016732195392251015,0.1853523552417755,0.7708931565284729,-0.030462905764579773,0.20688697695732117,0.7397087812423706,-0.044454772025346756,0.23163899779319763,0.7321193218231201,-0.0014301722403615713,0.2282349318265915,0.656944215297699,-0.020975852385163307,0.229400172829628,0.6092507839202881,-0.03403434902429581,0.23267006874084473,0.5686502456665039,-0.04362627863883972,0.2609415352344513,0.7383971810340881,-0.011433903127908707,0.2278992384672165,0.7206053733825684,-0.04553596302866936,0.21731406450271606,0.7763186693191528,-0.054560836404561996,0.22123607993125916,0.8141517639160156,-0.05245080590248108,0.28472408652305603,0.7546489238739014,-0.023726988583803177,0.24361960589885712,0.7490155100822449,-0.054925624281167984,0.23494170606136322,0.8057294487953186,-0.04684993252158165,0.2402721792459488,0.8412766456604004,-0.03271251171827316,0.3042322099208832,0.7808545827865601,-0.03743452951312065,0.2642461359500885,0.7688646912574768,-0.054551057517528534,0.2544175088405609,0.8074102401733398,-0.045416221022605896,0.2593289017677307,0.8336073756217957,-0.03307751566171646,point,RRQ_p18,RRQ
0.4136224687099457,0.8403382897377014,2.38931306739687e-07,0.3849641680717468,0.8294072151184082,-0.0604342520236969,0.38965851068496704,0.8295572400093079,-0.09846077859401703,0.42078131437301636,0.8736488819122314,-0.12523232400417328,0.4539908170700073,0.9075783491134644,-0.14728520810604095,0.4501732885837555,0.7487861514091492,-0.0888732448220253,0.4882962107658386,0.7574349045753479,-0.13521210849285126,0.5230121612548828,0.7649961709976196,-0.1621878445148468,0.5595635175704956,0.7736150622367859,-0.17969582974910736,0.48941153287887573,0.7692008018493652,-0.07333274930715561,0.48899784684181213,0.8559691309928894,-0.12033994495868683,0.44905775785446167,0.8679665327072144,-0.12396758049726486,0.4397520124912262,0.8428483605384827,-0.12149548530578613,0.5098773241043091,0.8019234538078308,-0.06371106207370758,0.49958062171936035,0.8912970423698425,-0.10507416725158691,0.46127063035964966,0.8847475647926331,-0.09496262669563293,0.4549287259578705,0.8467162847518921,-0.08328385651111603,0.5185502767562866,0.8372803926467896,-0.059733618050813675,0.5061706304550171,0.9075378179550171,-0.09192569553852081,0.47628170251846313,0.9035464525222778,-0.09193936735391617,0.4670999348163605,0.8749426007270813,-0.08672042191028595,point,RRQ_p18,RRQ
0.3624138832092285,0.7466257214546204,-3.4129911341551633e-07,0.3034467399120331,0.7359539866447449,-0.01176519226282835,0.258857399225235,0.7250180244445801,-0.029550576582551003,0.22547675669193268,0.7362405061721802,-0.04771575331687927,0.19804051518440247,0.7522116303443909,-0.0648050531744957,0.2550496757030487,0.6012046337127686,-0.028755150735378265,0.19604024291038513,0.6380420327186584,-0.062380023300647736,0.15475043654441833,0.6639055013656616,-0.08723405003547668,0.12019836902618408,0.6841286420822144,-0.10412068665027618,0.28633400797843933,0.5981221795082092,-0.0378037765622139,0.22846317291259766,0.6983824968338013,-0.06283886730670929,0.2548464238643646,0.7319291830062866,-0.06680525839328766,0.27731144428253174,0.717483401298523,-0.06931577622890472,0.3188107907772064,0.6226195693016052,-0.049651384353637695,0.26652926206588745,0.7296661138534546,-0.06755954772233963,0.28961461782455444,0.7460879683494568,-0.05523863062262535,0.3067016005516052,0.7242755889892578,-0.04738027602434158,0.34875068068504333,0.660354733467102,-0.06417053192853928,0.3058978319168091,0.7377796173095703,-0.07877923548221588,0.3192198872566223,0.7492998838424683,-0.07085972279310226,0.3335716724395752,0.7316118478775024,-0.06314384192228317,point,RRQ_p18,RRQ
0.32663723826408386,0.7975267767906189,-1.0597926092259513e-07,0.2922244668006897,0.7985275387763977,-0.023124918341636658,0.2524968683719635,0.7935889959335327,-0.04629283398389816,0.23510955274105072,0.8179236054420471,-0.06910756230354309,0.24479225277900696,0.8357466459274292,-0.09219081699848175,0.25383228063583374,0.6862292885780334,-0.04846707731485367,0.23294419050216675,0.6358686089515686,-0.0849672332406044,0.2107277810573578,0.5970643758773804,-0.11131606251001358,0.19160452485084534,0.5617835521697998,-0.1316574662923813,0.29646798968315125,0.6537156105041504,-0.05052604526281357,0.27100467681884766,0.7582876682281494,-0.08338681608438492,0.2695835530757904,0.8088045716285706,-0.08167580515146255,0.27272891998291016,0.7985458374023438,-0.07651979476213455,0.33940908312797546,0.6651538014411926,-0.05602229759097099,0.3169980049133301,0.7791509032249451,-0.07583486288785934,0.3113435208797455,0.8014823198318481,-0.05053754523396492,0.3127184808254242,0.7837586998939514,-0.03130345419049263,0.3740457594394684,0.6927473545074463,-0.06636308133602142,0.3536375164985657,0.7814857363700867,-0.08717149496078491,0.35046106576919556,0.7966683506965637,-0.0769699215888977,0.3562527000904083,0.7750458717346191,-0.06374772638082504,point,RRQ_p18,RRQ
0.46761366724967957,0.5457274913787842,-9.921316745931108e-08,0.42962339520454407,0.5176412463188171,-0.029928240925073624,0.4074400067329407,0.4633488357067108,-0.04822171479463577,0.4148126244544983,0.4156801104545593,-0.06528206169605255,0.42940545082092285,0.3735755383968353,-0.08092724531888962,0.42947617173194885,0.3571934700012207,-0.028414951637387276,0.4329509735107422,0.28065383434295654,-0.055842846632003784,0.4416086673736572,0.23349162936210632,-0.07356167584657669,0.45169979333877563,0.19171126186847687,-0.08516201376914978,0.46788907051086426,0.3649734854698181,-0.028414515778422356,0.47349873185157776,0.35121360421180725,-0.07169735431671143,0.4639953672885895,0.42023447155952454,-0.08167041093111038,0.4565998911857605,0.4622824490070343,-0.07815567404031754,0.5024036169052124,0.3852839171886444,-0.03230580314993858,0.5068749785423279,0.38019222021102905,-0.07324472069740295,0.4909417927265167,0.4434061348438263,-0.06560175865888596,0.4791293144226074,0.47440001368522644,-0.049722231924533844,0.5326452255249023,0.41339367628097534,-0.03873412683606148,0.5389448404312134,0.3982029855251312,-0.06468100845813751,0.5223348140716553,0.4427860975265503,-0.056309983134269714,0.5092628598213196,0.46593207120895386,-0.042954325675964355,point,RRQ_p18,RRQ
0.3857606053352356,0.7611298561096191,-1.900170758517561e-07,0.3459305465221405,0.7663388252258301,-0.0268203467130661,0.30930134654045105,0.7506369948387146,-0.05038611590862274,0.31818637251853943,0.7387720346450806,-0.07153075188398361,0.3508763313293457,0.7241634130477905,-0.09127479791641235,0.3230869174003601,0.6410732269287109,-0.05167610943317413,0.31941351294517517,0.594556987285614,-0.0847843661904335,0.31879469752311707,0.5625516176223755,-0.10885577648878098,0.31962859630584717,0.5319011807441711,-0.12732385098934174,0.3671148419380188,0.6026186943054199,-0.05181446298956871,0.37640368938446045,0.6892584562301636,-0.08642588555812836,0.366475373506546,0.7419873476028442,-0.09207015484571457,0.35954517126083374,0.7490324378013611,-0.09354737401008606,0.4085724949836731,0.6082420349121094,-0.05489698424935341,0.41278862953186035,0.7142561674118042,-0.08101356029510498,0.39496341347694397,0.7490894794464111,-0.0705069825053215,0.38368698954582214,0.7434054613113403,-0.06217065453529358,0.4450988173484802,0.6304583549499512,-0.06174198165535927,0.4411953091621399,0.7154198884963989,-0.0841626524925232,0.42860278487205505,0.7436337471008301,-0.08067725598812103,0.4206083416938782,0.7384741902351379,-0.07468757033348083,point,RRQ_p18,RRQ
0.36238983273506165,0.912253201007843,9.769461684072667e-08,0.31546807289123535,0.8674724102020264,-0.03275278955698013,0.2924540340900421,0.8081907033920288,-0.053291089832782745,0.2803295850753784,0.7526448965072632,-0.07345183193683624,0.28792423009872437,0.7083291411399841,-0.09220492839813232,0.3451860845088959,0.6885290741920471,-0.027240624651312828,0.3791946768760681,0.6041898727416992,-0.05732822045683861,0.4023462235927582,0.559104323387146,-0.07707546651363373,0.42327797412872314,0.5213977694511414,-0.08998657763004303,0.37882792949676514,0.7184752225875854,-0.02951628714799881,0.3995191752910614,0.659784197807312,-0.08367861062288284,0.3754502534866333,0.7120556235313416,-0.10232400894165039,0.3525424003601074,0.7605916261672974,-0.10070487856864929,0.4052780568599701,0.7553554773330688,-0.035462748259305954,0.41913095116615295,0.7379881739616394,-0.08736561983823776,0.38517239689826965,0.7951197028160095,-0.08951859921216965,0.3534631133079529,0.8352248072624207,-0.07572617381811142,0.4226479232311249,0.7989466190338135,-0.04358794912695885,0.42577388882637024,0.7983795404434204,-0.07792026549577713,0.3954896628856659,0.8421429395675659,-0.07667367160320282,0.3675428032875061,0.8726426362991333,-0.06592199206352234,point,RRQ_p18,RRQ
0.48941707611083984,0.7923486232757568,2.2732876914233202e-08,0.4435770809650421,0.8045601844787598,-0.030663425102829933,0.40285179018974304,0.7897904515266418,-0.050806645303964615,0.3844618797302246,0.7579867839813232,-0.06944740563631058,0.3795798122882843,0.7185364961624146,-0.08719322085380554,0.36953213810920715,0.6754144430160522,-0.03641262650489807,0.3239242434501648,0.6141000986099243,-0.06694476306438446,0.29634881019592285,0.5747172236442566,-0.08534954488277435,0.2740072011947632,0.5387329459190369,-0.09694447368383408,0.40606141090393066,0.6465767025947571,-0.03742481768131256,0.4047655165195465,0.6038100123405457,-0.08809181302785873,0.43427661061286926,0.6519432067871094,-0.10187390446662903,0.45517250895500183,0.7022014260292053,-0.097455233335495,0.44330283999443054,0.6348930597305298,-0.0414867028594017,0.4619660973548889,0.6266359686851501,-0.08952894806861877,0.4852951467037201,0.6846593022346497,-0.0876711755990982,0.4955655038356781,0.7345578074455261,-0.0721287876367569,0.47684088349342346,0.6392894387245178,-0.047878868877887726,0.4958312213420868,0.6359895467758179,-0.08140069246292114,0.5100640654563904,0.6889442205429077,-0.07909896224737167,0.5135972499847412,0.7348427176475525,-0.06769583374261856,point,RRQ_p18,RRQ
0.3051697313785553,0.6247754693031311,2.7025814119951974e-07,0.33185213804244995,0.6076369881629944,-0.019768016412854195,0.3641384243965149,0.586978018283844,-0.042614132165908813,0.37362998723983765,0.6071168780326843,-0.06672705709934235,0.37235915660858154,0.6456365585327148,-0.09191462397575378,0.3200952410697937,0.4967021048069,-0.047912366688251495,0.3057419955730438,0.44274649024009705,-0.07709841430187225,0.29066842794418335,0.4126065969467163,-0.09293366968631744,0.27228420972824097,0.3869125247001648,-0.10346949845552444,0.27040332555770874,0.5095641016960144,-0.05533459410071373,0.29982319474220276,0.5653999447822571,-0.08535522222518921,0.3307010531425476,0.6050081253051758,-0.08733323961496353,0.34411290287971497,0.6161363124847412,-0.0845738872885704,0.23954761028289795,0.5562355518341064,-0.0643346831202507,0.2825627326965332,0.6316182613372803,-0.0925125777721405,0.31597498059272766,0.6566269993782043,-0.08278991281986237,0.33134016394615173,0.6567327380180359,-0.07112903147935867,0.2210838496685028,0.6106031537055969,-0.07589566707611084,0.2566473186016083,0.6714557409286499,-0.09458088129758835,0.2919640839099884,0.6899186968803406,-0.08564061671495438,0.31244122982025146,0.6879957914352417,-0.07433407008647919,point,RRQ_p18,RRQ
0.38150107860565186,0.6218331456184387,5.694876392681181e-08,0.4391515851020813,0.6844172477722168,-0.007005143910646439,0.4887904226779938,0.704846978187561,-0.02815047837793827,0.5258288383483887,0.7248165011405945,-0.05439157038927078,0.5564906597137451,0.757571816444397,-0.07975849509239197,0.5578005313873291,0.5817044973373413,-0.025937261059880257,0.6101861000061035,0.5486924052238464,-0.05430034175515175,0.6492379903793335,0.5200246572494507,-0.0734274685382843,0.6798486113548279,0.4885324239730835,-0.0882105901837349,0.53838050365448,0.5505794882774353,-0.04332943633198738,0.5853349566459656,0.6380364298820496,-0.08303876966238022,0.5484342575073242,0.6909626722335815,-0.09060639888048172,0.5173212289810181,0.6931694746017456,-0.08864691108465195,0.509240984916687,0.5465200543403625,-0.06157657131552696,0.5464141964912415,0.6436607837677002,-0.0958368107676506,0.511649489402771,0.6847974061965942,-0.08347729593515396,0.4842362105846405,0.6771935224533081,-0.06832661479711533,0.47648653388023376,0.5591675639152527,-0.08156488090753555,0.5034382939338684,0.6444645524024963,-0.10182574391365051,0.48152825236320496,0.6744086146354675,-0.0907382145524025,0.4601125419139862,0.6635859608650208,-0.07836940884590149,point,RRQ_p18,RRQ
0.3494003117084503,0.6325220465660095,1.0134903050129651e-07,0.39960792660713196,0.6979823112487793,-0.005467329639941454,0.4455181360244751,0.7315818071365356,-0.026627354323863983,0.48059335350990295,0.7554306983947754,-0.05309184640645981,0.5038390755653381,0.7837051153182983,-0.07963861525058746,0.5314249396324158,0.6485821008682251,-0.030980290845036507,0.5948988199234009,0.6763798594474792,-0.06233242526650429,0.6417633295059204,0.6856464743614197,-0.08315965533256531,0.6811338663101196,0.6828558444976807,-0.09852059930562973,0.5187273621559143,0.6044723391532898,-0.04850143939256668,0.5418776273727417,0.6917475461959839,-0.0892111212015152,0.4966500401496887,0.7335634231567383,-0.09550058096647263,0.4638320803642273,0.7314704656600952,-0.09352930635213852,0.4907825291156769,0.5842523574829102,-0.06643887609243393,0.5073288679122925,0.682929515838623,-0.10315368324518204,0.4631868600845337,0.7192230224609375,-0.08983538299798965,0.4328271150588989,0.7148454785346985,-0.07389304786920547,0.4546808898448944,0.581540048122406,-0.08582250028848648,0.464662104845047,0.6708202958106995,-0.10981667041778564,0.43406713008880615,0.7002335786819458,-0.0998615026473999,0.41057926416397095,0.695355236530304,-0.0873781144618988,point,RRQ_p18,RRQ
0.2410452961921692,0.812521755695343,1.1637967034516805e-08,0.30353236198425293,0.7602223753929138,-0.009009207598865032,0.33506351709365845,0.6979121565818787,-0.028258109465241432,0.35511162877082825,0.6554156541824341,-0.05089830607175827,0.3472764492034912,0.662269651889801,-0.07321850955486298,0.2780815064907074,0.5791519284248352,-0.03731480985879898,0.2744896113872528,0.499658465385437,-0.06966927647590637,0.2733326852321625,0.4464215636253357,-0.09051316976547241,0.26619815826416016,0.40052396059036255,-0.1066366583108902,0.24041026830673218,0.5982226729393005,-0.054543185979127884,0.3031785786151886,0.5908281207084656,-0.09697714447975159,0.32416239380836487,0.6571322679519653,-0.10473475605249405,0.31341832876205444,0.6843350529670715,-0.10464558005332947,0.21556395292282104,0.6413050889968872,-0.07242090255022049,0.28768202662467957,0.6575425267219543,-0.1088995561003685,0.29860374331474304,0.7077996134757996,-0.10047443956136703,0.2782483696937561,0.717756450176239,-0.09002867341041565,0.20252735912799835,0.6937930583953857,-0.09193380922079086,0.26144686341285706,0.7121565937995911,-0.11142166703939438,0.2726558446884155,0.7407268285751343,-0.10204141587018967,0.2548542618751526,0.7456719875335693,-0.09324163943529129,point,RRQ_p18,RRQ
0.4979233145713806,0.7517710328102112,7.323213679910623e-08,0.5544875860214233,0.6885568499565125,0.00010534040484344587,0.5759168267250061,0.6338297128677368,-0.017525138333439827,0.5971218943595886,0.5957143306732178,-0.04089856892824173,0.620355486869812,0.5735448598861694,-0.06380873173475266,0.5140057802200317,0.5326110124588013,-0.019514136016368866,0.5174185037612915,0.46491390466690063,-0.04521867632865906,0.5247300267219543,0.4103294014930725,-0.06284727156162262,0.5248088240623474,0.3668575882911682,-0.07676779478788376,0.48991119861602783,0.5523843169212341,-0.03901716694235802,0.5687562823295593,0.5297552943229675,-0.07354330271482468,0.5837060213088989,0.5811338424682617,-0.08082231134176254,0.5654024481773376,0.6034917831420898,-0.0809551551938057,0.4828486442565918,0.5914414525032043,-0.05872713774442673,0.563747227191925,0.5867250561714172,-0.08728086948394775,0.5728453993797302,0.6271697282791138,-0.07695329189300537,0.5501351356506348,0.6398037075996399,-0.06612257659435272,0.4855482280254364,0.6367235779762268,-0.07959798723459244,0.5503838062286377,0.6391097903251648,-0.09525731205940247,0.5581235289573669,0.6629910469055176,-0.08532083034515381,0.5386776924133301,0.6706565618515015,-0.07593429833650589,point,RRQ_p18,RRQ
0.3825133144855499,0.678402841091156,4.072160209034337e-08,0.42478957772254944,0.6299483180046082,0.00046620197826996446,0.44037383794784546,0.5806684494018555,-0.00832810252904892,0.4528873562812805,0.5463401079177856,-0.02105099894106388,0.461600124835968,0.5127804279327393,-0.032665010541677475,0.38474032282829285,0.5102466344833374,-0.005590641405433416,0.3826088011264801,0.45529595017433167,-0.021997978910803795,0.38482561707496643,0.41543376445770264,-0.03112662583589554,0.38497740030288696,0.3846617341041565,-0.03776602819561958,0.36939600110054016,0.5201845765113831,-0.018785810098052025,0.42218631505966187,0.4784368872642517,-0.044706664979457855,0.44026875495910645,0.5221527814865112,-0.04758050665259361,0.4347122013568878,0.549767792224884,-0.0434003621339798,0.3639375567436218,0.5393761396408081,-0.03296428546309471,0.4207366704940796,0.5210945010185242,-0.05523820221424103,0.4312674403190613,0.5603970289230347,-0.04648935794830322,0.4198119044303894,0.578549861907959,-0.035641513764858246,0.3669285178184509,0.565498411655426,-0.047821044921875,0.41253167390823364,0.555667519569397,-0.059402622282505035,0.4191226661205292,0.5815508365631104,-0.05143683776259422,0.4059670865535736,0.594330370426178,-0.043170589953660965,point,RRQ_p18,RRQ
0.32113850116729736,0.7269113659858704,6.9819947157157e-08,0.3767921030521393,0.7152338624000549,-0.00400269590318203,0.4117681384086609,0.6896989345550537,-0.018765082582831383,0.43674957752227783,0.6717358827590942,-0.03723942115902901,0.4506433308124542,0.6695833802223206,-0.05539789795875549,0.4025641083717346,0.5830665230751038,-0.019737448543310165,0.42537418007850647,0.5350298881530762,-0.04180581122636795,0.4447201192378998,0.502622663974762,-0.05602463707327843,0.4575217068195343,0.4745054244995117,-0.0671406015753746,0.37600192427635193,0.5822458267211914,-0.0341310054063797,0.42875492572784424,0.6017054319381714,-0.06646303087472916,0.4267798960208893,0.6556582450866699,-0.07366496324539185,0.41229313611984253,0.6735052466392517,-0.07334447652101517,0.35340070724487305,0.6041507720947266,-0.04900309443473816,0.40328526496887207,0.6513519287109375,-0.07574070990085602,0.3982546329498291,0.6881012320518494,-0.069281205534935,0.3825586140155792,0.6878941655158997,-0.06059369817376137,0.33516812324523926,0.6375740766525269,-0.06491902470588684,0.37576451897621155,0.6769655346870422,-0.07908713817596436,0.37598708271980286,0.6991782784461975,-0.07219139486551285,0.363892138004303,0.6943506598472595,-0.0650373250246048,point,RRQ_p18,RRQ
0.32121795415878296,0.7552791237831116,2.2943292776744784e-07,0.36071544885635376,0.7186319828033447,-0.01245647482573986,0.38272732496261597,0.6668846607208252,-0.023125624284148216,0.39289942383766174,0.620836615562439,-0.036556851118803024,0.4148324131965637,0.5896276235580444,-0.04926907643675804,0.36264294385910034,0.5851534605026245,-0.0029454922769218683,0.38222965598106384,0.5398069024085999,-0.029184870421886444,0.40165460109710693,0.5427159070968628,-0.05000058934092522,0.4180580675601959,0.5621134042739868,-0.06052902713418007,0.33545494079589844,0.5726138949394226,-0.009714018553495407,0.3417874574661255,0.502257764339447,-0.02437935397028923,0.3509356379508972,0.4588129222393036,-0.03517976775765419,0.3591279089450836,0.42048609256744385,-0.04181686043739319,0.30894792079925537,0.5805683732032776,-0.021238572895526886,0.29776233434677124,0.5108175277709961,-0.03714544326066971,0.2958102524280548,0.4628787040710449,-0.046740785241127014,0.2985137403011322,0.42052972316741943,-0.05192272365093231,0.2833968997001648,0.6071887612342834,-0.03453274443745613,0.2571660876274109,0.5607696175575256,-0.04824777692556381,0.2439427375793457,0.5247029066085815,-0.053166478872299194,0.23686951398849487,0.49023911356925964,-0.055188145488500595,pinch,RRQ_p18,RRQ
0.32133036851882935,0.7509217858314514,1.1255413312483142e-07,0.36024773120880127,0.7161583304405212,-0.010074694640934467,0.3834536373615265,0.6590868234634399,-0.016144977882504463,0.39523887634277344,0.6121984124183655,-0.02513120323419571,0.41418665647506714,0.580525279045105,-0.03382546082139015,0.37002435326576233,0.5835633873939514,0.004791217390447855,0.38506919145584106,0.5370259284973145,-0.016880949959158897,0.40019065141677856,0.5430205464363098,-0.03787332773208618,0.41079339385032654,0.5570375919342041,-0.050303515046834946,0.3484111428260803,0.5716722011566162,-0.002911034505814314,0.3507862687110901,0.4969431161880493,-0.01683688536286354,0.34855547547340393,0.448300302028656,-0.03361036628484726,0.3437967002391815,0.4065329134464264,-0.046127475798130035,0.3268781006336212,0.5779607892036438,-0.014691019430756569,0.32796263694763184,0.5044021010398865,-0.029157795011997223,0.3284938335418701,0.45366597175598145,-0.04114161431789398,0.32822805643081665,0.4088633060455322,-0.04908672347664833,0.3040274381637573,0.597486674785614,-0.02810206077992916,0.3044503927230835,0.5379030704498291,-0.03912634029984474,0.3053194284439087,0.497583270072937,-0.04285266250371933,0.3065537214279175,0.4597628116607666,-0.045384909957647324,pinch,RRQ_p18,RRQ
0.27362334728240967,0.726017415523529,2.1488735058028396e-07,0.3082682192325592,0.6870758533477783,-0.02339138463139534,0.3239835798740387,0.6406736969947815,-0.038308244198560715,0.32382193207740784,0.5964813232421875,-0.05395156890153885,0.32967302203178406,0.5580931305885315,-0.06754991412162781,0.3037276566028595,0.5446802377700806,-0.010800095275044441,0.31828421354293823,0.4978277087211609,-0.03907215595245361,0.32937246561050415,0.5034151077270508,-0.06152106449007988,0.33555757999420166,0.5246073603630066,-0.07262703776359558,0.2728135883808136,0.534015417098999,-0.013693008571863174,0.26700812578201294,0.45505550503730774,-0.030224626883864403,0.26170438528060913,0.40445077419281006,-0.044646088033914566,0.25449830293655396,0.36118459701538086,-0.05403505265712738,0.24445827305316925,0.5471546649932861,-0.022025559097528458,0.22849953174591064,0.48127636313438416,-0.03982029855251312,0.21804818511009216,0.43807196617126465,-0.052477914839982986,0.2099129855632782,0.40200796723365784,-0.05965660884976387,0.21837560832500458,0.5800302624702454,-0.03294917941093445,0.19339890778064728,0.5395548939704895,-0.04773179441690445,0.17666515707969666,0.5108038783073425,-0.05339233577251434,0.16269417107105255,0.4838778078556061,-0.05586344003677368,pinch,RRQ_p18,RRQ
0.4085037410259247,0.607284665107727,2.7830807880491193e-07,0.4444584846496582,0.5751704573631287,-0.015293215401470661,0.4657879173755646,0.5247835516929626,-0.02488972805440426,0.4742165207862854,0.48022210597991943,-0.03644610196352005,0.48788321018218994,0.44727084040641785,-0.046749047935009,0.4427426755428314,0.45133960247039795,-0.004226160701364279,0.4610852897167206,0.41469162702560425,-0.026668652892112732,0.47940972447395325,0.4096742272377014,-0.0438840351998806,0.4939376711845398,0.4171924591064453,-0.05236664414405823,0.4181945025920868,0.43803131580352783,-0.009224193170666695,0.41924285888671875,0.36680376529693604,-0.02171196974813938,0.4209318459033966,0.31695809960365295,-0.02982253022491932,0.4195362627506256,0.27220457792282104,-0.03417525812983513,0.3945159614086151,0.44533711671829224,-0.018773505464196205,0.382406085729599,0.3862149119377136,-0.03306863456964493,0.3780488073825836,0.3479180634021759,-0.03788783401250839,0.37452778220176697,0.3143898844718933,-0.03889961540699005,0.370462566614151,0.4695150554180145,-0.030659934505820274,0.34738171100616455,0.42994579672813416,-0.04376082122325897,0.3326268792152405,0.39985185861587524,-0.045721426606178284,0.32091695070266724,0.37092316150665283,-0.044695958495140076,pinch,RRQ_p18,RRQ
0.3979957103729248,0.6181194186210632,8.799512585255798e-08,0.43565890192985535,0.6032559871673584,-0.02992573380470276,0.46544337272644043,0.5733358263969421,-0.04913376644253731,0.4740726947784424,0.545681357383728,-0.06746610999107361,0.46860527992248535,0.5151782035827637,-0.08316516131162643,0.4602305293083191,0.45892134308815,-0.023938199505209923,0.4706088602542877,0.42093852162361145,-0.05794114992022514,0.46780210733413696,0.4598733186721802,-0.08570782095193863,0.46073412895202637,0.494990736246109,-0.0995640978217125,0.43461915850639343,0.4394625127315521,-0.023700937628746033,0.44057509303092957,0.37031927704811096,-0.043253835290670395,0.4436112642288208,0.32292813062667847,-0.06193126365542412,0.44553181529045105,0.27490898966789246,-0.07519256323575974,0.4059267044067383,0.44225239753723145,-0.028928566724061966,0.40586787462234497,0.3701343238353729,-0.04698076844215393,0.4048173427581787,0.321921706199646,-0.06229187175631523,0.4066329598426819,0.27516669034957886,-0.07216878980398178,0.37563595175743103,0.46450290083885193,-0.037030503153800964,0.3628352880477905,0.41322532296180725,-0.04931415617465973,0.3535553216934204,0.379036009311676,-0.05470594763755798,0.3470348119735718,0.346624493598938,-0.05797550082206726,pinch,RRQ_p18,RRQ
0.3911443054676056,0.6017035245895386,1.5354957838553673e-07,0.42557474970817566,0.5834552049636841,-0.022050125524401665,0.44631853699684143,0.5469072461128235,-0.037824083119630814,0.4474351406097412,0.5146149396896362,-0.05155345797538757,0.43894726037979126,0.48399075865745544,-0.06315352767705917,0.4439662992954254,0.446595698595047,-0.020351678133010864,0.4609532654285431,0.38533297181129456,-0.03727153316140175,0.47331851720809937,0.34516534209251404,-0.04718147963285446,0.47852766513824463,0.30891644954681396,-0.054341137409210205,0.41590675711631775,0.43722835183143616,-0.02304079756140709,0.42546820640563965,0.3889257311820984,-0.05524438992142677,0.43401017785072327,0.429744154214859,-0.06366091966629028,0.4375673830509186,0.467300146818161,-0.05910840630531311,0.38699790835380554,0.44153109192848206,-0.02946137636899948,0.3795130252838135,0.38461312651634216,-0.05140084773302078,0.3759441077709198,0.33381181955337524,-0.06087135151028633,0.37250974774360657,0.2828655242919922,-0.0634022057056427,0.3594311475753784,0.46136167645454407,-0.03750426322221756,0.33490729331970215,0.41800594329833984,-0.04670852795243263,0.3205779790878296,0.39006030559539795,-0.04820384830236435,0.30746084451675415,0.3583429157733917,-0.04884669557213783,pinch,RRQ_p18,RRQ
0.37845930457115173,0.5971198081970215,-6.396591345492197e-08,0.41467416286468506,0.5782074332237244,-0.012293990701436996,0.4371259808540344,0.5395151376724243,-0.023869648575782776,0.4415934681892395,0.508924663066864,-0.036374740302562714,0.43474826216697693,0.48182210326194763,-0.046876296401023865,0.4347390830516815,0.4530947208404541,-0.0028664900455623865,0.4506571888923645,0.4141465127468109,-0.023044778034090996,0.4588131010532379,0.4351268708705902,-0.0384204164147377,0.46083346009254456,0.45972394943237305,-0.04676550626754761,0.4107685089111328,0.44167232513427734,-0.010160577483475208,0.4272368252277374,0.3894934356212616,-0.03859397768974304,0.4347042143344879,0.4274831712245941,-0.05284326523542404,0.43760013580322266,0.46239665150642395,-0.05441572889685631,0.3834851086139679,0.4416218101978302,-0.0215290654450655,0.3841428756713867,0.38241392374038696,-0.041212327778339386,0.3836352527141571,0.3359247148036957,-0.05584241449832916,0.3823212683200836,0.293856143951416,-0.06273999810218811,0.354594886302948,0.4530293941497803,-0.033809807151556015,0.339271605014801,0.39886677265167236,-0.04203689098358154,0.32754993438720703,0.36191868782043457,-0.046701524406671524,0.3170306980609894,0.32450294494628906,-0.050522349774837494,pinch,RRQ_p18,RRQ
0.36183100938796997,0.5875166058540344,4.011346277366101e-08,0.3940490186214447,0.5535001754760742,-0.01910494826734066,0.4143441617488861,0.5044547915458679,-0.034332599490880966,0.4156940281391144,0.4587096571922302,-0.050799429416656494,0.42346808314323425,0.41515547037124634,-0.06522160023450851,0.37837257981300354,0.4245925843715668,-0.0044292863458395,0.40747568011283875,0.3956190049648285,-0.02977905049920082,0.42467808723449707,0.38923877477645874,-0.04314722493290901,0.4392475187778473,0.39064979553222656,-0.0485420785844326,0.35070356726646423,0.42579931020736694,-0.005572684574872255,0.38918337225914,0.41911691427230835,-0.035893455147743225,0.3889628052711487,0.4764339029788971,-0.040795184671878815,0.37798166275024414,0.49391695857048035,-0.035584717988967896,0.3278380036354065,0.43584731221199036,-0.011424855329096317,0.3694975972175598,0.4403545558452606,-0.043721701949834824,0.3690679967403412,0.492328017950058,-0.038816917687654495,0.356305330991745,0.5056275725364685,-0.026322804391384125,0.30575913190841675,0.4548237919807434,-0.018714789301156998,0.34235987067222595,0.454229474067688,-0.03857036307454109,0.3467247486114502,0.49083128571510315,-0.03351388871669769,0.33461278676986694,0.5019243359565735,-0.023620329797267914,pinch,RRQ_p18,RRQ
0.3667716681957245,0.8763526082038879,1.9870022072154825e-07,0.3205125331878662,0.8725385665893555,-0.018825804814696312,0.284121036529541,0.8366904854774475,-0.035979676991701126,0.2642400562763214,0.815234899520874,-0.053904566913843155,0.24893184006214142,0.8056005239486694,-0.07177185267210007,0.2828708589076996,0.7272139191627502,-0.025049563497304916,0.24884146451950073,0.7084301114082336,-0.06168484687805176,0.24014893174171448,0.7535458207130432,-0.09154599159955978,0.24181729555130005,0.7965089678764343,-0.10664569586515427,0.31299272179603577,0.699413001537323,-0.03172985464334488,0.2961764335632324,0.6273534297943115,-0.05324048548936844,0.28910136222839355,0.5768772959709167,-0.0711967945098877,0.28294628858566284,0.5303974151611328,-0.08336815983057022,0.3491300046443939,0.6962083578109741,-0.04261777549982071,0.3466055691242218,0.6146067380905151,-0.06570896506309509,0.3445955216884613,0.5622020363807678,-0.08213136345148087,0.3391624987125397,0.5147886872291565,-0.09180440753698349,0.3862020969390869,0.7134386301040649,-0.05463716760277748,0.4079265296459198,0.6515015363693237,-0.0723041445016861,0.42301803827285767,0.6086322069168091,-0.07694526761770248,0.43411189317703247,0.5687254667282104,-0.07842358946800232,pinch,RRQ_p18,RRQ
0.38144758343696594,0.881533145904541,-1.3982017321723106e-07,0.33625805377960205,0.8767881989479065,-0.011306554079055786,0.3011072874069214,0.8323665857315063,-0.018320519477128983,0.2982974052429199,0.7929115295410156,-0.02522166445851326,0.3079243302345276,0.7613376379013062,-0.03135908395051956,0.29544079303741455,0.7163912653923035,-0.006627319380640984,0.27182161808013916,0.6589082479476929,-0.019298488274216652,0.2547900676727295,0.6284424066543579,-0.02791759744286537,0.23968979716300964,0.5936101078987122,-0.03627379983663559,0.32938599586486816,0.7043448090553284,-0.01557367667555809,0.31102803349494934,0.6651093363761902,-0.04972691088914871,0.3024904131889343,0.7197082042694092,-0.06263063102960587,0.2985641360282898,0.7632072567939758,-0.06184611842036247,0.36518988013267517,0.7006258964538574,-0.027656130492687225,0.35788843035697937,0.6455967426300049,-0.05575617402791977,0.34683099389076233,0.6123703718185425,-0.06805018335580826,0.33686211705207825,0.5743962526321411,-0.07127045840024948,0.3995620906352997,0.7050201296806335,-0.039891451597213745,0.41305702924728394,0.6379415988922119,-0.05714699998497963,0.4257603883743286,0.5942039489746094,-0.0634351596236229,0.4327978491783142,0.5463533997535706,-0.06627567857503891,pinch,RRQ_p18,RRQ
0.37606024742126465,0.8713732361793518,-2.4227122707998205e-07,0.3276405334472656,0.8585740923881531,-0.006305483635514975,0.293924480676651,0.8089138865470886,-0.01245279610157013,0.28885966539382935,0.764005720615387,-0.021704386919736862,0.2845727205276489,0.7252509593963623,-0.029216814786195755,0.2855124771595001,0.7121868133544922,0.009071826934814453,0.26744595170021057,0.6529777646064758,-0.012351741082966328,0.25568827986717224,0.6768516898155212,-0.027596933767199516,0.2533317804336548,0.7096379399299622,-0.0346091091632843,0.3145036995410919,0.6931572556495667,-0.0009797544917091727,0.29368364810943604,0.6279167532920837,-0.03091343306005001,0.281405508518219,0.6617807149887085,-0.047370780259370804,0.28097280859947205,0.6992981433868408,-0.04969552531838417,0.34633868932724,0.6855543851852417,-0.015436029992997646,0.33385249972343445,0.6160638332366943,-0.037780992686748505,0.31584352254867554,0.5880531072616577,-0.05295776203274727,0.3041270971298218,0.5627169609069824,-0.05900156497955322,0.38016119599342346,0.6876134872436523,-0.030353808775544167,0.3931546211242676,0.620986819267273,-0.04323878511786461,0.40152794122695923,0.5774072408676147,-0.05166042596101761,0.40739694237709045,0.5343590974807739,-0.05647002533078194,pinch,RRQ_p18,RRQ
0.41145816445350647,0.8004558682441711,-1.3938413978564768e-08,0.3636856973171234,0.7713794112205505,-0.010542450472712517,0.3395591378211975,0.7064198851585388,-0.01731293648481369,0.3430526554584503,0.6552519798278809,-0.025332434102892876,0.35489219427108765,0.6116634607315063,-0.0326165147125721,0.35005316138267517,0.6042835712432861,0.0049375565722584724,0.3389573097229004,0.5335450768470764,-0.006690510548651218,0.3277832567691803,0.4941468834877014,-0.01700342819094658,0.31929388642311096,0.4589640498161316,-0.026208452880382538,0.38350167870521545,0.5983147025108337,-0.0045686145313084126,0.3687386214733124,0.5330093502998352,-0.03647672384977341,0.35831689834594727,0.5556397438049316,-0.05318816006183624,0.35404977202415466,0.586165726184845,-0.055706918239593506,0.41590064764022827,0.6017763614654541,-0.017586588859558105,0.4144716262817383,0.5245127081871033,-0.04182815924286842,0.40770164132118225,0.4771674573421478,-0.056124065071344376,0.40428078174591064,0.43682682514190674,-0.06228991970419884,0.4492964744567871,0.6153099536895752,-0.03140854835510254,0.4718814492225647,0.5555736422538757,-0.04696143791079521,0.4875531494617462,0.5128777623176575,-0.05552162602543831,0.5000051856040955,0.47166216373443604,-0.06093718484044075,pinch,RRQ_p18,RRQ
0.4145161509513855,0.8140643239021301,9.494407038346253e-08,0.3691401183605194,0.7870446443557739,-0.018891023471951485,0.3363913893699646,0.7276529669761658,-0.031912367790937424,0.3253515362739563,0.6722055673599243,-0.046280715614557266,0.33631905913352966,0.6237454414367676,-0.05840595066547394,0.35527631640434265,0.632884681224823,-0.0013760995352640748,0.34503915905952454,0.5657778382301331,-0.031314101070165634,0.34118881821632385,0.5801546573638916,-0.05700279027223587,0.34314918518066406,0.6048977971076965,-0.07014379650354385,0.3837451934814453,0.616603434085846,-0.005684093572199345,0.37825629115104675,0.5320219993591309,-0.020250137895345688,0.37485817074775696,0.4830101728439331,-0.03502672165632248,0.37295326590538025,0.43715900182724,-0.04600457847118378,0.4142397940158844,0.6191278100013733,-0.01629883423447609,0.4099577069282532,0.5359005928039551,-0.030236566439270973,0.4074791669845581,0.4821828007698059,-0.04031575843691826,0.40450751781463623,0.432617723941803,-0.04712729528546333,0.44531914591789246,0.6345658302307129,-0.02959957718849182,0.44166314601898193,0.5646287202835083,-0.038500770926475525,0.4402880370616913,0.5187004208564758,-0.04023806378245354,0.43826359510421753,0.4747759699821472,-0.041415661573410034,pinch,RRQ_p18,RRQ
0.3534562289714813,0.7541667819023132,-5.104733986627252e-07,0.29073575139045715,0.7373180389404297,-0.028156913816928864,0.237667053937912,0.6887503266334534,-0.05135001987218857,0.20253270864486694,0.6370366215705872,-0.07646027952432632,0.20693671703338623,0.5789853930473328,-0.09487444162368774,0.24221406877040863,0.5327746272087097,-0.018505839630961418,0.22292444109916687,0.4525541663169861,-0.06450363248586655,0.20445242524147034,0.4754478931427002,-0.08226178586483002,0.2083052396774292,0.5299768447875977,-0.08533751219511032,0.2898625135421753,0.5167670845985413,-0.021008966490626335,0.25682732462882996,0.5258581042289734,-0.06397517025470734,0.2595817744731903,0.6073960661888123,-0.06052922084927559,0.27698814868927,0.621884822845459,-0.04552873596549034,0.3370737135410309,0.5250210762023926,-0.03198359161615372,0.3046276569366455,0.5723264813423157,-0.06773881614208221,0.30682626366615295,0.6357176899909973,-0.048976507037878036,0.3198981285095215,0.6333754062652588,-0.026767145842313766,0.3783775269985199,0.5512012243270874,-0.047382790595293045,0.3500992953777313,0.6146692037582397,-0.06547682732343674,0.34802019596099854,0.656536877155304,-0.05475175753235817,0.3587840497493744,0.645042359828949,-0.039958056062459946,pinch,RRQ_p18,RRQ
0.45375943183898926,0.8393064737319946,2.5185946128658543e-07,0.40989282727241516,0.7793821096420288,-0.02002904564142227,0.3906457722187042,0.7036699056625366,-0.03952107951045036,0.3783614933490753,0.6612390279769897,-0.06210142746567726,0.3568292558193207,0.6324649453163147,-0.08407323062419891,0.4327842891216278,0.5823191404342651,-0.016017772257328033,0.41234245896339417,0.5071972012519836,-0.0628066286444664,0.38443151116371155,0.542991578578949,-0.10205329209566116,0.37028056383132935,0.5897815823554993,-0.12173914164304733,0.4757470190525055,0.5765278935432434,-0.027455154806375504,0.49624818563461304,0.4623846411705017,-0.05412239581346512,0.5154825448989868,0.38782423734664917,-0.07809142023324966,0.5368767976760864,0.3197243809700012,-0.09476977586746216,0.5120599865913391,0.6006109118461609,-0.045407310128211975,0.5403631925582886,0.493397057056427,-0.0696973130106926,0.559548020362854,0.4228785037994385,-0.08734038472175598,0.577059805393219,0.35777905583381653,-0.09805234521627426,0.5407187342643738,0.647089421749115,-0.06577037274837494,0.5711008906364441,0.5709026455879211,-0.08017291128635406,0.5932208299636841,0.5158286690711975,-0.08194940537214279,0.6133257746696472,0.4658845067024231,-0.08233099430799484,pinch,RRQ_p18,RRQ
0.47822335362434387,0.873256266117096,-4.46851743163279e-07,0.42338889837265015,0.8491131067276001,-0.03294562175869942,0.3741377294063568,0.7973101735115051,-0.055605433881282806,0.38728171586990356,0.7597948908805847,-0.07459698617458344,0.4447464942932129,0.7530111074447632,-0.08661441504955292,0.40286529064178467,0.6414631605148315,-0.030919212847948074,0.37505826354026794,0.6625417470932007,-0.06705876439809799,0.38433295488357544,0.7183157801628113,-0.0875004455447197,0.400618314743042,0.7265365719795227,-0.0999840572476387,0.457143634557724,0.6264642477035522,-0.031000278890132904,0.4363788068294525,0.6941876411437988,-0.060347262769937515,0.4315546154975891,0.7555414438247681,-0.06269656121730804,0.43454408645629883,0.7478162050247192,-0.05994496867060661,0.5037580728530884,0.6499221920967102,-0.037321362644433975,0.48178085684776306,0.740021824836731,-0.0605512373149395,0.4684041738510132,0.7835454940795898,-0.04837006703019142,0.46693679690361023,0.76363205909729,-0.037152934819459915,0.5430731773376465,0.6919688582420349,-0.048786092549562454,0.5181363821029663,0.7767243981361389,-0.06424791365861893,0.5033090114593506,0.805955708026886,-0.0593508705496788,0.49918538331985474,0.7897939682006836,-0.05162613093852997,fist,RRQ_p18,RRQ
0.29866495728492737,0.7633820176124573,-2.892347481520119e-07,0.2267725020647049,0.7854743599891663,-0.006867833901196718,0.1712402105331421,0.8421117663383484,-0.03182614594697952,0.14752651751041412,0.916271448135376,-0.05793394893407822,0.13503694534301758,0.9646375775337219,-0.08358098566532135,0.13191354274749756,0.7652326822280884,-0.060565873980522156,0.10623643547296524,0.907079815864563,-0.09665144979953766,0.13688591122627258,0.9149655699729919,-0.1089593917131424,0.15371504426002502,0.8816366791725159,-0.1147506982088089,0.17997850477695465,0.7694319486618042,-0.07676518708467484,0.16458450257778168,0.942840576171875,-0.1116991713643074,0.18911312520503998,0.9302834272384644,-0.11064475774765015,0.19376449286937714,0.8870223760604858,-0.10934831947088242,0.23430444300174713,0.7880152463912964,-0.09267106652259827,0.22336407005786896,0.9519239068031311,-0.12269074469804764,0.2392766773700714,0.9320598244667053,-0.10834009200334549,0.23821277916431427,0.8849353790283203,-0.09751772880554199,0.28764551877975464,0.8131160140037537,-0.10840576887130737,0.27358511090278625,0.9430550932884216,-0.13287681341171265,0.2768752872943878,0.9356427788734436,-0.1261364072561264,0.27329012751579285,0.8998826146125793,-0.11842067539691925,fist,RRQ_p18,RRQ
0.4978450536727905,0.6300933957099915,-1.6870359331733198e-07,0.46188947558403015,0.6514977216720581,-0.035584110766649246,0.4310818612575531,0.682578980922699,-0.06436215341091156,0.43310439586639404,0.7101480960845947,-0.08799920231103897,0.46551841497421265,0.7015878558158875,-0.10706447809934616,0.39587780833244324,0.5619314908981323,-0.055816899985075,0.3909870386123657,0.6550554037094116,-0.08552911132574081,0.41801658272743225,0.6761423945426941,-0.10106933116912842,0.4324031174182892,0.6580938696861267,-0.11040221899747849,0.43810272216796875,0.5375474691390991,-0.05299289524555206,0.44605138897895813,0.6624283194541931,-0.07433668524026871,0.4598815143108368,0.6662655472755432,-0.07589937001466751,0.45959171652793884,0.632423460483551,-0.07694535702466965,0.48501989245414734,0.5367176532745361,-0.0535038523375988,0.4938933849334717,0.6578893065452576,-0.06952893733978271,0.4945180416107178,0.6526232957839966,-0.05707956477999687,0.4894781708717346,0.6181424260139465,-0.04735211655497551,0.527052640914917,0.5476770997047424,-0.05874844267964363,0.5296139717102051,0.6435126662254333,-0.07142765074968338,0.5246769189834595,0.6388192772865295,-0.06547998636960983,0.5181462168693542,0.6086530685424805,-0.057880327105522156,fist,RRQ_p18,RRQ
0.5381982326507568,0.46668344736099243,-4.4719007519233855e-07,0.48982900381088257,0.4389016330242157,-0.01063808985054493,0.4527919888496399,0.39138078689575195,-0.019851326942443848,0.4562363922595978,0.33708181977272034,-0.031793732196092606,0.49147817492485046,0.31031811237335205,-0.0395619198679924,0.4587959349155426,0.313719779253006,-0.00015911601076368243,0.4358901381492615,0.266207754611969,-0.029581373557448387,0.4459632933139801,0.31301307678222656,-0.04401776194572449,0.4583372175693512,0.33843928575515747,-0.04914487153291702,0.4927428364753723,0.3014844059944153,-0.0068867565132677555,0.4774194359779358,0.27404454350471497,-0.03364374488592148,0.48562371730804443,0.332803875207901,-0.034830011427402496,0.49481892585754395,0.3484301269054413,-0.028447339311242104,0.5274333357810974,0.3019871115684509,-0.01888047531247139,0.5148638486862183,0.294755220413208,-0.04223623126745224,0.5175193548202515,0.35171088576316833,-0.031401775777339935,0.5235710740089417,0.3644583225250244,-0.017419347539544106,0.5641575455665588,0.31166478991508484,-0.032959602773189545,0.5489895343780518,0.3118252754211426,-0.04074791446328163,0.5437209010124207,0.35375696420669556,-0.030037304386496544,0.5455947518348694,0.36648476123809814,-0.01892746239900589,fist,RRQ_p18,RRQ
0.4213462769985199,0.743470311164856,-2.1971916908114508e-07,0.3819078803062439,0.7436932325363159,-0.028260022401809692,0.345059871673584,0.7418652772903442,-0.049823321402072906,0.3309798836708069,0.7396588921546936,-0.06793040037155151,0.35466164350509644,0.7317871451377869,-0.08129195868968964,0.3326261341571808,0.6110031604766846,-0.035435114055871964,0.30862993001937866,0.6682621836662292,-0.061759039759635925,0.32526975870132446,0.706135630607605,-0.07557766884565353,0.339951753616333,0.7020496129989624,-0.08385369181632996,0.3709935247898102,0.6015142202377319,-0.03478709235787392,0.3520788252353668,0.6833451986312866,-0.054980482906103134,0.3648924231529236,0.7108844518661499,-0.057080090045928955,0.37270599603652954,0.692656934261322,-0.056838057935237885,0.4106656312942505,0.6158303618431091,-0.037747547030448914,0.3947450518608093,0.7114742994308472,-0.0536872036755085,0.4011043608188629,0.7320831418037415,-0.04337436333298683,0.40720587968826294,0.7138682007789612,-0.03451775759458542,0.4459531903266907,0.6404021978378296,-0.04474155232310295,0.4298613369464874,0.7167165279388428,-0.055087439715862274,0.43200457096099854,0.7269732356071472,-0.04923824965953827,0.4373708665370941,0.70885169506073,-0.04187854379415512,fist,RRQ_p18,RRQ
0.6093318462371826,0.7817280888557434,-1.1822665157978918e-07,0.5989219546318054,0.8036832809448242,-0.056068602949380875,0.6236637234687805,0.8219110369682312,-0.08725686371326447,0.670243501663208,0.847165584564209,-0.10466077923774719,0.71277916431427,0.8534601926803589,-0.11460345983505249,0.6530327200889587,0.6997204422950745,-0.08734067529439926,0.6845866441726685,0.7728726863861084,-0.1121903508901596,0.6657004952430725,0.7945457100868225,-0.11696551740169525,0.6503953337669373,0.7828466296195984,-0.12131038308143616,0.6884787082672119,0.6952414512634277,-0.06899870187044144,0.710986316204071,0.7901984453201294,-0.09474843740463257,0.6833263635635376,0.8180631995201111,-0.09444356709718704,0.6696730852127075,0.8022116422653198,-0.0952562466263771,0.7106172442436218,0.7113251090049744,-0.05281578004360199,0.7258586287498474,0.8029844760894775,-0.07421000301837921,0.697598934173584,0.8238728046417236,-0.06493135541677475,0.6810482144355774,0.8055227994918823,-0.059906069189310074,0.7199897170066833,0.7356727719306946,-0.04111397638916969,0.725500226020813,0.8041425347328186,-0.06073687598109245,0.7047771215438843,0.8200436234474182,-0.061714619398117065,0.6928969621658325,0.8046897053718567,-0.061315812170505524,fist,RRQ_p18,RRQ
0.48403802514076233,0.6553207635879517,-4.335642955766161e-08,0.4256671369075775,0.6962105631828308,-0.012368732132017612,0.39376816153526306,0.7700792551040649,-0.04097968712449074,0.41392967104911804,0.8440408110618591,-0.06813443452119827,0.45288699865341187,0.8780821561813354,-0.09595409780740738,0.3677973449230194,0.6990057826042175,-0.08017612248659134,0.36418741941452026,0.8210912942886353,-0.10796376317739487,0.3882908523082733,0.8207942247390747,-0.111569344997406,0.39651206135749817,0.7892510890960693,-0.11247394233942032,0.4135850965976715,0.6930810213088989,-0.09143693000078201,0.4198523461818695,0.8344219923019409,-0.12158868461847305,0.4332211911678314,0.8220124840736389,-0.11663950979709625,0.43164029717445374,0.7834495902061462,-0.11345228552818298,0.46243903040885925,0.6985992193222046,-0.10077658295631409,0.4691866338253021,0.832633376121521,-0.12467541545629501,0.47329196333885193,0.8104677200317383,-0.11402522027492523,0.4658447802066803,0.7671398520469666,-0.10681911557912827,0.5060483813285828,0.709200382232666,-0.10984794050455093,0.5069572329521179,0.809138834476471,-0.12768954038619995,0.5030478239059448,0.7960197925567627,-0.12265212833881378,0.4961077570915222,0.7595583200454712,-0.1187666580080986,fist,RRQ_p18,RRQ
0.4678069055080414,0.8397319912910461,-3.912032013886346e-07,0.41835087537765503,0.85267573595047,-0.031598713248968124,0.36325863003730774,0.8428747653961182,-0.05248624458909035,0.3510512113571167,0.8153077363967896,-0.06976330280303955,0.3927976191043854,0.7862120270729065,-0.08066699653863907,0.34663301706314087,0.6919924020767212,-0.026119474321603775,0.3263232707977295,0.7358502745628357,-0.05799710378050804,0.35303258895874023,0.7862640023231506,-0.07636873424053192,0.36794424057006836,0.7816408276557922,-0.08799350261688232,0.3847626745700836,0.6629091501235962,-0.025007417425513268,0.37326422333717346,0.7313246726989746,-0.051930397748947144,0.39502406120300293,0.7847784757614136,-0.054142825305461884,0.40239599347114563,0.7751172780990601,-0.05127391591668129,0.4262310862541199,0.6629719734191895,-0.029804671183228493,0.4224287271499634,0.7490970492362976,-0.05139793083071709,0.4339696168899536,0.7907609939575195,-0.04127512499690056,0.4364825487136841,0.7738702297210693,-0.03087763488292694,0.46680328249931335,0.6772000193595886,-0.03924989700317383,0.4616946578025818,0.7542331218719482,-0.05097741261124611,0.46866169571876526,0.7802996635437012,-0.04623900726437569,0.4718247652053833,0.7644546031951904,-0.03947605937719345,fist,RRQ_p18,RRQ
0.22688153386116028,0.6165174841880798,2.7402597879699897e-07,0.2987588346004486,0.6450360417366028,-0.019165867939591408,0.3446206748485565,0.7173827290534973,-0.045556191354990005,0.35297098755836487,0.7844769358634949,-0.06673213094472885,0.3344268500804901,0.8297063112258911,-0.08438882976770401,0.3202298581600189,0.6653851866722107,-0.08744064718484879,0.3000790476799011,0.7968406081199646,-0.11574769765138626,0.29901203513145447,0.8087424039840698,-0.1221286803483963,0.3078078329563141,0.7867106199264526,-0.12409254163503647,0.2609705626964569,0.658281683921814,-0.09208951145410538,0.24470922350883484,0.819401204586029,-0.12081819027662277,0.252311110496521,0.8162746429443359,-0.11231227964162827,0.26255667209625244,0.7783916592597961,-0.10639875382184982,0.20698904991149902,0.6636766195297241,-0.09442084282636642,0.196632981300354,0.8134220838546753,-0.11055731028318405,0.20681512355804443,0.8109884262084961,-0.08920563012361526,0.2190040498971939,0.7773132920265198,-0.07534363865852356,0.1626777946949005,0.6712607145309448,-0.09843622893095016,0.15358096361160278,0.7952018976211548,-0.1040271669626236,0.16859038174152374,0.8064373731613159,-0.08970709145069122,0.18453973531723022,0.7863128781318665,-0.08082877844572067,fist,RRQ_p18,RRQ
0.21556921303272247,0.6736655235290527,-1.8198983298134408e-07,0.2875030040740967,0.723168671131134,-0.005396115127950907,0.35802391171455383,0.7570538520812988,-0.019793758168816566,0.4081675410270691,0.7867622375488281,-0.035091329365968704,0.43810728192329407,0.8134458661079407,-0.04571840539574623,0.40087902545928955,0.6814936995506287,-0.03606445714831352,0.4105459749698639,0.7879331707954407,-0.06664513796567917,0.37799978256225586,0.8105581402778625,-0.0776551216840744,0.3614043593406677,0.7866147756576538,-0.08319027721881866,0.37331292033195496,0.6624933481216431,-0.049167703837156296,0.37067359685897827,0.8096462488174438,-0.07651712000370026,0.3388861417770386,0.8143736720085144,-0.0756184533238411,0.3313741683959961,0.779594898223877,-0.0752856507897377,0.33202067017555237,0.6625685095787048,-0.06313759088516235,0.3215087056159973,0.8118582963943481,-0.08633977919816971,0.29660406708717346,0.8069890141487122,-0.0758456289768219,0.2944982349872589,0.7721327543258667,-0.0690908133983612,0.28536456823349,0.6764721870422363,-0.07810269296169281,0.2767047584056854,0.7984839677810669,-0.0926765576004982,0.2611410915851593,0.791674017906189,-0.08750996738672256,0.25984495878219604,0.7548632621765137,-0.08346229791641235,fist,RRQ_p18,RRQ
0.2991374731063843,0.5453506708145142,2.6421776055940427e-07,0.36367884278297424,0.5871157646179199,-0.022111425176262856,0.4113820493221283,0.6457140445709229,-0.05528424307703972,0.43828943371772766,0.7079493403434753,-0.08483272790908813,0.45375972986221313,0.7528536915779114,-0.11099134385585785,0.43962404131889343,0.586670458316803,-0.09501363337039948,0.42778390645980835,0.7180336713790894,-0.1283978372812271,0.41083207726478577,0.7367689609527588,-0.13241812586784363,0.40523359179496765,0.7111518383026123,-0.1325431615114212,0.3893994987010956,0.5756030082702637,-0.10413660854101181,0.3734106421470642,0.7347449064254761,-0.13403142988681793,0.35968369245529175,0.7321450114250183,-0.12141665816307068,0.362594872713089,0.6966434121131897,-0.11381885409355164,0.33654120564460754,0.5779618620872498,-0.11246008425951004,0.3194555342197418,0.7273663878440857,-0.13527153432369232,0.31546738743782043,0.7219657897949219,-0.11409109830856323,0.3236995339393616,0.6915505528450012,-0.10164645314216614,0.2853035032749176,0.5868966579437256,-0.1227448359131813,0.27143797278404236,0.7089455723762512,-0.13788242638111115,0.278947114944458,0.7136493921279907,-0.12752772867679596,0.2917952239513397,0.6937790513038635,-0.12113172560930252,fist,RRQ_p18,RRQ
0.29473164677619934,0.556056797504425,1.7931807860804838e-07,0.33335548639297485,0.5782877206802368,-0.014171573333442211,0.3676283061504364,0.6363828182220459,-0.04238545149564743,0.3844510316848755,0.6972935795783997,-0.06754001975059509,0.39547598361968994,0.7263708710670471,-0.08999667316675186,0.37049436569213867,0.5859618782997131,-0.08705928921699524,0.35283949971199036,0.7125813961029053,-0.12207784503698349,0.3480236232280731,0.7317744493484497,-0.13066352903842926,0.34797677397727966,0.705692708492279,-0.13287048041820526,0.345491886138916,0.5722376108169556,-0.09635995328426361,0.32993829250335693,0.7265856266021729,-0.1255784034729004,0.3267029821872711,0.7223615646362305,-0.11132735759019852,0.3292049169540405,0.6843841671943665,-0.10235697031021118,0.32146987318992615,0.5716027021408081,-0.10529769957065582,0.3066245913505554,0.7203235626220703,-0.1249350905418396,0.31102097034454346,0.7108294367790222,-0.10274804383516312,0.3226170837879181,0.6752035021781921,-0.0897836908698082,0.2943306863307953,0.5810688138008118,-0.11593427509069443,0.28589263558387756,0.6981781125068665,-0.12998206913471222,0.294515997171402,0.6951090097427368,-0.12090303003787994,0.3065663278102875,0.6685225367546082,-0.11569245159626007,fist,RRQ_p18,RRQ
0.3726215660572052,0.5926721692085266,-1.6589822848800395e-07,0.42735689878463745,0.6198212504386902,-0.006688897497951984,0.47681742906570435,0.623605489730835,-0.016050320118665695,0.5142280459403992,0.6268270611763,-0.02631515823304653,0.5434476733207703,0.6272397041320801,-0.033685244619846344,0.5073643326759338,0.5360685586929321,-0.01753288321197033,0.5205361843109131,0.610638439655304,-0.03829982876777649,0.4973122477531433,0.6269896030426025,-0.04916062578558922,0.4870859682559967,0.6093246936798096,-0.056619882583618164,0.48292720317840576,0.5209410190582275,-0.025235699489712715,0.4906044602394104,0.6167234182357788,-0.04553793743252754,0.467616468667984,0.6280810832977295,-0.05034758150577545,0.46042487025260925,0.6039072871208191,-0.05449990928173065,0.4517628848552704,0.5224271416664124,-0.03415123373270035,0.4568382203578949,0.6175076961517334,-0.052358467131853104,0.43783116340637207,0.6277727484703064,-0.047992460429668427,0.4315696358680725,0.6059163808822632,-0.04512256011366844,0.41841909289360046,0.5329009294509888,-0.044113170355558395,0.42325299978256226,0.6114292740821838,-0.056658677756786346,0.4126048684120178,0.6235403418540955,-0.054995957762002945,0.4078795909881592,0.6062427163124084,-0.05298175662755966,fist,RRQ_p18,RRQ
0.2810080647468567,0.7635074257850647,-2.6456120849616127e-07,0.3272610008716583,0.7362115383148193,-0.010019433684647083,0.35800811648368835,0.6821210980415344,-0.015165155753493309,0.3737596869468689,0.642916738986969,-0.020544182509183884,0.3801972568035126,0.6094127893447876,-0.023103229701519012,0.32137957215309143,0.5955945253372192,-0.005444989539682865,0.3599652349948883,0.6048803329467773,-0.024450093507766724,0.36018767952919006,0.6507403254508972,-0.036013320088386536,0.3482474088668823,0.663123607635498,-0.042979076504707336,0.29283252358436584,0.5979310870170593,-0.009810125455260277,0.3365156054496765,0.621369481086731,-0.027476716786623,0.3386256694793701,0.670957088470459,-0.03205254673957825,0.32810479402542114,0.6780639290809631,-0.033128682523965836,0.2689753770828247,0.6176658272743225,-0.01692533865571022,0.3117910623550415,0.652214527130127,-0.0338980071246624,0.3135809004306793,0.6938772201538086,-0.030668828636407852,0.30176833271980286,0.6962947249412537,-0.02647853083908558,0.2507263123989105,0.6466444134712219,-0.02543928101658821,0.2850281298160553,0.6814529895782471,-0.0353434756398201,0.28625738620758057,0.7106418609619141,-0.03277570381760597,0.27480512857437134,0.7105001211166382,-0.02926775813102722,fist,RRQ_p18,RRQ
0.3363873064517975,0.7154363393783569,-2.576084625616204e-07,0.38955003023147583,0.7062033414840698,-0.005583594087511301,0.4251169264316559,0.6573147177696228,-0.009133286774158478,0.44683346152305603,0.6172277331352234,-0.014180164784193039,0.4607062041759491,0.5840535163879395,-0.016155565157532692,0.40231698751449585,0.570387601852417,-0.0023327628150582314,0.44008952379226685,0.5758796334266663,-0.020977670326828957,0.4348297715187073,0.6199561953544617,-0.03157484158873558,0.42319583892822266,0.6305076479911804,-0.03765905275940895,0.3810688853263855,0.5682976841926575,-0.008328336291015148,0.4266010522842407,0.5911157131195068,-0.02574603632092476,0.4208233058452606,0.6359803080558777,-0.02869543619453907,0.40797555446624756,0.6421082615852356,-0.028889095410704613,0.3612256646156311,0.5796998143196106,-0.017136741429567337,0.4049767255783081,0.6122190356254578,-0.03362829238176346,0.3988710641860962,0.6510871648788452,-0.029279224574565887,0.3860015571117401,0.6525783538818359,-0.02465149201452732,0.34542569518089294,0.6014498472213745,-0.02706986479461193,0.3813280165195465,0.6343281269073486,-0.03720282390713692,0.37413573265075684,0.6609525680541992,-0.03485364094376564,0.36013153195381165,0.6595771312713623,-0.032021090388298035,fist,RRQ_p18,RRQ
0.329757422208786,0.7559895515441895,2.3286354178253532e-07,0.37717458605766296,0.744290292263031,-0.023052295669913292,0.4207088053226471,0.7056336998939514,-0.035749904811382294,0.45485764741897583,0.6690735816955566,-0.046972837299108505,0.48858654499053955,0.6469634175300598,-0.05815603956580162,0.4082375168800354,0.6182664036750793,-0.026218779385089874,0.4319216310977936,0.5563777089118958,-0.04356437176465988,0.44275403022766113,0.5152060389518738,-0.05643588304519653,0.44999900460243225,0.4790622591972351,-0.06639257818460464,0.3786114752292633,0.6029321551322937,-0.028110142797231674,0.3833051919937134,0.5267380475997925,-0.044693898409605026,0.3854644000530243,0.47943222522735596,-0.056920126080513,0.3852654695510864,0.44040998816490173,-0.06574244797229767,0.3501918315887451,0.6063765287399292,-0.03256113454699516,0.34795066714286804,0.5374316573143005,-0.04910755902528763,0.3495943546295166,0.4929729700088501,-0.05868900939822197,0.3518286645412445,0.4534778296947479,-0.06514737755060196,0.3232628107070923,0.6246483325958252,-0.03918977454304695,0.30579522252082825,0.5715451240539551,-0.05590298771858215,0.29627567529678345,0.5349478721618652,-0.0635446086525917,0.29032495617866516,0.4998216927051544,-0.06776349991559982,open_palm,RRQ_p18,RRQ
0.32046592235565186,0.7494151592254639,1.9320374633480242e-07,0.36808836460113525,0.7321838140487671,-0.021556975319981575,0.4059842824935913,0.688156247138977,-0.03466344252228737,0.42870113253593445,0.6441957950592041,-0.04687103256583214,0.45632204413414,0.6104594469070435,-0.0592784583568573,0.39578044414520264,0.5989371538162231,-0.022283455356955528,0.4068278968334198,0.5284488201141357,-0.04221345856785774,0.4099472165107727,0.4845254421234131,-0.05743632838129997,0.4120038151741028,0.44480597972869873,-0.06826808303594589,0.37301379442214966,0.5915296673774719,-0.02551177702844143,0.38233834505081177,0.5125695466995239,-0.04390164464712143,0.3870592415332794,0.4620320200920105,-0.058230042457580566,0.38989749550819397,0.4170461595058441,-0.06850966811180115,0.34841835498809814,0.5993182063102722,-0.031631577759981155,0.3526935279369354,0.524078905582428,-0.049311332404613495,0.35807299613952637,0.4786064028739929,-0.05916212499141693,0.3630135655403137,0.4374961256980896,-0.06551704555749893,0.32179906964302063,0.6181877255439758,-0.03982500359416008,0.32230785489082336,0.5593820810317993,-0.055954985320568085,0.326945960521698,0.5213437676429749,-0.06309531629085541,0.3313405215740204,0.4849684238433838,-0.06740030646324158,open_palm,RRQ_p18,RRQ
0.2798503637313843,0.7460808753967285,1.2870397370079445e-07,0.32635730504989624,0.7808670997619629,-0.009826208464801311,0.3886091709136963,0.7685171365737915,-0.00857575237751007,0.43538179993629456,0.7540960311889648,-0.008712965995073318,0.46915337443351746,0.7536129951477051,-0.008387431502342224,0.4274740219116211,0.6903294324874878,0.011182839050889015,0.47181129455566406,0.6570335030555725,0.004528011195361614,0.49550166726112366,0.6341848373413086,-0.0045059178955852985,0.5136497020721436,0.611422061920166,-0.011758724227547646,0.4195977449417114,0.6600083112716675,0.00718648498877883,0.46909046173095703,0.6223434209823608,0.0016286534955725074,0.4974897801876068,0.5972874760627747,-0.006956734228879213,0.5186578631401062,0.572143018245697,-0.013369674794375896,0.40354543924331665,0.637325644493103,-0.00028222918626852334,0.449872225522995,0.598534882068634,-0.0073194848373532295,0.47644636034965515,0.5760757327079773,-0.013230860233306885,0.4970395863056183,0.5542547702789307,-0.01740746758878231,0.37935203313827515,0.6186714768409729,-0.009607765823602676,0.41486626863479614,0.5846249461174011,-0.016878413036465645,0.4382409453392029,0.5641076564788818,-0.01933905854821205,0.4594499468803406,0.5451292395591736,-0.02086707204580307,open_palm,RRQ_p18,RRQ
0.39585861563682556,0.7648573517799377,3.0302629738798714e-07,0.3951728940010071,0.6941289901733398,-0.027600273489952087,0.3659665882587433,0.6314738988876343,-0.04341551288962364,0.3351109027862549,0.5817949771881104,-0.05733971297740936,0.3071499466896057,0.5378261208534241,-0.0715809091925621,0.28685691952705383,0.6176369190216064,-0.03365596383810043,0.2314174622297287,0.577650785446167,-0.05819258093833923,0.1946190893650055,0.5580053329467773,-0.07644479721784592,0.16039243340492249,0.5421101450920105,-0.08943602442741394,0.2703942060470581,0.6515832543373108,-0.03617847338318825,0.207477867603302,0.609604001045227,-0.058575186878442764,0.1654966026544571,0.5853931307792664,-0.07589343935251236,0.12748423218727112,0.5648991465568542,-0.0886111631989479,0.2669750452041626,0.6926525831222534,-0.04169920086860657,0.20644043385982513,0.6557630300521851,-0.06211433187127113,0.16797173023223877,0.6295418739318848,-0.07464231550693512,0.13288511335849762,0.6048139333724976,-0.08349724113941193,0.2730095386505127,0.7402417063713074,-0.0497945174574852,0.22456687688827515,0.7148096561431885,-0.06904193758964539,0.19312015175819397,0.690772533416748,-0.07846676558256149,0.16364926099777222,0.6660982370376587,-0.08460286259651184,open_palm,RRQ_p18,RRQ
0.38297039270401,0.7264552712440491,2.2349611583649676e-07,0.38345417380332947,0.6699124574661255,-0.019472375512123108,0.36364489793777466,0.6205423474311829,-0.03235709294676781,0.34187790751457214,0.5844651460647583,-0.04413658380508423,0.32653042674064636,0.5446990728378296,-0.05645759403705597,0.3065275251865387,0.6041488647460938,-0.026139231398701668,0.26518282294273376,0.5703062415122986,-0.04592005908489227,0.23797035217285156,0.5526022911071777,-0.06036001443862915,0.21240440011024475,0.5372995734214783,-0.07051479071378708,0.29398074746131897,0.6288647651672363,-0.029410965740680695,0.2460036277770996,0.593004584312439,-0.047454796731472015,0.21365094184875488,0.5712831020355225,-0.06053559109568596,0.18462637066841125,0.5526930093765259,-0.07009423524141312,0.29050400853157043,0.6603919267654419,-0.03492944687604904,0.24271082878112793,0.6273099780082703,-0.051489826291799545,0.2125329077243805,0.6049392819404602,-0.0606074221432209,0.18579429388046265,0.5845327377319336,-0.06677599996328354,0.2933030426502228,0.6981596350669861,-0.042198896408081055,0.25453832745552063,0.6744011640548706,-0.05772931128740311,0.22897778451442719,0.6540105938911438,-0.06479250639677048,0.20488877594470978,0.6339700818061829,-0.06911487877368927,open_palm,RRQ_p18,RRQ
0.3354411721229553,0.752071738243103,1.962069546834755e-07,0.37857723236083984,0.7311736345291138,-0.020778696984052658,0.41057097911834717,0.6829391121864319,-0.029933396726846695,0.42911767959594727,0.6366403102874756,-0.03745156526565552,0.4495137631893158,0.606751024723053,-0.04494378715753555,0.38955700397491455,0.6058173179626465,-0.021892055869102478,0.39915984869003296,0.5430158972740173,-0.03667892888188362,0.4012346863746643,0.5040320754051208,-0.04773794859647751,0.40148892998695374,0.47165584564208984,-0.0558825321495533,0.360783189535141,0.5978875756263733,-0.023167729377746582,0.36072856187820435,0.522786021232605,-0.03647739067673683,0.35975876450538635,0.47828376293182373,-0.0474100187420845,0.3575049936771393,0.4412810802459717,-0.05525033175945282,0.3350621461868286,0.6062707304954529,-0.026653574779629707,0.3322733938694,0.541051983833313,-0.040444374084472656,0.3304765522480011,0.4993690550327301,-0.05031469464302063,0.3293014466762543,0.46290266513824463,-0.057155776768922806,0.3101661801338196,0.6279711127281189,-0.031998686492443085,0.29490333795547485,0.5830395817756653,-0.046292103826999664,0.2848580777645111,0.5537257790565491,-0.053056251257658005,0.2766217589378357,0.5260404348373413,-0.05696876719594002,open_palm,RRQ_p18,RRQ
0.34283480048179626,0.6784654855728149,2.8171618282613053e-07,0.38505229353904724,0.6605335474014282,-0.01604059897363186,0.4244409501552582,0.6294223070144653,-0.02495497092604637,0.45686376094818115,0.6140142679214478,-0.03406737372279167,0.4827069044113159,0.6096019744873047,-0.04369822517037392,0.4031235873699188,0.5505428314208984,-0.014288258738815784,0.42269712686538696,0.5051997900009155,-0.02625473588705063,0.431972861289978,0.4759592115879059,-0.03654893860220909,0.43802210688591003,0.4493131637573242,-0.04449602589011192,0.37443482875823975,0.5388365387916565,-0.0165172778069973,0.37441152334213257,0.4805179834365845,-0.026949582621455193,0.3725722134113312,0.4481717348098755,-0.03609877824783325,0.3681783080101013,0.4226312041282654,-0.04260294884443283,0.34854209423065186,0.5440418720245361,-0.0207891333848238,0.33826789259910583,0.4933798611164093,-0.0310590248554945,0.32959669828414917,0.4637022614479065,-0.038091178983449936,0.3214668035507202,0.4375365972518921,-0.04286578670144081,0.32670965790748596,0.5632233619689941,-0.02690076269209385,0.3105453848838806,0.5280534029006958,-0.03581571578979492,0.29975807666778564,0.5060728788375854,-0.0389900803565979,0.2906424403190613,0.4851233959197998,-0.040635645389556885,open_palm,RRQ_p18,RRQ
0.46645939350128174,0.6632852554321289,1.4782371771104863e-08,0.49642330408096313,0.5972856283187866,-0.018587112426757812,0.49551427364349365,0.519896924495697,-0.033380042761564255,0.4948776960372925,0.45851749181747437,-0.04743675887584686,0.4960867166519165,0.40597814321517944,-0.06361649185419083,0.4397546947002411,0.47447526454925537,-0.03952287882566452,0.3937171995639801,0.412253201007843,-0.06740092486143112,0.3619062900543213,0.3777112364768982,-0.08734568953514099,0.334358274936676,0.3502286672592163,-0.10192648321390152,0.42100241780281067,0.4989735782146454,-0.04790240153670311,0.367322713136673,0.4377205967903137,-0.07578524947166443,0.3300546705722809,0.4010503590106964,-0.09603884071111679,0.2959570288658142,0.37018394470214844,-0.11151932179927826,0.411903440952301,0.5375345945358276,-0.05770919471979141,0.3594801723957062,0.48307183384895325,-0.08313040435314178,0.3260461688041687,0.4470132291316986,-0.09736526012420654,0.29487985372543335,0.41305825114250183,-0.10795936733484268,0.4103357493877411,0.5852643847465515,-0.0686839297413826,0.3641110360622406,0.5525931715965271,-0.09324595332145691,0.33610254526138306,0.525286853313446,-0.10496828705072403,0.3094606399536133,0.49546828866004944,-0.11307726055383682,open_palm,RRQ_p18,RRQ
0.3774418830871582,0.7949649095535278,2.485914762928587e-07,0.3305487036705017,0.7555879354476929,-0.01341947354376316,0.3027125597000122,0.6815553903579712,-0.018864009529352188,0.2887868583202362,0.6242081522941589,-0.02514500916004181,0.2699953317642212,0.5822229385375977,-0.03138531371951103,0.3424108922481537,0.5924050807952881,0.00018578406888991594,0.3455795645713806,0.5205161571502686,-0.013530799187719822,0.34834882616996765,0.47559529542922974,-0.027886545285582542,0.3527732491493225,0.4357169270515442,-0.03895259276032448,0.36708033084869385,0.5883238315582275,-0.006541056092828512,0.3711450397968292,0.5054140090942383,-0.017334964126348495,0.37550559639930725,0.4534052014350891,-0.029342416673898697,0.3808130919933319,0.4078254699707031,-0.038582943379879,0.39095738530158997,0.5995402336120605,-0.016960682347416878,0.39594343304634094,0.517960786819458,-0.02787548303604126,0.4009374976158142,0.4659973084926605,-0.03545495122671127,0.40608328580856323,0.4194730818271637,-0.04162195324897766,0.4151742458343506,0.6253939867019653,-0.02973167784512043,0.41871029138565063,0.5609366297721863,-0.039313528686761856,0.42165619134902954,0.5184111595153809,-0.04233881086111069,0.424381822347641,0.4790348410606384,-0.04493549093604088,open_palm,RRQ_p18,RRQ
0.3832041621208191,0.792601466178894,2.185173002544616e-07,0.33544838428497314,0.7589869499206543,-0.011456791311502457,0.30387187004089355,0.6853140592575073,-0.014801311306655407,0.2873535752296448,0.6283061504364014,-0.01939641684293747,0.2673729956150055,0.587552547454834,-0.02407974749803543,0.339553564786911,0.5973361730575562,0.003606278682127595,0.3371659517288208,0.5263593196868896,-0.00836263783276081,0.33564239740371704,0.4816945791244507,-0.02123359404504299,0.33596986532211304,0.4417567849159241,-0.031404778361320496,0.36282962560653687,0.5912148952484131,-0.0034236114006489515,0.3613770008087158,0.5102415084838867,-0.013012153096497059,0.36142048239707947,0.458417683839798,-0.024164125323295593,0.3624930679798126,0.4119409918785095,-0.03289088234305382,0.3863293528556824,0.6003810167312622,-0.01410299725830555,0.38567593693733215,0.5205143690109253,-0.024319075047969818,0.3871299624443054,0.4687606990337372,-0.031585682183504105,0.38887253403663635,0.4228864312171936,-0.03750331327319145,0.41051408648490906,0.6225881576538086,-0.026980383321642876,0.4083287715911865,0.5572041869163513,-0.03632650151848793,0.40752729773521423,0.5136140584945679,-0.03955520689487457,0.4069429337978363,0.47334080934524536,-0.04233215004205704,open_palm,RRQ_p18,RRQ
0.5379762649536133,0.698405385017395,1.673814296054843e-07,0.49909546971321106,0.6511101126670837,-0.007864318788051605,0.4780263900756836,0.5829966068267822,-0.008390630595386028,0.46812212467193604,0.5311432480812073,-0.010448500514030457,0.4559898376464844,0.49390771985054016,-0.012424010783433914,0.5187002420425415,0.5179082155227661,0.011042878963053226,0.5209223628044128,0.45363616943359375,0.003179775085300207,0.5239657759666443,0.4149430990219116,-0.006892707664519548,0.528373122215271,0.38232070207595825,-0.01477876678109169,0.5461085438728333,0.5148177742958069,0.005517986137419939,0.5527708530426025,0.4433683753013611,0.00031138109625317156,0.5569948554039001,0.399884968996048,-0.008645537309348583,0.5607155561447144,0.36446648836135864,-0.01581094227731228,0.5706662535667419,0.5242521166801453,-0.003301686840131879,0.580503523349762,0.45481371879577637,-0.00914217159152031,0.5850929617881775,0.4124087691307068,-0.0151095325127244,0.5877844095230103,0.3760612905025482,-0.020325208082795143,0.5938063859939575,0.5457627177238464,-0.013858611695468426,0.6050740480422974,0.4933648407459259,-0.01905289851129055,0.6104153990745544,0.4584161043167114,-0.020702501758933067,0.6134601831436157,0.4261247515678406,-0.02240840159356594,open_palm,RRQ_p18,RRQ
0.5264551639556885,0.7007907032966614,1.434810741329784e-07,0.48770642280578613,0.6643387675285339,-0.006186014041304588,0.46494531631469727,0.6095216870307922,-0.005372579675167799,0.4516003429889679,0.5650871396064758,-0.0059615084901452065,0.43606680631637573,0.5361616015434265,-0.006321033928543329,0.4961788058280945,0.5534374117851257,0.014462240971624851,0.49170905351638794,0.5008469223976135,0.00961801502853632,0.49070969223976135,0.46883586049079895,0.00173750554677099,0.4912436902523041,0.44178831577301025,-0.004457017406821251,0.5187715888023376,0.5486408472061157,0.010696692392230034,0.5169652700424194,0.4896056652069092,0.008140997029840946,0.5161083340644836,0.4543757438659668,0.0011399333598092198,0.5155664086341858,0.4262857735157013,-0.004402945749461651,0.5404173731803894,0.5534072518348694,0.003942575305700302,0.5405104756355286,0.4962294101715088,0.0003518726443871856,0.5391536355018616,0.46212589740753174,-0.0040338472463190556,0.5370657444000244,0.4339994192123413,-0.007645765785127878,0.5622965097427368,0.5673215389251709,-0.004323236178606749,0.5667076706886292,0.5220319628715515,-0.007266927510499954,0.5672289133071899,0.4930272698402405,-0.007730808574706316,0.5662670731544495,0.46717026829719543,-0.008288480341434479,open_palm,RRQ_p18,RRQ
0.4412679374217987,0.6087496876716614,2.1006522388233861e-07,0.4028577506542206,0.5776585340499878,-0.01106665562838316,0.380720853805542,0.5254213809967041,-0.013461433351039886,0.3726919889450073,0.4788530468940735,-0.016147766262292862,0.3725826144218445,0.4430738687515259,-0.01813478395342827,0.40436187386512756,0.4716389775276184,0.004967483691871166,0.4042396545410156,0.4177825450897217,-0.003525317180901766,0.40637311339378357,0.38566285371780396,-0.012547070160508156,0.4096139371395111,0.3581410348415375,-0.018997391685843468,0.4269605278968811,0.4661397933959961,0.003260247875005007,0.42819303274154663,0.4074052572250366,-0.0019483886426314712,0.4291799068450928,0.37235695123672485,-0.009045037440955639,0.4296589195728302,0.34297046065330505,-0.014337686821818352,0.4480837285518646,0.46991342306137085,-0.0015277985949069262,0.4489935040473938,0.41627153754234314,-0.006815232802182436,0.44866323471069336,0.38323238492012024,-0.010743079707026482,0.4472757577896118,0.35499638319015503,-0.013799582608044147,0.468574583530426,0.4824845790863037,-0.008220861665904522,0.4699477255344391,0.43972715735435486,-0.012522753328084946,0.46996715664863586,0.41279131174087524,-0.013322761282324791,0.4688405394554138,0.3889160752296448,-0.013852162286639214,open_palm,RRQ_p18,RRQ
0.41750603914260864,0.6001496315002441,1.0631167413066578e-07,0.3846716582775116,0.5680931806564331,-0.0020188461057841778,0.36779874563217163,0.5170692801475525,0.00020507759472820908,0.360146164894104,0.476406067609787,-0.00018796473159454763,0.34923920035362244,0.4458511173725128,-0.0003604234370868653,0.39763858914375305,0.46475890278816223,0.017901016399264336,0.3935313820838928,0.4151735305786133,0.01368909701704979,0.39170241355895996,0.38346362113952637,0.0064481873996555805,0.39236143231391907,0.3546675443649292,0.00030160939786583185,0.41156086325645447,0.458757221698761,0.011373951099812984,0.4087115526199341,0.4013615846633911,0.008124561980366707,0.40924614667892456,0.3653494715690613,0.0016002865741029382,0.41170722246170044,0.3344613313674927,-0.003553794464096427,0.4255536198616028,0.46148282289505005,0.0020494989585131407,0.4238990247249603,0.4045659303665161,-0.002392764203250408,0.4245713949203491,0.36909693479537964,-0.006262023467570543,0.42621102929115295,0.3391117453575134,-0.009372248314321041,0.4406317174434662,0.47151657938957214,-0.008680085651576519,0.4380103051662445,0.42459210753440857,-0.01246815174818039,0.43668991327285767,0.3954445719718933,-0.01323756854981184,0.4357360601425171,0.36914411187171936,-0.014150229282677174,open_palm,RRQ_p18,RRQ
0.45039546489715576,0.577553391456604,8.41236271753587e-08,0.4133165180683136,0.5365782380104065,0.004209855105727911,0.3960479497909546,0.4736737310886383,0.01159441564232111,0.38829493522644043,0.4273412525653839,0.014730947092175484,0.3782626986503601,0.3932221233844757,0.017846789211034775,0.4331115782260895,0.41335389018058777,0.03085487335920334,0.4289734661579132,0.3537353277206421,0.03024434670805931,0.42659029364585876,0.31683415174484253,0.024589840322732925,0.42750898003578186,0.2843416929244995,0.019303089007735252,0.4493900239467621,0.40624573826789856,0.021007204428315163,0.4474756121635437,0.3364768624305725,0.02051570825278759,0.44760459661483765,0.2922976613044739,0.014334702864289284,0.44985726475715637,0.25559890270233154,0.009351866319775581,0.46590229868888855,0.409543514251709,0.008133609779179096,0.46524888277053833,0.3403218984603882,0.005955957807600498,0.4656539261341095,0.2971290349960327,0.0017524801660329103,0.46715056896209717,0.2608279883861542,-0.0019239075481891632,0.4840635061264038,0.4210432767868042,-0.0059321047738194466,0.4828726649284363,0.36208540201187134,-0.008443822152912617,0.4817925691604614,0.3253665566444397,-0.009005224332213402,0.4809646010398865,0.29246392846107483,-0.00998665951192379,open_palm,RRQ_p18,RRQ
0.45161688327789307,0.7700075507164001,-3.600166849082598e-07,0.4296819567680359,0.6971047520637512,-0.030395323410630226,0.4285386800765991,0.6187009811401367,-0.04403394088149071,0.42906105518341064,0.5633872747421265,-0.05253428965806961,0.4227110743522644,0.5173816084861755,-0.055809687823057175,0.4934941530227661,0.6179519295692444,-0.03521587327122688,0.41471752524375916,0.6397458910942078,-0.06183992326259613,0.40992993116378784,0.6679304242134094,-0.07661078125238419,0.43416544795036316,0.6719592213630676,-0.0851631611585617,0.5100457668304443,0.6684572100639343,-0.03247265890240669,0.4130052924156189,0.7022468447685242,-0.05482742190361023,0.4176024794578552,0.7172714471817017,-0.058244749903678894,0.4460601508617401,0.7138382196426392,-0.05970052257180214,0.5133441686630249,0.7249980568885803,-0.0338018499314785,0.4226190447807312,0.7537969946861267,-0.05578966811299324,0.42770838737487793,0.7593146562576294,-0.0476083904504776,0.4515385031700134,0.7549454569816589,-0.039030153304338455,0.5095375776290894,0.7777630090713501,-0.03904365748167038,0.4400697946548462,0.7940512895584106,-0.05804518610239029,0.44353339076042175,0.7935022115707397,-0.057377997785806656,0.46509459614753723,0.789233922958374,-0.0527031347155571,thumbs_up,RRQ_p18,RRQ
0.4805409908294678,0.7998151183128357,-5.280802497509285e-07,0.48280227184295654,0.7151312232017517,-0.013492646627128124,0.5231318473815918,0.6381093859672546,-0.017068585380911827,0.5532674789428711,0.5860854387283325,-0.02358345314860344,0.5620334148406982,0.5378342270851135,-0.026597747579216957,0.5761714577674866,0.6520756483078003,0.012469019740819931,0.5993142127990723,0.6205567121505737,-0.014632581733167171,0.5618784427642822,0.6522480845451355,-0.02892828918993473,0.542827308177948,0.6751241087913513,-0.03372257202863693,0.5929512977600098,0.6932964324951172,0.00798383541405201,0.6121553778648376,0.663465678691864,-0.019638247787952423,0.5614938139915466,0.6956031322479248,-0.024501387029886246,0.5489099025726318,0.7145748734474182,-0.019565945491194725,0.6030927896499634,0.7412112951278687,-0.0025134349707514048,0.6205942630767822,0.7127435803413391,-0.030632909387350082,0.5709970593452454,0.7359681129455566,-0.019648484885692596,0.5575273036956787,0.7522909641265869,-0.0034772877115756273,0.6079840660095215,0.792240560054779,-0.014621865935623646,0.6257182955741882,0.7645131349563599,-0.02758381888270378,0.5910871028900146,0.7716943025588989,-0.015255431644618511,0.5797569751739502,0.7830895185470581,-0.0013450848637148738,thumbs_up,RRQ_p18,RRQ
0.4987211227416992,0.7577962279319763,-2.2508220354211517e-07,0.4765385091304779,0.6660109758377075,0.008920414373278618,0.42513638734817505,0.5952509641647339,0.00486205006018281,0.38089221715927124,0.5478510856628418,-4.919482671539299e-05,0.37530654668807983,0.49608802795410156,-0.005617064423859119,0.4045974314212799,0.6014741063117981,-0.027697350829839706,0.3256038725376129,0.6002585887908936,-0.03662624582648277,0.33670860528945923,0.6153602600097656,-0.03575737774372101,0.3630993366241455,0.6203413009643555,-0.033076461404561996,0.39384913444519043,0.6617248058319092,-0.03574163094162941,0.3174428343772888,0.6553835272789001,-0.04005220904946327,0.3312574625015259,0.666784942150116,-0.03258608281612396,0.3575858771800995,0.6723381280899048,-0.028973812237381935,0.3840313255786896,0.7215233445167542,-0.04073784872889519,0.31598109006881714,0.7069004774093628,-0.040593698620796204,0.33134233951568604,0.7129581570625305,-0.026053907349705696,0.3566008508205414,0.7187145948410034,-0.018619118258357048,0.3768600821495056,0.777221143245697,-0.04436356574296951,0.3181426525115967,0.7618131637573242,-0.04235854744911194,0.3302140235900879,0.7605398297309875,-0.029470127075910568,0.34976640343666077,0.761478841304779,-0.02068917825818062,thumbs_up,RRQ_p18,RRQ
0.4091672897338867,0.5522421598434448,-3.383109117294225e-07,0.3906184434890747,0.47939619421958923,-0.006687717512249947,0.38817012310028076,0.40809953212738037,-0.012486708350479603,0.38962963223457336,0.3568159341812134,-0.018503179773688316,0.39563095569610596,0.316140741109848,-0.02209886908531189,0.43835580348968506,0.38153204321861267,-0.010387328453361988,0.37122398614883423,0.37067657709121704,-0.029133178293704987,0.36801305413246155,0.4035756289958954,-0.03916041925549507,0.38719871640205383,0.41627639532089233,-0.04385398328304291,0.44072726368904114,0.4140998423099518,-0.015833145007491112,0.3635391891002655,0.40958964824676514,-0.03218061104416847,0.367292582988739,0.4368811547756195,-0.033808089792728424,0.3861786723136902,0.4456634521484375,-0.03371777758002281,0.4350222647190094,0.4517784118652344,-0.023209217935800552,0.36278095841407776,0.4481405019760132,-0.03775553032755852,0.3681216239929199,0.4704894423484802,-0.03168589621782303,0.3864160478115082,0.4763694107532501,-0.026124363765120506,0.42434608936309814,0.49202677607536316,-0.03167088329792023,0.36784279346466064,0.488147109746933,-0.04082867130637169,0.37253135442733765,0.5028550624847412,-0.03765101358294487,0.3905085027217865,0.5087308287620544,-0.033044591546058655,thumbs_up,RRQ_p18,RRQ
0.6411687731742859,0.5740202069282532,-2.1534765437536407e-07,0.6324977874755859,0.5274772047996521,-0.018457546830177307,0.6297212839126587,0.48207786679267883,-0.029102204367518425,0.6268560886383057,0.4459419846534729,-0.03701966255903244,0.628585696220398,0.41215309500694275,-0.04198553413152695,0.6709396839141846,0.48172080516815186,-0.026726551353931427,0.613913357257843,0.4830752909183502,-0.04378166422247887,0.6085366606712341,0.4970216155052185,-0.051891572773456573,0.6220176815986633,0.5021679401397705,-0.056279659271240234,0.6770223379135132,0.5172714591026306,-0.026861408725380898,0.6060730814933777,0.5242903232574463,-0.041920438408851624,0.6097009778022766,0.536747395992279,-0.04407516494393349,0.6278595328330994,0.5388028621673584,-0.04527066648006439,0.6753771305084229,0.5566802620887756,-0.0291269663721323,0.6075199842453003,0.5623967051506042,-0.04437923803925514,0.6150830984115601,0.5684774518013,-0.039540134370326996,0.6324217915534973,0.5681548118591309,-0.034703321754932404,0.6683476567268372,0.593367874622345,-0.033511389046907425,0.6172827482223511,0.5950596332550049,-0.046983134001493454,0.6234049797058105,0.5944656729698181,-0.046923235058784485,0.6402179598808289,0.5924492478370667,-0.044453881680965424,thumbs_up,RRQ_p18,RRQ
0.5499276518821716,0.683680534362793,-4.384517069411231e-07,0.5464573502540588,0.6167413592338562,-0.01109927985817194,0.5765034556388855,0.5562444925308228,-0.013902624137699604,0.6022584438323975,0.5175454616546631,-0.01821548491716385,0.6079358458518982,0.48018112778663635,-0.019649559631943703,0.6206688284873962,0.5640871524810791,0.004980454221367836,0.6333919167518616,0.5368325114250183,-0.015347020700573921,0.6043928265571594,0.56405109167099,-0.025089748203754425,0.5917635560035706,0.5835665464401245,-0.028375258669257164,0.6353229284286499,0.597561776638031,0.0017571913776919246,0.6426711678504944,0.5704824924468994,-0.01796787418425083,0.6049792766571045,0.5987227559089661,-0.019551504403352737,0.5979059934616089,0.6149311661720276,-0.015233811922371387,0.6444092392921448,0.6354191303253174,-0.006031603552401066,0.6497164964675903,0.609673261642456,-0.027022676542401314,0.6119580864906311,0.6313603520393372,-0.017144788056612015,0.6044340133666992,0.6460877060890198,-0.004655345808714628,0.6495266556739807,0.6754454374313354,-0.01517430692911148,0.6566299796104431,0.6499150395393372,-0.025716206058859825,0.6296195983886719,0.6573168039321899,-0.01632690615952015,0.6224114894866943,0.6679056882858276,-0.006062536500394344,thumbs_up,RRQ_p18,RRQ
0.4219597578048706,0.6878271102905273,-1.7223668180577079e-07,0.41437891125679016,0.6318262815475464,-0.023436814546585083,0.40405258536338806,0.5830714106559753,-0.04077604413032532,0.39791640639305115,0.5453088283538818,-0.05493621155619621,0.40290653705596924,0.5069258809089661,-0.06746881455183029,0.44300729036331177,0.6132577657699585,-0.04019801318645477,0.36862367391586304,0.6127879023551941,-0.06458351016044617,0.36934974789619446,0.6164511442184448,-0.081416055560112,0.39035293459892273,0.6193740367889404,-0.09167568385601044,0.44495660066604614,0.667194664478302,-0.041111331433057785,0.35683566331863403,0.6659843921661377,-0.05554087832570076,0.36764878034591675,0.6633686423301697,-0.057440001517534256,0.393614262342453,0.6614199280738831,-0.06047866493463516,0.43854817748069763,0.7169882655143738,-0.044287487864494324,0.3539646863937378,0.7108954191207886,-0.058973561972379684,0.36586320400238037,0.700650155544281,-0.04814926162362099,0.3875049352645874,0.695382297039032,-0.040071871131658554,0.4273558557033539,0.7579444050788879,-0.05104393884539604,0.36006706953048706,0.7514957189559937,-0.06659705191850662,0.36691147089004517,0.7396606802940369,-0.06274685263633728,0.3838063180446625,0.7318869829177856,-0.057335592806339264,thumbs_up,RRQ_p18,RRQ
0.3767714500427246,0.7673459053039551,-2.0550957913201273e-07,0.3951709270477295,0.697306752204895,-0.012815927155315876,0.40310779213905334,0.6258758306503296,-0.021336929872632027,0.40060409903526306,0.570731520652771,-0.029279373586177826,0.3907298445701599,0.5207729935646057,-0.036363255232572556,0.35313111543655396,0.6100276112556458,-0.02743176929652691,0.43176963925361633,0.6277608275413513,-0.04940993711352348,0.4294812083244324,0.6534251570701599,-0.06352836638689041,0.4042949676513672,0.6552441716194153,-0.07418052107095718,0.34039613604545593,0.6584487557411194,-0.032769765704870224,0.4323635697364807,0.678466260433197,-0.049751073122024536,0.42352941632270813,0.697441577911377,-0.05448533222079277,0.3981330394744873,0.6974803805351257,-0.061443548649549484,0.3368527293205261,0.7106666564941406,-0.03982936590909958,0.42269158363342285,0.7298614382743835,-0.05641893297433853,0.41495710611343384,0.7441783547401428,-0.05310317128896713,0.3921526074409485,0.74217689037323,-0.052747443318367004,0.3377402722835541,0.7611373662948608,-0.04890809208154678,0.4094095230102539,0.7750777006149292,-0.06389980763196945,0.40875178575515747,0.7778297662734985,-0.06560469418764114,0.39016103744506836,0.7750576734542847,-0.06673146039247513,thumbs_up,RRQ_p18,RRQ
0.3941953182220459,0.7409735918045044,-2.476456302247243e-07,0.41991645097732544,0.6735609769821167,0.002809508703649044,0.4639192223548889,0.61676025390625,-0.0030220295302569866,0.5022286176681519,0.5767088532447815,-0.010617246851325035,0.524968147277832,0.5379027724266052,-0.015429874882102013,0.4917580485343933,0.6049678325653076,-0.011548193171620369,0.556922197341919,0.6388465166091919,-0.028379056602716446,0.5421499609947205,0.6623867750167847,-0.03654110059142113,0.5180257558822632,0.6621879935264587,-0.04058888927102089,0.4956473708152771,0.6412846446037292,-0.02291076071560383,0.5616382360458374,0.6834548711776733,-0.03240089491009712,0.5420199036598206,0.7024890780448914,-0.031116928905248642,0.5174291729927063,0.6956390142440796,-0.031120115891098976,0.4966282546520233,0.6858759522438049,-0.034558046609163284,0.5578563213348389,0.7259593605995178,-0.041095491498708725,0.5358054637908936,0.7411855459213257,-0.03082888573408127,0.5123753547668457,0.7330673933029175,-0.02551933564245701,0.4941564202308655,0.7350807189941406,-0.046385910362005234,0.5332386493682861,0.771187424659729,-0.0495365634560585,0.5126684308052063,0.7823051810264587,-0.041103605180978775,0.49373579025268555,0.7743687629699707,-0.03534570336341858,thumbs_up,RRQ_p18,RRQ
0.387336790561676,0.6195576190948486,-1.9947276541643078e-07,0.4175306558609009,0.5598933696746826,-0.00760774128139019,0.4496678113937378,0.4902457296848297,-0.01632656157016754,0.46227210760116577,0.43155086040496826,-0.02465643361210823,0.4528752863407135,0.3892427682876587,-0.03012412041425705,0.44273582100868225,0.4542955458164215,-0.024457847699522972,0.5146028399467468,0.485667884349823,-0.045465148985385895,0.5043407082557678,0.5141086578369141,-0.054451942443847656,0.4828457534313202,0.5129829049110413,-0.05981842055916786,0.43582791090011597,0.48418259620666504,-0.03135650232434273,0.5140979290008545,0.5231024622917175,-0.04635708034038544,0.5000383853912354,0.5474880933761597,-0.04535941034555435,0.4805101156234741,0.5427952408790588,-0.0464496985077858,0.43270882964134216,0.5252141356468201,-0.03941581770777702,0.5056546330451965,0.5616534948348999,-0.05245070904493332,0.4897683262825012,0.5789368152618408,-0.04579826071858406,0.4716787338256836,0.5707755088806152,-0.042506925761699677,0.43305033445358276,0.5691325068473816,-0.04829208552837372,0.49113133549690247,0.5968211889266968,-0.05478283390402794,0.4762429893016815,0.6076122522354126,-0.05019818991422653,0.4573240280151367,0.59971022605896,-0.047914184629917145,thumbs_up,RRQ_p18,RRQ
0.39734140038490295,0.7606784105300903,-2.784025525670586e-07,0.43208178877830505,0.7020818591117859,-0.007056594360619783,0.43476220965385437,0.6338492035865784,-0.011475279927253723,0.42779549956321716,0.5851232409477234,-0.016598405316472054,0.4178854823112488,0.5468028783798218,-0.01833437755703926,0.38278645277023315,0.5748541355133057,-0.00416857423260808,0.44333237409591675,0.5615277886390686,-0.025042984634637833,0.4458473324775696,0.5952845811843872,-0.036523766815662384,0.426135390996933,0.6034700870513916,-0.043432071805000305,0.37220844626426697,0.5884736776351929,-0.009904120117425919,0.4451266825199127,0.5854548811912537,-0.02812945656478405,0.44459736347198486,0.6227805614471436,-0.030679237097501755,0.4253043532371521,0.627247154712677,-0.03141089156270027,0.36980992555618286,0.6148145198822021,-0.018510663881897926,0.4398224353790283,0.6158441305160522,-0.03569289669394493,0.4391149878501892,0.6493905186653137,-0.031935516744852066,0.42150136828422546,0.6525859832763672,-0.02848988026380539,0.37424275279045105,0.648006796836853,-0.028455859050154686,0.4305448532104492,0.6531161069869995,-0.040379416197538376,0.4290944039821625,0.6789805889129639,-0.04018349573016167,0.4110693335533142,0.683779239654541,-0.03886470943689346,thumbs_up,RRQ_p18,RRQ
0.3633997142314911,0.7521187663078308,-2.3243600821842847e-07,0.38600048422813416,0.6684175133705139,-0.01318521611392498,0.3960856795310974,0.5879905819892883,-0.020114341750741005,0.3942805528640747,0.5296603441238403,-0.026309913024306297,0.3842553496360779,0.47377046942710876,-0.030284907668828964,0.34353798627853394,0.57237708568573,-0.025271957740187645,0.4235932528972626,0.5854708552360535,-0.045460715889930725,0.4226283133029938,0.6127845644950867,-0.056376565247774124,0.39714643359184265,0.6150835752487183,-0.06450498849153519,0.33180442452430725,0.622642993927002,-0.029933448880910873,0.4258439540863037,0.6440699696540833,-0.0464133583009243,0.41796445846557617,0.6625932455062866,-0.0512881726026535,0.3930600583553314,0.6604676842689514,-0.058406930416822433,0.3319912552833557,0.6784384846687317,-0.03621833026409149,0.41993868350982666,0.69954913854599,-0.05324321240186691,0.4122183322906494,0.7135011553764343,-0.051460810005664825,0.3894917666912079,0.7101327180862427,-0.05207539722323418,0.3378303349018097,0.7312324643135071,-0.044240064918994904,0.41258782148361206,0.7472800016403198,-0.05999095365405083,0.4132869839668274,0.7511837482452393,-0.06276340782642365,0.39552977681159973,0.7492029070854187,-0.0645303726196289,thumbs_up,RRQ_p18,RRQ
0.5237457752227783,0.6542941331863403,-2.0610069384474627e-07,0.5373574495315552,0.5902813076972961,-0.010193402878940105,0.5685469508171082,0.5156232714653015,-0.02262500487267971,0.5888632535934448,0.4562757611274719,-0.033752020448446274,0.5824653506278992,0.4068182110786438,-0.04162369668483734,0.5581502914428711,0.49967771768569946,-0.04007280617952347,0.640913724899292,0.505661129951477,-0.06466691195964813,0.6294504404067993,0.5293183326721191,-0.07299292832612991,0.6044219136238098,0.5312049984931946,-0.07630830258131027,0.5603801608085632,0.5436263680458069,-0.04682795703411102,0.6503642797470093,0.5491772294044495,-0.06431818008422852,0.6333926916122437,0.5676836371421814,-0.06066747009754181,0.6089747548103333,0.5694296360015869,-0.05912710726261139,0.566561222076416,0.5915008187294006,-0.05415445938706398,0.6517823338508606,0.5932241678237915,-0.0676250234246254,0.6322441101074219,0.6079765558242798,-0.056849073618650436,0.6089579463005066,0.6073635816574097,-0.05070864036679268,0.5767495036125183,0.638649046421051,-0.06230046972632408,0.643896222114563,0.6407951712608337,-0.06909645348787308,0.627178430557251,0.6499825119972229,-0.0619027242064476,0.60438472032547,0.6481795907020569,-0.057590775191783905,thumbs_up,RRQ_p18,RRQ
0.2934056222438812,0.6695707440376282,-3.106540589215001e-07,0.3069053292274475,0.5897193551063538,-0.01418505609035492,0.2842475175857544,0.5085824131965637,-0.021993346512317657,0.25777044892311096,0.4555917978286743,-0.028939366340637207,0.23878946900367737,0.4023590087890625,-0.034284044057130814,0.2139628529548645,0.49848735332489014,-0.022022707387804985,0.27793121337890625,0.48643389344215393,-0.04542588070034981,0.28781911730766296,0.5178694128990173,-0.06005478650331497,0.2693210244178772,0.5299970507621765,-0.07095948606729507,0.19516490399837494,0.546175479888916,-0.025996975600719452,0.2812081575393677,0.5375233888626099,-0.045788299292325974,0.2877442240715027,0.5657953023910522,-0.05112733319401741,0.2654804289340973,0.5735458731651306,-0.05633137747645378,0.19153794646263123,0.5982090830802917,-0.03238972648978233,0.27637869119644165,0.5924568176269531,-0.050302788615226746,0.28274446725845337,0.6140492558479309,-0.04703231528401375,0.2626647353172302,0.6189518570899963,-0.0459587424993515,0.19667477905750275,0.6512148380279541,-0.04105792194604874,0.2684119939804077,0.6516196131706238,-0.05653853341937065,0.277134507894516,0.6619890928268433,-0.0590328685939312,0.2597616910934448,0.6650822758674622,-0.059802353382110596,thumbs_up,RRQ_p18,RRQ
0.29571592807769775,0.7623456716537476,-2.3147529759626195e-07,0.33115437626838684,0.6794281005859375,-0.013922535814344883,0.35585057735443115,0.596355140209198,-0.023831335827708244,0.3645119369029999,0.5357101559638977,-0.0323827788233757,0.3605107367038727,0.4744682312011719,-0.03758103400468826,0.3076601028442383,0.5605717897415161,-0.0407058447599411,0.3997035622596741,0.5824270248413086,-0.06428537517786026,0.39727112650871277,0.6227778196334839,-0.07113492488861084,0.3702146112918854,0.6274467706680298,-0.07501046359539032,0.2928726077079773,0.6100702881813049,-0.04672546312212944,0.39802786707878113,0.643714189529419,-0.06704726070165634,0.3869841694831848,0.6716814041137695,-0.06679341942071915,0.3610062897205353,0.6702718734741211,-0.06878535449504852,0.2888769507408142,0.6706070899963379,-0.05346468463540077,0.38676637411117554,0.7025254368782043,-0.07323790341615677,0.37828725576400757,0.7236751317977905,-0.06639380753040314,0.35807594656944275,0.7218493223190308,-0.06256121397018433,0.28981444239616394,0.7309491038322449,-0.06158892810344696,0.3692023456096649,0.7595866322517395,-0.0776597186923027,0.37223511934280396,0.7659127712249756,-0.07691209018230438,0.35977160930633545,0.7614651918411255,-0.07553505152463913,thumbs_up,RRQ_p18,RRQ
0.2781291902065277,0.852503776550293,6.54516952636186e-07,0.32452839612960815,0.817236602306366,-0.04083593934774399,0.3436778783798218,0.7599683403968811,-0.06226307898759842,0.3442533016204834,0.7089684009552002,-0.08361731469631195,0.34948015213012695,0.6617976427078247,-0.10253017395734787,0.31765758991241455,0.6277926564216614,-0.026270920410752296,0.32772713899612427,0.5350210070610046,-0.05369875952601433,0.3318190574645996,0.47638410329818726,-0.07162109762430191,0.3330076038837433,0.42444753646850586,-0.08226974308490753,0.27856165170669556,0.6340943574905396,-0.026036107912659645,0.2634057402610779,0.5406310558319092,-0.06305141001939774,0.24951821565628052,0.47690439224243164,-0.08582061529159546,0.235548198223114,0.4211418628692627,-0.09558799862861633,0.24422094225883484,0.6636102199554443,-0.030354704707860947,0.2372385561466217,0.6165846586227417,-0.08414056897163391,0.26127004623413086,0.6854384541511536,-0.09149925410747528,0.27650001645088196,0.7377825379371643,-0.07968569546937943,0.21419569849967957,0.7080909609794617,-0.03726131096482277,0.21351629495620728,0.6689990758895874,-0.08156631141901016,0.23924517631530762,0.7156808972358704,-0.08234847337007523,0.25702202320098877,0.7588738203048706,-0.07059050351381302,peace_sign,RRQ_p18,RRQ
0.2838233709335327,0.8242528438568115,6.690348186566553e-07,0.3292034864425659,0.7768562436103821,-0.0265423022210598,0.350336492061615,0.7060829401016235,-0.038747310638427734,0.3099556565284729,0.6910334229469299,-0.05192236602306366,0.2666950225830078,0.708906888961792,-0.06459194421768188,0.3197307586669922,0.5996703505516052,-0.012253419496119022,0.3275067210197449,0.5120146870613098,-0.03146113455295563,0.3312360346317291,0.45448631048202515,-0.043894391506910324,0.3341919481754303,0.4073503613471985,-0.05048215761780739,0.27921262383461,0.6102026700973511,-0.016918258741497993,0.26495689153671265,0.519400417804718,-0.04133281111717224,0.2574249505996704,0.4607720375061035,-0.057673849165439606,0.24995483458042145,0.41181936860084534,-0.06394209712743759,0.2453438639640808,0.6381468176841736,-0.025353288277983665,0.24796763062477112,0.6065047979354858,-0.06715305894613266,0.27084285020828247,0.6694506406784058,-0.07646836340427399,0.28104913234710693,0.7149559855461121,-0.06790421158075333,0.21510723233222961,0.6783562898635864,-0.03515326604247093,0.22392016649246216,0.6456859111785889,-0.06408155709505081,0.24649983644485474,0.6894782185554504,-0.0605606772005558,0.2562938928604126,0.7270162105560303,-0.04925563558936119,peace_sign,RRQ_p18,RRQ
0.28957778215408325,0.826873779296875,6.335283728731156e-07,0.34050169587135315,0.7887305617332458,-0.027356596663594246,0.36094123125076294,0.7272672057151794,-0.041852228343486786,0.32074153423309326,0.7250345945358276,-0.05864571034908295,0.2768341600894928,0.7435388565063477,-0.07512537389993668,0.3350094258785248,0.6044294834136963,-0.012499235570430756,0.3546464145183563,0.5141263008117676,-0.0345880426466465,0.3643619120121002,0.4581459164619446,-0.04922216385602951,0.36792171001434326,0.40926074981689453,-0.059014178812503815,0.2886030375957489,0.6132675409317017,-0.018326543271541595,0.259187787771225,0.5215770602226257,-0.050379566848278046,0.2313697636127472,0.46691352128982544,-0.07230039685964584,0.20483650267124176,0.4197092652320862,-0.0822320431470871,0.2544785737991333,0.6430568099021912,-0.027818404138088226,0.2348177284002304,0.5958561897277832,-0.07592080533504486,0.2618336081504822,0.6640897989273071,-0.08755462616682053,0.28122684359550476,0.7124518156051636,-0.0801069363951683,0.22780375182628632,0.6880450248718262,-0.03869025036692619,0.2241397649049759,0.6658786535263062,-0.0779695212841034,0.24999915063381195,0.7127074003219604,-0.08085976541042328,0.2708626687526703,0.7488951086997986,-0.07241405546665192,peace_sign,RRQ_p18,RRQ
0.2995535731315613,0.8303415775299072,6.021138005962712e-07,0.3538222014904022,0.8091628551483154,-0.03259957581758499,0.3906961977481842,0.7734009027481079,-0.05271074175834656,0.39031022787094116,0.744452953338623,-0.07415106147527695,0.3686755895614624,0.7228888273239136,-0.09550099074840546,0.37233448028564453,0.6226951479911804,-0.02738218940794468,0.4020366966724396,0.5430182218551636,-0.05269072204828262,0.41824454069137573,0.48928993940353394,-0.07077103853225708,0.42937448620796204,0.43958112597465515,-0.08187750726938248,0.32986193895339966,0.6123005151748657,-0.031798433512449265,0.33387884497642517,0.5200084447860718,-0.060599200427532196,0.33076125383377075,0.45924583077430725,-0.08105015009641647,0.3246080279350281,0.4051143527030945,-0.0921671986579895,0.2889654040336609,0.6256173849105835,-0.03966063633561134,0.29327183961868286,0.5628808736801147,-0.0800999328494072,0.30150628089904785,0.626520037651062,-0.08799583464860916,0.3051445782184601,0.680905818939209,-0.08115151524543762,0.2511023283004761,0.6569597721099854,-0.050049811601638794,0.23734162747859955,0.5974149107933044,-0.07917547971010208,0.25293147563934326,0.6214287877082825,-0.07848218083381653,0.2699136734008789,0.6573474407196045,-0.07010333240032196,peace_sign,RRQ_p18,RRQ
0.556425154209137,0.7637178897857666,4.209061330584518e-07,0.6035570502281189,0.7424647212028503,-0.030447572469711304,0.629465639591217,0.7122527360916138,-0.054247770458459854,0.6438688039779663,0.6969878077507019,-0.07973592728376389,0.6378840804100037,0.6902144551277161,-0.10435047745704651,0.6210977435112,0.572949230670929,-0.03762011602520943,0.6451470851898193,0.4902205467224121,-0.06576413661241531,0.6559857130050659,0.4416749179363251,-0.08345019817352295,0.6593682169914246,0.3941461145877838,-0.09553960710763931,0.5816658735275269,0.5739201903343201,-0.0451287217438221,0.5684344172477722,0.4877243936061859,-0.08218121528625488,0.557098388671875,0.438640296459198,-0.10358495265245438,0.5417598485946655,0.39350295066833496,-0.11522409319877625,0.5465248227119446,0.5978002548217773,-0.05575315281748772,0.5399771332740784,0.5397916436195374,-0.09789448976516724,0.5578256249427795,0.6000874042510986,-0.1054835394024849,0.5696830749511719,0.6435015201568604,-0.1006026640534401,0.5170533657073975,0.6357433199882507,-0.06922798603773117,0.49661746621131897,0.5931826233863831,-0.09765061736106873,0.4880887269973755,0.574882447719574,-0.10412944108247757,0.4828391373157501,0.5524405241012573,-0.10465281456708908,peace_sign,RRQ_p18,RRQ
0.3957333564758301,0.7158433198928833,4.482903648295178e-07,0.4510699510574341,0.729934811592102,-0.02735064923763275,0.49565526843070984,0.7129561901092529,-0.04215437173843384,0.5245777368545532,0.6870778203010559,-0.057801008224487305,0.544491708278656,0.6575742959976196,-0.07093273848295212,0.5391632914543152,0.5962404608726501,-0.020047152414917946,0.6001672744750977,0.5523900985717773,-0.038261279463768005,0.6313024163246155,0.5259841680526733,-0.04866565018892288,0.6551635265350342,0.49794337153434753,-0.054997820407152176,0.5113399624824524,0.5554496049880981,-0.023743808269500732,0.5478228330612183,0.4761712849140167,-0.04880964383482933,0.5691819787025452,0.42776936292648315,-0.0631343275308609,0.5875716805458069,0.38280701637268066,-0.070732980966568,0.47609323263168335,0.5384983420372009,-0.03091122768819332,0.5111019015312195,0.48181360960006714,-0.06367112696170807,0.4941829442977905,0.54526686668396,-0.06499531120061874,0.4810155928134918,0.5942954421043396,-0.05709098279476166,0.43540316820144653,0.5389891862869263,-0.041075173765420914,0.4415014386177063,0.4804127514362335,-0.0663389265537262,0.45314517617225647,0.459538072347641,-0.07132434099912643,0.4717272222042084,0.447565495967865,-0.07018359750509262,peace_sign,RRQ_p18,RRQ
0.4928572177886963,0.6227678656578064,6.209547223079426e-07,0.5405831336975098,0.5811769962310791,-0.016917042434215546,0.5761352777481079,0.522711455821991,-0.033062465488910675,0.5996634364128113,0.4923310875892639,-0.05247624218463898,0.6270254850387573,0.47225576639175415,-0.07010625302791595,0.542006254196167,0.40172967314720154,-0.018169177696108818,0.5566441416740417,0.3195842504501343,-0.04359123855829239,0.5603367686271667,0.2655547261238098,-0.059171974658966064,0.5588641166687012,0.21479852497577667,-0.06961135566234589,0.504715621471405,0.4003932476043701,-0.030595898628234863,0.5243348479270935,0.31184038519859314,-0.062009911984205246,0.5388280749320984,0.26176244020462036,-0.07691352814435959,0.5433210730552673,0.21140389144420624,-0.08276176452636719,0.4700634181499481,0.4216645658016205,-0.045681536197662354,0.5219377279281616,0.40561121702194214,-0.08375395834445953,0.5300082564353943,0.47390803694725037,-0.08212974667549133,0.5176036953926086,0.5046249628067017,-0.07081864029169083,0.44471120834350586,0.458335816860199,-0.06284460425376892,0.4953031837940216,0.4596512019634247,-0.08756723254919052,0.49842286109924316,0.5047757625579834,-0.08245272934436798,0.4799814522266388,0.519528865814209,-0.07312166690826416,peace_sign,RRQ_p18,RRQ
0.37730661034584045,0.7292590737342834,6.223562536433747e-07,0.42249491810798645,0.6897280812263489,-0.03509961813688278,0.45511800050735474,0.6500694155693054,-0.060802459716796875,0.446476012468338,0.6416020393371582,-0.08668827265501022,0.41363221406936646,0.6455427408218384,-0.11171216517686844,0.40775060653686523,0.5195873379707336,-0.04409782588481903,0.4069233536720276,0.42162463068962097,-0.08034166693687439,0.40786731243133545,0.3629801273345947,-0.10278458148241043,0.402947336435318,0.307218074798584,-0.11550524085760117,0.36241334676742554,0.5303243398666382,-0.04781259968876839,0.3270467221736908,0.4497568607330322,-0.09087508171796799,0.29889658093452454,0.4049449563026428,-0.11387166380882263,0.271916925907135,0.3581303060054779,-0.12271077930927277,0.32901063561439514,0.5615426898002625,-0.05418882146477699,0.32034406065940857,0.5598997473716736,-0.10102584958076477,0.3482135236263275,0.6164911985397339,-0.10471297055482864,0.3684931695461273,0.6424403786659241,-0.09286046773195267,0.3035140633583069,0.604705810546875,-0.06340936571359634,0.295754075050354,0.6038730144500732,-0.08995448797941208,0.3210050165653229,0.6389955282211304,-0.08235129714012146,0.342358261346817,0.6545884609222412,-0.06854424625635147,peace_sign,RRQ_p18,RRQ
0.41638684272766113,0.825977087020874,7.900769105617655e-07,0.3586381673812866,0.8087995052337646,-0.035667698830366135,0.3183425962924957,0.7656416893005371,-0.061779122799634933,0.30032992362976074,0.729132354259491,-0.0881255492568016,0.28440847992897034,0.6889606714248657,-0.1127355620265007,0.34058743715286255,0.61207515001297,-0.042938005179166794,0.3268823027610779,0.5183261632919312,-0.07601265609264374,0.3209834098815918,0.4569031000137329,-0.09720941632986069,0.3183477222919464,0.4010499119758606,-0.1097147986292839,0.3848950266838074,0.6091228127479553,-0.04809730499982834,0.3877459764480591,0.5069682598114014,-0.08398119360208511,0.3939410448074341,0.43617838621139526,-0.10312558710575104,0.40140166878700256,0.3718666136264801,-0.11161836981773376,0.4260939061641693,0.6292915344238281,-0.05710265785455704,0.42346662282943726,0.6001462340354919,-0.10217363387346268,0.4081778824329376,0.6735012531280518,-0.10259827226400375,0.3985997438430786,0.7264562249183655,-0.08995237201452255,0.4624505639076233,0.6629392504692078,-0.06905511021614075,0.4591938555240631,0.6313439011573792,-0.10072213411331177,0.442356139421463,0.6785966157913208,-0.0939861610531807,0.4284987151622772,0.7185876965522766,-0.0808294489979744,peace_sign,RRQ_p18,RRQ
0.5406932830810547,0.8164582252502441,7.899014349277422e-07,0.4936336278915405,0.7747576236724854,-0.032223667949438095,0.47876524925231934,0.7043824791908264,-0.04862469062209129,0.5178875923156738,0.6637653112411499,-0.06425783783197403,0.5530133843421936,0.6445981860160828,-0.07761120796203613,0.4934617280960083,0.5946816205978394,-0.031463660299777985,0.4821895658969879,0.502056896686554,-0.052614811807870865,0.47564733028411865,0.4449678361415863,-0.06564467400312424,0.4724341928958893,0.39413291215896606,-0.07427872717380524,0.5369009375572205,0.5975674390792847,-0.03232773393392563,0.5570183992385864,0.5042729377746582,-0.05918041244149208,0.5757002830505371,0.43979504704475403,-0.07496076077222824,0.593528687953949,0.3845479190349579,-0.08213629573583603,0.5714378952980042,0.6239998936653137,-0.036493755877017975,0.5912269353866577,0.6050967574119568,-0.0732637420296669,0.5717142224311829,0.6730279326438904,-0.075142502784729,0.5554096102714539,0.7225379347801208,-0.0644160807132721,0.5983320474624634,0.6607555747032166,-0.04354792460799217,0.6130943298339844,0.6315078139305115,-0.07130409777164459,0.5979419946670532,0.6714127063751221,-0.06737779825925827,0.5808109045028687,0.7075445055961609,-0.056901562958955765,peace_sign,RRQ_p18,RRQ
0.6367276906967163,0.6488947868347168,5.682643404725241e-07,0.6043334007263184,0.5880589485168457,-0.01624755747616291,0.6060931086540222,0.5150635242462158,-0.015637006610631943,0.646338164806366,0.4736962616443634,-0.01695878431200981,0.6747821569442749,0.457764595746994,-0.016194568946957588,0.6119888424873352,0.445729523897171,0.013535890728235245,0.6110371351242065,0.3706686198711395,0.005794547498226166,0.6126726865768433,0.32371360063552856,-0.0014992954675108194,0.6174224615097046,0.28410080075263977,-0.006890622898936272,0.650283694267273,0.4503799378871918,0.01194114051759243,0.6708570122718811,0.372952401638031,-0.0025808645877987146,0.6897183060646057,0.32154470682144165,-0.016579976305365562,0.7079705595970154,0.2787150740623474,-0.023586271330714226,0.6807934045791626,0.4732205867767334,0.0059667970053851604,0.7050274014472961,0.43659263849258423,-0.024022934958338737,0.6883000731468201,0.4895325005054474,-0.033560995012521744,0.6734710931777954,0.5343579053878784,-0.029008207842707634,0.7059195041656494,0.5025897026062012,-0.001100998604670167,0.7243443131446838,0.4672234356403351,-0.02613041177392006,0.7131778597831726,0.4951455891132355,-0.029591452330350876,0.7013489603996277,0.5243057608604431,-0.025254933163523674,peace_sign,RRQ_p18,RRQ
0.38830170035362244,0.7573287487030029,5.041687813900353e-07,0.3342694044113159,0.6998887062072754,-0.01282802876085043,0.3121981620788574,0.6045565605163574,-0.019610939547419548,0.33819490671157837,0.5582396984100342,-0.03268560767173767,0.37453314661979675,0.5621540546417236,-0.04618997126817703,0.3660823106765747,0.5095676779747009,0.002270652214065194,0.3675985038280487,0.41970640420913696,-0.016436001285910606,0.3711007833480835,0.36159682273864746,-0.029967008158564568,0.3745329976081848,0.31145280599594116,-0.038409870117902756,0.4022521674633026,0.5176915526390076,-0.010400420054793358,0.4122513234615326,0.4183952212333679,-0.03505415841937065,0.4086081385612488,0.35400646924972534,-0.051027216017246246,0.4039500057697296,0.29972508549690247,-0.05670570209622383,0.4351951479911804,0.5445990562438965,-0.026569440960884094,0.40894654393196106,0.5043300986289978,-0.0655934289097786,0.3859553337097168,0.5737901926040649,-0.07030466198921204,0.3784979283809662,0.6276874542236328,-0.05871855467557907,0.4605552852153778,0.5841864347457886,-0.04379554092884064,0.43875986337661743,0.5327151417732239,-0.0668228343129158,0.41496869921684265,0.5784051418304443,-0.05927611514925957,0.40610241889953613,0.6217920184135437,-0.04625130817294121,peace_sign,RRQ_p18,RRQ
0.4052780866622925,0.5799502730369568,4.5311679741644184e-07,0.35570335388183594,0.5257390141487122,-0.005569878499954939,0.33897635340690613,0.4388066828250885,-0.006750084459781647,0.3728232979774475,0.38824841380119324,-0.015391025692224503,0.4088113605976105,0.3863973915576935,-0.024501582607626915,0.3780876398086548,0.3647342026233673,0.013871831819415092,0.3780556321144104,0.2832687795162201,0.0020798654295504093,0.3796946704387665,0.23286056518554688,-0.006361436098814011,0.382593035697937,0.19149944186210632,-0.011605477891862392,0.41434749960899353,0.3643140494823456,0.0014473715564236045,0.4251796305179596,0.2651160955429077,-0.017284808680415154,0.42604947090148926,0.19727326929569244,-0.03069526143372059,0.4291549026966095,0.1456596553325653,-0.035789866000413895,0.4465022087097168,0.38346222043037415,-0.013929166831076145,0.43752965331077576,0.33142873644828796,-0.043808143585920334,0.4167904853820801,0.3904300928115845,-0.045514270663261414,0.4072795510292053,0.44349026679992676,-0.034440744668245316,0.4766104817390442,0.41201329231262207,-0.03025563806295395,0.4699595868587494,0.35073554515838623,-0.04714541137218475,0.45117247104644775,0.38508832454681396,-0.03897158056497574,0.43964070081710815,0.4268282651901245,-0.02697591856122017,peace_sign,RRQ_p18,RRQ
0.5840369462966919,0.7315767407417297,4.999856741960684e-07,0.549664318561554,0.6602164506912231,-0.011110752820968628,0.5573357343673706,0.576350748538971,-0.013849293813109398,0.6031453609466553,0.537676215171814,-0.02151901088654995,0.6324142217636108,0.5373297929763794,-0.028372550383210182,0.5882844924926758,0.5119637846946716,0.007322502322494984,0.5988648533821106,0.4311138093471527,-0.007459088694304228,0.6071897149085999,0.3806873857975006,-0.018720876425504684,0.6165353059768677,0.33879703283309937,-0.026119111105799675,0.6254700422286987,0.524480402469635,-0.0007639852119609714,0.6532660722732544,0.4372890293598175,-0.021182140335440636,0.6707413792610168,0.37823349237442017,-0.03623199835419655,0.6895460486412048,0.33033066987991333,-0.04321027547121048,0.6545966267585754,0.5546831488609314,-0.011984068900346756,0.6709047555923462,0.5050265789031982,-0.041867926716804504,0.6415237784385681,0.5588139295578003,-0.041853323578834534,0.6220979690551758,0.6055145263671875,-0.030451089143753052,0.6795422434806824,0.5932989120483398,-0.02466440387070179,0.6927038431167603,0.5429861545562744,-0.04226619005203247,0.6707316637039185,0.570838451385498,-0.03404044359922409,0.6533867716789246,0.6026069521903992,-0.021996846422553062,peace_sign,RRQ_p18,RRQ
0.42340415716171265,0.7929719686508179,6.391425699803222e-07,0.37632840871810913,0.7228096723556519,-0.017953258007764816,0.364563912153244,0.6230193972587585,-0.02824767306447029,0.40416163206100464,0.5766351222991943,-0.04378429427742958,0.44232112169265747,0.5717422962188721,-0.05909062176942825,0.4211040437221527,0.518234372138977,-0.009006344713270664,0.43284979462623596,0.4115317165851593,-0.029569795355200768,0.44177767634391785,0.34659168124198914,-0.042708370834589005,0.4519152343273163,0.29242032766342163,-0.05014018714427948,0.4630793035030365,0.5367501378059387,-0.019787373021245003,0.48799461126327515,0.4272960424423218,-0.04685036092996597,0.5013667345046997,0.35529404878616333,-0.06376972794532776,0.5156862139701843,0.2986081540584564,-0.06999284029006958,0.49771538376808167,0.5748326778411865,-0.03374577313661575,0.49195748567581177,0.5312245488166809,-0.07408040016889572,0.4584580361843109,0.599815845489502,-0.07752488553524017,0.4401514530181885,0.6574059724807739,-0.06486551463603973,0.5254495143890381,0.6227959394454956,-0.04921795055270195,0.5250385999679565,0.5661405324935913,-0.07438384741544724,0.49725234508514404,0.6073229908943176,-0.0661754384636879,0.4801027476787567,0.651686429977417,-0.05181010812520981,peace_sign,RRQ_p18,RRQ
0.4408525824546814,0.3364414870738983,-1.347999472045558e-07,0.4292757511138916,0.32935571670532227,0.01713075116276741,0.4287012219429016,0.31259289383888245,0.03114788606762886,0.4263712763786316,0.3010271191596985,0.040951065719127655,0.4264555275440216,0.2892601191997528,0.05014045163989067,0.4630819261074066,0.31158697605133057,0.04382827505469322,0.45953142642974854,0.29236075282096863,0.05867644399404526,0.45152923464775085,0.27895665168762207,0.06338975578546524,0.4426437318325043,0.2735042870044708,0.06582356989383698,0.4676060080528259,0.30246052145957947,0.03880339488387108,0.463012158870697,0.2824137508869171,0.05885555222630501,0.4536832273006439,0.2688763737678528,0.06164098531007767,0.4449807405471802,0.26325687766075134,0.06099705025553703,0.46831056475639343,0.2920598089694977,0.033271629363298416,0.4639040231704712,0.27171218395233154,0.05111271142959595,0.45490068197250366,0.26173633337020874,0.052505288273096085,0.44725966453552246,0.25712868571281433,0.050004441291093826,0.46539926528930664,0.27943480014801025,0.028134174644947052,0.4622202217578888,0.26267966628074646,0.04026196151971817,0.45532381534576416,0.25449711084365845,0.04352235421538353,0.447775274515152,0.24944008886814117,0.04431620240211487,neutral,RRQ_p18,RRQ
0.3699434697628021,0.3106788098812103,-3.125547607396584e-07,0.33248329162597656,0.3434430956840515,0.022144397720694542,0.2975893020629883,0.3547505736351013,0.035611897706985474,0.274774968624115,0.3649742305278778,0.041790056973695755,0.2560616731643677,0.3797732889652252,0.04674435034394264,0.28238654136657715,0.2954137325286865,0.04850248247385025,0.24736833572387695,0.3218348026275635,0.05286182463169098,0.22660177946090698,0.35377535223960876,0.048728782683610916,0.21392430365085602,0.3821030259132385,0.044698845595121384,0.27775320410728455,0.2862105667591095,0.033805061131715775,0.23771974444389343,0.31967276334762573,0.03759179636836052,0.21852362155914307,0.3577346205711365,0.02867547795176506,0.2075527310371399,0.38988515734672546,0.021188147366046906,0.275912344455719,0.28571900725364685,0.01812368631362915,0.22999490797519684,0.31712859869003296,0.01731547713279724,0.20980358123779297,0.3551921248435974,0.009558542631566525,0.198703333735466,0.38664186000823975,0.003911864943802357,0.2741241455078125,0.29448890686035156,0.003965823445469141,0.23050694167613983,0.3196171224117279,0.0013700779527425766,0.21319040656089783,0.34871065616607666,0.00030327116837725043,0.2051049917936325,0.37397927045822144,-0.00037841201992705464,neutral,RRQ_p18,RRQ
0.4439574182033539,0.6222444772720337,-3.3390517018005994e-08,0.488620787858963,0.592890739440918,0.012759699486196041,0.5141763091087341,0.552192211151123,0.014272667467594147,0.5208761692047119,0.5135831832885742,0.012324530631303787,0.5169423222541809,0.4811333119869232,0.00850684940814972,0.5266423225402832,0.5459508299827576,0.0003724790585692972,0.5379015207290649,0.47457805275917053,-0.007507971487939358,0.5385941863059998,0.429516464471817,-0.011510700918734074,0.5368314385414124,0.3962550163269043,-0.013173049315810204,0.5137293338775635,0.5367037057876587,-0.011650316417217255,0.5297993421554565,0.46072250604629517,-0.017910555005073547,0.5296732783317566,0.41421711444854736,-0.020078599452972412,0.5253881812095642,0.380340576171875,-0.021030602976679802,0.4918859302997589,0.5247999429702759,-0.022733144462108612,0.5106750130653381,0.45122891664505005,-0.028480447828769684,0.5124773979187012,0.4060661196708679,-0.030094129964709282,0.5107492208480835,0.37546926736831665,-0.030557336285710335,0.4628058969974518,0.5093119144439697,-0.03219776973128319,0.4784471392631531,0.4480717182159424,-0.03700840845704079,0.4870590567588806,0.41202467679977417,-0.03672847896814346,0.49346160888671875,0.3853228688240051,-0.035542041063308716,neutral,RRQ_p18,RRQ
0.36215919256210327,0.5440333485603333,3.67207576346118e-07,0.3901367783546448,0.49521157145500183,-0.018911166116595268,0.4042285978794098,0.44026699662208557,-0.02698938362300396,0.4198809862136841,0.4004766047000885,-0.03217441961169243,0.4390009045600891,0.3778783082962036,-0.03619347885251045,0.34441715478897095,0.41974952816963196,-0.012922142632305622,0.3177683651447296,0.3735679090023041,-0.016997648403048515,0.3016771972179413,0.3439916670322418,-0.020946282893419266,0.29076793789863586,0.3213818371295929,-0.023190971463918686,0.32393085956573486,0.4361906051635742,-0.0047621168196201324,0.300882488489151,0.38857313990592957,-0.006181742995977402,0.2918055057525635,0.355278342962265,-0.007545714732259512,0.2883368730545044,0.3307732939720154,-0.007790768053382635,0.3138778507709503,0.4520282745361328,0.002157835755497217,0.296846479177475,0.4093725085258484,0.0027485345490276814,0.29087209701538086,0.37892937660217285,0.004082518629729748,0.2896696627140045,0.35607779026031494,0.005798266734927893,0.3117631673812866,0.46511808037757874,0.006880608387291431,0.30138126015663147,0.42755192518234253,0.00988253764808178,0.2958676815032959,0.4039240777492523,0.01466398872435093,0.29390960931777954,0.38717418909072876,0.01904224418103695,neutral,RRQ_p18,RRQ
0.397124320268631,0.5304630994796753,-2.0183877680324258e-08,0.362842321395874,0.5512350797653198,-0.003616925561800599,0.32413315773010254,0.5482983589172363,-0.0028513737488538027,0.2936345636844635,0.5429484844207764,-0.0047353217378258705,0.26800787448883057,0.5500150918960571,-0.006616451311856508,0.31171315908432007,0.4899488091468811,0.016733914613723755,0.2808994948863983,0.4820083677768707,0.01098629180341959,0.258037269115448,0.47911790013313293,0.002697231248021126,0.2374512255191803,0.4747256338596344,-0.004259818233549595,0.3136056661605835,0.4691912531852722,0.010552281513810158,0.27795377373695374,0.45492658019065857,0.004255481529980898,0.25127995014190674,0.4492998421192169,-0.00404969509691,0.22617894411087036,0.4440710246562958,-0.010080168023705482,0.3210643231868744,0.45139625668525696,0.001386457122862339,0.283968448638916,0.434701532125473,-0.007482857443392277,0.257030725479126,0.4291059970855713,-0.013414235785603523,0.23259201645851135,0.4258512258529663,-0.016337910667061806,0.33207446336746216,0.4357113242149353,-0.009021609090268612,0.29667675495147705,0.4218389093875885,-0.016853000968694687,0.27198028564453125,0.4184930920600891,-0.019701305776834488,0.24917614459991455,0.4184120297431946,-0.021052666008472443,neutral,RRQ_p18,RRQ
0.22811226546764374,0.9076414108276367,4.045435559874022e-07,0.2393917441368103,0.8557869791984558,-0.008639547973871231,0.257545530796051,0.8105032444000244,-0.02274411916732788,0.27907416224479675,0.7897126078605652,-0.03611091524362564,0.3006303608417511,0.7837517261505127,-0.049852948635816574,0.23702937364578247,0.8073341250419617,-0.0449896901845932,0.24637752771377563,0.7751324772834778,-0.06869520992040634,0.27148833870887756,0.7658360600471497,-0.08228112757205963,0.2961050868034363,0.7668924331665039,-0.09029868990182877,0.22824208438396454,0.8395233154296875,-0.052346453070640564,0.27822116017341614,0.8324531316757202,-0.0794571042060852,0.31858667731285095,0.8361116051673889,-0.0863385945558548,0.3462083041667938,0.8404073715209961,-0.0890023410320282,0.2286929190158844,0.8766399621963501,-0.0593530610203743,0.2858605980873108,0.8757826089859009,-0.08260132372379303,0.3233340084552765,0.8713524341583252,-0.08347554504871368,0.34772253036499023,0.867892861366272,-0.08133843541145325,0.2358635514974594,0.9119104743003845,-0.06675903499126434,0.2833557426929474,0.9063767790794373,-0.08198388665914536,0.31175366044044495,0.8961449861526489,-0.08159957081079483,0.33165252208709717,0.8856092691421509,-0.0794982984662056,neutral,RRQ_p18,RRQ
0.2130935788154602,0.8653162717819214,4.465228755634598e-07,0.23674830794334412,0.814200758934021,-0.0010062817018479109,0.2693929672241211,0.7745606303215027,-0.013393587432801723,0.3064018487930298,0.758618175983429,-0.02633369155228138,0.3368270695209503,0.7573424577713013,-0.03911035507917404,0.24914346635341644,0.7372721433639526,-0.036020003259181976,0.29369136691093445,0.7133818864822388,-0.05861172080039978,0.33011049032211304,0.7122039794921875,-0.07283662259578705,0.3577064573764801,0.7177572846412659,-0.08114158362150192,0.2432589828968048,0.766701340675354,-0.04584071785211563,0.3050403892993927,0.7571000456809998,-0.06796623766422272,0.34680283069610596,0.7685183882713318,-0.07518002390861511,0.37316760420799255,0.7813242077827454,-0.07937099784612656,0.2455432265996933,0.8036455512046814,-0.054603755474090576,0.30895066261291504,0.7957782745361328,-0.07204830646514893,0.34797459840774536,0.8009685277938843,-0.07360277324914932,0.37307143211364746,0.8086320161819458,-0.0730350986123085,0.25501570105552673,0.8426328897476196,-0.06308067589998245,0.30919843912124634,0.8339940309524536,-0.07202084362506866,0.3393336236476898,0.8314455151557922,-0.0707615539431572,0.36118587851524353,0.8293594717979431,-0.06894537061452866,neutral,RRQ_p18,RRQ
0.5794661045074463,0.9219017624855042,4.942482974001905e-07,0.5435587763786316,0.8587832450866699,-0.009818051010370255,0.49006158113479614,0.820271372795105,-0.01886526681482792,0.4374748170375824,0.8045664429664612,-0.02492000162601471,0.3967527151107788,0.7988213300704956,-0.03227365389466286,0.47670355439186096,0.8631172180175781,-0.04435461014509201,0.39854931831359863,0.8401881456375122,-0.06220896914601326,0.3503803312778473,0.8346056938171387,-0.06908508390188217,0.31431323289871216,0.832977294921875,-0.07207661867141724,0.47142505645751953,0.9113845229148865,-0.04631587862968445,0.3897562325000763,0.8954548239707947,-0.06348781287670135,0.3332465589046478,0.8965784311294556,-0.0710631012916565,0.29216188192367554,0.899129331111908,-0.07553496211767197,0.4710220992565155,0.9553140997886658,-0.046327441930770874,0.3940927982330322,0.9481887817382812,-0.06016520410776138,0.3422336280345917,0.9449706673622131,-0.06819730252027512,0.3043821156024933,0.9407539367675781,-0.07346653938293457,0.4746793508529663,0.9933226108551025,-0.04568726196885109,0.4222818613052368,0.9967000484466553,-0.059377435594797134,0.38604438304901123,0.9923965930938721,-0.0655905082821846,0.3558071255683899,0.9850153923034668,-0.0684351846575737,neutral,RRQ_p18,RRQ
0.5437593460083008,0.8431368470191956,3.251807925153116e-07,0.4952735900878906,0.771263599395752,0.0013549933210015297,0.435301810503006,0.7378081679344177,-0.0015818566316738725,0.37756863236427307,0.7471425533294678,-0.0021104617044329643,0.334679514169693,0.7572019100189209,-0.002980361692607403,0.402540385723114,0.811991810798645,-0.022631730884313583,0.322888046503067,0.8136789202690125,-0.02865367755293846,0.28597307205200195,0.8222616910934448,-0.027224013581871986,0.265819251537323,0.8332285284996033,-0.02477741241455078,0.40288808941841125,0.8749956488609314,-0.025601522997021675,0.31514957547187805,0.8764957785606384,-0.031927913427352905,0.2750844657421112,0.8793594837188721,-0.03188115730881691,0.2533847689628601,0.8829432129859924,-0.030964581295847893,0.4131660461425781,0.9299903512001038,-0.026496872305870056,0.3285674452781677,0.9483949542045593,-0.031581029295921326,0.2824167013168335,0.9537531733512878,-0.03589848056435585,0.2515922784805298,0.955315351486206,-0.03987368941307068,0.4299135208129883,0.9749083518981934,-0.025383643805980682,0.37039482593536377,1.012371301651001,-0.031161030754446983,0.33628079295158386,1.027448296546936,-0.033945441246032715,0.30850374698638916,1.0334486961364746,-0.03524550050497055,neutral,RRQ_p18,RRQ
0.4457370340824127,0.38533103466033936,3.910466972456561e-08,0.4778040051460266,0.3516920208930969,0.0004458395123947412,0.49162521958351135,0.30837133526802063,-0.0016333687817677855,0.5049093961715698,0.2782317101955414,-0.004320909269154072,0.5216636061668396,0.2633039951324463,-0.00831778533756733,0.46419641375541687,0.2593529224395752,-0.014455225318670273,0.4699583947658539,0.20595420897006989,-0.01930014230310917,0.47299298644065857,0.17264792323112488,-0.022450324147939682,0.4749602973461151,0.14907225966453552,-0.02538527548313141,0.4389462471008301,0.25836724042892456,-0.015660123899579048,0.4391229450702667,0.25610801577568054,-0.01838202215731144,0.4425061047077179,0.2746920883655548,-0.016076574102044106,0.44573739171028137,0.29188787937164307,-0.015564694069325924,0.4172229468822479,0.2719542980194092,-0.015587033703923225,0.42063048481941223,0.27680346369743347,-0.016088373959064484,0.4251709580421448,0.29066047072410583,-0.011525037698447704,0.4287753701210022,0.30685746669769287,-0.010134800337255001,0.39823612570762634,0.28935638070106506,-0.01565123349428177,0.4034518897533417,0.2981022596359253,-0.01626136526465416,0.40905317664146423,0.31084293127059937,-0.01329638808965683,0.4122486114501953,0.32331520318984985,-0.010666415095329285,neutral,RRQ_p18,RRQ
0.4250502586364746,0.4111497700214386,1.7500225624189625e-07,0.4466085731983185,0.3584434986114502,0.0039261565543711185,0.4466121792793274,0.30650073289871216,0.012441125698387623,0.45132964849472046,0.2738243639469147,0.02118845470249653,0.46668973565101624,0.25920331478118896,0.031208066269755363,0.39727655053138733,0.272479385137558,0.018049929291009903,0.37421852350234985,0.2275223731994629,0.028993984684348106,0.36108365654945374,0.20693978667259216,0.035360708832740784,0.35275277495384216,0.19257941842079163,0.0392342209815979,0.3758315145969391,0.2932455539703369,0.020671162754297256,0.35110974311828613,0.2521892786026001,0.03335530683398247,0.3441005051136017,0.2324623465538025,0.0403040386736393,0.34235361218452454,0.2201622575521469,0.04471370577812195,0.36407026648521423,0.31520339846611023,0.023179475218057632,0.34577393531799316,0.2779066860675812,0.035374369472265244,0.3431988060474396,0.25940701365470886,0.04051222652196884,0.3435382843017578,0.24754001200199127,0.04297206550836563,0.3593468964099884,0.33361703157424927,0.025314046069979668,0.3478035628795624,0.3026082217693329,0.0356920026242733,0.3463195860385895,0.2864300608634949,0.04163258522748947,0.348366379737854,0.27725857496261597,0.04580109566450119,neutral,RRQ_p18,RRQ
0.5334579348564148,0.2484998255968094,-2.353743866478908e-07,0.5057591199874878,0.26206156611442566,-0.0006703618564642966,0.4859269857406616,0.2618832588195801,-0.0010040821507573128,0.4726543426513672,0.2566896080970764,-0.004594902507960796,0.4637753665447235,0.2533057630062103,-0.008047094568610191,0.4933249056339264,0.2081189900636673,0.016621828079223633,0.4798082113265991,0.19580650329589844,0.011823753826320171,0.4792419970035553,0.20990823209285736,0.005002255085855722,0.48671719431877136,0.2263900190591812,0.0012436971301212907,0.49977001547813416,0.1894473135471344,0.01307356171309948,0.4847906529903412,0.17738288640975952,0.00781563576310873,0.48557060956954956,0.1957695484161377,0.0007180918473750353,0.4942716360092163,0.21316500008106232,-0.0021469034254550934,0.5092973113059998,0.17148253321647644,0.007699324283748865,0.49465659260749817,0.1604001373052597,0.003006689716130495,0.4951193928718567,0.17909350991249084,0.00030270995921455324,0.5042963624000549,0.19555972516536713,0.000476742658065632,0.5228795409202576,0.15445125102996826,0.0017387547995895147,0.5102628469467163,0.1444123238325119,0.0002824561670422554,0.5077114105224609,0.1584271788597107,0.0021271442528814077,0.5135565996170044,0.17239470779895782,0.004791163839399815,neutral,RRQ_p18,RRQ
0.40351325273513794,0.3821566104888916,-9.834662506591485e-08,0.4370521605014801,0.3537490665912628,0.011250276118516922,0.4476988911628723,0.3162621855735779,0.01631719432771206,0.43818899989128113,0.279939740896225,0.0169270858168602,0.42445921897888184,0.25703164935112,0.016758941113948822,0.45985516905784607,0.30617377161979675,0.02784249372780323,0.45392361283302307,0.24876374006271362,0.028779122978448868,0.4495909810066223,0.211599200963974,0.028893647715449333,0.4499008059501648,0.18456852436065674,0.028141997754573822,0.4546869397163391,0.2893533706665039,0.02030932530760765,0.42988401651382446,0.24136656522750854,0.015833621844649315,0.41142478585243225,0.258307546377182,0.013807441107928753,0.40911707282066345,0.2774093449115753,0.015130975283682346,0.44212624430656433,0.2736290693283081,0.0123007632791996,0.4128445088863373,0.22807425260543823,0.006744298152625561,0.39546582102775574,0.24993900954723358,0.007869708351790905,0.39630818367004395,0.27034491300582886,0.01118516642600298,0.42400994896888733,0.2576178312301636,0.0052559529431164265,0.4000803530216217,0.21479299664497375,0.002255205065011978,0.38757795095443726,0.2344963550567627,0.006239394657313824,0.38795769214630127,0.2556805908679962,0.011385367251932621,neutral,RRQ_p18,RRQ
0.3944159746170044,0.3254963755607605,9.473208706367586e-08,0.4366479814052582,0.31027376651763916,0.013003305532038212,0.4599930942058563,0.27982962131500244,0.016656920313835144,0.4633641242980957,0.24843449890613556,0.01669992133975029,0.46005526185035706,0.22172662615776062,0.015330848284065723,0.468976765871048,0.26617303490638733,0.00707878265529871,0.4885294735431671,0.21601611375808716,0.003006886225193739,0.49626240134239197,0.18210305273532867,0.0008148507913574576,0.5012609958648682,0.15604236721992493,-0.0003218750935047865,0.4567698836326599,0.24652662873268127,-0.0033962742891162634,0.4807650148868561,0.18731337785720825,-0.00722547946497798,0.4921180009841919,0.151232048869133,-0.009315278381109238,0.4996507167816162,0.1244116947054863,-0.010370156727731228,0.439445436000824,0.22857488691806793,-0.013055339455604553,0.46134403347969055,0.17273400723934174,-0.01542045921087265,0.47328677773475647,0.13984286785125732,-0.017565928399562836,0.48244398832321167,0.1162007749080658,-0.019046427682042122,0.41749417781829834,0.21256513893604279,-0.021454548463225365,0.43735697865486145,0.1692945659160614,-0.022537412121891975,0.4493657946586609,0.14380435645580292,-0.021735327318310738,0.4596603512763977,0.123740553855896,-0.020918117836117744,neutral,RRQ_p18,RRQ
0.4414384961128235,0.5082082748413086,3.7231947658256104e-07,0.4581688344478607,0.44589361548423767,-0.017198767513036728,0.4614509344100952,0.37791889905929565,-0.03514721617102623,0.46087273955345154,0.31879696249961853,-0.04706569388508797,0.4576990306377411,0.27627134323120117,-0.05911124497652054,0.4318220019340515,0.4092986285686493,-0.06768592447042465,0.38969525694847107,0.34706398844718933,-0.08685629069805145,0.3618620038032532,0.31517940759658813,-0.09123562276363373,0.34162256121635437,0.2981126606464386,-0.09115520864725113,0.40089040994644165,0.4420276880264282,-0.06369058787822723,0.3438745141029358,0.36993494629859924,-0.08119864016771317,0.3325340449810028,0.33894583582878113,-0.07806568592786789,0.3346977233886719,0.3293640613555908,-0.07337216287851334,0.37540730834007263,0.46471530199050903,-0.057432398200035095,0.3262478709220886,0.39399904012680054,-0.06709140539169312,0.3209507465362549,0.36082908511161804,-0.05933472514152527,0.3269694447517395,0.3471090793609619,-0.05238442122936249,0.35649144649505615,0.4773789644241333,-0.051755838096141815,0.3240777552127838,0.420076459646225,-0.05717907100915909,0.32130423188209534,0.38808098435401917,-0.0524662621319294,0.3248355984687805,0.3684312403202057,-0.047308653593063354,neutral,RRQ_p18,RRQ
