x0,y0,z0,x1,y1,z1,x2,y2,z2,x3,y3,z3,x4,y4,z4,x5,y5,z5,x6,y6,z6,x7,y7,z7,x8,y8,z8,x9,y9,z9,x10,y10,z10,x11,y11,z11,x12,y12,z12,x13,y13,z13,x14,y14,z14,x15,y15,z15,x16,y16,z16,x17,y17,z17,x18,y18,z18,x19,y19,z19,x20,y20,z20,label,person_id,collector
0.4721551835536957,0.7622004747390747,-3.705931206354762e-08,0.5065315961837769,0.6877446174621582,-0.039002835750579834,0.5162348747253418,0.5903182029724121,-0.0662485882639885,0.47982314229011536,0.5349769592285156,-0.09301477670669556,0.4234098196029663,0.520797073841095,-0.11988958716392517,0.4297441840171814,0.46533554792404175,-0.05298837646842003,0.40276408195495605,0.3543376624584198,-0.09172940254211426,0.3782779276371002,0.2777581810951233,-0.11623676866292953,0.3566247820854187,0.21441489458084106,-0.1319027543067932,0.37296637892723083,0.4979744851589203,-0.053465813398361206,0.4050210416316986,0.5072108507156372,-0.11645068228244781,0.4437199831008911,0.5914311408996582,-0.13280867040157318,0.47114455699920654,0.654543936252594,-0.12986649572849274,0.33463233709335327,0.5526791214942932,-0.05651506409049034,0.36980801820755005,0.5724342465400696,-0.11441382020711899,0.4157886505126953,0.640544056892395,-0.10586117953062057,0.447893887758255,0.6875841617584229,-0.08471283316612244,0.3075777292251587,0.6160703301429749,-0.06302356719970703,0.3296465277671814,0.6156314015388489,-0.10240356624126434,0.37417107820510864,0.657689094543457,-0.09319272637367249,0.4047253727912903,0.6877765655517578,-0.07405609637498856,point,RRQ_p11,RRQ
0.5745918154716492,0.7636025547981262,2.474322258194661e-08,0.626542866230011,0.6965861320495605,-0.03311434015631676,0.663362979888916,0.6094374656677246,-0.061991460621356964,0.6601164937019348,0.5331040620803833,-0.09205574542284012,0.6135510802268982,0.5144733786582947,-0.12159143388271332,0.5873449444770813,0.4605206549167633,-0.05432628467679024,0.5838297009468079,0.3462517261505127,-0.0953388661146164,0.5800937414169312,0.2635306715965271,-0.1181308850646019,0.5751544237136841,0.19414812326431274,-0.13245153427124023,0.5235673785209656,0.47094663977622986,-0.05950883775949478,0.5773847103118896,0.49580681324005127,-0.12169252336025238,0.6066084504127502,0.5896613597869873,-0.1338915377855301,0.6183899641036987,0.6554655432701111,-0.12816116213798523,0.47963327169418335,0.5137101411819458,-0.0671222135424614,0.5513452291488647,0.5666825175285339,-0.12076307088136673,0.5749686360359192,0.6403888463973999,-0.11237113177776337,0.5805251598358154,0.6855950355529785,-0.09293273091316223,0.4492739140987396,0.5711343288421631,-0.07850507646799088,0.5112935900688171,0.604919970035553,-0.11051417142152786,0.5377413630485535,0.6502546072006226,-0.10405147820711136,0.5432003736495972,0.6759651303291321,-0.08929631114006042,point,RRQ_p11,RRQ
0.434307336807251,0.7674477100372314,-3.157613548410154e-08,0.46472102403640747,0.6887835264205933,-0.03740628808736801,0.46895548701286316,0.5913341045379639,-0.06319434940814972,0.43142935633659363,0.5362592339515686,-0.08882643282413483,0.37509578466415405,0.5263855457305908,-0.1148277223110199,0.3930959105491638,0.4708575904369354,-0.04903227090835571,0.36667609214782715,0.3558828830718994,-0.0864042192697525,0.34324511885643005,0.28115367889404297,-0.11027652770280838,0.3207716643810272,0.21922093629837036,-0.12581868469715118,0.3396815061569214,0.5064443945884705,-0.05061333626508713,0.3564746081829071,0.5068625807762146,-0.11437085270881653,0.39378494024276733,0.5934794545173645,-0.1309206187725067,0.4212273061275482,0.6574549078941345,-0.1275819092988968,0.30116283893585205,0.5623964667320251,-0.05481785908341408,0.3208718001842499,0.5704984664916992,-0.11282048374414444,0.3676489591598511,0.6409827470779419,-0.10398168116807938,0.400863379240036,0.6901454329490662,-0.08238709717988968,0.2734266519546509,0.6273410320281982,-0.06222815066576004,0.28336620330810547,0.6232599020004272,-0.101381316781044,0.3267231583595276,0.6642509698867798,-0.0918363556265831,0.3580346703529358,0.6930197477340698,-0.07266633212566376,point,RRQ_p11,RRQ
0.5117552876472473,0.7427473068237305,2.2484110573373073e-08,0.5345081090927124,0.6687198877334595,-0.038287900388240814,0.5318392515182495,0.5801669359207153,-0.06385089457035065,0.4894808530807495,0.5297074317932129,-0.08867580443620682,0.43563544750213623,0.5159497857093811,-0.11363300681114197,0.46666809916496277,0.48892825841903687,-0.04354148358106613,0.4309989809989929,0.3846263289451599,-0.07871897518634796,0.4059108793735504,0.32031992077827454,-0.09919193387031555,0.3809569776058197,0.26870840787887573,-0.11218975484371185,0.4277162253856659,0.5321797132492065,-0.043966636061668396,0.4184313416481018,0.5010698437690735,-0.10419458895921707,0.4594486653804779,0.5812403559684753,-0.11768597364425659,0.4870963990688324,0.6367602348327637,-0.11234022676944733,0.39748427271842957,0.5827766060829163,-0.047826558351516724,0.38903218507766724,0.5604804158210754,-0.10598043352365494,0.43785643577575684,0.6254172325134277,-0.09573023021221161,0.46901121735572815,0.6688840985298157,-0.07279568165540695,0.37300950288772583,0.6393370032310486,-0.054317545145750046,0.35829585790634155,0.6086251735687256,-0.09402194619178772,0.40136590600013733,0.6456918716430664,-0.08302256464958191,0.43171262741088867,0.6739451885223389,-0.06343872845172882,point,RRQ_p11,RRQ
0.6884623169898987,0.7277019619941711,7.274548607938414e-08,0.738509476184845,0.6640836596488953,-0.030264804139733315,0.7782702445983887,0.5782263875007629,-0.05519333854317665,0.7781252264976501,0.5004335641860962,-0.0815248191356659,0.7356396913528442,0.49012938141822815,-0.10813324898481369,0.7016758918762207,0.45054927468299866,-0.043563202023506165,0.7083192467689514,0.34827661514282227,-0.07898188382387161,0.7097454071044922,0.27623826265335083,-0.10011542588472366,0.7095810770988464,0.2117539346218109,-0.11379849910736084,0.646576464176178,0.46220362186431885,-0.0481468103826046,0.6959781646728516,0.4615974426269531,-0.10269597917795181,0.7221863865852356,0.5489038825035095,-0.114168681204319,0.7310627698898315,0.6140149831771851,-0.10959948599338531,0.6058470606803894,0.5016735792160034,-0.05516701191663742,0.6680962443351746,0.519324779510498,-0.10482480376958847,0.6926519274711609,0.5962391495704651,-0.09649785608053207,0.7000129222869873,0.6491392254829407,-0.07731569558382034,0.5745348930358887,0.5555826425552368,-0.06527756154537201,0.6289941668510437,0.5554617047309875,-0.09552470594644547,0.6541795134544373,0.5999747514724731,-0.08797800540924072,0.6592990756034851,0.6350801587104797,-0.07310523837804794,point,RRQ_p11,RRQ
0.6230292320251465,0.5922383069992065,5.358275600997331e-08,0.6540540456771851,0.5273891687393188,-0.01780887134373188,0.6631484031677246,0.44783347845077515,-0.025514978915452957,0.6438019275665283,0.3852711319923401,-0.0356350913643837,0.6065510511398315,0.37703412771224976,-0.04629654437303543,0.6104170083999634,0.41189074516296387,-0.005358364433050156,0.5995113253593445,0.3385780155658722,-0.02171015553176403,0.5909116268157959,0.29493069648742676,-0.030823927372694016,0.582922101020813,0.25400376319885254,-0.03630319610238075,0.5829911231994629,0.428941935300827,-0.007821237668395042,0.5923256278038025,0.3772861957550049,-0.041762206703424454,0.6145855188369751,0.4272801876068115,-0.0506841279566288,0.6269629001617432,0.47506919503211975,-0.04693027213215828,0.5568689107894897,0.4512341320514679,-0.01313183456659317,0.572901725769043,0.4050697088241577,-0.04998317360877991,0.5984058976173401,0.4577704668045044,-0.04753831773996353,0.6117335557937622,0.5083259344100952,-0.03350357338786125,0.5296579599380493,0.4789595305919647,-0.019731735810637474,0.5359556078910828,0.4210261106491089,-0.042268577963113785,0.5593234896659851,0.4415005147457123,-0.03716180473566055,0.575019121170044,0.4772900938987732,-0.02633093297481537,point,RRQ_p11,RRQ
0.5550339221954346,0.6169654130935669,-1.3880654847753249e-08,0.5759270191192627,0.5557995438575745,-0.02689214050769806,0.5717411041259766,0.4754907190799713,-0.04150138795375824,0.5378894209861755,0.42843642830848694,-0.05599350854754448,0.49398764967918396,0.4242672920227051,-0.07101847231388092,0.5144646763801575,0.4182017147541046,-0.026548434048891068,0.48309430480003357,0.33708757162094116,-0.050181739032268524,0.4621220827102661,0.2899278402328491,-0.06352175027132034,0.44140756130218506,0.2481018304824829,-0.0718822330236435,0.48510459065437317,0.452432781457901,-0.026613319292664528,0.4764781892299652,0.4193149209022522,-0.06965580582618713,0.5113643407821655,0.4763640761375427,-0.07968819886445999,0.5362291932106018,0.5202223658561707,-0.07535059005022049,0.46209269762039185,0.4929295480251312,-0.029044829308986664,0.4562079608440399,0.46398767828941345,-0.07214868813753128,0.49570876359939575,0.5140478610992432,-0.06512755900621414,0.5204885005950928,0.5522655248641968,-0.04757561534643173,0.44264283776283264,0.5380222797393799,-0.03315470740199089,0.4321579039096832,0.5008597373962402,-0.06151525676250458,0.46582648158073425,0.52811199426651,-0.052475959062576294,0.4888266623020172,0.5561176538467407,-0.03725764900445938,point,RRQ_p11,RRQ
0.5268923044204712,0.6852572560310364,-4.867078828851845e-08,0.5398567318916321,0.6152576208114624,-0.0380374900996685,0.5242570638656616,0.537201464176178,-0.061299972236156464,0.4785827398300171,0.5046655535697937,-0.08299769461154938,0.42816421389579773,0.5050157308578491,-0.10450458526611328,0.45408937335014343,0.4681958556175232,-0.04206431657075882,0.39860889315605164,0.39158231019973755,-0.07299432158470154,0.36104100942611694,0.34885236620903015,-0.09215004742145538,0.3260711431503296,0.31341439485549927,-0.10522568970918655,0.4236784875392914,0.5150814056396484,-0.04074617475271225,0.41044744849205017,0.5010828375816345,-0.09576953947544098,0.4553903341293335,0.5584635734558105,-0.11043918877840042,0.488716721534729,0.5990442037582397,-0.10790259391069412,0.4034195840358734,0.5670680403709412,-0.0425557978451252,0.39145389199256897,0.5584017038345337,-0.09533202648162842,0.4413299858570099,0.6026684641838074,-0.08897557854652405,0.4759122431278229,0.6314972043037415,-0.07075081765651703,0.38941285014152527,0.6206345558166504,-0.04712739959359169,0.37195536494255066,0.6065250635147095,-0.084501713514328,0.4135759174823761,0.6311511397361755,-0.07744786888360977,0.44535964727401733,0.6485354900360107,-0.06199253350496292,point,RRQ_p11,RRQ
0.572213888168335,0.680368185043335,6.172664512860138e-08,0.6096702218055725,0.615349531173706,-0.03149043396115303,0.6301335096359253,0.5305644869804382,-0.051644690334796906,0.6158722639083862,0.46392515301704407,-0.07222266495227814,0.5707467794418335,0.44439414143562317,-0.09311138838529587,0.573650062084198,0.43709397315979004,-0.03276903182268143,0.5720281004905701,0.336580753326416,-0.06350927799940109,0.56856369972229,0.2707071900367737,-0.08195767551660538,0.5630539655685425,0.21288353204727173,-0.09313157200813293,0.5305135250091553,0.45787522196769714,-0.03385764732956886,0.550724983215332,0.42731258273124695,-0.08545345813035965,0.5726792216300964,0.5073779821395874,-0.09711796790361404,0.5825997591018677,0.5684520602226257,-0.09208013862371445,0.493672251701355,0.4922226071357727,-0.038044609129428864,0.5202553272247314,0.4742431342601776,-0.08867499232292175,0.5455158948898315,0.5486564040184021,-0.0803990587592125,0.5570446252822876,0.6013481020927429,-0.0597667396068573,0.46086642146110535,0.5351835489273071,-0.04472852498292923,0.47674164175987244,0.4995713531970978,-0.07766499370336533,0.5054826140403748,0.5429146885871887,-0.06779392063617706,0.5207793116569519,0.5829693675041199,-0.05019516125321388,point,RRQ_p11,RRQ
0.679569661617279,0.7279398441314697,-5.103267426420643e-07,0.6018388271331787,0.6949318051338196,-0.017166174948215485,0.5429109930992126,0.6232004761695862,-0.031529586762189865,0.512982964515686,0.5546114444732666,-0.04948887228965759,0.5171229243278503,0.4994959831237793,-0.0672847181558609,0.587451159954071,0.4635760486125946,-0.006109122186899185,0.5508741736412048,0.3712300956249237,-0.03241776302456856,0.5261377096176147,0.3109065890312195,-0.049350135028362274,0.5074058175086975,0.2586266100406647,-0.0627892017364502,0.6359765529632568,0.4511321187019348,-0.01621258817613125,0.5639815330505371,0.440399169921875,-0.0646967664361,0.5604183673858643,0.5392290949821472,-0.07449975609779358,0.5752284526824951,0.6071011424064636,-0.06874225288629532,0.6789519786834717,0.46308577060699463,-0.030284438282251358,0.6000470519065857,0.4858711063861847,-0.07709239423274994,0.6032544374465942,0.5778157711029053,-0.06493242084980011,0.6207820773124695,0.6344754695892334,-0.043630387634038925,0.716213583946228,0.4961930215358734,-0.046560149639844894,0.6461248397827148,0.511532187461853,-0.0765504464507103,0.6391726136207581,0.5792748928070068,-0.06649377197027206,0.6504175066947937,0.6233499050140381,-0.05046539381146431,point,RRQ_p11,RRQ
0.5952250957489014,0.7734670639038086,-5.322922902450955e-07,0.509231448173523,0.7435323596000671,-0.004390020854771137,0.4556604325771332,0.6815304756164551,-0.015136648900806904,0.4269949793815613,0.6232090592384338,-0.032396163791418076,0.4100068509578705,0.5698252320289612,-0.04981027916073799,0.4931681752204895,0.5187995433807373,0.00787705834954977,0.4513438940048218,0.44056248664855957,-0.016794463619589806,0.418730229139328,0.3888496160507202,-0.03334899991750717,0.39129316806793213,0.34357956051826477,-0.04674932733178139,0.5307437181472778,0.5002917647361755,-0.008889598771929741,0.4499068856239319,0.5129128694534302,-0.051506299525499344,0.4549173414707184,0.610470175743103,-0.05917976424098015,0.4785270690917969,0.6572222113609314,-0.05397660285234451,0.5632577538490295,0.5081040859222412,-0.029231367632746696,0.48306986689567566,0.5530417561531067,-0.06866062432527542,0.4963740408420563,0.6407369375228882,-0.053115613758563995,0.5227018594741821,0.6743024587631226,-0.03276102989912033,0.5908002257347107,0.5388868451118469,-0.05153795704245567,0.5214430093765259,0.5756394863128662,-0.07530992478132248,0.5254580974578857,0.6415649652481079,-0.06228826940059662,0.5474296808242798,0.6684052348136902,-0.046101056039333344,point,RRQ_p11,RRQ
0.6407560110092163,0.6183664798736572,-4.380784446311736e-07,0.5731990337371826,0.6044662594795227,-0.004869111813604832,0.5251583456993103,0.5464016795158386,-0.008208924904465675,0.5023964047431946,0.48710933327674866,-0.01713641546666622,0.502457320690155,0.44016143679618835,-0.0263550765812397,0.5654740929603577,0.4229705035686493,0.016121787950396538,0.5423632264137268,0.35213103890419006,0.0007490841089747846,0.5194509625434875,0.3061918318271637,-0.010070010088384151,0.5013575553894043,0.26852378249168396,-0.01917174831032753,0.5942589640617371,0.4096898138523102,0.004675537813454866,0.5349955558776855,0.392724871635437,-0.03137828782200813,0.5281729698181152,0.467617392539978,-0.0408141054213047,0.5417405366897583,0.5240872502326965,-0.036357343196868896,0.6208165884017944,0.41149792075157166,-0.009996842592954636,0.5574008226394653,0.4204469323158264,-0.04674830660223961,0.5600212216377258,0.49540191888809204,-0.04059488698840141,0.57942795753479,0.5431821346282959,-0.024806544184684753,0.6460652947425842,0.42794811725616455,-0.025766698643565178,0.589024007320404,0.4344443380832672,-0.0501130148768425,0.5843648314476013,0.48928341269493103,-0.04451383650302887,0.598182201385498,0.5268429517745972,-0.03290827199816704,point,RRQ_p11,RRQ
0.5644338130950928,0.7725654244422913,-2.5469313413850614e-07,0.5214208364486694,0.661159098148346,-0.030526570975780487,0.5233876705169678,0.5289155840873718,-0.05227307975292206,0.5547997355461121,0.43339258432388306,-0.07765766978263855,0.6121616363525391,0.42038416862487793,-0.1011926531791687,0.6353957056999207,0.4505889415740967,-0.018194593489170074,0.6960996389389038,0.3293651342391968,-0.05702275037765503,0.7334022521972656,0.26845210790634155,-0.07911571860313416,0.7684810757637024,0.21794933080673218,-0.09442701190710068,0.6759529709815979,0.5070910453796387,-0.028332391753792763,0.6874805092811584,0.42315757274627686,-0.10039098560810089,0.6210569143295288,0.49435362219810486,-0.11317696422338486,0.5822650194168091,0.5600852966308594,-0.10141172260046005,0.7051234245300293,0.572691798210144,-0.04440293088555336,0.6859622001647949,0.5185840725898743,-0.11130715161561966,0.6201013922691345,0.5881176590919495,-0.0970226600766182,0.5915728807449341,0.6448050141334534,-0.06589774787425995,0.7256761193275452,0.6485481858253479,-0.0635606124997139,0.7049022316932678,0.5984128713607788,-0.1032271534204483,0.6507531404495239,0.6346486210823059,-0.09038875997066498,0.6258252859115601,0.6709735989570618,-0.06820070743560791,point,RRQ_p11,RRQ
0.5734980702400208,0.8272221088409424,-3.182571504112275e-07,0.5350412130355835,0.7117502093315125,-0.03264699876308441,0.5327721834182739,0.5739476680755615,-0.057901572436094284,0.5650758147239685,0.46860718727111816,-0.0870819091796875,0.6292736530303955,0.46143919229507446,-0.11419355124235153,0.6566440463066101,0.48614418506622314,-0.020973220467567444,0.7182199358940125,0.3588637113571167,-0.06170123070478439,0.7541062831878662,0.29051870107650757,-0.08447930961847305,0.7876712083816528,0.2329162061214447,-0.10069986432790756,0.7030755281448364,0.5416231155395508,-0.031238675117492676,0.7092535495758057,0.4560527503490448,-0.10434326529502869,0.6392412185668945,0.5328894853591919,-0.11602023988962173,0.5979514122009277,0.5995922684669495,-0.10356374830007553,0.7363501787185669,0.6094189286231995,-0.047795943915843964,0.7131438851356506,0.5529861450195312,-0.1134406328201294,0.6463238596916199,0.6256955862045288,-0.0969628319144249,0.6155007481575012,0.6829664707183838,-0.06516502797603607,0.7587566375732422,0.6904619932174683,-0.06815299391746521,0.7304765582084656,0.6442919969558716,-0.1053619533777237,0.6757659316062927,0.6793777942657471,-0.09224855154752731,0.6499735713005066,0.7145534753799438,-0.07052980363368988,point,RRQ_p11,RRQ
0.5628455281257629,0.8546527624130249,-3.1025382440930116e-07,0.5071345567703247,0.7541618347167969,-0.03844325244426727,0.4810526371002197,0.626410722732544,-0.06586063653230667,0.4870153069496155,0.5302340984344482,-0.0952569767832756,0.5329247117042542,0.491977334022522,-0.12192120403051376,0.5792881846427917,0.5041177272796631,-0.028591381385922432,0.5950116515159607,0.36462855339050293,-0.07399100810289383,0.6022515296936035,0.2819596827030182,-0.09875202924013138,0.6154131889343262,0.20951789617538452,-0.11597689241170883,0.6402274966239929,0.5396692156791687,-0.03825496882200241,0.6167764067649841,0.4598237872123718,-0.11543796211481094,0.5609801411628723,0.5562896132469177,-0.12926256656646729,0.536939799785614,0.6338595747947693,-0.11717773228883743,0.6854483485221863,0.5984959006309509,-0.054885562509298325,0.6285526752471924,0.5748907923698425,-0.12487639486789703,0.5807864665985107,0.6651362180709839,-0.110505610704422,0.5702206492424011,0.7224652171134949,-0.07941058278083801,0.7175194621086121,0.6728811860084534,-0.07565800100564957,0.6625087857246399,0.6520767211914062,-0.11256103962659836,0.6213739514350891,0.704889178276062,-0.09842175245285034,0.613432765007019,0.7393498420715332,-0.07655339688062668,point,RRQ_p11,RRQ
0.2178005576133728,0.6178284883499146,1.0855532650566602e-07,0.2624436616897583,0.5487396717071533,-0.020253073424100876,0.28713202476501465,0.4565477669239044,-0.03553035110235214,0.3015337884426117,0.3876985013484955,-0.05265254154801369,0.3296757936477661,0.3328096270561218,-0.06712018698453903,0.22982469201087952,0.36942484974861145,0.0007503248634748161,0.2526741325855255,0.3440461754798889,-0.030253231525421143,0.27463018894195557,0.3281753659248352,-0.0430128388106823,0.2936214208602905,0.30068084597587585,-0.04796043410897255,0.18012811243534088,0.37598130106925964,-0.005403441842645407,0.22439438104629517,0.3427945077419281,-0.036139797419309616,0.23397181928157806,0.432962566614151,-0.031201627105474472,0.2115430384874344,0.4349791705608368,-0.017494050785899162,0.13717487454414368,0.3990049958229065,-0.018438467755913734,0.18512877821922302,0.3827255368232727,-0.062427736818790436,0.2025769203901291,0.4636971950531006,-0.04766258969902992,0.17921729385852814,0.46845927834510803,-0.025171881541609764,0.09678177535533905,0.43618252873420715,-0.032680705189704895,0.13623332977294922,0.41436660289764404,-0.05980943143367767,0.16449682414531708,0.4656935930252075,-0.04394850507378578,0.15239980816841125,0.48371678590774536,-0.024120980873703957,pinch,RRQ_p11,RRQ
0.2052251100540161,0.6073086857795715,1.319705091873402e-07,0.24933454394340515,0.539033830165863,-0.023719115182757378,0.2726878821849823,0.44482865929603577,-0.039964865893125534,0.28552472591400146,0.37497392296791077,-0.05742134153842926,0.31221309304237366,0.3186076283454895,-0.07232948392629623,0.21352779865264893,0.3590601980686188,0.0004837719025090337,0.23217515647411346,0.3318728506565094,-0.030973315238952637,0.25609689950942993,0.3151741027832031,-0.04459194466471672,0.27817481756210327,0.28961074352264404,-0.04965624213218689,0.1655159741640091,0.36957091093063354,-0.003990088123828173,0.20675872266292572,0.32950374484062195,-0.035924121737480164,0.21854335069656372,0.42096221446990967,-0.03252614289522171,0.19733615219593048,0.42732957005500793,-0.019094089046120644,0.12283199280500412,0.39434054493904114,-0.01565425470471382,0.16610173881053925,0.36875519156455994,-0.06056123599410057,0.18574963510036469,0.4506707787513733,-0.04637869447469711,0.16404835879802704,0.45952266454696655,-0.02352812886238098,0.08095627278089523,0.4331757426261902,-0.028741106390953064,0.11518003046512604,0.4017815589904785,-0.05576612427830696,0.14656685292720795,0.45328646898269653,-0.03888463228940964,0.13829797506332397,0.4742341637611389,-0.017905592918395996,pinch,RRQ_p11,RRQ
0.3711213767528534,0.698870062828064,9.844938375636048e-08,0.43851590156555176,0.6283999085426331,-0.003158457111567259,0.4804864525794983,0.5540476441383362,-0.018978457897901535,0.5199769139289856,0.5096584558486938,-0.04132341220974922,0.5607232451438904,0.4841936230659485,-0.062039099633693695,0.3973695933818817,0.4228193163871765,0.0039571188390254974,0.4774874448776245,0.426177054643631,-0.031331248581409454,0.5261247158050537,0.44838079810142517,-0.0554121732711792,0.5640586018562317,0.45676055550575256,-0.0695059671998024,0.36463332176208496,0.4322644770145416,-0.013996663503348827,0.46585604548454285,0.4485847055912018,-0.04954587295651436,0.46390053629875183,0.5270036458969116,-0.05843547359108925,0.4414936304092407,0.5427926778793335,-0.0576278381049633,0.34440553188323975,0.4652628004550934,-0.03546065837144852,0.44581830501556396,0.48677822947502136,-0.07184017449617386,0.4447034001350403,0.5613743662834167,-0.06319039314985275,0.42244952917099,0.5739120244979858,-0.04853489249944687,0.3321588635444641,0.5114389061927795,-0.05809332802891731,0.4153508245944977,0.5198127627372742,-0.07672052830457687,0.419954389333725,0.5708156824111938,-0.06271933019161224,0.39967846870422363,0.5850917100906372,-0.04667013883590698,pinch,RRQ_p11,RRQ
0.5897570848464966,0.5441407561302185,7.504013410652988e-08,0.6587458252906799,0.47261545062065125,0.01309435348957777,0.6919050216674805,0.407197505235672,0.008268436416983604,0.7293598651885986,0.3649218678474426,-0.005039416719228029,0.7616726160049438,0.3314806818962097,-0.01777813956141472,0.6005858182907104,0.3055712580680847,0.015459989197552204,0.6947289109230042,0.28536736965179443,-0.003571431851014495,0.7474087476730347,0.2917366325855255,-0.019884977489709854,0.7827625870704651,0.29729679226875305,-0.03130362555384636,0.5931966304779053,0.30878546833992004,-0.004326328635215759,0.7067651748657227,0.3209869861602783,-0.0265688244253397,0.705061137676239,0.3804050087928772,-0.034578967839479446,0.6772108674049377,0.4014597535133362,-0.037274036556482315,0.6018115282058716,0.3322035074234009,-0.024747805669903755,0.7120538353919983,0.3426486849784851,-0.044488079845905304,0.7044745087623596,0.40302956104278564,-0.03753141686320305,0.6750378012657166,0.42023980617523193,-0.02932269126176834,0.6182414293289185,0.36468419432640076,-0.045042913407087326,0.7074427604675293,0.3677574098110199,-0.05317080020904541,0.7057446837425232,0.4133129119873047,-0.04185189679265022,0.6834219694137573,0.4315795600414276,-0.031162146478891373,pinch,RRQ_p11,RRQ
0.3378262519836426,0.6484628915786743,-3.187945551985649e-08,0.3762664496898651,0.6080542802810669,-0.03962423652410507,0.41237419843673706,0.5701508522033691,-0.07385401427745819,0.43377164006233215,0.5352828502655029,-0.1065942645072937,0.42122533917427063,0.5006203651428223,-0.13397216796875,0.3790334165096283,0.4064878225326538,-0.033678360283374786,0.40206634998321533,0.4034455418586731,-0.0731709823012352,0.4061804413795471,0.4429420232772827,-0.0895983874797821,0.39730533957481384,0.4748381972312927,-0.09359300136566162,0.3244476020336151,0.4111090302467346,-0.03207923099398613,0.35679158568382263,0.4205670952796936,-0.0663144513964653,0.368240624666214,0.5088975429534912,-0.06685366481542587,0.35556209087371826,0.5120404958724976,-0.058590397238731384,0.2794453203678131,0.43588340282440186,-0.03682226315140724,0.31063202023506165,0.45513999462127686,-0.07005736976861954,0.3251117467880249,0.5231007933616638,-0.05463758483529091,0.3114100396633148,0.5265558958053589,-0.036956530064344406,0.23853366076946259,0.4748859107494354,-0.04533267766237259,0.2608477771282196,0.4801837205886841,-0.06287425011396408,0.28114935755729675,0.5252684354782104,-0.0465666688978672,0.2784581780433655,0.5336244702339172,-0.02881878986954689,pinch,RRQ_p11,RRQ
0.2789134383201599,0.6196311116218567,3.788881741684236e-08,0.3370596170425415,0.5618166327476501,-0.007983309216797352,0.38305357098579407,0.49883419275283813,-0.026920650154352188,0.4236682653427124,0.4583186209201813,-0.05210769176483154,0.4592122435569763,0.4224444031715393,-0.07460132241249084,0.29892662167549133,0.3693771958351135,0.00244162161834538,0.37040138244628906,0.35412541031837463,-0.03486756235361099,0.41377678513526917,0.3774886131286621,-0.05764717981219292,0.4458613097667694,0.3949826955795288,-0.0684233009815216,0.26356104016304016,0.36193186044692993,-0.012006890960037708,0.35489872097969055,0.3747805953025818,-0.045554909855127335,0.35061365365982056,0.45820266008377075,-0.05112576112151146,0.3248521387577057,0.46976980566978455,-0.04728303477168083,0.23684591054916382,0.37613576650619507,-0.031020287424325943,0.3270546793937683,0.39322036504745483,-0.06511878967285156,0.3242933750152588,0.4687972664833069,-0.05318070575594902,0.2972421944141388,0.4779921770095825,-0.036239370703697205,0.21355201303958893,0.4058474600315094,-0.05173133686184883,0.2864813208580017,0.40376603603363037,-0.06934512406587601,0.29521501064300537,0.45395830273628235,-0.05276519060134888,0.2759472727775574,0.468924880027771,-0.0338495671749115,pinch,RRQ_p11,RRQ
0.2827008366584778,0.6085078716278076,-3.0877938428375273e-08,0.3369896709918976,0.5537230968475342,-0.008780326694250107,0.37805119156837463,0.49589335918426514,-0.027756918221712112,0.41124024987220764,0.45286649465560913,-0.05361618846654892,0.4372786283493042,0.4099995791912079,-0.07605653256177902,0.2942692041397095,0.37216445803642273,0.006235891487449408,0.34960272908210754,0.33421921730041504,-0.035243693739175797,0.39325302839279175,0.3534977436065674,-0.06055555120110512,0.4245280623435974,0.3786868751049042,-0.07027816027402878,0.2589603662490845,0.36613035202026367,-0.007354150526225567,0.34538841247558594,0.37666136026382446,-0.044353265315294266,0.3437480330467224,0.45910483598709106,-0.05272601917386055,0.31612977385520935,0.47500669956207275,-0.04932337999343872,0.2331056296825409,0.3788352310657501,-0.02646215260028839,0.31867584586143494,0.39286506175994873,-0.06361224502325058,0.31645211577415466,0.46811380982398987,-0.05403941497206688,0.2886958718299866,0.4810391664505005,-0.03727894276380539,0.21062415838241577,0.4055987298488617,-0.04727497324347496,0.27942776679992676,0.39928993582725525,-0.06581215560436249,0.2871323227882385,0.449375718832016,-0.04998356103897095,0.26830345392227173,0.46680372953414917,-0.03063388541340828,pinch,RRQ_p11,RRQ
0.7580087184906006,0.668484091758728,-6.139713946140546e-07,0.7019385099411011,0.6380405426025391,-0.020210202783346176,0.6420263648033142,0.5566809177398682,-0.034577060490846634,0.6126271486282349,0.4832403063774109,-0.05047421157360077,0.5994580984115601,0.4295661151409149,-0.06269470602273941,0.6958612203598022,0.4272889494895935,-0.0014534592628479004,0.6585584878921509,0.3874064087867737,-0.035876285284757614,0.6256483197212219,0.3842743933200836,-0.051548607647418976,0.5973606705665588,0.39252591133117676,-0.05780681595206261,0.7391289472579956,0.42120617628097534,-0.007450583856552839,0.680630624294281,0.40928328037261963,-0.044623710215091705,0.6838057637214661,0.5050345063209534,-0.04226260632276535,0.7037684917449951,0.5335111021995544,-0.0302452240139246,0.7820664048194885,0.4316411018371582,-0.020925307646393776,0.7222487926483154,0.4359888732433319,-0.06153096631169319,0.7252593636512756,0.5239498615264893,-0.042712364345788956,0.7441915273666382,0.5486903190612793,-0.019399959594011307,0.824796736240387,0.4567091763019562,-0.03706946223974228,0.7715532779693604,0.4548289477825165,-0.06269592046737671,0.7641173005104065,0.5186036825180054,-0.05053196847438812,0.7765209674835205,0.5421831607818604,-0.03485925495624542,pinch,RRQ_p11,RRQ
0.5352960824966431,0.6513692140579224,-6.463139357038017e-07,0.4712197482585907,0.6091971397399902,0.0009373146458528936,0.4175770580768585,0.5436912775039673,-0.004873464349657297,0.3788793683052063,0.4967202842235565,-0.016586583107709885,0.3495500087738037,0.4551081955432892,-0.02732495404779911,0.46552029252052307,0.4309239685535431,0.019847821444272995,0.420219361782074,0.40527722239494324,-0.007450150325894356,0.3817707300186157,0.40561583638191223,-0.02804422751069069,0.3476628363132477,0.41178828477859497,-0.04118574410676956,0.4937075078487396,0.4185864329338074,0.0041759382002055645,0.428378164768219,0.42100805044174194,-0.028080236166715622,0.43771934509277344,0.5009855628013611,-0.03591759502887726,0.46143412590026855,0.5289815068244934,-0.03447423502802849,0.5247803330421448,0.4220128059387207,-0.016200033947825432,0.4543040096759796,0.43566590547561646,-0.047342583537101746,0.4682437777519226,0.5107788443565369,-0.03586125746369362,0.4955585300922394,0.5287277102470398,-0.021557437255978584,0.5568475723266602,0.4430699348449707,-0.03770194202661514,0.4921216070652008,0.4483206272125244,-0.05770151689648628,0.49541375041007996,0.505064070224762,-0.04716749116778374,0.5182352662086487,0.5230153799057007,-0.03500829637050629,pinch,RRQ_p11,RRQ
0.5502928495407104,0.6306712031364441,-6.76507909247448e-07,0.48762428760528564,0.5921667218208313,-0.003220345126464963,0.4371337592601776,0.5304519534111023,-0.0113148782402277,0.4060955047607422,0.47820723056793213,-0.025168873369693756,0.37508225440979004,0.43084630370140076,-0.03727348521351814,0.4804774522781372,0.4192850887775421,0.013458812609314919,0.4373987019062042,0.38452452421188354,-0.016882894560694695,0.39911121129989624,0.3888338506221771,-0.03754161298274994,0.3635387420654297,0.40214550495147705,-0.04927651956677437,0.5077221989631653,0.40682175755500793,-0.0004994496703147888,0.4405179023742676,0.417453408241272,-0.0381811261177063,0.4599454402923584,0.4945145547389984,-0.04764335975050926,0.48650917410850525,0.5263854265213013,-0.04629715159535408,0.5357740521430969,0.40492016077041626,-0.019514605402946472,0.4621262550354004,0.4241083860397339,-0.05580836161971092,0.48666271567344666,0.4978407919406891,-0.04562132805585861,0.5152344703674316,0.5231612920761108,-0.030723538249731064,0.5667609572410583,0.41915690898895264,-0.03988989442586899,0.5001540184020996,0.42001307010650635,-0.06420782953500748,0.5096354484558105,0.47470515966415405,-0.055020466446876526,0.5329108238220215,0.4988774061203003,-0.042596593499183655,pinch,RRQ_p11,RRQ
0.6846640110015869,0.5005640983581543,-5.029068574913254e-07,0.6242608428001404,0.47527846693992615,-0.0022922412026673555,0.5734388828277588,0.4168826639652252,-0.0011667709331959486,0.5511724948883057,0.3611084520816803,-0.0059452056884765625,0.5451839566230774,0.30989015102386475,-0.010926320217549801,0.6208473443984985,0.34273648262023926,0.028981830924749374,0.5960142612457275,0.3064267337322235,0.012695837765932083,0.5687397122383118,0.29127806425094604,-0.003019606927409768,0.5444444417953491,0.284479558467865,-0.013269159942865372,0.6509233713150024,0.327846497297287,0.018744217231869698,0.6125751733779907,0.2901935577392578,-0.00906737707555294,0.6169177293777466,0.3512389361858368,-0.022648151963949203,0.6316604614257812,0.4052909314632416,-0.0232052244246006,0.6872161030769348,0.31968870759010315,0.004657717887312174,0.6467435359954834,0.2870989739894867,-0.02489117719233036,0.6496301889419556,0.3542841374874115,-0.023504123091697693,0.6644344329833984,0.4081571102142334,-0.012339114211499691,0.7296203374862671,0.3177104592323303,-0.009913729503750801,0.6936149001121521,0.27668219804763794,-0.027904445305466652,0.6831878423690796,0.3181267976760864,-0.021339604631066322,0.6885403394699097,0.36088263988494873,-0.010682232677936554,pinch,RRQ_p11,RRQ
0.8304265737533569,0.8037554025650024,-1.2982205817024806e-06,0.7050072550773621,0.7537974715232849,-0.011996166780591011,0.5613852739334106,0.6163403391838074,-0.015323502942919731,0.4825688898563385,0.5003417134284973,-0.027931373566389084,0.430001437664032,0.40528300404548645,-0.03810935467481613,0.6322656869888306,0.42618483304977417,0.03570844605565071,0.5529932975769043,0.3339085280895233,-0.01205246802419424,0.4950126111507416,0.32529133558273315,-0.04552535340189934,0.4444766938686371,0.3457825183868408,-0.06316572427749634,0.7065684795379639,0.3935214579105377,0.015162532217800617,0.6079187393188477,0.3518615961074829,-0.05503148213028908,0.643841028213501,0.5091940760612488,-0.07425440102815628,0.6873522996902466,0.613186240196228,-0.06696205586194992,0.7943024635314941,0.38005101680755615,-0.01504089217633009,0.6957772970199585,0.3536384105682373,-0.08659497648477554,0.7243549823760986,0.5142061710357666,-0.0701499655842781,0.7607305645942688,0.6097503304481506,-0.036598723381757736,0.8932467699050903,0.38349461555480957,-0.04692685604095459,0.8027908205986023,0.3362315595149994,-0.08907487243413925,0.7907329201698303,0.4510653018951416,-0.06978227198123932,0.8025367856025696,0.5291584730148315,-0.04337001219391823,pinch,RRQ_p11,RRQ
0.8537848591804504,0.8772138357162476,-1.1893107512150891e-06,0.7280676364898682,0.8196237087249756,-0.015661796554923058,0.5903260111808777,0.676915168762207,-0.014489933848381042,0.5201109647750854,0.5662348866462708,-0.02123735100030899,0.4723680317401886,0.47568511962890625,-0.027483807876706123,0.6621193885803223,0.5044413208961487,0.035652533173561096,0.5812281966209412,0.43206900358200073,-0.0051584853790700436,0.5217854976654053,0.40020447969436646,-0.03637320175766945,0.46210700273513794,0.3694848418235779,-0.058768369257450104,0.7378852963447571,0.4642442464828491,0.015397691167891026,0.6390802264213562,0.41756343841552734,-0.05830518528819084,0.6714340448379517,0.5769769549369812,-0.0789589062333107,0.7099382281303406,0.6838724613189697,-0.07145850360393524,0.8275164365768433,0.4501246213912964,-0.014006217010319233,0.7332289218902588,0.42687785625457764,-0.08984620124101639,0.7624698877334595,0.5893745422363281,-0.0749058946967125,0.796865701675415,0.6849676966667175,-0.040932606905698776,0.9271049499511719,0.4564274549484253,-0.045402225106954575,0.845810055732727,0.42388272285461426,-0.09169059991836548,0.8374885320663452,0.5391062498092651,-0.07566305994987488,0.849965512752533,0.6091798543930054,-0.05115043371915817,pinch,RRQ_p11,RRQ
0.5276020765304565,0.6130046844482422,-1.043550923895964e-06,0.4192928671836853,0.5676936507225037,-0.00224701059050858,0.3152619004249573,0.44834885001182556,0.003698450978845358,0.2598284184932709,0.3497563898563385,-0.0006132656708359718,0.20496554672718048,0.277121901512146,-0.006187157705426216,0.37923046946525574,0.3168831467628479,0.051639802753925323,0.31546729803085327,0.2538686990737915,0.021035851910710335,0.2519313097000122,0.2324928194284439,-0.007126927841454744,0.1950264573097229,0.2165536880493164,-0.02733686938881874,0.42923682928085327,0.28070521354675293,0.031222213059663773,0.34055501222610474,0.23388278484344482,-0.022507119923830032,0.3630385100841522,0.3617299497127533,-0.044379446655511856,0.40255650877952576,0.4531800448894501,-0.04272361472249031,0.4919792413711548,0.25880980491638184,0.0034900326281785965,0.40071022510528564,0.2303081452846527,-0.054278988391160965,0.4248933792114258,0.36447975039482117,-0.04800967127084732,0.4662870168685913,0.4538666903972626,-0.02478083223104477,0.5667147040367126,0.24996449053287506,-0.02514747530221939,0.4780203700065613,0.20372778177261353,-0.06437336653470993,0.4711258113384247,0.3007495701313019,-0.05266474187374115,0.49510306119918823,0.37716370820999146,-0.03279254958033562,pinch,RRQ_p11,RRQ
0.5284847021102905,0.6893488168716431,-1.0479984666744713e-06,0.4234910309314728,0.649228572845459,-0.0008640229934826493,0.3154928684234619,0.5355534553527832,0.00516466423869133,0.2563457787036896,0.4439699351787567,0.001010856474749744,0.19731596112251282,0.3786256015300751,-0.004113590344786644,0.3758874237537384,0.3929719030857086,0.05084643140435219,0.30761903524398804,0.3413941562175751,0.019672943279147148,0.24322739243507385,0.3258920907974243,-0.009695468470454216,0.18556301295757294,0.3175535798072815,-0.0309780053794384,0.42380404472351074,0.3583678603172302,0.029485072940587997,0.3332236409187317,0.32435742020606995,-0.023831969127058983,0.36072778701782227,0.4515705108642578,-0.045686498284339905,0.40269842743873596,0.5425894856452942,-0.044764142483472824,0.48568686842918396,0.340321809053421,0.0010272595100104809,0.39300501346588135,0.3170115351676941,-0.05588093772530556,0.42018696665763855,0.44955337047576904,-0.04793648049235344,0.46242982149124146,0.537601113319397,-0.02444542571902275,0.560416042804718,0.33704519271850586,-0.02830028347671032,0.47167450189590454,0.29776081442832947,-0.06716901808977127,0.46504271030426025,0.39384713768959045,-0.05476949363946915,0.4878139793872833,0.4693390429019928,-0.03487539291381836,pinch,RRQ_p11,RRQ
0.29413095116615295,0.6588754057884216,-3.1668804467699374e-07,0.35349875688552856,0.6007481813430786,-0.01574389636516571,0.4015827476978302,0.5221131443977356,-0.02384341135621071,0.41809794306755066,0.4541628360748291,-0.03389423340559006,0.382918119430542,0.4381728172302246,-0.03795462101697922,0.34619325399398804,0.4375453293323517,0.0007328366627916694,0.36931225657463074,0.383295476436615,-0.027758877724409103,0.3702273964881897,0.4621109962463379,-0.039376772940158844,0.35630106925964355,0.482658326625824,-0.043733518570661545,0.30323973298072815,0.4383639097213745,-0.006061759311705828,0.3269210755825043,0.38803184032440186,-0.036487795412540436,0.3312191069126129,0.4807552695274353,-0.04029267653822899,0.3112446963787079,0.48990556597709656,-0.03633827716112137,0.2586545944213867,0.4487681984901428,-0.017762931063771248,0.28137412667274475,0.3941026031970978,-0.04852505028247833,0.2930426299571991,0.4780808091163635,-0.03358536213636398,0.27341562509536743,0.49348902702331543,-0.016459012404084206,0.20902599394321442,0.462824285030365,-0.030903756618499756,0.23148667812347412,0.41328707337379456,-0.04444397985935211,0.24925801157951355,0.46648499369621277,-0.02581721730530262,0.2399120032787323,0.48873230814933777,-0.00790911354124546,fist,RRQ_p11,RRQ
0.31409910321235657,0.6334479451179504,-3.1355355645246163e-07,0.3533245325088501,0.5563679933547974,-0.009283460676670074,0.3731388747692108,0.4894631803035736,-0.02277103066444397,0.3839581608772278,0.4354626536369324,-0.03915535658597946,0.3710595965385437,0.4102194905281067,-0.05028751119971275,0.27484622597694397,0.401539146900177,-0.0006495090201497078,0.33852025866508484,0.37643712759017944,-0.030958913266658783,0.3519972264766693,0.44398584961891174,-0.04703698307275772,0.33369237184524536,0.471706748008728,-0.055335961282253265,0.2438485324382782,0.41470572352409363,-0.011895784176886082,0.32199397683143616,0.39514485001564026,-0.041023775935173035,0.3395330309867859,0.4705667793750763,-0.045256245881319046,0.3187915086746216,0.4930696487426758,-0.04339303821325302,0.22007977962493896,0.44052523374557495,-0.027252130210399628,0.29621490836143494,0.41528987884521484,-0.056381091475486755,0.3166278302669525,0.4857534170150757,-0.04508848860859871,0.29748299717903137,0.5123304724693298,-0.031458429992198944,0.20355269312858582,0.47642600536346436,-0.04403194412589073,0.2626522183418274,0.4438129961490631,-0.058920953422784805,0.2828406095504761,0.48988521099090576,-0.04662232846021652,0.2695985436439514,0.5154603123664856,-0.033352356404066086,fist,RRQ_p11,RRQ
0.31100860238075256,0.6677865982055664,-3.6135182313046244e-07,0.36802583932876587,0.5646944046020508,0.006963903550058603,0.37541791796684265,0.4964253008365631,-0.0016172312898561358,0.38600483536720276,0.4465618133544922,-0.017107512801885605,0.4040308892726898,0.4255134165287018,-0.028628282248973846,0.26575303077697754,0.41573095321655273,0.004763343371450901,0.35559937357902527,0.383478045463562,-0.020529218018054962,0.37143683433532715,0.445194810628891,-0.03362606465816498,0.35624340176582336,0.4753795564174652,-0.04231925681233406,0.2555117607116699,0.4334123134613037,-0.014885558746755123,0.3665624260902405,0.41006627678871155,-0.039049189537763596,0.3779160678386688,0.48050615191459656,-0.03901254013180733,0.3573044240474701,0.5026944279670715,-0.03713308274745941,0.2598150372505188,0.4650057256221771,-0.037085581570863724,0.36585626006126404,0.4426894783973694,-0.057649556547403336,0.37433603405952454,0.5071576237678528,-0.04611652344465256,0.3518182635307312,0.5312790870666504,-0.036850705742836,0.2742176055908203,0.5046049952507019,-0.06026395410299301,0.3511764705181122,0.48003244400024414,-0.07059329003095627,0.3602224588394165,0.5208286643028259,-0.062249261885881424,0.3458687663078308,0.5389719605445862,-0.05541018024086952,fist,RRQ_p11,RRQ
0.28500601649284363,0.6752310991287231,5.495752120054931e-08,0.30492234230041504,0.5704618096351624,-0.01476910151541233,0.3239271938800812,0.4768081307411194,-0.04216224327683449,0.34910231828689575,0.4185411036014557,-0.0688411295413971,0.3629339933395386,0.4065312445163727,-0.09305229783058167,0.23501056432724,0.452508807182312,-0.07855347543954849,0.3232593238353729,0.4163516163825989,-0.11874481290578842,0.3669886291027069,0.43750742077827454,-0.12937916815280914,0.3782620429992676,0.45880138874053955,-0.13261066377162933,0.22538945078849792,0.5220569372177124,-0.09221760183572769,0.347786009311676,0.48865199089050293,-0.12822891771793365,0.36382433772087097,0.5321305990219116,-0.1225881427526474,0.3415071368217468,0.5499711632728577,-0.11790730804204941,0.23652945458889008,0.5949134826660156,-0.10540755093097687,0.3537469804286957,0.5582102537155151,-0.13773633539676666,0.3593868017196655,0.5907962322235107,-0.1194567158818245,0.3346843123435974,0.6059258580207825,-0.105117067694664,0.2557750344276428,0.6621889472007751,-0.12000274658203125,0.34762150049209595,0.6231197714805603,-0.14027611911296844,0.35179629921913147,0.6398447751998901,-0.12784264981746674,0.3306618332862854,0.6525039672851562,-0.11663299053907394,fist,RRQ_p11,RRQ
0.27744564414024353,0.5638797283172607,-8.609784885038607e-08,0.3516818881034851,0.5461686253547668,-0.02433469146490097,0.4160510301589966,0.5382994413375854,-0.048465754836797714,0.4552168548107147,0.5592953562736511,-0.07311215996742249,0.46259185671806335,0.5985292196273804,-0.09702780842781067,0.40421420335769653,0.4154168665409088,-0.04785409942269325,0.4264679551124573,0.5651194453239441,-0.08724568039178848,0.4088786542415619,0.5849981904029846,-0.11543672531843185,0.39961642026901245,0.5484809875488281,-0.13692039251327515,0.34118902683258057,0.4204016625881195,-0.057720355689525604,0.36997726559638977,0.5960837006568909,-0.08782104402780533,0.3558535873889923,0.5932347774505615,-0.09790004789829254,0.3485086262226105,0.5331081748008728,-0.1098373532295227,0.2837355434894562,0.44823336601257324,-0.07049761712551117,0.3134370744228363,0.6110336184501648,-0.09503030776977539,0.3045577108860016,0.6006172895431519,-0.08883875608444214,0.29794251918792725,0.5415923595428467,-0.08656809478998184,0.2317999005317688,0.48406001925468445,-0.08785413950681686,0.2604110836982727,0.6066920161247253,-0.10711938142776489,0.25748828053474426,0.6021309494972229,-0.1051521748304367,0.24650147557258606,0.5609772801399231,-0.10332877933979034,fist,RRQ_p11,RRQ
0.3706238865852356,0.5735834836959839,-6.095838500641548e-08,0.44263532757759094,0.5886271595954895,-0.04561860114336014,0.5162360668182373,0.5832679271697998,-0.07564984261989594,0.5426368713378906,0.610255777835846,-0.10014837980270386,0.5090019702911377,0.6500621438026428,-0.12277951836585999,0.4699290990829468,0.4365035891532898,-0.0805480033159256,0.45755428075790405,0.5918390154838562,-0.12664394080638885,0.4663320481777191,0.6029754281044006,-0.153606578707695,0.4775305390357971,0.5679156184196472,-0.1713666319847107,0.3959389925003052,0.42980125546455383,-0.07761150598526001,0.3949398398399353,0.6231155395507812,-0.10736116766929626,0.40899595618247986,0.6136428117752075,-0.10859999805688858,0.4150034487247467,0.5543029308319092,-0.1142532154917717,0.3316832482814789,0.4520334005355835,-0.07905908674001694,0.3378753066062927,0.6304064393043518,-0.10099473595619202,0.3487638831138611,0.6160286068916321,-0.08485528826713562,0.3517738878726959,0.5532705187797546,-0.07604847848415375,0.27827590703964233,0.48422926664352417,-0.08802644908428192,0.2836729884147644,0.6101847887039185,-0.1082894504070282,0.29157596826553345,0.603567361831665,-0.10538022220134735,0.2900279760360718,0.5567207932472229,-0.10258285701274872,fist,RRQ_p11,RRQ
0.5103987455368042,0.6610439419746399,-5.3902347474377166e-08,0.5987755060195923,0.6472784280776978,-0.035110533237457275,0.6762842535972595,0.6430523991584778,-0.06651830673217773,0.7257970571517944,0.665000855922699,-0.0957910493016243,0.7359654307365417,0.692449688911438,-0.12348216772079468,0.6551529765129089,0.5005156397819519,-0.07102670520544052,0.6898470520973206,0.6528394222259521,-0.11649926006793976,0.6715277433395386,0.6885566115379333,-0.14413012564182281,0.6564820408821106,0.6691613793373108,-0.1627514362335205,0.5877602100372314,0.5129770040512085,-0.07658011466264725,0.6303189396858215,0.6915048360824585,-0.11236489564180374,0.6122210025787354,0.6986484527587891,-0.12093604356050491,0.5996072292327881,0.6507476568222046,-0.1306837946176529,0.5272637009620667,0.5470114946365356,-0.08523836731910706,0.5716902613639832,0.7111884951591492,-0.11517392098903656,0.5604223608970642,0.7049834132194519,-0.10898853838443756,0.5492264628410339,0.6553725600242615,-0.10523815453052521,0.473930299282074,0.5853639245033264,-0.09874869883060455,0.5141430497169495,0.7081259489059448,-0.12028441578149796,0.5128012299537659,0.7034887075424194,-0.11813564598560333,0.5019092559814453,0.6643178462982178,-0.11536511778831482,fist,RRQ_p11,RRQ
0.6989457607269287,0.7429198622703552,-5.99725638039672e-07,0.6103304028511047,0.7486580610275269,-0.06803744286298752,0.5211778879165649,0.7542253136634827,-0.11677145212888718,0.4873044192790985,0.7807300686836243,-0.15843531489372253,0.5214619040489197,0.7861626744270325,-0.1911662071943283,0.512951135635376,0.5171076655387878,-0.08826995640993118,0.4951569437980652,0.6282756924629211,-0.14861959218978882,0.5259152054786682,0.7067121267318726,-0.1757276952266693,0.5432315468788147,0.704529881477356,-0.19116289913654327,0.5950155258178711,0.48805996775627136,-0.08713744580745697,0.5897830128669739,0.6531977653503418,-0.14764492213726044,0.5956020355224609,0.7379777431488037,-0.1559949666261673,0.58805912733078,0.7104586958885193,-0.15483157336711884,0.6780192852020264,0.5042672157287598,-0.09484315663576126,0.6722819209098816,0.6674027442932129,-0.1506539136171341,0.6703404188156128,0.7341167330741882,-0.13726159930229187,0.6663305163383484,0.7042813301086426,-0.12006817758083344,0.7501458525657654,0.5391222238540649,-0.11026369035243988,0.7461956739425659,0.6684937477111816,-0.1432533711194992,0.7382224202156067,0.7241981029510498,-0.13450266420841217,0.7331798672676086,0.70889812707901,-0.12175092101097107,fist,RRQ_p11,RRQ
0.6541904211044312,0.7252393960952759,-7.529915819759481e-07,0.5534629821777344,0.7064648866653442,-0.016674937680363655,0.47801557183265686,0.6585360765457153,-0.03297320380806923,0.42847761511802673,0.6148795485496521,-0.052585165947675705,0.43821316957473755,0.5697751641273499,-0.06364910304546356,0.5329011678695679,0.45715856552124023,0.011744032613933086,0.4525127410888672,0.4948083162307739,-0.025932153686881065,0.47946855425834656,0.5769709944725037,-0.048221077769994736,0.5074242949485779,0.5784246325492859,-0.061457131057977676,0.5699726343154907,0.43822383880615234,0.0023666892666369677,0.48048797249794006,0.49901866912841797,-0.03670188784599304,0.5107176303863525,0.5924352407455444,-0.038846321403980255,0.5419260263442993,0.577135443687439,-0.032550256699323654,0.6079907417297363,0.4437452554702759,-0.014886630699038506,0.5184347629547119,0.4971984326839447,-0.05216804891824722,0.541442334651947,0.5875522494316101,-0.031454917043447495,0.5731849670410156,0.5767723917961121,-0.008872210048139095,0.6409593224525452,0.47381526231765747,-0.035729266703128815,0.5654505491256714,0.517667829990387,-0.05787075683474541,0.5734336972236633,0.5773161053657532,-0.04579288512468338,0.6018466353416443,0.5720130801200867,-0.029932241886854172,fist,RRQ_p11,RRQ
0.6681856513023376,0.7078235745429993,-7.113718538676039e-07,0.5942854285240173,0.6571716666221619,-0.03135854750871658,0.5336817502975464,0.5479509830474854,-0.04534229263663292,0.5174883604049683,0.4436962902545929,-0.06134030222892761,0.5559231042861938,0.37921395897865295,-0.06740113347768784,0.5972105264663696,0.4358930289745331,0.008147123269736767,0.5730675458908081,0.38042664527893066,-0.03253703936934471,0.5676682591438293,0.4679977595806122,-0.047404203563928604,0.5793429017066956,0.4817730188369751,-0.05321129411458969,0.653693675994873,0.4313446581363678,0.004939369857311249,0.6234380006790161,0.3791901469230652,-0.037674494087696075,0.6112165451049805,0.4866395592689514,-0.03397991508245468,0.6338431239128113,0.486846923828125,-0.019686225801706314,0.7123151421546936,0.4412384629249573,-0.00949256494641304,0.6894494295120239,0.3801349401473999,-0.05196668580174446,0.6674330234527588,0.47904422879219055,-0.02632649429142475,0.6828671097755432,0.4901900291442871,0.0027436050586402416,0.7741177082061768,0.46230584383010864,-0.02863004058599472,0.7555099725723267,0.40689489245414734,-0.04929744824767113,0.7288934588432312,0.4665893018245697,-0.03178367763757706,0.7355937361717224,0.48338639736175537,-0.012031223624944687,fist,RRQ_p11,RRQ
0.6271613240242004,0.6408399939537048,-6.825593459325319e-07,0.568895161151886,0.5165584683418274,-0.0015530339442193508,0.5548672676086426,0.42481306195259094,-0.016778526827692986,0.5418336987495422,0.3625948429107666,-0.03847759589552879,0.5538744926452637,0.3306235671043396,-0.05365275219082832,0.7076091170310974,0.3524427115917206,0.01605268567800522,0.6111609935760498,0.29131561517715454,-0.020043466240167618,0.5854687690734863,0.3669756054878235,-0.04632939025759697,0.6065810322761536,0.4018295109272003,-0.06291636824607849,0.7311873435974121,0.3729534447193146,-0.0019514784216880798,0.6108003258705139,0.3029062747955322,-0.038833197206258774,0.584834098815918,0.38605833053588867,-0.04684964567422867,0.620147705078125,0.41490715742111206,-0.047779630869627,0.735824704170227,0.4039994776248932,-0.02511783502995968,0.6205446124076843,0.33329951763153076,-0.056179676204919815,0.5915636420249939,0.40775424242019653,-0.039862144738435745,0.6242247223854065,0.44033169746398926,-0.024299675598740578,0.7215491533279419,0.4389716684818268,-0.050591759383678436,0.6295578479766846,0.3797416687011719,-0.06876014918088913,0.6057263016700745,0.4244649112224579,-0.057667993009090424,0.6307604908943176,0.4581685960292816,-0.044861167669296265,fist,RRQ_p11,RRQ
0.6586887836456299,0.7323799729347229,-8.182621513697086e-07,0.6057160496711731,0.6040083765983582,-0.04855486750602722,0.5781699419021606,0.49797433614730835,-0.08660774677991867,0.5655414462089539,0.42954227328300476,-0.12100104987621307,0.5978909730911255,0.423615425825119,-0.14555972814559937,0.7482115626335144,0.3851909637451172,-0.05301308631896973,0.6580365896224976,0.34972527623176575,-0.10917893797159195,0.6178579330444336,0.4345651865005493,-0.13473720848560333,0.6240716576576233,0.47446754574775696,-0.14758656919002533,0.7927477359771729,0.4501441717147827,-0.0550200380384922,0.6722068190574646,0.4370208978652954,-0.10806693881750107,0.6226955652236938,0.5257948040962219,-0.11159741878509521,0.6434772610664368,0.5484015345573425,-0.10621760040521622,0.8115872144699097,0.5386074185371399,-0.06576202064752579,0.6959242224693298,0.536041259765625,-0.11407379060983658,0.6464174389839172,0.5999628901481628,-0.09230933338403702,0.6666039228439331,0.6136047840118408,-0.06944633275270462,0.8127071261405945,0.6324808597564697,-0.08266188204288483,0.7211301922798157,0.6332119107246399,-0.10955888777971268,0.6812311410903931,0.6606773138046265,-0.09732995927333832,0.6967089772224426,0.6662298440933228,-0.08169074356555939,fist,RRQ_p11,RRQ
0.7038639187812805,0.6974953413009644,-8.264189688134138e-08,0.6996808648109436,0.5767638683319092,-0.06392507255077362,0.6716329455375671,0.4733600616455078,-0.1194760873913765,0.6058637499809265,0.4268168807029724,-0.1625567078590393,0.5465698838233948,0.4581115245819092,-0.20283199846744537,0.7747959494590759,0.5491703748703003,-0.13734644651412964,0.612420916557312,0.5009357929229736,-0.19299277663230896,0.602033257484436,0.505820095539093,-0.2279559075832367,0.6309753060340881,0.5228849649429321,-0.25177666544914246,0.7625280022621155,0.6743660569190979,-0.13219206035137177,0.5740501880645752,0.5984797477722168,-0.16567139327526093,0.601080060005188,0.5929961800575256,-0.16062100231647491,0.6481128334999084,0.6046871542930603,-0.16111204028129578,0.7254090905189514,0.7779016494750977,-0.1299397498369217,0.5520864725112915,0.6938958168029785,-0.15744349360466003,0.58354651927948,0.6798071265220642,-0.12153894454240799,0.6319459080696106,0.6942802667617798,-0.09585864096879959,0.6817365884780884,0.8537151217460632,-0.1367918848991394,0.5421158075332642,0.7813184857368469,-0.1695440709590912,0.566120982170105,0.7736159563064575,-0.15551574528217316,0.6168986558914185,0.7860949039459229,-0.13981525599956512,fist,RRQ_p11,RRQ
0.561718225479126,0.6681582927703857,-2.5984968488046434e-07,0.4533085227012634,0.6222808361053467,-0.02575422078371048,0.35857468843460083,0.6077474355697632,-0.06912941485643387,0.2855665683746338,0.6474596858024597,-0.10969103872776031,0.25238245725631714,0.6946468949317932,-0.1475774496793747,0.380253404378891,0.4397030472755432,-0.10535581409931183,0.2815299928188324,0.5887383818626404,-0.15101051330566406,0.3123547434806824,0.6497513055801392,-0.16163837909698486,0.34480977058410645,0.6240137219429016,-0.16863982379436493,0.46027398109436035,0.48558998107910156,-0.12214145809412003,0.34755367040634155,0.666409969329834,-0.1621372550725937,0.3812381625175476,0.7126044034957886,-0.1477421224117279,0.40864992141723633,0.6628307104110718,-0.13937826454639435,0.5276649594306946,0.5656799674034119,-0.13976168632507324,0.4241935908794403,0.7280018329620361,-0.17031033337116241,0.44929879903793335,0.7523200511932373,-0.13676093518733978,0.4813418984413147,0.7040454149246216,-0.1160694882273674,0.5798979997634888,0.6502262353897095,-0.16001290082931519,0.4978952705860138,0.7655401825904846,-0.1834286004304886,0.5072996020317078,0.7689068913459778,-0.16689082980155945,0.5320018529891968,0.7216524481773376,-0.15401895344257355,fist,RRQ_p11,RRQ
0.49760645627975464,0.5771801471710205,-7.813608249307435e-08,0.3970564007759094,0.528494656085968,-0.03712841123342514,0.29946422576904297,0.5268781185150146,-0.09413594752550125,0.2234182357788086,0.5817744731903076,-0.14389488101005554,0.1690269559621811,0.640243411064148,-0.1952642798423767,0.29458174109458923,0.40683144330978394,-0.15243986248970032,0.19908727705478668,0.5569109916687012,-0.20671610534191132,0.19093579053878784,0.6394670009613037,-0.22175754606723785,0.19714896380901337,0.6757543087005615,-0.22996392846107483,0.3732527792453766,0.44347304105758667,-0.1615849882364273,0.2648094594478607,0.6219893097877502,-0.20089636743068695,0.2908491790294647,0.6667786240577698,-0.1805747002363205,0.31519579887390137,0.6452057361602783,-0.1702021211385727,0.4429343044757843,0.51747727394104,-0.1693614274263382,0.3357182443141937,0.6847879886627197,-0.19510480761528015,0.35724955797195435,0.7076126337051392,-0.15011727809906006,0.3926062285900116,0.6731759905815125,-0.12504804134368896,0.4937136471271515,0.5997624397277832,-0.18006274104118347,0.4017835557460785,0.7274746298789978,-0.20904867351055145,0.40853428840637207,0.7304586172103882,-0.189117431640625,0.4380320906639099,0.6897503137588501,-0.17320281267166138,fist,RRQ_p11,RRQ
0.25739362835884094,0.7773917317390442,5.139739869264304e-07,0.33595073223114014,0.7345619201660156,-0.0344516821205616,0.3996730446815491,0.6613941788673401,-0.050765510648489,0.4414738416671753,0.5943600535392761,-0.06488404422998428,0.4796682298183441,0.5445881485939026,-0.07847125083208084,0.34681087732315063,0.5230153799057007,-0.026540346443653107,0.3635537028312683,0.41980159282684326,-0.04699253290891647,0.3689920902252197,0.35483044385910034,-0.0647076666355133,0.3716079294681549,0.29792365431785583,-0.07833356410264969,0.29918286204338074,0.5109269022941589,-0.027744587510824203,0.311475545167923,0.3970739245414734,-0.04462404176592827,0.3178844749927521,0.3243532180786133,-0.06180551275610924,0.3223095238208771,0.26383674144744873,-0.07540681213140488,0.2536143660545349,0.5215052366256714,-0.033676035702228546,0.2571517527103424,0.4147978127002716,-0.05206204578280449,0.2607463598251343,0.344906210899353,-0.06836201995611191,0.2643750011920929,0.28488031029701233,-0.08061151206493378,0.20769506692886353,0.5501254796981812,-0.04313258081674576,0.191508948802948,0.4711169898509979,-0.06331262737512589,0.1802734136581421,0.417240709066391,-0.07450708001852036,0.1719215214252472,0.36530494689941406,-0.08180636167526245,open_palm,RRQ_p11,RRQ
0.27546975016593933,0.7681563496589661,5.312645612320921e-07,0.3499257266521454,0.723563015460968,-0.0348660834133625,0.4097672998905182,0.6543716788291931,-0.0532822348177433,0.44889551401138306,0.592107355594635,-0.06939997524023056,0.4858825206756592,0.5423712134361267,-0.08501049131155014,0.3544526696205139,0.5152219533920288,-0.029876474291086197,0.3706513047218323,0.4137299060821533,-0.05175301805138588,0.3769778311252594,0.3513515591621399,-0.07044757902622223,0.3808700442314148,0.29388269782066345,-0.08467648178339005,0.31180885434150696,0.5049785375595093,-0.031337615102529526,0.32567739486694336,0.3946736454963684,-0.04980342462658882,0.33332616090774536,0.3216153681278229,-0.06764664500951767,0.33804067969322205,0.2571338415145874,-0.08173912018537521,0.2696259021759033,0.5171512961387634,-0.0373593308031559,0.27188965678215027,0.4103064239025116,-0.056824941188097,0.2738285958766937,0.34148097038269043,-0.07322892546653748,0.2757936418056488,0.2804390490055084,-0.08534583449363708,0.22680236399173737,0.5463810563087463,-0.046819671988487244,0.2055065631866455,0.4686201214790344,-0.06779143959283829,0.19254730641841888,0.41493743658065796,-0.07937097549438477,0.18227048218250275,0.36255142092704773,-0.08685335516929626,open_palm,RRQ_p11,RRQ
0.3833625912666321,0.6955286264419556,3.585894319257932e-07,0.44037458300590515,0.6617798209190369,-0.015926524996757507,0.48429977893829346,0.59937584400177,-0.024095147848129272,0.5170957446098328,0.550650417804718,-0.03283022716641426,0.547518253326416,0.5173577666282654,-0.04173433035612106,0.44718876481056213,0.49176234006881714,-0.01260909903794527,0.46494245529174805,0.40925538539886475,-0.026728009805083275,0.47303521633148193,0.36047130823135376,-0.03863569721579552,0.4789395034313202,0.31625640392303467,-0.04833773896098137,0.4186095893383026,0.47940337657928467,-0.018953578546643257,0.4385659694671631,0.3876956105232239,-0.03218182548880577,0.45146656036376953,0.33076930046081543,-0.04484498128294945,0.4606708586215973,0.2820206880569458,-0.05490434542298317,0.38745278120040894,0.4853321611881256,-0.028164943680167198,0.39423924684524536,0.3919411301612854,-0.04314204677939415,0.39670687913894653,0.334182471036911,-0.0572783388197422,0.39839115738868713,0.28420889377593994,-0.0679655522108078,0.35484498739242554,0.5080791115760803,-0.03893120586872101,0.33721694350242615,0.4437052607536316,-0.05608309060335159,0.3254207968711853,0.39725542068481445,-0.06695400178432465,0.3161817193031311,0.3515450954437256,-0.07460073381662369,open_palm,RRQ_p11,RRQ
0.46474260091781616,0.6996287107467651,3.9326127421190904e-07,0.520840048789978,0.6663908958435059,-0.017220625653862953,0.5649163126945496,0.6075078845024109,-0.025926878675818443,0.5969947576522827,0.5592320561408997,-0.034750618040561676,0.6266844272613525,0.5263304114341736,-0.04382355138659477,0.5307720899581909,0.5059976577758789,-0.01552426815032959,0.5569150447845459,0.430863618850708,-0.03214283660054207,0.5721018314361572,0.3846393823623657,-0.04559189826250076,0.5848975777626038,0.34350788593292236,-0.05570996552705765,0.5006213188171387,0.4925183951854706,-0.02123360149562359,0.5194591283798218,0.4022025465965271,-0.03604651615023613,0.5318388342857361,0.34424692392349243,-0.04943309724330902,0.54063481092453,0.29381754994392395,-0.059683460742235184,0.4695298373699188,0.4984447956085205,-0.029764585196971893,0.4769085645675659,0.4094516634941101,-0.04620717465877533,0.4783969223499298,0.35050612688064575,-0.0606888048350811,0.4790474772453308,0.2990100383758545,-0.07115330547094345,0.4375719726085663,0.5210625529289246,-0.03981563821434975,0.4195519685745239,0.46096915006637573,-0.057807378470897675,0.4075194299221039,0.4157714545726776,-0.06850286573171616,0.39817771315574646,0.3710477948188782,-0.07558068633079529,open_palm,RRQ_p11,RRQ
0.39735689759254456,0.6590522527694702,3.4847624874601024e-07,0.4535963535308838,0.608245313167572,-0.019519779831171036,0.48778796195983887,0.5396751165390015,-0.03011595830321312,0.5062057375907898,0.4763072431087494,-0.04111727327108383,0.5271826386451721,0.41988223791122437,-0.05245724692940712,0.4375220239162445,0.43946340680122375,-0.01033031940460205,0.4398486316204071,0.35346531867980957,-0.027250083163380623,0.4358786642551422,0.301313191652298,-0.04265305772423744,0.43122202157974243,0.25381791591644287,-0.05439325049519539,0.40829336643218994,0.43514004349708557,-0.016126958653330803,0.4106331169605255,0.336760014295578,-0.031531523913145065,0.4082096517086029,0.2722243070602417,-0.04810543730854988,0.40438926219940186,0.21766003966331482,-0.06095920503139496,0.38047468662261963,0.4494815468788147,-0.02533300593495369,0.3782559633255005,0.35700321197509766,-0.04047486558556557,0.3763767182826996,0.2978789508342743,-0.05272158235311508,0.3745053708553314,0.24500392377376556,-0.06205851212143898,0.3521081805229187,0.47843503952026367,-0.036737944930791855,0.3449620008468628,0.40716543793678284,-0.051714763045310974,0.3440696597099304,0.35754868388175964,-0.059063542634248734,0.34411293268203735,0.3085997402667999,-0.06433164328336716,open_palm,RRQ_p11,RRQ
0.2460789978504181,0.6234144568443298,4.2384380094517837e-07,0.301741361618042,0.563033938407898,-0.03528057038784027,0.33857837319374084,0.4813902676105499,-0.04924838989973068,0.3538159132003784,0.4040171802043915,-0.06051299348473549,0.3634910583496094,0.33886176347732544,-0.07078158855438232,0.2717006802558899,0.369057297706604,-0.015572967007756233,0.25868502259254456,0.2793063819408417,-0.03246432542800903,0.24422186613082886,0.2250930219888687,-0.050157058984041214,0.22987425327301025,0.17577986419200897,-0.06378600001335144,0.23018787801265717,0.37213021516799927,-0.01294016558676958,0.21441498398780823,0.2719786465167999,-0.0269447211176157,0.20104321837425232,0.2071996033191681,-0.04495932161808014,0.18901187181472778,0.15126952528953552,-0.05912705883383751,0.19392934441566467,0.39469581842422485,-0.015426674857735634,0.1759932041168213,0.30301976203918457,-0.030226346105337143,0.16574746370315552,0.2432788759469986,-0.04487985372543335,0.15718717873096466,0.1899428814649582,-0.055894091725349426,0.15911860764026642,0.4319012463092804,-0.021701626479625702,0.1390368640422821,0.36279571056365967,-0.03649621084332466,0.12813134491443634,0.31598034501075745,-0.0448344387114048,0.11990620195865631,0.26900342106819153,-0.05059251934289932,open_palm,RRQ_p11,RRQ
0.24917878210544586,0.653432309627533,4.836156790588575e-07,0.3030322790145874,0.5872220993041992,-0.03447466343641281,0.33603307604789734,0.4979831874370575,-0.04931804537773132,0.3519439399242401,0.4187261462211609,-0.061684027314186096,0.3655936121940613,0.3555954694747925,-0.07333455979824066,0.26606568694114685,0.3876070976257324,-0.021051865071058273,0.2537737488746643,0.29257744550704956,-0.04050053656101227,0.24000994861125946,0.2348601073026657,-0.05936283618211746,0.22544297575950623,0.1816442608833313,-0.07390713691711426,0.22290292382240295,0.39201676845550537,-0.020602891221642494,0.207463800907135,0.2845419645309448,-0.03711680322885513,0.1943148672580719,0.21264849603176117,-0.05551476404070854,0.18204143643379211,0.15043699741363525,-0.06992892175912857,0.18449851870536804,0.4176195561885834,-0.025066865608096123,0.16296714544296265,0.31644338369369507,-0.042241595685482025,0.15067368745803833,0.2501670718193054,-0.057946085929870605,0.14036686718463898,0.19194231927394867,-0.06954996287822723,0.147568479180336,0.4593506455421448,-0.033170491456985474,0.12082269787788391,0.3855707049369812,-0.050827063620090485,0.10483285784721375,0.33508217334747314,-0.06060662865638733,0.09172365069389343,0.2849188446998596,-0.06719667464494705,open_palm,RRQ_p11,RRQ
0.7081848978996277,0.6779101490974426,5.801283009532199e-07,0.6220566630363464,0.6372218728065491,-0.037393718957901,0.5657814741134644,0.5565446615219116,-0.05640404671430588,0.5416370630264282,0.47247955203056335,-0.07218003273010254,0.512793779373169,0.40366342663764954,-0.08703311532735825,0.6227946877479553,0.4157167077064514,-0.02868504449725151,0.611349880695343,0.3025699257850647,-0.05485554412007332,0.608348548412323,0.2335951179265976,-0.07671190798282623,0.6095545887947083,0.16972818970680237,-0.09307614713907242,0.6771476864814758,0.40383756160736084,-0.031800199300050735,0.6721847653388977,0.27576524019241333,-0.05337448790669441,0.6715084314346313,0.19477888941764832,-0.07442454248666763,0.6714150905609131,0.12237435579299927,-0.09079188853502274,0.7271144986152649,0.41678476333618164,-0.04053058102726936,0.726798415184021,0.2981470227241516,-0.06507191807031631,0.7270222902297974,0.22500284016132355,-0.08079884201288223,0.7259054780006409,0.15760010480880737,-0.09215538203716278,0.7765486836433411,0.44815793633461,-0.052829936146736145,0.7880943417549133,0.3597598373889923,-0.07532328367233276,0.7952530384063721,0.30104565620422363,-0.0841243639588356,0.8000630736351013,0.24408654868602753,-0.09011807292699814,open_palm,RRQ_p11,RRQ
0.6199645400047302,0.6987629532814026,4.669027191539499e-07,0.5439615249633789,0.7007792592048645,-0.029184965416789055,0.466189980506897,0.6657474637031555,-0.046677760779857635,0.4095572829246521,0.6304457783699036,-0.06227421760559082,0.3618011474609375,0.6069883108139038,-0.07793209701776505,0.48075616359710693,0.5051149129867554,-0.03241299092769623,0.4254124164581299,0.42357203364372253,-0.057227179408073425,0.3916001319885254,0.3740993142127991,-0.07671315968036652,0.36331918835639954,0.3274473547935486,-0.09217240661382675,0.5202063322067261,0.4676668643951416,-0.03921966254711151,0.474337637424469,0.36042940616607666,-0.06115798279643059,0.44637858867645264,0.2906941771507263,-0.07881345599889755,0.42248961329460144,0.23181092739105225,-0.0927109494805336,0.5665475130081177,0.45671841502189636,-0.05050124228000641,0.5347809195518494,0.3486011326313019,-0.07683587819337845,0.515286386013031,0.27861350774765015,-0.09466581046581268,0.49517321586608887,0.21656817197799683,-0.10772989690303802,0.6181041598320007,0.4652605950832367,-0.06425479799509048,0.6240090727806091,0.3748733103275299,-0.08999159932136536,0.623513400554657,0.31062012910842896,-0.1035817414522171,0.6176180243492126,0.24983224272727966,-0.11353812366724014,open_palm,RRQ_p11,RRQ
0.7156250476837158,0.6334531307220459,7.856464776523353e-07,0.6391044855117798,0.5678495764732361,-0.052792083472013474,0.5969216823577881,0.4693678021430969,-0.0846928209066391,0.5928148031234741,0.37795761227607727,-0.11028667539358139,0.5739889740943909,0.2993035316467285,-0.13599973917007446,0.6884106397628784,0.33509591221809387,-0.06763635575771332,0.7145836353302002,0.2094181776046753,-0.11013731360435486,0.741209089756012,0.13663551211357117,-0.14151924848556519,0.7705639004707336,0.07091036438941956,-0.1631566882133484,0.7457759976387024,0.3461356461048126,-0.06788314133882523,0.7781103253364563,0.2081056386232376,-0.10374443233013153,0.8040059208869934,0.12289512157440186,-0.1299700289964676,0.829929769039154,0.04521816968917847,-0.1495194286108017,0.7919338941574097,0.38179638981819153,-0.07383526861667633,0.8252398371696472,0.25822365283966064,-0.10798359662294388,0.846181333065033,0.17658713459968567,-0.1280270367860794,0.8662550449371338,0.1014564037322998,-0.14253874123096466,0.834804892539978,0.43759340047836304,-0.08446704596281052,0.8651784658432007,0.34790199995040894,-0.1156328096985817,0.8806793689727783,0.28379303216934204,-0.1298864185810089,0.8926737308502197,0.21993185579776764,-0.13961149752140045,open_palm,RRQ_p11,RRQ
0.5230399370193481,0.7723907828330994,4.124006522943091e-07,0.43401122093200684,0.766677737236023,-0.008857271634042263,0.36258751153945923,0.718207061290741,-0.02025257796049118,0.3132206201553345,0.6774119138717651,-0.03561539947986603,0.26604610681533813,0.6428213715553284,-0.05309687927365303,0.3570738434791565,0.5734548568725586,-0.011480847373604774,0.3073365390300751,0.4889661371707916,-0.0386323519051075,0.2811841368675232,0.43497735261917114,-0.062377043068408966,0.2608235478401184,0.3808707594871521,-0.08051425963640213,0.3852238059043884,0.550920844078064,-0.03099456988275051,0.3336082696914673,0.44990456104278564,-0.056547265499830246,0.30173957347869873,0.3823491334915161,-0.08129005134105682,0.2750794291496277,0.31654930114746094,-0.10042931884527206,0.4221726953983307,0.5473033785820007,-0.05385509505867958,0.379464715719223,0.442050576210022,-0.07930120825767517,0.35230231285095215,0.37580418586730957,-0.09838905930519104,0.32761630415916443,0.3134743273258209,-0.11293450742959976,0.4678684175014496,0.5593701601028442,-0.07817486673593521,0.43898335099220276,0.47263622283935547,-0.10123103857040405,0.4163181483745575,0.4145825505256653,-0.1133219450712204,0.39327511191368103,0.359341025352478,-0.12296798080205917,open_palm,RRQ_p11,RRQ
0.6558138728141785,0.5690140128135681,2.833642156474525e-07,0.5739135146141052,0.5423798561096191,0.016062716022133827,0.5402413010597229,0.4928813874721527,0.044263046234846115,0.5290862917900085,0.44740840792655945,0.06622176617383957,0.5274538397789001,0.4150070548057556,0.08951693773269653,0.5863573551177979,0.4297778308391571,0.09885793924331665,0.573922872543335,0.3663272559642792,0.12587402760982513,0.567602813243866,0.3264303207397461,0.12803208827972412,0.5627920031547546,0.2913874387741089,0.12560440599918365,0.6177197098731995,0.4103154242038727,0.09327202290296555,0.6057124137878418,0.3381110429763794,0.12623697519302368,0.595858097076416,0.29015111923217773,0.12196187674999237,0.586819052696228,0.25555503368377686,0.11377192288637161,0.6471729874610901,0.39725080132484436,0.08221645653247833,0.640961766242981,0.331564724445343,0.10922812670469284,0.6325333714485168,0.2912238836288452,0.10472321510314941,0.6253601908683777,0.2596771717071533,0.09617868065834045,0.6807283163070679,0.3885067105293274,0.0694807767868042,0.6792758703231812,0.3301524817943573,0.09014961868524551,0.6715307235717773,0.307436466217041,0.09435366094112396,0.6605045199394226,0.2889763116836548,0.0935361385345459,open_palm,RRQ_p11,RRQ
0.6662951707839966,0.5965209007263184,4.026886131214269e-07,0.5907228589057922,0.5337396860122681,-0.020301533862948418,0.5523996353149414,0.4532460570335388,-0.024749627336859703,0.5416866540908813,0.37509918212890625,-0.02931314893066883,0.5395450592041016,0.31429871916770935,-0.031198011711239815,0.6236921548843384,0.33425647020339966,0.021092254668474197,0.6280683279037476,0.2436213493347168,0.0130157470703125,0.6356765627861023,0.19227252900600433,-0.0014446321874856949,0.646490216255188,0.1450163871049881,-0.013016038574278355,0.6682963371276855,0.33027827739715576,0.018774617463350296,0.6789020895957947,0.22965486347675323,0.018815496936440468,0.6860039234161377,0.17071320116519928,0.010395996272563934,0.6919633746147156,0.12025812268257141,0.0024218575563281775,0.7065889239311218,0.34706351161003113,0.009885228238999844,0.718849778175354,0.25797125697135925,0.007453153375536203,0.7241066098213196,0.2063196450471878,0.006901817861944437,0.7282291054725647,0.16178767383098602,0.004741903394460678,0.7475104331970215,0.38211119174957275,-0.0032338835299015045,0.7611933946609497,0.31101173162460327,-0.005494813434779644,0.7672104835510254,0.2699555456638336,-0.0012111230753362179,0.7722906470298767,0.23090291023254395,0.001598255941644311,open_palm,RRQ_p11,RRQ
0.7646781802177429,0.5742242932319641,3.3441872915318527e-07,0.692649781703949,0.49892938137054443,-0.013881159946322441,0.6562181711196899,0.4110994338989258,-0.015703832730650902,0.6551151275634766,0.33361488580703735,-0.019066287204623222,0.6562685370445251,0.27429813146591187,-0.020491469651460648,0.7367122173309326,0.31222251057624817,0.023199645802378654,0.7462501525878906,0.22196927666664124,0.015494572930037975,0.7572942972183228,0.17149507999420166,0.0017002378590404987,0.7706074714660645,0.12692400813102722,-0.009477939456701279,0.781095564365387,0.3131987154483795,0.017886176705360413,0.7934255599975586,0.21456336975097656,0.015854135155677795,0.8016471266746521,0.1566527932882309,0.005370649043470621,0.8096456527709961,0.10860618948936462,-0.0038845716044306755,0.8201349377632141,0.33105599880218506,0.006952629424631596,0.8330585956573486,0.24104410409927368,0.0028980011120438576,0.8389532566070557,0.18991905450820923,-0.0002740085474215448,0.8431647419929504,0.14696894586086273,-0.00407327339053154,0.8623142242431641,0.36646774411201477,-0.007309242617338896,0.8786675930023193,0.29504331946372986,-0.01081154216080904,0.8841271996498108,0.25259527564048767,-0.008252591826021671,0.8867217302322388,0.21357165277004242,-0.006679147481918335,open_palm,RRQ_p11,RRQ
0.8650433421134949,0.6855156421661377,6.045237910257129e-07,0.7649565935134888,0.6392315030097961,-0.0390966571867466,0.6832734942436218,0.5615195035934448,-0.06417632102966309,0.6372889876365662,0.4807400703430176,-0.0865354984998703,0.6068744659423828,0.4136282801628113,-0.10794354230165482,0.7399839162826538,0.37679460644721985,-0.03414895012974739,0.7216360569000244,0.24545694887638092,-0.06805296987295151,0.7189249992370605,0.16597695648670197,-0.09729465842247009,0.7214469909667969,0.09098413586616516,-0.11872731149196625,0.8024508357048035,0.35567376017570496,-0.04031999036669731,0.782128632068634,0.210455060005188,-0.06711950153112411,0.7745447158813477,0.11894777417182922,-0.09122852236032486,0.7683302164077759,0.03515887260437012,-0.11015807837247849,0.8646116256713867,0.36144062876701355,-0.05281325802206993,0.8489758372306824,0.22254794836044312,-0.0799175500869751,0.8403673768043518,0.13376712799072266,-0.09604247659444809,0.8309651017189026,0.05449637770652771,-0.10819889605045319,0.9303186535835266,0.3892512321472168,-0.06952505558729172,0.9231680631637573,0.2794467806816101,-0.09430427104234695,0.9167330861091614,0.20777627825737,-0.10320502519607544,0.9072173833847046,0.1399381160736084,-0.1091705858707428,open_palm,RRQ_p11,RRQ
0.30379176139831543,0.6820838451385498,-2.215486034629066e-07,0.3193585276603699,0.5857672691345215,-0.019209034740924835,0.3587217330932617,0.4827333092689514,-0.04105529561638832,0.3755476176738739,0.4030972719192505,-0.05876735970377922,0.367493212223053,0.3376307785511017,-0.07266953587532043,0.3752850890159607,0.5268062353134155,-0.07129566371440887,0.4717633128166199,0.5413084626197815,-0.09939763695001602,0.4473074674606323,0.5470864176750183,-0.10575531423091888,0.4120888411998749,0.542227029800415,-0.106145478785038,0.3771878480911255,0.6006798148155212,-0.07396062463521957,0.47471338510513306,0.6031259298324585,-0.09198342263698578,0.44940435886383057,0.6039537191390991,-0.08288388699293137,0.41494762897491455,0.6052478551864624,-0.07830619066953659,0.382064551115036,0.6693775653839111,-0.07584924250841141,0.46813708543777466,0.6608747243881226,-0.08658039569854736,0.44298142194747925,0.6628983616828918,-0.0644925907254219,0.4112815856933594,0.6667245030403137,-0.05166802927851677,0.3883267343044281,0.7283297777175903,-0.07869814336299896,0.4552702307701111,0.7104697227478027,-0.0785529688000679,0.43187373876571655,0.7119877934455872,-0.05818970128893852,0.40385958552360535,0.7175482511520386,-0.0460071787238121,thumbs_up,RRQ_p11,RRQ
0.3149467706680298,0.7326546907424927,-2.0840731451698957e-07,0.3499678671360016,0.6416695713996887,-0.04130940139293671,0.35875216126441956,0.5420339107513428,-0.06547462940216064,0.3488689959049225,0.46377354860305786,-0.08322598785161972,0.332677960395813,0.3890935778617859,-0.09914512932300568,0.2882184684276581,0.5630050897598267,-0.07565324753522873,0.3917361795902252,0.6019142866134644,-0.11525315046310425,0.3851394057273865,0.6294592618942261,-0.13993388414382935,0.35043054819107056,0.6284782290458679,-0.15832962095737457,0.2677539587020874,0.6368516087532043,-0.07284354418516159,0.39184391498565674,0.6697430610656738,-0.10186967253684998,0.37684381008148193,0.6811181902885437,-0.1094263419508934,0.34387582540512085,0.6723636984825134,-0.12101060897111893,0.26375436782836914,0.7052828669548035,-0.07286359369754791,0.37917637825012207,0.731041431427002,-0.10017340630292892,0.36628854274749756,0.7395795583724976,-0.09362060576677322,0.3376706540584564,0.7286255359649658,-0.09237765520811081,0.2678792476654053,0.7642135620117188,-0.07775547355413437,0.3577948212623596,0.7797723412513733,-0.1027437299489975,0.3469161093235016,0.7864944934844971,-0.1050136461853981,0.32021763920783997,0.7860332131385803,-0.10682017356157303,thumbs_up,RRQ_p11,RRQ
0.23323208093643188,0.7103844285011292,-4.0961515423987294e-07,0.2585863471031189,0.6187759637832642,-0.052859701216220856,0.24070757627487183,0.4974818825721741,-0.07780561596155167,0.21083323657512665,0.4143443703651428,-0.0952223688364029,0.18892847001552582,0.3421330451965332,-0.10472606867551804,0.09826934337615967,0.49262288212776184,-0.0493401400744915,0.13047312200069427,0.5227068066596985,-0.08874858170747757,0.1784093677997589,0.5542327165603638,-0.10595165938138962,0.17667225003242493,0.5465691089630127,-0.11525092273950577,0.057505398988723755,0.5560387372970581,-0.040078017860651016,0.1155439242720604,0.6016924977302551,-0.0753760114312172,0.1725764125585556,0.6235533356666565,-0.07911593466997147,0.16155824065208435,0.6087521314620972,-0.07893926650285721,0.04129154980182648,0.6282573938369751,-0.03794138878583908,0.09973666071891785,0.6705793142318726,-0.0716458410024643,0.1516118347644806,0.6804748177528381,-0.06068785861134529,0.14117883145809174,0.6608689427375793,-0.05093133822083473,0.0361405685544014,0.6996389627456665,-0.04144647344946861,0.084088996052742,0.7350490093231201,-0.061731092631816864,0.12996317446231842,0.7357932329177856,-0.055698055773973465,0.12934482097625732,0.7195430994033813,-0.04793412610888481,thumbs_up,RRQ_p11,RRQ
0.588661253452301,0.7495798468589783,-1.0228224027741817e-06,0.5838965773582458,0.6280695796012878,-0.053528349846601486,0.6194457411766052,0.5033918023109436,-0.08112582564353943,0.6482225656509399,0.41460078954696655,-0.10254814475774765,0.6719802021980286,0.33508291840553284,-0.11617719382047653,0.7761229276657104,0.5411497950553894,-0.05508558452129364,0.6947003602981567,0.5242674946784973,-0.10153511166572571,0.6371780037879944,0.5716209411621094,-0.12666970491409302,0.6374948024749756,0.6015137434005737,-0.14223778247833252,0.8048873543739319,0.6329293251037598,-0.05208548903465271,0.6968066692352295,0.6216862201690674,-0.09383051097393036,0.6374105215072632,0.6402019262313843,-0.10576405376195908,0.6435393691062927,0.6500226855278015,-0.11217809468507767,0.8019482493400574,0.7289450168609619,-0.055913858115673065,0.6987349390983582,0.7168282270431519,-0.10071393102407455,0.6433134078979492,0.7155570983886719,-0.09488918632268906,0.6498472690582275,0.7137339115142822,-0.08679427951574326,0.7837895750999451,0.8191933035850525,-0.0655430257320404,0.7052268385887146,0.8081874251365662,-0.09669104218482971,0.6591780781745911,0.7948369979858398,-0.09391602128744125,0.6581829190254211,0.7843944430351257,-0.08750701695680618,thumbs_up,RRQ_p11,RRQ
0.701277494430542,0.8453533053398132,-4.78224023936491e-07,0.6814595460891724,0.6813162565231323,-0.031189648434519768,0.6688815951347351,0.530515730381012,-0.057997725903987885,0.6593452095985413,0.4246790409088135,-0.08002594113349915,0.6599026918411255,0.336665540933609,-0.0980684831738472,0.7413190007209778,0.5861080288887024,-0.06864659488201141,0.5787127017974854,0.5627679824829102,-0.11248094588518143,0.5983036756515503,0.5903483629226685,-0.13485127687454224,0.6503879427909851,0.5924829840660095,-0.14569927752017975,0.7301820516586304,0.7016933560371399,-0.075977623462677,0.5526159405708313,0.661389946937561,-0.1124696210026741,0.5955057144165039,0.674246072769165,-0.11869623512029648,0.6509539484977722,0.6817521452903748,-0.12606824934482574,0.7103849649429321,0.8016496896743774,-0.08535165339708328,0.5476741194725037,0.7554166316986084,-0.12219805270433426,0.587105929851532,0.7692631483078003,-0.11037950217723846,0.6406159400939941,0.7799078822135925,-0.10109139233827591,0.6863647103309631,0.8864648342132568,-0.09721154719591141,0.5639615654945374,0.8425530195236206,-0.12586574256420135,0.5956575274467468,0.8550777435302734,-0.11780695617198944,0.6475788950920105,0.8727751970291138,-0.10882259905338287,thumbs_up,RRQ_p11,RRQ
0.6533357501029968,0.7775595188140869,-4.2145810397187233e-08,0.6426583528518677,0.6147577166557312,-0.019563091918826103,0.6096927523612976,0.4914887547492981,-0.042523857206106186,0.56331467628479,0.38973888754844666,-0.058361902832984924,0.5381028652191162,0.3066823184490204,-0.06959682703018188,0.49248969554901123,0.573264479637146,-0.07176487892866135,0.42729368805885315,0.5015370845794678,-0.0782441645860672,0.47159072756767273,0.5008601546287537,-0.06963243335485458,0.511047899723053,0.5294796228408813,-0.061092060059309006,0.4615181088447571,0.6622329950332642,-0.06398336589336395,0.42553019523620605,0.5766347050666809,-0.05495603382587433,0.4661000967025757,0.573612630367279,-0.039398062974214554,0.4945816099643707,0.6000233292579651,-0.03576038405299187,0.4519472122192383,0.7363095879554749,-0.05225449055433273,0.42438074946403503,0.6574959754943848,-0.03774762526154518,0.4587501883506775,0.653977632522583,-0.01682741567492485,0.48930084705352783,0.6761728525161743,-0.011751442216336727,0.4537995159626007,0.7937885522842407,-0.04152592271566391,0.43060383200645447,0.7332594394683838,-0.029823817312717438,0.46116238832473755,0.7264590859413147,-0.01057379599660635,0.4878280758857727,0.7405280470848083,0.0009626451646909118,thumbs_up,RRQ_p11,RRQ
0.31053221225738525,0.5663166642189026,-5.4170747887383186e-08,0.3225703835487366,0.4618372619152069,-0.008106095716357231,0.29778486490249634,0.38069772720336914,-0.009929293766617775,0.2623085379600525,0.32335448265075684,-0.010440965183079243,0.2389238178730011,0.2774710953235626,-0.011072129011154175,0.19884426891803741,0.4241185188293457,0.008759072050452232,0.22416408360004425,0.3946250081062317,0.020389001816511154,0.25171715021133423,0.4062027633190155,0.01871856302022934,0.26230481266975403,0.4249628484249115,0.013938559219241142,0.1864660233259201,0.4786922335624695,0.013239379972219467,0.21518176794052124,0.44631052017211914,0.0329139269888401,0.24000613391399384,0.45081761479377747,0.029038596898317337,0.25328120589256287,0.4679790139198303,0.019130270928144455,0.19173507392406464,0.526333749294281,0.01871448941528797,0.2071932554244995,0.49322959780693054,0.034930210560560226,0.22906851768493652,0.4918280839920044,0.03545127436518669,0.24379104375839233,0.5051770210266113,0.0291388388723135,0.20293885469436646,0.5656350255012512,0.023439718410372734,0.21259841322898865,0.5368428826332092,0.03505226597189903,0.2311391681432724,0.5327602624893188,0.04264748468995094,0.2446591854095459,0.5431280732154846,0.045654889196157455,thumbs_up,RRQ_p11,RRQ
0.32368993759155273,0.7318606972694397,6.283625708647378e-08,0.3197331130504608,0.624080240726471,-0.014131094329059124,0.2913764417171478,0.5358403325080872,-0.02099885791540146,0.25258931517601013,0.46990352869033813,-0.024773959070444107,0.22778527438640594,0.4179002642631531,-0.028387608006596565,0.1825219988822937,0.5898513197898865,-0.0051756855100393295,0.19508209824562073,0.5375758409500122,0.008049528114497662,0.2314627468585968,0.5343843698501587,0.01156767550855875,0.2519122064113617,0.5475637912750244,0.010763517580926418,0.17211057245731354,0.6509803533554077,0.0028364306781440973,0.19421982765197754,0.598656415939331,0.02326963283121586,0.2249009907245636,0.5948981046676636,0.022107964381575584,0.24485819041728973,0.6096169352531433,0.013886366970837116,0.1798086166381836,0.7043301463127136,0.012362922541797161,0.1931215524673462,0.6590148210525513,0.030323738232254982,0.21844689548015594,0.653302788734436,0.03156996890902519,0.23860414326190948,0.6649807095527649,0.024894414469599724,0.19241797924041748,0.7500104308128357,0.02094973251223564,0.19974295794963837,0.7147443294525146,0.033482685685157776,0.22094696760177612,0.7072157859802246,0.04108324274420738,0.23832537233829498,0.7151363492012024,0.044071003794670105,thumbs_up,RRQ_p11,RRQ
0.852687656879425,0.7256118655204773,-3.094498310929339e-07,0.8363966345787048,0.5980024337768555,-0.004107974935323,0.7818113565444946,0.47431331872940063,-0.024724677205085754,0.7427279949188232,0.383928120136261,-0.04437878727912903,0.7263261079788208,0.303040474653244,-0.06509152799844742,0.7563084959983826,0.49026331305503845,-0.07591833174228668,0.6360805034637451,0.5040046572685242,-0.1072593703866005,0.6649754643440247,0.5198141932487488,-0.11662036180496216,0.7074329257011414,0.5178824067115784,-0.11843262612819672,0.7458547353744507,0.5844858288764954,-0.08744297921657562,0.63042813539505,0.5838735699653625,-0.11005360633134842,0.663976788520813,0.5958132147789001,-0.10087423771619797,0.7057003378868103,0.5985778570175171,-0.09653276950120926,0.736200213432312,0.6722209453582764,-0.0964307188987732,0.6344798803329468,0.655286967754364,-0.11372049897909164,0.6672175526618958,0.6657120585441589,-0.08902013301849365,0.7080873250961304,0.6700988411903381,-0.07386771589517593,0.7279530167579651,0.7513313889503479,-0.10472619533538818,0.6437792778015137,0.7224857807159424,-0.1159060075879097,0.6726561784744263,0.7283682823181152,-0.09596425294876099,0.7094512581825256,0.7365356683731079,-0.08101711422204971,thumbs_up,RRQ_p11,RRQ
0.8103543519973755,0.7333956956863403,-4.7360438770738256e-07,0.7554890513420105,0.5966877341270447,-0.04082227125763893,0.7461771965026855,0.4572996497154236,-0.06489542871713638,0.7597899436950684,0.35851162672042847,-0.07994890213012695,0.7715572714805603,0.2805611193180084,-0.09073171019554138,0.8443867564201355,0.4926674962043762,-0.08282620459794998,0.7184851169586182,0.5172951817512512,-0.11946440488100052,0.7271916270256042,0.5419811606407166,-0.13167943060398102,0.7654045820236206,0.5307418704032898,-0.136816143989563,0.8612114787101746,0.5832809805870056,-0.080082967877388,0.7086141109466553,0.602871835231781,-0.10912027209997177,0.7324718236923218,0.6084613800048828,-0.10346287488937378,0.774997353553772,0.6009411215782166,-0.1026684120297432,0.8576793074607849,0.6676259636878967,-0.08061795681715012,0.7153058052062988,0.677909791469574,-0.11196424812078476,0.7363405227661133,0.6812586784362793,-0.09703195840120316,0.7781922817230225,0.6785677075386047,-0.08646099269390106,0.8419228792190552,0.7395209670066833,-0.08473823964595795,0.7314816117286682,0.7430413961410522,-0.11131234467029572,0.7490842938423157,0.7455658316612244,-0.10880178213119507,0.7905436754226685,0.7465484142303467,-0.1048685684800148,thumbs_up,RRQ_p11,RRQ
0.8561481237411499,0.8032731413841248,-5.903231112824869e-07,0.7895733118057251,0.6145289540290833,-0.052617307752370834,0.7700209021568298,0.42697447538375854,-0.08310696482658386,0.778022825717926,0.29705336689949036,-0.10285060852766037,0.7938070893287659,0.19283735752105713,-0.11571183800697327,0.9058451652526855,0.47792935371398926,-0.09608440101146698,0.7216647267341614,0.49669042229652405,-0.14683659374713898,0.7372481822967529,0.5344746112823486,-0.16972948610782623,0.793874979019165,0.5281649231910706,-0.18197505176067352,0.9182347059249878,0.6058370471000671,-0.09564416855573654,0.703635573387146,0.618880569934845,-0.13673651218414307,0.7441008687019348,0.6306746006011963,-0.13948915898799896,0.8062868714332581,0.6249833703041077,-0.14681778848171234,0.9053957462310791,0.7237014174461365,-0.09998831152915955,0.7039607763290405,0.7339856624603271,-0.14177502691745758,0.7390140891075134,0.7446415424346924,-0.12979497015476227,0.7984395027160645,0.7452601194381714,-0.12173442542552948,0.8781468868255615,0.8269747495651245,-0.10942895710468292,0.7205142378807068,0.8346027135848999,-0.14141885936260223,0.7430756688117981,0.8374863862991333,-0.14083817601203918,0.7958583831787109,0.8385053873062134,-0.13911227881908417,thumbs_up,RRQ_p11,RRQ
0.5689413547515869,0.7647526264190674,-9.794982958055698e-08,0.5269283652305603,0.6034737825393677,-0.013760414905846119,0.48105761408805847,0.443011999130249,-0.05971843749284744,0.4909345805644989,0.3275972604751587,-0.10307198762893677,0.5408229231834412,0.2396944761276245,-0.15015161037445068,0.5044688582420349,0.5241864323616028,-0.15445056557655334,0.32315492630004883,0.5175040364265442,-0.20307672023773193,0.36392784118652344,0.5323302745819092,-0.21342161297798157,0.42401906847953796,0.5340587496757507,-0.21639059484004974,0.5024992823600769,0.6594153642654419,-0.17362026870250702,0.3115171790122986,0.6312665939331055,-0.21494004130363464,0.3611712157726288,0.6376933455467224,-0.200359508395195,0.42543017864227295,0.6526901721954346,-0.19578856229782104,0.4900749623775482,0.778342068195343,-0.18684804439544678,0.31177133321762085,0.7389898300170898,-0.2167065441608429,0.36123472452163696,0.7382391691207886,-0.180914506316185,0.42406192421913147,0.7486815452575684,-0.16049642860889435,0.46982690691947937,0.8796103000640869,-0.1998298019170761,0.336858868598938,0.8397883176803589,-0.2210243046283722,0.376606285572052,0.8289241790771484,-0.19545310735702515,0.4289287030696869,0.837186336517334,-0.1791946142911911,thumbs_up,RRQ_p11,RRQ
0.27259689569473267,0.6924332976341248,-3.392352141418087e-07,0.28739702701568604,0.572843074798584,-0.04952267184853554,0.2650110423564911,0.44646549224853516,-0.08049333095550537,0.22634653747081757,0.3377831280231476,-0.104108527302742,0.18382617831230164,0.24064266681671143,-0.12655408680438995,0.1470988243818283,0.5095086097717285,-0.0882185846567154,0.27912449836730957,0.5575738549232483,-0.12792104482650757,0.2849612832069397,0.5506454706192017,-0.15922003984451294,0.2548070251941681,0.5330594182014465,-0.18426233530044556,0.12741400301456451,0.6241198778152466,-0.08285439759492874,0.291414737701416,0.6519239544868469,-0.1024361252784729,0.2818710505962372,0.6352101564407349,-0.1127273291349411,0.23995739221572876,0.6246453523635864,-0.13275562226772308,0.13653460144996643,0.7247012853622437,-0.07981875538825989,0.29044365882873535,0.7421689629554749,-0.09498520940542221,0.288903146982193,0.7220215797424316,-0.0872989296913147,0.24972018599510193,0.7101279497146606,-0.09172088652849197,0.16065917909145355,0.8146436214447021,-0.08404143154621124,0.28539910912513733,0.8224018812179565,-0.09821458160877228,0.29067206382751465,0.8062145709991455,-0.09757765382528305,0.2628731429576874,0.8063746094703674,-0.10105083882808685,thumbs_up,RRQ_p11,RRQ
0.2374749779701233,0.7009772658348083,-3.8108305489004124e-07,0.26021328568458557,0.5908661484718323,-0.013074906542897224,0.28466495871543884,0.4861171543598175,-0.02804194949567318,0.2964507043361664,0.40149563550949097,-0.04195336252450943,0.2885113060474396,0.33478373289108276,-0.0529499314725399,0.2451716661453247,0.5010514259338379,-0.048360053449869156,0.339483380317688,0.49137288331985474,-0.0779620110988617,0.32822224497795105,0.5239437818527222,-0.09152022004127502,0.3004346489906311,0.5299817323684692,-0.10064727067947388,0.24311435222625732,0.5648337602615356,-0.05749814957380295,0.34970623254776,0.5540636777877808,-0.07877442240715027,0.3283681571483612,0.5739959478378296,-0.0778091624379158,0.2979832589626312,0.5757635831832886,-0.08283133059740067,0.24947550892829895,0.6249676942825317,-0.06779418140649796,0.34835174679756165,0.6113733053207397,-0.08475881814956665,0.32588106393814087,0.627781331539154,-0.07380679249763489,0.30030307173728943,0.6289234161376953,-0.07068942487239838,0.2617322504520416,0.6760177612304688,-0.0797637552022934,0.33770638704299927,0.6627252697944641,-0.08775952458381653,0.32080546021461487,0.6722221374511719,-0.08063500374555588,0.2954038083553314,0.6742504835128784,-0.0790354534983635,thumbs_up,RRQ_p11,RRQ
0.19985470175743103,0.6476870179176331,-2.6439329303684644e-07,0.22343803942203522,0.5437269806861877,-0.02210746891796589,0.23537565767765045,0.4491676688194275,-0.037740111351013184,0.23466436564922333,0.3769572377204895,-0.05113384500145912,0.22326266765594482,0.30748873949050903,-0.06247938051819801,0.1850750595331192,0.453403502702713,-0.048021938651800156,0.2909500300884247,0.47208574414253235,-0.07916079461574554,0.28599971532821655,0.49552464485168457,-0.09873749315738678,0.25344303250312805,0.49630671739578247,-0.11340174823999405,0.17873167991638184,0.520725429058075,-0.053687289357185364,0.29474544525146484,0.5345214009284973,-0.0771460011601448,0.27750641107559204,0.5454805493354797,-0.0822085365653038,0.2438707947731018,0.5426160097122192,-0.09114662557840347,0.1833767294883728,0.5872939825057983,-0.061296481639146805,0.28803035616874695,0.5934619307518005,-0.08116696029901505,0.27109211683273315,0.5978829264640808,-0.07211200147867203,0.24226361513137817,0.5939723253250122,-0.06874436885118484,0.194388747215271,0.647192656993866,-0.07227534055709839,0.27358609437942505,0.6469930410385132,-0.08928792178630829,0.2616884112358093,0.6402987837791443,-0.08677539229393005,0.2344793975353241,0.6377037763595581,-0.08529182523488998,thumbs_up,RRQ_p11,RRQ
0.2827737629413605,0.6837413907051086,5.809783374388644e-07,0.3247310221195221,0.6403578519821167,-0.025848621502518654,0.3509638011455536,0.5862186551094055,-0.04368824511766434,0.33354276418685913,0.5544202923774719,-0.06279132515192032,0.29655951261520386,0.539626955986023,-0.07934708893299103,0.3246994614601135,0.46111562848091125,-0.03401394933462143,0.33514443039894104,0.360898494720459,-0.06211645156145096,0.3411465883255005,0.3029540181159973,-0.07510235905647278,0.34005603194236755,0.25160372257232666,-0.08130018413066864,0.2740926742553711,0.4683767259120941,-0.040860529989004135,0.2479490339756012,0.38750341534614563,-0.07959005236625671,0.23016351461410522,0.3332999348640442,-0.09794773906469345,0.2102823555469513,0.2857956290245056,-0.10247880965471268,0.23537586629390717,0.5021716356277466,-0.04961071535944939,0.26583054661750793,0.5243297219276428,-0.09897936135530472,0.2982623279094696,0.5861367583274841,-0.10571997612714767,0.3116377890110016,0.6243276596069336,-0.09373467415571213,0.2094888687133789,0.54998779296875,-0.06016109138727188,0.2470957636833191,0.5840457081794739,-0.09415517747402191,0.2761785089969635,0.6252171397209167,-0.09416598826646805,0.2898668050765991,0.6489216089248657,-0.08341244608163834,peace_sign,RRQ_p11,RRQ
0.22768661379814148,0.6362370252609253,7.063766815917916e-07,0.20157095789909363,0.5466808080673218,0.00404796889051795,0.220260888338089,0.47520342469215393,-0.011448625475168228,0.2641589343547821,0.4306792616844177,-0.027354706078767776,0.30204856395721436,0.4139166474342346,-0.04376840218901634,0.20536038279533386,0.4399688243865967,-0.05329696461558342,0.20516431331634521,0.33339348435401917,-0.07978419214487076,0.2017143964767456,0.2633582055568695,-0.09623786807060242,0.20065239071846008,0.20803949236869812,-0.106429323554039,0.24766820669174194,0.4533112049102783,-0.06289668381214142,0.29506251215934753,0.3538956642150879,-0.0840669497847557,0.32990390062332153,0.2904704213142395,-0.09421741217374802,0.35624247789382935,0.24576137959957123,-0.10072789341211319,0.2887582778930664,0.4793638288974762,-0.06643208861351013,0.31126824021339417,0.44184914231300354,-0.06653197854757309,0.29813092947006226,0.45820167660713196,-0.04710562154650688,0.28300631046295166,0.4768122136592865,-0.03374340012669563,0.3218070864677429,0.5121257901191711,-0.07088014483451843,0.3323621451854706,0.4805881381034851,-0.05753094702959061,0.3196120262145996,0.4947330951690674,-0.03127008303999901,0.3105195164680481,0.5140016078948975,-0.011713618412613869,peace_sign,RRQ_p11,RRQ
0.20602574944496155,0.6353268027305603,7.187325650193088e-07,0.1919659674167633,0.5413370132446289,0.004941961262375116,0.21597883105278015,0.46170297265052795,-0.011484475806355476,0.2720247209072113,0.4200766086578369,-0.030785268172621727,0.309468537569046,0.4115367531776428,-0.04786955192685127,0.1841408908367157,0.426349937915802,-0.04442732408642769,0.18541806936264038,0.3225175738334656,-0.07042385637760162,0.17875094711780548,0.25488221645355225,-0.08420119434595108,0.17202171683311462,0.1992918848991394,-0.09414219856262207,0.2102658599615097,0.4450092017650604,-0.06285979598760605,0.2529390752315521,0.3503490686416626,-0.09927869588136673,0.2777283489704132,0.2847268283367157,-0.11750902235507965,0.2974024713039398,0.23501500487327576,-0.12810029089450836,0.24146750569343567,0.47510138154029846,-0.07621254026889801,0.30602046847343445,0.44692564010620117,-0.09438708424568176,0.29649195075035095,0.47108882665634155,-0.08046521991491318,0.27609437704086304,0.4866335093975067,-0.06768489629030228,0.27486753463745117,0.5096948742866516,-0.09056386351585388,0.3221493661403656,0.4867226183414459,-0.09076464921236038,0.31268030405044556,0.5103916525840759,-0.07138132303953171,0.29374000430107117,0.5242519974708557,-0.05594062805175781,peace_sign,RRQ_p11,RRQ
0.5087177753448486,0.6370644569396973,7.415255822706968e-07,0.5737970471382141,0.6464285850524902,-0.029353095218539238,0.6321027278900146,0.6249215602874756,-0.05107881501317024,0.652894139289856,0.5790477991104126,-0.07446520030498505,0.6381024718284607,0.5307255387306213,-0.09406532347202301,0.6730377674102783,0.5032029747962952,-0.04193112254142761,0.7419440746307373,0.43604347109794617,-0.0778781995177269,0.7821913957595825,0.3972551226615906,-0.09426853060722351,0.8129778504371643,0.3559684753417969,-0.10100829601287842,0.631611168384552,0.4562591314315796,-0.051091358065605164,0.6755734086036682,0.36023586988449097,-0.09846678376197815,0.7074892520904541,0.29668939113616943,-0.12009299546480179,0.730654239654541,0.23791418969631195,-0.12435586005449295,0.585482120513916,0.44324254989624023,-0.062444645911455154,0.612280547618866,0.5138762593269348,-0.11945690214633942,0.602820098400116,0.5927355289459229,-0.1268015205860138,0.5900652408599854,0.6320173144340515,-0.11168942600488663,0.5433669090270996,0.45757412910461426,-0.07603735476732254,0.5717058181762695,0.5341620445251465,-0.10976310819387436,0.5693981647491455,0.594337522983551,-0.10675866156816483,0.5622780323028564,0.6228048205375671,-0.09281165152788162,peace_sign,RRQ_p11,RRQ
0.5598143339157104,0.5917884707450867,7.872590686019976e-07,0.6314983367919922,0.606357991695404,-0.029676081612706184,0.6948110461235046,0.5876216292381287,-0.0527365505695343,0.7252917289733887,0.5455942153930664,-0.07776827365159988,0.7091009020805359,0.5016626119613647,-0.09830669313669205,0.7402158975601196,0.4599241614341736,-0.042751967906951904,0.812873899936676,0.3939734995365143,-0.08136040717363358,0.8545763492584229,0.35254696011543274,-0.09978196024894714,0.8880065083503723,0.31020432710647583,-0.10808178782463074,0.6984701156616211,0.4115433394908905,-0.053839486092329025,0.7505443692207336,0.319110631942749,-0.10474947839975357,0.7916982769966125,0.25763046741485596,-0.12852641940116882,0.8240506649017334,0.20205740630626678,-0.13434094190597534,0.6495203971862793,0.3984810709953308,-0.0671105682849884,0.6773647665977478,0.47977739572525024,-0.1265040636062622,0.6678726673126221,0.5635002255439758,-0.13268595933914185,0.6532423496246338,0.6078084111213684,-0.11610834300518036,0.603472888469696,0.41537290811538696,-0.08299881219863892,0.6335147023200989,0.49860069155693054,-0.11713826656341553,0.6322812438011169,0.558417558670044,-0.11281207203865051,0.6234585642814636,0.5850425362586975,-0.09780453145503998,peace_sign,RRQ_p11,RRQ
0.5342705845832825,0.5591944456100464,8.474989385831577e-07,0.6046698093414307,0.5684593319892883,-0.03424692153930664,0.6635071039199829,0.5454615354537964,-0.05996694043278694,0.6906481981277466,0.5000483989715576,-0.08680493384599686,0.6758286952972412,0.44711846113204956,-0.1087397113442421,0.7079893350601196,0.4130968749523163,-0.04992130398750305,0.7773078680038452,0.3363451361656189,-0.09130445867776871,0.8186490535736084,0.28960704803466797,-0.11057378351688385,0.851891040802002,0.24315057694911957,-0.1185251995921135,0.6631143689155579,0.3648252487182617,-0.058851659297943115,0.7089390158653259,0.26650047302246094,-0.11320637911558151,0.746825098991394,0.19929620623588562,-0.1382637768983841,0.7770546674728394,0.13961946964263916,-0.1438283920288086,0.6129575371742249,0.3529806137084961,-0.07006822526454926,0.6423842310905457,0.43786901235580444,-0.1327231228351593,0.6361756920814514,0.5248289704322815,-0.13951298594474792,0.6252157688140869,0.5717141628265381,-0.12205883115530014,0.5672709345817566,0.37017595767974854,-0.08411089330911636,0.5985798835754395,0.45274192094802856,-0.11977817863225937,0.6007296442985535,0.515136182308197,-0.11525795608758926,0.5954546928405762,0.5441728830337524,-0.09932020306587219,peace_sign,RRQ_p11,RRQ
0.3623722195625305,0.8724162578582764,6.013557936057623e-07,0.3942227363586426,0.7627382874488831,0.005450752098113298,0.4578559398651123,0.7130444645881653,0.004059744067490101,0.5184323191642761,0.7189962863922119,0.002519848756492138,0.550758421421051,0.7516357898712158,0.002362556289881468,0.4975489675998688,0.7311116456985474,-0.029777923598885536,0.5744214057922363,0.6532351970672607,-0.04364712908864021,0.6233463287353516,0.622439980506897,-0.051728904247283936,0.6620782017707825,0.6026116609573364,-0.05833902955055237,0.5246102213859558,0.7955634593963623,-0.03358839452266693,0.6238899827003479,0.7634556293487549,-0.048387426882982254,0.6825826168060303,0.7502759099006653,-0.057308390736579895,0.7245414853096008,0.7490656971931458,-0.06441627442836761,0.5304375886917114,0.8449323177337646,-0.032853156328201294,0.5935393571853638,0.8112736940383911,-0.03397456184029579,0.5674339532852173,0.7936374545097351,-0.019621916115283966,0.5376864075660706,0.7928938269615173,-0.00919988751411438,0.5266377329826355,0.8803349733352661,-0.0322890542447567,0.5604292750358582,0.8495209217071533,-0.030458761379122734,0.5415828227996826,0.8315394520759583,-0.018912537023425102,0.522030234336853,0.8258974552154541,-0.008798692375421524,peace_sign,RRQ_p11,RRQ
0.7915055751800537,0.8182010650634766,1.031036049425893e-06,0.8008909821510315,0.6814112663269043,-0.0031404891051352024,0.7409402132034302,0.5738325715065002,-0.031820595264434814,0.650235116481781,0.541786789894104,-0.05848359689116478,0.5818585753440857,0.5369471907615662,-0.08820974826812744,0.7809277176856995,0.5625974535942078,-0.09797142446041107,0.7625124454498291,0.4087410569190979,-0.14880813658237457,0.749144434928894,0.31122785806655884,-0.178595170378685,0.738895058631897,0.22987443208694458,-0.19569851458072662,0.7395234704017639,0.6208578944206238,-0.1098821610212326,0.6492641568183899,0.4684617519378662,-0.1515338271856308,0.5947576761245728,0.37665683031082153,-0.16796962916851044,0.5509588718414307,0.3076123893260956,-0.18217366933822632,0.6922037601470947,0.6843026876449585,-0.11404474824666977,0.6150645017623901,0.566648006439209,-0.14001116156578064,0.6451447606086731,0.591929018497467,-0.11383738368749619,0.6735743880271912,0.6307457685470581,-0.09137437492609024,0.6476680636405945,0.7429895401000977,-0.11720427125692368,0.5968783497810364,0.6371376514434814,-0.12793196737766266,0.626981258392334,0.659224808216095,-0.09847554564476013,0.6524989008903503,0.6937987804412842,-0.07334039360284805,peace_sign,RRQ_p11,RRQ
0.8009606599807739,0.8103199601173401,9.58617761170899e-07,0.8058813810348511,0.6769317388534546,-4.360899765742943e-05,0.7494593262672424,0.567559540271759,-0.02587560936808586,0.6612008213996887,0.5329347252845764,-0.05101316049695015,0.5941546559333801,0.5287190675735474,-0.07897062599658966,0.7842262983322144,0.5446701645851135,-0.08890297263860703,0.7615635395050049,0.39361777901649475,-0.13686685264110565,0.7493150234222412,0.29976603388786316,-0.1644289791584015,0.7392578721046448,0.22141334414482117,-0.17983022332191467,0.7426134943962097,0.6000866889953613,-0.1025339886546135,0.6567877531051636,0.45241254568099976,-0.14217989146709442,0.603275716304779,0.3648498058319092,-0.15888169407844543,0.559013843536377,0.30057835578918457,-0.17271429300308228,0.6960988640785217,0.6630526781082153,-0.1088612750172615,0.6174468398094177,0.5644859075546265,-0.13432011008262634,0.648701012134552,0.5921654105186462,-0.11280462890863419,0.6794886589050293,0.6271519660949707,-0.09325692802667618,0.6525328755378723,0.7227849364280701,-0.11402534693479538,0.5999758839607239,0.631973147392273,-0.12408896535634995,0.6290081143379211,0.6560364961624146,-0.09814320504665375,0.6551253795623779,0.6872367858886719,-0.0756589025259018,peace_sign,RRQ_p11,RRQ
0.4176501929759979,0.6410269737243652,9.925431641022442e-07,0.41036272048950195,0.5132612586021423,0.004085153806954622,0.35374873876571655,0.4368712604045868,-0.00924436841160059,0.2881247103214264,0.4405617415904999,-0.02400202862918377,0.23572078347206116,0.47322508692741394,-0.04034770280122757,0.34452107548713684,0.3827449083328247,-0.05000264570116997,0.283414363861084,0.2395637184381485,-0.07705717533826828,0.24329617619514465,0.1645725965499878,-0.08973955363035202,0.2085932493209839,0.10832014679908752,-0.09395913034677505,0.2931811511516571,0.43529587984085083,-0.0579708106815815,0.20007750391960144,0.3169669806957245,-0.07771345227956772,0.14096546173095703,0.2481188327074051,-0.08396089822053909,0.09401281177997589,0.1992514282464981,-0.08622339367866516,0.2532549798488617,0.4949440658092499,-0.06074512377381325,0.21511635184288025,0.4409593939781189,-0.06847818195819855,0.246127650141716,0.4608939588069916,-0.058658353984355927,0.27314481139183044,0.4940263032913208,-0.04669015482068062,0.22540655732154846,0.5496460199356079,-0.06315406411886215,0.21487988531589508,0.5026776790618896,-0.05739787593483925,0.24073264002799988,0.5096657872200012,-0.038548730313777924,0.26400288939476013,0.5280786752700806,-0.020969385281205177,peace_sign,RRQ_p11,RRQ
0.8370571732521057,0.7561815977096558,8.07401477231906e-07,0.8485022187232971,0.6223057508468628,0.0017465895507484674,0.8011708855628967,0.4998999834060669,-0.0180499404668808,0.7187087535858154,0.46510547399520874,-0.03858591243624687,0.6534366607666016,0.4701409637928009,-0.06262807548046112,0.8225628733634949,0.46761563420295715,-0.07035138458013535,0.7788524031639099,0.31174877285957336,-0.10566990822553635,0.7563762068748474,0.2225726842880249,-0.12446001917123795,0.7381584048271179,0.14816445112228394,-0.13518126308918,0.7745481729507446,0.5210962295532227,-0.08566948026418686,0.6915587782859802,0.37604379653930664,-0.11522176861763,0.6431211233139038,0.2907216548919678,-0.12743985652923584,0.6014428734779358,0.22569140791893005,-0.13818682730197906,0.7271140813827515,0.5822967290878296,-0.09494666755199432,0.6473966836929321,0.46904289722442627,-0.11654122918844223,0.6713470816612244,0.4901496171951294,-0.10305971652269363,0.6946962475776672,0.5262951850891113,-0.08980736881494522,0.6869620084762573,0.6405857801437378,-0.10305657237768173,0.6364151239395142,0.5473864078521729,-0.112987220287323,0.6585432291030884,0.5530868172645569,-0.09482836723327637,0.6799848675727844,0.5774072408676147,-0.07853911072015762,peace_sign,RRQ_p11,RRQ
0.6103785634040833,0.7560560703277588,9.417576620762702e-07,0.5993263721466064,0.6269622445106506,-0.00942927598953247,0.5434286594390869,0.5332778692245483,-0.03353895992040634,0.46951982378959656,0.49720072746276855,-0.052501510828733444,0.40950310230255127,0.5006108283996582,-0.0719328299164772,0.5402303338050842,0.5183204412460327,-0.10165263712406158,0.4679529368877411,0.38796234130859375,-0.1395999640226364,0.42240431904792786,0.3213901221752167,-0.1595737785100937,0.38038432598114014,0.26936838030815125,-0.17171406745910645,0.4962221682071686,0.5862197279930115,-0.1042737290263176,0.3932993412017822,0.48022985458374023,-0.13658912479877472,0.3283076882362366,0.4182865023612976,-0.14666013419628143,0.2749251425266266,0.37643635272979736,-0.1565159261226654,0.4575871527194977,0.6564940810203552,-0.09941023588180542,0.3851557672023773,0.5659768581390381,-0.10996943712234497,0.4194567799568176,0.5552896857261658,-0.08929310739040375,0.45459720492362976,0.5698630213737488,-0.07558739185333252,0.42991024255752563,0.7128525376319885,-0.09524110704660416,0.3960300385951996,0.6385760307312012,-0.09660948067903519,0.4228704869747162,0.629289448261261,-0.07930988073348999,0.4462294578552246,0.6387435793876648,-0.0656699389219284,peace_sign,RRQ_p11,RRQ
0.8049326539039612,0.720937192440033,8.674292644172965e-07,0.7440783381462097,0.6951952576637268,-0.03528403490781784,0.6865605711936951,0.6260804533958435,-0.06291491538286209,0.6969584226608276,0.5430499315261841,-0.09247222542762756,0.7385683059692383,0.48281991481781006,-0.11937114596366882,0.670566201210022,0.4608698785305023,-0.04469231888651848,0.6194310188293457,0.3515552878379822,-0.0878751128911972,0.590155303478241,0.284458190202713,-0.11226940900087357,0.5711268186569214,0.21944168210029602,-0.12653370201587677,0.7298070788383484,0.42603808641433716,-0.05372726544737816,0.7055631875991821,0.29495441913604736,-0.10115551203489304,0.6922386884689331,0.21059590578079224,-0.12633419036865234,0.6845999956130981,0.12799111008644104,-0.13534849882125854,0.7927367687225342,0.42980092763900757,-0.06602837145328522,0.7626817226409912,0.4640810191631317,-0.11760863661766052,0.7579529285430908,0.5659188628196716,-0.11604083329439163,0.7669770121574402,0.6184481978416443,-0.09827686101198196,0.8482666611671448,0.45876386761665344,-0.08201632648706436,0.8080843687057495,0.5084661245346069,-0.11243865638971329,0.8045254349708557,0.5787670612335205,-0.10138829052448273,0.8181448578834534,0.608430027961731,-0.08361978828907013,peace_sign,RRQ_p11,RRQ
0.8501654863357544,0.7183060646057129,9.58990653998626e-07,0.78667813539505,0.6831966638565063,-0.03935189172625542,0.7354239225387573,0.6108079552650452,-0.0701080858707428,0.7550183534622192,0.5346317887306213,-0.10199696570634842,0.803686261177063,0.4859389662742615,-0.1314278095960617,0.7243514060974121,0.45128658413887024,-0.055712513625621796,0.6812331676483154,0.33314529061317444,-0.10221415013074875,0.6570563912391663,0.2607548236846924,-0.12816695868968964,0.6408617496490479,0.18949472904205322,-0.14299766719341278,0.7902897596359253,0.41771215200424194,-0.06348031014204025,0.7766779661178589,0.28553128242492676,-0.11359286308288574,0.770585298538208,0.1962738037109375,-0.13947290182113647,0.7675150036811829,0.11079803109169006,-0.14879100024700165,0.8580822944641113,0.4242744743824005,-0.07428576797246933,0.8347962498664856,0.46555081009864807,-0.12782922387123108,0.8200815916061401,0.5675927996635437,-0.1275019645690918,0.8182206153869629,0.6282076239585876,-0.11014110594987869,0.9176377058029175,0.4555458128452301,-0.0892024040222168,0.8847390413284302,0.5099661946296692,-0.12055880576372147,0.8702055811882019,0.5822055339813232,-0.11011001467704773,0.8705551624298096,0.6225082278251648,-0.09250828623771667,peace_sign,RRQ_p11,RRQ
0.4935207664966583,0.7128831744194031,1.0352417803005665e-06,0.39997535943984985,0.715423047542572,-0.032033100724220276,0.326063871383667,0.6758416295051575,-0.06448149681091309,0.2917725443840027,0.6157177686691284,-0.10120240598917007,0.31470853090286255,0.555616557598114,-0.1338677704334259,0.3053053617477417,0.48973962664604187,-0.043675653636455536,0.23335547745227814,0.3933040499687195,-0.09044216573238373,0.18522165715694427,0.333426833152771,-0.11726823449134827,0.14848275482654572,0.278713583946228,-0.13423721492290497,0.3588866889476776,0.45017558336257935,-0.06049733608961105,0.2938683032989502,0.33867958188056946,-0.11816070228815079,0.24849140644073486,0.26125699281692505,-0.15143905580043793,0.21273812651634216,0.1851831078529358,-0.16629022359848022,0.4137991964817047,0.4523868262767792,-0.0799097865819931,0.3473203480243683,0.5228593349456787,-0.13377073407173157,0.36133426427841187,0.6157575845718384,-0.1264352649450302,0.3826054632663727,0.6485873460769653,-0.10546684265136719,0.457976758480072,0.4866684675216675,-0.10373254120349884,0.3963724374771118,0.5709335803985596,-0.13039524853229523,0.410704106092453,0.6316335797309875,-0.11427796632051468,0.43264150619506836,0.6441731452941895,-0.09404335170984268,peace_sign,RRQ_p11,RRQ
