x0,y0,z0,x1,y1,z1,x2,y2,z2,x3,y3,z3,x4,y4,z4,x5,y5,z5,x6,y6,z6,x7,y7,z7,x8,y8,z8,x9,y9,z9,x10,y10,z10,x11,y11,z11,x12,y12,z12,x13,y13,z13,x14,y14,z14,x15,y15,z15,x16,y16,z16,x17,y17,z17,x18,y18,z18,x19,y19,z19,x20,y20,z20,label,person_id,collector
0.6376790404319763,0.735052764415741,1.8872279383685966e-07,0.6718083620071411,0.6755170822143555,-0.0377838909626007,0.6971094012260437,0.5825580954551697,-0.0684486553072929,0.6826378703117371,0.5662729144096375,-0.0976736322045326,0.6526514291763306,0.6110386252403259,-0.1258250325918197,0.5820432305335999,0.5023173093795776,-0.0666661188006401,0.5535554885864258,0.4128860235214233,-0.1129984334111213,0.5374845266342163,0.3457291722297668,-0.1414261311292648,0.5197941064834595,0.2851488590240478,-0.1617680490016937,0.524291455745697,0.5427903532981873,-0.0691782534122467,0.5843505263328552,0.5997838973999023,-0.123198352754116,0.6350551843643188,0.6475991606712341,-0.1328206062316894,0.6441758275032043,0.6484127044677734,-0.1331638395786285,0.4975833594799042,0.6072207093238831,-0.0751430392265319,0.5735898017883301,0.6814732551574707,-0.1171807050704956,0.616054356098175,0.7008525133132935,-0.1036265864968299,0.6201732754707336,0.6835912466049194,-0.0897131636738777,0.4864240884780884,0.6727215647697449,-0.0863125398755073,0.5443084239959717,0.7273442149162292,-0.113481692969799,0.5837467908859253,0.7392875552177429,-0.1046722456812858,0.5887734889984131,0.7237763404846191,-0.0928927958011627,point,RRQ_p6,RRQ
0.4914669394493103,0.7450293898582458,4.644823263788568e-07,0.5448172688484192,0.7143626809120178,-0.0363355092704296,0.5993093252182007,0.6664296388626099,-0.0730825066566467,0.6413103342056274,0.6974142789840698,-0.1097714006900787,0.657866358757019,0.757465124130249,-0.146179512143135,0.5153597593307495,0.5966528058052063,-0.091384582221508,0.5217195153236389,0.5597603917121887,-0.1482216417789459,0.5199780464172363,0.4948199391365051,-0.1842973232269287,0.5239942073822021,0.434459388256073,-0.2062510550022125,0.4315113425254822,0.6142616271972656,-0.0918707400560379,0.5270740985870361,0.7695803642272949,-0.1354206055402755,0.5438126921653748,0.7513627409934998,-0.1330959647893905,0.5349615216255188,0.7110802531242371,-0.1277769953012466,0.3897300958633423,0.6763037443161011,-0.0959557071328163,0.4935981631278991,0.8214724063873291,-0.1246616765856742,0.5000817179679871,0.7868739366531372,-0.093646265566349,0.4865997433662414,0.7386811971664429,-0.0673639625310897,0.3677884638309479,0.7407222986221313,-0.1075389832258224,0.4505848884582519,0.8414930105209351,-0.1363148689270019,0.4603513479232788,0.819161057472229,-0.1251979023218155,0.4481570720672607,0.7804107666015625,-0.1076348200440406,point,RRQ_p6,RRQ
0.5019579529762268,0.7312412261962891,4.467230780846876e-07,0.5542063117027283,0.710207462310791,-0.035579964518547,0.6078789234161377,0.6675934791564941,-0.0706686004996299,0.6111018061637878,0.7160115242004395,-0.1045064181089401,0.5798118114471436,0.7793471813201904,-0.1381052136421203,0.5233913660049438,0.579460859298706,-0.0872750282287597,0.5354992151260376,0.5301089286804199,-0.1427941024303436,0.5400393605232239,0.4643701314926147,-0.1812833100557327,0.5410856604576111,0.3987852334976196,-0.208065927028656,0.43921560049057,0.5979959964752197,-0.0896423235535621,0.5395674109458923,0.7399963736534119,-0.138785570859909,0.5645238757133484,0.7424520254135132,-0.1467901021242141,0.5503481030464172,0.7047728896141052,-0.1497169137001037,0.3978143334388733,0.6578713655471802,-0.0948858186602592,0.506375253200531,0.7980985045433044,-0.1276628673076629,0.5226436257362366,0.7741315364837646,-0.1057109981775283,0.504830002784729,0.7226341366767883,-0.0879862233996391,0.3760715126991272,0.7225522994995117,-0.1065773963928222,0.4663636684417724,0.8201488256454468,-0.1388086378574371,0.4841416776180267,0.8065916299819946,-0.1325753778219223,0.4709634184837341,0.7701993584632874,-0.1204058602452278,point,RRQ_p6,RRQ
0.5047164559364319,0.8159217238426208,3.75061176782765e-07,0.5379072427749634,0.7782568335533142,-0.0308772083371877,0.5749910473823547,0.7232972383499146,-0.0670235976576805,0.5938289761543274,0.7507937550544739,-0.1050009801983833,0.5913000106811523,0.8103612065315247,-0.1425675004720688,0.4896263480186462,0.6412574648857117,-0.074707955121994,0.4740195274353027,0.5706850290298462,-0.1296727508306503,0.4611072242259979,0.5083003640174866,-0.1627402454614639,0.4464726448059082,0.4491814374923706,-0.1845854222774505,0.4227660894393921,0.6896548867225647,-0.0828832760453224,0.5251610279083252,0.7675430774688721,-0.1398179680109024,0.5648601055145264,0.798376202583313,-0.1455326676368713,0.5554865002632141,0.78501296043396,-0.1423865854740142,0.3988120853900909,0.7617834210395813,-0.0947519838809967,0.5165677070617676,0.8407542705535889,-0.1367537230253219,0.542852520942688,0.8406369090080261,-0.1144567877054214,0.5250702500343323,0.8144828081130981,-0.0934520587325096,0.3930721580982208,0.8318004608154297,-0.1120251715183258,0.4834024906158447,0.8869661092758179,-0.1436321288347244,0.5086754560470581,0.8879307508468628,-0.1320641785860061,0.4978178739547729,0.8715049624443054,-0.1156352534890174,point,RRQ_p6,RRQ
0.5802852511405945,0.5995801687240601,4.061107006236853e-07,0.6318145394325256,0.5037356615066528,-0.0202406290918588,0.67909836769104,0.4299957752227783,-0.0581069365143775,0.7236741781234741,0.4185577929019928,-0.0997176468372345,0.738132119178772,0.4690484404563904,-0.1431261897087097,0.6027030944824219,0.3497414588928222,-0.0860156714916229,0.616905152797699,0.2454418689012527,-0.1394258439540863,0.6229476928710938,0.159540057182312,-0.1720209419727325,0.6310675740242004,0.0899727046489715,-0.1952471137046814,0.554522693157196,0.3916544616222381,-0.1030006855726242,0.6821678876876831,0.4482708275318146,-0.1636160761117935,0.7067136168479919,0.5030839443206787,-0.1693525314331054,0.701328694820404,0.521349310874939,-0.1681976616382599,0.5332978367805481,0.4666735827922821,-0.1199596673250198,0.6703595519065857,0.5382201075553894,-0.163866326212883,0.6686518788337708,0.5537043213844299,-0.1460445076227188,0.6430288553237915,0.5405648350715637,-0.1301785558462143,0.5287750363349915,0.5445855259895325,-0.1408132463693618,0.6337354779243469,0.595749020576477,-0.1666216254234314,0.6345873475074768,0.6015678644180298,-0.1531313508749008,0.6091538071632385,0.5890693664550781,-0.1398488283157348,point,RRQ_p6,RRQ
0.4209717810153961,0.6206134557723999,3.120289306934865e-07,0.4483126103878021,0.5532635450363159,-0.0318977013230323,0.4736735820770263,0.4823050200939178,-0.0684798434376716,0.4968537092208862,0.4682449400424957,-0.1053522303700447,0.5010092258453369,0.5188436508178711,-0.1419968456029892,0.3752413690090179,0.4435364007949829,-0.0923751667141914,0.3241256773471832,0.3738411962985992,-0.1510651111602783,0.2853399217128753,0.3172447681427002,-0.1848307996988296,0.2500191628932953,0.2639242112636566,-0.2076144516468048,0.3221736550331116,0.5009109973907471,-0.0995029434561729,0.4281498193740845,0.533297598361969,-0.1622955203056335,0.4791311025619507,0.5504858493804932,-0.1649320870637893,0.4904446601867676,0.551574170589447,-0.1593179106712341,0.3112371265888214,0.5769848823547363,-0.1091946512460708,0.4412510991096496,0.6128056049346924,-0.1545492708683014,0.4628256261348724,0.6064615845680237,-0.1318162828683853,0.4464650452136993,0.5908098220825195,-0.1101930662989616,0.3186414837837219,0.6478305459022522,-0.1242003440856933,0.415324330329895,0.6704925298690796,-0.1563697308301925,0.4376102089881897,0.6609487533569336,-0.146041989326477,0.4248074293136596,0.6477311849594116,-0.1315000057220459,point,RRQ_p6,RRQ
0.4170130491256714,0.5304964780807495,2.768775289041514e-07,0.4370214343070984,0.4579408466815948,-0.0371379218995571,0.4550870060920715,0.386243999004364,-0.0844355300068855,0.465140163898468,0.3495601117610931,-0.1323892325162887,0.4596001505851745,0.3835025131702423,-0.1793204694986343,0.3477923572063446,0.3201888799667358,-0.1071375831961631,0.2701084613800049,0.2258098274469375,-0.1746467500925064,0.2230124771595001,0.1570943742990493,-0.207169622182846,0.1802859306335449,0.101257711648941,-0.2270243614912033,0.3002198040485382,0.3854621946811676,-0.1162012368440628,0.3694379925727844,0.3839063644409179,-0.194622203707695,0.4365677833557129,0.4254603981971741,-0.1955331414937973,0.4530931711196899,0.4427480399608612,-0.1846707463264465,0.2899368107318878,0.4622897803783417,-0.1276106685400009,0.3899091184139251,0.4833305478096008,-0.1881288588047027,0.4334058761596679,0.4984311461448669,-0.1606731116771698,0.4308930933475494,0.4982194900512695,-0.1322476416826248,0.2969086468219757,0.5346925258636475,-0.1439876109361648,0.3746855556964874,0.5515429973602295,-0.1786270141601562,0.4106419682502746,0.551255464553833,-0.1614808440208435,0.4054149091243744,0.5447443127632141,-0.1419234424829483,point,RRQ_p6,RRQ
0.5503838658332825,0.6402110457420349,4.0068050566333113e-07,0.591727614402771,0.5390775203704834,-0.020027820020914,0.6343147158622742,0.463267058134079,-0.0572576448321342,0.6807087659835815,0.4458127915859222,-0.0968900620937347,0.7092108726501465,0.4852528274059295,-0.1379719227552414,0.5636861324310303,0.4191538691520691,-0.0877083092927932,0.5559912919998169,0.3345823884010315,-0.1403455138206482,0.5442909598350525,0.2603245973587036,-0.1728279292583465,0.5356712937355042,0.202308177947998,-0.1958966255187988,0.5253238677978516,0.4708066284656524,-0.1050135195255279,0.6456347703933716,0.4954439401626587,-0.1615622043609619,0.6654955148696899,0.5314913988113403,-0.1651919484138488,0.6548497080802917,0.541417121887207,-0.1630788594484329,0.5112114548683167,0.5487024188041687,-0.1222843676805496,0.6449159383773804,0.5920910835266113,-0.1643415838479995,0.6376217603683472,0.5998162031173706,-0.1440059542655944,0.6059432029724121,0.5873056650161743,-0.1262502074241638,0.5107437372207642,0.6261106729507446,-0.143490731716156,0.6139510869979858,0.6566027402877808,-0.1706775873899459,0.6099177002906799,0.6544907689094543,-0.1569966673851013,0.5795634388923645,0.6400341391563416,-0.1436740756034851,point,RRQ_p6,RRQ
0.5512099862098694,0.6357879638671875,4.315201067583985e-07,0.5864183902740479,0.537903368473053,-0.0248652882874012,0.6234070062637329,0.4565253853797912,-0.0637991279363632,0.669944167137146,0.4333881735801697,-0.105110116302967,0.7071864008903503,0.4716037809848785,-0.1476514637470245,0.5478107929229736,0.4052731394767761,-0.0882300958037376,0.5377766489982605,0.3140518069267273,-0.1423335969448089,0.5283390283584595,0.2374559193849563,-0.1762848198413849,0.5217477083206177,0.175012469291687,-0.2006697803735733,0.5084190964698792,0.4591337740421295,-0.1046280264854431,0.6352963447570801,0.4788835644721985,-0.1679053455591201,0.6641421914100647,0.5163499712944031,-0.1773211359977722,0.6565956473350525,0.5295776128768921,-0.1777274012565612,0.4967843890190124,0.5380353927612305,-0.1212925463914871,0.6370728611946106,0.577127993106842,-0.1674627959728241,0.6344071626663208,0.5891674160957336,-0.1497761160135269,0.6015186905860901,0.5789614915847778,-0.1323638707399368,0.4987755119800567,0.6161802411079407,-0.1423964649438858,0.6044535636901855,0.6421125531196594,-0.1716654151678085,0.6030641198158264,0.6421623229980469,-0.1589959412813186,0.5717033743858337,0.6304284334182739,-0.1452246606349945,point,RRQ_p6,RRQ
0.6872562766075134,0.6450405716896057,1.4125926384167542e-07,0.6238130927085876,0.613878071308136,-0.1100931391119957,0.5849660038948059,0.5955145955085754,-0.198537990450859,0.5670654773712158,0.664546012878418,-0.2688481211662292,0.5795272588729858,0.7286294102668762,-0.3295495212078094,0.7081730365753174,0.5773295760154724,-0.2389896810054779,0.6919804215431213,0.5773417353630066,-0.3499620258808136,0.6651114821434021,0.577835738658905,-0.3961546719074249,0.6469554901123047,0.5813589096069336,-0.416837215423584,0.7523143291473389,0.6340263485908508,-0.2157750725746154,0.6546469926834106,0.7518965005874634,-0.3219877481460571,0.60759437084198,0.7532129287719727,-0.3257593214511871,0.6196345090866089,0.7252526879310608,-0.318030834197998,0.7687149047851562,0.6997824311256409,-0.198317751288414,0.6625858545303345,0.8019522428512573,-0.2758142054080963,0.6224976778030396,0.7793182730674744,-0.2354464381933212,0.631183385848999,0.7371565103530884,-0.1993647962808609,0.7716639041900635,0.7541816234588623,-0.1922099292278289,0.6884047985076904,0.8257802128791809,-0.2573641240596771,0.6534863114356995,0.8069931864738464,-0.2514286935329437,0.6546404957771301,0.7777919769287109,-0.2348237484693527,point,RRQ_p6,RRQ
0.6638743281364441,0.7415292263031006,-2.404823078450136e-07,0.6031801104545593,0.7237319946289062,-0.0783326178789138,0.562842845916748,0.6993688941001892,-0.1436109393835067,0.5560851097106934,0.7601507902145386,-0.1975921839475631,0.5767360925674438,0.8223784565925598,-0.247497096657753,0.6502180695533752,0.6315752267837524,-0.1731463372707367,0.6331347227096558,0.6107363700866699,-0.273475170135498,0.6105057597160339,0.592797577381134,-0.3266576826572418,0.5892279148101807,0.5802140831947327,-0.3528127372264862,0.710735023021698,0.6576911807060242,-0.1619843095541,0.6454759836196899,0.7933866381645203,-0.25147545337677,0.6018218994140625,0.8252020478248596,-0.2513306438922882,0.5979969501495361,0.8006690740585327,-0.239550843834877,0.7424706816673279,0.7182888984680176,-0.1586630791425705,0.6696323752403259,0.8498835563659668,-0.2302597910165786,0.6279204487800598,0.8470280170440674,-0.1954777687788009,0.6253457069396973,0.8055939674377441,-0.1603214591741562,0.75548255443573,0.7759428024291992,-0.1640154719352722,0.6967282295227051,0.8647844791412354,-0.2291565090417862,0.6625897884368896,0.8589067459106445,-0.2242265790700912,0.6601221561431885,0.8326675891876221,-0.2067255973815918,point,RRQ_p6,RRQ
0.4732536077499389,0.7136311531066895,3.609098371271102e-07,0.4065050482749939,0.7158589363098145,-0.122917428612709,0.3696580529212951,0.7095743417739868,-0.221438392996788,0.3816125690937042,0.7715177536010742,-0.3016083836555481,0.4112819731235504,0.8311867117881775,-0.3745882511138916,0.4666488170623779,0.5923069715499878,-0.2470301389694214,0.4751591086387634,0.5846073627471924,-0.3855199813842773,0.462162047624588,0.5983753204345703,-0.4574757814407348,0.4523873627185821,0.6182034611701965,-0.4914043247699737,0.5352513790130615,0.6233954429626465,-0.2216574698686599,0.4970887005329132,0.7858185768127441,-0.3525042533874511,0.4558667242527008,0.8427310585975647,-0.3683227002620697,0.4523556232452392,0.8266857862472534,-0.3627406656742096,0.5775113105773926,0.6844363808631897,-0.2052824646234512,0.5105475783348083,0.8368293046951294,-0.3021796345710754,0.4596685469150543,0.8498656749725342,-0.2630267143249511,0.4467511773109436,0.8074198365211487,-0.2207269221544265,0.599807620048523,0.7361519932746887,-0.2014737576246261,0.5374889373779297,0.844988226890564,-0.2749425172805786,0.4879300594329834,0.8499594330787659,-0.2651602923870086,0.4694073796272278,0.8188930153846741,-0.2412019520998001,point,RRQ_p6,RRQ
0.4728990793228149,0.8361954092979431,5.3244132658392125e-08,0.4418306350708008,0.7960101962089539,-0.0530421212315559,0.4445070028305053,0.7411991357803345,-0.0843019261956214,0.5011237263679504,0.7435027956962585,-0.1090326905250549,0.5529634356498718,0.7600756287574768,-0.1298597455024719,0.4939125180244446,0.6294808387756348,-0.0614760369062423,0.5120433568954468,0.5309359431266785,-0.0987546816468238,0.523886501789093,0.4690685272216797,-0.1224138960242271,0.5375505685806274,0.4125425815582275,-0.1408896595239639,0.5391591191291809,0.6522631645202637,-0.0555769875645637,0.5807621479034424,0.6404362916946411,-0.1067532077431678,0.550913393497467,0.7046469449996948,-0.1161065474152565,0.5260639190673828,0.7295392155647278,-0.1129268184304237,0.5669166445732117,0.689595639705658,-0.0554048642516136,0.6006978154182434,0.6959659457206726,-0.0996894091367721,0.5671952366828918,0.744708240032196,-0.0896690338850021,0.5434478521347046,0.7535688281059265,-0.0738712102174758,0.5833128690719604,0.7361420392990112,-0.0609142109751701,0.6126302480697632,0.7484471201896667,-0.0920672491192817,0.5854699611663818,0.7753626704216003,-0.0876936540007591,0.55852872133255,0.7752537131309509,-0.078440248966217,point,RRQ_p6,RRQ
0.4552618265151977,0.752856969833374,-1.4886212262865683e-08,0.425111711025238,0.7118276953697205,-0.0466792620718479,0.4290875792503357,0.6541382074356079,-0.0744932815432548,0.4836463928222656,0.6473802924156189,-0.097281664609909,0.5346192121505737,0.6601629257202148,-0.1165226250886917,0.4668623208999634,0.5481482744216919,-0.0540479496121406,0.4790877997875213,0.4483129680156708,-0.088435024023056,0.4865933358669281,0.3896745145320892,-0.1092197820544242,0.497467428445816,0.3342162668704986,-0.1251123696565628,0.509120762348175,0.567199170589447,-0.0500822030007839,0.5493347644805908,0.5526800751686096,-0.0996285900473594,0.5181018114089966,0.6096954941749573,-0.1094101518392562,0.4921046197414398,0.629460334777832,-0.1064851880073547,0.5365700125694275,0.6001481413841248,-0.0511415489017963,0.5690160393714905,0.6032156944274902,-0.0937263369560241,0.5347146987915039,0.6494014263153076,-0.0856850072741508,0.512779951095581,0.6557060480117798,-0.071221724152565,0.5557517409324646,0.6416949033737183,-0.0571210756897926,0.5808963775634766,0.6508861184120178,-0.0843743830919265,0.5534589290618896,0.67674720287323,-0.079712875187397,0.5300872921943665,0.6761924624443054,-0.0708228796720504,point,RRQ_p6,RRQ
0.2693078219890594,0.718079686164856,1.0313258691496683e-08,0.2312973141670227,0.6717140674591064,-0.046431515365839,0.2287671118974685,0.6069478392601013,-0.0743848979473114,0.2834894955158233,0.5993794202804565,-0.0975333824753761,0.3362354934215545,0.6140140295028687,-0.1179113164544105,0.2784685790538788,0.4991120398044586,-0.0548526905477047,0.2874714732170105,0.3983388841152191,-0.0913119241595268,0.2909322381019592,0.3362239003181457,-0.1142903044819831,0.2971307039260864,0.2793590426445007,-0.1318189650774002,0.3244858682155609,0.5227372646331787,-0.0523844435811042,0.3612067401409149,0.4984638690948486,-0.1057171449065208,0.3317796289920807,0.5613864660263062,-0.1173200532793998,0.3079622089862823,0.5925315618515015,-0.1141479834914207,0.3536797165870666,0.5607261061668396,-0.0548883564770221,0.3806662559509277,0.5578338503837585,-0.1009393408894538,0.3452892303466797,0.6101884841918945,-0.0925469994544982,0.3229200839996338,0.6271958351135254,-0.0762090161442756,0.3724762201309204,0.6072585582733154,-0.0622209869325161,0.3947056829929352,0.6094840168952942,-0.0928660780191421,0.3658274710178375,0.6409512758255005,-0.0876881927251815,0.3428669571876526,0.6486496925354004,-0.0772256776690483,point,RRQ_p6,RRQ
0.6573382019996643,0.7712708711624146,-4.357117973086133e-07,0.6223536729812622,0.7208715677261353,-0.013748799450695515,0.6022207140922546,0.6383978128433228,-0.023433085530996323,0.5936800837516785,0.58354252576828,-0.03570552542805672,0.5849142670631409,0.5325004458427429,-0.04609575495123863,0.6569441556930542,0.5644959211349487,0.00463695777580142,0.6425445079803467,0.5252095460891724,-0.02616880275309086,0.6169497966766357,0.5093444585800171,-0.04354168847203255,0.5940428972244263,0.5031549334526062,-0.05128905922174454,0.6912285089492798,0.5728449821472168,-0.004073053132742643,0.6675658822059631,0.5272336006164551,-0.036911118775606155,0.6402626037597656,0.5933752059936523,-0.03999265655875206,0.6460287570953369,0.6224937438964844,-0.03205332159996033,0.723609983921051,0.5981612801551819,-0.01885947212576866,0.6942834854125977,0.571579098701477,-0.053311366587877274,0.668526828289032,0.6339359283447266,-0.04101916775107384,0.6779198050498962,0.6552879810333252,-0.022801915183663368,0.7547803521156311,0.6360933184623718,-0.035591136664152145,0.7300541400909424,0.6107596755027771,-0.05457707867026329,0.7018380165100098,0.6503337621688843,-0.04249907657504082,0.7012180089950562,0.6696993112564087,-0.027999071404337883,pinch,RRQ_p6,RRQ
0.5632213354110718,0.729303240776062,-5.175421051717422e-07,0.4825330674648285,0.6040124893188477,-0.004047430120408535,0.3941900134086609,0.501662015914917,-0.013578367419540882,0.30644071102142334,0.4600263237953186,-0.023903796449303627,0.23328694701194763,0.4383780062198639,-0.03744569048285484,0.43091386556625366,0.41540855169296265,-0.020001569762825966,0.3137062191963196,0.41099873185157776,-0.04031360149383545,0.2394094169139862,0.42626333236694336,-0.05759727954864502,0.18920978903770447,0.4433775246143341,-0.07023369520902634,0.45028647780418396,0.4679926335811615,-0.03014981932938099,0.3150731921195984,0.4834423065185547,-0.04398338869214058,0.2447911500930786,0.5183078646659851,-0.05803963914513588,0.20279094576835632,0.5504859089851379,-0.07394669204950333,0.46704941987991333,0.5402737259864807,-0.04024447128176689,0.340478777885437,0.552058219909668,-0.05799228698015213,0.2774771451950073,0.5792408585548401,-0.06854859739542007,0.24189980328083038,0.6065433025360107,-0.07841365784406662,0.48043787479400635,0.6215808987617493,-0.049312837421894073,0.3844292163848877,0.6162509918212891,-0.06898589432239532,0.3350706696510315,0.6246079802513123,-0.0749410092830658,0.30531859397888184,0.6394532918930054,-0.07848280668258667,pinch,RRQ_p6,RRQ
0.4873049855232239,0.6522843837738037,-5.146711146153393e-07,0.47469180822372437,0.5821381211280823,-0.023982927203178406,0.48135143518447876,0.4988335072994232,-0.04443933442234993,0.4899703860282898,0.44146057963371277,-0.06530731171369553,0.4983904957771301,0.3895163834095001,-0.08227641135454178,0.5829322338104248,0.4563744068145752,-0.014401094987988472,0.5710833072662354,0.4068882465362549,-0.05423897132277489,0.5466869473457336,0.3855099678039551,-0.07477187365293503,0.5181592702865601,0.3797127604484558,-0.08299233019351959,0.6115255355834961,0.48991963267326355,-0.021008266136050224,0.5742884278297424,0.4523826241493225,-0.06092847138643265,0.5212628841400146,0.49936795234680176,-0.06398741155862808,0.5145148038864136,0.5250604152679443,-0.05574161931872368,0.6260729432106018,0.537277102470398,-0.034584034234285355,0.5752507448196411,0.5110253691673279,-0.07229474931955338,0.5319737195968628,0.5508813261985779,-0.057774126529693604,0.5353735685348511,0.5713585615158081,-0.03900241479277611,0.6299777030944824,0.5908700823783875,-0.051542721688747406,0.5882424712181091,0.5649603009223938,-0.0727076381444931,0.5524653196334839,0.5861745476722717,-0.06105960160493851,0.5541321039199829,0.6003581285476685,-0.04656485095620155,pinch,RRQ_p6,RRQ
0.4882977306842804,0.6463705897331238,-4.3827589024658664e-07,0.4734703600406647,0.5679126977920532,-0.02614428475499153,0.4791373610496521,0.48693394660949707,-0.051772892475128174,0.4887404143810272,0.43172499537467957,-0.07863219082355499,0.4971237778663635,0.37544888257980347,-0.10148812085390091,0.5825729966163635,0.44715479016304016,-0.020339438691735268,0.5696125030517578,0.3968747556209564,-0.06696853786706924,0.5448473691940308,0.37515318393707275,-0.08923032879829407,0.515882134437561,0.3704923689365387,-0.0973026230931282,0.6101214289665222,0.482555091381073,-0.02868938259780407,0.5745436549186707,0.44312071800231934,-0.07467080652713776,0.5207445025444031,0.4924803376197815,-0.0754363015294075,0.5168847441673279,0.5170344710350037,-0.06410453468561172,0.6246795058250427,0.5298342704772949,-0.04509858414530754,0.5733826756477356,0.5013493895530701,-0.08805059641599655,0.5297399163246155,0.5429922938346863,-0.07035171985626221,0.5347114205360413,0.5624737739562988,-0.048577554523944855,0.6284050345420837,0.5809273719787598,-0.06526938080787659,0.5844241976737976,0.5568532347679138,-0.09008906036615372,0.5498887896537781,0.5795185565948486,-0.07792023569345474,0.5543277859687805,0.5937755107879639,-0.062499165534973145,pinch,RRQ_p6,RRQ
0.648520827293396,0.6858632564544678,-6.281498485805059e-07,0.6184213161468506,0.6080601215362549,-0.018201014026999474,0.6101428866386414,0.5073646306991577,-0.03217952698469162,0.6100968718528748,0.4399438500404358,-0.048127662390470505,0.6089538931846619,0.3787938952445984,-0.06059557944536209,0.7012909054756165,0.4326360523700714,-0.002382136881351471,0.6862902641296387,0.3835070729255676,-0.04088416323065758,0.6568618416786194,0.3635997176170349,-0.06240858882665634,0.6260760426521301,0.35752612352371216,-0.07205812633037567,0.7395818829536438,0.4540961980819702,-0.011491714045405388,0.6953649520874023,0.4256249666213989,-0.05224636197090149,0.6526458859443665,0.498992383480072,-0.05766255408525467,0.6525133848190308,0.5341513752937317,-0.050942372530698776,0.7674511671066284,0.49620145559310913,-0.027550768107175827,0.7116944789886475,0.4838666617870331,-0.06684869527816772,0.6754591464996338,0.5456059575080872,-0.053338244557380676,0.6843692064285278,0.5687586069107056,-0.03469281271100044,0.7866736054420471,0.5503654479980469,-0.0465267114341259,0.7394933700561523,0.5342472195625305,-0.06810037046670914,0.7064498662948608,0.5718748569488525,-0.05615076422691345,0.7112235426902771,0.5881105661392212,-0.04150182381272316,pinch,RRQ_p6,RRQ
0.2736741304397583,0.6760322451591492,-5.389610464590078e-07,0.23934654891490936,0.5992043018341064,-0.02772572450339794,0.22775708138942719,0.5030590891838074,-0.05075616389513016,0.22568286955356598,0.43733862042427063,-0.0745125487446785,0.21735796332359314,0.3748708963394165,-0.09370534121990204,0.3275921046733856,0.42074093222618103,-0.013911350630223751,0.30605417490005493,0.3791523575782776,-0.058764513581991196,0.2758542597293854,0.3604575991630554,-0.08103273808956146,0.2443038523197174,0.35602712631225586,-0.08973724395036697,0.3651812672615051,0.44353729486465454,-0.02123788371682167,0.31370875239372253,0.4250154495239258,-0.06530371308326721,0.26953527331352234,0.49768972396850586,-0.06715203821659088,0.27280718088150024,0.5214188694953918,-0.05703096091747284,0.391231507062912,0.4878274202346802,-0.036994438618421555,0.3290926218032837,0.4877948760986328,-0.07950904965400696,0.2934109568595886,0.548618495464325,-0.061890099197626114,0.30447641015052795,0.5636054277420044,-0.04002780839800835,0.4069558382034302,0.5425542593002319,-0.056865353137254715,0.3553925156593323,0.5381834506988525,-0.08044466376304626,0.3243156373500824,0.5766280293464661,-0.0672135278582573,0.33285611867904663,0.5880393385887146,-0.05109415203332901,pinch,RRQ_p6,RRQ
0.3278147280216217,0.7727919816970825,-3.3159045642605633e-07,0.3171229958534241,0.7089620232582092,-0.03112519532442093,0.3276965320110321,0.6369696259498596,-0.05388366058468819,0.34219443798065186,0.5894484519958496,-0.07571817934513092,0.36521098017692566,0.5559426546096802,-0.0936373695731163,0.4066433906555176,0.594977080821991,-0.02472107671201229,0.4343935251235962,0.5520325899124146,-0.06075026094913483,0.4213826358318329,0.5432670712471008,-0.08239942044019699,0.39301416277885437,0.5481961965560913,-0.09168757498264313,0.43493664264678955,0.6343738436698914,-0.02603800594806671,0.45934292674064636,0.5919457674026489,-0.06829813867807388,0.4088067412376404,0.6243039965629578,-0.08033347874879837,0.366960346698761,0.6520139575004578,-0.07760883867740631,0.4556181728839874,0.6840524673461914,-0.03292279317975044,0.4952695369720459,0.6404553651809692,-0.0730520486831665,0.4510138928890228,0.6669669151306152,-0.06933765858411789,0.40927761793136597,0.6924610137939453,-0.05613657459616661,0.4668958783149719,0.7429529428482056,-0.04238031059503555,0.49824732542037964,0.7209042906761169,-0.07532813400030136,0.4613102078437805,0.7293230891227722,-0.07388371974229813,0.4229951798915863,0.7387727499008179,-0.06400902569293976,pinch,RRQ_p6,RRQ
0.5208147764205933,0.7028956413269043,-2.77276882343358e-07,0.5121912360191345,0.64687180519104,-0.023617349565029144,0.5209976434707642,0.5849534869194031,-0.0407743975520134,0.5354161262512207,0.5441886782646179,-0.057667676359415054,0.5593911409378052,0.5182725191116333,-0.07143952697515488,0.5851719379425049,0.552118718624115,-0.016638057306408882,0.6083523035049438,0.5133612155914307,-0.045357540249824524,0.6017216444015503,0.5044740438461304,-0.06317681074142456,0.5821744799613953,0.5097552537918091,-0.07094071805477142,0.6096599102020264,0.5842176079750061,-0.018053729087114334,0.6294556260108948,0.5462067127227783,-0.05222921818494797,0.5892557501792908,0.5738112330436707,-0.06283026188611984,0.5551227927207947,0.5994002819061279,-0.06127818673849106,0.6286826133728027,0.6255000233650208,-0.0238923579454422,0.6624749898910522,0.5844160914421082,-0.05639243498444557,0.6267146468162537,0.6057587265968323,-0.053990330547094345,0.5925161242485046,0.6289916634559631,-0.04355216398835182,0.640110969543457,0.6746906042098999,-0.03160232678055763,0.6682210564613342,0.6511439085006714,-0.05769140273332596,0.6385166645050049,0.6568419337272644,-0.05637615919113159,0.6066849827766418,0.6665293574333191,-0.048276137560606,pinch,RRQ_p6,RRQ
0.2864008843898773,0.5733742117881775,-5.659130692947656e-07,0.2861364483833313,0.5069125294685364,-0.007128615863621235,0.3061561584472656,0.4316149950027466,-0.01504555158317089,0.3150126338005066,0.3787085711956024,-0.026446448639035225,0.31290045380592346,0.3268928825855255,-0.03789195790886879,0.38515132665634155,0.4349445402622223,0.004032793454825878,0.3835051357746124,0.38052070140838623,-0.023712527006864548,0.35943636298179626,0.346352219581604,-0.0457979254424572,0.33395442366600037,0.3207162916660309,-0.058095697313547134,0.4004601240158081,0.46509405970573425,-0.004976791795343161,0.38682475686073303,0.4006442725658417,-0.034379903227090836,0.34026283025741577,0.41233423352241516,-0.04581979662179947,0.31208130717277527,0.43485939502716064,-0.04805458337068558,0.40597403049468994,0.5032614469528198,-0.018266946077346802,0.39972761273384094,0.43870970606803894,-0.04911106824874878,0.3519779145717621,0.44182705879211426,-0.048985254019498825,0.3203585147857666,0.45851191878318787,-0.0414932444691658,0.403374046087265,0.5478516221046448,-0.03231019154191017,0.39740920066833496,0.4961060881614685,-0.05565822124481201,0.3602839410305023,0.48240721225738525,-0.055582065135240555,0.3311970829963684,0.48463210463523865,-0.050299305468797684,pinch,RRQ_p6,RRQ
0.17724168300628662,0.5957174301147461,2.3068490406785713e-07,0.24753564596176147,0.5545758008956909,-0.01544368639588356,0.3103637993335724,0.47545725107192993,-0.03274484723806381,0.3679617643356323,0.42855599522590637,-0.055325161665678024,0.42051875591278076,0.38186517357826233,-0.07569193840026855,0.2515025734901428,0.32617631554603577,0.010900221765041351,0.3236635625362396,0.3096398711204529,-0.03399675711989403,0.374998539686203,0.32871517539024353,-0.06539275497198105,0.41446492075920105,0.3487878441810608,-0.0826684981584549,0.21100252866744995,0.311538964509964,-0.00444445526227355,0.3082342743873596,0.2928389012813568,-0.0633145123720169,0.31734347343444824,0.4007778763771057,-0.08053486794233322,0.3037611246109009,0.4562165439128876,-0.07583339512348175,0.17113392055034637,0.3177066743373871,-0.026556218042969704,0.2676214277744293,0.33567458391189575,-0.0839858129620552,0.26098963618278503,0.4440852105617523,-0.07647012919187546,0.23148615658283234,0.4801937937736511,-0.05395592004060745,0.13397574424743652,0.3412414789199829,-0.050688937306404114,0.21436920762062073,0.36802950501441956,-0.08334968984127045,0.21373111009597778,0.4433235824108124,-0.07108841836452484,0.18692094087600708,0.4650576412677765,-0.051936931908130646,pinch,RRQ_p6,RRQ
0.3308646082878113,0.5543683171272278,1.4821630145434028e-07,0.3861452341079712,0.5054886937141418,-0.01999432034790516,0.4288674294948578,0.4141268730163574,-0.037445783615112305,0.46497881412506104,0.3473871052265167,-0.0576464906334877,0.499422550201416,0.28690823912620544,-0.07573806494474411,0.35114017128944397,0.28783586621284485,-0.0019349756184965372,0.39319151639938354,0.24863648414611816,-0.041065581142902374,0.4356808662414551,0.24387140572071075,-0.06777013838291168,0.4727659225463867,0.24976643919944763,-0.08197195082902908,0.3100922703742981,0.2840375602245331,-0.010366564616560936,0.38477757573127747,0.2693116068840027,-0.06050177291035652,0.4101979732513428,0.36450523138046265,-0.07346675544977188,0.40997314453125,0.4211968779563904,-0.06823724508285522,0.27388089895248413,0.30568522214889526,-0.024715036153793335,0.3509289622306824,0.31963521242141724,-0.07302770018577576,0.36501169204711914,0.40918654203414917,-0.06685452908277512,0.35188695788383484,0.4472450017929077,-0.0483902208507061,0.24248409271240234,0.34365883469581604,-0.041487857699394226,0.31166523694992065,0.367974191904068,-0.06883874535560608,0.32451915740966797,0.42966634035110474,-0.06085982546210289,0.30917271971702576,0.4520070254802704,-0.046295810490846634,pinch,RRQ_p6,RRQ
0.4975850284099579,0.7032542824745178,-4.120994390177657e-08,0.5334603786468506,0.631976842880249,-0.021064862608909607,0.5443803071975708,0.5360684990882874,-0.036956194788217545,0.5562974214553833,0.4647698402404785,-0.05505632236599922,0.5712519288063049,0.4046308696269989,-0.07015477120876312,0.45048633217811584,0.4461369812488556,-0.008468029089272022,0.4733240306377411,0.39493170380592346,-0.04914398863911629,0.5103942155838013,0.3880968689918518,-0.0752827376127243,0.544805109500885,0.3885534703731537,-0.08825432509183884,0.40918636322021484,0.46732836961746216,-0.014966700226068497,0.46866920590400696,0.4486715793609619,-0.06098777428269386,0.5075576305389404,0.5211578607559204,-0.07231033593416214,0.5154436826705933,0.5586820840835571,-0.06838500499725342,0.382010817527771,0.5111672282218933,-0.0275860708206892,0.45551884174346924,0.5232664942741394,-0.07088316977024078,0.4839726984500885,0.5868515372276306,-0.06701548397541046,0.47918087244033813,0.6092134118080139,-0.05260363593697548,0.36510923504829407,0.5656219720840454,-0.043021783232688904,0.43097934126853943,0.586216926574707,-0.06683560460805893,0.45705699920654297,0.6258924007415771,-0.06180717796087265,0.45002496242523193,0.6362573504447937,-0.050505973398685455,pinch,RRQ_p6,RRQ
0.33488988876342773,0.6534188985824585,9.411586887608792e-08,0.36052578687667847,0.5872289538383484,-0.02020285278558731,0.3626144230365753,0.493791401386261,-0.03458809852600098,0.36481544375419617,0.423377126455307,-0.05081836134195328,0.3675291836261749,0.36116868257522583,-0.06505776941776276,0.27687978744506836,0.43795907497406006,-0.0012478722492232919,0.2895064949989319,0.3870384693145752,-0.03422608599066734,0.3158111870288849,0.3605266213417053,-0.05496997758746147,0.3437688648700714,0.3446683883666992,-0.06535012274980545,0.24399548768997192,0.45988351106643677,-0.006559425499290228,0.28177565336227417,0.40507543087005615,-0.049437277019023895,0.325321763753891,0.4699863791465759,-0.05767185613512993,0.33912646770477295,0.5135719180107117,-0.0502416230738163,0.21997183561325073,0.495993435382843,-0.017693307250738144,0.26866811513900757,0.46297645568847656,-0.06036147475242615,0.30588558316230774,0.5223046541213989,-0.053130704909563065,0.308571994304657,0.5562719702720642,-0.03511539846658707,0.20368847250938416,0.5431354641914368,-0.031076204031705856,0.25417861342430115,0.5222035050392151,-0.05680851265788078,0.28462669253349304,0.558062732219696,-0.049848366528749466,0.282270610332489,0.5799166560173035,-0.03658611699938774,pinch,RRQ_p6,RRQ
0.42328301072120667,0.5949548482894897,3.1858984783639244e-08,0.44507336616516113,0.5459791421890259,-0.005634925793856382,0.45293018221855164,0.48553892970085144,-0.013274086639285088,0.46248501539230347,0.4410088062286377,-0.02377619408071041,0.4722936749458313,0.3997184634208679,-0.03300236910581589,0.39173614978790283,0.4406096935272217,0.004660799168050289,0.41409045457839966,0.40471166372299194,-0.015165608376264572,0.43890637159347534,0.3947703242301941,-0.02829519845545292,0.4606339633464813,0.39044180512428284,-0.03552586957812309,0.3711678981781006,0.4501664340496063,-0.0026877655182033777,0.41380417346954346,0.41814497113227844,-0.027368009090423584,0.4387091398239136,0.46288421750068665,-0.032680220901966095,0.44336751103401184,0.4893800914287567,-0.029731854796409607,0.3586816191673279,0.46915414929389954,-0.013154249638319016,0.40751734375953674,0.44825249910354614,-0.036769602447748184,0.42480719089508057,0.4922293424606323,-0.03210287168622017,0.4207324683666229,0.5141741037368774,-0.022334428504109383,0.3527735471725464,0.4943707585334778,-0.02471468597650528,0.3962981700897217,0.4835144281387329,-0.03736858069896698,0.4096655249595642,0.5125497579574585,-0.03218529373407364,0.40303829312324524,0.5276662111282349,-0.024512778967618942,pinch,RRQ_p6,RRQ
0.5960143208503723,0.5480612516403198,4.531195330059745e-08,0.6202186942100525,0.5060150623321533,-0.007879742421209812,0.6327793598175049,0.4466344714164734,-0.015547181479632854,0.6453638672828674,0.40346500277519226,-0.025476530194282532,0.659328818321228,0.36468982696533203,-0.03431538864970207,0.58055579662323,0.39489293098449707,0.003281939774751663,0.6009811162948608,0.3646438419818878,-0.016123836860060692,0.6242414116859436,0.356081485748291,-0.02879047952592373,0.6445425748825073,0.3531420826911926,-0.03557118773460388,0.5583418011665344,0.4013946056365967,-0.0025652796030044556,0.5968477129936218,0.3749734163284302,-0.02729204297065735,0.6179217100143433,0.42320024967193604,-0.032152291387319565,0.6205452680587769,0.452551007270813,-0.028489019721746445,0.5419119000434875,0.4186451733112335,-0.011696439236402512,0.5872957110404968,0.40566131472587585,-0.03623795509338379,0.6012504696846008,0.4516085386276245,-0.031844161450862885,0.595487117767334,0.4743290841579437,-0.021692708134651184,0.530563473701477,0.4437238872051239,-0.02194751799106598,0.572293221950531,0.4392715096473694,-0.035577353090047836,0.5840568542480469,0.4696103632450104,-0.030840342864394188,0.5763932466506958,0.4844524562358856,-0.02318388596177101,pinch,RRQ_p6,RRQ
0.4362397789955139,0.6640278100967407,-2.0427452795956924e-07,0.45168471336364746,0.5711876153945923,-0.014711016789078712,0.46030306816101074,0.4738192558288574,-0.03072097711265087,0.4722863435745239,0.40619075298309326,-0.04563760757446289,0.47869637608528137,0.382540762424469,-0.0564001239836216,0.3946622610092163,0.4533623456954956,-0.049233756959438324,0.48859450221061707,0.41107138991355896,-0.07721476256847382,0.4987177550792694,0.4571799635887146,-0.0830642580986023,0.4785104990005493,0.4752242863178253,-0.08609006553888321,0.3995622396469116,0.5036766529083252,-0.05741460993885994,0.5111632943153381,0.47090989351272583,-0.08627375215291977,0.5093467831611633,0.5184511542320251,-0.08279722183942795,0.4869040548801422,0.5286411643028259,-0.08040713518857956,0.4169369339942932,0.5558320879936218,-0.0664956122636795,0.5220449566841125,0.5259800553321838,-0.0903194397687912,0.5134872198104858,0.5648152232170105,-0.07966732233762741,0.4911332130432129,0.572146475315094,-0.07230900228023529,0.44064632058143616,0.6035158634185791,-0.07709619402885437,0.5227110385894775,0.5736668109893799,-0.09110242873430252,0.5132361650466919,0.5966375470161438,-0.08746572583913803,0.48932722210884094,0.6055482029914856,-0.0848497822880745,fist,RRQ_p6,RRQ
0.3532690703868866,0.8247388005256653,-4.708608685177751e-07,0.41649678349494934,0.7857314348220825,-0.01557815819978714,0.47111690044403076,0.7136840224266052,-0.02351437136530876,0.5042798519134521,0.6521477699279785,-0.03319160267710686,0.49962544441223145,0.5954613089561462,-0.03763660416007042,0.4185692071914673,0.5956652760505676,-0.0024043277371674776,0.4738418161869049,0.5910954475402832,-0.033610474318265915,0.46613186597824097,0.661841869354248,-0.04599916934967041,0.44831082224845886,0.6815094351768494,-0.048835389316082,0.3838331401348114,0.5881727337837219,-0.0074529186822474,0.44358593225479126,0.6233484745025635,-0.03845628350973129,0.42750588059425354,0.7045043110847473,-0.0422280915081501,0.40680035948753357,0.7033362984657288,-0.037299077957868576,0.35131940245628357,0.5993896722793579,-0.017606880515813828,0.40909889340400696,0.6388027667999268,-0.05147821828722954,0.3953050673007965,0.7124110460281372,-0.043716102838516235,0.3755444884300232,0.7129817008972168,-0.029507244005799294,0.3201592266559601,0.6198875904083252,-0.02902267314493656,0.37282538414001465,0.6429307460784912,-0.04706184193491936,0.36911332607269287,0.6947580575942993,-0.03732869774103165,0.3508094251155853,0.702305257320404,-0.023683888837695122,fist,RRQ_p6,RRQ
0.5171104073524475,0.7490889430046082,-3.907966572569421e-07,0.574706494808197,0.7042137980461121,-0.0074118077754974365,0.6137447357177734,0.6416308283805847,-0.013016626238822937,0.6413180232048035,0.5898016095161438,-0.022885149344801903,0.6468338966369629,0.5338569283485413,-0.027169527485966682,0.5702735185623169,0.5342204570770264,0.01615064963698387,0.6268859505653381,0.5246766209602356,-0.014781939797103405,0.619037389755249,0.5896576642990112,-0.03080863133072853,0.5996901392936707,0.6123782992362976,-0.03625363111495972,0.5450380444526672,0.52793288230896,0.007284186780452728,0.6100589632987976,0.5418014526367188,-0.022985326126217842,0.5954111814498901,0.6153380870819092,-0.028687521815299988,0.573332667350769,0.6242602467536926,-0.02511044777929783,0.5212371349334717,0.5332750082015991,-0.007434059865772724,0.5880358219146729,0.5556503534317017,-0.03957941010594368,0.5713677406311035,0.6255643367767334,-0.03350133076310158,0.5462642312049866,0.6336794495582581,-0.020212320610880852,0.49801990389823914,0.5466395020484924,-0.023125847801566124,0.5578004717826843,0.5601798892021179,-0.03963594138622284,0.5506129860877991,0.6071661710739136,-0.03132268786430359,0.5274527072906494,0.6155465841293335,-0.019241001456975937,fist,RRQ_p6,RRQ
0.7066424489021301,0.4643056392669678,-3.318718881928362e-07,0.7651093602180481,0.4257126748561859,0.00398658961057663,0.7943264245986938,0.363792359828949,0.005035951267927885,0.8148387670516968,0.3102220594882965,-0.002032298594713211,0.8225976824760437,0.2526978552341461,-0.004566411022096872,0.763226330280304,0.2826707363128662,0.03909079730510712,0.8044686317443848,0.2515450119972229,0.010842355899512768,0.8010120391845703,0.30694764852523804,-0.004531052429229021,0.7805521488189697,0.3378046452999115,-0.008560375310480595,0.7439610362052917,0.274318665266037,0.02442246489226818,0.797791063785553,0.24486494064331055,-0.007826698943972588,0.7870659232139587,0.3210051357746124,-0.017816543579101562,0.759307324886322,0.3443438410758972,-0.014427633956074715,0.7198891043663025,0.26587793231010437,0.0035275323316454887,0.7787380218505859,0.2508922219276428,-0.03419811278581619,0.7644230723381042,0.3263905346393585,-0.03217649087309837,0.7322943806648254,0.342473566532135,-0.018428422510623932,0.6905277371406555,0.2618941068649292,-0.01670253649353981,0.7506427764892578,0.2531464695930481,-0.03802931681275368,0.7457299828529358,0.306225448846817,-0.030887331813573837,0.7175354361534119,0.32057735323905945,-0.018595822155475616,fist,RRQ_p6,RRQ
0.22715656459331512,0.3059682250022888,-3.517770039707102e-07,0.2914019823074341,0.2717811167240143,-0.016130320727825165,0.34305596351623535,0.1986759603023529,-0.01900511048734188,0.3599284291267395,0.11855746805667877,-0.02129223756492138,0.33630114793777466,0.07233824580907822,-0.018474066630005836,0.3036707937717438,0.13374142348766327,-0.0040788548067212105,0.3083900213241577,0.07118062674999237,-0.029288237914443016,0.3064574599266052,0.13873650133609772,-0.037904009222984314,0.3032231032848358,0.15969493985176086,-0.039474766701459885,0.26294970512390137,0.13406598567962646,-0.004602393601089716,0.2698814570903778,0.08518022298812866,-0.032803818583488464,0.27092617750167847,0.1662777066230774,-0.03598335385322571,0.2656966745853424,0.17209342122077942,-0.03198767080903053,0.223749041557312,0.13927261531352997,-0.009192540310323238,0.2317620813846588,0.09433560073375702,-0.0414428636431694,0.2349790632724762,0.17227476835250854,-0.028584321960806847,0.23045119643211365,0.18275853991508484,-0.011955643072724342,0.18024644255638123,0.1446465402841568,-0.01435396634042263,0.19196438789367676,0.10791066288948059,-0.03178953006863594,0.19959120452404022,0.16248229146003723,-0.01782577857375145,0.1959500014781952,0.17916645109653473,-0.002469197614118457,fist,RRQ_p6,RRQ
0.6198996901512146,0.581171452999115,-6.279668127717741e-07,0.5605016946792603,0.5644569396972656,-0.0242045558989048,0.5080249309539795,0.4984014630317688,-0.032363373786211014,0.48420238494873047,0.43003639578819275,-0.03998333588242531,0.4860600531101227,0.37387627363204956,-0.04118241369724274,0.5327212810516357,0.3966340720653534,1.5725465345894918e-05,0.5121293663978577,0.389288991689682,-0.02876782789826393,0.5260499715805054,0.447730153799057,-0.039791084825992584,0.5374260544776917,0.46940797567367554,-0.042862873524427414,0.5674704909324646,0.38147273659706116,0.0004445526283234358,0.5514398813247681,0.40822550654411316,-0.027372466400265694,0.5623116493225098,0.47804516553878784,-0.028029069304466248,0.5692035555839539,0.4786269962787628,-0.02137712575495243,0.6051159501075745,0.3842638432979584,-0.00637883972376585,0.5915743708610535,0.418419748544693,-0.036284979432821274,0.5961246490478516,0.48203179240226746,-0.024752261117100716,0.6022676229476929,0.4787251353263855,-0.009614024311304092,0.6433709859848022,0.3971254825592041,-0.016198718920350075,0.6279026865959167,0.42340758442878723,-0.0332443043589592,0.6275009512901306,0.4694150686264038,-0.02560027316212654,0.6336199045181274,0.4693639576435089,-0.014757078140974045,fist,RRQ_p6,RRQ
0.34431564807891846,0.7200738787651062,-4.3699120055862295e-07,0.3891310393810272,0.6471997499465942,-0.01830553263425827,0.40146732330322266,0.5448307991027832,-0.025244688615202904,0.39535075426101685,0.4732789695262909,-0.031546637415885925,0.38353675603866577,0.41719505190849304,-0.03343517333269119,0.31816911697387695,0.46709197759628296,-0.014530968852341175,0.3656124472618103,0.45323556661605835,-0.04219382628798485,0.3863745331764221,0.5159039497375488,-0.055178456008434296,0.379891574382782,0.5407049655914307,-0.06131942942738533,0.27660441398620605,0.4896619915962219,-0.017030019313097,0.34514907002449036,0.5118353366851807,-0.043290648609399796,0.36570867896080017,0.5791906714439392,-0.04753243178129196,0.35459646582603455,0.5917714238166809,-0.04638521373271942,0.2489732950925827,0.5310665965080261,-0.023830458521842957,0.32123664021492004,0.567450761795044,-0.04970608651638031,0.33835360407829285,0.6206648349761963,-0.04575483500957489,0.32663553953170776,0.6242985725402832,-0.03886992111802101,0.2302400767803192,0.5794622302055359,-0.03270522132515907,0.2896621823310852,0.6063742637634277,-0.04766199365258217,0.30587247014045715,0.6440247893333435,-0.0446583554148674,0.29499316215515137,0.6491913199424744,-0.038590602576732635,fist,RRQ_p6,RRQ
0.37709859013557434,0.6296426057815552,-4.250959193541348e-07,0.4111001491546631,0.5554803013801575,-0.018370917066931725,0.4130840003490448,0.45012927055358887,-0.023413287475705147,0.3990904688835144,0.3793284296989441,-0.028096893802285194,0.37990665435791016,0.32633310556411743,-0.027861515060067177,0.33215680718421936,0.39530670642852783,-0.00723373843356967,0.3610135614871979,0.36328524351119995,-0.033772680908441544,0.3876815438270569,0.4219735264778137,-0.04463253542780876,0.3872731626033783,0.451651930809021,-0.04806799069046974,0.29608821868896484,0.4184384047985077,-0.008677700534462929,0.34536629915237427,0.4172093868255615,-0.03581296652555466,0.3734780550003052,0.48416492342948914,-0.03986527770757675,0.3662777245044708,0.501730740070343,-0.036201734095811844,0.27183786034584045,0.45835378766059875,-0.015020019374787807,0.3268316686153412,0.4713360667228699,-0.04383121058344841,0.35239067673683167,0.5266147255897522,-0.03946319594979286,0.3440723121166229,0.536293089389801,-0.02957994118332863,0.25419411063194275,0.5042917728424072,-0.0230420995503664,0.30233877897262573,0.5111910700798035,-0.03966723382472992,0.32498034834861755,0.5467075109481812,-0.035268645733594894,0.31753525137901306,0.5553115010261536,-0.02670310251414776,fist,RRQ_p6,RRQ
0.8178521394729614,0.42533078789711,-6.879133138681937e-07,0.7665224671363831,0.37860575318336487,-0.024702955037355423,0.7439809441566467,0.27730828523635864,-0.030899768695235252,0.7491739988327026,0.1956266313791275,-0.035555485635995865,0.7675514817237854,0.13890112936496735,-0.03491178900003433,0.7941165566444397,0.200007826089859,-4.2529783968348056e-05,0.7887148857116699,0.1847202479839325,-0.030792398378252983,0.7773258090019226,0.25644373893737793,-0.04622216522693634,0.7721843123435974,0.30078497529029846,-0.05126330256462097,0.8375405669212341,0.20826414227485657,0.0006449017091654241,0.8254010081291199,0.1989351361989975,-0.030437638983130455,0.8060058355331421,0.28187018632888794,-0.03460823744535446,0.8007292151451111,0.3181382119655609,-0.02820378728210926,0.8774569630622864,0.23242613673210144,-0.005560821853578091,0.8622363805770874,0.23408424854278564,-0.03857066482305527,0.8379183411598206,0.3065110445022583,-0.028699256479740143,0.8312986493110657,0.3331160545349121,-0.012071428820490837,0.9149777293205261,0.2663372755050659,-0.014020372182130814,0.896487832069397,0.25912752747535706,-0.032464366406202316,0.8752526640892029,0.30796825885772705,-0.02285049669444561,0.8703902959823608,0.32578104734420776,-0.009266757406294346,fist,RRQ_p6,RRQ
0.372508704662323,0.4569309949874878,-6.88629882006353e-07,0.3073482811450958,0.42876219749450684,-0.006736178416758776,0.26132500171661377,0.35868948698043823,-0.008698053658008575,0.23330050706863403,0.30135589838027954,-0.013377796858549118,0.2047359198331833,0.2532798945903778,-0.014164144173264503,0.29719552397727966,0.26102614402770996,0.01341273169964552,0.24211393296718597,0.28216537833213806,-0.012250573374330997,0.2512293756008148,0.3422810137271881,-0.02775818482041359,0.26956549286842346,0.3663603961467743,-0.034147296100854874,0.3234941065311432,0.25481146574020386,0.006639652885496616,0.2627094089984894,0.2949591279029846,-0.017247797921299934,0.2766628861427307,0.35858646035194397,-0.021034210920333862,0.2960668206214905,0.37226876616477966,-0.018084334209561348,0.3495732843875885,0.264445424079895,-0.005186914466321468,0.29054832458496094,0.3083341717720032,-0.030491149052977562,0.3067326247692108,0.36555972695350647,-0.022104835137724876,0.3274526000022888,0.3749964237213135,-0.01003285963088274,0.37361904978752136,0.2858070731163025,-0.018416116014122963,0.3230125904083252,0.32050108909606934,-0.03408805653452873,0.33292078971862793,0.35835370421409607,-0.027983099222183228,0.3519374430179596,0.3639538884162903,-0.018215222284197807,fist,RRQ_p6,RRQ
0.44818201661109924,0.6947624683380127,-6.405179533430783e-07,0.368206262588501,0.6767826080322266,-0.014760096557438374,0.31561601161956787,0.6280010342597961,-0.02355489879846573,0.2807995080947876,0.5931843519210815,-0.031224139034748077,0.24838697910308838,0.5725834965705872,-0.03479976952075958,0.3514854609966278,0.4992911219596863,-0.015207379125058651,0.2933267652988434,0.5619067549705505,-0.040309589356184006,0.29994770884513855,0.6200168132781982,-0.0526309497654438,0.31619688868522644,0.6373038291931152,-0.05834227427840233,0.3852172791957855,0.5065796375274658,-0.019524574279785156,0.3173683285713196,0.5912224054336548,-0.0418565571308136,0.3275393545627594,0.6469939351081848,-0.042472414672374725,0.34396249055862427,0.6512362360954285,-0.0405312106013298,0.4144366681575775,0.5348161458969116,-0.02752813510596752,0.3503008186817169,0.6209766268730164,-0.04965094476938248,0.36037397384643555,0.663384735584259,-0.04058066010475159,0.37615180015563965,0.6589348316192627,-0.03154420480132103,0.43758219480514526,0.5750689506530762,-0.03733288124203682,0.38574904203414917,0.6388553380966187,-0.05255577340722084,0.39134302735328674,0.665123701095581,-0.04778669774532318,0.4059141278266907,0.6580593585968018,-0.040585957467556,fist,RRQ_p6,RRQ
0.6761451959609985,0.7697985172271729,-6.563952865690226e-07,0.6353868842124939,0.6982200741767883,-0.03886820748448372,0.6184490323066711,0.6174384355545044,-0.06025845557451248,0.6166715621948242,0.5647174119949341,-0.07685215771198273,0.6450319290161133,0.5584988594055176,-0.0870976373553276,0.7248125672340393,0.5456298589706421,-0.031973011791706085,0.66278475522995,0.5841160416603088,-0.06364305317401886,0.6307225823402405,0.6317754983901978,-0.08074529469013214,0.6301647424697876,0.6430901885032654,-0.09052003920078278,0.758564293384552,0.5942445993423462,-0.028954489156603813,0.6782244443893433,0.6369683742523193,-0.05581394210457802,0.642312228679657,0.6774216890335083,-0.0605117492377758,0.6473640203475952,0.6806894540786743,-0.06091265007853508,0.774962842464447,0.6547387838363647,-0.03186672180891037,0.6932599544525146,0.6953921318054199,-0.05926336348056793,0.6623538732528687,0.7222055196762085,-0.05107986181974411,0.6718116998672485,0.7178786993026733,-0.041588377207517624,0.780190646648407,0.716651976108551,-0.03924635797739029,0.7144199013710022,0.7434824705123901,-0.05567414313554764,0.6882132887840271,0.7589637041091919,-0.04946533590555191,0.6922402381896973,0.7551693916320801,-0.041055623441934586,fist,RRQ_p6,RRQ
0.5510383248329163,0.6624757647514343,-4.178393169240735e-07,0.49634623527526855,0.5978841185569763,-0.017070777714252472,0.45112189650535583,0.5473206639289856,-0.03954494744539261,0.4067862629890442,0.5252621173858643,-0.059364210814237595,0.36611706018447876,0.5152429342269897,-0.07794459909200668,0.5042133927345276,0.49062207341194153,-0.06660482287406921,0.4157312512397766,0.5324211120605469,-0.09154219925403595,0.3981817960739136,0.5846940279006958,-0.09062324464321136,0.40979889035224915,0.6078362464904785,-0.08768308907747269,0.5265439748764038,0.5427570939064026,-0.07409120351076126,0.42181068658828735,0.591663658618927,-0.09836577624082565,0.4148474335670471,0.6342860460281372,-0.08761972934007645,0.43143677711486816,0.6420040130615234,-0.0805375874042511,0.5394860506057739,0.6024616360664368,-0.08155656605958939,0.43861180543899536,0.650672435760498,-0.10189598798751831,0.4388146698474884,0.6734786629676819,-0.0827028825879097,0.45969897508621216,0.6687596440315247,-0.07073797285556793,0.5446724891662598,0.6617102026939392,-0.09007217735052109,0.46431317925453186,0.6890677809715271,-0.10881620645523071,0.4595775604248047,0.6973102688789368,-0.10170771181583405,0.47602561116218567,0.6886379718780518,-0.09495168924331665,fist,RRQ_p6,RRQ
0.6168984174728394,0.6067097187042236,-5.274203545013734e-07,0.5590822100639343,0.5724637508392334,-0.013718080706894398,0.5169738531112671,0.49630457162857056,-0.01754862256348133,0.5110651254653931,0.4254024028778076,-0.023500217124819756,0.5364636182785034,0.385262668132782,-0.026769055053591728,0.5589300394058228,0.4478539824485779,0.00591948302462697,0.5471718907356262,0.41370365023612976,-0.01933898590505123,0.5538821220397949,0.4654942750930786,-0.034337662160396576,0.5608515739440918,0.514455258846283,-0.039177194237709045,0.5948978066444397,0.44707342982292175,0.003621714422479272,0.580326497554779,0.4143477976322174,-0.025672005489468575,0.5875473618507385,0.4774376451969147,-0.03531646728515625,0.593493640422821,0.5315155982971191,-0.03298168256878853,0.6312748789787292,0.45066821575164795,-0.0032783891074359417,0.6142613887786865,0.4182829260826111,-0.0331091582775116,0.6162382960319519,0.4867357015609741,-0.029416311532258987,0.6177409291267395,0.5430895686149597,-0.01652606949210167,0.6682433485984802,0.46017318964004517,-0.011377706192433834,0.6490124464035034,0.42456454038619995,-0.03098313696682453,0.641815721988678,0.47004005312919617,-0.025259019806981087,0.6387893557548523,0.5125300288200378,-0.014244900085031986,fist,RRQ_p6,RRQ
0.6735731959342957,0.5822417140007019,-5.63493244953861e-07,0.6115372776985168,0.5623231530189514,-0.015707865357398987,0.5518701672554016,0.5018690228462219,-0.02174115553498268,0.5292491912841797,0.43316933512687683,-0.029280107468366623,0.5490555167198181,0.3844880163669586,-0.03388397768139839,0.5902063250541687,0.43614304065704346,0.0020997931715101004,0.5697512030601501,0.41140830516815186,-0.025640400126576424,0.5850585699081421,0.46060505509376526,-0.04101892560720444,0.600135326385498,0.5076508522033691,-0.04561512917280197,0.6262459754943848,0.423814594745636,7.604259735671803e-05,0.6044281125068665,0.40592312812805176,-0.03251292183995247,0.624855101108551,0.4710618853569031,-0.041844435036182404,0.6421443223953247,0.5192968249320984,-0.03874444589018822,0.6623316407203674,0.4158555269241333,-0.006731904577463865,0.6378328800201416,0.4009690284729004,-0.03961550071835518,0.6543833017349243,0.47046488523483276,-0.03456777334213257,0.668131947517395,0.520370602607727,-0.020029189065098763,0.6991468667984009,0.4137206971645355,-0.014759966172277927,0.6716232895851135,0.3915281295776367,-0.03452613949775696,0.6764294505119324,0.43998822569847107,-0.027110006660223007,0.684899091720581,0.4758663475513458,-0.014785392209887505,fist,RRQ_p6,RRQ
0.6216617226600647,0.6698456406593323,3.3754844253053307e-07,0.560730516910553,0.6250475645065308,-0.02261020429432392,0.5202127695083618,0.5443806052207947,-0.033285100013017654,0.4985658526420593,0.4742847979068756,-0.04297231510281563,0.47215670347213745,0.4262419044971466,-0.05246011167764664,0.5778376460075378,0.4454670250415802,-0.013375215232372284,0.5790250897407532,0.3575574457645416,-0.03167246654629707,0.5820075273513794,0.3027849495410919,-0.04860071837902069,0.5862951874732971,0.25355082750320435,-0.06139305233955383,0.6154147982597351,0.44118160009384155,-0.016888627782464027,0.6176831126213074,0.3432617783546448,-0.030291415750980377,0.6191280484199524,0.28223276138305664,-0.04343447834253311,0.6200340986251831,0.22869011759757996,-0.05397108942270279,0.6496798396110535,0.45461663603782654,-0.024432998150587082,0.6521502137184143,0.36557531356811523,-0.03732920065522194,0.65208500623703,0.30942782759666443,-0.04496290534734726,0.6503718495368958,0.2597009241580963,-0.05158040300011635,0.6846246719360352,0.48342037200927734,-0.03503292053937912,0.6930891871452332,0.4170183837413788,-0.04641971364617348,0.6961110830307007,0.3728761672973633,-0.04997265338897705,0.6965543031692505,0.331943154335022,-0.05282292142510414,open_palm,RRQ_p6,RRQ
0.4254429340362549,0.6103451251983643,4.1116263105323014e-07,0.35591474175453186,0.5779000520706177,-0.024946294724941254,0.2996923327445984,0.49964940547943115,-0.03812092915177345,0.2639935314655304,0.4315573275089264,-0.04997366666793823,0.22799360752105713,0.3850751519203186,-0.062119320034980774,0.3463820517063141,0.3786582350730896,-0.023796144872903824,0.3352668285369873,0.28027456998825073,-0.04732212424278259,0.3283388614654541,0.21861298382282257,-0.06709443032741547,0.3235146701335907,0.16281726956367493,-0.08204475045204163,0.38295501470565796,0.3703451156616211,-0.029369477182626724,0.37152355909347534,0.2612791955471039,-0.04942816495895386,0.3631097078323364,0.19196999073028564,-0.06675172597169876,0.3550087809562683,0.13023269176483154,-0.07989366352558136,0.4198472797870636,0.38192465901374817,-0.03879087418317795,0.4115721583366394,0.281666100025177,-0.05883091688156128,0.4033364951610565,0.21632280945777893,-0.07149951159954071,0.3937263786792755,0.1573300063610077,-0.08116543292999268,0.4596032202243805,0.4098031520843506,-0.050971586257219315,0.4626787006855011,0.33498910069465637,-0.06982442736625671,0.4608822762966156,0.28298550844192505,-0.07821871340274811,0.45617127418518066,0.23371271789073944,-0.084158755838871,open_palm,RRQ_p6,RRQ
0.6468672752380371,0.6969371438026428,2.5730832931003533e-07,0.5910859704017639,0.6586525440216064,-0.017491215839982033,0.5514111518859863,0.5898205637931824,-0.02665780298411846,0.5276491641998291,0.5323712229728699,-0.035610631108284,0.5000606775283813,0.49600958824157715,-0.04472734406590462,0.5993837714195251,0.5026471018791199,-0.01157434843480587,0.5919154286384583,0.42568379640579224,-0.02801523543894291,0.5883031487464905,0.37983065843582153,-0.04289006069302559,0.5872596502304077,0.3393266201019287,-0.053851418197155,0.6311210989952087,0.49726736545562744,-0.016680801287293434,0.6273131966590881,0.4095166325569153,-0.02967941388487816,0.6248021125793457,0.3565393090248108,-0.04218747466802597,0.622891902923584,0.3103296160697937,-0.051681287586688995,0.66283118724823,0.506649911403656,-0.02495737187564373,0.661090075969696,0.42293068766593933,-0.0383496917784214,0.6581103205680847,0.36985865235328674,-0.046008847653865814,0.6549047827720642,0.3220881521701813,-0.051880549639463425,0.6956765055656433,0.529874324798584,-0.03536679223179817,0.7013794183731079,0.46635115146636963,-0.0466918982565403,0.7033144235610962,0.4238041043281555,-0.04945548251271248,0.7038155198097229,0.3842257559299469,-0.05140374228358269,open_palm,RRQ_p6,RRQ
0.6269737482070923,0.7072745561599731,3.3366742968610197e-07,0.5683212280273438,0.6825429201126099,-0.020047951489686966,0.5212978720664978,0.6207877397537231,-0.0302871223539114,0.49093201756477356,0.5693392753601074,-0.039347924292087555,0.4606636166572571,0.5347233414649963,-0.0489099882543087,0.5573591589927673,0.5228962898254395,-0.019494740292429924,0.5475888848304749,0.44584810733795166,-0.03767279535531998,0.5408862829208374,0.3977382779121399,-0.05367644503712654,0.5352113842964172,0.35397136211395264,-0.0659342110157013,0.5879014730453491,0.5166488289833069,-0.024015989154577255,0.5769984722137451,0.43074744939804077,-0.03863116353750229,0.5686232447624207,0.3760688304901123,-0.05241287127137184,0.5597712993621826,0.32732221484184265,-0.0633309856057167,0.6187595725059509,0.5266767144203186,-0.0314871147274971,0.6092931628227234,0.4473485052585602,-0.046954140067100525,0.6025686860084534,0.3957976698875427,-0.057149387896060944,0.5940117239952087,0.35112443566322327,-0.06517013162374496,0.6519437432289124,0.5499032735824585,-0.04107625037431717,0.6523618698120117,0.49015873670578003,-0.05564925819635391,0.6525614261627197,0.45442914962768555,-0.06083538010716438,0.6499412655830383,0.42420437932014465,-0.06456323713064194,open_palm,RRQ_p6,RRQ
0.5763364434242249,0.7021636962890625,3.3531387089169584e-07,0.5165489912033081,0.680462658405304,-0.020380839705467224,0.4684599041938782,0.6216357946395874,-0.031416963785886765,0.4375250041484833,0.5708212852478027,-0.0412326455116272,0.4069279134273529,0.5368354916572571,-0.051509395241737366,0.5033202767372131,0.5205058455467224,-0.019621841609477997,0.49271225929260254,0.4437588155269623,-0.037903912365436554,0.4861472547054291,0.39599159359931946,-0.054131630808115005,0.4808325171470642,0.35220086574554443,-0.06665429472923279,0.5337657332420349,0.5131638050079346,-0.024179328233003616,0.5221194624900818,0.42699041962623596,-0.03912365436553955,0.5133174061775208,0.3735760450363159,-0.05300462245941162,0.504555344581604,0.32590386271476746,-0.06403299421072006,0.5646159648895264,0.5225629210472107,-0.031707946211099625,0.5538654327392578,0.4431881308555603,-0.04707416146993637,0.5458193421363831,0.39223712682724,-0.05673748999834061,0.5369648337364197,0.34781408309936523,-0.06451369822025299,0.5980538725852966,0.545291543006897,-0.04143194854259491,0.5965768098831177,0.48487675189971924,-0.05574380233883858,0.5948649644851685,0.44800102710723877,-0.06068715453147888,0.5910432934761047,0.41590416431427,-0.06436765938997269,open_palm,RRQ_p6,RRQ
0.40244442224502563,0.7240920066833496,3.224450608740881e-07,0.34223049879074097,0.7118136882781982,-0.020526420325040817,0.29016244411468506,0.656420886516571,-0.030187733471393585,0.2567409873008728,0.6096340417861938,-0.03862728923559189,0.22425217926502228,0.5808576941490173,-0.04708852246403694,0.31581515073776245,0.557915210723877,-0.017374113202095032,0.2984820008277893,0.48639336228370667,-0.03556687757372856,0.28661319613456726,0.4418012499809265,-0.0511506162583828,0.2767714560031891,0.4011285901069641,-0.06282194703817368,0.34164905548095703,0.5477197170257568,-0.02118147350847721,0.3216272294521332,0.4691357910633087,-0.03683347627520561,0.3068458139896393,0.4179324507713318,-0.050278495997190475,0.293964684009552,0.3713063597679138,-0.06025385484099388,0.3697018623352051,0.5525842308998108,-0.028277458623051643,0.3528899550437927,0.47814780473709106,-0.043974705040454865,0.3393763303756714,0.4298290014266968,-0.0532715879380703,0.32666945457458496,0.3860265016555786,-0.06001715734601021,0.401165246963501,0.5693840980529785,-0.03773398697376251,0.3939599394798279,0.5106902122497559,-0.05202691629528999,0.3870343565940857,0.47060245275497437,-0.05771995335817337,0.3795878291130066,0.4333224296569824,-0.06160009279847145,open_palm,RRQ_p6,RRQ
0.421982079744339,0.7834203243255615,5.76307854771585e-07,0.4809938371181488,0.7259522080421448,-0.03593366965651512,0.5189850330352783,0.640515923500061,-0.05581570044159889,0.547514021396637,0.5671011209487915,-0.07273409515619278,0.5772557258605957,0.5078920722007751,-0.09054134041070938,0.4461357593536377,0.545753538608551,-0.04477568715810776,0.4385432302951813,0.4435955882072449,-0.07364578545093536,0.43242666125297546,0.3787569999694824,-0.09485289454460144,0.4270210266113281,0.32012882828712463,-0.10965624451637268,0.4049000144004822,0.5536789894104004,-0.04658422991633415,0.3932070732116699,0.44413983821868896,-0.07281423360109329,0.38538599014282227,0.3661506175994873,-0.09319984912872314,0.3786618411540985,0.29784321784973145,-0.10817589610815048,0.3687133491039276,0.583393394947052,-0.052081719040870667,0.354454904794693,0.48230135440826416,-0.07767452299594879,0.3523852527141571,0.4113314151763916,-0.09455592185258865,0.3526498079299927,0.3496531546115875,-0.10565831512212753,0.3342706859111786,0.6286005973815918,-0.060681529343128204,0.3133661448955536,0.5527299642562866,-0.08511420339345932,0.30185434222221375,0.49888110160827637,-0.09688520431518555,0.29249709844589233,0.44747984409332275,-0.1040661558508873,open_palm,RRQ_p6,RRQ
0.20514194667339325,0.8144227266311646,4.772695660903992e-07,0.253611296415329,0.7482531666755676,-0.030819471925497055,0.2799059748649597,0.6606191396713257,-0.043094150722026825,0.29010483622550964,0.5841202139854431,-0.05296929553151131,0.302817165851593,0.5240858197212219,-0.06297803670167923,0.20757615566253662,0.5808935165405273,-0.024485498666763306,0.19886310398578644,0.4867974519729614,-0.04505202919244766,0.19164927303791046,0.42898857593536377,-0.062309619039297104,0.18522213399410248,0.377835214138031,-0.07412804663181305,0.16958941519260406,0.5883873105049133,-0.0238856952637434,0.1562654823064804,0.48651403188705444,-0.04041895642876625,0.14638549089431763,0.42012786865234375,-0.05572118982672691,0.13929840922355652,0.363907128572464,-0.06692100316286087,0.13723276555538177,0.6132997274398804,-0.027308767661452293,0.12041190266609192,0.5206805467605591,-0.04394594207406044,0.11580555886030197,0.461038738489151,-0.05511697009205818,0.11521052569150925,0.4098898768424988,-0.06265135109424591,0.10514529794454575,0.6547144651412964,-0.03396698459982872,0.08460493385791779,0.5872575640678406,-0.04922904074192047,0.07609841972589493,0.541201651096344,-0.05483679100871086,0.07145615667104721,0.49759870767593384,-0.05793941766023636,open_palm,RRQ_p6,RRQ
0.32430610060691833,0.7046716213226318,3.667993553335691e-07,0.3701065182685852,0.6484346985816956,-0.020528454333543777,0.3931736946105957,0.5642692446708679,-0.02959495410323143,0.40982481837272644,0.49612778425216675,-0.03820053115487099,0.4298660457134247,0.44462311267852783,-0.04723047837615013,0.3412975072860718,0.48239433765411377,-0.017162734642624855,0.33538803458213806,0.39974743127822876,-0.03652981296181679,0.332653671503067,0.34710758924484253,-0.05283113196492195,0.33081141114234924,0.29855287075042725,-0.06479132920503616,0.31377777457237244,0.48808300495147705,-0.021342549473047256,0.30762210488319397,0.39829421043395996,-0.0386391282081604,0.3050558865070343,0.3357287645339966,-0.0533234104514122,0.3025791347026825,0.2783054709434509,-0.0642700046300888,0.28920823335647583,0.5099820494651794,-0.028868429362773895,0.28067919611930847,0.4220098555088043,-0.046684566885232925,0.27803704142570496,0.3644760251045227,-0.05735354125499725,0.27573060989379883,0.31239140033721924,-0.06435861438512802,0.26473379135131836,0.5451073050498962,-0.03870738670229912,0.25529271364212036,0.4777205288410187,-0.05570368841290474,0.2510926127433777,0.43012696504592896,-0.06280416250228882,0.24652355909347534,0.38486969470977783,-0.06710372120141983,open_palm,RRQ_p6,RRQ
0.19171784818172455,0.7237188220024109,4.527062174020102e-07,0.24500185251235962,0.6851140856742859,-0.028877757489681244,0.28015774488449097,0.6228041648864746,-0.037000130861997604,0.2916604280471802,0.5619625449180603,-0.042322225868701935,0.29944515228271484,0.510876476764679,-0.04634575545787811,0.23974619805812836,0.5241795182228088,-0.01131432130932808,0.2509690821170807,0.4440092146396637,-0.02581416629254818,0.2543642818927765,0.392291784286499,-0.03952975943684578,0.25544968247413635,0.34776365756988525,-0.048753634095191956,0.20921388268470764,0.5186195373535156,-0.007071799598634243,0.22051967680454254,0.43323105573654175,-0.018420705571770668,0.225996732711792,0.3760349452495575,-0.03056693635880947,0.23127631843090057,0.32807081937789917,-0.03905515372753143,0.18016743659973145,0.5275810956954956,-0.007194737438112497,0.19089245796203613,0.45238304138183594,-0.018868181854486465,0.20214223861694336,0.40566176176071167,-0.02729170210659504,0.2138749361038208,0.36725476384162903,-0.032591015100479126,0.14862751960754395,0.5493153929710388,-0.010617503896355629,0.1520378589630127,0.49478259682655334,-0.021122725680470467,0.1605929583311081,0.46059998869895935,-0.024469243362545967,0.17095986008644104,0.43044161796569824,-0.025674298405647278,open_palm,RRQ_p6,RRQ
0.32551151514053345,0.6104938983917236,4.1944451822928386e-07,0.36716750264167786,0.5778753161430359,-0.028232812881469727,0.39900797605514526,0.5262607336044312,-0.04503842815756798,0.42941349744796753,0.4833106994628906,-0.05917578563094139,0.45982441306114197,0.4537627100944519,-0.07427208125591278,0.35566169023513794,0.45506107807159424,-0.03812428563833237,0.3530891537666321,0.38526469469070435,-0.060027409344911575,0.3493172228336334,0.3409414291381836,-0.07577916979789734,0.34557151794433594,0.3003150522708893,-0.08684328198432922,0.32414695620536804,0.4560825526714325,-0.03829771280288696,0.3203215003013611,0.3810339868068695,-0.05804171413183212,0.3178386688232422,0.32857176661491394,-0.07239971309900284,0.3155355751514435,0.2815873622894287,-0.0829506516456604,0.2950625419616699,0.4722837507724762,-0.04110639914870262,0.2906027138233185,0.40083059668540955,-0.059914059937000275,0.2913973927497864,0.3503311276435852,-0.0720374584197998,0.29298847913742065,0.3060336709022522,-0.07994046807289124,0.26679566502571106,0.49911946058273315,-0.04627997800707817,0.25554728507995605,0.4412539005279541,-0.06356364488601685,0.25041118264198303,0.40149882435798645,-0.07198938727378845,0.24714581668376923,0.3643230199813843,-0.0771632269024849,open_palm,RRQ_p6,RRQ
0.43342748284339905,0.708737850189209,3.8288180803647265e-07,0.4803118109703064,0.6689976453781128,-0.024155864492058754,0.5127981305122375,0.6008899807929993,-0.033553000539541245,0.5360090136528015,0.5419149398803711,-0.04101749509572983,0.5585871338844299,0.4997886121273041,-0.04815509170293808,0.4608613848686218,0.5190595388412476,-0.018150832504034042,0.46187570691108704,0.4432229995727539,-0.03241520747542381,0.4601070284843445,0.39685869216918945,-0.0445295050740242,0.45838281512260437,0.35672587156295776,-0.05328209698200226,0.4305741786956787,0.5201974511146545,-0.017730310559272766,0.4297674000263214,0.4392067790031433,-0.02953547239303589,0.43047863245010376,0.38491398096084595,-0.04041402414441109,0.43163540959358215,0.34022367000579834,-0.04861859977245331,0.40305858850479126,0.5359111428260803,-0.020654527470469475,0.3978312611579895,0.4627578854560852,-0.033134911209344864,0.40114569664001465,0.41627228260040283,-0.041923683136701584,0.4060768783092499,0.37724119424819946,-0.04795601963996887,0.37575167417526245,0.5638905763626099,-0.02619391493499279,0.36361566185951233,0.5097560286521912,-0.03877365216612816,0.3577789068222046,0.4729228615760803,-0.04427646845579147,0.35392794013023376,0.43734902143478394,-0.04757421836256981,open_palm,RRQ_p6,RRQ
0.21519331634044647,0.6107164025306702,2.7648533773572126e-07,0.24785734713077545,0.585261881351471,-0.016019929200410843,0.2730666697025299,0.5468894243240356,-0.023150084540247917,0.2929825186729431,0.5127893090248108,-0.029101844877004623,0.3127087950706482,0.4917422831058502,-0.035037748515605927,0.24203450977802277,0.48912179470062256,-0.011835610494017601,0.24730826914310455,0.43977680802345276,-0.021576127037405968,0.24856655299663544,0.4090585708618164,-0.030332043766975403,0.2496834099292755,0.3820323348045349,-0.03668150678277016,0.221641406416893,0.4871216118335724,-0.011467806994915009,0.22501367330551147,0.43404754996299744,-0.018961355090141296,0.22773976624011993,0.40026870369911194,-0.02649264596402645,0.2308184951543808,0.37176457047462463,-0.032293692231178284,0.202325701713562,0.49461573362350464,-0.013185237534344196,0.2035282850265503,0.4459742605686188,-0.02094847336411476,0.20842380821704865,0.4166911542415619,-0.026568002998828888,0.21430736780166626,0.3925798535346985,-0.03051273338496685,0.1820378303527832,0.5100106000900269,-0.0166399534791708,0.17631207406520844,0.47392627596855164,-0.023977430537343025,0.17547357082366943,0.4509153366088867,-0.026594113558530807,0.17619241774082184,0.42954450845718384,-0.028031831607222557,open_palm,RRQ_p6,RRQ
0.7245854139328003,0.5331237316131592,2.0513381571163336e-07,0.7702199816703796,0.5118392705917358,-0.013436724431812763,0.8052898049354553,0.4585992693901062,-0.020739702507853508,0.8344196677207947,0.4148026406764984,-0.028256632387638092,0.8592580556869507,0.38233819603919983,-0.03635630011558533,0.7926557660102844,0.37735041975975037,-0.017449533566832542,0.804469883441925,0.3052591383457184,-0.033623985946178436,0.812642514705658,0.26229214668273926,-0.04592205956578255,0.8204967975616455,0.2235393524169922,-0.05486735701560974,0.7716943621635437,0.37054550647735596,-0.022943800315260887,0.7840468883514404,0.29424506425857544,-0.03802373260259628,0.7953320741653442,0.24310876429080963,-0.04968176782131195,0.804073691368103,0.19734930992126465,-0.05837447941303253,0.7487320899963379,0.37810108065605164,-0.030421819537878036,0.7560397982597351,0.3060726523399353,-0.044972799718379974,0.7629596590995789,0.2604610025882721,-0.054010599851608276,0.7690415978431702,0.22018711268901825,-0.06019385904073715,0.7241817116737366,0.3965396583080292,-0.03930286318063736,0.719702422618866,0.3393305540084839,-0.05366828665137291,0.7186187505722046,0.30102092027664185,-0.06015399843454361,0.7171618938446045,0.2657949924468994,-0.06414278596639633,open_palm,RRQ_p6,RRQ
0.6638203859329224,0.5263669490814209,1.9119420358038042e-07,0.7084482908248901,0.5082567930221558,-0.011954096145927906,0.7424132823944092,0.45762449502944946,-0.01829468458890915,0.7704043388366699,0.41684702038764954,-0.025084644556045532,0.7948055863380432,0.38809478282928467,-0.03243264928460121,0.7311390042304993,0.37845757603645325,-0.015261583961546421,0.7436668276786804,0.31002089381217957,-0.030125407502055168,0.7520354390144348,0.268765389919281,-0.04156274348497391,0.7599212527275085,0.23193371295928955,-0.049974214285612106,0.7114014029502869,0.37108108401298523,-0.020733848214149475,0.7241002321243286,0.2981584072113037,-0.03457958623766899,0.7352491617202759,0.2490554302930832,-0.04545525461435318,0.7437332272529602,0.20568902790546417,-0.05359986051917076,0.6896416544914246,0.3772083818912506,-0.02806629240512848,0.6969876885414124,0.30807068943977356,-0.04165546968579292,0.7036904096603394,0.26432621479034424,-0.05039398372173309,0.7091676592826843,0.2261955589056015,-0.05636540427803993,0.6662240028381348,0.39367425441741943,-0.036665789783000946,0.661511242389679,0.33898890018463135,-0.050322264432907104,0.6601845026016235,0.30168795585632324,-0.0567966029047966,0.6584808230400085,0.2674328088760376,-0.06080300360918045,open_palm,RRQ_p6,RRQ
0.22076889872550964,0.6385918259620667,-3.106158033006068e-07,0.24156013131141663,0.5420771241188049,-0.010433954186737537,0.24183659255504608,0.4445202648639679,-0.014554154127836227,0.2332487255334854,0.37408646941185,-0.019854610785841942,0.22254252433776855,0.31150180101394653,-0.02242349088191986,0.2029906064271927,0.4170510470867157,-0.006135070696473122,0.28831130266189575,0.43095988035202026,-0.02774202637374401,0.2760986089706421,0.4642438292503357,-0.0420667864382267,0.24744167923927307,0.4638842046260834,-0.05331771448254585,0.19032473862171173,0.4589393138885498,-0.012462989427149296,0.28586721420288086,0.47228121757507324,-0.030800919979810715,0.26609867811203003,0.5023635625839233,-0.03506799042224884,0.2401139736175537,0.5018423199653625,-0.040697067975997925,0.18483290076255798,0.5076971054077148,-0.022705474868416786,0.2738974094390869,0.5178481936454773,-0.039924681186676025,0.25556984543800354,0.542001485824585,-0.03900076821446419,0.23196759819984436,0.5401785373687744,-0.03969300910830498,0.18728117644786835,0.5556623935699463,-0.03522910550236702,0.2547253668308258,0.5579687356948853,-0.048753105103969574,0.24267081916332245,0.5727828741073608,-0.05302649736404419,0.21922101080417633,0.5742747187614441,-0.056569430977106094,thumbs_up,RRQ_p6,RRQ
0.1503078043460846,0.4775514006614685,-3.552707141807332e-07,0.1712399423122406,0.39651137590408325,-0.026152685284614563,0.1543867290019989,0.3000221252441406,-0.03858312591910362,0.1367938220500946,0.22827628254890442,-0.04773794859647751,0.11666207015514374,0.1636752039194107,-0.054806143045425415,0.09417365491390228,0.29854780435562134,-0.044249359518289566,0.18136870861053467,0.3180514872074127,-0.07162774354219437,0.182560533285141,0.354831337928772,-0.08609641343355179,0.15667808055877686,0.36308616399765015,-0.09793315827846527,0.07407833635807037,0.3513028919696808,-0.04561924561858177,0.1799773871898651,0.37337300181388855,-0.06910701096057892,0.17471329867839813,0.4024364948272705,-0.07267923653125763,0.14535944163799286,0.40490832924842834,-0.07914851605892181,0.06786870956420898,0.4094667136669159,-0.05018904432654381,0.1669851541519165,0.42700842022895813,-0.07142749428749084,0.16135746240615845,0.4477277994155884,-0.0657607913017273,0.13253265619277954,0.4446943402290344,-0.06480789929628372,0.0687132328748703,0.46524181962013245,-0.058515943586826324,0.14721059799194336,0.47183287143707275,-0.07931525260210037,0.14856977760791779,0.48151063919067383,-0.08343152701854706,0.126227006316185,0.4819590747356415,-0.08662106096744537,thumbs_up,RRQ_p6,RRQ
0.44668930768966675,0.554747998714447,-3.068854823595757e-07,0.47417211532592773,0.49215027689933777,-0.011439098976552486,0.5209674835205078,0.41895791888237,-0.025100352242588997,0.5483108162879944,0.3643187880516052,-0.03740165755152702,0.5617437362670898,0.31392544507980347,-0.046136580407619476,0.5289432406425476,0.43553364276885986,-0.04411611706018448,0.6055243015289307,0.46912261843681335,-0.0700303167104721,0.5812656879425049,0.4773772358894348,-0.08019794523715973,0.5526912212371826,0.4673509895801544,-0.08439561724662781,0.519808292388916,0.4811989665031433,-0.050314296036958694,0.6017581820487976,0.5151710510253906,-0.06767157465219498,0.5749255418777466,0.5170643925666809,-0.06325780600309372,0.5461792945861816,0.510139524936676,-0.0613098219037056,0.5118880271911621,0.5295846462249756,-0.057078756392002106,0.5869426131248474,0.5590234994888306,-0.06808590888977051,0.5609821677207947,0.5578393340110779,-0.05345373600721359,0.5334972739219666,0.5503329634666443,-0.045285433530807495,0.5049404501914978,0.5780692100524902,-0.06498435139656067,0.566369891166687,0.5966619253158569,-0.06849124282598495,0.5453239679336548,0.5935971736907959,-0.0569659098982811,0.519537627696991,0.5855976343154907,-0.05037929117679596,thumbs_up,RRQ_p6,RRQ
0.6181924343109131,0.7600900530815125,-2.500237883396039e-07,0.6506645083427429,0.6918319463729858,-0.010754396207630634,0.7038135528564453,0.6307249069213867,-0.026957577094435692,0.7402434349060059,0.5838441252708435,-0.040999885648489,0.7606619000434875,0.5376642942428589,-0.051289431750774384,0.7152727842330933,0.6760656237602234,-0.056777630001306534,0.8002554178237915,0.700192928314209,-0.07876598834991455,0.7783083915710449,0.6992119550704956,-0.08079853653907776,0.7484642267227173,0.6923811435699463,-0.07760969549417496,0.7074241638183594,0.7337455749511719,-0.060982465744018555,0.7967174053192139,0.7554875612258911,-0.07744581997394562,0.773105263710022,0.745557427406311,-0.06770272552967072,0.7412459850311279,0.7369793653488159,-0.05971604213118553,0.6992878317832947,0.785741925239563,-0.0640968605875969,0.7794315218925476,0.8028812408447266,-0.07330438494682312,0.7565414309501648,0.7911248803138733,-0.05286150798201561,0.7275218367576599,0.7847546339035034,-0.03895390406250954,0.6910037398338318,0.8311302065849304,-0.06772532314062119,0.7566470503807068,0.8424778580665588,-0.06859155744314194,0.738885760307312,0.8309566378593445,-0.05134368687868118,0.7131302952766418,0.8243732452392578,-0.03956274315714836,thumbs_up,RRQ_p6,RRQ
0.3515329957008362,0.7207581996917725,-5.146593906601993e-08,0.37458738684654236,0.6550958752632141,-0.0200168676674366,0.4122544527053833,0.585905909538269,-0.04553750157356262,0.42188581824302673,0.5335927605628967,-0.06596530973911285,0.4172374904155731,0.47712329030036926,-0.08243067562580109,0.3922153413295746,0.6249427795410156,-0.09488020837306976,0.4888409674167633,0.6356707811355591,-0.13002420961856842,0.4732418358325958,0.638792872428894,-0.13680672645568848,0.4387204945087433,0.6340687274932861,-0.13633735477924347,0.3829132318496704,0.6854471564292908,-0.09864441305398941,0.4884217083454132,0.6903828382492065,-0.13320423662662506,0.4636106491088867,0.6873723268508911,-0.12353985011577606,0.4276614487171173,0.6852366924285889,-0.11569198220968246,0.3822568356990814,0.7403448224067688,-0.10081956535577774,0.4772006869316101,0.7388662695884705,-0.12187626957893372,0.45312461256980896,0.7326167225837708,-0.09771957993507385,0.42152684926986694,0.7310973405838013,-0.08127469569444656,0.38375532627105713,0.7868500351905823,-0.10413109511137009,0.45862674713134766,0.780151903629303,-0.11051299422979355,0.44091302156448364,0.7720329761505127,-0.09254501760005951,0.4103778302669525,0.7723727226257324,-0.08139090985059738,thumbs_up,RRQ_p6,RRQ
0.6259533166885376,0.503975510597229,-2.699196102184942e-07,0.643456220626831,0.42290008068084717,-0.0092005068436265,0.6807795166969299,0.3383046090602875,-0.023109210655093193,0.7103368043899536,0.2735276222229004,-0.03492707014083862,0.7237440943717957,0.22173534333705902,-0.04287416860461235,0.7096046209335327,0.3679269552230835,-0.04552046209573746,0.7865599989891052,0.3693152368068695,-0.06304052472114563,0.7662460207939148,0.3839212656021118,-0.06428493559360504,0.7381958961486816,0.387850284576416,-0.062262628227472305,0.7166198492050171,0.42376917600631714,-0.04973553121089935,0.7942672967910767,0.4190114438533783,-0.05928133800625801,0.7720162272453308,0.428722620010376,-0.04966963082551956,0.7434729337692261,0.4319387972354889,-0.044158998876810074,0.72067791223526,0.4780357778072357,-0.05314118415117264,0.788456916809082,0.4719836413860321,-0.058454468846321106,0.7664785385131836,0.47842514514923096,-0.04021204262971878,0.7398139238357544,0.4812160134315491,-0.029655348509550095,0.7219951152801514,0.5290379524230957,-0.05685985088348389,0.7784529328346252,0.5175957679748535,-0.05657709762454033,0.7587770223617554,0.5208021402359009,-0.0407911017537117,0.7349814176559448,0.5221959948539734,-0.03067980334162712,thumbs_up,RRQ_p6,RRQ
0.15944327414035797,0.43573516607284546,-4.895628080703318e-07,0.17143291234970093,0.3305085003376007,-0.01704518124461174,0.1426984667778015,0.23305553197860718,-0.0270631592720747,0.11396852135658264,0.16071733832359314,-0.035752762109041214,0.08395957946777344,0.0996110588312149,-0.041788797825574875,0.07204467058181763,0.23441031575202942,-0.03646998479962349,0.1588892638683319,0.23376277089118958,-0.064222052693367,0.17799609899520874,0.2779529392719269,-0.07636795938014984,0.1562972068786621,0.29750943183898926,-0.08520586788654327,0.05813496187329292,0.28562942147254944,-0.04213886708021164,0.15965288877487183,0.28243282437324524,-0.06670048087835312,0.17515268921852112,0.32117635011672974,-0.06978802382946014,0.15241967141628265,0.3336547017097473,-0.07466430962085724,0.05927068740129471,0.3413486182689667,-0.050060827285051346,0.15084610879421234,0.33475828170776367,-0.07532912492752075,0.16691812872886658,0.36376774311065674,-0.07115887850522995,0.14683789014816284,0.3734816312789917,-0.06935200840234756,0.06789042800664902,0.39685001969337463,-0.05995365232229233,0.13508060574531555,0.38391152024269104,-0.08126339316368103,0.15026378631591797,0.3947942852973938,-0.08300931006669998,0.1368219405412674,0.4007929563522339,-0.08341322839260101,thumbs_up,RRQ_p6,RRQ
0.6335481405258179,0.5762879848480225,-3.303529467757471e-07,0.6110735535621643,0.5159680247306824,-0.03592921048402786,0.6081598401069641,0.44200921058654785,-0.05117637664079666,0.6164112687110901,0.3869650363922119,-0.05944044888019562,0.6299449801445007,0.33350545167922974,-0.06206980347633362,0.6639519929885864,0.4593813419342041,-0.047196224331855774,0.5803585648536682,0.4835038483142853,-0.07261521369218826,0.581810474395752,0.5062353610992432,-0.08201302587985992,0.6075240969657898,0.5057141780853271,-0.08667507022619247,0.6783255934715271,0.50516676902771,-0.04176574572920799,0.5817770957946777,0.5350082516670227,-0.06390776485204697,0.5940228700637817,0.543239176273346,-0.0649193525314331,0.6236796975135803,0.5339533686637878,-0.06580904126167297,0.68168044090271,0.5563319325447083,-0.04033029079437256,0.5910744071006775,0.5812853574752808,-0.06492914259433746,0.6041855812072754,0.5836362838745117,-0.056920114904642105,0.6321905851364136,0.5752977728843689,-0.048947565257549286,0.6789387464523315,0.6065207123756409,-0.04279973357915878,0.6104114055633545,0.6199224591255188,-0.0647355318069458,0.6196845769882202,0.6157260537147522,-0.06587760150432587,0.6452444195747375,0.6080171465873718,-0.06339162588119507,thumbs_up,RRQ_p6,RRQ
0.5749573111534119,0.7422553300857544,-4.1854468690871727e-07,0.5264867544174194,0.6507264375686646,-0.005977471824735403,0.48818960785865784,0.5570349097251892,-0.01561671495437622,0.4681442975997925,0.4845670461654663,-0.02591397427022457,0.46141988039016724,0.4225006103515625,-0.03505804017186165,0.5266242623329163,0.540345311164856,-0.02269710786640644,0.4417157769203186,0.5655867457389832,-0.046288419514894485,0.45672664046287537,0.5954480767250061,-0.056876879185438156,0.4835829734802246,0.5868858695030212,-0.06205395236611366,0.538870096206665,0.58918297290802,-0.03186720237135887,0.4443240165710449,0.6125170588493347,-0.05266638472676277,0.46592360734939575,0.629899799823761,-0.05189738795161247,0.4934382140636444,0.6224910616874695,-0.05190044268965721,0.5439028143882751,0.6390819549560547,-0.04258203133940697,0.455101877450943,0.6561882495880127,-0.06285620480775833,0.47536373138427734,0.6703340411186218,-0.05218462273478508,0.5032480955123901,0.6614232063293457,-0.04389430955052376,0.545517086982727,0.6885507702827454,-0.05386700481176376,0.4725579619407654,0.6961674690246582,-0.06624773144721985,0.4886952340602875,0.7052785754203796,-0.05899330601096153,0.5164905190467834,0.7027347087860107,-0.05219271779060364,thumbs_up,RRQ_p6,RRQ
0.7882428169250488,0.7146998643875122,-5.245771035333746e-07,0.7587350010871887,0.6284252405166626,-0.028778553009033203,0.7607446312904358,0.5338436961174011,-0.03916812688112259,0.7691552639007568,0.46995067596435547,-0.04552409425377846,0.7759790420532227,0.41445279121398926,-0.04600413516163826,0.8454887866973877,0.5291067957878113,-0.024959703907370567,0.7656136751174927,0.5378942489624023,-0.04885634407401085,0.7553829550743103,0.5816359519958496,-0.060122691094875336,0.7760998606681824,0.5959912538528442,-0.066230408847332,0.8653141260147095,0.5741915702819824,-0.0234510637819767,0.7699130773544312,0.589945375919342,-0.04662501811981201,0.76376873254776,0.6259811520576477,-0.050279539078474045,0.7864288091659546,0.6354629993438721,-0.051121462136507034,0.8706554174423218,0.6277791261672974,-0.026569169014692307,0.781721830368042,0.6398829817771912,-0.05195790156722069,0.7771356105804443,0.6648164391517639,-0.04715624451637268,0.7989732027053833,0.6705262660980225,-0.04017374664545059,0.8688423037528992,0.6823967099189758,-0.032917577773332596,0.806970477104187,0.6831298470497131,-0.05170534923672676,0.7971428036689758,0.6915044188499451,-0.05109172314405441,0.8092256784439087,0.6946581602096558,-0.046653442084789276,thumbs_up,RRQ_p6,RRQ
0.7214424014091492,0.4520435929298401,-5.116392003401415e-07,0.7059166431427002,0.37063801288604736,-0.023575952276587486,0.7272159457206726,0.28436368703842163,-0.02908416837453842,0.7515822649002075,0.22872455418109894,-0.03130786865949631,0.7666892409324646,0.1801501214504242,-0.02842843346297741,0.8038880825042725,0.284452885389328,-0.008537872694432735,0.7390037178993225,0.29051846265792847,-0.029366642236709595,0.7222721576690674,0.3264511823654175,-0.04237931966781616,0.7383701801300049,0.33841565251350403,-0.050136301666498184,0.8199985027313232,0.3246442377567291,-0.006995784118771553,0.7400449514389038,0.3361746668815613,-0.02573934942483902,0.726758599281311,0.3653874099254608,-0.0299703199416399,0.7440596222877502,0.37427017092704773,-0.030991991981863976,0.8220320343971252,0.37189221382141113,-0.010551756247878075,0.745449423789978,0.38171881437301636,-0.031064830720424652,0.7324021458625793,0.40247660875320435,-0.02747954986989498,0.7480868101119995,0.4093225300312042,-0.021961063146591187,0.8170715570449829,0.4185827970504761,-0.017223510891199112,0.7574977874755859,0.4224885404109955,-0.03211597353219986,0.7436914443969727,0.4333389699459076,-0.032210636883974075,0.7549697756767273,0.4384908080101013,-0.028862621635198593,thumbs_up,RRQ_p6,RRQ
0.6809336543083191,0.6521521210670471,-5.958759174973238e-07,0.6648953557014465,0.5842289924621582,-0.0306167583912611,0.681332528591156,0.4953380525112152,-0.041587527841329575,0.6959096193313599,0.4312816262245178,-0.049054279923439026,0.7045033574104309,0.37723928689956665,-0.05089036747813225,0.7626424431800842,0.4835505783557892,-0.015608423389494419,0.7479397654533386,0.5078006386756897,-0.038232557475566864,0.720482349395752,0.5357877016067505,-0.04876032471656799,0.7223138213157654,0.5313059091567993,-0.056064873933792114,0.7921881079673767,0.5213145017623901,-0.012854178436100483,0.7613018155097961,0.5559186935424805,-0.0377299040555954,0.7256006598472595,0.5791629552841187,-0.043683432042598724,0.7311109304428101,0.5676419734954834,-0.045037709176540375,0.8059300184249878,0.5687741637229919,-0.015279295854270458,0.7723233699798584,0.6027043461799622,-0.042643725872039795,0.7380937337875366,0.615875244140625,-0.03862396627664566,0.7434338927268982,0.5992749929428101,-0.03259597346186638,0.8115221261978149,0.6166419982910156,-0.020905066281557083,0.7841227054595947,0.6425851583480835,-0.03960828855633736,0.7544787526130676,0.6475548148155212,-0.038550153374671936,0.7546518445014954,0.632407009601593,-0.03501768782734871,thumbs_up,RRQ_p6,RRQ
0.6233591437339783,0.6405141949653625,-4.045944024255732e-08,0.6050244569778442,0.5581569671630859,-0.006776017136871815,0.5748561024665833,0.4897516667842865,-0.018635042011737823,0.5503025650978088,0.43292343616485596,-0.028683139011263847,0.5393776297569275,0.38556838035583496,-0.03790763393044472,0.5317384600639343,0.5327936410903931,-0.033825479447841644,0.47897806763648987,0.5265135765075684,-0.042960986495018005,0.5008664727210999,0.5284401774406433,-0.04468628391623497,0.5229907631874084,0.5334264636039734,-0.04396343603730202,0.5239644646644592,0.5848004817962646,-0.03441925719380379,0.4753543436527252,0.5691519975662231,-0.03746102750301361,0.49590250849723816,0.5679216980934143,-0.03287113457918167,0.5179817080497742,0.5731366872787476,-0.031150251626968384,0.5203694105148315,0.6309764385223389,-0.03345682471990585,0.48133039474487305,0.6099166870117188,-0.032075684517621994,0.49885469675064087,0.6073886156082153,-0.02121930569410324,0.5185549259185791,0.6116448640823364,-0.016311252489686012,0.5195862054824829,0.6683645844459534,-0.03286758065223694,0.4865640699863434,0.6445149183273315,-0.02964719571173191,0.5038763880729675,0.6421399116516113,-0.018126467242836952,0.5211876034736633,0.6466436982154846,-0.010325157083570957,thumbs_up,RRQ_p6,RRQ
0.6375269889831543,0.5017632842063904,-1.2924287773330434e-07,0.6238225698471069,0.4241967499256134,-0.012364217080175877,0.5987633466720581,0.33697083592414856,-0.03218425437808037,0.5879235863685608,0.27331364154815674,-0.048466455191373825,0.5898550152778625,0.2184663861989975,-0.06498197466135025,0.5993328094482422,0.3752347230911255,-0.07276991009712219,0.5128747224807739,0.3905692994594574,-0.09543290734291077,0.5326716899871826,0.39372268319129944,-0.09827553480863571,0.5590652823448181,0.3877001106739044,-0.09756963700056076,0.5997896194458008,0.43165114521980286,-0.0772983655333519,0.5110007524490356,0.4433930218219757,-0.09730987250804901,0.533818781375885,0.43612760305404663,-0.09069744497537613,0.5621135234832764,0.432992547750473,-0.08789567649364471,0.5982714295387268,0.4825194478034973,-0.07974835485219955,0.5181720852851868,0.4838911294937134,-0.09746710956096649,0.5389015078544617,0.47662365436553955,-0.08388736099004745,0.5649998784065247,0.4733700156211853,-0.07504485547542572,0.5940910577774048,0.5256600975990295,-0.08194971084594727,0.5312413573265076,0.520841658115387,-0.09586947411298752,0.5492439866065979,0.5133076310157776,-0.08776511996984482,0.5735681653022766,0.5105438232421875,-0.08137299865484238,thumbs_up,RRQ_p6,RRQ
0.5674828886985779,0.4582586884498596,-4.575517209559621e-07,0.5460150241851807,0.3972920775413513,-0.038697414100170135,0.5506059527397156,0.3250318467617035,-0.057885680347681046,0.5586035847663879,0.2711002826690674,-0.0698084831237793,0.5698185563087463,0.21633855998516083,-0.0770755410194397,0.616955041885376,0.3564470112323761,-0.05448667332530022,0.5599240064620972,0.3921966850757599,-0.07410165667533875,0.5512519478797913,0.39011862874031067,-0.0801570788025856,0.565693199634552,0.3768843710422516,-0.08540897071361542,0.6378651857376099,0.4072055518627167,-0.04694034904241562,0.5590431094169617,0.447177529335022,-0.06369118392467499,0.5568653345108032,0.43232735991477966,-0.06223731115460396,0.5759124159812927,0.41187331080436707,-0.06294393539428711,0.642928957939148,0.4577772617340088,-0.041929688304662704,0.5687506198883057,0.4850318431854248,-0.06212813779711723,0.5659822821617126,0.47101446986198425,-0.05007965490221977,0.5850141644477844,0.45351284742355347,-0.04110606759786606,0.639140784740448,0.5011850595474243,-0.04126616194844246,0.585014283657074,0.517717719078064,-0.06364533305168152,0.5803228616714478,0.5082076787948608,-0.06234060227870941,0.593663215637207,0.4940573275089264,-0.058265138417482376,thumbs_up,RRQ_p6,RRQ
0.582048773765564,0.8109351992607117,4.3972204366582446e-07,0.552603006362915,0.7763239741325378,-0.030328238382935524,0.547799289226532,0.7206854224205017,-0.045737382024526596,0.5887777805328369,0.7009462118148804,-0.05951506644487381,0.6290654540061951,0.6988431811332703,-0.0716531053185463,0.5687148571014404,0.6301273107528687,-0.03061554953455925,0.5606623291969299,0.550925076007843,-0.052468858659267426,0.5557802319526672,0.49957573413848877,-0.06585902720689774,0.5532495379447937,0.4540824890136719,-0.07510491460561752,0.6042874455451965,0.6319003105163574,-0.03170786798000336,0.6095291376113892,0.5480719208717346,-0.05448015779256821,0.613778293132782,0.49509871006011963,-0.06758546829223633,0.6191906929016113,0.4450521171092987,-0.07420031726360321,0.6303965449333191,0.6573412418365479,-0.03612237423658371,0.6559678912162781,0.6303116679191589,-0.06715936958789825,0.6389876008033752,0.6785106658935547,-0.07022728770971298,0.6223618984222412,0.713547945022583,-0.06353093683719635,0.6488425731658936,0.6945235133171082,-0.04341752082109451,0.6615188717842102,0.6910769939422607,-0.0690639540553093,0.6443586349487305,0.7231948971748352,-0.07010049372911453,0.6268070340156555,0.7461397647857666,-0.06500784307718277,peace_sign,RRQ_p6,RRQ
0.3686083257198334,0.7767302393913269,5.227046244726807e-07,0.32452014088630676,0.7602074146270752,-0.021973568946123123,0.28413042426109314,0.7187644839286804,-0.03733085095882416,0.29454949498176575,0.6890401840209961,-0.05361306294798851,0.3298770487308502,0.6754578948020935,-0.06916894018650055,0.30149778723716736,0.6095481514930725,-0.031204186379909515,0.27457037568092346,0.5348140001296997,-0.05557865649461746,0.25632214546203613,0.4870228171348572,-0.0700739398598671,0.24157921969890594,0.4439597725868225,-0.07929451763629913,0.3374920189380646,0.5986276865005493,-0.037141986191272736,0.3233618438243866,0.5175304412841797,-0.06252890080213547,0.314282089471817,0.46129143238067627,-0.07668871432542801,0.3083491921424866,0.409508615732193,-0.08306394517421722,0.3715430796146393,0.610412061214447,-0.04507124796509743,0.3596763610839844,0.6068273782730103,-0.07704639434814453,0.3476950228214264,0.6676813960075378,-0.08060063421726227,0.3420540392398834,0.7112115621566772,-0.07341022044420242,0.39830613136291504,0.6368923783302307,-0.055088892579078674,0.3820214569568634,0.6568880677223206,-0.07806739956140518,0.36752498149871826,0.7008928060531616,-0.07686232030391693,0.36039745807647705,0.7314363718032837,-0.06991759687662125,peace_sign,RRQ_p6,RRQ
0.5826045274734497,0.6165992617607117,4.462977472030616e-07,0.5541528463363647,0.571448802947998,-0.03354354947805405,0.5589320063591003,0.5131739974021912,-0.05030588433146477,0.6075692772865295,0.49437588453292847,-0.06541640311479568,0.6491677761077881,0.49095258116722107,-0.07828371226787567,0.5853093266487122,0.41930997371673584,-0.030860641971230507,0.5790818333625793,0.3320820927619934,-0.05434431880712509,0.5760054588317871,0.2744472622871399,-0.06906124204397202,0.5750840902328491,0.22440680861473083,-0.07897396385669708,0.6229257583618164,0.4265842139720917,-0.0316830575466156,0.6346740126609802,0.33527109026908875,-0.055871788412332535,0.6425310373306274,0.2786576449871063,-0.07057488709688187,0.651102602481842,0.2263086885213852,-0.07813898473978043,0.6477642059326172,0.4579530358314514,-0.03638874366879463,0.6780166029930115,0.4276498258113861,-0.06997941434383392,0.6573870778083801,0.4748134911060333,-0.0738712027668953,0.6377862691879272,0.5080952644348145,-0.06686492264270782,0.6631222367286682,0.5017569065093994,-0.044164229184389114,0.681475043296814,0.48943156003952026,-0.06959115713834763,0.6608576774597168,0.5176734924316406,-0.06922221928834915,0.6389647126197815,0.5387696623802185,-0.06299654394388199,peace_sign,RRQ_p6,RRQ
0.7773336172103882,0.5266846418380737,4.06426067911525e-07,0.7646595239639282,0.4683525860309601,-0.041020750999450684,0.7912546992301941,0.41067957878112793,-0.05556363984942436,0.8516258597373962,0.3990086615085602,-0.06721343845129013,0.8938313722610474,0.3957382142543793,-0.07584410905838013,0.8214260935783386,0.3186277747154236,-0.025208545848727226,0.8310844302177429,0.22828996181488037,-0.048504434525966644,0.8393068909645081,0.16944006085395813,-0.06424666941165924,0.8487008810043335,0.11962021887302399,-0.07438577711582184,0.8593044281005859,0.33638113737106323,-0.02229573205113411,0.8862066268920898,0.24228845536708832,-0.04613723233342171,0.9024177193641663,0.18627457320690155,-0.06274142861366272,0.9193448424339294,0.13494141399860382,-0.07096043974161148,0.8797996640205383,0.3741495609283447,-0.024966737255454063,0.9210941791534424,0.34385916590690613,-0.06284559518098831,0.8930178880691528,0.39072781801223755,-0.07119379937648773,0.867960512638092,0.4184630215167999,-0.06522195041179657,0.8879812955856323,0.425451397895813,-0.031082386150956154,0.9208417534828186,0.4082045257091522,-0.05966396629810333,0.8961929082870483,0.431998074054718,-0.06132953613996506,0.8671167492866516,0.4478081166744232,-0.05545375868678093,peace_sign,RRQ_p6,RRQ
0.7338829040527344,0.5613130331039429,4.661234811464965e-07,0.7062700986862183,0.508493185043335,-0.02174677886068821,0.6876139640808105,0.441074013710022,-0.03927213326096535,0.7034129500389099,0.4092083275318146,-0.05906840041279793,0.7404384016990662,0.4147992432117462,-0.0780416876077652,0.7576448321342468,0.3519245982170105,-0.024927334859967232,0.7651024460792542,0.2660957872867584,-0.04962790012359619,0.7697584629058838,0.21042422950267792,-0.06499747931957245,0.7772015929222107,0.1635153740644455,-0.07487037777900696,0.7902306914329529,0.3728516101837158,-0.03407106176018715,0.8093689680099487,0.27901965379714966,-0.06098765879869461,0.8229800462722778,0.21660102903842926,-0.07811495661735535,0.8394852876663208,0.1628122627735138,-0.08671224862337112,0.8133559823036194,0.4134870171546936,-0.04577229171991348,0.8047019839286804,0.3747798800468445,-0.08289258182048798,0.7666041254997253,0.41450005769729614,-0.08914006501436234,0.7429579496383667,0.4494733214378357,-0.08263004571199417,0.825078547000885,0.4617723524570465,-0.05918463319540024,0.8047058582305908,0.43451255559921265,-0.08588223159313202,0.7711867690086365,0.45978185534477234,-0.0848766341805458,0.7506740093231201,0.4860411286354065,-0.07758989185094833,peace_sign,RRQ_p6,RRQ
0.6883465051651001,0.6782349944114685,4.6847299017827027e-07,0.7102590799331665,0.5944910645484924,0.023270172998309135,0.6930631399154663,0.5277851223945618,0.0261301901191473,0.6622521281242371,0.49777287244796753,0.0237723458558321,0.6346052885055542,0.48829200863838196,0.01944981887936592,0.6892388463020325,0.4816313087940216,-0.009718633256852627,0.6886416673660278,0.38929909467697144,-0.02498277835547924,0.6877560019493103,0.3301796317100525,-0.034061696380376816,0.6851552724838257,0.2886078357696533,-0.03782563656568527,0.65779709815979,0.4929512143135071,-0.023628853261470795,0.6358774304389954,0.3944917321205139,-0.03406478464603424,0.626100480556488,0.33419811725616455,-0.03563862293958664,0.6145585775375366,0.29499176144599915,-0.035799942910671234,0.6293971538543701,0.5178390741348267,-0.03315809741616249,0.5946335792541504,0.4625917673110962,-0.030476028099656105,0.6092092990875244,0.47805798053741455,-0.015300020575523376,0.6216562986373901,0.49755752086639404,-0.0035727983340620995,0.6077792644500732,0.5534420013427734,-0.04150833934545517,0.5846511721611023,0.5094752311706543,-0.03019210509955883,0.5961512327194214,0.5205898880958557,-0.011006333865225315,0.6093661785125732,0.5375494360923767,0.004241118673235178,peace_sign,RRQ_p6,RRQ
0.7854241132736206,0.9075369834899902,4.009930876236467e-07,0.7755509614944458,0.858228862285614,-0.03411317616701126,0.7913334965705872,0.8068504929542542,-0.046640459448099136,0.841673731803894,0.7878005504608154,-0.05683239921927452,0.8801048994064331,0.7800724506378174,-0.06410715728998184,0.8031780123710632,0.7257276773452759,-0.016783101484179497,0.8032367825508118,0.6504474878311157,-0.034386299550533295,0.8063634037971497,0.6017946600914001,-0.046700429171323776,0.8112565279006958,0.5593805313110352,-0.05526770278811455,0.8385264873504639,0.7367327213287354,-0.014196326024830341,0.8552147746086121,0.6590846180915833,-0.03264954686164856,0.8701510429382324,0.6157874464988708,-0.04503728821873665,0.8853701949119568,0.5737524032592773,-0.051147013902664185,0.8615195751190186,0.7693338990211487,-0.0166352316737175,0.8959982395172119,0.7414112687110901,-0.048375725746154785,0.8778071999549866,0.7879322171211243,-0.05362734571099281,0.8601782917976379,0.8139501810073853,-0.047474149614572525,0.8765694499015808,0.8157981634140015,-0.021826129406690598,0.9047864675521851,0.7994071841239929,-0.04718978703022003,0.8854013681411743,0.8250013589859009,-0.04775216430425644,0.8629283905029297,0.840390682220459,-0.04204867035150528,peace_sign,RRQ_p6,RRQ
0.17361293733119965,0.772261381149292,6.708520459142164e-07,0.2116139531135559,0.7265625596046448,-0.021366124972701073,0.22270816564559937,0.6617714166641235,-0.031990569084882736,0.18267539143562317,0.6386076211929321,-0.043933697044849396,0.14148351550102234,0.6326092481613159,-0.055160291492938995,0.19804647564888,0.5743260383605957,-0.014637374319136143,0.21173128485679626,0.49404847621917725,-0.03711501508951187,0.2203378975391388,0.4414818286895752,-0.05074741691350937,0.2264668047428131,0.39700210094451904,-0.05780620872974396,0.16136421263217926,0.5796908736228943,-0.02054801769554615,0.15301892161369324,0.48946964740753174,-0.04550371319055557,0.14871910214424133,0.4289906620979309,-0.06044716760516167,0.14391954243183136,0.37745916843414307,-0.0660400539636612,0.1327715516090393,0.6068995594978333,-0.029397454112768173,0.11930820345878601,0.5803313851356506,-0.06758515536785126,0.142984539270401,0.6342963576316833,-0.07403761148452759,0.15983866155147552,0.6721457839012146,-0.06559091806411743,0.10909345746040344,0.649357795715332,-0.0393650159239769,0.10274246335029602,0.6361484527587891,-0.06780640780925751,0.12505313754081726,0.672754168510437,-0.0656539723277092,0.1420547366142273,0.6998799443244934,-0.055743634700775146,peace_sign,RRQ_p6,RRQ
0.21139758825302124,0.769330620765686,6.41473661744385e-07,0.24075227975845337,0.7187187075614929,-0.01951250620186329,0.25755882263183594,0.6593139171600342,-0.03571849688887596,0.2550404667854309,0.6189416646957397,-0.053678885102272034,0.23218245804309845,0.6273781061172485,-0.06951536238193512,0.19175486266613007,0.5771563053131104,-0.02658572420477867,0.18478812277317047,0.5001593828201294,-0.05182286724448204,0.1805696040391922,0.45096641778945923,-0.06672413647174835,0.17464607954025269,0.40845924615859985,-0.07491981238126755,0.15988239645957947,0.596712589263916,-0.035539813339710236,0.14268238842487335,0.5162107944488525,-0.06498810648918152,0.13308310508728027,0.4587933421134949,-0.08061771839857101,0.12327540665864944,0.41220366954803467,-0.08647416532039642,0.14068123698234558,0.6337215900421143,-0.04618839547038078,0.17992562055587769,0.610528290271759,-0.08201989531517029,0.21032455563545227,0.6428666114807129,-0.08669961988925934,0.22410094738006592,0.6710460186004639,-0.07837893813848495,0.13657067716121674,0.6796869039535522,-0.058871347457170486,0.178872749209404,0.6648377776145935,-0.08260037004947662,0.21000245213508606,0.6772544980049133,-0.08179603517055511,0.2268880307674408,0.6914180517196655,-0.07398346811532974,peace_sign,RRQ_p6,RRQ
0.11722886562347412,0.6104084253311157,5.673692271557229e-07,0.15187594294548035,0.5532021522521973,-0.019058307632803917,0.15868866443634033,0.47662997245788574,-0.02622193470597267,0.11975115537643433,0.43478456139564514,-0.034072570502758026,0.07812163233757019,0.4284857511520386,-0.041650496423244476,0.13474519550800323,0.4149927496910095,-0.011988346464931965,0.14367705583572388,0.33387231826782227,-0.02845141664147377,0.14798903465270996,0.284473717212677,-0.03910344839096069,0.15059678256511688,0.24001866579055786,-0.04571725055575371,0.09910748898983002,0.41939225792884827,-0.015360686928033829,0.09698610752820969,0.3328736424446106,-0.03377995267510414,0.0958310216665268,0.2778140902519226,-0.04415181651711464,0.09236006438732147,0.23072990775108337,-0.04867858439683914,0.07019796222448349,0.4450017213821411,-0.021049274131655693,0.050614893436431885,0.39983606338500977,-0.052287209779024124,0.07492411881685257,0.44885286688804626,-0.054250363260507584,0.09279924631118774,0.4883769750595093,-0.045476898550987244,0.04651504009962082,0.4858560264110565,-0.027772296220064163,0.03447464480996132,0.4537990093231201,-0.05351092666387558,0.057499829679727554,0.4842684864997864,-0.0502321682870388,0.07481281459331512,0.5141147375106812,-0.04089917242527008,peace_sign,RRQ_p6,RRQ
0.5067630410194397,0.759634792804718,7.265502404152357e-07,0.562232494354248,0.7441892623901367,-0.021709296852350235,0.6186559200286865,0.6941620707511902,-0.038684871047735214,0.6460028886795044,0.6444202661514282,-0.05876860022544861,0.6184701919555664,0.62862229347229,-0.07582762092351913,0.6055189371109009,0.5638889670372009,-0.024574659764766693,0.648688793182373,0.4868299961090088,-0.05317896604537964,0.6738418936729431,0.4385107159614563,-0.06984283775091171,0.6937317848205566,0.39682310819625854,-0.07959556579589844,0.5680146217346191,0.5484448075294495,-0.03606123849749565,0.606899082660675,0.45682916045188904,-0.07324325293302536,0.6371350288391113,0.39788421988487244,-0.09218690544366837,0.6583625078201294,0.349822074174881,-0.09960296005010605,0.5299936532974243,0.5549689531326294,-0.04987000301480293,0.5873004198074341,0.5441666841506958,-0.0944279208779335,0.5917291045188904,0.6168400049209595,-0.09380985796451569,0.5834086537361145,0.664318323135376,-0.07957454025745392,0.5013718605041504,0.5812217593193054,-0.06631972640752792,0.5591551661491394,0.6002660989761353,-0.09619583934545517,0.5682448148727417,0.6522853970527649,-0.09285078942775726,0.5611022710800171,0.6848770380020142,-0.0819835290312767,peace_sign,RRQ_p6,RRQ
0.16282914578914642,0.568366527557373,7.435278348566499e-07,0.2038535177707672,0.50272536277771,-0.02293313667178154,0.21323099732398987,0.4138886630535126,-0.032687198370695114,0.16821306943893433,0.3708875775337219,-0.04382065311074257,0.11923421174287796,0.3637751638889313,-0.05469249561429024,0.17872211337089539,0.33010029792785645,-0.016884759068489075,0.1926487684249878,0.23213407397270203,-0.03957727551460266,0.1992926299571991,0.1714540719985962,-0.05352162569761276,0.2038419544696808,0.11685769259929657,-0.06170373037457466,0.13611935079097748,0.33626511693000793,-0.02313949540257454,0.13171465694904327,0.22781425714492798,-0.04848254844546318,0.1298859864473343,0.15799716114997864,-0.06241118162870407,0.12571291625499725,0.09808546304702759,-0.06817502528429031,0.10188986361026764,0.3686853051185608,-0.03225492313504219,0.08171304315328598,0.3166222870349884,-0.07420116662979126,0.11214642226696014,0.37841352820396423,-0.07721202075481415,0.1337561458349228,0.4270426332950592,-0.06565757840871811,0.07451455295085907,0.41996699571609497,-0.04255031421780586,0.06387940049171448,0.38276198506355286,-0.07650643587112427,0.0941614955663681,0.4209860563278198,-0.07251912355422974,0.11610569804906845,0.4576137661933899,-0.06031651794910431,peace_sign,RRQ_p6,RRQ
0.1500307023525238,0.6100059747695923,3.430179731367389e-07,0.14009183645248413,0.5356484055519104,0.006230639293789864,0.1596837192773819,0.48010388016700745,-0.00015331583563238382,0.19311590492725372,0.46223294734954834,-0.009253238327801228,0.22242571413516998,0.46866580843925476,-0.017617259174585342,0.15786373615264893,0.4432152807712555,-0.01897643506526947,0.17030423879623413,0.36277472972869873,-0.03114159405231476,0.1785244643688202,0.31485432386398315,-0.03640463575720787,0.1851116418838501,0.2774239182472229,-0.03958043083548546,0.18630528450012207,0.4577682614326477,-0.031251903623342514,0.20842371881008148,0.37257203459739685,-0.046092450618743896,0.22174030542373657,0.3208462595939636,-0.05317126214504242,0.231820210814476,0.28115105628967285,-0.05700661614537239,0.2122182846069336,0.4872228801250458,-0.040515247732400894,0.2517905831336975,0.44680896401405334,-0.049481362104415894,0.2410336583852768,0.46762603521347046,-0.03908981755375862,0.22469918429851532,0.48493692278862,-0.02861715666949749,0.23337802290916443,0.5234963893890381,-0.04975341632962227,0.2586938738822937,0.4937690496444702,-0.04862869158387184,0.2478613704442978,0.5089651346206665,-0.03350367024540901,0.23370356857776642,0.5231409668922424,-0.020663196220993996,peace_sign,RRQ_p6,RRQ
