x0,y0,z0,x1,y1,z1,x2,y2,z2,x3,y3,z3,x4,y4,z4,x5,y5,z5,x6,y6,z6,x7,y7,z7,x8,y8,z8,x9,y9,z9,x10,y10,z10,x11,y11,z11,x12,y12,z12,x13,y13,z13,x14,y14,z14,x15,y15,z15,x16,y16,z16,x17,y17,z17,x18,y18,z18,x19,y19,z19,x20,y20,z20,label,person_id,collector
0.5592158436775208,0.7129374742507935,-8.897443137811933e-08,0.510485053062439,0.7108133435249329,-0.04156215488910675,0.46660512685775757,0.7010045051574707,-0.07975518703460693,0.4765595495700836,0.7126396894454956,-0.11418760567903519,0.5218225717544556,0.7167136669158936,-0.14661087095737457,0.49209272861480713,0.5573284029960632,-0.08551128953695297,0.4801557660102844,0.49244141578674316,-0.13905279338359833,0.4736744165420532,0.43958157300949097,-0.17686468362808228,0.4710288643836975,0.3874308466911316,-0.20561955869197845,0.5549612045288086,0.5253453850746155,-0.08551308512687683,0.5448768734931946,0.6467477679252625,-0.13522867858409882,0.5220658779144287,0.711023211479187,-0.13632336258888245,0.5131614208221436,0.6988608837127686,-0.1328236162662506,0.607290506362915,0.5527491569519043,-0.09042312204837799,0.5945672392845154,0.6962641477584839,-0.1251460760831833,0.5624432563781738,0.7233855128288269,-0.09781214594841003,0.5511921048164368,0.700371503829956,-0.07664370536804199,0.6480658650398254,0.5998559594154358,-0.10228975862264633,0.6359719634056091,0.709138035774231,-0.14021646976470947,0.6102195978164673,0.7334789037704468,-0.1341191977262497,0.6008611917495728,0.7189810276031494,-0.12168210744857788,point,RRQ_p5,RRQ
0.7438477873802185,0.6122584342956543,-6.374998751113026e-09,0.6925349831581116,0.6041892170906067,-0.05649127438664436,0.6664659976959229,0.5696487426757812,-0.09972559660673141,0.7024587392807007,0.5699998736381531,-0.13578884303569794,0.7516649961471558,0.5659462213516235,-0.1684761345386505,0.7198443412780762,0.42340654134750366,-0.09336014837026596,0.7570669651031494,0.356087327003479,-0.14943623542785645,0.7966821789741516,0.3177115321159363,-0.18815678358078003,0.8369530439376831,0.27704381942749023,-0.21609917283058167,0.7809725999832153,0.4135848879814148,-0.08660194277763367,0.7795220613479614,0.5125939249992371,-0.1482512503862381,0.7444028258323669,0.5832644104957581,-0.159562885761261,0.7318131327629089,0.5798071026802063,-0.161691814661026,0.8235737681388855,0.44202905893325806,-0.08530724793672562,0.8205870985984802,0.5549362301826477,-0.13365678489208221,0.7828884720802307,0.5999391674995422,-0.11846835911273956,0.7678951621055603,0.5838838815689087,-0.10339576005935669,0.8539352416992188,0.48561084270477295,-0.09104685485363007,0.8456039428710938,0.5796943306922913,-0.13053852319717407,0.8164451122283936,0.6162521839141846,-0.12770235538482666,0.8016327619552612,0.6056437492370605,-0.11841434985399246,point,RRQ_p5,RRQ
0.44034844636917114,0.5081836581230164,-2.7557351245377504e-07,0.3878711462020874,0.5120761394500732,-0.03492620587348938,0.33782294392585754,0.49740615487098694,-0.066619873046875,0.32532796263694763,0.47342371940612793,-0.09662367403507233,0.3543443977832794,0.43939101696014404,-0.12506592273712158,0.32505667209625244,0.3308594822883606,-0.0625385046005249,0.2828788459300995,0.2555703818798065,-0.10498598217964172,0.25411558151245117,0.2004285603761673,-0.132868692278862,0.2348538190126419,0.15050168335437775,-0.15435974299907684,0.37802618741989136,0.2844131588935852,-0.06523989140987396,0.36957457661628723,0.37057793140411377,-0.10964399576187134,0.3744189739227295,0.45899081230163574,-0.11282727867364883,0.3816974461078644,0.47859397530555725,-0.10931780189275742,0.43264147639274597,0.29188066720962524,-0.07165408879518509,0.4251807928085327,0.41375109553337097,-0.10364954173564911,0.41302022337913513,0.4769284129142761,-0.08323556929826736,0.4100876450538635,0.47659528255462646,-0.06627873331308365,0.4807376563549042,0.3248216211795807,-0.08365102112293243,0.46889728307724,0.4220287799835205,-0.10720845311880112,0.4564903974533081,0.47240620851516724,-0.09550667554140091,0.4535672068595886,0.47122910618782043,-0.0819079577922821,point,RRQ_p5,RRQ
0.38969331979751587,0.6806034445762634,-2.4721623503864976e-07,0.3318665027618408,0.7087478041648865,-0.031102178618311882,0.27638229727745056,0.7340286374092102,-0.060252826660871506,0.25276365876197815,0.7719155550003052,-0.0882297232747078,0.28014230728149414,0.7678412199020386,-0.11619969457387924,0.26454246044158936,0.5923289656639099,-0.05265184864401817,0.22376805543899536,0.5891648530960083,-0.08803929388523102,0.18613827228546143,0.5839612483978271,-0.11325720697641373,0.15489867329597473,0.5753908753395081,-0.13311849534511566,0.3060632348060608,0.5499188303947449,-0.05720730125904083,0.2962270975112915,0.6967319846153259,-0.0974431112408638,0.3111971318721771,0.7544116973876953,-0.10394597053527832,0.3262224495410919,0.7581048607826233,-0.10270843654870987,0.35954219102859497,0.5530505776405334,-0.06516002863645554,0.3543839454650879,0.708132803440094,-0.09346825629472733,0.3557130694389343,0.7305878400802612,-0.077042356133461,0.3570502996444702,0.7090687155723572,-0.06100993975996971,0.40885457396507263,0.5789560079574585,-0.0780622661113739,0.39822840690612793,0.6956737041473389,-0.10007239878177643,0.39585745334625244,0.7081441283226013,-0.0904405489563942,0.3951224684715271,0.6825551986694336,-0.07730879634618759,point,RRQ_p5,RRQ
0.6360560655593872,0.6710214614868164,8.128993300715592e-08,0.6335179209709167,0.5597196221351624,-0.020627278834581375,0.5983560085296631,0.4756835997104645,-0.05366377905011177,0.5476357936859131,0.4346577525138855,-0.08413950353860855,0.529852032661438,0.4526025056838989,-0.11730671674013138,0.6767448782920837,0.5425179600715637,-0.07675117999315262,0.6395065188407898,0.49259045720100403,-0.1153651550412178,0.6091452240943909,0.4427890181541443,-0.136461079120636,0.5810787081718445,0.41847261786460876,-0.1496448516845703,0.6518236398696899,0.6088324189186096,-0.08840043097734451,0.5437757968902588,0.5095372200012207,-0.12537232041358948,0.5360689759254456,0.49567461013793945,-0.12774479389190674,0.5476532578468323,0.5096976161003113,-0.12982147932052612,0.6143153309822083,0.6646122932434082,-0.09999876469373703,0.5113247036933899,0.5598410964012146,-0.13801166415214539,0.525378406047821,0.5590373277664185,-0.1271088570356369,0.555740475654602,0.583030641078949,-0.11428126692771912,0.5715253353118896,0.7049957513809204,-0.11215014010667801,0.4949333369731903,0.6094989776611328,-0.1449367105960846,0.5079788565635681,0.5972411632537842,-0.14089226722717285,0.5372406840324402,0.6131536960601807,-0.13377223908901215,point,RRQ_p5,RRQ
0.6445586681365967,0.6601995825767517,8.670425444279317e-08,0.6464488506317139,0.5473608374595642,-0.016464294865727425,0.6137576103210449,0.46829572319984436,-0.045474614948034286,0.5586865544319153,0.43454617261886597,-0.07227955013513565,0.5293724536895752,0.4559321105480194,-0.10155036300420761,0.6849794387817383,0.5423269271850586,-0.06731553375720978,0.6488309502601624,0.5013114213943481,-0.10324293375015259,0.6205870509147644,0.450582355260849,-0.12325732409954071,0.5953388810157776,0.42690765857696533,-0.13503965735435486,0.6597260236740112,0.6082026958465576,-0.07968218624591827,0.5502116680145264,0.5102517604827881,-0.11416173726320267,0.5442215800285339,0.49018651247024536,-0.11611069738864899,0.5587447881698608,0.5036531090736389,-0.11715184897184372,0.6230460405349731,0.6615045070648193,-0.09171994030475616,0.5196853876113892,0.5566306710243225,-0.12653209269046783,0.535602331161499,0.5493233799934387,-0.11367571353912354,0.569368302822113,0.572796642780304,-0.09862237423658371,0.580821692943573,0.6998119354248047,-0.10422225296497345,0.5031705498695374,0.604590117931366,-0.13306419551372528,0.5161855220794678,0.5862208604812622,-0.12673282623291016,0.5462849140167236,0.5993923544883728,-0.11762858927249908,point,RRQ_p5,RRQ
0.4141232371330261,0.6639293432235718,2.2428234558447002e-07,0.3871995806694031,0.5898984670639038,-0.01840921677649021,0.32046765089035034,0.557399570941925,-0.039420418441295624,0.2600533962249756,0.5593487024307251,-0.052777256816625595,0.21072909235954285,0.5730922818183899,-0.06746722757816315,0.3384542167186737,0.5621222853660583,-0.090549536049366,0.24535000324249268,0.5382266044616699,-0.11298636347055435,0.19583743810653687,0.5282180905342102,-0.11685901135206223,0.15532186627388,0.5287295579910278,-0.11811131983995438,0.33336398005485535,0.6270661354064941,-0.08919700980186462,0.23129582405090332,0.5939852595329285,-0.10944703221321106,0.2478828877210617,0.580891489982605,-0.09908223897218704,0.27721041440963745,0.5863505601882935,-0.09123899042606354,0.3267443776130676,0.6849786043167114,-0.08394042402505875,0.23165711760520935,0.6456190347671509,-0.09488601237535477,0.2528200149536133,0.6330294013023376,-0.07252169400453568,0.28092247247695923,0.6390790939331055,-0.05841192975640297,0.31874793767929077,0.7313046455383301,-0.07916301488876343,0.24230791628360748,0.6943678855895996,-0.08535244315862656,0.2603519558906555,0.6819328665733337,-0.07039949297904968,0.28415757417678833,0.6906425952911377,-0.06068648025393486,point,RRQ_p5,RRQ
0.47400522232055664,0.6493180394172668,-1.381230845254322e-07,0.45511195063591003,0.5993214845657349,-0.03529699146747589,0.4449862241744995,0.5475822687149048,-0.06700961291790009,0.4489675462245941,0.5226454734802246,-0.09680440276861191,0.47695672512054443,0.5312099456787109,-0.12591765820980072,0.5580528378486633,0.48759424686431885,-0.06476031988859177,0.6183484792709351,0.43937045335769653,-0.10120967030525208,0.6595057845115662,0.4076293706893921,-0.1260950267314911,0.697260856628418,0.3845739960670471,-0.14513349533081055,0.5971828103065491,0.5415139198303223,-0.06464743614196777,0.5288524031639099,0.5533297657966614,-0.11056986451148987,0.4734089970588684,0.5773781538009644,-0.1189001128077507,0.45060423016548157,0.5997855067253113,-0.11880574375391006,0.6017758846282959,0.6059442162513733,-0.06709053367376328,0.5216814279556274,0.620997428894043,-0.10336169600486755,0.47840216755867004,0.6238510608673096,-0.09131656587123871,0.4627784192562103,0.6263844966888428,-0.07816272228956223,0.5916688442230225,0.6685636639595032,-0.07379411160945892,0.5314794778823853,0.6782618761062622,-0.10081881284713745,0.4957335591316223,0.6746083498001099,-0.09418858587741852,0.48193666338920593,0.6684238314628601,-0.08312983810901642,point,RRQ_p5,RRQ
0.4856853485107422,0.6590595841407776,-1.5358052962710644e-07,0.46694326400756836,0.6064853072166443,-0.03327593579888344,0.45677781105041504,0.5545914173126221,-0.06358380615711212,0.4570370316505432,0.526814341545105,-0.0923277959227562,0.4821460247039795,0.5329378843307495,-0.12075009942054749,0.5614422559738159,0.4950343370437622,-0.06422167271375656,0.6184224486351013,0.44182637333869934,-0.10128960758447647,0.6575184464454651,0.40880411863327026,-0.1263064295053482,0.6936305165290833,0.38422659039497375,-0.1447724848985672,0.6005656719207764,0.5452953577041626,-0.06459826231002808,0.5410915613174438,0.5549595355987549,-0.11116936802864075,0.4855455458164215,0.5823816657066345,-0.11965107172727585,0.4584730565547943,0.6059899926185608,-0.11890478432178497,0.6081157326698303,0.6078034043312073,-0.06724906712770462,0.5351295471191406,0.6228637099266052,-0.10336624830961227,0.4913172125816345,0.6283763647079468,-0.09176534414291382,0.4707273542881012,0.632289469242096,-0.0783153623342514,0.6011565327644348,0.668878436088562,-0.07391318678855896,0.5473571419715881,0.6809162497520447,-0.10000106692314148,0.511620044708252,0.6790248155593872,-0.09306201338768005,0.4943704307079315,0.6743273138999939,-0.08168188482522964,point,RRQ_p5,RRQ
0.5561785101890564,0.5021971464157104,-1.9684222252180916e-07,0.5335928201675415,0.435026079416275,-0.031978074461221695,0.529613196849823,0.37009260058403015,-0.06002053618431091,0.537898063659668,0.32729437947273254,-0.0874667763710022,0.570003867149353,0.3373265266418457,-0.11408726871013641,0.6417624354362488,0.3026282489299774,-0.052441488951444626,0.7014592289924622,0.2419445514678955,-0.09079919010400772,0.7429815530776978,0.204838365316391,-0.11668025702238083,0.7806745767593384,0.17887844145298004,-0.13510113954544067,0.6801995038986206,0.35093170404434204,-0.05385291203856468,0.621516764163971,0.3363933265209198,-0.10292606800794601,0.563428521156311,0.37011006474494934,-0.11254565417766571,0.5389832854270935,0.39869001507759094,-0.10987720638513565,0.688056230545044,0.4128570258617401,-0.05810363590717316,0.6129311323165894,0.4074518084526062,-0.0959303081035614,0.5669252872467041,0.4260445833206177,-0.08270638436079025,0.5515100359916687,0.44045087695121765,-0.06539841741323471,0.6799351572990417,0.4747352600097656,-0.06666643172502518,0.6238806843757629,0.4714288115501404,-0.09134741127490997,0.5862025022506714,0.47511303424835205,-0.08193565160036087,0.5707733631134033,0.47753873467445374,-0.06703991442918777,point,RRQ_p5,RRQ
0.360835462808609,0.666176974773407,-6.37152695048826e-08,0.3123593330383301,0.6034328937530518,-0.0034366706386208534,0.2485676109790802,0.5654310584068298,-0.025227801874279976,0.18436650931835175,0.5702890157699585,-0.04800012335181236,0.14408250153064728,0.5885664224624634,-0.07348112761974335,0.2684553265571594,0.4912356436252594,-0.048788633197546005,0.195640429854393,0.4383305013179779,-0.08093719929456711,0.15035538375377655,0.3984501361846924,-0.09928739070892334,0.11436734348535538,0.3646475672721863,-0.11373049765825272,0.2810629904270172,0.5272276401519775,-0.06446794420480728,0.17063027620315552,0.5766880512237549,-0.10054502636194229,0.1881953477859497,0.6144587397575378,-0.10035379230976105,0.21848350763320923,0.6117303371429443,-0.09877965599298477,0.2856815457344055,0.5846596956253052,-0.07934949547052383,0.18806788325309753,0.6353181600570679,-0.11165643483400345,0.20972499251365662,0.6556101441383362,-0.09378796070814133,0.23914892971515656,0.6425952315330505,-0.07886126637458801,0.2842259109020233,0.6475285887718201,-0.09400656074285507,0.20658035576343536,0.6823287010192871,-0.11845406144857407,0.22559157013893127,0.6968939304351807,-0.10732284188270569,0.25180521607398987,0.6868628263473511,-0.09635929763317108,point,RRQ_p5,RRQ
0.36244162917137146,0.6623705625534058,-6.732317103796959e-08,0.31222105026245117,0.5997479557991028,-0.004002229776233435,0.24721013009548187,0.5631480813026428,-0.025620700791478157,0.1833072155714035,0.5701321363449097,-0.047848593443632126,0.14731664955615997,0.5893246531486511,-0.07274166494607925,0.26822629570961,0.48781225085258484,-0.05005574971437454,0.19403176009655,0.4385293424129486,-0.08251374214887619,0.14741021394729614,0.40124085545539856,-0.101460300385952,0.11016424000263214,0.36879026889801025,-0.1165415421128273,0.2829212546348572,0.522765576839447,-0.06511011719703674,0.17359676957130432,0.5775738954544067,-0.10017457604408264,0.19220000505447388,0.6159852743148804,-0.0991840735077858,0.2221258282661438,0.6108222007751465,-0.09754884988069534,0.28939199447631836,0.5797365307807922,-0.07948461920022964,0.1916382759809494,0.634558379650116,-0.1110030859708786,0.21253171563148499,0.6550698280334473,-0.09272008389234543,0.24119186401367188,0.6411259174346924,-0.07785186171531677,0.2894424796104431,0.6420192718505859,-0.09370457381010056,0.20997650921344757,0.678810715675354,-0.11777536571025848,0.22771918773651123,0.6935246586799622,-0.10645098984241486,0.25350698828697205,0.6842895150184631,-0.09548193961381912,point,RRQ_p5,RRQ
0.2034716010093689,0.3812137544155121,-4.2591565829752653e-08,0.24399888515472412,0.33152589201927185,0.008448893204331398,0.29429349303245544,0.32578980922698975,0.007710599340498447,0.32889264822006226,0.34558847546577454,0.0045194742269814014,0.3473934233188629,0.3730039596557617,0.000986225437372923,0.32648175954818726,0.3162265121936798,-0.00586408656090498,0.3844459354877472,0.3274398148059845,-0.010070898570120335,0.41887059807777405,0.3352177143096924,-0.011312436312437057,0.44608646631240845,0.3403370678424835,-0.01267925463616848,0.3255887031555176,0.35723230242729187,-0.014294016174972057,0.3647474944591522,0.38033950328826904,-0.018974557518959045,0.3464314639568329,0.3795264661312103,-0.014942064881324768,0.3261922001838684,0.37240737676620483,-0.011182290501892567,0.31771373748779297,0.3990967571735382,-0.02086775191128254,0.3504616618156433,0.41183602809906006,-0.019338607788085938,0.3349725306034088,0.40978163480758667,-0.006947256159037352,0.31763845682144165,0.40445467829704285,0.0004689382913056761,0.3062647581100464,0.4341164827346802,-0.02747446298599243,0.3317037522792816,0.43851107358932495,-0.01895526982843876,0.31888577342033386,0.4343896508216858,-0.004869238473474979,0.30466485023498535,0.430246502161026,0.004623790271580219,point,RRQ_p5,RRQ
0.4713428020477295,0.7579799890518188,-2.9035544457656215e-07,0.392683744430542,0.7673096060752869,-0.02770019881427288,0.3326795995235443,0.7816081643104553,-0.0641353577375412,0.29577285051345825,0.8192304372787476,-0.0991402417421341,0.30029046535491943,0.8382407426834106,-0.13572095334529877,0.32064977288246155,0.6280504465103149,-0.07943495362997055,0.23571941256523132,0.6297186613082886,-0.1293266862630844,0.1702776998281479,0.621406078338623,-0.16324371099472046,0.11961664259433746,0.6101707220077515,-0.18841339647769928,0.3699590563774109,0.6028929948806763,-0.08860214799642563,0.3220577538013458,0.7774401903152466,-0.13817013800144196,0.3375982344150543,0.8530580401420593,-0.1376636028289795,0.3578101098537445,0.8611702919006348,-0.13216930627822876,0.4275044798851013,0.6297593712806702,-0.10039179772138596,0.383470356464386,0.812155544757843,-0.13545194268226624,0.38530561327934265,0.8395544290542603,-0.11110224574804306,0.3939317464828491,0.8161904811859131,-0.0910286083817482,0.4767681360244751,0.6772493720054626,-0.11644065380096436,0.4366820454597473,0.8057281374931335,-0.14367276430130005,0.4343632161617279,0.8199197053909302,-0.12943989038467407,0.4414510130882263,0.7894250750541687,-0.11335191130638123,point,RRQ_p5,RRQ
0.5104216933250427,0.7518577575683594,-2.6893027893493127e-07,0.42649608850479126,0.7645143866539001,-0.023551780730485916,0.36243289709091187,0.7823435664176941,-0.057892777025699615,0.3297663927078247,0.829695999622345,-0.09186365455389023,0.33542677760124207,0.8587238788604736,-0.1287451535463333,0.3513638377189636,0.6329658627510071,-0.07711829245090485,0.27279043197631836,0.6423642635345459,-0.12053121626377106,0.20999233424663544,0.6400049328804016,-0.14984162151813507,0.16066090762615204,0.6345751881599426,-0.17315879464149475,0.399243026971817,0.6106183528900146,-0.08899000287055969,0.3585590422153473,0.79367595911026,-0.134729266166687,0.3734354078769684,0.8655521273612976,-0.13556797802448273,0.38861674070358276,0.8729054927825928,-0.13290812075138092,0.4576566815376282,0.6363391280174255,-0.10225662589073181,0.4202873110771179,0.8259556293487549,-0.1344369351863861,0.4256177544593811,0.8497755527496338,-0.1133124902844429,0.4324451684951782,0.8235450983047485,-0.09730378538370132,0.5079036951065063,0.6822788119316101,-0.11914749443531036,0.4718271493911743,0.8208249807357788,-0.14474669098854065,0.4723004400730133,0.8327093720436096,-0.1317065805196762,0.4790937304496765,0.7983477711677551,-0.11794642359018326,point,RRQ_p5,RRQ
0.5532159209251404,0.40292367339134216,-4.622065716830548e-07,0.5050949454307556,0.4262200593948364,-0.015107760205864906,0.44899794459342957,0.42831355333328247,-0.02890154905617237,0.41010358929634094,0.4344497621059418,-0.043696291744709015,0.38092219829559326,0.4549283981323242,-0.05482243001461029,0.4002228379249573,0.3032872974872589,-0.008222493343055248,0.36790648102760315,0.3585633337497711,-0.03821523115038872,0.3624742031097412,0.40910351276397705,-0.05646928772330284,0.36151307821273804,0.4491336941719055,-0.06581636518239975,0.4213446378707886,0.27391260862350464,-0.014447497203946114,0.4075179994106293,0.36577925086021423,-0.037706974893808365,0.4452081024646759,0.39001786708831787,-0.039284057915210724,0.45930004119873047,0.37055283784866333,-0.03685630485415459,0.4547188878059387,0.26478347182273865,-0.025672929361462593,0.4478626549243927,0.36540934443473816,-0.044435273855924606,0.4781745672225952,0.3851742744445801,-0.03185145556926727,0.48702162504196167,0.3653164207935333,-0.021292096003890038,0.49228978157043457,0.2702690660953522,-0.0404212549328804,0.4829549491405487,0.3533833622932434,-0.05217541754245758,0.5010145306587219,0.37336111068725586,-0.04433811828494072,0.5095391869544983,0.35941171646118164,-0.03573240339756012,pinch,RRQ_p5,RRQ
0.5301414132118225,0.3844126760959625,-4.664043160573783e-07,0.4796476364135742,0.41385236382484436,-0.01104773674160242,0.42120465636253357,0.42202189564704895,-0.022481869906187057,0.3833249509334564,0.4311954379081726,-0.03505495935678482,0.3498070538043976,0.45114248991012573,-0.04472978413105011,0.3748950958251953,0.3047095537185669,-0.007130588870495558,0.34092167019844055,0.3568353056907654,-0.03300444781780243,0.334733784198761,0.404712975025177,-0.05033582076430321,0.3327955901622772,0.44298744201660156,-0.06068340316414833,0.3936561644077301,0.2732178568840027,-0.014181685633957386,0.3768262565135956,0.3625306785106659,-0.034832146018743515,0.41253942251205444,0.3813278079032898,-0.038426123559474945,0.4274143874645233,0.36403170228004456,-0.03948824107646942,0.4239317774772644,0.26076310873031616,-0.02516658417880535,0.412929505109787,0.35821259021759033,-0.04184603691101074,0.4440462589263916,0.3719218969345093,-0.031664423644542694,0.45328348875045776,0.35321044921875,-0.024619247764348984,0.45893239974975586,0.2616233229637146,-0.03894345834851265,0.44673338532447815,0.34190720319747925,-0.050568655133247375,0.4669668674468994,0.35729119181632996,-0.04397238790988922,0.47573795914649963,0.3442271649837494,-0.03751124069094658,pinch,RRQ_p5,RRQ
0.3416443169116974,0.7671091556549072,3.346298171891249e-07,0.33770307898521423,0.6933532953262329,-0.022327667102217674,0.30498653650283813,0.643549919128418,-0.03092079423367977,0.2705104649066925,0.6107597351074219,-0.03300932049751282,0.25024086236953735,0.5792158842086792,-0.033015549182891846,0.268636018037796,0.7147271037101746,-0.03754446655511856,0.23691099882125854,0.6428917646408081,-0.04652690142393112,0.23299916088581085,0.6004607081413269,-0.04895425960421562,0.2326376587152481,0.5692199468612671,-0.04983483627438545,0.250261127948761,0.7452335357666016,-0.025756869465112686,0.2311253398656845,0.666757345199585,-0.0325828455388546,0.2470013052225113,0.6408325433731079,-0.029708055779337883,0.25943103432655334,0.632854700088501,-0.027270900085568428,0.24002039432525635,0.7599460482597351,-0.013870534487068653,0.22971175611019135,0.6843944787979126,-0.01712518185377121,0.24734313786029816,0.6688709855079651,-0.01024611946195364,0.26003557443618774,0.6681298017501831,-0.005657211411744356,0.23576009273529053,0.7633836269378662,-0.0038918068166822195,0.22819030284881592,0.7033312916755676,-0.0059145791456103325,0.2415274977684021,0.6908624768257141,-0.002490874845534563,0.25211337208747864,0.6924469470977783,0.0010455824667587876,pinch,RRQ_p5,RRQ
0.3453004062175751,0.7728663682937622,3.0572047649002343e-07,0.3427175283432007,0.6985743641853333,-0.021507786586880684,0.31127116084098816,0.648435115814209,-0.03058103285729885,0.2755056619644165,0.6132490634918213,-0.03367016464471817,0.252286434173584,0.5802115201950073,-0.034441664814949036,0.269255667924881,0.713812530040741,-0.035100508481264114,0.23659555613994598,0.6396141648292542,-0.04416443407535553,0.23505601286888123,0.5981466174125671,-0.04647776857018471,0.23671609163284302,0.5687391757965088,-0.04722742736339569,0.24992002546787262,0.7457915544509888,-0.0238546933978796,0.23392310738563538,0.6647840142250061,-0.0312780998647213,0.2545205056667328,0.6463031768798828,-0.02858472801744938,0.269084632396698,0.6471668481826782,-0.026112878695130348,0.2395932525396347,0.762215256690979,-0.012622755020856857,0.2315424680709839,0.6841440200805664,-0.016128484159708023,0.25122976303100586,0.6738762855529785,-0.008429004810750484,0.26498693227767944,0.6795496344566345,-0.0033467684406787157,0.2346571981906891,0.767508327960968,-0.0032476282212883234,0.22978588938713074,0.7052913904190063,-0.005236412398517132,0.24482205510139465,0.696337103843689,-0.001176165067590773,0.2557789385318756,0.7031574249267578,0.002854369580745697,pinch,RRQ_p5,RRQ
0.6407865881919861,0.6521821618080139,-1.5178467549503694e-07,0.6604600548744202,0.6014222502708435,-0.00014124636072665453,0.6584604978561401,0.5300657153129578,-0.010998209938406944,0.6329262852668762,0.4746566414833069,-0.021147863939404488,0.6104559898376465,0.4358507990837097,-0.03237319737672806,0.6883571743965149,0.532660961151123,-0.031743668019771576,0.6553236842155457,0.45821791887283325,-0.04709494113922119,0.6299359202384949,0.43089380860328674,-0.05425364151597023,0.6112910509109497,0.416934609413147,-0.05897039547562599,0.6602087020874023,0.5529401302337646,-0.039761897176504135,0.6175769567489624,0.47984206676483154,-0.05331908166408539,0.617729127407074,0.5002849102020264,-0.051216576248407364,0.6293100714683533,0.5221916437149048,-0.05115756019949913,0.6292538046836853,0.5712056756019592,-0.04630162939429283,0.59440678358078,0.5042190551757812,-0.057821065187454224,0.5991371273994446,0.5277504920959473,-0.046062156558036804,0.6102563142776489,0.5478469133377075,-0.038982994854450226,0.5985637307167053,0.5863795876502991,-0.05219922214746475,0.5757051110267639,0.5288392305374146,-0.06061997637152672,0.5804508328437805,0.5479366183280945,-0.051547106355428696,0.5884901881217957,0.5656854510307312,-0.045185673981904984,pinch,RRQ_p5,RRQ
0.6440733671188354,0.655857503414154,-1.4862700936646434e-07,0.6635016798973083,0.6039537787437439,-0.0012344324495643377,0.6596933007240295,0.534156858921051,-0.012879415415227413,0.634178638458252,0.47886547446250916,-0.023695657029747963,0.6130157113075256,0.43925291299819946,-0.03552444651722908,0.6896153092384338,0.5397464632987976,-0.03282018378376961,0.6568628549575806,0.4658128321170807,-0.04908685013651848,0.6310464143753052,0.4366125464439392,-0.05632495880126953,0.6113713383674622,0.422364205121994,-0.060814693570137024,0.6628471612930298,0.5605269074440002,-0.04055125638842583,0.6173909902572632,0.4855166971683502,-0.05571874976158142,0.6171585917472839,0.507448673248291,-0.053311340510845184,0.6287398338317871,0.5307984352111816,-0.05236123129725456,0.632658064365387,0.5786640048027039,-0.04702237620949745,0.5951160788536072,0.5113292336463928,-0.06051872298121452,0.5999899506568909,0.5354403257369995,-0.04851153865456581,0.611140787601471,0.5558991432189941,-0.04045186564326286,0.6019794940948486,0.593380868434906,-0.05285044386982918,0.5771417617797852,0.5354328751564026,-0.06270432472229004,0.582126259803772,0.5548157691955566,-0.053698621690273285,0.5904604196548462,0.5727822184562683,-0.04690287634730339,pinch,RRQ_p5,RRQ
0.8242253065109253,0.6131464242935181,-2.796427622797637e-07,0.8165401220321655,0.5587413311004639,-0.0015299472725018859,0.8332647085189819,0.4936809241771698,-0.0005445455899462104,0.8529371023178101,0.453223317861557,-0.00373656558804214,0.8690285682678223,0.4188960790634155,-0.006469945888966322,0.8778640627861023,0.47902044653892517,0.014795556664466858,0.8967987298965454,0.4397076368331909,0.0028180552180856466,0.90218585729599,0.41057759523391724,-0.00254728808067739,0.9071657061576843,0.38544797897338867,-0.005991940386593342,0.8959127068519592,0.49950358271598816,0.005831050220876932,0.8940631747245789,0.4576481878757477,-0.013712034560739994,0.8651295900344849,0.4895707964897156,-0.014121366664767265,0.8640947937965393,0.5114979147911072,-0.007912584580481052,0.9106661677360535,0.5264509916305542,-0.00644279271364212,0.9006407260894775,0.49361899495124817,-0.02914801612496376,0.8710835576057434,0.5243790745735168,-0.01977493427693844,0.8713750839233398,0.5423612594604492,-0.006593648344278336,0.9230672121047974,0.55891352891922,-0.019499272108078003,0.9176809787750244,0.523677408695221,-0.03200984001159668,0.8909997344017029,0.5389611721038818,-0.022752724587917328,0.8857192397117615,0.5538492202758789,-0.012283469550311565,pinch,RRQ_p5,RRQ
0.8206565976142883,0.6097164750099182,-2.759053074896656e-07,0.8122662305831909,0.5505732893943787,-0.001062513911165297,0.8269075155258179,0.48571115732192993,-0.00019118448835797608,0.8442999124526978,0.44535309076309204,-0.003959948197007179,0.8602910041809082,0.40907084941864014,-0.00711652310565114,0.8738818168640137,0.4722559154033661,0.017672786489129066,0.8918765187263489,0.4329055845737457,0.005718787666410208,0.8952617049217224,0.4034110903739929,0.00037874019471928477,0.8993372917175293,0.3784323036670685,-0.002777880523353815,0.8915068507194519,0.4923819303512573,0.008063742890954018,0.890852689743042,0.44719740748405457,-0.011449911631643772,0.8619194030761719,0.47930875420570374,-0.011977547779679298,0.8619462847709656,0.5017215013504028,-0.005272898357361555,0.9072041511535645,0.5186960101127625,-0.005134649574756622,0.8966950178146362,0.48456326127052307,-0.027447177097201347,0.869472861289978,0.517158567905426,-0.018180016428232193,0.8736893534660339,0.5353046655654907,-0.004757483024150133,0.9215946793556213,0.5504865646362305,-0.01917262189090252,0.9196914434432983,0.5128039717674255,-0.030435990542173386,0.8951756954193115,0.5306568741798401,-0.02029639296233654,0.8931325674057007,0.5481160879135132,-0.009258688427507877,pinch,RRQ_p5,RRQ
0.33779221773147583,0.6727653741836548,4.017296930669545e-07,0.3020830750465393,0.609359085559845,-0.015621906146407127,0.2993050813674927,0.5148301720619202,-0.03979843482375145,0.3267501890659332,0.4393354654312134,-0.05807604640722275,0.3462996482849121,0.389812171459198,-0.07473170757293701,0.2745154798030853,0.5615947246551514,-0.09309761971235275,0.30510222911834717,0.4525565803050995,-0.12508933246135712,0.3291655480861664,0.39639925956726074,-0.1381923407316208,0.34936848282814026,0.35273605585098267,-0.14541131258010864,0.3145088851451874,0.5953367948532104,-0.09960760176181793,0.35330626368522644,0.46124961972236633,-0.13628467917442322,0.3500048518180847,0.484281986951828,-0.13030673563480377,0.3373163938522339,0.5230001211166382,-0.12215380370616913,0.35770532488822937,0.6153683066368103,-0.10301254689693451,0.3886277973651886,0.48760896921157837,-0.1239774078130722,0.3791522979736328,0.5130590200424194,-0.10060133039951324,0.3655611276626587,0.5482826232910156,-0.08209682255983353,0.39989933371543884,0.6272262334823608,-0.10764992237091064,0.41984742879867554,0.5231109857559204,-0.11277828365564346,0.4064508080482483,0.5394513010978699,-0.09368514269590378,0.3925726115703583,0.572721004486084,-0.07975738495588303,pinch,RRQ_p5,RRQ
0.3412696123123169,0.6762088537216187,3.689037555432151e-07,0.3058127164840698,0.6134788393974304,-0.01643410697579384,0.30116966366767883,0.5149357914924622,-0.03897533565759659,0.3269089460372925,0.4349680542945862,-0.05649527534842491,0.34576481580734253,0.38185548782348633,-0.07265230268239975,0.2760006785392761,0.5652990341186523,-0.08423009514808655,0.3055723309516907,0.45535287261009216,-0.1133827343583107,0.32825618982315063,0.40129661560058594,-0.12475906312465668,0.3472430109977722,0.3584176301956177,-0.13120371103286743,0.3151097297668457,0.598122775554657,-0.09079927951097488,0.3532562553882599,0.4673525393009186,-0.1263192594051361,0.35137611627578735,0.49192357063293457,-0.12152678519487381,0.33937451243400574,0.5306422114372253,-0.11437597870826721,0.3577253520488739,0.6178842782974243,-0.09495994448661804,0.3864518702030182,0.49088039994239807,-0.11612608283758163,0.37951311469078064,0.5187934041023254,-0.09439479559659958,0.3662729859352112,0.5540990233421326,-0.07710248976945877,0.39936363697052,0.6297309398651123,-0.10055650770664215,0.417449951171875,0.5277997255325317,-0.10574433207511902,0.40644487738609314,0.5480677485466003,-0.087383933365345,0.3935569226741791,0.5832983255386353,-0.07419323176145554,pinch,RRQ_p5,RRQ
0.38991519808769226,0.6712504625320435,-2.6794937824092813e-08,0.421592116355896,0.6041700839996338,-0.007075006607919931,0.4360435903072357,0.5254239439964294,-0.020003676414489746,0.45127853751182556,0.47081175446510315,-0.037452664226293564,0.4683786928653717,0.42309799790382385,-0.053671833127737045,0.34899815917015076,0.45175793766975403,-0.0036422680132091045,0.3940715491771698,0.40348589420318604,-0.03242195397615433,0.43432268500328064,0.3972976505756378,-0.052996620535850525,0.4648813009262085,0.39856845140457153,-0.06428717821836472,0.3204951286315918,0.4708155393600464,-0.014506284147500992,0.3932317793369293,0.45426976680755615,-0.042919985949993134,0.40724143385887146,0.5087054371833801,-0.05424138531088829,0.3926725387573242,0.5370162725448608,-0.057280104607343674,0.306813508272171,0.5073240399360657,-0.028252528980374336,0.3836253881454468,0.49864310026168823,-0.05486535653471947,0.39745205640792847,0.5459297895431519,-0.053068697452545166,0.3830602169036865,0.5648266077041626,-0.04616668447852135,0.30129218101501465,0.5523415803909302,-0.04337660223245621,0.3645651936531067,0.539547324180603,-0.057555124163627625,0.38110804557800293,0.5682145953178406,-0.050990138202905655,0.37146952748298645,0.5832201242446899,-0.04167090728878975,pinch,RRQ_p5,RRQ
0.3873356878757477,0.6783362627029419,-3.9241164984105126e-08,0.41849642992019653,0.6156297922134399,-0.008271552622318268,0.4344661831855774,0.5349799990653992,-0.02013563923537731,0.44880419969558716,0.4799984395503998,-0.03587392717599869,0.4635953903198242,0.4336082339286804,-0.05039633810520172,0.3497840464115143,0.4622267186641693,-0.005708812270313501,0.39169713854789734,0.4122524559497833,-0.03477299585938454,0.4329850375652313,0.407921701669693,-0.05607852339744568,0.4647069275379181,0.41246283054351807,-0.06747584044933319,0.3196404278278351,0.4801642596721649,-0.015016608871519566,0.38903117179870605,0.46770644187927246,-0.04207652062177658,0.4034755527973175,0.5195353627204895,-0.053856804966926575,0.390112966299057,0.5476763844490051,-0.057881567627191544,0.30406439304351807,0.5168285965919495,-0.027191180735826492,0.3780895471572876,0.5119893550872803,-0.05299222096800804,0.39198559522628784,0.5570340752601624,-0.0522007942199707,0.37868037819862366,0.5761247277259827,-0.046384844928979874,0.2961069941520691,0.5627341270446777,-0.04072994366288185,0.3568289577960968,0.5529053211212158,-0.05470383167266846,0.3757459223270416,0.5788090825080872,-0.048650771379470825,0.3697814345359802,0.5930618643760681,-0.03976061940193176,pinch,RRQ_p5,RRQ
0.36114007234573364,0.5283128023147583,3.569050122109729e-08,0.40411216020584106,0.5051219463348389,0.00032934837508946657,0.44092318415641785,0.46451491117477417,-0.006165368482470512,0.4712637960910797,0.44398069381713867,-0.017756158486008644,0.4986696243286133,0.42249763011932373,-0.02882637456059456,0.4187164306640625,0.3896074593067169,0.013767842203378677,0.4501604437828064,0.3746569752693176,-0.0031308666802942753,0.47595375776290894,0.3883656859397888,-0.01503519807010889,0.4952762722969055,0.40201351046562195,-0.02205587550997734,0.39945176243782043,0.37796083092689514,0.0024742791429162025,0.44136977195739746,0.3736552894115448,-0.015492033213376999,0.4309850335121155,0.4199218153953552,-0.020668411627411842,0.4130939841270447,0.42554596066474915,-0.02044094167649746,0.37998783588409424,0.3758501410484314,-0.01167668029665947,0.4252694547176361,0.3731807470321655,-0.03251160308718681,0.4172500669956207,0.418852299451828,-0.026503395289182663,0.39715346693992615,0.4243193566799164,-0.01760944351553917,0.3584878742694855,0.38042688369750977,-0.026117101311683655,0.40177401900291443,0.375252366065979,-0.03943454474210739,0.40244418382644653,0.41187405586242676,-0.03025449812412262,0.38495054841041565,0.4218069314956665,-0.01997760683298111,pinch,RRQ_p5,RRQ
0.3528784513473511,0.5290321111679077,1.7404444108137795e-08,0.397005558013916,0.505782961845398,0.0028600727673619986,0.43418824672698975,0.46304744482040405,-0.002118292497470975,0.46386927366256714,0.4412561357021332,-0.012633873149752617,0.49133625626564026,0.4209883213043213,-0.023023555055260658,0.41261908411979675,0.38444462418556213,0.014560938812792301,0.4457571804523468,0.3724326491355896,-0.0008651691023260355,0.4710958003997803,0.3849937915802002,-0.011661889962852001,0.4889334440231323,0.3973451852798462,-0.01794913224875927,0.3935067653656006,0.37368476390838623,0.0025299047119915485,0.4358443021774292,0.3730657994747162,-0.013141842558979988,0.4253390431404114,0.41856542229652405,-0.01731468364596367,0.407538503408432,0.4226616322994232,-0.01671764999628067,0.3740672767162323,0.37346959114074707,-0.011827298440039158,0.4182721674442291,0.3775818347930908,-0.031146114692091942,0.40968602895736694,0.4226653277873993,-0.025096794590353966,0.38977816700935364,0.42642709612846375,-0.016311192885041237,0.35244473814964294,0.38080188632011414,-0.026178937405347824,0.394559383392334,0.3771856129169464,-0.038231126964092255,0.3960188329219818,0.4127682149410248,-0.028380323201417923,0.37972718477249146,0.4222033619880676,-0.01757911592721939,pinch,RRQ_p5,RRQ
0.16357548534870148,0.5328677892684937,6.277826258838104e-08,0.1964743286371231,0.50506591796875,-0.007803928107023239,0.22487559914588928,0.4642130732536316,-0.01716775819659233,0.24852398037910461,0.43861865997314453,-0.028719814494252205,0.26735004782676697,0.41314777731895447,-0.03941153362393379,0.19771216809749603,0.39082592725753784,1.5298024663934484e-05,0.22569149732589722,0.37738752365112305,-0.015403400175273418,0.248629629611969,0.38498637080192566,-0.024605797603726387,0.2656693458557129,0.39098167419433594,-0.029567044228315353,0.17498639225959778,0.3854539394378662,-0.005322508048266172,0.20762291550636292,0.37869834899902344,-0.019982442259788513,0.20646007359027863,0.4251278042793274,-0.022598620504140854,0.1933145970106125,0.43132516741752625,-0.021238286048173904,0.15191558003425598,0.3914846181869507,-0.013092623092234135,0.18577110767364502,0.38598528504371643,-0.03158681467175484,0.18881089985370636,0.4283228814601898,-0.0253570806235075,0.1750362664461136,0.4342815577983856,-0.016932781785726547,0.12638595700263977,0.40602248907089233,-0.021446648985147476,0.15670520067214966,0.39555734395980835,-0.03352474793791771,0.16712301969528198,0.42580634355545044,-0.024604953825473785,0.15791761875152588,0.43693026900291443,-0.014575181528925896,pinch,RRQ_p5,RRQ
0.6450270414352417,0.7319129705429077,-4.6820917987133726e-07,0.5782536864280701,0.7240720987319946,-0.03924654424190521,0.516936182975769,0.6883131861686707,-0.06399502605199814,0.49124404788017273,0.653607964515686,-0.08429243415594101,0.5322806239128113,0.6420013904571533,-0.09730460494756699,0.5370513200759888,0.5035580992698669,-0.028178339824080467,0.5125463008880615,0.568293571472168,-0.06154569983482361,0.525813102722168,0.6297672986984253,-0.07911808043718338,0.5367169380187988,0.619005024433136,-0.08947661519050598,0.5868316888809204,0.49819302558898926,-0.025774424895644188,0.5630486011505127,0.5911849141120911,-0.05672123655676842,0.5723439455032349,0.6517279744148254,-0.05885809287428856,0.5820299983024597,0.6311848759651184,-0.05451460927724838,0.634589672088623,0.5201904773712158,-0.030153008177876472,0.6123341917991638,0.6183637380599976,-0.056249674409627914,0.6143041849136353,0.6656215190887451,-0.044896651059389114,0.6232405304908752,0.6415477395057678,-0.031968917697668076,0.6767051815986633,0.5543897151947021,-0.039799563586711884,0.6550000309944153,0.6367944478988647,-0.05107644200325012,0.656100869178772,0.6689742803573608,-0.04357181861996651,0.6661309003829956,0.6501533389091492,-0.03400401398539543,fist,RRQ_p5,RRQ
0.6458761692047119,0.7212672233581543,-4.998905751563143e-07,0.5833110809326172,0.7124068737030029,-0.03905928507447243,0.5219368934631348,0.6798462867736816,-0.06387145072221756,0.49796098470687866,0.6444017291069031,-0.08434385061264038,0.5427201390266418,0.6336378455162048,-0.09762082248926163,0.5412589907646179,0.4927961528301239,-0.029262064024806023,0.5167012214660645,0.5572280883789062,-0.06271852552890778,0.5305898189544678,0.6209238767623901,-0.0803656354546547,0.5429024696350098,0.6122360229492188,-0.09095971286296844,0.5921364426612854,0.4874492883682251,-0.027370743453502655,0.5671318173408508,0.5776857137680054,-0.05775735527276993,0.5769473314285278,0.6392589807510376,-0.05983470380306244,0.5868852734565735,0.6211151480674744,-0.05586596950888634,0.641421914100647,0.5093028545379639,-0.03223218023777008,0.6185429692268372,0.6054643392562866,-0.05815364047884941,0.6206018924713135,0.653645932674408,-0.046867385506629944,0.6294582486152649,0.6319372057914734,-0.03427993506193161,0.6865239143371582,0.5434045195579529,-0.042376600205898285,0.6639021039009094,0.6221739053726196,-0.05356818065047264,0.6637454628944397,0.6550319790840149,-0.04607175290584564,0.6735915541648865,0.6379991173744202,-0.03679371252655983,fist,RRQ_p5,RRQ
0.5142624378204346,0.7093899250030518,-4.7344684617200983e-07,0.4392775893211365,0.7556003332138062,-0.010953204706311226,0.3693636953830719,0.7668280601501465,-0.025065230205655098,0.32410183548927307,0.7756431698799133,-0.04020633548498154,0.3058284819126129,0.7654023766517639,-0.04920428618788719,0.32526302337646484,0.6042684316635132,-0.005664209835231304,0.286236047744751,0.7072208523750305,-0.03565618768334389,0.3262190520763397,0.7251896262168884,-0.053498707711696625,0.34134095907211304,0.6978777647018433,-0.06397121399641037,0.3515561521053314,0.5899661183357239,-0.015975425019860268,0.31435427069664,0.7209576964378357,-0.04432213306427002,0.35392895340919495,0.7292950749397278,-0.04733841493725777,0.3661484122276306,0.6966187953948975,-0.04590386152267456,0.38386136293411255,0.5962868332862854,-0.030801793560385704,0.34993475675582886,0.7244888544082642,-0.054715596139431,0.38558506965637207,0.7330428957939148,-0.04230222851037979,0.3955756425857544,0.7018397450447083,-0.030623748898506165,0.4182078540325165,0.6208378076553345,-0.04811866581439972,0.3913087844848633,0.724061906337738,-0.06286557018756866,0.4160462021827698,0.7289734482765198,-0.05604689568281174,0.4271814227104187,0.6995741724967957,-0.04706669598817825,fist,RRQ_p5,RRQ
0.6477957367897034,0.28495895862579346,-3.2322557785846584e-07,0.6030927896499634,0.294767290353775,-0.052108362317085266,0.5502675175666809,0.30620893836021423,-0.0897061675786972,0.5415744781494141,0.3254562318325043,-0.11844787746667862,0.5881222486495972,0.3322972059249878,-0.14013387262821198,0.5650103688240051,0.1478685736656189,-0.07774809747934341,0.5564144253730774,0.25709402561187744,-0.11159204691648483,0.5650764107704163,0.2888726592063904,-0.12398199737071991,0.5694832801818848,0.25958356261253357,-0.13268831372261047,0.6207687258720398,0.13835397362709045,-0.07024771720170975,0.609900712966919,0.28051847219467163,-0.10172673314809799,0.6110572814941406,0.3036540448665619,-0.10079978406429291,0.6082103848457336,0.2587760090827942,-0.09888242930173874,0.6739223003387451,0.15366888046264648,-0.06707173585891724,0.661188006401062,0.28995007276535034,-0.09546517580747604,0.6545078158378601,0.3011675775051117,-0.07968176901340485,0.6504614949226379,0.2605733573436737,-0.06602466851472855,0.7196367383003235,0.17957359552383423,-0.06999855488538742,0.7027426958084106,0.2769107222557068,-0.0922384187579155,0.6942029595375061,0.2907405197620392,-0.08755779266357422,0.691213071346283,0.26720190048217773,-0.08002827316522598,fist,RRQ_p5,RRQ
0.2186865657567978,0.45597782731056213,5.961189941672274e-08,0.25690293312072754,0.4893247187137604,-0.038541071116924286,0.2920688986778259,0.5209634304046631,-0.06812425702810287,0.2885328233242035,0.555156946182251,-0.0927051529288292,0.25009915232658386,0.5729979872703552,-0.11623255163431168,0.29632019996643066,0.3951583206653595,-0.07099803537130356,0.26938319206237793,0.5069777965545654,-0.11165998131036758,0.270573228597641,0.5238805413246155,-0.13770905137062073,0.28008508682250977,0.5004347562789917,-0.15474551916122437,0.24513639509677887,0.37162187695503235,-0.0683509111404419,0.2236180454492569,0.5059340000152588,-0.09634296596050262,0.23228849470615387,0.5129991173744202,-0.10134481638669968,0.24119529128074646,0.4733993411064148,-0.10795178264379501,0.19823409616947174,0.3699292242527008,-0.06879425048828125,0.18335500359535217,0.4947289824485779,-0.08980586379766464,0.19550785422325134,0.49620747566223145,-0.08003348112106323,0.20688194036483765,0.4555423855781555,-0.07432015985250473,0.1595125049352646,0.3785082995891571,-0.07460404932498932,0.15194019675254822,0.46945926547050476,-0.090542733669281,0.16375917196273804,0.4740610122680664,-0.08761897683143616,0.1747121512889862,0.4462592303752899,-0.08479313552379608,fist,RRQ_p5,RRQ
0.2134128361940384,0.48136085271835327,3.5412618615282554e-08,0.25670668482780457,0.5126100182533264,-0.04047041013836861,0.29243066906929016,0.5361502170562744,-0.06792204082012177,0.2893344759941101,0.5677591562271118,-0.08903472870588303,0.2554910480976105,0.5836071968078613,-0.10878399759531021,0.2861643433570862,0.41838204860687256,-0.0746559128165245,0.2646273672580719,0.541567862033844,-0.11296191811561584,0.25983360409736633,0.5451379418373108,-0.1363018900156021,0.26359742879867554,0.5137173533439636,-0.152225524187088,0.23426638543605804,0.3983423709869385,-0.06932677328586578,0.2184533178806305,0.5444093346595764,-0.09518193453550339,0.2228439301252365,0.5341594815254211,-0.09793689101934433,0.2291899174451828,0.48609787225723267,-0.10353916138410568,0.1877315789461136,0.4006582498550415,-0.06687311828136444,0.1764683723449707,0.5324016809463501,-0.0861402302980423,0.18554961681365967,0.5206817388534546,-0.07466065883636475,0.19537454843521118,0.4756944179534912,-0.06813663989305496,0.14980944991111755,0.41259610652923584,-0.07012884318828583,0.1448812484741211,0.5050421953201294,-0.08752205967903137,0.15555179119110107,0.4991084337234497,-0.08577078580856323,0.16522735357284546,0.4663091003894806,-0.08346914499998093,fist,RRQ_p5,RRQ
0.23271408677101135,0.5875130295753479,-1.9146109764278663e-07,0.2758079767227173,0.602861225605011,-0.04874753952026367,0.3077988028526306,0.607635498046875,-0.07997387647628784,0.2975083887577057,0.6259357929229736,-0.1044958308339119,0.2685207724571228,0.6453855037689209,-0.12680776417255402,0.2800930142402649,0.4804406762123108,-0.07250179350376129,0.2570295035839081,0.5480391383171082,-0.1177678108215332,0.2520011365413666,0.595548689365387,-0.14295141398906708,0.2577592134475708,0.6095281839370728,-0.15608549118041992,0.2323516309261322,0.4622863531112671,-0.06561681628227234,0.20558422803878784,0.5136963129043579,-0.1087941974401474,0.20025932788848877,0.5652630925178528,-0.11796221882104874,0.20412220060825348,0.5890002846717834,-0.11845631152391434,0.1926547735929489,0.46616047620773315,-0.06320948898792267,0.16369687020778656,0.5194327235221863,-0.1008719876408577,0.16607414186000824,0.5645187497138977,-0.09612312912940979,0.17717300355434418,0.5775169730186462,-0.08595991134643555,0.16268469393253326,0.48519375920295715,-0.06518597155809402,0.13682223856449127,0.5249879956245422,-0.09013578295707703,0.14699344336986542,0.5539632439613342,-0.08723310381174088,0.1638765037059784,0.5579767227172852,-0.07992777973413467,fist,RRQ_p5,RRQ
0.24316716194152832,0.5304765105247498,-1.6097162358619244e-07,0.27618274092674255,0.4573156535625458,0.0019832730758935213,0.32781633734703064,0.41823241114616394,-0.011027252301573753,0.37312737107276917,0.42555299401283264,-0.024936633184552193,0.40092092752456665,0.45360857248306274,-0.03620150312781334,0.33704516291618347,0.4002121686935425,-0.0420992337167263,0.4179009795188904,0.4230124056339264,-0.0619325116276741,0.4006916880607605,0.4440736770629883,-0.06600325554609299,0.3733360469341278,0.44522595405578613,-0.06588668376207352,0.3345769941806793,0.4536367654800415,-0.05452512204647064,0.41969823837280273,0.47443827986717224,-0.06772918999195099,0.39814719557762146,0.48715391755104065,-0.05934970825910568,0.3692426383495331,0.4825645983219147,-0.054101862013339996,0.33169472217559814,0.5094000101089478,-0.06528005748987198,0.40859442949295044,0.5248095989227295,-0.07074301689863205,0.38565656542778015,0.5320090651512146,-0.05103176087141037,0.35827121138572693,0.5259859561920166,-0.03928658366203308,0.3262437880039215,0.5630179047584534,-0.07607831805944443,0.3911186158657074,0.5673941969871521,-0.07264500856399536,0.3721071183681488,0.568839430809021,-0.053852763026952744,0.3458402156829834,0.5640764832496643,-0.041998039931058884,fist,RRQ_p5,RRQ
0.24357831478118896,0.20723223686218262,-6.88227501655092e-08,0.28949111700057983,0.2200605571269989,-0.03727232664823532,0.32832327485084534,0.21757066249847412,-0.06373270601034164,0.3178449869155884,0.23460492491722107,-0.08296136558055878,0.28521791100502014,0.24132370948791504,-0.09801646322011948,0.28650304675102234,0.08111302554607391,-0.06613373756408691,0.287398099899292,0.19878947734832764,-0.10334493219852448,0.29268211126327515,0.2129194736480713,-0.12763303518295288,0.295539915561676,0.1843792349100113,-0.14381541311740875,0.23199452459812164,0.07758896797895432,-0.061137717217206955,0.24804601073265076,0.21960000693798065,-0.08739613741636276,0.25650444626808167,0.21730351448059082,-0.09330961853265762,0.2551281452178955,0.1784152239561081,-0.10001412779092789,0.19066648185253143,0.09448273479938507,-0.0587066188454628,0.2082587033510208,0.22158846259117126,-0.07739672064781189,0.21818417310714722,0.2151336967945099,-0.06631992012262344,0.21700666844844818,0.17335541546344757,-0.06008744612336159,0.15898370742797852,0.12048839777708054,-0.06141108274459839,0.17397883534431458,0.2069501429796219,-0.0782228484749794,0.18562813103199005,0.2055717408657074,-0.07575298845767975,0.1878521889448166,0.16972734034061432,-0.07212421298027039,fist,RRQ_p5,RRQ
0.2397693395614624,0.8115131855010986,3.250200464322006e-08,0.289153128862381,0.8349246382713318,-0.04315205663442612,0.32573753595352173,0.8478350043296814,-0.07423905283212662,0.30100613832473755,0.8820716142654419,-0.09692183136940002,0.2561138868331909,0.9020366072654724,-0.11632351577281952,0.2838938236236572,0.7222033143043518,-0.07950364053249359,0.2714190185070038,0.8453838229179382,-0.11913309246301651,0.28226593136787415,0.858155369758606,-0.1433539092540741,0.29074808955192566,0.829096794128418,-0.15907657146453857,0.23136940598487854,0.7174279689788818,-0.07216990739107132,0.23048092424869537,0.8629488945007324,-0.10089804232120514,0.2463390976190567,0.8644499778747559,-0.10699934512376785,0.25167378783226013,0.8266726136207581,-0.11403131484985352,0.18979470431804657,0.7333348393440247,-0.06716324388980865,0.19403024017810822,0.865203857421875,-0.0877118706703186,0.2098434567451477,0.8643598556518555,-0.07744119316339493,0.21337711811065674,0.8269677758216858,-0.07192743569612503,0.15734508633613586,0.7575969696044922,-0.0675128623843193,0.16308322548866272,0.8516218066215515,-0.08341486752033234,0.17646907269954681,0.8550837635993958,-0.08100199699401855,0.18119440972805023,0.8241788148880005,-0.078609399497509,fist,RRQ_p5,RRQ
0.5401394367218018,0.670984148979187,-7.304651461481626e-08,0.4869804382324219,0.7060783505439758,-0.03277651593089104,0.45366212725639343,0.7548608183860779,-0.0665985643863678,0.4522373080253601,0.8022001385688782,-0.09493383020162582,0.4832446575164795,0.8289827108383179,-0.12217512726783752,0.48553377389907837,0.664191484451294,-0.08483321219682693,0.47523948550224304,0.7768535614013672,-0.10853010416030884,0.4757504463195801,0.7911295294761658,-0.11376361548900604,0.47370707988739014,0.7694807052612305,-0.11718625575304031,0.532964289188385,0.6616907119750977,-0.08662817627191544,0.5174438953399658,0.7937853336334229,-0.10292979329824448,0.5138386487960815,0.7974115610122681,-0.09317904710769653,0.5077096819877625,0.7652312517166138,-0.08944814652204514,0.5740436315536499,0.6719523072242737,-0.08878002315759659,0.5573393106460571,0.7972506880760193,-0.10260048508644104,0.5477137565612793,0.7988200783729553,-0.08206437528133392,0.5427647829055786,0.7680215835571289,-0.06970414519309998,0.6061791181564331,0.6869946122169495,-0.09538546949625015,0.5948747992515564,0.7834691405296326,-0.1068427711725235,0.5867745280265808,0.7875404357910156,-0.09515835344791412,0.5852601528167725,0.7679921388626099,-0.08661683648824692,fist,RRQ_p5,RRQ
0.7010148167610168,0.5289303064346313,-1.1777992625638944e-07,0.6435922980308533,0.5565888285636902,-0.06549441814422607,0.5850926041603088,0.5931562781333923,-0.11469960957765579,0.5892312526702881,0.6485375165939331,-0.15134471654891968,0.65046626329422,0.6770941615104675,-0.181505024433136,0.6222530007362366,0.4262198209762573,-0.11624795198440552,0.6199581027030945,0.5844395756721497,-0.16135337948799133,0.6194103360176086,0.5811675786972046,-0.1844731867313385,0.6246273517608643,0.5369791984558105,-0.20131956040859222,0.6934794187545776,0.4218234419822693,-0.10400932282209396,0.6875060200691223,0.6271001696586609,-0.14239495992660522,0.6798800826072693,0.602408766746521,-0.14494960010051727,0.6772098541259766,0.5349719524383545,-0.14784954488277435,0.7578354477882385,0.44225937128067017,-0.09477949142456055,0.7425594925880432,0.6337112784385681,-0.12446697801351547,0.7285323143005371,0.606324315071106,-0.09957031160593033,0.7247679233551025,0.5424449443817139,-0.07977147400379181,0.8104599714279175,0.47377845644950867,-0.09446243196725845,0.787775993347168,0.6082467436790466,-0.12412179261445999,0.7739529013633728,0.5877912640571594,-0.11808330565690994,0.773389458656311,0.5337473154067993,-0.10735266655683517,fist,RRQ_p5,RRQ
0.6853295564651489,0.5400756001472473,-1.703043750467259e-07,0.6312613487243652,0.5653930306434631,-0.06578516215085983,0.5708338022232056,0.5985109806060791,-0.11431387066841125,0.5699207186698914,0.6553996801376343,-0.15013094246387482,0.6301672458648682,0.6862097382545471,-0.17907574772834778,0.6030583381652832,0.4329690933227539,-0.11616510897874832,0.6049845218658447,0.5907860398292542,-0.16144266724586487,0.6033264994621277,0.6001161336898804,-0.18179957568645477,0.6045306921005249,0.5589132308959961,-0.19576026499271393,0.6741093397140503,0.42518728971481323,-0.10387316346168518,0.6719061136245728,0.6301168203353882,-0.14343143999576569,0.6604000329971313,0.6153502464294434,-0.14424243569374084,0.6527946591377258,0.5507484674453735,-0.14446111023426056,0.7392692565917969,0.4442543387413025,-0.09467317909002304,0.7267970442771912,0.6382728219032288,-0.12584500014781952,0.7079737782478333,0.6194696426391602,-0.1000719889998436,0.7002666592597961,0.5571666955947876,-0.078550323843956,0.7922099232673645,0.47380581498146057,-0.09421903640031815,0.7708420157432556,0.6129767894744873,-0.12402787804603577,0.7525051236152649,0.6010404825210571,-0.11707956343889236,0.7477421760559082,0.5516234636306763,-0.10490665584802628,fist,RRQ_p5,RRQ
0.3617880344390869,0.7328106164932251,-5.542316330320318e-07,0.2886064946651459,0.7438623905181885,-0.04004044085741043,0.2155301421880722,0.7274668216705322,-0.06744258105754852,0.16622278094291687,0.6997109055519104,-0.09157725423574448,0.19373378157615662,0.6581659913063049,-0.10736271739006042,0.20632578432559967,0.5387197732925415,-0.02943667769432068,0.17149436473846436,0.5965875387191772,-0.06814534962177277,0.1997661590576172,0.6566924452781677,-0.08425913006067276,0.21546714007854462,0.6467527151107788,-0.09248757362365723,0.2507878839969635,0.5123975276947021,-0.028591115027666092,0.2222081869840622,0.6040684580802917,-0.06753455847501755,0.2513746917247772,0.6689442992210388,-0.06831345707178116,0.2641722559928894,0.649366557598114,-0.06074172258377075,0.3017098307609558,0.5148530602455139,-0.0354582816362381,0.2783185541629791,0.6129094958305359,-0.06966283172369003,0.29760777950286865,0.6681464910507202,-0.055234551429748535,0.3073117136955261,0.6448402404785156,-0.037991128861904144,0.3527540862560272,0.5321839451789856,-0.04757034406065941,0.3323037624359131,0.6148892641067505,-0.06281371414661407,0.3401781916618347,0.6549611687660217,-0.05481227487325668,0.34872251749038696,0.6393911242485046,-0.04386620223522186,fist,RRQ_p5,RRQ
0.35841429233551025,0.7376518249511719,-5.602366286439064e-07,0.2855428159236908,0.7497792840003967,-0.03862983360886574,0.2121829390525818,0.7357984781265259,-0.06526066362857819,0.16296987235546112,0.7105270028114319,-0.08912799507379532,0.19027011096477509,0.6675699353218079,-0.10483761876821518,0.19959315657615662,0.5469566583633423,-0.026488017290830612,0.16600874066352844,0.6071829199790955,-0.06470994651317596,0.19573542475700378,0.6645705699920654,-0.08163761347532272,0.2108568549156189,0.6522251963615417,-0.09042579680681229,0.24327018857002258,0.5198315382003784,-0.025884944945573807,0.21685542166233063,0.6152119636535645,-0.06319624185562134,0.24782803654670715,0.6766103506088257,-0.06387978047132492,0.2595953345298767,0.6531857252120972,-0.05666260048747063,0.29464012384414673,0.5202220678329468,-0.03298613429069519,0.27265307307243347,0.6191800236701965,-0.0655984878540039,0.2935347855091095,0.6726060509681702,-0.05072704702615738,0.3032766282558441,0.6475600600242615,-0.03346526622772217,0.34681087732315063,0.5353750586509705,-0.045317891985177994,0.32676202058792114,0.6172085404396057,-0.05911613628268242,0.3351652920246124,0.6562566161155701,-0.0502760075032711,0.344109445810318,0.6396294832229614,-0.03888046368956566,fist,RRQ_p5,RRQ
0.6289561986923218,0.8463883399963379,1.1027506161553902e-06,0.5474245548248291,0.8510035276412964,-0.05820205435156822,0.4651872515678406,0.8301454186439514,-0.10194665938615799,0.3945845365524292,0.8327494859695435,-0.14124628901481628,0.32375383377075195,0.85387122631073,-0.18651194870471954,0.4958084225654602,0.6183146238327026,-0.10664878785610199,0.43556392192840576,0.4836452603340149,-0.15414440631866455,0.40002718567848206,0.38826924562454224,-0.185945063829422,0.37042173743247986,0.30454787611961365,-0.21026912331581116,0.5705909729003906,0.5786502957344055,-0.1181388720870018,0.544776976108551,0.39914801716804504,-0.1586407870054245,0.5278159379959106,0.2750064730644226,-0.193120539188385,0.5142601728439331,0.1687181293964386,-0.221239373087883,0.6412097811698914,0.5907666087150574,-0.13314053416252136,0.6482424736022949,0.43174445629119873,-0.18922430276870728,0.6479240655899048,0.30940425395965576,-0.23738233745098114,0.6458014845848083,0.20006513595581055,-0.27270570397377014,0.7079461812973022,0.6427528262138367,-0.15036650002002716,0.7821779251098633,0.558625340461731,-0.21332678198814392,0.8372640609741211,0.49907439947128296,-0.24650704860687256,0.8809142708778381,0.44589847326278687,-0.269238144159317,open_palm,RRQ_p5,RRQ
0.6458737254142761,0.8204920887947083,9.738205335452221e-07,0.5699416995048523,0.8266640901565552,-0.05386146157979965,0.4936433732509613,0.8069689273834229,-0.0919206514954567,0.4276871681213379,0.803429365158081,-0.12457612156867981,0.3625440001487732,0.8079116940498352,-0.16194716095924377,0.5179159045219421,0.6141548752784729,-0.09691385924816132,0.4663509130477905,0.4877806603908539,-0.13702382147312164,0.434730589389801,0.4023053050041199,-0.1625816375017166,0.4081451892852783,0.327105849981308,-0.1823934018611908,0.5873644948005676,0.5772865414619446,-0.10587123036384583,0.5614026784896851,0.4194120168685913,-0.13944633305072784,0.5457821488380432,0.31549781560897827,-0.1680690199136734,0.5333626866340637,0.22355687618255615,-0.19188417494297028,0.6513739824295044,0.5886041522026062,-0.11798260360956192,0.6596842408180237,0.44988787174224854,-0.16935159265995026,0.6610226035118103,0.34806859493255615,-0.21179470419883728,0.6579695343971252,0.2546701729297638,-0.24289976060390472,0.7104156613349915,0.6358767151832581,-0.13178399205207825,0.7767737507820129,0.5676866173744202,-0.1921129673719406,0.8278578519821167,0.5248903632164001,-0.22180917859077454,0.867470920085907,0.4865309000015259,-0.24129675328731537,open_palm,RRQ_p5,RRQ
0.6443240642547607,0.8167157173156738,9.910024800774409e-07,0.5682010054588318,0.8220740556716919,-0.04938703030347824,0.49270394444465637,0.8042171001434326,-0.08618653565645218,0.4285578727722168,0.8041857481002808,-0.11882628500461578,0.3652927875518799,0.8133029937744141,-0.15632440149784088,0.5164824724197388,0.6132596731185913,-0.09252145886421204,0.4656742215156555,0.4872239828109741,-0.13240738213062286,0.43515872955322266,0.3997530937194824,-0.15805914998054504,0.4100129306316376,0.32377657294273376,-0.17790046334266663,0.5847599506378174,0.5782786011695862,-0.10338258743286133,0.5588503479957581,0.4192584455013275,-0.1369655728340149,0.5435615181922913,0.3121655285358429,-0.16538982093334198,0.5316368937492371,0.2191457450389862,-0.1889583170413971,0.6483943462371826,0.5894030928611755,-0.11714940518140793,0.6532259583473206,0.4465045630931854,-0.16688323020935059,0.6535394787788391,0.3427538275718689,-0.2076086550951004,0.6505222916603088,0.24883276224136353,-0.23741604387760162,0.7083615064620972,0.6358346343040466,-0.13243374228477478,0.7738703489303589,0.5618258714675903,-0.1900603175163269,0.8224600553512573,0.5127406120300293,-0.21858331561088562,0.8595529794692993,0.4678027033805847,-0.23742571473121643,open_palm,RRQ_p5,RRQ
0.35326629877090454,0.6998651623725891,7.136140425245685e-07,0.28870072960853577,0.7210303544998169,-0.03961402550339699,0.22325874865055084,0.6980734467506409,-0.06868443638086319,0.18022166192531586,0.6539657115936279,-0.09316568821668625,0.1406419277191162,0.602375864982605,-0.11843740195035934,0.20283637940883636,0.577521800994873,-0.06886494159698486,0.15673166513442993,0.4864717721939087,-0.11024169623851776,0.13402876257896423,0.4258772134780884,-0.13763371109962463,0.11679945886135101,0.36858686804771423,-0.15612851083278656,0.23630140721797943,0.549702525138855,-0.07406694442033768,0.18831418454647064,0.4460468888282776,-0.11212817579507828,0.16050833463668823,0.37375304102897644,-0.1362023800611496,0.13666567206382751,0.3087933659553528,-0.15328817069530487,0.27820685505867004,0.5431188344955444,-0.0827832892537117,0.23602908849716187,0.4486875832080841,-0.1189211905002594,0.21278242766857147,0.3857499063014984,-0.13686783611774445,0.19092202186584473,0.3279253840446472,-0.14881323277950287,0.32639631628990173,0.5501947402954102,-0.09423495829105377,0.2946276366710663,0.48240113258361816,-0.12822477519512177,0.27410688996315,0.43465110659599304,-0.14271803200244904,0.25410905480384827,0.3899899125099182,-0.15185986459255219,open_palm,RRQ_p5,RRQ
0.44100692868232727,0.6593368649482727,4.275678975318442e-07,0.4665681719779968,0.5745357871055603,-0.01056525856256485,0.46385347843170166,0.49886876344680786,-0.017498476430773735,0.43400147557258606,0.45029306411743164,-0.019667696207761765,0.4022785723209381,0.42850130796432495,-0.021621016785502434,0.3975695073604584,0.5018122792243958,-0.04256340116262436,0.34412679076194763,0.4180702567100525,-0.05576692149043083,0.3123079538345337,0.37364882230758667,-0.05973704159259796,0.28627434372901917,0.34251290559768677,-0.06080390512943268,0.3629286289215088,0.5337352156639099,-0.04053895175457001,0.310198575258255,0.43530064821243286,-0.052492301911115646,0.2797635793685913,0.3811808228492737,-0.055657822638750076,0.2586759328842163,0.3436795473098755,-0.05732867494225502,0.33778154850006104,0.5642710328102112,-0.036517105996608734,0.28958117961883545,0.47453927993774414,-0.043582577258348465,0.26265448331832886,0.4228614568710327,-0.047977156937122345,0.24517206847667694,0.38516321778297424,-0.051470231264829636,0.3223612606525421,0.5936280488967896,-0.032277919352054596,0.28429314494132996,0.5283729434013367,-0.037813443690538406,0.2637040615081787,0.48967891931533813,-0.03986018896102905,0.24918392300605774,0.45728248357772827,-0.040629006922245026,open_palm,RRQ_p5,RRQ
0.4511900246143341,0.6508782505989075,4.833891580346972e-07,0.47846096754074097,0.57042396068573,-0.018071606755256653,0.4799714684486389,0.49880701303482056,-0.03007708489894867,0.4484577476978302,0.44952940940856934,-0.037263110280036926,0.4163963198661804,0.4205898642539978,-0.04425708204507828,0.41032710671424866,0.4954638183116913,-0.04520942643284798,0.3615691065788269,0.4112507700920105,-0.06189471110701561,0.33037155866622925,0.3657894730567932,-0.06921657174825668,0.30389514565467834,0.3338167071342468,-0.0726112648844719,0.3745481073856354,0.5241304636001587,-0.04215480014681816,0.3272082805633545,0.4259258806705475,-0.05589182674884796,0.2976428270339966,0.37029802799224854,-0.06148805469274521,0.27668261528015137,0.3313193917274475,-0.06509565562009811,0.34913870692253113,0.5532270669937134,-0.0382462739944458,0.30438974499702454,0.46580448746681213,-0.047466639429330826,0.27769961953163147,0.4133092761039734,-0.05293448269367218,0.2606097161769867,0.374498575925827,-0.05723271518945694,0.3326873183250427,0.5825080871582031,-0.03503815457224846,0.29675084352493286,0.5177521109580994,-0.04333154484629631,0.27735453844070435,0.4782615005970001,-0.046488892287015915,0.26363128423690796,0.44589629769325256,-0.047771185636520386,open_palm,RRQ_p5,RRQ
0.47630518674850464,0.6395113468170166,4.158811748311564e-07,0.5050734281539917,0.5529131889343262,-0.00795674603432417,0.5020584464073181,0.4790482819080353,-0.01410361472517252,0.4701906442642212,0.4250933825969696,-0.015906281769275665,0.43957480788230896,0.3896000385284424,-0.01792023330926895,0.4365522265434265,0.47465142607688904,-0.03972000256180763,0.38658252358436584,0.3882806599140167,-0.05195417255163193,0.35655325651168823,0.34235918521881104,-0.0555805042386055,0.33113014698028564,0.31009525060653687,-0.056188590824604034,0.4004683196544647,0.5053653120994568,-0.03818173334002495,0.352348268032074,0.403705894947052,-0.049035534262657166,0.321647971868515,0.34855079650878906,-0.05107298493385315,0.29937463998794556,0.3115502595901489,-0.05176381394267082,0.37466153502464294,0.5368149876594543,-0.03449477627873421,0.3292108476161957,0.4460722804069519,-0.04105416685342789,0.3016367256641388,0.3923029899597168,-0.04495243355631828,0.2832255959510803,0.35453078150749207,-0.04772771894931793,0.3588693141937256,0.5687030553817749,-0.030148372054100037,0.3206648528575897,0.5009828805923462,-0.03449646010994911,0.3009412884712219,0.4602987766265869,-0.0352272167801857,0.2876080870628357,0.42727208137512207,-0.034855544567108154,open_palm,RRQ_p5,RRQ
0.357042133808136,0.7077075839042664,5.52902292838553e-07,0.40839362144470215,0.6926515698432922,-0.044174183160066605,0.44589585065841675,0.6465837955474854,-0.06533968448638916,0.4609973132610321,0.5886815190315247,-0.08125407248735428,0.45346778631210327,0.5293928980827332,-0.09694096446037292,0.4193733334541321,0.5230942964553833,-0.04856691136956215,0.435414582490921,0.43472975492477417,-0.07563668489456177,0.4410310983657837,0.37717995047569275,-0.09599845111370087,0.4441729485988617,0.32352152466773987,-0.10952752828598022,0.38503536581993103,0.5069468021392822,-0.04191383719444275,0.40111154317855835,0.4077347218990326,-0.06506142765283585,0.41024214029312134,0.3390160799026489,-0.08386408537626266,0.4186505377292633,0.27836933732032776,-0.09740336984395981,0.3516782522201538,0.509199321269989,-0.039153117686510086,0.3619721531867981,0.41947466135025024,-0.058973003178834915,0.37177836894989014,0.3582972288131714,-0.07331176102161407,0.3828987181186676,0.30589377880096436,-0.08309553563594818,0.317654013633728,0.5253187417984009,-0.040395624935626984,0.3232322931289673,0.4552628993988037,-0.057705435901880264,0.33209383487701416,0.4077109694480896,-0.06672187149524689,0.3429478108882904,0.36538711190223694,-0.07253214716911316,open_palm,RRQ_p5,RRQ
0.35798999667167664,0.6789775490760803,5.337978450370429e-07,0.4094812870025635,0.6652168035507202,-0.04435162991285324,0.4475368857383728,0.620783269405365,-0.06577790528535843,0.46350419521331787,0.562898576259613,-0.0819525197148323,0.45427078008651733,0.5032463073730469,-0.09811519831418991,0.42434507608413696,0.4957656264305115,-0.04955084249377251,0.43993502855300903,0.408535361289978,-0.07715721428394318,0.4456566870212555,0.35092759132385254,-0.09841403365135193,0.44866693019866943,0.2960420846939087,-0.11293032020330429,0.3902183175086975,0.4777866005897522,-0.04316472262144089,0.4071374535560608,0.378015398979187,-0.06735198944807053,0.4170852303504944,0.3100340962409973,-0.087929368019104,0.4262525737285614,0.24891290068626404,-0.10298815369606018,0.3563958704471588,0.4789423644542694,-0.040472663938999176,0.3673425316810608,0.38918763399124146,-0.06100991368293762,0.3783085346221924,0.32698923349380493,-0.07709155231714249,0.39057689905166626,0.2737504243850708,-0.08834671229124069,0.32157009840011597,0.494089275598526,-0.04174218699336052,0.32793211936950684,0.42344892024993896,-0.05929816514253616,0.3373545706272125,0.375943660736084,-0.06908825039863586,0.3488709628582001,0.3335712254047394,-0.07578867673873901,open_palm,RRQ_p5,RRQ
0.19102120399475098,0.5567516088485718,6.213806500454666e-07,0.17594781517982483,0.4839421808719635,-0.008152351714670658,0.17494246363639832,0.4070568084716797,-0.023061564192175865,0.18684016168117523,0.35702943801879883,-0.03610890731215477,0.21717017889022827,0.3353079557418823,-0.049748241901397705,0.20128753781318665,0.3992214500904083,-0.04956447705626488,0.2632160186767578,0.33371755480766296,-0.07267878204584122,0.30296528339385986,0.2992463707923889,-0.08385704457759857,0.33474791049957275,0.2757408320903778,-0.08984538912773132,0.2259986698627472,0.4364023208618164,-0.05632505565881729,0.2918078303337097,0.36128440499305725,-0.07724761962890625,0.33471766114234924,0.3171016573905945,-0.08530090749263763,0.3672716021537781,0.2840942144393921,-0.09070560336112976,0.2501065135002136,0.4759601056575775,-0.061293940991163254,0.3068590760231018,0.4049358069896698,-0.07777135819196701,0.34447917342185974,0.36241087317466736,-0.0829118937253952,0.3722047805786133,0.32868194580078125,-0.08608438819646835,0.27118417620658875,0.5133549571037292,-0.06580647826194763,0.3132338225841522,0.4576142132282257,-0.07889950275421143,0.33760327100753784,0.4226570129394531,-0.08161546289920807,0.35741111636161804,0.39314785599708557,-0.08286930620670319,open_palm,RRQ_p5,RRQ
0.18732304871082306,0.5648102164268494,5.97344808284106e-07,0.17113551497459412,0.49380090832710266,-0.008368541486561298,0.1691591739654541,0.41720831394195557,-0.02289813570678234,0.18085066974163055,0.36532363295555115,-0.035577092319726944,0.21086248755455017,0.34332752227783203,-0.048514384776353836,0.19492611289024353,0.40949469804763794,-0.04659489542245865,0.2554102838039398,0.3423953056335449,-0.0679149255156517,0.29330527782440186,0.3080587089061737,-0.07786595076322556,0.32397106289863586,0.2849462628364563,-0.08299960941076279,0.2210966795682907,0.4450770318508148,-0.052924152463674545,0.285546213388443,0.3687478303909302,-0.07166105508804321,0.3264211416244507,0.32450932264328003,-0.07861612737178802,0.3576844334602356,0.29223063588142395,-0.08327769488096237,0.24616126716136932,0.4830058217048645,-0.057669706642627716,0.3022436499595642,0.4119614362716675,-0.07211831957101822,0.3383975327014923,0.37061607837677,-0.07649778574705124,0.36449533700942993,0.3385832905769348,-0.07929880172014236,0.2680608034133911,0.5184799432754517,-0.062075864523649216,0.30906569957733154,0.46238473057746887,-0.07316149026155472,0.3324888050556183,0.42844462394714355,-0.07490617781877518,0.3511121869087219,0.39966750144958496,-0.07558155059814453,open_palm,RRQ_p5,RRQ
0.5097954869270325,0.6287704110145569,6.61842932458967e-07,0.5671156644821167,0.6979804039001465,-0.045595619827508926,0.6389107704162598,0.7299380898475647,-0.07458724826574326,0.7026125192642212,0.754563570022583,-0.10012991726398468,0.7604956030845642,0.7778733968734741,-0.12699875235557556,0.7124536633491516,0.5886150002479553,-0.061568547040224075,0.7948091626167297,0.5377196669578552,-0.10111155360937119,0.8465692400932312,0.5014928579330444,-0.12986695766448975,0.8938878774642944,0.46985137462615967,-0.14984790980815887,0.6956967711448669,0.5335946679115295,-0.0634230449795723,0.7831975221633911,0.4739886224269867,-0.10256868600845337,0.8465410470962524,0.4331926107406616,-0.13279424607753754,0.9043164253234863,0.39684736728668213,-0.15416406095027924,0.6628414988517761,0.4931415915489197,-0.06909947842359543,0.7403454184532166,0.43330851197242737,-0.10497090965509415,0.7939384579658508,0.4028160572052002,-0.12718293070793152,0.8443071842193604,0.376915842294693,-0.14141610264778137,0.618318498134613,0.4615996479988098,-0.07841295748949051,0.6767039895057678,0.4140738546848297,-0.11012237519025803,0.7180910110473633,0.3927426338195801,-0.12514224648475647,0.7594956755638123,0.373956561088562,-0.13427932560443878,open_palm,RRQ_p5,RRQ
0.5085299015045166,0.623894214630127,6.800430583098205e-07,0.5666472315788269,0.694362223148346,-0.04866499826312065,0.6381385326385498,0.7269641160964966,-0.07894139736890793,0.7026702761650085,0.7504905462265015,-0.10487675666809082,0.7617610096931458,0.771531343460083,-0.13201282918453217,0.706733763217926,0.5842978358268738,-0.06730147451162338,0.788486897945404,0.5323415994644165,-0.10773350298404694,0.8400219082832336,0.4936341941356659,-0.13649560511112213,0.8870399594306946,0.45979177951812744,-0.15646274387836456,0.6902962923049927,0.5272850394248962,-0.06720809638500214,0.7765637636184692,0.4666481614112854,-0.10802928358316422,0.8391447067260742,0.42492425441741943,-0.13911011815071106,0.8960354328155518,0.38805514574050903,-0.16101929545402527,0.6580830216407776,0.4860524535179138,-0.07075512409210205,0.7336733937263489,0.42546188831329346,-0.1076468750834465,0.7870649695396423,0.392989844083786,-0.13062965869903564,0.8366641998291016,0.3660682439804077,-0.14537358283996582,0.6148387789726257,0.4547709822654724,-0.07804170250892639,0.6725004315376282,0.40692806243896484,-0.1103922575712204,0.7140186429023743,0.38451337814331055,-0.12629036605358124,0.7555127739906311,0.3647734820842743,-0.13609859347343445,open_palm,RRQ_p5,RRQ
0.23744773864746094,0.6898237466812134,6.191527290866361e-07,0.28129053115844727,0.6652969717979431,-0.05233503505587578,0.3087984323501587,0.6091123223304749,-0.07937305420637131,0.32517382502555847,0.5450992584228516,-0.10004811733961105,0.3479230999946594,0.48951780796051025,-0.11943206191062927,0.25104665756225586,0.4725099802017212,-0.051727451384067535,0.2495861053466797,0.3755720257759094,-0.07988263666629791,0.24231281876564026,0.3123534321784973,-0.10189294815063477,0.2342694252729416,0.2554381489753723,-0.11759906262159348,0.2158055454492569,0.46275484561920166,-0.0419430285692215,0.21123065054416656,0.35571181774139404,-0.06738867610692978,0.2062273472547531,0.28207483887672424,-0.08826243877410889,0.20252911746501923,0.21538692712783813,-0.1032484620809555,0.18594610691070557,0.47291916608810425,-0.03665729984641075,0.17519187927246094,0.37602025270462036,-0.059410907328128815,0.17302078008651733,0.31265532970428467,-0.07462537288665771,0.1741020381450653,0.2571023106575012,-0.08463415503501892,0.15849599242210388,0.4986746609210968,-0.03611963242292404,0.14822444319725037,0.42622625827789307,-0.05473218858242035,0.14705941081047058,0.37811893224716187,-0.06374066323041916,0.14873987436294556,0.33423835039138794,-0.06937114149332047,open_palm,RRQ_p5,RRQ
0.23393884301185608,0.6852360367774963,6.079656031943159e-07,0.28194567561149597,0.6658269166946411,-0.05471581593155861,0.3149619996547699,0.6127051115036011,-0.08275192230939865,0.33495137095451355,0.5509766340255737,-0.104097880423069,0.3598312735557556,0.49814099073410034,-0.12425262480974197,0.25695762038230896,0.47370001673698425,-0.05449621006846428,0.25494012236595154,0.376300573348999,-0.08329244703054428,0.24685586988925934,0.3120625615119934,-0.10533342510461807,0.23800674080848694,0.25510740280151367,-0.12073599547147751,0.22231952846050262,0.462052583694458,-0.04383178427815437,0.21732905507087708,0.35414183139801025,-0.06945279985666275,0.20985770225524902,0.2784629166126251,-0.08994818478822708,0.2037336677312851,0.21161869168281555,-0.10445277392864227,0.19245511293411255,0.47050973773002625,-0.03787854313850403,0.18356165289878845,0.3714463710784912,-0.060608334839344025,0.180068701505661,0.30671119689941406,-0.07510595768690109,0.1791849136352539,0.25072181224823,-0.08447261899709702,0.16327989101409912,0.4942217469215393,-0.03688592091202736,0.15430724620819092,0.4207295775413513,-0.05528473109006882,0.15354172885417938,0.37218424677848816,-0.06356775015592575,0.1553034484386444,0.32820773124694824,-0.06847976893186569,open_palm,RRQ_p5,RRQ
0.6103595495223999,0.7061483263969421,-5.095014188327696e-09,0.5854476690292358,0.615096390247345,-0.008266808465123177,0.5462985634803772,0.5437726974487305,-0.023834997788071632,0.5154785513877869,0.48426300287246704,-0.03853600099682808,0.5104142427444458,0.42488640546798706,-0.05228061601519585,0.491188108921051,0.5952064990997314,-0.033718135207891464,0.42587411403656006,0.577318012714386,-0.04758090153336525,0.4520527422428131,0.5778676271438599,-0.05406714603304863,0.4782603979110718,0.5850126147270203,-0.05607040971517563,0.4841744303703308,0.6562188267707825,-0.035755958408117294,0.424007385969162,0.6283845901489258,-0.03957454487681389,0.4479145109653473,0.6251021027565002,-0.03667266294360161,0.4725838005542755,0.6347297430038452,-0.036361973732709885,0.48316019773483276,0.7118886113166809,-0.03675304725766182,0.4298357665538788,0.6791262626647949,-0.035932961851358414,0.4504132568836212,0.6758875846862793,-0.025660790503025055,0.4737992286682129,0.6846981048583984,-0.021103208884596825,0.4847438633441925,0.7587577104568481,-0.03820764645934105,0.4360823929309845,0.7284756302833557,-0.03438987582921982,0.4546945095062256,0.7236631512641907,-0.021215155720710754,0.4757791757583618,0.7311781644821167,-0.012244481593370438,thumbs_up,RRQ_p5,RRQ
0.5808207988739014,0.7412931323051453,6.024026788509218e-08,0.558148205280304,0.6424727439880371,-0.008588876575231552,0.5212854146957397,0.563237190246582,-0.026380904018878937,0.5068619847297668,0.49205055832862854,-0.04436798766255379,0.5264898538589478,0.44152551889419556,-0.062077224254608154,0.44936758279800415,0.6093660593032837,-0.030879100784659386,0.38594213128089905,0.5896903276443481,-0.04564784839749336,0.4128558337688446,0.5955116748809814,-0.05509309470653534,0.44123414158821106,0.6051828861236572,-0.059618327766656876,0.4389861822128296,0.6729382276535034,-0.03404983505606651,0.3805869221687317,0.6461054682731628,-0.038104232400655746,0.4063010811805725,0.6462405323982239,-0.03655574843287468,0.4333818554878235,0.656112790107727,-0.0373593233525753,0.4362177848815918,0.733294665813446,-0.0364362858235836,0.3859173357486725,0.6993569731712341,-0.0353400744497776,0.40816086530685425,0.6992680430412292,-0.02632397599518299,0.4335918128490448,0.7096969485282898,-0.022509556263685226,0.4372875392436981,0.7857357263565063,-0.03962329402565956,0.3904070258140564,0.7520027160644531,-0.034696076065301895,0.41177332401275635,0.7501451373100281,-0.02093791402876377,0.4354899227619171,0.7590893507003784,-0.011614234186708927,thumbs_up,RRQ_p5,RRQ
0.5309450030326843,0.7451280355453491,6.732852053659144e-09,0.5336419939994812,0.6392741203308105,-0.007107833866029978,0.5210487842559814,0.5506804585456848,-0.021438922733068466,0.5234144926071167,0.4768860936164856,-0.036682188510894775,0.5475571155548096,0.43434441089630127,-0.05124444141983986,0.4291633367538452,0.5681101083755493,-0.02055090293288231,0.388211727142334,0.5279711484909058,-0.03366078808903694,0.41229718923568726,0.5419411659240723,-0.04444989562034607,0.4372003376483917,0.5654898881912231,-0.05018579959869385,0.4013482630252838,0.6232812404632568,-0.02315741591155529,0.37285614013671875,0.578984260559082,-0.02369980700314045,0.3963574767112732,0.587596595287323,-0.0237642340362072,0.41690829396247864,0.6093224287033081,-0.026743825525045395,0.38565701246261597,0.6777320504188538,-0.02538011409342289,0.3643410801887512,0.6287708878517151,-0.02137094736099243,0.38499587774276733,0.6365628242492676,-0.014142883010208607,0.40459632873535156,0.6581271886825562,-0.01232222281396389,0.3774182200431824,0.7256726026535034,-0.02875102311372757,0.3568810820579529,0.6837032437324524,-0.021937459707260132,0.3761613368988037,0.6879264116287231,-0.009427917189896107,0.3931005597114563,0.7049351334571838,-0.0009226473630405962,thumbs_up,RRQ_p5,RRQ
0.7553517818450928,0.6437638998031616,-1.2399577542510087e-07,0.6843273639678955,0.5889049172401428,-0.004890491254627705,0.6017392873764038,0.5718722939491272,-0.020603958517313004,0.540988564491272,0.5534000992774963,-0.035774607211351395,0.5062211751937866,0.5096670985221863,-0.05124980956315994,0.6003828048706055,0.6367384195327759,-0.05533042177557945,0.5287792086601257,0.7181701064109802,-0.07559273391962051,0.5502063035964966,0.6948002576828003,-0.0812140628695488,0.5762175917625427,0.6661145687103271,-0.08190208673477173,0.6365232467651367,0.6950657963752747,-0.06224795803427696,0.559685230255127,0.7638672590255737,-0.07491550594568253,0.5802313685417175,0.7365781664848328,-0.0693039521574974,0.608582079410553,0.7116767764091492,-0.06671123951673508,0.6693334579467773,0.7456181049346924,-0.06684494018554688,0.595973551273346,0.799808144569397,-0.07396407425403595,0.6146987080574036,0.7733216881752014,-0.05661538615822792,0.641592800617218,0.748855710029602,-0.046349506825208664,0.698857843875885,0.7882599830627441,-0.07140307128429413,0.6328465938568115,0.8289358615875244,-0.07430028170347214,0.6488454341888428,0.8058387041091919,-0.057761300355196,0.6738051176071167,0.7860435247421265,-0.046148113906383514,thumbs_up,RRQ_p5,RRQ
0.758173942565918,0.6535719633102417,-8.038254151188085e-08,0.6841293573379517,0.6032266616821289,-0.0051893871277570724,0.6038138270378113,0.5897108316421509,-0.022451158612966537,0.5443482398986816,0.5737496614456177,-0.03901452571153641,0.5088661909103394,0.532732367515564,-0.05567912384867668,0.6074445247650146,0.6593968868255615,-0.058404646813869476,0.5347987413406372,0.7372636795043945,-0.07992245256900787,0.5555973052978516,0.7117161154747009,-0.08580096811056137,0.5833343267440796,0.6835152506828308,-0.08596386760473251,0.6452096104621887,0.7165761590003967,-0.06522976607084274,0.5665038824081421,0.7827968597412109,-0.0776539072394371,0.5844759345054626,0.754994809627533,-0.0718885138630867,0.6127390265464783,0.7310043573379517,-0.06915687769651413,0.6794162392616272,0.7652301788330078,-0.06960052251815796,0.6047860383987427,0.8173750638961792,-0.07551415264606476,0.6206021904945374,0.7905452847480774,-0.05804629996418953,0.6469045877456665,0.7665473222732544,-0.04787513241171837,0.7097538113594055,0.8051292300224304,-0.0739428848028183,0.6431378126144409,0.8475490212440491,-0.07485674321651459,0.6558881402015686,0.8230287432670593,-0.05753626301884651,0.6799100637435913,0.8021467924118042,-0.0456337034702301,thumbs_up,RRQ_p5,RRQ
0.33950263261795044,0.7378277778625488,-5.970733951699003e-08,0.359072208404541,0.6729782819747925,-0.03726688027381897,0.3601902723312378,0.6031997203826904,-0.06060910224914551,0.3539470434188843,0.5415109992027283,-0.07803915441036224,0.34151676297187805,0.484384685754776,-0.09332626312971115,0.28786566853523254,0.6397371888160706,-0.06935520470142365,0.3674963116645813,0.6812690496444702,-0.09644490480422974,0.36755019426345825,0.6691035628318787,-0.11111412197351456,0.3484570384025574,0.6500698328018188,-0.12204759567975998,0.2715376019477844,0.7062432765960693,-0.06373132020235062,0.37128907442092896,0.7356975674629211,-0.08058857917785645,0.3611963093280792,0.715877890586853,-0.08033294230699539,0.3354473114013672,0.6974948048591614,-0.08572985976934433,0.2725807726383209,0.7629309296607971,-0.060006435960531235,0.36496323347091675,0.7832704186439514,-0.07195776700973511,0.35790038108825684,0.7673140168190002,-0.05790334567427635,0.3325212597846985,0.7508548498153687,-0.05208350718021393,0.282509982585907,0.8142942190170288,-0.06201106682419777,0.35189130902290344,0.8254382014274597,-0.07375630736351013,0.3497731387615204,0.815353512763977,-0.06967651844024658,0.3320424556732178,0.8088271021842957,-0.06718805432319641,thumbs_up,RRQ_p5,RRQ
0.33082473278045654,0.7568572163581848,-9.255038690980655e-08,0.3545020818710327,0.6933963894844055,-0.03498096764087677,0.36052387952804565,0.6199747920036316,-0.05767771229147911,0.3569507300853729,0.5562878251075745,-0.0750979483127594,0.3483516275882721,0.4982287287712097,-0.09087607264518738,0.28638896346092224,0.651557207107544,-0.06596724689006805,0.3641362190246582,0.6943028569221497,-0.09181252121925354,0.36479049921035767,0.685528039932251,-0.10697422176599503,0.3452749252319336,0.6676551699638367,-0.11880351603031158,0.2654346823692322,0.7156479358673096,-0.06139824539422989,0.3647501766681671,0.7490438222885132,-0.07728233933448792,0.35652342438697815,0.7315086126327515,-0.07880402356386185,0.33083784580230713,0.7129209637641907,-0.08615950495004654,0.2613646388053894,0.7711666226387024,-0.05834662541747093,0.35422879457473755,0.7978761196136475,-0.06929496675729752,0.35009151697158813,0.7847899198532104,-0.05749658867716789,0.3264549672603607,0.7687821984291077,-0.05407630652189255,0.26635652780532837,0.8229069709777832,-0.06072632223367691,0.33646273612976074,0.8391435146331787,-0.07095925509929657,0.33703362941741943,0.831260085105896,-0.0673137828707695,0.32082611322402954,0.8253203630447388,-0.06603363901376724,thumbs_up,RRQ_p5,RRQ
0.332313597202301,0.6350660920143127,-3.0247122140281135e-07,0.3498889207839966,0.5561893582344055,-0.0015240998473018408,0.37793654203414917,0.49013277888298035,-0.012471341527998447,0.39950984716415405,0.43353843688964844,-0.024187183007597923,0.40392178297042847,0.38655704259872437,-0.03360660374164581,0.45176801085472107,0.5252565145492554,-0.01586211286485195,0.49805116653442383,0.5251242518424988,-0.021067865192890167,0.4777413606643677,0.5363906621932983,-0.023106107488274574,0.45380452275276184,0.5387795567512512,-0.024115733802318573,0.4596770703792572,0.5752869844436646,-0.020858287811279297,0.4976314306259155,0.5735940933227539,-0.017210248857736588,0.47740399837493896,0.5792150497436523,-0.012694107368588448,0.4542638063430786,0.581893265247345,-0.012881231494247913,0.457863986492157,0.623389482498169,-0.02476022206246853,0.4914916753768921,0.6178986430168152,-0.01801551878452301,0.474012553691864,0.6214939951896667,-0.007281495723873377,0.45137959718704224,0.6249392032623291,-0.004401190672069788,0.4512993097305298,0.6668749451637268,-0.029007278382778168,0.4811810255050659,0.65900057554245,-0.022494321689009666,0.46484825015068054,0.657008707523346,-0.009918956086039543,0.4456826448440552,0.6593739986419678,-0.0021665419917553663,thumbs_up,RRQ_p5,RRQ
0.3273123800754547,0.6359231472015381,-2.86451580677749e-07,0.34665584564208984,0.556609570980072,-0.001429633586667478,0.3745402991771698,0.4914205074310303,-0.013279777951538563,0.3963874876499176,0.4341275095939636,-0.025960631668567657,0.4007600247859955,0.38638073205947876,-0.036165691912174225,0.4475391209125519,0.5292815566062927,-0.016738317906856537,0.4946667551994324,0.5290548205375671,-0.021065281704068184,0.472925066947937,0.5382024645805359,-0.022078119218349457,0.44989538192749023,0.5398859977722168,-0.022657282650470734,0.45514169335365295,0.579221785068512,-0.021308137103915215,0.4951525330543518,0.5746040940284729,-0.01809397153556347,0.4736822545528412,0.576963484287262,-0.013019254431128502,0.4509536325931549,0.580812931060791,-0.012638675048947334,0.45236194133758545,0.6264606714248657,-0.024495739489793777,0.4877258241176605,0.6194634437561035,-0.01760927401483059,0.47018370032310486,0.6203290820121765,-0.006337234750390053,0.4478531777858734,0.6250049471855164,-0.002987445332109928,0.4456634521484375,0.6689350008964539,-0.027918091043829918,0.47680073976516724,0.6614416241645813,-0.020343221724033356,0.46071088314056396,0.6565629243850708,-0.007273395545780659,0.4418897330760956,0.6590771675109863,0.0006501661264337599,thumbs_up,RRQ_p5,RRQ
0.600859522819519,0.6391799449920654,-4.5771957957185805e-07,0.5647608041763306,0.5592528581619263,-0.05729721114039421,0.5422675609588623,0.45433616638183594,-0.08534858375787735,0.5399144887924194,0.3737305700778961,-0.1012754812836647,0.5522725582122803,0.28927257657051086,-0.11079218238592148,0.6135463118553162,0.5000835657119751,-0.09635578095912933,0.48519596457481384,0.5759974718093872,-0.1327085942029953,0.49592047929763794,0.5730135440826416,-0.1488523632287979,0.5313410758972168,0.5590486526489258,-0.159155011177063,0.6470650434494019,0.582480788230896,-0.08518025279045105,0.4909900724887848,0.6642506122589111,-0.11068889498710632,0.5194495916366577,0.6350212097167969,-0.10525788366794586,0.5607651472091675,0.6101259589195251,-0.10377506166696548,0.6614364385604858,0.6641718149185181,-0.07706635445356369,0.5138614177703857,0.7252258658409119,-0.10493776947259903,0.5387484431266785,0.694896936416626,-0.07489702105522156,0.5781272649765015,0.670433759689331,-0.050780754536390305,0.6637626886367798,0.7403720021247864,-0.07687702029943466,0.5521697402000427,0.7756916284561157,-0.11130379140377045,0.5684386491775513,0.7486879825592041,-0.10317543148994446,0.6028215289115906,0.7269356846809387,-0.089444600045681,thumbs_up,RRQ_p5,RRQ
0.6453083753585815,0.6570708751678467,-7.064891178742982e-07,0.5719618201255798,0.6511651277542114,-0.06995328515768051,0.5097987651824951,0.6072643399238586,-0.11017844080924988,0.4698438346385956,0.5648276805877686,-0.13610950112342834,0.4372600317001343,0.5031746029853821,-0.15332263708114624,0.6058170199394226,0.5136382579803467,-0.1185590922832489,0.6165369749069214,0.6720547080039978,-0.15419507026672363,0.5961297154426575,0.6746946573257446,-0.16142325103282928,0.5840848684310913,0.6275302767753601,-0.16863061487674713,0.6799952983856201,0.5150235891342163,-0.10257577896118164,0.6667904853820801,0.7139408588409424,-0.13620911538600922,0.6425017714500427,0.7007025480270386,-0.1316291242837906,0.637145459651947,0.6484226584434509,-0.13190795481204987,0.7362195253372192,0.5422990322113037,-0.08952619880437851,0.7154359817504883,0.7217180132865906,-0.12791894376277924,0.6891337633132935,0.7088379263877869,-0.11099999397993088,0.6850192546844482,0.6596362590789795,-0.09872281551361084,0.7789769172668457,0.5786191821098328,-0.08371146023273468,0.7646374702453613,0.7058520913124084,-0.1264629364013672,0.7403706312179565,0.7062767744064331,-0.13018567860126495,0.7282838225364685,0.6723386645317078,-0.12789399921894073,thumbs_up,RRQ_p5,RRQ
0.6906068325042725,0.6597449779510498,-6.340411005112401e-07,0.6122552156448364,0.6604756116867065,-0.07040121406316757,0.5439053773880005,0.6094506978988647,-0.10558416694402695,0.5015259981155396,0.5658180117607117,-0.12586663663387299,0.45904597640037537,0.5057633519172668,-0.13789552450180054,0.6298195123672485,0.5191347002983093,-0.11325789988040924,0.6374859809875488,0.6753300428390503,-0.14661207795143127,0.6210245490074158,0.6738620400428772,-0.15559761226177216,0.6105557680130005,0.6280131936073303,-0.16427461802959442,0.7032848000526428,0.5164637565612793,-0.09666673094034195,0.6926393508911133,0.7216331362724304,-0.12678851187229156,0.6721222400665283,0.691349446773529,-0.12241813540458679,0.6634305715560913,0.6351709365844727,-0.122843898832798,0.760729968547821,0.5420898795127869,-0.08328591287136078,0.7396856546401978,0.7240310907363892,-0.11742375046014786,0.7190384864807129,0.7005831599235535,-0.09382946789264679,0.7148401737213135,0.6481296420097351,-0.07602017372846603,0.8039727807044983,0.5766263604164124,-0.07800685614347458,0.7884694337844849,0.6986980438232422,-0.12048006802797318,0.7709593772888184,0.686557948589325,-0.12014145404100418,0.764145016670227,0.6469173431396484,-0.11300148814916611,thumbs_up,RRQ_p5,RRQ
0.40555429458618164,0.6659690737724304,-7.946369606770531e-08,0.35108426213264465,0.6019501686096191,-0.01146654598414898,0.28370240330696106,0.5408028364181519,-0.04103146865963936,0.24818213284015656,0.48691675066947937,-0.06667184829711914,0.24594402313232422,0.41628172993659973,-0.09443601220846176,0.3250553011894226,0.5656488537788391,-0.11401030421257019,0.21072222292423248,0.6313815116882324,-0.1459757685661316,0.2232641875743866,0.6308521032333374,-0.14727041125297546,0.2563512325286865,0.61507248878479,-0.14397378265857697,0.35507649183273315,0.6344808340072632,-0.12377046793699265,0.22854800522327423,0.7094483971595764,-0.15199673175811768,0.24715301394462585,0.6987335681915283,-0.13733921945095062,0.2835245132446289,0.6793293952941895,-0.12966816127300262,0.37560001015663147,0.7042213082313538,-0.1292106956243515,0.2530140280723572,0.7640148401260376,-0.1525479555130005,0.2726653516292572,0.7499790191650391,-0.12716053426265717,0.309489905834198,0.7298564314842224,-0.11090259253978729,0.3869131803512573,0.7700933218002319,-0.13401709496974945,0.29141777753829956,0.8103175163269043,-0.15420328080654144,0.30358433723449707,0.7893633246421814,-0.14079618453979492,0.33456951379776,0.7689000964164734,-0.13091877102851868,thumbs_up,RRQ_p5,RRQ
0.39978134632110596,0.6873839497566223,-7.721776995595064e-08,0.34060293436050415,0.6265608072280884,-0.009159999899566174,0.2670270800590515,0.5709458589553833,-0.03719305247068405,0.2296004295349121,0.5175879597663879,-0.06205035746097565,0.2247234433889389,0.44647032022476196,-0.08900136500597,0.30457401275634766,0.5880635976791382,-0.10762448608875275,0.19264498353004456,0.6644719243049622,-0.1380942463874817,0.20968249440193176,0.6634673476219177,-0.14071819186210632,0.24341806769371033,0.6434051394462585,-0.1387571394443512,0.33627116680145264,0.6573505401611328,-0.11789040267467499,0.2144898921251297,0.7385600805282593,-0.14486564695835114,0.23437455296516418,0.72651606798172,-0.13232548534870148,0.2707401514053345,0.7036879658699036,-0.12606337666511536,0.3589387536048889,0.7280614972114563,-0.1238144114613533,0.23953308165073395,0.7926849126815796,-0.14465303719043732,0.2588513493537903,0.7788525223731995,-0.12142160534858704,0.2957509458065033,0.7572728991508484,-0.10676327347755432,0.37352460622787476,0.795689046382904,-0.1290452778339386,0.27860328555107117,0.8389061689376831,-0.1461632251739502,0.28809237480163574,0.8198870420455933,-0.13285745680332184,0.31867387890815735,0.7997679710388184,-0.1232348307967186,thumbs_up,RRQ_p5,RRQ
0.6724731922149658,0.5370969176292419,-5.658648092321528e-07,0.7062988877296448,0.4221746027469635,-0.017622122541069984,0.7494550943374634,0.3251296579837799,-0.037693895399570465,0.7910025119781494,0.25747883319854736,-0.055844228714704514,0.8426061868667603,0.2234567254781723,-0.07339607179164886,0.7953833341598511,0.36503899097442627,-0.06322149187326431,0.7165441513061523,0.2599791884422302,-0.09386033564805984,0.6866060495376587,0.2923261821269989,-0.09934522211551666,0.6998145580291748,0.3293611407279968,-0.10046562552452087,0.7608222365379333,0.42184120416641235,-0.07177246361970901,0.669257640838623,0.30375805497169495,-0.0989394336938858,0.6550928354263306,0.33935388922691345,-0.09036733955144882,0.6728799939155579,0.3757632076740265,-0.08572940528392792,0.7175986170768738,0.47053879499435425,-0.08127733319997787,0.634097695350647,0.3540666401386261,-0.1088002622127533,0.6279584765434265,0.38653358817100525,-0.09028327465057373,0.649169921875,0.4237731993198395,-0.07738091051578522,0.6723849177360535,0.5111367702484131,-0.0916406512260437,0.6065683364868164,0.4101782441139221,-0.11261101812124252,0.6079009175300598,0.43167558312416077,-0.10387344658374786,0.6291572451591492,0.4680595099925995,-0.09540000557899475,thumbs_up,RRQ_p5,RRQ
0.6913237571716309,0.7479292154312134,1.3985982150188647e-06,0.6450719833374023,0.7567641139030457,-0.04151873290538788,0.6110731959342957,0.7565462589263916,-0.0799609124660492,0.646840512752533,0.792145848274231,-0.1177516058087349,0.6951586604118347,0.8160123825073242,-0.15764909982681274,0.5714700222015381,0.6074222922325134,-0.09415889531373978,0.5121445655822754,0.5160613656044006,-0.141048401594162,0.4769413471221924,0.4543214738368988,-0.16308867931365967,0.4476583003997803,0.3949655294418335,-0.1762961596250534,0.6247642636299133,0.5625120401382446,-0.10484648495912552,0.6062309145927429,0.435679167509079,-0.15313050150871277,0.5972744226455688,0.34970080852508545,-0.1732676923274994,0.5850896835327148,0.2675165832042694,-0.1807151883840561,0.6815448999404907,0.5665233135223389,-0.11668101698160172,0.7131888270378113,0.6047177910804749,-0.17522715032100677,0.7165623903274536,0.7163609266281128,-0.1794547736644745,0.7119418382644653,0.7882330417633057,-0.1663641482591629,0.7304611802101135,0.5977201461791992,-0.1312253177165985,0.7482692003250122,0.6659716367721558,-0.17828525602817535,0.7455832362174988,0.748898446559906,-0.17625947296619415,0.7347573637962341,0.8082018494606018,-0.16425980627536774,peace_sign,RRQ_p5,RRQ
0.6953370571136475,0.7426473498344421,1.5399014046124648e-06,0.651705265045166,0.7516865730285645,-0.043774671852588654,0.6170972585678101,0.7545628547668457,-0.08495724946260452,0.652484655380249,0.7884067893028259,-0.12581035494804382,0.7036754488945007,0.8053295612335205,-0.16854970157146454,0.5792122483253479,0.6036174297332764,-0.09960349649190903,0.517862856388092,0.5118194818496704,-0.15048332512378693,0.48372000455856323,0.44761914014816284,-0.17658443748950958,0.4570532739162445,0.38542240858078003,-0.19313780963420868,0.6352404356002808,0.5613582134246826,-0.11129318922758102,0.6235377788543701,0.43496230244636536,-0.16607557237148285,0.6188263297080994,0.343883752822876,-0.19260552525520325,0.6118026971817017,0.258550763130188,-0.20427657663822174,0.6924237012863159,0.5684423446655273,-0.12359786033630371,0.7211469411849976,0.6104900240898132,-0.1848554015159607,0.7219675183296204,0.7219563722610474,-0.18877704441547394,0.7156190276145935,0.7926030158996582,-0.17540837824344635,0.7398309707641602,0.6013532876968384,-0.13900576531887054,0.7558304667472839,0.6763677597045898,-0.18711112439632416,0.7514453530311584,0.7569161653518677,-0.18391497433185577,0.7406635880470276,0.8132888674736023,-0.17061170935630798,peace_sign,RRQ_p5,RRQ
0.7003788352012634,0.7577655911445618,1.4923490425644559e-06,0.6558452844619751,0.7672286629676819,-0.04383307695388794,0.6221092939376831,0.7664446830749512,-0.08356033265590668,0.6599597930908203,0.8000501394271851,-0.12269837409257889,0.707723081111908,0.8221997022628784,-0.16392026841640472,0.582080602645874,0.6154946684837341,-0.09645190089941025,0.5196742415428162,0.5240715742111206,-0.14384399354457855,0.4845828413963318,0.4602448344230652,-0.1671428233385086,0.45557713508605957,0.39863213896751404,-0.18151581287384033,0.6366105675697327,0.5714389085769653,-0.10635436326265335,0.6229624152183533,0.44343292713165283,-0.15579238533973694,0.6189963221549988,0.3507170081138611,-0.17891260981559753,0.6108003258705139,0.2644882798194885,-0.1886354386806488,0.6926513910293579,0.5766102075576782,-0.11717242747545242,0.7227802872657776,0.6232303380966187,-0.1755087673664093,0.7283682823181152,0.7353056073188782,-0.1807832568883896,0.724989116191864,0.8073440194129944,-0.16841411590576172,0.740486204624176,0.6079713106155396,-0.13094261288642883,0.7549644708633423,0.6797018051147461,-0.17648501694202423,0.7545560598373413,0.7617009878158569,-0.1730712354183197,0.7466562986373901,0.820724606513977,-0.16001462936401367,peace_sign,RRQ_p5,RRQ
0.30874279141426086,0.7964072823524475,1.2893909797639935e-06,0.2732635736465454,0.7703123688697815,-0.02300579845905304,0.22887107729911804,0.7598426342010498,-0.05422133207321167,0.20337042212486267,0.8070878982543945,-0.08854285627603531,0.19334661960601807,0.8590268492698669,-0.12670283019542694,0.22483929991722107,0.6230632066726685,-0.07449638098478317,0.18411946296691895,0.5110443234443665,-0.10768820345401764,0.16152837872505188,0.4445258677005768,-0.1238245964050293,0.1485123187303543,0.37882566452026367,-0.13542665541172028,0.2796194553375244,0.6179482340812683,-0.09133637696504593,0.2842664122581482,0.5238202214241028,-0.1251215934753418,0.296487957239151,0.45647966861724854,-0.14551107585430145,0.30517029762268066,0.3974418044090271,-0.15711821615695953,0.32867443561553955,0.6537180542945862,-0.10608802735805511,0.28391361236572266,0.7203974723815918,-0.1430407613515854,0.24125391244888306,0.8019360899925232,-0.1508694440126419,0.20997950434684753,0.8543702960014343,-0.14829370379447937,0.3606817126274109,0.7072476744651794,-0.12223402410745621,0.30916786193847656,0.7916337847709656,-0.147098571062088,0.2715716063976288,0.8462471961975098,-0.14189544320106506,0.2443332076072693,0.8845509886741638,-0.13331913948059082,peace_sign,RRQ_p5,RRQ
0.31711044907569885,0.8163188695907593,1.3330854926607572e-06,0.27949258685112,0.7974651455879211,-0.025724487379193306,0.2343243658542633,0.7928450703620911,-0.05943882465362549,0.21162733435630798,0.8432437181472778,-0.09613693505525589,0.20738637447357178,0.8912252187728882,-0.136174276471138,0.22978001832962036,0.6525800824165344,-0.0776757299900055,0.18827542662620544,0.5418980121612549,-0.11339540034532547,0.16429945826530457,0.47685420513153076,-0.13154931366443634,0.15033408999443054,0.4117053151130676,-0.1444714516401291,0.28477615118026733,0.6434888243675232,-0.09465807676315308,0.2870711088180542,0.5518531203269958,-0.1340256929397583,0.29427823424339294,0.48440632224082947,-0.15663613379001617,0.29913491010665894,0.4245421886444092,-0.16898208856582642,0.33531785011291504,0.6755473613739014,-0.1098896861076355,0.2918335199356079,0.7441787719726562,-0.15071958303451538,0.25046834349632263,0.8278284668922424,-0.1581764817237854,0.2203044593334198,0.8812048435211182,-0.1547151505947113,0.3683624565601349,0.7271530628204346,-0.12681208550930023,0.32148686051368713,0.8107044696807861,-0.15203095972537994,0.2846423387527466,0.8658607006072998,-0.1458643674850464,0.2582222521305084,0.9034241437911987,-0.13675448298454285,peace_sign,RRQ_p5,RRQ
0.7448868751525879,0.4972344934940338,3.489113566956803e-07,0.717050313949585,0.5079306364059448,-0.01876523345708847,0.6894054412841797,0.49123474955558777,-0.02882250025868416,0.6839509606361389,0.44950464367866516,-0.03825390338897705,0.6851231455802917,0.41487911343574524,-0.04662700742483139,0.6417083740234375,0.4531034827232361,-0.01731608249247074,0.6011719703674316,0.43427586555480957,-0.03223167732357979,0.5758307576179504,0.4199158549308777,-0.0410471111536026,0.5557124614715576,0.40711161494255066,-0.04618390277028084,0.6550908088684082,0.42445576190948486,-0.019477903842926025,0.6156483888626099,0.3906007409095764,-0.03482934460043907,0.5920358896255493,0.3686716854572296,-0.044424720108509064,0.5724424719810486,0.34982144832611084,-0.048524826765060425,0.677388072013855,0.4100477397441864,-0.023829620331525803,0.6740861535072327,0.392049103975296,-0.04512951523065567,0.6858819723129272,0.4164435565471649,-0.0508163720369339,0.6931024193763733,0.4345713257789612,-0.048751454800367355,0.7018389105796814,0.4079377055168152,-0.029674291610717773,0.7036908268928528,0.4070413112640381,-0.04605061188340187,0.7125614881515503,0.43337583541870117,-0.04715503379702568,0.7172509431838989,0.4529646039009094,-0.044112056493759155,peace_sign,RRQ_p5,RRQ
0.7647194862365723,0.6675403714179993,5.605955948340124e-07,0.7305523157119751,0.6726657748222351,-0.013588191010057926,0.7014438509941101,0.6642305850982666,-0.027407092973589897,0.7073798775672913,0.6515024900436401,-0.04266054183244705,0.7245065569877625,0.6367209553718567,-0.058203306049108505,0.673123300075531,0.579564094543457,-0.026936879381537437,0.6453201174736023,0.5304258465766907,-0.04425480216741562,0.6299606561660767,0.4981405735015869,-0.0532258078455925,0.6182180643081665,0.4684242606163025,-0.058633171021938324,0.7003312110900879,0.559345543384552,-0.03417278453707695,0.6849509477615356,0.49650946259498596,-0.0516485720872879,0.6761406064033508,0.45531171560287476,-0.06106562539935112,0.6676540374755859,0.4178619682788849,-0.0653655007481575,0.7309237718582153,0.5573792457580566,-0.04215316101908684,0.7268561124801636,0.5671353936195374,-0.06133125722408295,0.7276328206062317,0.6088546514511108,-0.06426787376403809,0.7271360158920288,0.6321970820426941,-0.061448290944099426,0.7601051926612854,0.5677717924118042,-0.051360540091991425,0.7561088800430298,0.5926852226257324,-0.06305687874555588,0.752441942691803,0.6285093426704407,-0.06008708104491234,0.7487894892692566,0.6492793560028076,-0.05523931235074997,peace_sign,RRQ_p5,RRQ
0.16268625855445862,0.687469482421875,6.408982926586759e-07,0.18836571276187897,0.6705789566040039,-0.03261407092213631,0.19120840728282928,0.6386552453041077,-0.05205640196800232,0.15624570846557617,0.6145360469818115,-0.06935148686170578,0.12683722376823425,0.5879382491111755,-0.08474187552928925,0.20030049979686737,0.5424810647964478,-0.035499267280101776,0.22535401582717896,0.4794401526451111,-0.06337340921163559,0.23917452991008759,0.4350062608718872,-0.07940812408924103,0.24938273429870605,0.39747193455696106,-0.08739110082387924,0.16651120781898499,0.5298153758049011,-0.03474077209830284,0.15540549159049988,0.4510997533798218,-0.06506191939115524,0.14538662135601044,0.3969392776489258,-0.08065526932477951,0.13807709515094757,0.3455710709095001,-0.08562538772821426,0.13745076954364777,0.5426598191261292,-0.0369020439684391,0.12052232772111893,0.538002073764801,-0.07481258362531662,0.1291714608669281,0.5860345363616943,-0.07939207553863525,0.13845448195934296,0.6132904887199402,-0.07017754763364792,0.11425229161977768,0.5688565373420715,-0.04122842103242874,0.10113491117954254,0.5724208354949951,-0.06602629274129868,0.11132854968309402,0.6041419506072998,-0.06254507601261139,0.12381567060947418,0.6220963597297668,-0.052053146064281464,peace_sign,RRQ_p5,RRQ
0.16042903065681458,0.6944769620895386,6.365258968799026e-07,0.1861666887998581,0.6786177158355713,-0.03215901553630829,0.18839780986309052,0.647330641746521,-0.05135310813784599,0.15177515149116516,0.6250234842300415,-0.0685252919793129,0.12207252532243729,0.5987037420272827,-0.08376415073871613,0.19584274291992188,0.5511678457260132,-0.03470548987388611,0.21981428563594818,0.49020177125930786,-0.06252710521221161,0.2328093945980072,0.44584062695503235,-0.07874023914337158,0.24237754940986633,0.4085733890533447,-0.08692601323127747,0.1618012934923172,0.5388582348823547,-0.03467888757586479,0.15133129060268402,0.4611828625202179,-0.06441964954137802,0.14219820499420166,0.40739503502845764,-0.07966665923595428,0.13565145432949066,0.35586047172546387,-0.08465595543384552,0.13280892372131348,0.5525684356689453,-0.03769753873348236,0.11662112176418304,0.5479029417037964,-0.0746423676609993,0.12608617544174194,0.595761775970459,-0.07875454425811768,0.1357727199792862,0.6218801736831665,-0.0696830302476883,0.10919119417667389,0.579960823059082,-0.04293126240372658,0.09666009247303009,0.5812547206878662,-0.06673835963010788,0.1080458015203476,0.6111158132553101,-0.06271880120038986,0.12126503139734268,0.6270544528961182,-0.05227508768439293,peace_sign,RRQ_p5,RRQ
0.20085051655769348,0.6822062134742737,2.150954827584428e-07,0.19925129413604736,0.6136326193809509,0.008818801492452621,0.22273962199687958,0.567820131778717,0.005605414509773254,0.25305747985839844,0.5466123819351196,-0.0005836376221850514,0.27851325273513794,0.5435676574707031,-0.0066131423227488995,0.23411038517951965,0.5346575379371643,-0.011640254408121109,0.2532525062561035,0.46715253591537476,-0.024619249626994133,0.26320382952690125,0.4210197627544403,-0.032007694244384766,0.27135810256004333,0.3855300545692444,-0.03538258746266365,0.25687459111213684,0.5528115034103394,-0.02177239954471588,0.2938106954097748,0.4867017865180969,-0.032876063138246536,0.31377366185188293,0.4429691433906555,-0.03791718930006027,0.3289623260498047,0.4101867079734802,-0.04028345271945,0.2768387496471405,0.5802691578865051,-0.029436703771352768,0.3127945363521576,0.5418497920036316,-0.03602508828043938,0.29948675632476807,0.5508140325546265,-0.027584321796894073,0.28387394547462463,0.56349778175354,-0.018737521022558212,0.2921445369720459,0.6125051379203796,-0.03674422949552536,0.3170143663883209,0.5803042054176331,-0.03340938314795494,0.304450660943985,0.5881028771400452,-0.019316131249070168,0.29279401898384094,0.6000577211380005,-0.0071862246841192245,peace_sign,RRQ_p5,RRQ
0.19527941942214966,0.6984980702400208,1.9163925912835111e-07,0.194589301943779,0.6276922225952148,0.011144200339913368,0.2197687327861786,0.5804824829101562,0.009259035810828209,0.2510647773742676,0.5583680272102356,0.004044182598590851,0.2770467698574066,0.5555295348167419,-0.0011106528108939528,0.23449702560901642,0.5472602844238281,-0.00994434580206871,0.25778260827064514,0.4808960556983948,-0.022156041115522385,0.26937663555145264,0.43544521927833557,-0.02926086075603962,0.2787964642047882,0.40093374252319336,-0.03271012380719185,0.25503110885620117,0.5675150156021118,-0.021155841648578644,0.2930362820625305,0.500980019569397,-0.032181516289711,0.3126148283481598,0.45701873302459717,-0.037491630762815475,0.3275052011013031,0.42528679966926575,-0.04031890630722046,0.2739851474761963,0.5970268249511719,-0.029565971344709396,0.3125320076942444,0.5580979585647583,-0.03553008288145065,0.29863232374191284,0.564930260181427,-0.026783831417560577,0.28240418434143066,0.5768384337425232,-0.018187303096055984,0.28862231969833374,0.630977988243103,-0.0375155508518219,0.31510478258132935,0.5967149138450623,-0.03409161418676376,0.3018971085548401,0.6037707328796387,-0.0200092364102602,0.2896147072315216,0.6165449619293213,-0.008028804324567318,peace_sign,RRQ_p5,RRQ
0.2699131667613983,0.669759213924408,2.6115282025784836e-07,0.30611610412597656,0.6098541021347046,-0.0005477992235682905,0.35645347833633423,0.6009336113929749,-0.0024871358182281256,0.39347782731056213,0.630822479724884,-0.0050826226361095905,0.41143447160720825,0.6598318219184875,-0.007105725351721048,0.3822726905345917,0.6029747724533081,-0.012497900053858757,0.4375919699668884,0.5729373693466187,-0.01978708617389202,0.47040224075317383,0.5515822172164917,-0.022660646587610245,0.49612993001937866,0.5358312129974365,-0.02370332181453705,0.3912898302078247,0.6452351808547974,-0.016931826248764992,0.4537140727043152,0.6294040083885193,-0.022254863753914833,0.49209362268447876,0.6182231307029724,-0.025220006704330444,0.5213675498962402,0.6154649257659912,-0.026614131405949593,0.3890003561973572,0.6837406754493713,-0.02015819028019905,0.4218772053718567,0.6682552695274353,-0.02504742331802845,0.40702831745147705,0.656043529510498,-0.02173970639705658,0.38850459456443787,0.6541532278060913,-0.01672937348484993,0.38049060106277466,0.7128702998161316,-0.023746391758322716,0.39958634972572327,0.6907590627670288,-0.023391487076878548,0.38977566361427307,0.6798257231712341,-0.015371269546449184,0.37645193934440613,0.680533230304718,-0.00768860662356019,peace_sign,RRQ_p5,RRQ
0.2697564363479614,0.6743866205215454,2.806069971938996e-07,0.30500292778015137,0.6148504614830017,-0.0008034764905460179,0.3535641133785248,0.6027920246124268,-0.0034412045497447252,0.3876726031303406,0.6302329301834106,-0.006763833574950695,0.4034896194934845,0.6571401357650757,-0.00987914390861988,0.3820188045501709,0.6039626598358154,-0.014282993040978909,0.43547365069389343,0.573336124420166,-0.02242928370833397,0.46819254755973816,0.5519912242889404,-0.026283616200089455,0.4940134882926941,0.5369856953620911,-0.02803192287683487,0.39011111855506897,0.6466438174247742,-0.018949639052152634,0.45125240087509155,0.6316990852355957,-0.02470117062330246,0.4891993999481201,0.6201125383377075,-0.027972986921668053,0.5187234878540039,0.6172722578048706,-0.029644150286912918,0.38652583956718445,0.6852657794952393,-0.022268787026405334,0.42038047313690186,0.671583354473114,-0.027338765561580658,0.4056345522403717,0.6596722602844238,-0.023686984553933144,0.38725921511650085,0.6571826934814453,-0.018569692969322205,0.37627142667770386,0.7150852680206299,-0.02597278170287609,0.39682143926620483,0.6971619129180908,-0.026074141263961792,0.38686656951904297,0.6875227093696594,-0.01753295212984085,0.37334156036376953,0.6881414651870728,-0.009332336485385895,peace_sign,RRQ_p5,RRQ
0.28219667077064514,0.608400285243988,5.380637162488711e-07,0.3130732774734497,0.6338948607444763,-0.019503304734826088,0.34566083550453186,0.6367741823196411,-0.03091169148683548,0.3611956834793091,0.6185616850852966,-0.04292066767811775,0.37021178007125854,0.5918164849281311,-0.053402744233608246,0.40285786986351013,0.5908823013305664,-0.01819966360926628,0.4549800753593445,0.5902095437049866,-0.03793924301862717,0.48758792877197266,0.5886990427970886,-0.049668971449136734,0.5139811038970947,0.5839388370513916,-0.05488625913858414,0.3924575746059418,0.5557552576065063,-0.021687693893909454,0.44388383626937866,0.5312061309814453,-0.04314868897199631,0.4780017137527466,0.5160439014434814,-0.054846297949552536,0.5055849552154541,0.5014033913612366,-0.05831689387559891,0.3709023892879486,0.5292045474052429,-0.027521848678588867,0.38298529386520386,0.5447443127632141,-0.05669192597270012,0.35914039611816406,0.5758792161941528,-0.06085555627942085,0.34064364433288574,0.592388391494751,-0.0533672533929348,0.343631386756897,0.5114681124687195,-0.034871794283390045,0.3498196303844452,0.5320421457290649,-0.05421864986419678,0.33611053228378296,0.5613110065460205,-0.05160645768046379,0.3238561451435089,0.5780097246170044,-0.04302508756518364,peace_sign,RRQ_p5,RRQ
0.2878292202949524,0.6187692284584045,5.215641181166575e-07,0.3179621696472168,0.6455680131912231,-0.01668410561978817,0.3504788875579834,0.64985591173172,-0.02654690481722355,0.36374834179878235,0.6314798593521118,-0.03757919371128082,0.37233471870422363,0.6083426475524902,-0.047360122203826904,0.40603336691856384,0.6042263507843018,-0.01561164204031229,0.4571141004562378,0.6057194471359253,-0.034355103969573975,0.4903448224067688,0.6051906943321228,-0.04546258971095085,0.5178040266036987,0.6011878848075867,-0.05047571659088135,0.39679253101348877,0.5683804750442505,-0.01987149380147457,0.44761162996292114,0.5495845675468445,-0.04044676199555397,0.4812888503074646,0.5367466807365417,-0.05162344500422478,0.5064888596534729,0.5247282981872559,-0.05479232966899872,0.3774429261684418,0.5408651828765869,-0.02618356980383396,0.3913309574127197,0.5596280097961426,-0.05441509932279587,0.3676548898220062,0.5896814465522766,-0.05877009034156799,0.3471396565437317,0.6069284081459045,-0.05167607590556145,0.35250118374824524,0.5227688550949097,-0.03384483605623245,0.3558887243270874,0.5511223673820496,-0.05389954894781113,0.3401492238044739,0.5802486538887024,-0.0528576597571373,0.3257986605167389,0.5974005460739136,-0.04515080526471138,peace_sign,RRQ_p5,RRQ
0.4439496695995331,0.618905782699585,3.6893626997880347e-07,0.48916178941726685,0.5754225850105286,-0.008409395813941956,0.5151548385620117,0.5244103074073792,-0.015547613613307476,0.52427077293396,0.47244077920913696,-0.020597349852323532,0.5188401937484741,0.4311525523662567,-0.02578885853290558,0.46544086933135986,0.46791473031044006,-0.02443080209195614,0.4664199948310852,0.3904941976070404,-0.033116329461336136,0.46447131037712097,0.349002867937088,-0.03657917678356171,0.46166300773620605,0.3200134038925171,-0.038127534091472626,0.43134087324142456,0.4703478515148163,-0.025218958035111427,0.42763760685920715,0.3846559226512909,-0.03266419842839241,0.42499443888664246,0.3365110158920288,-0.03559667244553566,0.4227099120616913,0.30407607555389404,-0.037551987916231155,0.40110594034194946,0.48531246185302734,-0.025530485436320305,0.3893688917160034,0.4067079424858093,-0.03206804022192955,0.38492506742477417,0.36193421483039856,-0.03673376142978668,0.3838242292404175,0.33015376329421997,-0.04044291004538536,0.3760785460472107,0.5086547136306763,-0.025604993104934692,0.35567331314086914,0.4545665979385376,-0.033137936145067215,0.345411479473114,0.42162978649139404,-0.03627903759479523,0.3397555947303772,0.39438390731811523,-0.03754616528749466,neutral,RRQ_p5,RRQ
0.44161295890808105,0.615509569644928,3.7843437894480303e-07,0.48781508207321167,0.5749541521072388,-0.009219009429216385,0.5151717066764832,0.5276280045509338,-0.01712462492287159,0.5257253646850586,0.476869136095047,-0.022696251049637794,0.5214380025863647,0.43602925539016724,-0.02861962467432022,0.46409884095191956,0.47025439143180847,-0.02666834183037281,0.46858224272727966,0.39368847012519836,-0.03566930815577507,0.46756118535995483,0.3514282703399658,-0.03941844403743744,0.46468672156333923,0.3211743235588074,-0.0412588007748127,0.4303515553474426,0.4719157814979553,-0.0269270408898592,0.43023860454559326,0.3879178762435913,-0.03445299342274666,0.4287274479866028,0.33958539366722107,-0.03782742843031883,0.4266170263290405,0.3069065511226654,-0.04046443849802017,0.40076562762260437,0.48582497239112854,-0.02655925787985325,0.3918500542640686,0.40920066833496094,-0.032913561910390854,0.3885190784931183,0.3644440472126007,-0.03793381154537201,0.3880824148654938,0.3328680992126465,-0.042281754314899445,0.3764527142047882,0.5075043439865112,-0.026003146544098854,0.35711538791656494,0.45570769906044006,-0.033395521342754364,0.34791210293769836,0.4234617054462433,-0.036781761795282364,0.3433229327201843,0.39704111218452454,-0.03851298615336418,neutral,RRQ_p5,RRQ
0.4251477122306824,0.6322251558303833,-9.330172900945399e-08,0.4656417667865753,0.5971713066101074,-0.002634618431329727,0.47909295558929443,0.5522692799568176,-0.0045410506427288055,0.4725407063961029,0.5172122716903687,-0.00580596225336194,0.46128904819488525,0.5011315941810608,-0.007389525417238474,0.4515077471733093,0.4929998815059662,-0.008040090091526508,0.45366913080215454,0.500150203704834,-0.01513353455811739,0.45514872670173645,0.523354709148407,-0.023160608485341072,0.4540911614894867,0.5417653322219849,-0.02860555425286293,0.42093613743782043,0.49305933713912964,-0.009250406175851822,0.42672261595726013,0.5059502124786377,-0.008449187502264977,0.4296551048755646,0.5282765030860901,-0.010015693493187428,0.4305434226989746,0.5457321405410767,-0.013364343903958797,0.3936466872692108,0.508357048034668,-0.01028340682387352,0.4014042019844055,0.5209832191467285,-0.010682603344321251,0.40553686022758484,0.5402008891105652,-0.009805758483707905,0.40776753425598145,0.5563560724258423,-0.011254927143454552,0.36997565627098083,0.5301985144615173,-0.011506680399179459,0.3758358359336853,0.54361891746521,-0.013747135177254677,0.3817513883113861,0.561097264289856,-0.011599427089095116,0.3840789496898651,0.5724178552627563,-0.009579969570040703,neutral,RRQ_p5,RRQ
0.4268921911716461,0.6265380382537842,-8.82204389540675e-08,0.46595391631126404,0.5945585370063782,-0.0027413314674049616,0.48057830333709717,0.5500187277793884,-0.003715287894010544,0.4748171269893646,0.5175214409828186,-0.0041848220862448215,0.4632319211959839,0.5039620399475098,-0.005007035098969936,0.4533378481864929,0.4916265606880188,-0.004908387083560228,0.45096731185913086,0.5011044144630432,-0.010855235159397125,0.4526163339614868,0.523149311542511,-0.018099643290042877,0.4542114734649658,0.540576696395874,-0.022957339882850647,0.42342010140419006,0.49017202854156494,-0.0058212680742144585,0.42404550313949585,0.5066985487937927,-0.004840726964175701,0.42669400572776794,0.5291826128959656,-0.006692176219075918,0.4291958808898926,0.5458769798278809,-0.009676674380898476,0.396007239818573,0.5048414468765259,-0.006714227143675089,0.39893367886543274,0.52120041847229,-0.008001879788935184,0.40330928564071655,0.5410577058792114,-0.0082523999735713,0.4075091481208801,0.555779218673706,-0.009760383516550064,0.3723776042461395,0.526387095451355,-0.00773048959672451,0.37513798475265503,0.5436264872550964,-0.01101752184331417,0.38070881366729736,0.5619609355926514,-0.009641003794968128,0.3839898407459259,0.5724566578865051,-0.007735204882919788,neutral,RRQ_p5,RRQ
0.42075681686401367,0.6670526266098022,-2.1162271934827004e-08,0.4642845392227173,0.6467114090919495,0.017588190734386444,0.49076929688453674,0.6104601621627808,0.02298118732869625,0.49871158599853516,0.5744667649269104,0.024154582992196083,0.4932246506214142,0.5463271141052246,0.02318604290485382,0.5055021047592163,0.5934609770774841,0.011655747890472412,0.5143117308616638,0.5304321050643921,0.009550520218908787,0.5152176022529602,0.4926876425743103,0.007513207383453846,0.5151055455207825,0.4640662372112274,0.006115355063229799,0.49192121624946594,0.576834499835968,-0.0012030393118038774,0.5076041221618652,0.5114501714706421,-0.0011415579356253147,0.5128595232963562,0.47367173433303833,-0.0018856239039450884,0.5151687860488892,0.4440368711948395,-0.0030274605378508568,0.4709639549255371,0.5628575086593628,-0.012848840095102787,0.493598073720932,0.5019912123680115,-0.012932887300848961,0.5018059015274048,0.4685043394565582,-0.013095169328153133,0.5082080960273743,0.4419535994529724,-0.014093378558754921,0.44429636001586914,0.5521754026412964,-0.022778160870075226,0.46619918942451477,0.5054271221160889,-0.02353355474770069,0.47692129015922546,0.4812431037425995,-0.020792078226804733,0.4853189289569855,0.4607540965080261,-0.01868857629597187,neutral,RRQ_p5,RRQ
0.4200618267059326,0.6680063009262085,-4.3003847594036415e-08,0.46422216296195984,0.6457477807998657,0.017580628395080566,0.4919857084751129,0.6083955764770508,0.02302280254662037,0.49887165427207947,0.5685344934463501,0.02441699616611004,0.49025794863700867,0.5387517213821411,0.02363482676446438,0.5060115456581116,0.5943440198898315,0.011309057474136353,0.5161402225494385,0.5301694869995117,0.009539077989757061,0.5176142454147339,0.49524980783462524,0.008394770324230194,0.5170132517814636,0.46773460507392883,0.007841477170586586,0.49187320470809937,0.5765925645828247,-0.0012641830835491419,0.5073373317718506,0.5095775723457336,-0.001496232463978231,0.5124266147613525,0.4725324213504791,-0.0019898333121091127,0.5140594244003296,0.4411720335483551,-0.002711536828428507,0.4715479612350464,0.5614796280860901,-0.012606102973222733,0.4941510856151581,0.498826265335083,-0.012768615037202835,0.502794086933136,0.46500033140182495,-0.012616675347089767,0.5091226100921631,0.4360737204551697,-0.013042975217103958,0.4459918141365051,0.5490946173667908,-0.02220727875828743,0.47089919447898865,0.49747124314308167,-0.022774713113904,0.4842061698436737,0.471091628074646,-0.02002357505261898,0.4950457513332367,0.4473375082015991,-0.017796365544199944,neutral,RRQ_p5,RRQ
0.40760093927383423,0.6484734416007996,-1.6989028495117964e-07,0.4330933690071106,0.5987136363983154,-0.0025735150557011366,0.4481853246688843,0.5460467338562012,-0.00842108391225338,0.4568714499473572,0.5029391050338745,-0.01536738034337759,0.46615415811538696,0.4686637222766876,-0.02308555506169796,0.401986688375473,0.4944589138031006,-0.004203873686492443,0.3893124759197235,0.5079225301742554,-0.0123164476826787,0.39167094230651855,0.5334927439689636,-0.023623846471309662,0.39910587668418884,0.5511476397514343,-0.03135380148887634,0.3734612464904785,0.5048626661300659,-0.00774719100445509,0.36574071645736694,0.5249906182289124,-0.008153814822435379,0.37044697999954224,0.5471020936965942,-0.013692157343029976,0.3798096477985382,0.5613978505134583,-0.020131008699536324,0.349982887506485,0.5273698568344116,-0.011142147704958916,0.346079558134079,0.5424472093582153,-0.012713141739368439,0.35102102160453796,0.5629528164863586,-0.012541277334094048,0.36116233468055725,0.576958954334259,-0.013945403508841991,0.32913342118263245,0.5534316897392273,-0.01512019895017147,0.31996777653694153,0.5592369437217712,-0.017372844740748405,0.32764774560928345,0.5769221186637878,-0.012963064014911652,0.3382853865623474,0.5898268818855286,-0.008591493591666222,neutral,RRQ_p5,RRQ
0.16107293963432312,0.5497395396232605,2.1398827243501728e-07,0.19345606863498688,0.5529734492301941,-0.005401924252510071,0.22628220915794373,0.5365695357322693,-0.0069899833761155605,0.2512776851654053,0.5298172831535339,-0.009564063511788845,0.2708379030227661,0.5280452966690063,-0.01246452797204256,0.22983138263225555,0.4756367802619934,0.0025734275113791227,0.25129029154777527,0.44839730858802795,-0.005162172485142946,0.26785990595817566,0.43574851751327515,-0.012906795367598534,0.2833045721054077,0.42659762501716614,-0.018577178940176964,0.21943920850753784,0.46522021293640137,-0.0011067383456975222,0.24539580941200256,0.4398248493671417,-0.008249873295426369,0.2643554210662842,0.430037260055542,-0.01516322698444128,0.28340771794319153,0.4229809045791626,-0.020135341212153435,0.2054835557937622,0.45930272340774536,-0.006773474160581827,0.22977180778980255,0.4335770010948181,-0.015252465382218361,0.2483985871076584,0.42258700728416443,-0.02056729979813099,0.2669280469417572,0.41609546542167664,-0.0238933227956295,0.1873655766248703,0.4564541280269623,-0.01333973091095686,0.20246359705924988,0.431381493806839,-0.021463319659233093,0.21781356632709503,0.42364785075187683,-0.024607151746749878,0.2340192049741745,0.4215346574783325,-0.02642725594341755,neutral,RRQ_p5,RRQ
0.1603882759809494,0.546593427658081,2.0825228830290143e-07,0.19228537380695343,0.5489433407783508,-0.005534076597541571,0.22519241273403168,0.5325844287872314,-0.00732514588162303,0.25028979778289795,0.5265606641769409,-0.010060308501124382,0.2699239253997803,0.5258892178535461,-0.013066871091723442,0.23002813756465912,0.4708378314971924,0.002634633332490921,0.25151658058166504,0.4438183903694153,-0.004588947165757418,0.2670963406562805,0.4318334460258484,-0.011898304335772991,0.28174158930778503,0.4233907461166382,-0.01732931286096573,0.21916882693767548,0.4605120122432709,-0.0009278087527491152,0.24468767642974854,0.43489187955856323,-0.007470291573554277,0.26274043321609497,0.426095187664032,-0.013965882360935211,0.28113943338394165,0.42043572664260864,-0.01875149831175804,0.20472754538059235,0.4547264575958252,-0.00651649571955204,0.2285909205675125,0.42908167839050293,-0.014555973932147026,0.2467491626739502,0.4181920289993286,-0.019822215661406517,0.26516953110694885,0.41205596923828125,-0.023255007341504097,0.1861930638551712,0.4521586000919342,-0.013018423691391945,0.20091304183006287,0.4267238676548004,-0.02083725482225418,0.2159668207168579,0.4185630977153778,-0.024007456377148628,0.23220336437225342,0.41626012325286865,-0.025952810421586037,neutral,RRQ_p5,RRQ
0.12115940451622009,0.4991026222705841,6.716022227237772e-08,0.149565652012825,0.4878444969654083,0.000949388719163835,0.17672428488731384,0.46588531136512756,0.0009096324793063104,0.19404193758964539,0.45093318819999695,-0.0016470864647999406,0.20458510518074036,0.4396093189716339,-0.004146357998251915,0.16480086743831635,0.40661177039146423,0.00734318420290947,0.17852678894996643,0.3799249827861786,0.0005045208963565528,0.19113266468048096,0.37358325719833374,-0.005955765955150127,0.19945959746837616,0.3769339919090271,-0.00901881791651249,0.1544932872056961,0.39719194173812866,0.000980266137048602,0.16458062827587128,0.35805314779281616,-0.005465466529130936,0.17957471311092377,0.35665956139564514,-0.010589022189378738,0.1877402663230896,0.372280478477478,-0.012180964462459087,0.14259810745716095,0.3948825001716614,-0.006626177113503218,0.14610953629016876,0.35620832443237305,-0.012289525009691715,0.16070318222045898,0.3532646894454956,-0.015187114477157593,0.1713753491640091,0.365564227104187,-0.015679311007261276,0.12925869226455688,0.3991580903530121,-0.014769184403121471,0.12133509665727615,0.36242222785949707,-0.020363537594676018,0.13297997415065765,0.3538365066051483,-0.022101612761616707,0.14661014080047607,0.36188289523124695,-0.021756425499916077,neutral,RRQ_p5,RRQ
0.12193886190652847,0.49878326058387756,3.338893606041893e-08,0.15142866969108582,0.4861409068107605,0.0023551604244858027,0.17730996012687683,0.462791383266449,0.0034472274128347635,0.19462475180625916,0.4464631676673889,0.001652541570365429,0.20571303367614746,0.4321863353252411,-9.910252992995083e-05,0.1643609255552292,0.40583285689353943,0.011559263803064823,0.1772882044315338,0.37743350863456726,0.005652381107211113,0.19033387303352356,0.37531208992004395,-0.0008435453637503088,0.1985575407743454,0.3819936215877533,-0.004348520189523697,0.15556024014949799,0.3974720239639282,0.004856422543525696,0.16813237965106964,0.35896965861320496,-0.0016097440384328365,0.18467970192432404,0.3605433702468872,-0.008056612685322762,0.1935817301273346,0.3759147524833679,-0.011038905940949917,0.145306795835495,0.3943626284599304,-0.0032085711136460304,0.1533885896205902,0.35483497381210327,-0.008410394191741943,0.17055828869342804,0.3549102246761322,-0.012501840479671955,0.1823292374610901,0.3678823709487915,-0.01426504086703062,0.13338889181613922,0.39696574211120605,-0.01173607911914587,0.13023097813129425,0.3612181544303894,-0.01664312556385994,0.14346207678318024,0.354053258895874,-0.019023535773158073,0.15754282474517822,0.36196914315223694,-0.019748011603951454,neutral,RRQ_p5,RRQ
0.1880791336297989,0.5496726036071777,2.5836561690084636e-07,0.21016637980937958,0.5332102179527283,-0.00808301754295826,0.223837211728096,0.493985116481781,-0.009381670504808426,0.23156042397022247,0.46308428049087524,-0.010823719203472137,0.23389722406864166,0.4376356601715088,-0.01185463834553957,0.20727139711380005,0.46532538533210754,0.00045645181671716273,0.21608057618141174,0.43139412999153137,-0.009624128229916096,0.22909148037433624,0.4083445072174072,-0.01805895008146763,0.24089613556861877,0.3924814462661743,-0.022647570818662643,0.19526951014995575,0.4606349468231201,-0.0004708119377028197,0.20721504092216492,0.4239156246185303,-0.008746728301048279,0.21985790133476257,0.4016842246055603,-0.015538401901721954,0.2329254299402237,0.3825667202472687,-0.019421255216002464,0.18199829757213593,0.45755013823509216,-0.003616945119574666,0.19210530817508698,0.4211234748363495,-0.0120526272803545,0.20573057234287262,0.39879897236824036,-0.016431093215942383,0.21937786042690277,0.38109490275382996,-0.01818077266216278,0.16705109179019928,0.4567444920539856,-0.007853762246668339,0.17491841316223145,0.4247158467769623,-0.014700748957693577,0.1861426681280136,0.40565526485443115,-0.016874808818101883,0.19917894899845123,0.3920358419418335,-0.017369193956255913,neutral,RRQ_p5,RRQ
0.18136554956436157,0.5508121252059937,2.2412734779209131e-07,0.20762483775615692,0.538234293460846,-0.006307643372565508,0.22619745135307312,0.503058910369873,-0.007184671238064766,0.23593126237392426,0.47388920187950134,-0.008076931349933147,0.23860496282577515,0.4500144422054291,-0.008504434488713741,0.20951353013515472,0.4739753007888794,-0.0014655768172815442,0.21963950991630554,0.43667954206466675,-0.009717533364892006,0.2317790985107422,0.41018348932266235,-0.016027012839913368,0.24195526540279388,0.39149290323257446,-0.019507691264152527,0.19608530402183533,0.4666384756565094,-0.002563301008194685,0.20901313424110413,0.4274987578392029,-0.010051432996988297,0.22154515981674194,0.40334564447402954,-0.015442767180502415,0.2333661913871765,0.3825698792934418,-0.01835065707564354,0.1817539483308792,0.46076658368110657,-0.005085600074380636,0.19233709573745728,0.4228757917881012,-0.012680098414421082,0.2057439684867859,0.39927610754966736,-0.015532740391790867,0.21792469918727875,0.3789888024330139,-0.01634923927485943,0.1664048731327057,0.4563291668891907,-0.008339357562363148,0.1742696762084961,0.42333662509918213,-0.014626935124397278,0.1853179633617401,0.40472400188446045,-0.015697728842496872,0.19715146720409393,0.390122652053833,-0.015406385064125061,neutral,RRQ_p5,RRQ
0.14005348086357117,0.5299912691116333,1.229983492834208e-08,0.17338532209396362,0.5350277423858643,-0.0022093935403972864,0.20419764518737793,0.5229383111000061,-0.0017552938079461455,0.22619104385375977,0.5088937878608704,-0.003705523209646344,0.24261900782585144,0.4978039562702179,-0.005589128006249666,0.21399375796318054,0.4963369369506836,0.0075553907081484795,0.23692506551742554,0.4795939028263092,-0.0007490803836844862,0.2450956553220749,0.4747264087200165,-0.007702894043177366,0.24527540802955627,0.47678178548812866,-0.010913818143308163,0.2033148556947708,0.47940170764923096,0.004384892992675304,0.22339677810668945,0.4613681435585022,-0.006621574051678181,0.21788354218006134,0.4745689034461975,-0.012707344256341457,0.20686845481395721,0.49102962017059326,-0.013873673044145107,0.18927177786827087,0.4655720889568329,-0.00038633315125480294,0.20779924094676971,0.44711536169052124,-0.010389375500380993,0.20271867513656616,0.4622325301170349,-0.011626560240983963,0.19251225888729095,0.479736864566803,-0.009481613524258137,0.17185068130493164,0.45270103216171265,-0.005676551256328821,0.18731404840946198,0.43552687764167786,-0.011980832554399967,0.18894197046756744,0.4466377794742584,-0.011380906216800213,0.1846613585948944,0.4615772068500519,-0.008918551728129387,neutral,RRQ_p5,RRQ
