x0,y0,z0,x1,y1,z1,x2,y2,z2,x3,y3,z3,x4,y4,z4,x5,y5,z5,x6,y6,z6,x7,y7,z7,x8,y8,z8,x9,y9,z9,x10,y10,z10,x11,y11,z11,x12,y12,z12,x13,y13,z13,x14,y14,z14,x15,y15,z15,x16,y16,z16,x17,y17,z17,x18,y18,z18,x19,y19,z19,x20,y20,z20,label,person_id,collector
0.4116097688674927,0.8390150666236877,-2.8739083290929557e-07,0.334556519985199,0.7961291074752808,-0.05164101719856262,0.2520759701728821,0.6938903331756592,-0.09202718734741211,0.22317269444465637,0.5745295286178589,-0.13467003405094147,0.27668696641921997,0.5052978992462158,-0.17371009290218353,0.2759413421154022,0.49213147163391113,-0.048073288053274155,0.23077085614204407,0.3374677896499634,-0.10680795460939407,0.20576541125774384,0.24493294954299927,-0.13000117242336273,0.19839707016944885,0.16239485144615173,-0.14329977333545685,0.3482164442539215,0.48781684041023254,-0.05331059917807579,0.31814438104629517,0.45402005314826965,-0.13150206208229065,0.316989004611969,0.6001468896865845,-0.12367366254329681,0.3302597403526306,0.6248700022697449,-0.09690692275762558,0.41788455843925476,0.5081427097320557,-0.06875881552696228,0.3844882547855377,0.513754665851593,-0.1412685066461563,0.37356746196746826,0.6397992372512817,-0.10305321961641312,0.3860050141811371,0.6497472524642944,-0.05775893107056618,0.4814460873603821,0.5490372180938721,-0.09094706922769547,0.4462733864784241,0.559923529624939,-0.1279090940952301,0.4290234446525574,0.6477106213569641,-0.10099831968545914,0.4395160377025604,0.658906102180481,-0.07008973509073257,point,RRQ_p14,RRQ
0.4270983934402466,0.8444657325744629,-2.940615217994491e-07,0.364084929227829,0.7938783168792725,-0.03995748609304428,0.30919456481933594,0.6972446441650391,-0.07093071192502975,0.3095587193965912,0.5998082160949707,-0.10308077186346054,0.3570557236671448,0.5469937324523926,-0.13281086087226868,0.34572726488113403,0.5218831300735474,-0.04864339902997017,0.32429853081703186,0.37303149700164795,-0.09605461359024048,0.3159717321395874,0.2861349284648895,-0.11887338012456894,0.31842783093452454,0.2115125060081482,-0.13410596549510956,0.4119943380355835,0.5280396342277527,-0.05416746065020561,0.39744463562965393,0.5087233185768127,-0.12096431106328964,0.3810654282569885,0.6212717294692993,-0.12328566610813141,0.382808119058609,0.6538323163986206,-0.10927581042051315,0.47093459963798523,0.5583111047744751,-0.06606452167034149,0.4486792981624603,0.5705937147140503,-0.12443247437477112,0.42478176951408386,0.6645574569702148,-0.09984380751848221,0.42495831847190857,0.6782644987106323,-0.06945817172527313,0.5221741795539856,0.6032648682594299,-0.08314608037471771,0.49646493792533875,0.6205418705940247,-0.1140216812491417,0.46884554624557495,0.6841461658477783,-0.09593554586172104,0.4655592739582062,0.6920884251594543,-0.07416867464780807,point,RRQ_p14,RRQ
0.4380325973033905,0.770919919013977,-2.13800120718588e-07,0.3950252830982208,0.711164653301239,-0.0500810444355011,0.3641396164894104,0.6125226020812988,-0.08187685161828995,0.37976178526878357,0.5200125575065613,-0.112393818795681,0.41892674565315247,0.4539627730846405,-0.1386808305978775,0.3832867741584778,0.45346617698669434,-0.047840509563684464,0.37816792726516724,0.3097968101501465,-0.09659848362207413,0.37901216745376587,0.22468018531799316,-0.12043096870183945,0.3867604434490204,0.1489027738571167,-0.1344859004020691,0.4373568296432495,0.4773457944393158,-0.045861318707466125,0.4514888823032379,0.45467108488082886,-0.1096167042851448,0.4262864589691162,0.5588590502738953,-0.1125037893652916,0.41474100947380066,0.5763049125671387,-0.0998992845416069,0.4874511957168579,0.5134289264678955,-0.05179231986403465,0.49888238310813904,0.5040401220321655,-0.1137923151254654,0.4643290042877197,0.5962958931922913,-0.09284821152687073,0.4513138234615326,0.6034652590751648,-0.06417205184698105,0.5309041142463684,0.5561169981956482,-0.06296831369400024,0.5387855768203735,0.5450372099876404,-0.09956907480955124,0.5048006772994995,0.6122868657112122,-0.08294802904129028,0.48790204524993896,0.6263033747673035,-0.060938894748687744,point,RRQ_p14,RRQ
0.5221099853515625,0.7491916418075562,-1.2047708253248857e-07,0.49011555314064026,0.68833327293396,-0.057155221700668335,0.47189849615097046,0.5932917594909668,-0.09065147489309311,0.49049392342567444,0.5054874420166016,-0.12089741975069046,0.5287407040596008,0.44266313314437866,-0.14645910263061523,0.4801660180091858,0.4410279393196106,-0.04869283363223076,0.47878772020339966,0.3098412752151489,-0.09842847287654877,0.47889745235443115,0.2270646095275879,-0.12207461893558502,0.4869011640548706,0.1549406349658966,-0.13527728617191315,0.5338855981826782,0.4664768576622009,-0.04260779172182083,0.5599993467330933,0.4362601041793823,-0.10539039969444275,0.5293662548065186,0.5378655791282654,-0.10552391409873962,0.5135405659675598,0.555083155632019,-0.08937858790159225,0.5821399688720703,0.5042007565498352,-0.045720424503088,0.6018744111061096,0.4977119266986847,-0.10713482648134232,0.5624938607215881,0.5829054713249207,-0.08656834810972214,0.5453399419784546,0.5842214822769165,-0.057096660137176514,0.6199724674224854,0.5489612221717834,-0.05461736023426056,0.635932207107544,0.541033923625946,-0.09088103473186493,0.6015140414237976,0.6026086211204529,-0.07539055496454239,0.5821341872215271,0.6118759512901306,-0.05405599623918533,point,RRQ_p14,RRQ
0.2039123773574829,0.8583923578262329,-2.3459855924556905e-07,0.12696507573127747,0.8014638423919678,-0.05071159824728966,0.06732071936130524,0.6992541551589966,-0.09032140672206879,0.0449061244726181,0.596498429775238,-0.13126948475837708,0.08963216096162796,0.5413336753845215,-0.16832347214221954,0.12298320978879929,0.5094445943832397,-0.046902552247047424,0.09858782589435577,0.36439287662506104,-0.10294155776500702,0.09038020670413971,0.27165523171424866,-0.1261303424835205,0.09590031951665878,0.1940811276435852,-0.13969679176807404,0.19362211227416992,0.5126413702964783,-0.04965081810951233,0.1442464292049408,0.5004342198371887,-0.12055829167366028,0.12737201154232025,0.6263173818588257,-0.11502669006586075,0.14282970130443573,0.6475496888160706,-0.09243069589138031,0.25605568289756775,0.5454661250114441,-0.06206255033612251,0.20011544227600098,0.5801592469215393,-0.12537901103496552,0.18142400681972504,0.6810592412948608,-0.09121158719062805,0.1985565423965454,0.6852942109107971,-0.05170594900846481,0.30694249272346497,0.5994089841842651,-0.08152928948402405,0.2515011131763458,0.6371744871139526,-0.11340497434139252,0.2313520908355713,0.7054567337036133,-0.09098947048187256,0.2465551495552063,0.7081729769706726,-0.06461126357316971,point,RRQ_p14,RRQ
0.3408850431442261,0.8437799215316772,-2.8332209467407665e-07,0.27307936549186707,0.7870537042617798,-0.05614882707595825,0.21371379494667053,0.6775475144386292,-0.09711620956659317,0.19998924434185028,0.559632420539856,-0.13823696970939636,0.2507154643535614,0.4972761273384094,-0.17472277581691742,0.24122896790504456,0.47369155287742615,-0.06089307367801666,0.21819184720516205,0.3047217130661011,-0.1241178959608078,0.21297942101955414,0.20451036095619202,-0.15234361588954926,0.22060471773147583,0.115274578332901,-0.1688087284564972,0.3152702748775482,0.4760507047176361,-0.06074954941868782,0.30596545338630676,0.47465595602989197,-0.1398603320121765,0.2868265211582184,0.6004230976104736,-0.13836875557899475,0.282748818397522,0.6127679347991943,-0.11856497824192047,0.38290658593177795,0.5077763795852661,-0.0700068548321724,0.3659712076187134,0.5495502352714539,-0.13994279503822327,0.3366428315639496,0.6523182988166809,-0.11017648875713348,0.33090299367904663,0.6467087268829346,-0.0735992044210434,0.4393368661403656,0.5567649602890015,-0.08638634532690048,0.416908323764801,0.6091095209121704,-0.12339402735233307,0.3870210647583008,0.6792910099029541,-0.10464514791965485,0.3815036118030548,0.6745448112487793,-0.08023037016391754,point,RRQ_p14,RRQ
0.7180739045143127,0.7304727435112,-3.4884489963360465e-08,0.7055753469467163,0.6793897747993469,-0.0546327568590641,0.7005605697631836,0.6040941476821899,-0.08448227494955063,0.724431037902832,0.5359934568405151,-0.10958606004714966,0.7565664649009705,0.4907534420490265,-0.12953594326972961,0.6968123316764832,0.47753873467445374,-0.04513812065124512,0.6981732845306396,0.37307775020599365,-0.08820974826812744,0.6985650658607483,0.3052161633968353,-0.10882584750652313,0.7063111066818237,0.24535492062568665,-0.11979953199625015,0.7408717274665833,0.5053555369377136,-0.036054667085409164,0.7773372530937195,0.4803646206855774,-0.08863532543182373,0.747866153717041,0.5597721338272095,-0.08803275227546692,0.7303135395050049,0.5677645802497864,-0.0741104930639267,0.7793107032775879,0.5397197604179382,-0.035556890070438385,0.8092900514602661,0.526875376701355,-0.0890481024980545,0.7731044888496399,0.5926036238670349,-0.07255811244249344,0.7539635896682739,0.5923993587493896,-0.04797017574310303,0.8082651495933533,0.5783216953277588,-0.04007234424352646,0.8312574625015259,0.564050555229187,-0.07246723771095276,0.8012732863426208,0.6113000512123108,-0.05989265441894531,0.7803676724433899,0.6191162467002869,-0.042087990790605545,point,RRQ_p14,RRQ
0.4351368546485901,0.5805609226226807,-1.5160082966758637e-07,0.4034470319747925,0.5512028336524963,-0.017460167407989502,0.37955763936042786,0.4932944178581238,-0.02909974567592144,0.37735843658447266,0.4389755427837372,-0.04214688017964363,0.39567047357559204,0.40789756178855896,-0.05402781814336777,0.3981168568134308,0.4228248596191406,-0.01368346530944109,0.38953664898872375,0.3508032262325287,-0.03595682606101036,0.38592877984046936,0.30955615639686584,-0.04544394835829735,0.38861870765686035,0.2717972695827484,-0.051238175481557846,0.4270952641963959,0.4286958575248718,-0.016787517815828323,0.418903648853302,0.40487155318260193,-0.04822802543640137,0.4090482294559479,0.4603579044342041,-0.04752582311630249,0.40964800119400024,0.4749964475631714,-0.03891447186470032,0.4535766541957855,0.44323617219924927,-0.023636072874069214,0.44181492924690247,0.4351614713668823,-0.05395613983273506,0.42982912063598633,0.48733657598495483,-0.0401928573846817,0.43126556277275085,0.49790576100349426,-0.02305511385202408,0.47696056962013245,0.464834600687027,-0.032739508897066116,0.4630034565925598,0.461367666721344,-0.04965518042445183,0.44896161556243896,0.49969977140426636,-0.03954898938536644,0.44807368516921997,0.510743260383606,-0.027504825964570045,point,RRQ_p14,RRQ
0.2516863942146301,0.5495910048484802,-1.640247404566253e-07,0.20180878043174744,0.5115483999252319,-0.026014527305960655,0.1637105941772461,0.4464781880378723,-0.04737890139222145,0.1419355869293213,0.38473591208457947,-0.0703384056687355,0.16579341888427734,0.34548571705818176,-0.09097106009721756,0.20215770602226257,0.3336926996707916,-0.02476779744029045,0.18646758794784546,0.2344742715358734,-0.059274252504110336,0.18165016174316406,0.17268654704093933,-0.07557124644517899,0.18375582993030548,0.12239263951778412,-0.08597362786531448,0.24360787868499756,0.337015300989151,-0.02873102016746998,0.2003275603055954,0.3253149092197418,-0.07490616291761398,0.19150124490261078,0.3991662561893463,-0.07518776506185532,0.20422665774822235,0.42196276783943176,-0.06375192850828171,0.27950426936149597,0.35984814167022705,-0.037992410361766815,0.23338238894939423,0.38085874915122986,-0.0776473805308342,0.22602707147598267,0.44038206338882446,-0.0582185797393322,0.24041886627674103,0.4478139579296112,-0.034947216510772705,0.30850526690483093,0.39670246839523315,-0.051185935735702515,0.2664404511451721,0.42124173045158386,-0.07155634462833405,0.2558347284793854,0.46208879351615906,-0.05859743431210518,0.26714786887168884,0.46594545245170593,-0.04279889911413193,point,RRQ_p14,RRQ
0.31630316376686096,0.5680626630783081,-1.0771002223464166e-07,0.2735401690006256,0.5567747950553894,-0.03358664736151695,0.22721639275550842,0.5243569016456604,-0.06337471306324005,0.2113618105649948,0.4962317943572998,-0.09197747707366943,0.24722209572792053,0.47771596908569336,-0.11877767741680145,0.25274932384490967,0.3921971917152405,-0.0594121590256691,0.23667071759700775,0.3019363284111023,-0.09984725713729858,0.22965790331363678,0.23735594749450684,-0.12420503050088882,0.2297760546207428,0.18513385951519012,-0.141863614320755,0.3057596683502197,0.37000375986099243,-0.058407243341207504,0.27813130617141724,0.4523572027683258,-0.10032463073730469,0.268282026052475,0.5140178799629211,-0.09853287786245346,0.27488648891448975,0.5161445140838623,-0.09092187881469727,0.35054251551628113,0.3915226459503174,-0.06156928464770317,0.3217350244522095,0.5005640387535095,-0.09178979694843292,0.3047119975090027,0.5335257053375244,-0.06936674565076828,0.30690211057662964,0.5202994346618652,-0.04997892305254936,0.386382520198822,0.42927563190460205,-0.07003425806760788,0.35811683535575867,0.5158529281616211,-0.09325264394283295,0.34135863184928894,0.5431691408157349,-0.08327595144510269,0.3418445289134979,0.5333863496780396,-0.07007931917905807,point,RRQ_p14,RRQ
0.27513062953948975,0.8528950214385986,9.591044403123306e-08,0.20589841902256012,0.8515045046806335,-0.027678778395056725,0.14199024438858032,0.8480550050735474,-0.05478205531835556,0.103244848549366,0.8764285445213318,-0.08002595603466034,0.10575658828020096,0.9009338617324829,-0.1055946871638298,0.15801222622394562,0.7293026447296143,-0.061029452830553055,0.11826877295970917,0.7122419476509094,-0.09298604726791382,0.09841697663068771,0.6780158877372742,-0.11593713611364365,0.08123216032981873,0.6400775909423828,-0.1355666220188141,0.21217796206474304,0.7114726901054382,-0.06747867912054062,0.1623508334159851,0.8751274943351746,-0.10209490358829498,0.16963036358356476,0.8827863931655884,-0.1076965257525444,0.18355995416641235,0.8504174947738647,-0.11100739985704422,0.2661878168582916,0.7422215938568115,-0.07610346376895905,0.2146618366241455,0.9089381694793701,-0.09945475310087204,0.22214654088020325,0.8888369798660278,-0.0840398520231247,0.23668083548545837,0.8477979302406311,-0.07285474240779877,0.30955660343170166,0.7871150970458984,-0.08936026692390442,0.2628616988658905,0.9087169766426086,-0.11436238139867783,0.26637646555900574,0.8919534087181091,-0.11004161089658737,0.2776029109954834,0.8499568104743958,-0.10238669067621231,point,RRQ_p14,RRQ
0.5885063409805298,0.6573454141616821,-9.713405546563081e-08,0.5573890805244446,0.6309050917625427,-0.03308996930718422,0.5413373708724976,0.5951993465423584,-0.061558689922094345,0.5670222043991089,0.5856789946556091,-0.08747215569019318,0.6035783886909485,0.5802900791168213,-0.111489437520504,0.581936776638031,0.4836549460887909,-0.057466547936201096,0.6052975654602051,0.41228577494621277,-0.09109393507242203,0.6234055757522583,0.36292892694473267,-0.11425840109586716,0.6411111950874329,0.31794461607933044,-0.1322876363992691,0.6254813075065613,0.4853329062461853,-0.05618370696902275,0.6254645586013794,0.5437501668930054,-0.09581714123487473,0.6023160219192505,0.5915100574493408,-0.10352214425802231,0.5935337543487549,0.5968448519706726,-0.10506052523851395,0.6577757000923157,0.5138621926307678,-0.057566504925489426,0.6495736241340637,0.5840854644775391,-0.08450492471456528,0.6221938729286194,0.6087872982025146,-0.07258756458759308,0.6114153861999512,0.5975171327590942,-0.06290802359580994,0.6826845407485962,0.5524232387542725,-0.06395991891622543,0.6723315715789795,0.6081770658493042,-0.08396939188241959,0.646572470664978,0.6273775100708008,-0.0789312943816185,0.6329339742660522,0.6186432838439941,-0.07174690067768097,point,RRQ_p14,RRQ
0.08216813206672668,0.7244079113006592,-1.5121555119179675e-09,0.15076617896556854,0.7000142335891724,-0.023256154730916023,0.2050972282886505,0.6452893614768982,-0.04680674150586128,0.24435804784297943,0.588837206363678,-0.07338875532150269,0.2440168559551239,0.5266999006271362,-0.09842637181282043,0.19835560023784637,0.49680083990097046,-0.03089025802910328,0.2284550815820694,0.39617449045181274,-0.06608855724334717,0.2442285716533661,0.32985472679138184,-0.08304738253355026,0.24929505586624146,0.27457162737846375,-0.09347862005233765,0.15412122011184692,0.48126229643821716,-0.04061070829629898,0.21107470989227295,0.48416846990585327,-0.09322962164878845,0.1988586038351059,0.5819519758224487,-0.09806422144174576,0.1769995391368866,0.6119917631149292,-0.08842699229717255,0.11257223784923553,0.48877203464508057,-0.053729619830846786,0.16638043522834778,0.5200487375259399,-0.1042918860912323,0.155273899435997,0.59943687915802,-0.08921067416667938,0.13457933068275452,0.6138734221458435,-0.06673578917980194,0.07248160988092422,0.5117107629776001,-0.06923916935920715,0.11857772618532181,0.5501922965049744,-0.10061073303222656,0.11829324066638947,0.6059569716453552,-0.08795515447854996,0.10231316834688187,0.6129541397094727,-0.0704154223203659,point,RRQ_p14,RRQ
0.1354329138994217,0.398834228515625,-1.055128695526264e-08,0.17220193147659302,0.45749637484550476,-0.021502245217561722,0.2353830486536026,0.49552297592163086,-0.031375784426927567,0.2922026515007019,0.5042970180511475,-0.04257674515247345,0.3402760922908783,0.48957183957099915,-0.05305543541908264,0.30515921115875244,0.47642186284065247,-0.010066654533147812,0.3751390874385834,0.4874201714992523,-0.031566765159368515,0.41904741525650024,0.4879063367843628,-0.043709415942430496,0.4578457176685333,0.4823726713657379,-0.051886893808841705,0.30147799849510193,0.43173760175704956,-0.013667608611285686,0.3458613157272339,0.4462626874446869,-0.054726626724004745,0.2906002998352051,0.45562997460365295,-0.06474559754133224,0.25082269310951233,0.4542882442474365,-0.05994115397334099,0.28879618644714355,0.3846876919269562,-0.02024557814002037,0.3267289698123932,0.4003234803676605,-0.06308101117610931,0.2696262001991272,0.41891244053840637,-0.05442582070827484,0.23244613409042358,0.4212850034236908,-0.0356692336499691,0.26926782727241516,0.334893137216568,-0.02834661304950714,0.297091543674469,0.3535603880882263,-0.05884411185979843,0.2591489553451538,0.37761080265045166,-0.050750043243169785,0.23200441896915436,0.3832022249698639,-0.03581336885690689,point,RRQ_p14,RRQ
0.22507107257843018,0.6811399459838867,-4.650868135058772e-09,0.2807750999927521,0.6847432851791382,-0.029376404359936714,0.3438803255558014,0.6274972558021545,-0.045597903430461884,0.39135777950286865,0.5710102915763855,-0.06283202767372131,0.4033169746398926,0.5050885081291199,-0.07849986851215363,0.37762096524238586,0.5059210062026978,-0.024653129279613495,0.42946064472198486,0.4090983271598816,-0.05434329807758331,0.4584224820137024,0.3477088212966919,-0.06882244348526001,0.47381460666656494,0.29235923290252686,-0.07854542881250381,0.33831149339675903,0.48772162199020386,-0.03018844500184059,0.3746185302734375,0.441442608833313,-0.08319402486085892,0.3526233732700348,0.5355547666549683,-0.0902928039431572,0.3326852321624756,0.5820597410202026,-0.08060183376073837,0.29379352927207947,0.48497089743614197,-0.03984951227903366,0.3229072391986847,0.46215975284576416,-0.09261036664247513,0.30610427260398865,0.5536432266235352,-0.07737265527248383,0.289935827255249,0.5868288278579712,-0.05267287418246269,0.24592792987823486,0.4903906583786011,-0.052334025502204895,0.2706940174102783,0.4917261600494385,-0.08764638751745224,0.2678997218608856,0.5545921325683594,-0.076265849173069,0.26014482975006104,0.5741328001022339,-0.05881716310977936,point,RRQ_p14,RRQ
0.5666478872299194,0.47688594460487366,4.003006495167938e-07,0.5071187615394592,0.5032269954681396,-0.021581215783953667,0.4415282607078552,0.5229861736297607,-0.0541723370552063,0.3875618875026703,0.5598337650299072,-0.08709227293729782,0.3396303653717041,0.5977678894996643,-0.12079229205846786,0.3943871259689331,0.39683768153190613,-0.06119396537542343,0.3383215665817261,0.4470279812812805,-0.12305234372615814,0.33079400658607483,0.5234768390655518,-0.17277958989143372,0.3356459438800812,0.5845521688461304,-0.20142477750778198,0.4136238694190979,0.3616704046726227,-0.07773523777723312,0.32597148418426514,0.3054640293121338,-0.12453649193048477,0.2685006856918335,0.25114011764526367,-0.15912452340126038,0.21919448673725128,0.1987069845199585,-0.1825675368309021,0.45423954725265503,0.3439038395881653,-0.09666503965854645,0.3826141953468323,0.2555621266365051,-0.13989710807800293,0.3396925926208496,0.1958543360233307,-0.1623520404100418,0.29603493213653564,0.14112743735313416,-0.17491541802883148,0.5068390369415283,0.3412305414676666,-0.11563228070735931,0.4851451814174652,0.26244163513183594,-0.14860109984874725,0.4651730954647064,0.20537343621253967,-0.1549977958202362,0.43985456228256226,0.15081794559955597,-0.1567360758781433,pinch,RRQ_p14,RRQ
0.5137838125228882,0.7021201848983765,3.097654257544491e-07,0.4440056085586548,0.6782302260398865,-0.0241127610206604,0.37714698910713196,0.6088095307350159,-0.044452786445617676,0.3213750123977661,0.563584566116333,-0.06606721878051758,0.2679225206375122,0.5312514901161194,-0.08727898448705673,0.4005313515663147,0.4706909954547882,-0.01881515607237816,0.33751043677330017,0.44176024198532104,-0.06640267372131348,0.29055875539779663,0.46909892559051514,-0.10755299776792526,0.26408207416534424,0.49926871061325073,-0.1304037719964981,0.43186652660369873,0.4390083849430084,-0.030208071693778038,0.3928503692150116,0.32222187519073486,-0.05970201641321182,0.3741551339626312,0.23860201239585876,-0.08174542337656021,0.3649827837944031,0.1649649739265442,-0.0957750603556633,0.47387778759002686,0.4414140284061432,-0.04846712201833725,0.45732900500297546,0.3215080499649048,-0.08034677058458328,0.44891586899757385,0.24253883957862854,-0.09426219761371613,0.4394415616989136,0.16924449801445007,-0.10054238885641098,0.5206707715988159,0.4727615416049957,-0.0690721720457077,0.5317443609237671,0.38404664397239685,-0.09241556376218796,0.5414603352546692,0.3192785978317261,-0.09326255321502686,0.546690046787262,0.2582264542579651,-0.09130051732063293,pinch,RRQ_p14,RRQ
0.572870135307312,0.43278899788856506,7.681070712806104e-08,0.5245734453201294,0.46752166748046875,-0.01572800800204277,0.4667428731918335,0.4924871027469635,-0.03454266116023064,0.4237552285194397,0.5274378061294556,-0.05516791716217995,0.38949495553970337,0.560936450958252,-0.07698583602905273,0.4210784435272217,0.3989640474319458,-0.015554751269519329,0.38036906719207764,0.44522738456726074,-0.053769342601299286,0.37603089213371277,0.4981732964515686,-0.08869624137878418,0.3794952630996704,0.5337041616439819,-0.10900665819644928,0.42229002714157104,0.3670455515384674,-0.02705988846719265,0.3450029194355011,0.3617109954357147,-0.04984274506568909,0.29251939058303833,0.354902058839798,-0.07027120888233185,0.24992315471172333,0.3433905243873596,-0.08535635471343994,0.44403061270713806,0.33998414874076843,-0.04372135549783707,0.37040916085243225,0.29580631852149963,-0.06937108933925629,0.3226549029350281,0.27171361446380615,-0.0879305750131607,0.2799319624900818,0.25100553035736084,-0.09982699900865555,0.4801611006259918,0.3251112699508667,-0.06130082160234451,0.4380868673324585,0.27785560488700867,-0.08225928992033005,0.4056965708732605,0.2468947172164917,-0.08944343775510788,0.3721407353878021,0.22349302470684052,-0.09400831907987595,pinch,RRQ_p14,RRQ
0.6390633583068848,0.46433258056640625,9.442192805408922e-08,0.5699889063835144,0.45527830719947815,-0.006485952530056238,0.5033627152442932,0.430827796459198,-0.02525535225868225,0.45099157094955444,0.4286561608314514,-0.04698748514056206,0.4030199348926544,0.4391142427921295,-0.07143828272819519,0.5058577060699463,0.33109259605407715,-0.03359214588999748,0.4315881133079529,0.3238762617111206,-0.07973501086235046,0.4023464322090149,0.37548601627349854,-0.11586733162403107,0.38469916582107544,0.4265339970588684,-0.13670766353607178,0.5276737809181213,0.31860417127609253,-0.05451725050806999,0.4533294141292572,0.24270185828208923,-0.08721565455198288,0.40479734539985657,0.2050064355134964,-0.113336481153965,0.36416858434677124,0.17089885473251343,-0.1317618191242218,0.5644703507423401,0.32898616790771484,-0.07745140790939331,0.5126850008964539,0.24545253813266754,-0.10925135016441345,0.4745835065841675,0.20826521515846252,-0.12905442714691162,0.4374748170375824,0.17377623915672302,-0.14260834455490112,0.6068543195724487,0.35473349690437317,-0.09973645210266113,0.5859676003456116,0.31261518597602844,-0.12700258195400238,0.5677482485771179,0.281360924243927,-0.13454602658748627,0.5465114712715149,0.24749855697155,-0.13943977653980255,pinch,RRQ_p14,RRQ
0.6954218149185181,0.6325334906578064,8.377607230158901e-08,0.6489498019218445,0.5612143278121948,-0.00817950814962387,0.6165319085121155,0.48458197712898254,-0.02708563767373562,0.5815438628196716,0.43592169880867004,-0.04953154921531677,0.5419961214065552,0.39686518907546997,-0.07533186674118042,0.6684594750404358,0.40587353706359863,-0.026517624035477638,0.6187533736228943,0.34230944514274597,-0.07271970063447952,0.5707331299781799,0.3510364592075348,-0.11174476146697998,0.5303693413734436,0.36872753500938416,-0.13483646512031555,0.6918392181396484,0.41190582513809204,-0.0463930182158947,0.6758155822753906,0.29697513580322266,-0.0772806778550148,0.6582281589508057,0.22651606798171997,-0.10470032691955566,0.6428865194320679,0.167096346616745,-0.12471344321966171,0.7158979773521423,0.45029914379119873,-0.0692400112748146,0.7238883376121521,0.3430024981498718,-0.0996541678905487,0.7179297804832458,0.2796761393547058,-0.12024380266666412,0.710007905960083,0.2216155081987381,-0.13466885685920715,0.7347012758255005,0.5086908340454102,-0.09194643795490265,0.7465513944625854,0.45546621084213257,-0.11784148961305618,0.7518255710601807,0.4122862219810486,-0.12539827823638916,0.7543845176696777,0.3661869168281555,-0.1305837482213974,pinch,RRQ_p14,RRQ
0.8027274012565613,0.5990035533905029,1.4375605417171755e-07,0.7681413292884827,0.5421491265296936,-0.01890893466770649,0.7427736520767212,0.47410497069358826,-0.04117134213447571,0.7130698561668396,0.4253103733062744,-0.06445793807506561,0.6791038513183594,0.3846263587474823,-0.089664526283741,0.8008747696876526,0.39099493622779846,-0.032693326473236084,0.7619233727455139,0.3415491580963135,-0.0770334005355835,0.7179341316223145,0.34436196088790894,-0.11350762844085693,0.6842747926712036,0.3518018424510956,-0.13486535847187042,0.8331626057624817,0.3929354250431061,-0.04518319293856621,0.825919508934021,0.2919117510318756,-0.07924935221672058,0.8231909871101379,0.22025486826896667,-0.10535633563995361,0.8221350312232971,0.1518477499485016,-0.12254972755908966,0.8625285029411316,0.42488011717796326,-0.06120232120156288,0.8884407877922058,0.33284977078437805,-0.09600844234228134,0.9010624885559082,0.27163317799568176,-0.11516475677490234,0.9092864990234375,0.20859752595424652,-0.1255718171596527,0.8839685916900635,0.4788934588432312,-0.0777309313416481,0.9198397994041443,0.43053606152534485,-0.10374485701322556,0.944749653339386,0.39354485273361206,-0.10905400663614273,0.9657385349273682,0.3529721796512604,-0.11082033067941666,pinch,RRQ_p14,RRQ
0.6462424993515015,0.5330907702445984,-5.426518328022212e-07,0.5831995606422424,0.4649001657962799,-0.012408559210598469,0.5180626511573792,0.40589916706085205,-0.03631499782204628,0.4563415050506592,0.3792200982570648,-0.0600510872900486,0.39935746788978577,0.36372148990631104,-0.08275964111089706,0.5616081953048706,0.2756499946117401,-0.04555138945579529,0.4679563045501709,0.28576764464378357,-0.07824753224849701,0.4126715660095215,0.30929049849510193,-0.09388013184070587,0.3785625100135803,0.3363417685031891,-0.10281036049127579,0.5847399830818176,0.31332188844680786,-0.05683651566505432,0.4733809232711792,0.3825097978115082,-0.08986450731754303,0.478661447763443,0.43498358130455017,-0.09073364734649658,0.49608176946640015,0.4426940083503723,-0.09001732617616653,0.5992941856384277,0.36984267830848694,-0.06943374872207642,0.5001919865608215,0.4484524428844452,-0.09530642628669739,0.5192094445228577,0.47620174288749695,-0.08216634392738342,0.5424625277519226,0.46433526277542114,-0.07315605878829956,0.6089383959770203,0.43062376976013184,-0.08339384943246841,0.5309624075889587,0.48482435941696167,-0.10208815336227417,0.5437101125717163,0.5043821930885315,-0.09444241970777512,0.5642265677452087,0.4916028380393982,-0.08732542395591736,pinch,RRQ_p14,RRQ
0.7211148738861084,0.654889702796936,-7.292615009646397e-07,0.6851176619529724,0.5444024801254272,-0.010939043015241623,0.671673595905304,0.4496803879737854,-0.029082518070936203,0.6460453271865845,0.38261979818344116,-0.048091694712638855,0.6110059022903442,0.3216341733932495,-0.06585521996021271,0.782139241695404,0.3827185034751892,-0.028571490198373795,0.7170016765594482,0.3234124779701233,-0.061698250472545624,0.6637552976608276,0.3002784848213196,-0.0807003453373909,0.620024561882019,0.2939707636833191,-0.09115453064441681,0.7941882610321045,0.42070475220680237,-0.03958608955144882,0.6784740090370178,0.3893948495388031,-0.07438504695892334,0.6412290334701538,0.4448033273220062,-0.07945224642753601,0.6356827020645142,0.48148998618125916,-0.07923807948827744,0.78652423620224,0.4725898802280426,-0.052950311452150345,0.6671463847160339,0.4606148600578308,-0.08186232298612595,0.6517682671546936,0.5134604573249817,-0.07260161638259888,0.6616355776786804,0.5401793718338013,-0.06373164802789688,0.7678369879722595,0.5281713008880615,-0.06797297298908234,0.6713378429412842,0.5178754329681396,-0.08997788280248642,0.6598953008651733,0.5528438091278076,-0.08611352741718292,0.6743225455284119,0.5692180395126343,-0.07987716794013977,pinch,RRQ_p14,RRQ
0.3668418824672699,0.5226163268089294,1.6956406057033746e-08,0.45280513167381287,0.5295047163963318,-0.002215157961472869,0.5279383659362793,0.5076186060905457,-0.014661022461950779,0.585740864276886,0.5053200721740723,-0.03387892618775368,0.6398804187774658,0.5110573172569275,-0.051725395023822784,0.5305256247520447,0.33735841512680054,0.011454615741968155,0.6035333871841431,0.39728593826293945,-0.021039042621850967,0.6388915181159973,0.45198172330856323,-0.046402059495449066,0.6665183305740356,0.4945308566093445,-0.062194351106882095,0.5113680958747864,0.31184422969818115,-0.004997034091502428,0.5798460841178894,0.4221222698688507,-0.04088878259062767,0.5338537693023682,0.47092142701148987,-0.05349418893456459,0.5021186470985413,0.461058109998703,-0.05525324493646622,0.4889799952507019,0.31724733114242554,-0.025086022913455963,0.550877571105957,0.4332508444786072,-0.05729891359806061,0.5067169666290283,0.47562363743782043,-0.05146355926990509,0.4804709255695343,0.4618963897228241,-0.03997762128710747,0.46481865644454956,0.33974310755729675,-0.04678846150636673,0.5139256119728088,0.42857563495635986,-0.0635560154914856,0.4869888722896576,0.4619644284248352,-0.05362515524029732,0.4645673632621765,0.45145997405052185,-0.040871478617191315,pinch,RRQ_p14,RRQ
0.3659299612045288,0.5647616982460022,1.8074212349006302e-08,0.455340176820755,0.5769591927528381,-0.0004459448391571641,0.5301849246025085,0.561952531337738,-0.011824823915958405,0.5854707956314087,0.5631763339042664,-0.03057773970067501,0.6377419233322144,0.5748283863067627,-0.04787416383624077,0.5383051633834839,0.3917769491672516,0.015614221803843975,0.610099196434021,0.45706209540367126,-0.017188582569360733,0.6423671245574951,0.5158456563949585,-0.043478820472955704,0.6679611802101135,0.5608910918235779,-0.05989610031247139,0.5212845802307129,0.3668675124645233,-0.0019155213376507163,0.5881533026695251,0.4808824360370636,-0.03962811455130577,0.5410361289978027,0.5277764201164246,-0.0534709170460701,0.5083195567131042,0.5178508758544922,-0.05528989061713219,0.5000617504119873,0.37152016162872314,-0.02313058450818062,0.5599894523620605,0.4901740252971649,-0.056685227900743484,0.5141646862030029,0.5313735604286194,-0.0510714054107666,0.486806720495224,0.5185041427612305,-0.038738004863262177,0.4762049615383148,0.3931649923324585,-0.04588361456990242,0.5222758054733276,0.4836062490940094,-0.06286657601594925,0.49378150701522827,0.5149473547935486,-0.05276565998792648,0.471061110496521,0.5030666589736938,-0.03949197009205818,pinch,RRQ_p14,RRQ
0.2513810992240906,0.7982343435287476,3.300240791759279e-07,0.3417094349861145,0.7452394366264343,9.426895121578127e-05,0.4159335196018219,0.6788355112075806,-0.0194601658731699,0.4855673313140869,0.6517337560653687,-0.0483800545334816,0.5473266243934631,0.626064658164978,-0.07654387503862381,0.3813701868057251,0.5047727823257446,-0.008050167933106422,0.4569590985774994,0.48392677307128906,-0.061364855617284775,0.5093688368797302,0.5386426448822021,-0.10178764164447784,0.5468005537986755,0.5928283929824829,-0.12375345826148987,0.35952600836753845,0.4922328293323517,-0.042134154587984085,0.39350569248199463,0.34354135394096375,-0.07689357548952103,0.42986828088760376,0.24478590488433838,-0.10264704376459122,0.4562085270881653,0.16185510158538818,-0.12101810425519943,0.32617807388305664,0.5146557092666626,-0.08182531595230103,0.33476197719573975,0.3585941195487976,-0.11700548976659775,0.3608410954475403,0.25882673263549805,-0.1368318498134613,0.38563790917396545,0.17195522785186768,-0.1496092975139618,0.29662925004959106,0.5644424557685852,-0.12251430749893188,0.275031715631485,0.45202964544296265,-0.15674112737178802,0.2681317925453186,0.363572895526886,-0.16729295253753662,0.26663053035736084,0.2813243269920349,-0.17246195673942566,pinch,RRQ_p14,RRQ
0.294569730758667,0.8227728009223938,3.8890269138391886e-07,0.39467138051986694,0.7898991107940674,-0.0051805442199110985,0.48583292961120605,0.7210285663604736,-0.027633583173155785,0.5678703784942627,0.6936015486717224,-0.05945349484682083,0.6427825689315796,0.674767255783081,-0.09061217308044434,0.47132232785224915,0.5227372050285339,-0.010364450514316559,0.5590655207633972,0.5166220664978027,-0.07129199057817459,0.6087043285369873,0.5844916701316833,-0.1189626082777977,0.6420162320137024,0.6460918188095093,-0.1444169580936432,0.44629567861557007,0.4925811290740967,-0.04387517273426056,0.5037738680839539,0.33783236145973206,-0.08309947699308395,0.5490533113479614,0.23383671045303345,-0.11043929308652878,0.582934558391571,0.1445697546005249,-0.12858356535434723,0.4031902849674225,0.501072108745575,-0.08411891758441925,0.44137904047966003,0.33613288402557373,-0.12109166383743286,0.4883800446987152,0.23474228382110596,-0.13771750032901764,0.5303473472595215,0.14571768045425415,-0.14702467620372772,0.35851410031318665,0.5402296185493469,-0.12630261480808258,0.36220699548721313,0.4108131527900696,-0.15796223282814026,0.3743790090084076,0.3128284811973572,-0.16297626495361328,0.3895074129104614,0.22313237190246582,-0.16371841728687286,pinch,RRQ_p14,RRQ
0.29555654525756836,0.6446032524108887,1.9364219383533054e-07,0.34853944182395935,0.6281033754348755,-0.0008836251217871904,0.39488279819488525,0.595970869064331,-0.010843608528375626,0.4370829164981842,0.5842904448509216,-0.02587125264108181,0.4747801721096039,0.5764092206954956,-0.04063977301120758,0.38856303691864014,0.4915093779563904,-5.690669240721036e-06,0.43359071016311646,0.4911288917064667,-0.02816963568329811,0.4614177346229553,0.5250586867332458,-0.05195688456296921,0.47907814383506775,0.5571379065513611,-0.06496778875589371,0.3779796063899994,0.47660911083221436,-0.017307939007878304,0.4072333574295044,0.39542192220687866,-0.03312769904732704,0.43155261874198914,0.34199321269989014,-0.045530326664447784,0.44776713848114014,0.29820579290390015,-0.05424301326274872,0.358390212059021,0.47946295142173767,-0.03802389279007912,0.37768834829330444,0.3935346007347107,-0.05329210311174393,0.40100711584091187,0.3413524627685547,-0.06073355674743652,0.4199583828449249,0.2973780632019043,-0.0651916041970253,0.33764615654945374,0.496966689825058,-0.05982613563537598,0.338437020778656,0.43021196126937866,-0.07356435060501099,0.343498170375824,0.38130444288253784,-0.07463467866182327,0.3483613431453705,0.33740928769111633,-0.07406299561262131,pinch,RRQ_p14,RRQ
0.41550111770629883,0.7388840317726135,4.055607973896258e-07,0.40935268998146057,0.6408856511116028,-0.022111069411039352,0.4295138120651245,0.5462626218795776,-0.03698156401515007,0.4515168368816376,0.4594247043132782,-0.04434069246053696,0.46578940749168396,0.39690130949020386,-0.047710202634334564,0.5269781947135925,0.5635960102081299,-0.0650254562497139,0.5178931951522827,0.44235605001449585,-0.07807446271181107,0.4924531579017639,0.3946467339992523,-0.07842528074979782,0.47293394804000854,0.37990128993988037,-0.0764177143573761,0.5624205470085144,0.5919182300567627,-0.058146197348833084,0.633233904838562,0.49121177196502686,-0.08689767122268677,0.688835084438324,0.43428122997283936,-0.10157207399606705,0.736989438533783,0.4023115634918213,-0.11020015180110931,0.5722483396530151,0.6210941076278687,-0.046963222324848175,0.6516513824462891,0.5714728832244873,-0.07236377149820328,0.7040684223175049,0.5363331437110901,-0.08650236576795578,0.7465730309486389,0.5097948908805847,-0.09350220859050751,0.5657771825790405,0.650474488735199,-0.03414567932486534,0.6257278919219971,0.6555445194244385,-0.05342354625463486,0.666088879108429,0.6646163463592529,-0.059240683913230896,0.7000875473022461,0.669927179813385,-0.06074316427111626,pinch,RRQ_p14,RRQ
0.5616381764411926,0.7371933460235596,3.287306071797502e-07,0.5560873746871948,0.6398763656616211,-0.027119535952806473,0.5728153586387634,0.5528040528297424,-0.03756913170218468,0.5867851376533508,0.4687427282333374,-0.03987298533320427,0.5938402414321899,0.4120156466960907,-0.03667338192462921,0.6753810048103333,0.5590866804122925,-0.04355914890766144,0.6651759147644043,0.4443943500518799,-0.05868056043982506,0.630376398563385,0.4076041877269745,-0.06669704616069794,0.6028397679328918,0.4093446135520935,-0.06811360269784927,0.7013841271400452,0.5850728154182434,-0.026951195672154427,0.757597804069519,0.49920618534088135,-0.04706070199608803,0.8026083111763,0.4513227045536041,-0.05983962118625641,0.8416279554367065,0.4281511604785919,-0.06713888794183731,0.7018617987632751,0.6106102466583252,-0.009086254052817822,0.7638146877288818,0.5664461851119995,-0.02346762828528881,0.8084489107131958,0.5383431315422058,-0.033301983028650284,0.8459880352020264,0.519416332244873,-0.03746401146054268,0.6868939399719238,0.6322763562202454,0.008706433698534966,0.7266780138015747,0.6365157961845398,-0.001556162373162806,0.7563971877098083,0.644342839717865,-0.0045499964617192745,0.7830647826194763,0.6514465808868408,-0.003466186113655567,pinch,RRQ_p14,RRQ
0.3656974732875824,0.5334045886993408,-6.356431754284131e-07,0.27505621314048767,0.5336558818817139,-0.027623187750577927,0.17297016084194183,0.4806031286716461,-0.03628801926970482,0.10869570076465607,0.4143235683441162,-0.04406329616904259,0.11627288162708282,0.3429127037525177,-0.04117470234632492,0.19271598756313324,0.3453741669654846,-0.00021100409503560513,0.1461082547903061,0.3524544835090637,-0.0306804571300745,0.1940695345401764,0.41795650124549866,-0.04026022553443909,0.20968274772167206,0.400226354598999,-0.046624962240457535,0.23930484056472778,0.31168365478515625,-2.6121202608919702e-05,0.19582520425319672,0.32614409923553467,-0.03774694353342056,0.24098913371562958,0.4136422872543335,-0.03563828766345978,0.2539999783039093,0.3877561688423157,-0.026499811559915543,0.2907869815826416,0.2959709167480469,-0.007465381175279617,0.25468602776527405,0.30245500802993774,-0.042913325130939484,0.28385090827941895,0.39137834310531616,-0.01824652962386608,0.29711246490478516,0.3701454699039459,0.005976837128400803,0.3397904634475708,0.29000961780548096,-0.018464313820004463,0.3152064085006714,0.30176883935928345,-0.03259967267513275,0.32339805364608765,0.36788392066955566,-0.016282763332128525,0.3335644006729126,0.35850420594215393,-0.0007853989955037832,fist,RRQ_p14,RRQ
0.4482816159725189,0.5638616681098938,-2.7454851192487695e-07,0.48002293705940247,0.4622933268547058,0.007106640841811895,0.4744427800178528,0.3572726547718048,0.007371365092694759,0.4440622925758362,0.28372490406036377,0.007425903342664242,0.40399476885795593,0.2648651897907257,0.007425860967487097,0.4475342631340027,0.2814275026321411,0.0030306847766041756,0.4041684865951538,0.2778676152229309,0.001263342914171517,0.40559375286102295,0.3216015100479126,-0.006727229803800583,0.41965603828430176,0.3473132252693176,-0.01338787842541933,0.39647072553634644,0.30583611130714417,-0.002550434321165085,0.3627488911151886,0.31492385268211365,0.004572018980979919,0.3659004271030426,0.35178276896476746,0.003664823714643717,0.38289448618888855,0.38013723492622375,-4.834214269067161e-05,0.3486698269844055,0.34665459394454956,-0.006227397359907627,0.32683271169662476,0.3613845407962799,0.0012698440114036202,0.33464816212654114,0.3930884003639221,0.004846640862524509,0.35333356261253357,0.4180479645729065,0.0036157697904855013,0.30892157554626465,0.39147982001304626,-0.009556083008646965,0.29722118377685547,0.4062971770763397,-0.004278023261576891,0.3081105351448059,0.4409414529800415,0.0031298883259296417,0.3230087161064148,0.46160635352134705,0.009259500540792942,fist,RRQ_p14,RRQ
0.6986014246940613,0.5732290148735046,-4.055872580011055e-07,0.7215328812599182,0.48810875415802,0.0070294588804244995,0.7226952314376831,0.39481139183044434,0.004271024838089943,0.70711749792099,0.3263775408267975,-3.150833208565018e-06,0.6812986731529236,0.2881823778152466,-0.0028917607851326466,0.7326876521110535,0.31662482023239136,0.0025430701207369566,0.6578541398048401,0.3004951477050781,-0.00823942106217146,0.6536139845848083,0.34482449293136597,-0.019240133464336395,0.6672052145004272,0.3695381283760071,-0.026007940992712975,0.696974515914917,0.32715755701065063,-0.006149867083877325,0.6237725615501404,0.3316311836242676,-0.010621670633554459,0.6250779032707214,0.3716335892677307,-0.012465065345168114,0.6432317495346069,0.393195778131485,-0.014805867336690426,0.6568756103515625,0.35002607107162476,-0.014480934478342533,0.5975765585899353,0.3608096241950989,-0.01523034367710352,0.602194607257843,0.3957192003726959,-0.009996568784117699,0.6202797889709473,0.4128522276878357,-0.008890827186405659,0.6185532212257385,0.3783561587333679,-0.023129422217607498,0.5787327289581299,0.3954576253890991,-0.024300958961248398,0.5848572254180908,0.4307991564273834,-0.019836923107504845,0.5999465584754944,0.4423488974571228,-0.015431752428412437,fist,RRQ_p14,RRQ
0.7339420914649963,0.5743369460105896,-4.759641569762607e-07,0.683289647102356,0.5465893745422363,-0.03825339674949646,0.6258190870285034,0.4740845859050751,-0.04790877923369408,0.5977181792259216,0.40006309747695923,-0.05305994674563408,0.6207040548324585,0.3553367853164673,-0.04922672361135483,0.6490789651870728,0.39789512753486633,-0.00621957378461957,0.6641407608985901,0.3711865246295929,-0.032642755657434464,0.6671157479286194,0.43338844180107117,-0.038276657462120056,0.6534619927406311,0.43028539419174194,-0.04055200517177582,0.6872702836990356,0.3886057436466217,0.0016805947525426745,0.704829752445221,0.3682176470756531,-0.03444411978125572,0.7029603719711304,0.450979083776474,-0.03677625581622124,0.6877245903015137,0.44175171852111816,-0.029825769364833832,0.7248678803443909,0.39130181074142456,0.0014683386543765664,0.7459830045700073,0.3744216561317444,-0.03500008210539818,0.7366599440574646,0.4463331401348114,-0.026175109669566154,0.7186965346336365,0.44363507628440857,-0.011693458072841167,0.7623592019081116,0.3974159359931946,-0.002259318483993411,0.7783491015434265,0.3891136646270752,-0.023733781650662422,0.767536461353302,0.4392443299293518,-0.021192502230405807,0.7491925358772278,0.443053275346756,-0.014472016133368015,fist,RRQ_p14,RRQ
0.6858119368553162,0.532767653465271,-4.301108162962919e-07,0.6461370587348938,0.5535244345664978,-0.05367061123251915,0.5978112816810608,0.5477011799812317,-0.08674944192171097,0.5855814218521118,0.5337594151496887,-0.11112033575773239,0.6184033751487732,0.5072381496429443,-0.1273382008075714,0.6256778836250305,0.415603905916214,-0.07149133086204529,0.64362633228302,0.5120044350624084,-0.10371178388595581,0.6358979940414429,0.5435210466384888,-0.11161959171295166,0.6292719841003418,0.5220388174057007,-0.11656735092401505,0.6696954965591431,0.39560839533805847,-0.06072889268398285,0.6974115967750549,0.5171234011650085,-0.09345396608114243,0.6818504929542542,0.5458800792694092,-0.09098109602928162,0.6716872453689575,0.5046746730804443,-0.08613962680101395,0.7120887041091919,0.39845818281173706,-0.05477356165647507,0.7350117564201355,0.5131480097770691,-0.0872415155172348,0.7170549035072327,0.5286261439323425,-0.0733662024140358,0.7065967917442322,0.4894776940345764,-0.05974560230970383,0.7465687394142151,0.41442593932151794,-0.0547112412750721,0.7630133032798767,0.49290770292282104,-0.08348257839679718,0.7483205795288086,0.5120134949684143,-0.08307132869958878,0.7367027997970581,0.49268388748168945,-0.07717791199684143,fist,RRQ_p14,RRQ
0.48681533336639404,0.5717875361442566,-4.2598213667588425e-07,0.43505409359931946,0.5898867249488831,-0.05250995233654976,0.3702809512615204,0.5930275917053223,-0.08330750465393066,0.3334600031375885,0.5839486122131348,-0.10547885298728943,0.35672682523727417,0.5516442060470581,-0.11933202296495438,0.37657347321510315,0.4489983022212982,-0.06450977921485901,0.39253589510917664,0.562999427318573,-0.10027047246694565,0.4017511308193207,0.591070294380188,-0.11627309769392014,0.3989717364311218,0.5616031885147095,-0.12696275115013123,0.42971742153167725,0.42432862520217896,-0.055693019181489944,0.4545031785964966,0.570732593536377,-0.08792047947645187,0.45103466510772705,0.5842366218566895,-0.09028621017932892,0.4376397430896759,0.5424097180366516,-0.08987927436828613,0.4823906421661377,0.42691853642463684,-0.052308883517980576,0.5005660653114319,0.564973771572113,-0.08477868139743805,0.4937210977077484,0.5730584859848022,-0.07262896001338959,0.4835214912891388,0.5333271622657776,-0.0598444826900959,0.5268278121948242,0.44328656792640686,-0.05493823438882828,0.5390824675559998,0.5465661287307739,-0.08306439220905304,0.5331253409385681,0.5581578016281128,-0.08300156891345978,0.5256962180137634,0.5320650339126587,-0.07714501768350601,fist,RRQ_p14,RRQ
0.3168400526046753,0.5045462250709534,-4.355240719178255e-07,0.2277033030986786,0.5411450862884521,-0.04356912150979042,0.13407756388187408,0.5308980941772461,-0.068606898188591,0.07227247953414917,0.5053249597549438,-0.0866050273180008,0.07449246197938919,0.457741379737854,-0.09536362439393997,0.11514098942279816,0.34241169691085815,-0.03890606015920639,0.11664848774671555,0.4932909309864044,-0.0788174718618393,0.15855512022972107,0.5135537981987,-0.10300840437412262,0.1696798950433731,0.4687526226043701,-0.11865561455488205,0.16837172210216522,0.3148092031478882,-0.036159057170152664,0.1761000156402588,0.4939984083175659,-0.07082312554121017,0.21007420122623444,0.5007460713386536,-0.07617601007223129,0.21492120623588562,0.4471479058265686,-0.07689697295427322,0.22875548899173737,0.32242006063461304,-0.04054734483361244,0.23539410531520844,0.4848184883594513,-0.07173311710357666,0.2575596570968628,0.491293728351593,-0.0610215999186039,0.2623400390148163,0.4447558522224426,-0.049651604145765305,0.288209468126297,0.3486303687095642,-0.050557736307382584,0.2909558117389679,0.4753592610359192,-0.07447580248117447,0.3056461811065674,0.4725801348686218,-0.07476639747619629,0.3099874258041382,0.4256494641304016,-0.06940869241952896,fist,RRQ_p14,RRQ
0.2813739776611328,0.45718157291412354,-7.614730748173315e-07,0.18918831646442413,0.4517689347267151,-0.03136071190237999,0.09326577931642532,0.377251535654068,-0.0372123084962368,0.04041992127895355,0.2876932621002197,-0.04149636998772621,0.044907793402671814,0.21332496404647827,-0.03421666473150253,0.11792472004890442,0.26193493604660034,0.0012389248004183173,0.08150706440210342,0.2212783396244049,-0.033893343061208725,0.11697888374328613,0.3080291450023651,-0.04174627736210823,0.13003593683242798,0.3037765622138977,-0.04411429539322853,0.17324812710285187,0.2390933781862259,0.0020021582022309303,0.13926032185554504,0.20345723628997803,-0.0415838323533535,0.16674597561359406,0.3147129714488983,-0.038604628294706345,0.17570361495018005,0.29753541946411133,-0.025445668026804924,0.2270933985710144,0.2320534586906433,-0.006526133511215448,0.19888588786125183,0.19748076796531677,-0.050971195101737976,0.21434515714645386,0.3043225407600403,-0.026659637689590454,0.2249983847141266,0.2896606922149658,0.0011746349046006799,0.27959972620010376,0.22833213210105896,-0.01836232841014862,0.2567312717437744,0.2125965803861618,-0.038382962346076965,0.2576812505722046,0.2893361449241638,-0.020965926349163055,0.2670248746871948,0.2884969115257263,-0.0023719584569334984,fist,RRQ_p14,RRQ
0.19676923751831055,0.6018915176391602,-4.2274882616766263e-07,0.26234057545661926,0.5602712035179138,-0.041257284581661224,0.3217940032482147,0.44673478603363037,-0.05253639072179794,0.3470333516597748,0.34749525785446167,-0.05873074755072594,0.34035101532936096,0.2672867774963379,-0.057238753885030746,0.28925225138664246,0.30859658122062683,-0.018851388245821,0.3036602735519409,0.31834253668785095,-0.04901796579360962,0.2939741015434265,0.39460626244544983,-0.06050905957818031,0.27371275424957275,0.3901894688606262,-0.06634949892759323,0.23048274219036102,0.2917099893093109,-0.012628313153982162,0.237861767411232,0.342888206243515,-0.04180677980184555,0.24113842844963074,0.4357193410396576,-0.04456976428627968,0.23065173625946045,0.4076182246208191,-0.04139845818281174,0.1750996857881546,0.3102177381515503,-0.013849169947206974,0.1747034788131714,0.3626873195171356,-0.0463690347969532,0.1912502944469452,0.44761526584625244,-0.03502369672060013,0.1892855018377304,0.4314963221549988,-0.022634899243712425,0.12470646947622299,0.3404305875301361,-0.019304586574435234,0.12676259875297546,0.39691630005836487,-0.040181778371334076,0.14524629712104797,0.45519912242889404,-0.03288915008306503,0.1482069492340088,0.44647225737571716,-0.022645147517323494,fist,RRQ_p14,RRQ
0.4332475960254669,0.5943694710731506,-5.131342959430185e-07,0.5098308324813843,0.569513738155365,-0.02983582206070423,0.5896942019462585,0.46895360946655273,-0.03771209344267845,0.6300090551376343,0.37986335158348083,-0.042400285601615906,0.6398866772651672,0.30202555656433105,-0.03990655764937401,0.5634503364562988,0.325528621673584,-0.00921545084565878,0.6019525527954102,0.3450872302055359,-0.034961532801389694,0.5743700265884399,0.4183882176876068,-0.04449724778532982,0.5491687059402466,0.41159629821777344,-0.04935451224446297,0.508564293384552,0.3003443777561188,-0.007615735754370689,0.5396456718444824,0.3537694215774536,-0.03174859285354614,0.5179132223129272,0.44290468096733093,-0.03364143893122673,0.5035123229026794,0.4143439531326294,-0.030987612903118134,0.4544566869735718,0.30843913555145264,-0.01198637206107378,0.4788675010204315,0.3580021858215332,-0.03863832727074623,0.47013622522354126,0.438545286655426,-0.025955982506275177,0.4563249349594116,0.42068880796432495,-0.013948503881692886,0.40522050857543945,0.32607823610305786,-0.019374342635273933,0.4270872473716736,0.3614650070667267,-0.0349908173084259,0.4277903735637665,0.4220618009567261,-0.022627240046858788,0.4156127870082855,0.41691356897354126,-0.009382960386574268,fist,RRQ_p14,RRQ
0.49969714879989624,0.6140592098236084,-5.99567215431307e-07,0.5886631608009338,0.5991074442863464,-0.014894621446728706,0.6652770638465881,0.5495277047157288,-0.025893881916999817,0.7153934240341187,0.5024953484535217,-0.03830728679895401,0.7577102184295654,0.4636116623878479,-0.047688040882349014,0.6671480536460876,0.38728493452072144,-0.02456001564860344,0.7114758491516113,0.5394877195358276,-0.06278622150421143,0.6730324625968933,0.5657145977020264,-0.0885562151670456,0.650164008140564,0.5308002233505249,-0.10796431452035904,0.6092162728309631,0.37984567880630493,-0.03611106425523758,0.6573066711425781,0.561939537525177,-0.069842129945755,0.6197772026062012,0.5728991031646729,-0.0799679160118103,0.5990132093429565,0.5332978963851929,-0.08946041017770767,0.5516225695610046,0.40370190143585205,-0.05132452771067619,0.5922372341156006,0.5728827118873596,-0.0799700990319252,0.5585366487503052,0.5829096436500549,-0.07301145046949387,0.5375849008560181,0.5471833944320679,-0.06944765150547028,0.4955851435661316,0.4453882575035095,-0.07014335691928864,0.5297430753707886,0.5697647929191589,-0.09402008354663849,0.5143173336982727,0.5784983038902283,-0.0958971381187439,0.49804919958114624,0.545280396938324,-0.09530255943536758,fist,RRQ_p14,RRQ
0.5163928270339966,0.6420239806175232,-6.31542661722051e-07,0.6323904395103455,0.6841050982475281,-0.03877198323607445,0.7401508688926697,0.6872896552085876,-0.06371511518955231,0.8114354610443115,0.6646032333374023,-0.08449773490428925,0.8218769431114197,0.5963222980499268,-0.10186511278152466,0.7478664517402649,0.45687055587768555,-0.07577089965343475,0.7495635747909546,0.6795966029167175,-0.13067235052585602,0.7034031748771667,0.7074558734893799,-0.16638532280921936,0.6872607469558716,0.6484045386314392,-0.192274272441864,0.6676404476165771,0.42913538217544556,-0.08315660804510117,0.6694473624229431,0.6890841722488403,-0.1264774352312088,0.6372987627983093,0.6981083154678345,-0.13825580477714539,0.6287298798561096,0.6360033750534058,-0.1528150588274002,0.5853882431983948,0.4411359429359436,-0.0946432501077652,0.5912618637084961,0.6777128577232361,-0.1324574053287506,0.5731664299964905,0.6816350817680359,-0.12560264766216278,0.5683994293212891,0.6184722185134888,-0.1240234449505806,0.5088256597518921,0.47412654757499695,-0.11163409054279327,0.5224378705024719,0.6488189697265625,-0.14353904128074646,0.5213272571563721,0.6585633754730225,-0.1468629240989685,0.5190812945365906,0.6124635338783264,-0.14840726554393768,fist,RRQ_p14,RRQ
0.41494691371917725,0.5243741869926453,-4.998447025172936e-07,0.5390690565109253,0.5839929580688477,-0.08775540441274643,0.6607688665390015,0.6168032884597778,-0.14803969860076904,0.7257410883903503,0.5921544432640076,-0.19580037891864777,0.6900246739387512,0.5038353204727173,-0.23871657252311707,0.6113765239715576,0.28754672408103943,-0.1637507528066635,0.5938531756401062,0.6146495342254639,-0.2475496083498001,0.5745877027511597,0.6403253674507141,-0.3017173707485199,0.5632296800613403,0.5640898942947388,-0.3414091169834137,0.47488823533058167,0.25701379776000977,-0.159183531999588,0.4757689833641052,0.6495869159698486,-0.21823343634605408,0.4869951009750366,0.631812572479248,-0.2324845939874649,0.48765119910240173,0.5258954763412476,-0.2564277946949005,0.3548898696899414,0.29157528281211853,-0.1601395457983017,0.3634607195854187,0.648158609867096,-0.20650482177734375,0.3826057016849518,0.6217682361602783,-0.18688830733299255,0.38678091764450073,0.5036599636077881,-0.18237043917179108,0.2520282566547394,0.3536062240600586,-0.17357885837554932,0.26854732632637024,0.6244074702262878,-0.22091124951839447,0.29399192333221436,0.614739716053009,-0.2254522740840912,0.2983136475086212,0.5265482664108276,-0.2288326919078827,fist,RRQ_p14,RRQ
0.42752015590667725,0.5486213564872742,-2.5532608560752124e-07,0.47274723649024963,0.565631628036499,-0.018191520124673843,0.512202262878418,0.5658265352249146,-0.029882246628403664,0.538108766078949,0.5575186014175415,-0.039741549640893936,0.5525869131088257,0.5364362001419067,-0.04799945279955864,0.5258956551551819,0.46993884444236755,-0.03252055123448372,0.5197635889053345,0.5648088455200195,-0.05670376494526863,0.5011853575706482,0.5772897005081177,-0.07307180762290955,0.49499961733818054,0.5533572435379028,-0.08492825925350189,0.491262286901474,0.4546195864677429,-0.03477318584918976,0.48448342084884644,0.5670764446258545,-0.0539509654045105,0.4726194739341736,0.570663332939148,-0.060319993644952774,0.47087883949279785,0.542622983455658,-0.06766035407781601,0.45533332228660583,0.45798155665397644,-0.038927819579839706,0.4512166380882263,0.5584060549736023,-0.056102924048900604,0.4442712068557739,0.5599516034126282,-0.05362866073846817,0.4436067044734955,0.5324439406394958,-0.05315626040101051,0.4212040305137634,0.47050759196281433,-0.04554195702075958,0.4220753610134125,0.5412518978118896,-0.060629475861787796,0.42118358612060547,0.5454905033111572,-0.06217247247695923,0.42042213678359985,0.5251283049583435,-0.06253816932439804,fist,RRQ_p14,RRQ
0.4979778528213501,0.5532931685447693,-2.9436827730933146e-07,0.4710141122341156,0.5612471699714661,-0.03142894059419632,0.43878424167633057,0.5580841898918152,-0.050767868757247925,0.42650219798088074,0.5528042316436768,-0.06433074176311493,0.4460209906101227,0.5365545153617859,-0.0730803906917572,0.46328598260879517,0.4787963628768921,-0.04700765013694763,0.47148019075393677,0.5520597696304321,-0.06424002349376678,0.46401309967041016,0.5648773908615112,-0.06818626075983047,0.45734933018684387,0.5488452315330505,-0.07139492779970169,0.4951215982437134,0.4703653156757355,-0.04057612642645836,0.5036202073097229,0.564091145992279,-0.05742918699979782,0.49221229553222656,0.5722061991691589,-0.0562039390206337,0.48481935262680054,0.5466119647026062,-0.055099837481975555,0.5241525173187256,0.4763731062412262,-0.03601419925689697,0.5292903780937195,0.5619844198226929,-0.05413001775741577,0.5175897479057312,0.5649839639663696,-0.045554958283901215,0.510927677154541,0.5405906438827515,-0.038033757358789444,0.5469807386398315,0.4896315038204193,-0.03483857586979866,0.5538275837898254,0.5455040335655212,-0.05321773141622543,0.5445056557655334,0.5557243824005127,-0.05263605713844299,0.5377084612846375,0.5452572703361511,-0.0487484484910965,fist,RRQ_p14,RRQ
0.4068099856376648,0.7573542594909668,5.129527380631771e-07,0.3319401144981384,0.7110226154327393,-0.03783189505338669,0.2674338221549988,0.6276738047599792,-0.056139301508665085,0.21794027090072632,0.555566132068634,-0.07137767970561981,0.18352368474006653,0.4879271984100342,-0.08526892960071564,0.3192974328994751,0.4689122140407562,-0.02708219736814499,0.28456196188926697,0.3537088632583618,-0.053731489926576614,0.26560696959495544,0.2818295955657959,-0.07583193480968475,0.255278080701828,0.2182747721672058,-0.0924910381436348,0.3725190758705139,0.45005834102630615,-0.029185710474848747,0.356275737285614,0.3205384612083435,-0.04882221296429634,0.3492245078086853,0.23871418833732605,-0.06690847128629684,0.34384551644325256,0.1711399257183075,-0.08098401129245758,0.4244649410247803,0.462899774312973,-0.037615299224853516,0.4296444058418274,0.34405213594436646,-0.06151429936289787,0.4343388080596924,0.266212522983551,-0.07838758826255798,0.4361017346382141,0.1954684555530548,-0.09106850624084473,0.4730711281299591,0.5010842084884644,-0.049804698675870895,0.504080057144165,0.42649465799331665,-0.07376419007778168,0.5246682167053223,0.3715394139289856,-0.08536846935749054,0.5416532754898071,0.317451536655426,-0.09332558512687683,open_palm,RRQ_p14,RRQ
0.7029017210006714,0.7283153533935547,5.113630550113157e-07,0.6421745419502258,0.6831822395324707,-0.03742704913020134,0.5869295597076416,0.6093202233314514,-0.05463051795959473,0.5458614230155945,0.5441579818725586,-0.06807118654251099,0.5245703458786011,0.47883734107017517,-0.07977858930826187,0.6365334391593933,0.47350817918777466,-0.02869025059044361,0.6152299642562866,0.3676636815071106,-0.05290837585926056,0.6038960814476013,0.30151796340942383,-0.07246853411197662,0.598783016204834,0.24380099773406982,-0.0867934450507164,0.6827437877655029,0.4595637023448944,-0.027625570073723793,0.6790080666542053,0.3455311954021454,-0.04486001282930374,0.6782710552215576,0.2734975218772888,-0.06021729111671448,0.6774678230285645,0.2126588225364685,-0.07209364324808121,0.7262729406356812,0.4725342094898224,-0.032305825501680374,0.7376518249511719,0.37030458450317383,-0.05420168489217758,0.7463136911392212,0.3035183548927307,-0.06930393725633621,0.7512955665588379,0.24336469173431396,-0.08006175607442856,0.7665614485740662,0.5079889297485352,-0.0405818410217762,0.8003583550453186,0.445933073759079,-0.0638139471411705,0.8244504928588867,0.40136003494262695,-0.07498887926340103,0.8449861407279968,0.3589535355567932,-0.08178442716598511,open_palm,RRQ_p14,RRQ
0.5144215822219849,0.7337998747825623,3.803061190410517e-07,0.4636504352092743,0.6989692449569702,-0.02431732602417469,0.41583558917045593,0.6446961760520935,-0.03587887063622475,0.38008496165275574,0.599862813949585,-0.04573306068778038,0.3546689748764038,0.5567269325256348,-0.054781779646873474,0.449937641620636,0.5321695804595947,-0.01683504693210125,0.4276508688926697,0.45087921619415283,-0.03434745594859123,0.41497302055358887,0.40016263723373413,-0.049530062824487686,0.4066484272480011,0.35573112964630127,-0.06097126379609108,0.48654210567474365,0.5182979106903076,-0.018881142139434814,0.4775104522705078,0.4279540181159973,-0.031206853687763214,0.47285470366477966,0.3701799809932709,-0.043657977133989334,0.4686836004257202,0.32258671522140503,-0.05344654992222786,0.5227664113044739,0.5259811878204346,-0.02512480691075325,0.5262472629547119,0.4422646164894104,-0.04128013178706169,0.5300500392913818,0.3890511095523834,-0.05390048027038574,0.5317398309707642,0.34240150451660156,-0.06323469430208206,0.5570981502532959,0.551654040813446,-0.03376429155468941,0.5791378021240234,0.5014203786849976,-0.051324326545000076,0.5951863527297974,0.4674918055534363,-0.05985521525144577,0.609126091003418,0.43562543392181396,-0.06523624062538147,open_palm,RRQ_p14,RRQ
0.33095553517341614,0.574853777885437,3.840094962015428e-07,0.2725251615047455,0.5488808155059814,-0.02576891891658306,0.21695786714553833,0.4965721368789673,-0.03869802504777908,0.17118245363235474,0.45586347579956055,-0.04986835643649101,0.13781344890594482,0.4150686264038086,-0.06030255928635597,0.24491183459758759,0.37116432189941406,-0.01938280463218689,0.21080845594406128,0.29089927673339844,-0.03884093463420868,0.1924591362476349,0.2403227686882019,-0.054773371666669846,0.18068210780620575,0.19605210423469543,-0.06671631336212158,0.2839079797267914,0.3509221076965332,-0.022068621590733528,0.2626238167285919,0.2582135796546936,-0.036545705050230026,0.2516324520111084,0.19895973801612854,-0.0498068705201149,0.24299702048301697,0.1502246856689453,-0.05994632467627525,0.32476696372032166,0.35464322566986084,-0.029237348586320877,0.3218805193901062,0.26505526900291443,-0.04843322932720184,0.3205433189868927,0.20723144710063934,-0.06257043033838272,0.3173670470714569,0.15478183329105377,-0.07261234521865845,0.3646846413612366,0.37901121377944946,-0.03870271518826485,0.3869538903236389,0.320497065782547,-0.05928632989525795,0.4008195996284485,0.2777802348136902,-0.06991492956876755,0.41149622201919556,0.2356678694486618,-0.07662392407655716,open_palm,RRQ_p14,RRQ
0.69222092628479,0.6140139102935791,4.766907863995584e-07,0.6418612599372864,0.5680665373802185,-0.0365595743060112,0.593684196472168,0.5033736228942871,-0.05609263852238655,0.560593843460083,0.442732572555542,-0.07133934646844864,0.5422735810279846,0.38401252031326294,-0.08394072949886322,0.6327289342880249,0.37927401065826416,-0.02769915573298931,0.6323333382606506,0.2826409935951233,-0.0507022850215435,0.6361007690429688,0.2270168513059616,-0.07003586739301682,0.6420148015022278,0.17902915179729462,-0.08312917500734329,0.6680855751037598,0.3715478479862213,-0.023658929392695427,0.6709018349647522,0.2686680853366852,-0.03924578055739403,0.6743720769882202,0.2090754508972168,-0.05099134519696236,0.676444947719574,0.15968525409698486,-0.0597698949277401,0.7008360624313354,0.38306304812431335,-0.02503247745335102,0.7055376768112183,0.2871550917625427,-0.038496099412441254,0.7068129777908325,0.2312953621149063,-0.044527214020490646,0.7052163481712341,0.1842520534992218,-0.049224674701690674,0.7339579463005066,0.41159728169441223,-0.03070145472884178,0.7399816513061523,0.3420362174510956,-0.042238749563694,0.7396076321601868,0.29765141010284424,-0.04553799331188202,0.7365073561668396,0.2588678002357483,-0.047399770468473434,open_palm,RRQ_p14,RRQ
0.6512302160263062,0.8381984829902649,4.396743236156908e-07,0.6027244925498962,0.7889499068260193,-0.03683627396821976,0.5695061087608337,0.7144540548324585,-0.053405944257974625,0.5608590245246887,0.6398015022277832,-0.06603064388036728,0.5645216107368469,0.5701576471328735,-0.07600399851799011,0.5968310832977295,0.6041068434715271,-0.01648031733930111,0.5923382043838501,0.5131204724311829,-0.03706894442439079,0.5955626368522644,0.4590029716491699,-0.05712852627038956,0.6016433238983154,0.4098101258277893,-0.07203944027423859,0.6320924162864685,0.5963976979255676,-0.011820632964372635,0.6317911148071289,0.4977005124092102,-0.02620232291519642,0.6335390210151672,0.43893611431121826,-0.042674705386161804,0.6341022253036499,0.3853769302368164,-0.05605975165963173,0.6625898480415344,0.6089137196540833,-0.013069050386548042,0.6655412912368774,0.5180841684341431,-0.02654622122645378,0.6654961109161377,0.4623241126537323,-0.03732915222644806,0.6634471416473389,0.41421830654144287,-0.046375859528779984,0.6950499415397644,0.6368510127067566,-0.018683040514588356,0.699313223361969,0.5698990821838379,-0.03011495992541313,0.6976154446601868,0.525607705116272,-0.03632413595914841,0.6931912899017334,0.48440414667129517,-0.041583966463804245,open_palm,RRQ_p14,RRQ
0.3907926082611084,0.7808138132095337,4.250059646437876e-07,0.327354371547699,0.7423848509788513,-0.027023863047361374,0.28375717997550964,0.6683529615402222,-0.0391494482755661,0.26751425862312317,0.5955813527107239,-0.04917830601334572,0.25661030411720276,0.5287473797798157,-0.057420242577791214,0.31631577014923096,0.5460885167121887,-0.010702472180128098,0.30955228209495544,0.45396968722343445,-0.028810910880565643,0.3119594156742096,0.4008631408214569,-0.04544828087091446,0.31848037242889404,0.3544406294822693,-0.05744393914937973,0.3536870777606964,0.5372943878173828,-0.011812164448201656,0.3488806486129761,0.43529456853866577,-0.02388859912753105,0.35020938515663147,0.3755788803100586,-0.035984404385089874,0.35277390480041504,0.3260176181793213,-0.045468609780073166,0.38810786604881287,0.5489291548728943,-0.018291961401700974,0.38397037982940674,0.4541476368904114,-0.03060711920261383,0.3811301589012146,0.3973468542098999,-0.03835755214095116,0.3783505856990814,0.3476729393005371,-0.0450378842651844,0.42414337396621704,0.5756637454032898,-0.028314223513007164,0.4225623607635498,0.5043204426765442,-0.03976690396666527,0.41885286569595337,0.45936521887779236,-0.04383089393377304,0.4132983684539795,0.41769227385520935,-0.04702051356434822,open_palm,RRQ_p14,RRQ
0.15210920572280884,0.7565944194793701,5.670348741659836e-07,0.24515244364738464,0.726906955242157,-0.03684611618518829,0.3267582654953003,0.6440798044204712,-0.05154695361852646,0.38617050647735596,0.5695340633392334,-0.06509937345981598,0.4284939467906952,0.5161607265472412,-0.07788372039794922,0.28483283519744873,0.4499025344848633,-0.02263450250029564,0.3252626359462738,0.3364748954772949,-0.04129678010940552,0.33948561549186707,0.26150810718536377,-0.05583855137228966,0.3432256579399109,0.2038436233997345,-0.06694650650024414,0.22453737258911133,0.4245629608631134,-0.026045113801956177,0.24497880041599274,0.284466028213501,-0.040926627814769745,0.2501518130302429,0.19942247867584229,-0.05286939814686775,0.24832288920879364,0.13528642058372498,-0.06141628324985504,0.16537664830684662,0.4339000880718231,-0.03568636253476143,0.1643306314945221,0.3005720376968384,-0.05621819198131561,0.16283361613750458,0.21818342804908752,-0.07280623912811279,0.16159313917160034,0.15310442447662354,-0.08453145623207092,0.1043337732553482,0.4727344810962677,-0.049292732030153275,0.06273069977760315,0.38420724868774414,-0.07563357055187225,0.03518395125865936,0.3215673565864563,-0.08996909856796265,0.016114994883537292,0.26372087001800537,-0.09799834340810776,open_palm,RRQ_p14,RRQ
0.4366118013858795,0.8112543821334839,5.134745038049005e-07,0.5256794691085815,0.7756873965263367,-0.04323120787739754,0.5992922186851501,0.6980412006378174,-0.06640563905239105,0.653174102306366,0.6276389360427856,-0.08615938574075699,0.6961023807525635,0.5722532272338867,-0.10627375543117523,0.5393764972686768,0.5192467570304871,-0.05179799720644951,0.5535529851913452,0.3898979425430298,-0.08013056963682175,0.5518040060997009,0.3062550723552704,-0.10011393576860428,0.5450525879859924,0.23772355914115906,-0.11537403613328934,0.4842187464237213,0.5051853656768799,-0.054892346262931824,0.4882102608680725,0.36061450839042664,-0.08032432198524475,0.4819990396499634,0.26728349924087524,-0.10050223022699356,0.47082018852233887,0.19194623827934265,-0.11581640690565109,0.4308409094810486,0.5241111516952515,-0.062347378581762314,0.4259036183357239,0.39088529348373413,-0.09044809639453888,0.4245505928993225,0.30659377574920654,-0.11321024596691132,0.4214856028556824,0.23744899034500122,-0.1297360360622406,0.3775218427181244,0.5702033042907715,-0.07342816889286041,0.3313021659851074,0.49111536145210266,-0.10671396553516388,0.29991376399993896,0.43460285663604736,-0.12613284587860107,0.2735756039619446,0.38209623098373413,-0.13808970153331757,open_palm,RRQ_p14,RRQ
0.6685956120491028,0.7647010087966919,3.4478483712518937e-07,0.7493199110031128,0.748896062374115,-0.035088345408439636,0.8207168579101562,0.6782774925231934,-0.05195876210927963,0.8787740468978882,0.6175141930580139,-0.06656546145677567,0.923507571220398,0.5728359818458557,-0.08159127831459045,0.7979217171669006,0.5162779688835144,-0.043285053223371506,0.8291469812393188,0.40144720673561096,-0.06988034397363663,0.8388985395431519,0.3269532322883606,-0.08902132511138916,0.8426021933555603,0.2629223167896271,-0.10418400168418884,0.7547340989112854,0.4936501681804657,-0.0480789914727211,0.7778172492980957,0.36516624689102173,-0.0736771672964096,0.7878263592720032,0.2782615125179291,-0.09465360641479492,0.7906873226165771,0.2068556845188141,-0.11072197556495667,0.7080907225608826,0.502876341342926,-0.056641027331352234,0.7179901003837585,0.37974387407302856,-0.08415248245000839,0.7224610447883606,0.30267274379730225,-0.10683448612689972,0.7251878976821899,0.23653078079223633,-0.12355692684650421,0.6595371961593628,0.5373679399490356,-0.06803478300571442,0.6305677890777588,0.45924946665763855,-0.10053897649049759,0.6106175780296326,0.3995403051376343,-0.12046551704406738,0.5953112840652466,0.3414815366268158,-0.13341037929058075,open_palm,RRQ_p14,RRQ
0.5166400671005249,0.8035140633583069,2.105017671283349e-07,0.6040849685668945,0.7752468585968018,-0.03149383142590523,0.6693339347839355,0.6913838386535645,-0.05090264976024628,0.7151049375534058,0.6151059865951538,-0.06859110295772552,0.7554428577423096,0.5574589371681213,-0.08814730495214462,0.6308534741401672,0.5299800038337708,-0.0474996380507946,0.6309155821800232,0.4000685214996338,-0.0830482468008995,0.6185749769210815,0.3213627338409424,-0.10950548201799393,0.6033016443252563,0.2562327980995178,-0.12789565324783325,0.5828359723091125,0.5256298780441284,-0.055005140602588654,0.5776658058166504,0.3791326880455017,-0.08819982409477234,0.5661592483520508,0.2885202169418335,-0.11366371810436249,0.5514286756515503,0.21189242601394653,-0.13219603896141052,0.5364876985549927,0.5489029288291931,-0.06552878022193909,0.5308660864830017,0.41295325756073,-0.09576146304607391,0.52623450756073,0.3303661644458771,-0.11193323135375977,0.5192838907241821,0.25742751359939575,-0.12276184558868408,0.4894675612449646,0.5914619565010071,-0.07863592356443405,0.4817313551902771,0.485790491104126,-0.10632205009460449,0.48393017053604126,0.4187660813331604,-0.11721991747617722,0.4860450029373169,0.35503384470939636,-0.1235211193561554,open_palm,RRQ_p14,RRQ
0.28602904081344604,0.8274368643760681,4.1804753436736064e-07,0.36416253447532654,0.7724393606185913,-0.04405665770173073,0.41763535141944885,0.6686732172966003,-0.06454519927501678,0.42700058221817017,0.5663774013519287,-0.08121926337480545,0.3999069631099701,0.48232412338256836,-0.09799697250127792,0.3538092076778412,0.49882927536964417,-0.044029902666807175,0.3384551405906677,0.3638777434825897,-0.07789888978004456,0.3194485008716583,0.28638970851898193,-0.10426981002092361,0.29907941818237305,0.22151991724967957,-0.12157392501831055,0.29740414023399353,0.5005428194999695,-0.044450875371694565,0.27705278992652893,0.34822744131088257,-0.07427791506052017,0.2592567205429077,0.2547334134578705,-0.09913073480129242,0.24048805236816406,0.17824769020080566,-0.11655580997467041,0.2484576404094696,0.5290921330451965,-0.04977015033364296,0.22716985642910004,0.3962615728378296,-0.0756569504737854,0.220878005027771,0.3090454936027527,-0.09145756810903549,0.21550899744033813,0.23441076278686523,-0.10208070278167725,0.20065927505493164,0.5784204006195068,-0.05955319479107857,0.18439966440200806,0.47254952788352966,-0.08234217017889023,0.18354381620883942,0.40193605422973633,-0.09124251455068588,0.18554283678531647,0.3370850086212158,-0.09629710763692856,open_palm,RRQ_p14,RRQ
0.2653219699859619,0.7973434925079346,4.061711251779343e-07,0.3485431671142578,0.7460105419158936,-0.04462738707661629,0.41291525959968567,0.6458714604377747,-0.06571114808320999,0.4263153076171875,0.5438413619995117,-0.08292271941900253,0.3998554050922394,0.4583902060985565,-0.10070191323757172,0.35325944423675537,0.47151172161102295,-0.04638110101222992,0.34307730197906494,0.33176347613334656,-0.08179551362991333,0.3272649943828583,0.2499106228351593,-0.10939457267522812,0.30991408228874207,0.18004688620567322,-0.12764422595500946,0.2970048487186432,0.46898847818374634,-0.04794942960143089,0.28332066535949707,0.3106471300125122,-0.07976944744586945,0.268809050321579,0.21066942811012268,-0.10664631426334381,0.2520177364349365,0.1276455521583557,-0.12548431754112244,0.24674436450004578,0.49403977394104004,-0.05433288589119911,0.23240482807159424,0.3536790609359741,-0.08240026235580444,0.22909189760684967,0.2600821256637573,-0.1001196876168251,0.22589628398418427,0.17891442775726318,-0.11191354691982269,0.19596320390701294,0.539914608001709,-0.065104641020298,0.18440747261047363,0.4277329444885254,-0.08998741209506989,0.18613064289093018,0.35391369462013245,-0.09986215829849243,0.19008192420005798,0.28579074144363403,-0.10545004159212112,open_palm,RRQ_p14,RRQ
0.7105312943458557,0.7495300769805908,1.457868705756482e-07,0.7848244309425354,0.7114735245704651,-0.0330735482275486,0.8343788981437683,0.6195500493049622,-0.0524919331073761,0.8570799231529236,0.5317296385765076,-0.06989619880914688,0.8565117716789246,0.4508914053440094,-0.08811412006616592,0.8131446838378906,0.46815165877342224,-0.04456770792603493,0.8156283497810364,0.3404766321182251,-0.08193819224834442,0.8003600835800171,0.26695430278778076,-0.11113565415143967,0.7794020771980286,0.2046310305595398,-0.13100796937942505,0.7707442045211792,0.4641859531402588,-0.050894103944301605,0.7654547095298767,0.3198823630809784,-0.08352848142385483,0.7487562298774719,0.2342383861541748,-0.10884832590818405,0.727048933506012,0.16169291734695435,-0.12787775695323944,0.7281885147094727,0.48823490738868713,-0.06113128736615181,0.7220433354377747,0.3574844002723694,-0.09007779508829117,0.7133671641349792,0.2781076431274414,-0.10603437572717667,0.699937105178833,0.20649582147598267,-0.11769833415746689,0.6842653155326843,0.5320897698402405,-0.07447916269302368,0.681890070438385,0.4341300129890442,-0.10173038393259048,0.6822165250778198,0.3678986132144928,-0.11356248706579208,0.6791322231292725,0.30297502875328064,-0.12135510891675949,open_palm,RRQ_p14,RRQ
0.568182647228241,0.8093512058258057,2.3451320885214955e-07,0.6538152694702148,0.7784750461578369,-0.04043101891875267,0.7151017785072327,0.6911860704421997,-0.06405568867921829,0.7398228049278259,0.6011778116226196,-0.08457018435001373,0.7369699478149414,0.516928493976593,-0.10599740594625473,0.6850000619888306,0.5218538641929626,-0.05364982783794403,0.6857706904411316,0.3844551742076874,-0.0942714661359787,0.6715973019599915,0.30311429500579834,-0.1253006011247635,0.652698814868927,0.2355172336101532,-0.14591705799102783,0.6323626041412354,0.5146127343177795,-0.05794438347220421,0.6262733340263367,0.36002373695373535,-0.09339328855276108,0.6119762659072876,0.2664157748222351,-0.12095412611961365,0.5937849283218384,0.18780416250228882,-0.1409246027469635,0.5823796987533569,0.5360748767852783,-0.06635305285453796,0.5748946666717529,0.3969261646270752,-0.09697409719228745,0.5702598690986633,0.30876365303993225,-0.11361762881278992,0.5634414553642273,0.23123979568481445,-0.12529391050338745,0.5321879982948303,0.5788376927375793,-0.07847282290458679,0.5265131592750549,0.4703754186630249,-0.10604256391525269,0.5297552943229675,0.3996821641921997,-0.11705057322978973,0.533057451248169,0.3328990936279297,-0.12379515916109085,open_palm,RRQ_p14,RRQ
0.5028311610221863,0.6247279644012451,-2.0620491625322757e-07,0.45941752195358276,0.4944210648536682,0.006818756926804781,0.38728174567222595,0.38968560099601746,-0.003594848560169339,0.3452671468257904,0.2884863615036011,-0.017305731773376465,0.34331661462783813,0.19830986857414246,-0.03234795853495598,0.26845723390579224,0.4053677022457123,-0.009589911438524723,0.19029664993286133,0.4556216299533844,-0.013083643279969692,0.22453394532203674,0.48194998502731323,-0.02235541120171547,0.26627856492996216,0.47951674461364746,-0.028979787603020668,0.2538517713546753,0.488666832447052,-0.017332764342427254,0.21647104620933533,0.532001256942749,-0.005838635843247175,0.2520684003829956,0.5430300235748291,-0.005362448748201132,0.28935930132865906,0.535840630531311,-0.010249205864965916,0.2556542754173279,0.5775735974311829,-0.02203875407576561,0.23782873153686523,0.5912247896194458,-0.006905634421855211,0.2687489986419678,0.5982843041419983,0.00032362283673137426,0.30420467257499695,0.5958550572395325,-0.0009367906604893506,0.26419687271118164,0.6583536267280579,-0.026954250410199165,0.2537924647331238,0.6482567191123962,-0.013349858112633228,0.28763288259506226,0.6557375192642212,0.0007714754901826382,0.31722038984298706,0.6572668552398682,0.010943292640149593,thumbs_up,RRQ_p14,RRQ
0.7484397888183594,0.6126189231872559,-2.8638083904297673e-07,0.7105778455734253,0.4937921464443207,0.00405469024553895,0.6490269899368286,0.3905494213104248,-0.008137033320963383,0.6203837990760803,0.2977333068847656,-0.023446522653102875,0.628995418548584,0.2151150405406952,-0.039327848702669144,0.570344865322113,0.3970983028411865,-0.023576276376843452,0.47901222109794617,0.43978774547576904,-0.04033374786376953,0.5086317658424377,0.4716510772705078,-0.05055341124534607,0.5482412576675415,0.4667041301727295,-0.0558268204331398,0.558899462223053,0.47470563650131226,-0.03379620611667633,0.4912649691104889,0.5231062173843384,-0.04202600568532944,0.5250279903411865,0.5432137846946716,-0.03927815705537796,0.5615103244781494,0.5301538705825806,-0.038598719984292984,0.5556992292404175,0.5550714135169983,-0.04247090220451355,0.5049289464950562,0.5830474495887756,-0.04556968808174133,0.5362215042114258,0.6002092957496643,-0.03282998129725456,0.5716625452041626,0.5923810005187988,-0.02603464014828205,0.5595753192901611,0.6287157535552979,-0.05121994391083717,0.5264915823936462,0.6391438245773315,-0.050521768629550934,0.5605620741844177,0.6531495451927185,-0.03648200258612633,0.5930250883102417,0.6503086090087891,-0.024684889242053032,thumbs_up,RRQ_p14,RRQ
0.7832950353622437,0.5253325700759888,-3.4267077353433706e-07,0.7518616914749146,0.4197187125682831,-0.004033657256513834,0.6851291656494141,0.31062477827072144,-0.020885249599814415,0.6594170928001404,0.21690312027931213,-0.03870271518826485,0.6803128123283386,0.14257961511611938,-0.05494203045964241,0.6343643069267273,0.3087002635002136,-0.05079145357012749,0.5205166935920715,0.3551310896873474,-0.08673731237649918,0.555465579032898,0.383539080619812,-0.10094503313302994,0.5981715321540833,0.3755475878715515,-0.10550639778375626,0.6266090273857117,0.3900436758995056,-0.06127006560564041,0.5287954807281494,0.4494262635707855,-0.09416217356920242,0.5745620727539062,0.4648226499557495,-0.08919813483953476,0.6168137788772583,0.4477646052837372,-0.0821431428194046,0.621891438961029,0.4724782705307007,-0.07182927429676056,0.5440341830253601,0.5168170928955078,-0.09599016606807709,0.586979329586029,0.5291484594345093,-0.0764513611793518,0.6267310976982117,0.5138605833053589,-0.06021348387002945,0.6213902235031128,0.5483142733573914,-0.08280002325773239,0.5700847506523132,0.5756312608718872,-0.09662852436304092,0.6116454005241394,0.5857505798339844,-0.08296173065900803,0.6466797590255737,0.5743135809898376,-0.06939419358968735,thumbs_up,RRQ_p14,RRQ
0.6806256771087646,0.7304791212081909,-7.293011776710046e-07,0.661395788192749,0.5866909027099609,-0.045185260474681854,0.6941549181938171,0.44708898663520813,-0.06071753427386284,0.7267807722091675,0.36040645837783813,-0.06851349025964737,0.7585169672966003,0.29112085700035095,-0.06669791042804718,0.8383480310440063,0.46431928873062134,-0.03704686835408211,0.7201082706451416,0.44839659333229065,-0.0753709077835083,0.6929189562797546,0.49537208676338196,-0.09709402918815613,0.7253191471099854,0.5180108547210693,-0.11020942032337189,0.8559724688529968,0.548908531665802,-0.032960742712020874,0.7055805921554565,0.5458849668502808,-0.06841843575239182,0.6896674633026123,0.5810675621032715,-0.07631543278694153,0.7304993271827698,0.5936357975006104,-0.07877945154905319,0.8465486168861389,0.6395976543426514,-0.03623931109905243,0.7021679878234863,0.6373153924942017,-0.07276038825511932,0.6909656524658203,0.6604976058006287,-0.06578664481639862,0.7268651127815247,0.6674397587776184,-0.056040987372398376,0.8230184316635132,0.7220804691314697,-0.04507829248905182,0.709091305732727,0.7174123525619507,-0.07524152845144272,0.7011125683784485,0.7280451655387878,-0.07798286527395248,0.7350450754165649,0.7318500280380249,-0.07323410362005234,thumbs_up,RRQ_p14,RRQ
0.37185776233673096,0.7286806702613831,-5.348606464394834e-07,0.35780784487724304,0.6033003330230713,-0.0570329949259758,0.3682597875595093,0.4762367606163025,-0.0862010270357132,0.390988826751709,0.3852565288543701,-0.1035865843296051,0.43552976846694946,0.3042052090167999,-0.11187824606895447,0.45893484354019165,0.5201969146728516,-0.09342789649963379,0.2959654629230499,0.5014428496360779,-0.1378394365310669,0.3028196692466736,0.5322765707969666,-0.15346771478652954,0.3516571521759033,0.5463644862174988,-0.160262331366539,0.4638864994049072,0.6094314455986023,-0.08688480406999588,0.2652033269405365,0.6125735640525818,-0.1246633380651474,0.2983740270137787,0.6304561495780945,-0.12474381178617477,0.3556457757949829,0.6368427276611328,-0.12646940350532532,0.45112165808677673,0.7057629227638245,-0.08563651144504547,0.264834463596344,0.7074653506278992,-0.12127449363470078,0.29875731468200684,0.7085587978363037,-0.1050242930650711,0.3519522547721863,0.7051995992660522,-0.09280389547348022,0.42844057083129883,0.7984545826911926,-0.09151104837656021,0.28775227069854736,0.7924537658691406,-0.12608841061592102,0.3132932186126709,0.7808940410614014,-0.12929952144622803,0.3639809191226959,0.7740463018417358,-0.1270168423652649,thumbs_up,RRQ_p14,RRQ
0.5340322256088257,0.699154257774353,-3.7799293295393e-07,0.5035262107849121,0.6143908500671387,-0.013887248001992702,0.4903327226638794,0.5321128368377686,-0.028486382216215134,0.4947725236415863,0.4693717062473297,-0.04141431301832199,0.5153272747993469,0.4201844036579132,-0.05426006019115448,0.5295304656028748,0.5412890315055847,-0.046129342168569565,0.4513870179653168,0.5437001585960388,-0.06933725625276566,0.45870572328567505,0.5727912783622742,-0.07615618407726288,0.48269450664520264,0.5758016109466553,-0.0790368989109993,0.5323145389556885,0.5949767231941223,-0.05112546682357788,0.44413021206855774,0.5972921252250671,-0.07254510372877121,0.4593629837036133,0.6175059676170349,-0.06871553510427475,0.4858055114746094,0.6201218366622925,-0.06742409616708755,0.5288434028625488,0.6444312334060669,-0.05695734918117523,0.44669708609580994,0.6439220309257507,-0.07705099135637283,0.4618927836418152,0.6577675342559814,-0.06571751832962036,0.4885232448577881,0.6587081551551819,-0.05803246423602104,0.5226624011993408,0.6885302066802979,-0.06371311843395233,0.45726460218429565,0.6841211318969727,-0.07708150148391724,0.4711684584617615,0.6904003620147705,-0.07106317579746246,0.497360497713089,0.6926279067993164,-0.06598718464374542,thumbs_up,RRQ_p14,RRQ
0.5076906085014343,0.6736147999763489,-4.3575025188147265e-07,0.5208792686462402,0.6123419404029846,-0.01579974964261055,0.5568073987960815,0.549689769744873,-0.022224778309464455,0.5808847546577454,0.5032622218132019,-0.029808834195137024,0.5943209528923035,0.46906304359436035,-0.03241585195064545,0.6142488121986389,0.5878753066062927,1.2965638234163634e-05,0.6449625492095947,0.5678474307060242,-0.024377543479204178,0.6080085635185242,0.577213704586029,-0.03349680081009865,0.5976234674453735,0.5877962708473206,-0.03636369854211807,0.6178479790687561,0.6287820339202881,-0.0022718668915331364,0.634842038154602,0.613123893737793,-0.028408536687493324,0.586920440196991,0.6158826351165771,-0.028753163293004036,0.5890191793441772,0.6243399381637573,-0.022528469562530518,0.6140332221984863,0.6694345474243164,-0.00998431071639061,0.6272493600845337,0.6584654450416565,-0.03537779301404953,0.5838267207145691,0.6533363461494446,-0.023342322558164597,0.5848588943481445,0.6603657603263855,-0.008774889633059502,0.6063193678855896,0.7090303897857666,-0.019588397815823555,0.6170746684074402,0.7004903554916382,-0.030374789610505104,0.5869820713996887,0.687623143196106,-0.019656917080283165,0.5829105973243713,0.6906956434249878,-0.00833125039935112,thumbs_up,RRQ_p14,RRQ
0.2744821310043335,0.7151926755905151,-2.9093615694364416e-07,0.3169243633747101,0.6259739995002747,-0.052844468504190445,0.32728299498558044,0.512515664100647,-0.08282680809497833,0.32165512442588806,0.4171653389930725,-0.10421881079673767,0.3036951422691345,0.3305143117904663,-0.1210465058684349,0.20785365998744965,0.5243184566497803,-0.0963480994105339,0.35222676396369934,0.5938177704811096,-0.14115937054157257,0.3595646023750305,0.6042435169219971,-0.16305570304393768,0.33155718445777893,0.5872665047645569,-0.17780496180057526,0.17284776270389557,0.6177141666412354,-0.09036469459533691,0.3454936146736145,0.6808550357818604,-0.11993221938610077,0.32360702753067017,0.6664876341819763,-0.11672989279031754,0.2783662974834442,0.6446380615234375,-0.12025433778762817,0.16659240424633026,0.708889901638031,-0.08823218941688538,0.3200894594192505,0.7621581554412842,-0.11195531487464905,0.30357176065444946,0.7418333888053894,-0.0854380652308464,0.26096928119659424,0.7127129435539246,-0.0697224885225296,0.1745225489139557,0.7973588109016418,-0.09434951096773148,0.2900328040122986,0.8291823267936707,-0.12048923224210739,0.2794715166091919,0.8056641221046448,-0.11422047764062881,0.24215742945671082,0.7824973464012146,-0.10652346163988113,thumbs_up,RRQ_p14,RRQ
0.6351275444030762,0.723899245262146,-2.6330155833420577e-07,0.6811308860778809,0.6087101101875305,-0.02331801876425743,0.7100714445114136,0.49547040462493896,-0.048669829964637756,0.7099882364273071,0.41428685188293457,-0.07239755988121033,0.6900899410247803,0.33787429332733154,-0.09231897443532944,0.6623028516769409,0.4976426064968109,-0.07519809156656265,0.7845684289932251,0.508007824420929,-0.1187903955578804,0.7765350937843323,0.5390132069587708,-0.13682638108730316,0.7425001263618469,0.5348942279815674,-0.14769509434700012,0.6510598659515381,0.5762374997138977,-0.08583792299032211,0.7978008985519409,0.5878850817680359,-0.1210448369383812,0.7733393311500549,0.6113619208335876,-0.11830321699380875,0.7330438494682312,0.608651340007782,-0.12127158790826797,0.6524854898452759,0.6542222499847412,-0.09832877665758133,0.7908854484558105,0.6580320000648499,-0.12792760133743286,0.761505126953125,0.6768676042556763,-0.11212676018476486,0.7239487171173096,0.676547110080719,-0.10462377220392227,0.6609325408935547,0.7231149673461914,-0.11336245387792587,0.7691599726676941,0.7234947681427002,-0.13067272305488586,0.7475540041923523,0.7292553782463074,-0.12239968031644821,0.7101281881332397,0.7294074892997742,-0.11942533403635025,thumbs_up,RRQ_p14,RRQ
0.6165427565574646,0.714074969291687,-3.7331562907638727e-07,0.6572902798652649,0.6239305138587952,-0.0008446004358120263,0.7032591104507446,0.5522907376289368,-0.01740526780486107,0.7324814200401306,0.4782101511955261,-0.03521981090307236,0.7309791445732117,0.4108390510082245,-0.05075941979885101,0.798936128616333,0.5859339833259583,-0.017274614423513412,0.8333460092544556,0.6337258815765381,-0.018696947023272514,0.8056468963623047,0.6532354354858398,-0.01845502108335495,0.7779674530029297,0.6459834575653076,-0.01992644928395748,0.8039451837539673,0.6541276574134827,-0.024824904277920723,0.8214868903160095,0.6917718052864075,-0.014900668524205685,0.7915486097335815,0.701775074005127,-0.009985513053834438,0.7631251811981201,0.6911071538925171,-0.012892751023173332,0.7960086464881897,0.7218644618988037,-0.030304746702313423,0.8043678998947144,0.7457675337791443,-0.016847554594278336,0.7788689136505127,0.7502777576446533,-0.005878347437828779,0.7506838440895081,0.7377612590789795,-0.00624230457469821,0.7821579575538635,0.7836410999298096,-0.036489732563495636,0.7840656042098999,0.797481894493103,-0.024587741121649742,0.7583763599395752,0.794734001159668,-0.010959330014884472,0.7346250414848328,0.7801999449729919,-0.003995278384536505,thumbs_up,RRQ_p14,RRQ
0.10433265566825867,0.6914732456207275,-3.6739325537382683e-07,0.14649365842342377,0.5942407846450806,-0.0038431815337389708,0.20776614546775818,0.5067281126976013,-0.01826409623026848,0.23556584119796753,0.4227277636528015,-0.033710479736328125,0.22711646556854248,0.35211095213890076,-0.04645194485783577,0.27038514614105225,0.5457519888877869,-0.02686077170073986,0.3479759097099304,0.5801173448562622,-0.04079034551978111,0.3164602518081665,0.5945278406143188,-0.04581816494464874,0.28184670209884644,0.5868003368377686,-0.04826809838414192,0.26909294724464417,0.6177496910095215,-0.035933010280132294,0.3383869528770447,0.6421879529953003,-0.037799011915922165,0.30576708912849426,0.6476809978485107,-0.03154360130429268,0.2717527151107788,0.6414449214935303,-0.030701972544193268,0.2602565586566925,0.6896988749504089,-0.044258181005716324,0.32138457894325256,0.7013051509857178,-0.04147718474268913,0.2910935878753662,0.7049177885055542,-0.02444746345281601,0.25804755091667175,0.7004982233047485,-0.017576830461621284,0.2461472600698471,0.7547815442085266,-0.05302239581942558,0.29390326142311096,0.7560998201370239,-0.04610511660575867,0.2680564820766449,0.7537686824798584,-0.02681729383766651,0.24120038747787476,0.7493669986724854,-0.015267286449670792,thumbs_up,RRQ_p14,RRQ
0.3716925382614136,0.8144930601119995,-2.1467745625614043e-07,0.36000242829322815,0.7250593900680542,-0.051234982907772064,0.3050587475299835,0.6468393802642822,-0.07930908352136612,0.24818268418312073,0.5992547273635864,-0.09823236614465714,0.19443176686763763,0.5620076656341553,-0.11328063905239105,0.25413647294044495,0.7492194175720215,-0.09935356676578522,0.3529575765132904,0.6810393333435059,-0.14088039100170135,0.3509555160999298,0.6937227249145508,-0.15914779901504517,0.32328101992607117,0.7173594236373901,-0.1706736981868744,0.2743377983570099,0.8448152542114258,-0.08947132527828217,0.405040979385376,0.7407885193824768,-0.11497131735086441,0.3769250810146332,0.7519508600234985,-0.10730632394552231,0.3356366753578186,0.7830480933189392,-0.1061735600233078,0.3141542077064514,0.907691478729248,-0.08244504779577255,0.4287453889846802,0.806850016117096,-0.10363607853651047,0.4046298563480377,0.8132730722427368,-0.07407549023628235,0.3646560609340668,0.8402509689331055,-0.05452318489551544,0.35924023389816284,0.9565767049789429,-0.08300669491291046,0.4423617422580719,0.8762223124504089,-0.10834817588329315,0.4226735532283783,0.8706508874893188,-0.10124218463897705,0.3873034715652466,0.8891109824180603,-0.09132730215787888,thumbs_up,RRQ_p14,RRQ
0.690930962562561,0.6690975427627563,-2.8379761829455674e-07,0.7249688506126404,0.5840099453926086,-0.020380724221467972,0.7800461649894714,0.4747198224067688,-0.04870777204632759,0.7984562516212463,0.38682082295417786,-0.07419566065073013,0.7896537184715271,0.3052864670753479,-0.09501614421606064,0.7744957208633423,0.4852369427680969,-0.09278925508260727,0.9003976583480835,0.4918643534183502,-0.13959036767482758,0.874204158782959,0.5257434248924255,-0.1557861715555191,0.8315906524658203,0.5258878469467163,-0.16150330007076263,0.7602034211158752,0.5574601292610168,-0.10339359939098358,0.899945855140686,0.5737050175666809,-0.140274316072464,0.8635550141334534,0.5941429734230042,-0.13327214121818542,0.8168115615844727,0.5923985838890076,-0.12860630452632904,0.7554240822792053,0.6344166994094849,-0.11384546756744385,0.8835448026657104,0.6495152711868286,-0.1377047300338745,0.8463918566703796,0.6590259671211243,-0.11342747509479523,0.8042200803756714,0.6544117331504822,-0.09863710403442383,0.7567340135574341,0.7088842391967773,-0.1258445829153061,0.857910692691803,0.714192271232605,-0.135810986161232,0.8291168808937073,0.7159650325775146,-0.1177111491560936,0.7888312935829163,0.7119124531745911,-0.1067938506603241,thumbs_up,RRQ_p14,RRQ
0.43066492676734924,0.772239089012146,-1.9226364145197294e-07,0.4664261043071747,0.6876630783081055,-0.050127893686294556,0.45618847012519836,0.5700694918632507,-0.072166308760643,0.4343152344226837,0.4886665642261505,-0.08673381805419922,0.416745126247406,0.4181472957134247,-0.0957169309258461,0.3591497540473938,0.6188499331474304,-0.07782769203186035,0.4505426585674286,0.6425772905349731,-0.11698894202709198,0.45027604699134827,0.6420336365699768,-0.13419058918952942,0.423861563205719,0.6302868127822876,-0.14314137399196625,0.32558876276016235,0.7083691358566284,-0.06686844676733017,0.47534969449043274,0.7409942746162415,-0.08896593004465103,0.45277807116508484,0.7172960638999939,-0.08075416088104248,0.4063328802585602,0.7012404799461365,-0.0769905298948288,0.32746684551239014,0.791822612285614,-0.060714952647686005,0.4631865620613098,0.8109027147293091,-0.08366921544075012,0.44358837604522705,0.7944868803024292,-0.05620190501213074,0.3998430669307709,0.7844202518463135,-0.03463667258620262,0.34041935205459595,0.869496762752533,-0.06189063936471939,0.4407639503479004,0.8773140907287598,-0.08862537890672684,0.42961594462394714,0.8606424927711487,-0.08268940448760986,0.39521878957748413,0.8525566458702087,-0.07104558497667313,thumbs_up,RRQ_p14,RRQ
0.39602887630462646,0.7415062189102173,-4.217205287204706e-07,0.3606581687927246,0.6387549042701721,-0.029846595600247383,0.28785625100135803,0.5470179319381714,-0.04903862997889519,0.24411378800868988,0.47357288002967834,-0.06830275803804398,0.22042003273963928,0.41311559081077576,-0.07796014845371246,0.18835695087909698,0.6240684390068054,-0.02231997810304165,0.14800295233726501,0.5748591423034668,-0.060851894319057465,0.21690165996551514,0.5945553779602051,-0.07037920504808426,0.22779636085033417,0.6206249594688416,-0.0739530622959137,0.1789490282535553,0.7067124843597412,-0.02658062055706978,0.1607697308063507,0.6587960720062256,-0.06564272940158844,0.24640582501888275,0.6662400364875793,-0.06291083991527557,0.23262938857078552,0.6840646862983704,-0.05421653762459755,0.1894414871931076,0.7829316854476929,-0.03743418678641319,0.1784842610359192,0.7526066899299622,-0.0727107971906662,0.24820156395435333,0.7430670261383057,-0.048827316612005234,0.23754730820655823,0.7568591833114624,-0.027754632756114006,0.20783136785030365,0.853131115436554,-0.05171598121523857,0.20876094698905945,0.8415272235870361,-0.06902007758617401,0.25098147988319397,0.8166198134422302,-0.05020928010344505,0.2466599941253662,0.8199267983436584,-0.03266843408346176,thumbs_up,RRQ_p14,RRQ
0.34410884976387024,0.8363620042800903,1.353434413431387e-06,0.25841984152793884,0.7937551736831665,-0.028853578492999077,0.19505956768989563,0.7072863578796387,-0.05675762891769409,0.2223850041627884,0.6398165225982666,-0.08820593357086182,0.2727333903312683,0.5849775075912476,-0.11839093267917633,0.20106419920921326,0.4844263195991516,-0.061941832304000854,0.15466445684432983,0.32789212465286255,-0.10218288004398346,0.132167786359787,0.22962114214897156,-0.12062380462884903,0.12064428627490997,0.1433374285697937,-0.13106583058834076,0.2790013253688812,0.4712955057621002,-0.07874507457017899,0.3003920018672943,0.29977789521217346,-0.12423399090766907,0.32244402170181274,0.18402990698814392,-0.148479625582695,0.34652525186538696,0.09003034234046936,-0.15813495218753815,0.3463258445262909,0.5076871514320374,-0.09632128477096558,0.3329889476299286,0.5481433272361755,-0.1466628760099411,0.2898804843425751,0.6533669829368591,-0.15133343636989594,0.26497188210487366,0.7222903370857239,-0.13966040313243866,0.3942206799983978,0.5705640912055969,-0.11659489572048187,0.36140573024749756,0.6341311931610107,-0.14811575412750244,0.31947916746139526,0.711624026298523,-0.14033381640911102,0.29105329513549805,0.7660162448883057,-0.12544307112693787,peace_sign,RRQ_p14,RRQ
0.5990105271339417,0.8703558444976807,1.3067630106888828e-06,0.5447325110435486,0.8131158947944641,-0.05535028502345085,0.5243834853172302,0.7194255590438843,-0.09155131876468658,0.5767224431037903,0.6452524065971375,-0.12656021118164062,0.6300154328346252,0.5885803699493408,-0.1570228934288025,0.5208080410957336,0.5063003897666931,-0.06804223358631134,0.4870259463787079,0.34396421909332275,-0.11985158175230026,0.47316721081733704,0.2403205931186676,-0.14639823138713837,0.4651404917240143,0.15063703060150146,-0.16049420833587646,0.5913566946983337,0.503609836101532,-0.07582234591245651,0.613082766532898,0.32420212030410767,-0.1313505619764328,0.6414386630058289,0.20931071043014526,-0.15800797939300537,0.6681439280509949,0.11064779758453369,-0.1664849817752838,0.6513891816139221,0.5510531067848206,-0.08920886367559433,0.6756384968757629,0.5517276525497437,-0.15857605636119843,0.640528678894043,0.6573308110237122,-0.16394880414009094,0.6133356094360352,0.7206499576568604,-0.14635373651981354,0.6950379610061646,0.6246989965438843,-0.1073872447013855,0.7045867443084717,0.6477571129798889,-0.15646827220916748,0.6648398637771606,0.7240188121795654,-0.15094152092933655,0.6288372278213501,0.772070050239563,-0.13353696465492249,peace_sign,RRQ_p14,RRQ
0.7463282942771912,0.8943976163864136,1.0707988167268923e-06,0.7040127515792847,0.839809775352478,-0.07717344909906387,0.7051884531974792,0.7418121695518494,-0.11723385751247406,0.7855539917945862,0.6725097894668579,-0.15082210302352905,0.8521950840950012,0.6146795749664307,-0.1789870411157608,0.7076934576034546,0.5375366806983948,-0.07750977575778961,0.6922054290771484,0.3738980293273926,-0.1294632852077484,0.6863450407981873,0.2667320966720581,-0.15689674019813538,0.6821630001068115,0.17250293493270874,-0.17134611308574677,0.7773762345314026,0.539023756980896,-0.07378847897052765,0.791944146156311,0.3609043061733246,-0.12848635017871857,0.8094238042831421,0.2495320737361908,-0.15235494077205658,0.8239127993583679,0.1508609652519226,-0.15824930369853973,0.8349090814590454,0.589047372341156,-0.07868625968694687,0.8789107203483582,0.5822733640670776,-0.1539347916841507,0.8445181250572205,0.6868020296096802,-0.1620977818965912,0.8098768591880798,0.7464087605476379,-0.14428222179412842,0.8768870234489441,0.6624749302864075,-0.08989126235246658,0.9072317481040955,0.6762027740478516,-0.1472683697938919,0.8637531995773315,0.7514287233352661,-0.14762067794799805,0.8172396421432495,0.7935491800308228,-0.13308055698871613,peace_sign,RRQ_p14,RRQ
0.7622144818305969,0.7989752292633057,8.993992537398299e-07,0.804391086101532,0.6592075824737549,0.029488692060112953,0.7807188630104065,0.5317564010620117,0.031504951417446136,0.7153707146644592,0.47645312547683716,0.02664678730070591,0.6593534350395203,0.46260687708854675,0.01988731138408184,0.7927861213684082,0.46267932653427124,-0.010909655131399632,0.79011470079422,0.300239235162735,-0.027550792321562767,0.7969667911529541,0.20400738716125488,-0.03392259031534195,0.8043018579483032,0.13199755549430847,-0.033410776406526566,0.7304316163063049,0.4745892286300659,-0.028505166992545128,0.6779442429542542,0.3077753186225891,-0.041948139667510986,0.654365062713623,0.20667314529418945,-0.04698292911052704,0.6374608874320984,0.13307666778564453,-0.04759752005338669,0.6760678887367249,0.5062196254730225,-0.03947219252586365,0.6369134187698364,0.44966909289360046,-0.03741755709052086,0.6561286449432373,0.4908621609210968,-0.025015156716108322,0.6696041822433472,0.5309863090515137,-0.011846055276691914,0.6332978010177612,0.5474435687065125,-0.0486590676009655,0.6240811347961426,0.5048304796218872,-0.030500298365950584,0.6418684720993042,0.5382147431373596,-0.006395805161446333,0.6572527289390564,0.572110116481781,0.014033541083335876,peace_sign,RRQ_p14,RRQ
0.4325129985809326,0.7937622666358948,9.869505674942047e-07,0.4662025570869446,0.6605756282806396,0.01920420490205288,0.4423202574253082,0.5488033890724182,0.019659554585814476,0.3917452394962311,0.5005967617034912,0.014815169386565685,0.3424004316329956,0.48857617378234863,0.007239848375320435,0.43560370802879333,0.4592452049255371,-0.015773875638842583,0.4385104477405548,0.29864493012428284,-0.0354967825114727,0.4382466673851013,0.19986650347709656,-0.045407555997371674,0.4348072409629822,0.12631341814994812,-0.0464446023106575,0.3712168335914612,0.469293475151062,-0.027878902852535248,0.33017420768737793,0.3090158700942993,-0.03761427849531174,0.30047714710235596,0.21270227432250977,-0.04142134264111519,0.27289992570877075,0.14601588249206543,-0.040758948773145676,0.31746235489845276,0.5076063275337219,-0.03528505191206932,0.2841809093952179,0.4723973572254181,-0.03527277708053589,0.30636417865753174,0.5101467967033386,-0.030473953112959862,0.32595396041870117,0.5527887940406799,-0.021427834406495094,0.27548128366470337,0.5592129230499268,-0.04126768186688423,0.26133888959884644,0.542843759059906,-0.028284024447202682,0.27750158309936523,0.576373815536499,-0.010429716669023037,0.294492244720459,0.6122916340827942,0.00695235887542367,peace_sign,RRQ_p14,RRQ
0.4678109288215637,0.7877686023712158,9.998019550039317e-07,0.48679396510124207,0.6477798223495483,0.012547366321086884,0.44909125566482544,0.53194260597229,0.009024697355926037,0.3884128928184509,0.48568716645240784,0.0010526212863624096,0.332694947719574,0.48805540800094604,-0.008864066563546658,0.44862526655197144,0.46613675355911255,-0.02044299617409706,0.4276684522628784,0.3106086850166321,-0.04190654307603836,0.4162175953388214,0.21607422828674316,-0.05197063088417053,0.40655454993247986,0.14513927698135376,-0.05338224023580551,0.3876052498817444,0.4911690056324005,-0.03387594223022461,0.32209283113479614,0.3402806222438812,-0.051417186856269836,0.2789875864982605,0.24437421560287476,-0.05906114727258682,0.244690403342247,0.176194429397583,-0.06057247146964073,0.33374714851379395,0.5373126864433289,-0.04309285059571266,0.28583618998527527,0.48239073157310486,-0.05308929830789566,0.3069216012954712,0.5113504528999329,-0.04619257152080536,0.3279297649860382,0.5483466386795044,-0.03403564542531967,0.28968682885169983,0.5912899971008301,-0.05130895599722862,0.26616787910461426,0.5470305681228638,-0.045619770884513855,0.2868889272212982,0.5740927457809448,-0.02528342418372631,0.3084601163864136,0.6051185131072998,-0.005593051668256521,peace_sign,RRQ_p14,RRQ
0.21420332789421082,0.8546556234359741,9.282032920054917e-07,0.26864564418792725,0.8228496313095093,-0.06811300665140152,0.30233660340309143,0.7455382943153381,-0.09895812720060349,0.258610337972641,0.6684339046478271,-0.12601424753665924,0.214455708861351,0.5922413468360901,-0.1473388820886612,0.3428468108177185,0.5302644968032837,-0.045939426869153976,0.38017433881759644,0.3919767141342163,-0.08711535483598709,0.40023040771484375,0.305976927280426,-0.11021480709314346,0.4085546135902405,0.23373952507972717,-0.12273552268743515,0.2779071629047394,0.5154541730880737,-0.04434950649738312,0.26638323068618774,0.34185752272605896,-0.09394805878400803,0.2562131881713867,0.24098339676856995,-0.1221124529838562,0.24364790320396423,0.1569669544696808,-0.13071641325950623,0.2178078442811966,0.5500343441963196,-0.051341019570827484,0.19754888117313385,0.5085729956626892,-0.12487654387950897,0.2177879810333252,0.6037090420722961,-0.14328338205814362,0.23704688251018524,0.6556342244148254,-0.13220615684986115,0.16765430569648743,0.6084730625152588,-0.06321981549263,0.1603887677192688,0.608031690120697,-0.12087566405534744,0.18199509382247925,0.6794594526290894,-0.12838530540466309,0.2042393684387207,0.714950442314148,-0.11821766942739487,peace_sign,RRQ_p14,RRQ
0.6014255285263062,0.8282476663589478,5.510191840585321e-07,0.6849981546401978,0.8212394714355469,-0.04503446817398071,0.7531684637069702,0.7520369291305542,-0.06426043063402176,0.7652062773704529,0.6785850524902344,-0.08546459674835205,0.733887791633606,0.6004436016082764,-0.10176777094602585,0.782261848449707,0.5332070589065552,-0.026745708659291267,0.8287777304649353,0.3802120089530945,-0.05843356251716614,0.846799373626709,0.2963615953922272,-0.07432452589273453,0.8544111847877502,0.22309738397598267,-0.08186373114585876,0.7189213633537292,0.5103127360343933,-0.033052727580070496,0.7274044752120972,0.34092313051223755,-0.07652819901704788,0.7320389747619629,0.23917677998542786,-0.10163329541683197,0.7269235849380493,0.16077667474746704,-0.10888686776161194,0.6584487557411194,0.531611979007721,-0.045620396733284,0.6924229860305786,0.5236431956291199,-0.10739557445049286,0.7103371024131775,0.6190803647041321,-0.1240396574139595,0.7127881646156311,0.6803750991821289,-0.11424949765205383,0.6090117692947388,0.579417884349823,-0.06202537938952446,0.6473593711853027,0.6261141896247864,-0.10597379505634308,0.663501501083374,0.6962429285049438,-0.11309223622083664,0.6656956672668457,0.7392886877059937,-0.10505427420139313,peace_sign,RRQ_p14,RRQ
0.5428524613380432,0.8634177446365356,3.881214354350959e-07,0.507899284362793,0.7323546409606934,0.0021393154747784138,0.5403025150299072,0.6246699690818787,-0.006620342843234539,0.6062206029891968,0.5665558576583862,-0.015248177573084831,0.659820020198822,0.5463717579841614,-0.022536979988217354,0.5692870616912842,0.5691818594932556,-0.03870747610926628,0.5727882385253906,0.422196626663208,-0.061938654631376266,0.5784328579902649,0.33474647998809814,-0.07376211136579514,0.5866369605064392,0.2652665972709656,-0.0793040469288826,0.6304634213447571,0.5937969088554382,-0.049412645399570465,0.6733943819999695,0.4246096611022949,-0.06681308895349503,0.7020980715751648,0.3226381540298462,-0.07433013617992401,0.7302128076553345,0.24905946850776672,-0.07837654650211334,0.6798005104064941,0.6335600018501282,-0.056525785475969315,0.7080942392349243,0.5113374590873718,-0.07534267008304596,0.6760035157203674,0.532711386680603,-0.06997174769639969,0.6508699655532837,0.5749194025993347,-0.05923280492424965,0.7158975005149841,0.6787614226341248,-0.06278578191995621,0.701514720916748,0.5947179198265076,-0.07136115431785583,0.6673204898834229,0.608070433139801,-0.059048622846603394,0.6520262956619263,0.640515923500061,-0.04461115971207619,peace_sign,RRQ_p14,RRQ
0.22603070735931396,0.9019858837127686,7.225133344945789e-07,0.18332570791244507,0.7896664142608643,-0.003776686033234,0.19734041392803192,0.674498975276947,-0.018840527161955833,0.2512233555316925,0.6040706634521484,-0.0347481295466423,0.3037591874599457,0.573961615562439,-0.04974335432052612,0.182409405708313,0.6272056102752686,-0.050376005470752716,0.19052335619926453,0.4693679213523865,-0.07802189141511917,0.1944408416748047,0.37610238790512085,-0.09040206670761108,0.1991608440876007,0.30338573455810547,-0.09541144967079163,0.24276594817638397,0.6416740417480469,-0.06324712932109833,0.27532505989074707,0.46334710717201233,-0.08845704793930054,0.2962201237678528,0.3573480546474457,-0.09950420260429382,0.3156890571117401,0.27567577362060547,-0.10509798675775528,0.3039091229438782,0.6684789061546326,-0.07239949703216553,0.34430965781211853,0.5308418869972229,-0.09721784293651581,0.32431143522262573,0.5670895576477051,-0.08788160234689713,0.30452004075050354,0.6118745803833008,-0.07337529957294464,0.35622888803482056,0.7003227472305298,-0.08123888075351715,0.3625761866569519,0.6074373126029968,-0.08853276818990707,0.34252795577049255,0.6350038051605225,-0.06907142698764801,0.3327173590660095,0.6664544343948364,-0.05016984045505524,peace_sign,RRQ_p14,RRQ
