x0,y0,z0,x1,y1,z1,x2,y2,z2,x3,y3,z3,x4,y4,z4,x5,y5,z5,x6,y6,z6,x7,y7,z7,x8,y8,z8,x9,y9,z9,x10,y10,z10,x11,y11,z11,x12,y12,z12,x13,y13,z13,x14,y14,z14,x15,y15,z15,x16,y16,z16,x17,y17,z17,x18,y18,z18,x19,y19,z19,x20,y20,z20,label,person_id,collector
0.39981743693351746,0.937086820602417,-4.5623997380062065e-07,0.34604987502098083,0.8703594207763672,-0.02762371115386486,0.3216790556907654,0.760006308555603,-0.04518333077430725,0.3379771411418915,0.6675708889961243,-0.06519311666488647,0.38075774908065796,0.6101702451705933,-0.0835236981511116,0.3734845519065857,0.6424102187156677,-0.019709816202521324,0.3704811632633209,0.5133428573608398,-0.05506432428956032,0.37066975235939026,0.43620947003364563,-0.07335910946130753,0.3741275370121002,0.37076592445373535,-0.08544078469276428,0.4294903874397278,0.6529625654220581,-0.025764111429452896,0.39789125323295593,0.6381754875183105,-0.08953921496868134,0.3730106055736542,0.7369340658187866,-0.10001244395971298,0.370230108499527,0.7955973148345947,-0.08980371057987213,0.4751226007938385,0.6828545928001404,-0.03697117418050766,0.4324967861175537,0.6980116367340088,-0.09307625144720078,0.40623804926872253,0.7854936122894287,-0.07839222252368927,0.40677759051322937,0.8230581283569336,-0.05185488983988762,0.5157623887062073,0.725760817527771,-0.051502395421266556,0.47678205370903015,0.7271530032157898,-0.07993544638156891,0.45296213030815125,0.7848045825958252,-0.06577642261981964,0.45564693212509155,0.8082205057144165,-0.04548254609107971,point,RRQ_p27,RRQ
0.5922569036483765,0.8422703742980957,-3.5993036817671964e-07,0.5648661851882935,0.7268900275230408,-0.030700277537107468,0.5886737704277039,0.5787861347198486,-0.04210079088807106,0.6525366902351379,0.48504623770713806,-0.05594778433442116,0.7183508276939392,0.45005524158477783,-0.06859144568443298,0.6479304432868958,0.4981643557548523,-0.006879309192299843,0.6861143708229065,0.360715389251709,-0.03991135209798813,0.7088523507118225,0.28183239698410034,-0.05877280607819557,0.7333413362503052,0.21234384179115295,-0.07174564898014069,0.6940584778785706,0.5520812273025513,-0.01351334247738123,0.7336804866790771,0.4966680705547333,-0.08147750049829483,0.6760427355766296,0.586566150188446,-0.09569130837917328,0.6358287930488586,0.6484351754188538,-0.08474723994731903,0.7294898629188538,0.6154747009277344,-0.025750882923603058,0.7570465207099915,0.571296215057373,-0.08902126550674438,0.6880652904510498,0.6554830074310303,-0.07309018075466156,0.6485843062400818,0.7042744755744934,-0.042045194655656815,0.7542699575424194,0.6871407628059387,-0.04118470475077629,0.767459511756897,0.6519235372543335,-0.07798206061124802,0.7159830331802368,0.7043488621711731,-0.061989039182662964,0.6907787322998047,0.7345322370529175,-0.038331203162670135,point,RRQ_p27,RRQ
0.27130410075187683,0.966158390045166,-6.014627160766395e-07,0.19923409819602966,0.8979068994522095,-0.042295049875974655,0.15480676293373108,0.7777940630912781,-0.07176228612661362,0.1453087031841278,0.6764623522758484,-0.10173361748456955,0.17939910292625427,0.6038240194320679,-0.12882603704929352,0.22591444849967957,0.6086931824684143,-0.04484815150499344,0.2011631727218628,0.4557502567768097,-0.10359162837266922,0.1835295408964157,0.3555305302143097,-0.1387992650270462,0.16906383633613586,0.2690703570842743,-0.1625727117061615,0.29621759057044983,0.6086658835411072,-0.050432849675416946,0.21232658624649048,0.620621919631958,-0.13178350031375885,0.19341136515140533,0.7519690990447998,-0.14306044578552246,0.2063525915145874,0.8098397850990295,-0.13120390474796295,0.34940800070762634,0.6478705406188965,-0.06339635699987411,0.2598888874053955,0.7102112174034119,-0.1304316371679306,0.24546915292739868,0.8140499591827393,-0.10499470680952072,0.2627200484275818,0.8395715355873108,-0.07064617425203323,0.3904208540916443,0.7077649831771851,-0.08273006230592728,0.31430983543395996,0.763617753982544,-0.12166537344455719,0.2941203713417053,0.83596271276474,-0.10405220091342926,0.3052564859390259,0.8495659828186035,-0.07897555828094482,point,RRQ_p27,RRQ
0.37964892387390137,0.9601689577102661,-3.829156867141137e-07,0.3334250748157501,0.8868170380592346,-0.04720580577850342,0.3200846314430237,0.7720425128936768,-0.07732758671045303,0.3436660170555115,0.682015597820282,-0.10677377134561539,0.4000002443790436,0.6312421560287476,-0.1333737075328827,0.4027661085128784,0.6190584897994995,-0.050057779997587204,0.4476954936981201,0.48503077030181885,-0.10021798312664032,0.4811551868915558,0.4025959074497223,-0.1286393702030182,0.5149930119514465,0.3340274691581726,-0.14721238613128662,0.46720537543296814,0.6428096294403076,-0.05030816048383713,0.44329676032066345,0.6637696623802185,-0.12923160195350647,0.39380884170532227,0.7647287845611572,-0.14373844861984253,0.37475064396858215,0.8182282447814941,-0.1346225142478943,0.5144377946853638,0.6936865448951721,-0.05690876021981239,0.47214391827583313,0.7511276602745056,-0.1227676123380661,0.4225509464740753,0.8275725841522217,-0.10684743523597717,0.40966567397117615,0.8484014272689819,-0.07888643443584442,0.5511183738708496,0.7572885751724243,-0.06922034919261932,0.5131074786186218,0.8008865714073181,-0.10487863421440125,0.4687032401561737,0.8530738353729248,-0.09174150973558426,0.4571177065372467,0.8630694150924683,-0.07039376348257065,point,RRQ_p27,RRQ
0.38897526264190674,0.9778300523757935,-5.554303470489685e-07,0.33702927827835083,0.9078351259231567,-0.04405970126390457,0.3108598589897156,0.7898402214050293,-0.0714304968714714,0.33150988817214966,0.6927706003189087,-0.09779755771160126,0.3888181746006012,0.6409090161323547,-0.1211746335029602,0.37360090017318726,0.6444879174232483,-0.04559466987848282,0.36190712451934814,0.5013276934623718,-0.09772256016731262,0.35747259855270386,0.40782856941223145,-0.12949009239673615,0.35804063081741333,0.3295819163322449,-0.15112659335136414,0.4449945390224457,0.6503158807754517,-0.04682348296046257,0.4138811230659485,0.6684806942939758,-0.12492945045232773,0.37769702076911926,0.7776232957839966,-0.1388641893863678,0.364780992269516,0.8364360928535461,-0.12961670756340027,0.49914929270744324,0.692099392414093,-0.05478012189269066,0.45506709814071655,0.7523753046989441,-0.11860522627830505,0.4158397912979126,0.8357592821121216,-0.10145653039216995,0.40794867277145386,0.8641697764396667,-0.07324206084012985,0.5421358942985535,0.752518892288208,-0.06858660280704498,0.5031046271324158,0.8040271401405334,-0.10499975085258484,0.4648725986480713,0.8591511249542236,-0.09357601404190063,0.4570953845977783,0.8717620372772217,-0.07400485873222351,point,RRQ_p27,RRQ
0.6755777597427368,0.803579568862915,-3.892673703376204e-07,0.6600066423416138,0.6815286874771118,-0.04299755021929741,0.6939297914505005,0.5275291204452515,-0.0618855245411396,0.7674259543418884,0.4305513799190521,-0.0829697996377945,0.8486754894256592,0.3920171856880188,-0.10130727291107178,0.7675084471702576,0.43546968698501587,-0.008337953127920628,0.809634268283844,0.2931451201438904,-0.04859954118728638,0.8415982127189636,0.212467759847641,-0.07169733196496964,0.876998245716095,0.14545240998268127,-0.08669331669807434,0.8231204748153687,0.4959321916103363,-0.011573602445423603,0.8645791411399841,0.4487413167953491,-0.08976133912801743,0.7925727367401123,0.5391660332679749,-0.10806169360876083,0.745018482208252,0.6002505421638489,-0.09650255739688873,0.8636663556098938,0.5688899755477905,-0.022792836651206017,0.8902872800827026,0.5409591794013977,-0.09882757812738419,0.8072749376296997,0.6167855262756348,-0.0882195383310318,0.7592334747314453,0.6603573560714722,-0.05626726523041725,0.8909592628479004,0.6498827934265137,-0.03778598830103874,0.9084250330924988,0.6202773451805115,-0.08259511739015579,0.8474311828613281,0.6629251837730408,-0.07047348469495773,0.8121146559715271,0.68953937292099,-0.04684900864958763,point,RRQ_p27,RRQ
0.37472522258758545,0.8501166105270386,-8.710396741662407e-07,0.30648624897003174,0.7694650888442993,-0.03839031234383583,0.2696695327758789,0.6296987533569336,-0.06397569179534912,0.26909610629081726,0.522670567035675,-0.09045857936143875,0.31959444284439087,0.4694463312625885,-0.11264534294605255,0.36568671464920044,0.47446051239967346,-0.031950291246175766,0.34305933117866516,0.3310208320617676,-0.09406498074531555,0.3094380497932434,0.2505592107772827,-0.13210104405879974,0.27678048610687256,0.19219931960105896,-0.15444833040237427,0.438321590423584,0.4884800314903259,-0.03861198201775551,0.3550596237182617,0.49438294768333435,-0.11808839440345764,0.31879985332489014,0.621437668800354,-0.13082143664360046,0.3225098252296448,0.6871019601821899,-0.11961051821708679,0.4898085296154022,0.5429663062095642,-0.0539938248693943,0.3942576050758362,0.5981385707855225,-0.1192188411951065,0.3618663251399994,0.6976506114006042,-0.09701726585626602,0.3722049295902252,0.7273793816566467,-0.06465768069028854,0.5268843173980713,0.6175721883773804,-0.07537389546632767,0.44889065623283386,0.6647312641143799,-0.10918835550546646,0.4132426679134369,0.728635311126709,-0.09202183783054352,0.4183693528175354,0.7423772811889648,-0.06835228949785233,point,RRQ_p27,RRQ
0.12830998003482819,0.7440023422241211,2.8932400919501333e-09,0.19483770430088043,0.7644034624099731,-0.02839544229209423,0.27327701449394226,0.7417295575141907,-0.05068499594926834,0.30796897411346436,0.6854709982872009,-0.0746941938996315,0.29016152024269104,0.6183949708938599,-0.09794192761182785,0.3224973678588867,0.5737290978431702,-0.04292622581124306,0.4018433392047882,0.5025718212127686,-0.07931075245141983,0.45218396186828613,0.4581403136253357,-0.0994759276509285,0.4931655526161194,0.41360193490982056,-0.11463888734579086,0.2805047929286957,0.5133995413780212,-0.050862185657024384,0.2828897535800934,0.5682454109191895,-0.10224637389183044,0.24520491063594818,0.6401994228363037,-0.11347755789756775,0.22873187065124512,0.6529690623283386,-0.11317020654678345,0.228031188249588,0.4931096136569977,-0.06141423061490059,0.2197735756635666,0.5805284976959229,-0.10770969092845917,0.19528153538703918,0.6431714296340942,-0.09792713075876236,0.19035646319389343,0.6424909830093384,-0.08427932113409042,0.17512503266334534,0.4938449263572693,-0.07560122013092041,0.1679069846868515,0.5756621956825256,-0.10473122447729111,0.1542275846004486,0.6270864009857178,-0.09629933536052704,0.15088212490081787,0.6238602995872498,-0.08395054191350937,point,RRQ_p27,RRQ
0.08631714433431625,0.7455223798751831,4.9752703290550926e-08,0.1502363532781601,0.7438856363296509,-0.04015999659895897,0.21854019165039062,0.6962429285049438,-0.06399612873792648,0.2140963226556778,0.6249029636383057,-0.08650360256433487,0.1687096357345581,0.5673937201499939,-0.10815809667110443,0.23710349202156067,0.5240105390548706,-0.05023495852947235,0.28776776790618896,0.4147554636001587,-0.08634926378726959,0.31921738386154175,0.3455733358860016,-0.10880682617425919,0.3416786193847656,0.28049683570861816,-0.1252044141292572,0.18663360178470612,0.48235923051834106,-0.05050116777420044,0.1668776571750641,0.5229948163032532,-0.1044708862900734,0.14937154948711395,0.5910772085189819,-0.12180479615926743,0.1422732025384903,0.6145980358123779,-0.12399150431156158,0.13371232151985168,0.4763696789741516,-0.05379795283079147,0.10310845077037811,0.5581419467926025,-0.10040150582790375,0.10351255536079407,0.6240323185920715,-0.09714017063379288,0.11197596043348312,0.6372365951538086,-0.08572615683078766,0.08535683900117874,0.48640596866607666,-0.06167560815811157,0.06525735557079315,0.5596156120300293,-0.09018252789974213,0.06773525476455688,0.6136159896850586,-0.08465039730072021,0.07674489915370941,0.6236463189125061,-0.07276234030723572,point,RRQ_p27,RRQ
0.2973283529281616,0.46832212805747986,9.028564562640895e-09,0.3567672371864319,0.4916934370994568,-0.031873106956481934,0.4394456148147583,0.4638713300228119,-0.049123283475637436,0.474497526884079,0.3893231153488159,-0.06585909426212311,0.45448020100593567,0.3175819218158722,-0.08148904889822006,0.4862620234489441,0.3399382531642914,-0.03316090628504753,0.5634649395942688,0.26526162028312683,-0.0624040849506855,0.6063845157623291,0.22582437098026276,-0.07726403325796127,0.6405727863311768,0.18100818991661072,-0.08858232945203781,0.4467530846595764,0.2958833575248718,-0.036535315215587616,0.46731019020080566,0.2897695302963257,-0.0846046730875969,0.42606139183044434,0.3634805381298065,-0.09310254454612732,0.4061335623264313,0.3808720111846924,-0.0888935849070549,0.4025867283344269,0.2726110517978668,-0.04309441149234772,0.41048678755760193,0.28728654980659485,-0.09182682633399963,0.3796488344669342,0.3666311204433441,-0.08000072836875916,0.3666537404060364,0.38213086128234863,-0.061388496309518814,0.35492223501205444,0.25940942764282227,-0.052602265030145645,0.3606729209423065,0.2900279760360718,-0.08287134766578674,0.34311532974243164,0.34931063652038574,-0.07117658108472824,0.3328506648540497,0.35891467332839966,-0.055522672832012177,point,RRQ_p27,RRQ
0.2906360626220703,0.6343797445297241,5.6061260522710654e-08,0.3563136160373688,0.6693004965782166,-0.03557855263352394,0.4566494822502136,0.6549714207649231,-0.05769018456339836,0.49897295236587524,0.5865041017532349,-0.07952060550451279,0.4744458496570587,0.5102073550224304,-0.0994749665260315,0.5133185982704163,0.4896341562271118,-0.04599601775407791,0.602796196937561,0.4124349355697632,-0.08498883992433548,0.6586779356002808,0.3737388849258423,-0.10603354126214981,0.7077680826187134,0.3296431005001068,-0.12222640216350555,0.47380581498146057,0.4161413908004761,-0.05131296440958977,0.4708387851715088,0.46853166818618774,-0.10556279122829437,0.4263368844985962,0.5413366556167603,-0.11730307340621948,0.41337546706199646,0.5423310995101929,-0.11694061011075974,0.42127788066864014,0.38450130820274353,-0.060328636318445206,0.4024246037006378,0.46909141540527344,-0.10941954702138901,0.37268805503845215,0.5350301861763,-0.09868567436933517,0.3733106851577759,0.5240840911865234,-0.08440323919057846,0.3655347228050232,0.3725709021091461,-0.07388705760240555,0.34391674399375916,0.4667799770832062,-0.10513749718666077,0.3263339400291443,0.5211250185966492,-0.09719514101743698,0.3270167112350464,0.5079994797706604,-0.08499772101640701,point,RRQ_p27,RRQ
0.2825292646884918,0.9224576950073242,2.4151081134959895e-08,0.3419380187988281,0.857613742351532,-0.03127897530794144,0.3927101492881775,0.7522367835044861,-0.052210528403520584,0.37499940395355225,0.6733579039573669,-0.07343382388353348,0.3162197768688202,0.6592684984207153,-0.0930561050772667,0.3332728147506714,0.6048069000244141,-0.04764115437865257,0.34216585755348206,0.4656635522842407,-0.08586820214986801,0.3492957055568695,0.38117197155952454,-0.10682488232851028,0.35077211260795593,0.30343228578567505,-0.12289378046989441,0.2667960226535797,0.5994652509689331,-0.054653268307447433,0.2911697030067444,0.6382808685302734,-0.1070493832230568,0.3055179715156555,0.7303600907325745,-0.1160636618733406,0.3024662137031555,0.7500835061073303,-0.11390064656734467,0.21295246481895447,0.631969690322876,-0.06481131166219711,0.24313607811927795,0.7109906673431396,-0.11103162169456482,0.26427266001701355,0.7832317352294922,-0.0990958958864212,0.26371148228645325,0.7817467451095581,-0.08392062038183212,0.16716524958610535,0.6807466745376587,-0.07915901392698288,0.19400721788406372,0.7579810619354248,-0.10477106273174286,0.21889422833919525,0.8080177903175354,-0.09314851462841034,0.21851888298988342,0.8036207556724548,-0.07919652760028839,point,RRQ_p27,RRQ
0.23477278649806976,0.8145898580551147,-5.1833893621733296e-08,0.2907894551753998,0.7410253286361694,-0.04433271661400795,0.32428526878356934,0.6219585537910461,-0.07107479125261307,0.29958105087280273,0.5433076024055481,-0.0967826172709465,0.23441268503665924,0.5331029891967773,-0.12034619599580765,0.24306830763816833,0.4642971158027649,-0.05496404320001602,0.20852066576480865,0.3204072117805481,-0.09846469759941101,0.18288841843605042,0.23358964920043945,-0.12108111381530762,0.15549823641777039,0.15738537907600403,-0.13692933320999146,0.17666490375995636,0.4815693497657776,-0.056427717208862305,0.18843112885951996,0.5100706219673157,-0.12075876444578171,0.2238529622554779,0.6089575886726379,-0.13117679953575134,0.23820292949676514,0.6394823789596558,-0.1252441704273224,0.12661349773406982,0.5292994379997253,-0.062402356415987015,0.15087684988975525,0.596993625164032,-0.11988122016191483,0.1865035593509674,0.6703650951385498,-0.10636641830205917,0.19726276397705078,0.6743189692497253,-0.08527127653360367,0.08485967665910721,0.5866432189941406,-0.07343674451112747,0.10972500592470169,0.6496055126190186,-0.10602989047765732,0.146470308303833,0.6986880898475647,-0.09354618936777115,0.1583809107542038,0.69599848985672,-0.07585180550813675,point,RRQ_p27,RRQ
0.407071590423584,0.8350213766098022,8.731436196285358e-08,0.47507619857788086,0.7834876775741577,-0.04267092049121857,0.542339563369751,0.6804221868515015,-0.06999512761831284,0.5336263179779053,0.5968937873840332,-0.0966159775853157,0.47459399700164795,0.5713238716125488,-0.12090307474136353,0.47925060987472534,0.49973025918006897,-0.04825744405388832,0.47803163528442383,0.35747861862182617,-0.09125036746263504,0.48028433322906494,0.26920285820961,-0.1131080687046051,0.47755730152130127,0.1909671425819397,-0.12858010828495026,0.4115150570869446,0.49891534447669983,-0.0521090142428875,0.4277287721633911,0.5104086399078369,-0.11211228370666504,0.44687432050704956,0.6199432611465454,-0.12055733054876328,0.4503805935382843,0.6463718414306641,-0.11387930065393448,0.35505083203315735,0.5320641398429871,-0.06095903739333153,0.3759893476963043,0.5929116010665894,-0.11683319509029388,0.39987361431121826,0.6791977882385254,-0.10146263241767883,0.4033842086791992,0.682414174079895,-0.08014196902513504,0.3021969199180603,0.5793793797492981,-0.07472951710224152,0.3256036043167114,0.6455150842666626,-0.10656726360321045,0.35229945182800293,0.7072857618331909,-0.09263825416564941,0.35608652234077454,0.7047514915466309,-0.07490422576665878,point,RRQ_p27,RRQ
0.5610732436180115,0.8105276226997375,7.824314707249869e-08,0.6617904305458069,0.82179856300354,-0.04302319139242172,0.7716223001480103,0.7586016654968262,-0.07885865122079849,0.8367217779159546,0.6643930673599243,-0.11723555624485016,0.7979820966720581,0.600563108921051,-0.15377971529960632,0.7710450887680054,0.528641402721405,-0.057970814406871796,0.8376410007476807,0.37576884031295776,-0.10946720838546753,0.8869822025299072,0.2885326147079468,-0.1310858428478241,0.9202778935432434,0.21206462383270264,-0.14523983001708984,0.7068548798561096,0.48441192507743835,-0.06774111837148666,0.7676741480827332,0.5023953318595886,-0.14147628843784332,0.7369787693023682,0.6291175484657288,-0.145808607339859,0.7115001678466797,0.64731764793396,-0.1321256011724472,0.645653247833252,0.4789392948150635,-0.08274594694375992,0.6902018189430237,0.5616698265075684,-0.1514127105474472,0.6674181818962097,0.660286009311676,-0.13125024735927582,0.6481245756149292,0.6556065082550049,-0.103378064930439,0.5872067809104919,0.4924350082874298,-0.1028054878115654,0.6218670010566711,0.5880551934242249,-0.1423046737909317,0.6143287420272827,0.6627165079116821,-0.12772980332374573,0.599076509475708,0.6552256941795349,-0.10803308337926865,point,RRQ_p27,RRQ
0.6194473505020142,0.756036639213562,-2.0625474661528642e-08,0.566642701625824,0.682287335395813,-0.010700399056077003,0.5424814820289612,0.5747748017311096,-0.019431263208389282,0.5262002944946289,0.49554643034935,-0.033324964344501495,0.5028622150421143,0.4331350326538086,-0.048047423362731934,0.6105090975761414,0.470222145318985,0.009500550106167793,0.5707523822784424,0.39977315068244934,-0.0307297520339489,0.5244098901748657,0.38712990283966064,-0.06845475733280182,0.4827309846878052,0.39699333906173706,-0.08797401934862137,0.650446891784668,0.4532770812511444,-0.0054863314144313335,0.6746764183044434,0.34590938687324524,-0.037099819630384445,0.6521787047386169,0.2849809527397156,-0.06161540746688843,0.6173881888389587,0.2545277774333954,-0.07243272662162781,0.6831197142601013,0.46967813372612,-0.027150416746735573,0.7274301648139954,0.3714708089828491,-0.05803890898823738,0.7269216775894165,0.3013412058353424,-0.07528068870306015,0.7173988223075867,0.2477470338344574,-0.08092615753412247,0.7046469449996948,0.5099580883979797,-0.050556354224681854,0.7597106099128723,0.4399770200252533,-0.074637271463871,0.7922881841659546,0.3815625309944153,-0.08269260823726654,0.8162129521369934,0.32753294706344604,-0.08376462757587433,pinch,RRQ_p27,RRQ
0.6194817423820496,0.7751480340957642,-9.94128583897691e-08,0.5666418671607971,0.6983296275138855,-0.006764124613255262,0.5432146787643433,0.5938762426376343,-0.01511402428150177,0.5269479155540466,0.5179921984672546,-0.02969595603644848,0.5012960433959961,0.454721599817276,-0.04500604420900345,0.6116300821304321,0.4866061806678772,0.016772987321019173,0.5735421180725098,0.4126698076725006,-0.022511949762701988,0.5302508473396301,0.4036012887954712,-0.0597245953977108,0.4917988181114197,0.4155923128128052,-0.0783720463514328,0.6515357494354248,0.47431713342666626,9.040479926625267e-05,0.6720792651176453,0.3654523193836212,-0.03090919554233551,0.6488057374954224,0.30665111541748047,-0.05451985076069832,0.6121443510055542,0.27982449531555176,-0.06357395648956299,0.6837769150733948,0.49230101704597473,-0.023272044956684113,0.7217121124267578,0.39003777503967285,-0.05179445073008537,0.7147105932235718,0.3224495053291321,-0.06480482965707779,0.6978639364242554,0.2752957344055176,-0.06641919165849686,0.7056914567947388,0.53080815076828,-0.04840091988444328,0.7525935769081116,0.45455247163772583,-0.06929958611726761,0.7786813974380493,0.3933998942375183,-0.07440067827701569,0.7964130640029907,0.33787769079208374,-0.0725804939866066,pinch,RRQ_p27,RRQ
0.7169134616851807,0.8686643838882446,-1.3806787535486365e-07,0.6475555300712585,0.784839391708374,-0.012427076697349548,0.6041157245635986,0.6746877431869507,-0.03247750177979469,0.5582005381584167,0.6026938557624817,-0.05866824835538864,0.5124260187149048,0.5425111651420593,-0.08699389547109604,0.6876264810562134,0.5443173050880432,-0.0035347994416952133,0.6204754710197449,0.465360164642334,-0.058207668364048004,0.5594345331192017,0.4755387306213379,-0.10907963663339615,0.5129772424697876,0.5076220631599426,-0.13728763163089752,0.7301881313323975,0.5333415269851685,-0.025745077058672905,0.7396107912063599,0.39306744933128357,-0.07431535422801971,0.6970089077949524,0.32676029205322266,-0.11132211238145828,0.6441224217414856,0.2976125180721283,-0.12938864529132843,0.7653010487556458,0.5581379532814026,-0.05454876646399498,0.7992721796035767,0.4222157299518585,-0.09321460127830505,0.7841357588768005,0.3346042037010193,-0.11493519693613052,0.7638497352600098,0.2676748037338257,-0.12392380833625793,0.7869699001312256,0.6090261340141296,-0.0850697010755539,0.8233237266540527,0.5116544961929321,-0.11268633604049683,0.8398952484130859,0.4330906271934509,-0.12069492787122726,0.851536214351654,0.36048752069473267,-0.12216568738222122,pinch,RRQ_p27,RRQ
0.5039342045783997,0.9726428389549255,-4.2351106799287663e-07,0.4007038474082947,0.8995135426521301,0.04891108348965645,0.324083149433136,0.8176178932189941,0.04180905967950821,0.25338301062583923,0.7640805840492249,0.017416657879948616,0.18761415779590607,0.7144213914871216,-0.00964822806417942,0.39875125885009766,0.652110755443573,0.0089483093470335,0.2656872570514679,0.6080945134162903,-0.043274592608213425,0.21355116367340088,0.6381978392601013,-0.09298134595155716,0.16069279611110687,0.6905441284179688,-0.12486030161380768,0.4199170470237732,0.674064040184021,-0.04508582130074501,0.3388947546482086,0.5187368392944336,-0.09257906675338745,0.2683247923851013,0.48506736755371094,-0.13505251705646515,0.19092588126659393,0.487912654876709,-0.1649654507637024,0.4414446949958801,0.7239482998847961,-0.0967612937092781,0.37052395939826965,0.5348547101020813,-0.11969287693500519,0.31887996196746826,0.481866717338562,-0.12014105916023254,0.2614629864692688,0.4468590021133423,-0.12517032027244568,0.4466552138328552,0.7710336446762085,-0.1460634171962738,0.43041715025901794,0.6719076633453369,-0.1740848571062088,0.41013431549072266,0.5984891653060913,-0.18083040416240692,0.3741379678249359,0.5234871506690979,-0.18524423241615295,pinch,RRQ_p27,RRQ
0.4992404580116272,0.6473361253738403,-3.7031500710327236e-07,0.41602832078933716,0.5641977190971375,0.033754318952560425,0.36588597297668457,0.4570336937904358,0.03841649368405342,0.32118460536003113,0.39164942502975464,0.027082763612270355,0.27880173921585083,0.32823264598846436,0.013556485064327717,0.4280509948730469,0.32645684480667114,0.05622250586748123,0.36070045828819275,0.25872671604156494,0.019571838900446892,0.3027117848396301,0.27089178562164307,-0.021187592297792435,0.2531437873840332,0.30383598804473877,-0.04225656017661095,0.4488716125488281,0.3165048658847809,0.01733817346394062,0.4251880943775177,0.181910440325737,-0.0003529439272824675,0.3702106475830078,0.12386515736579895,-0.019429488107562065,0.31553322076797485,0.0969889760017395,-0.030712319537997246,0.4682208001613617,0.3295230269432068,-0.026912910863757133,0.45897188782691956,0.17883944511413574,-0.03812883049249649,0.42275941371917725,0.10350418090820312,-0.04048296809196472,0.3908708989620209,0.053632766008377075,-0.04195947200059891,0.47751790285110474,0.3554632365703583,-0.07150839269161224,0.48040133714675903,0.24185794591903687,-0.08078000694513321,0.4696541726589203,0.16275040805339813,-0.07732189446687698,0.4561181664466858,0.09168350696563721,-0.07321701943874359,pinch,RRQ_p27,RRQ
0.7619547843933105,0.8066365718841553,-1.8661734202396474e-07,0.7008773684501648,0.7167497873306274,-0.014717444777488708,0.675023078918457,0.5893676280975342,-0.028344426304101944,0.656136691570282,0.49448248744010925,-0.047474734485149384,0.6276394128799438,0.41498664021492004,-0.06788042187690735,0.7500859498977661,0.4774795174598694,0.006660000886768103,0.7082012891769409,0.3789535164833069,-0.04231788218021393,0.6586686968803406,0.3649693727493286,-0.08804112672805786,0.6132358312606812,0.3749108910560608,-0.11242514103651047,0.7986558079719543,0.4621269106864929,-0.010980194434523582,0.812421441078186,0.3230367600917816,-0.05050590634346008,0.7787638902664185,0.24859991669654846,-0.08489684760570526,0.7333887815475464,0.2048417031764984,-0.10290440917015076,0.8408608436584473,0.48306605219841003,-0.035829272121191025,0.8755413889884949,0.3527616858482361,-0.07060098648071289,0.8633977770805359,0.26955005526542664,-0.09132018685340881,0.8423057198524475,0.2026773989200592,-0.09980474412441254,0.8727415204048157,0.5294926762580872,-0.06279167532920837,0.909986138343811,0.42232128977775574,-0.08641764521598816,0.9315487146377563,0.343401700258255,-0.09292686730623245,0.9452404975891113,0.27053284645080566,-0.09391100704669952,pinch,RRQ_p27,RRQ
0.7940486073493958,0.7927188277244568,-6.958335774243096e-08,0.7340761423110962,0.6971800327301025,-0.01727311685681343,0.7150202989578247,0.5721815824508667,-0.028345877304673195,0.7092544436454773,0.4706466794013977,-0.04393331706523895,0.7069093585014343,0.3758583664894104,-0.058600619435310364,0.7906197905540466,0.4629066586494446,0.016502978280186653,0.7776987552642822,0.35568544268608093,-0.02671103924512863,0.7406702041625977,0.3283255696296692,-0.06799701601266861,0.7019426226615906,0.32864099740982056,-0.0896831825375557,0.8428481221199036,0.45565879344940186,0.004437281284481287,0.8642380237579346,0.32902756333351135,-0.022644005715847015,0.8477945327758789,0.25364890694618225,-0.050060078501701355,0.8194610476493835,0.20245295763015747,-0.06665156036615372,0.8866641521453857,0.4819818437099457,-0.016322061419487,0.921280026435852,0.35936570167541504,-0.039416778832674026,0.922881007194519,0.2762008309364319,-0.05404401943087578,0.9138739109039307,0.20606446266174316,-0.06224389001727104,0.9205122590065002,0.5304386615753174,-0.04032663255929947,0.9597940444946289,0.4339507520198822,-0.05744517594575882,0.9789093732833862,0.3637482821941376,-0.061552394181489944,0.9887927770614624,0.29691892862319946,-0.06235409155488014,pinch,RRQ_p27,RRQ
0.2784888744354248,0.633936882019043,4.4034425172867486e-07,0.34663569927215576,0.6172817349433899,-0.023369360715150833,0.4072216749191284,0.56706702709198,-0.03941860422492027,0.4630754888057709,0.5287479162216187,-0.05735422298312187,0.5146520137786865,0.4986845552921295,-0.07352273911237717,0.3914390504360199,0.43806764483451843,-0.008435225114226341,0.4488569498062134,0.40508317947387695,-0.048998814076185226,0.48542076349258423,0.4351067841053009,-0.08275658637285233,0.5113940238952637,0.46831589937210083,-0.10121790319681168,0.37256336212158203,0.4052667021751404,-0.01640859991312027,0.41201329231262207,0.3093029856681824,-0.04323310777544975,0.45187145471572876,0.25685131549835205,-0.06448044627904892,0.48724037408828735,0.21023030579090118,-0.07847859710454941,0.34659862518310547,0.39991942048072815,-0.0312882661819458,0.3714124858379364,0.29502540826797485,-0.05726299434900284,0.4005012810230255,0.2302611619234085,-0.06987182796001434,0.4302918612957001,0.17528414726257324,-0.0761733204126358,0.3166075348854065,0.416541188955307,-0.0493583045899868,0.32877832651138306,0.33346128463745117,-0.06690771132707596,0.3472325801849365,0.2779461145401001,-0.06895346194505692,0.3695491850376129,0.22936823964118958,-0.0689864456653595,pinch,RRQ_p27,RRQ
0.14808480441570282,0.6449212431907654,3.923514668713324e-07,0.21567349135875702,0.6009296178817749,-0.018880339339375496,0.268758624792099,0.532911479473114,-0.03390830382704735,0.31104642152786255,0.4770630896091461,-0.05188935250043869,0.3545854091644287,0.43254703283309937,-0.06895279884338379,0.23562437295913696,0.402570903301239,-0.010346850380301476,0.28036466240882874,0.34721067547798157,-0.050215885043144226,0.3192580044269562,0.3618236780166626,-0.08187811076641083,0.34962350130081177,0.38949692249298096,-0.09892542660236359,0.2035948634147644,0.376478374004364,-0.0220793429762125,0.22246642410755157,0.2672351002693176,-0.04913545027375221,0.25335177779197693,0.2020365595817566,-0.06897663325071335,0.280582457780838,0.1454671025276184,-0.08191172778606415,0.16818444430828094,0.3812902271747589,-0.04020851477980614,0.16847631335258484,0.2642747759819031,-0.06797761470079422,0.18491871654987335,0.188251793384552,-0.08241720497608185,0.20632846653461456,0.12224119901657104,-0.08991541713476181,0.1314103901386261,0.41127312183380127,-0.060861773788928986,0.11439857631921768,0.3211553692817688,-0.08343027532100677,0.11410614103078842,0.2548890709877014,-0.08950910717248917,0.12094249576330185,0.19392584264278412,-0.0916363075375557,pinch,RRQ_p27,RRQ
0.403207004070282,0.5185073614120483,4.348815139110229e-07,0.4706069231033325,0.49303752183914185,-0.023574568331241608,0.529704749584198,0.4364180564880371,-0.03789462521672249,0.5803461074829102,0.3852074146270752,-0.05438503623008728,0.6267610788345337,0.3415762782096863,-0.06881868839263916,0.5002992749214172,0.31103137135505676,-0.00303582358174026,0.5545998811721802,0.2642453610897064,-0.04173038527369499,0.5931370258331299,0.2809160351753235,-0.0731358528137207,0.6195725202560425,0.30963388085365295,-0.08907884359359741,0.47960010170936584,0.27828249335289,-0.00989251397550106,0.5129479169845581,0.17774458229541779,-0.03453826904296875,0.551074743270874,0.11991563439369202,-0.05342411622405052,0.5856083035469055,0.0699605643749237,-0.06480427831411362,0.4538961946964264,0.2707241177558899,-0.02428353950381279,0.46987760066986084,0.16177916526794434,-0.04904439300298691,0.4953688085079193,0.0925619900226593,-0.06070321053266525,0.5229412913322449,0.03617185354232788,-0.0652824267745018,0.4249996542930603,0.2821924090385437,-0.042107824236154556,0.4293791651725769,0.19293901324272156,-0.05978931859135628,0.4410713315010071,0.12973766028881073,-0.06228834390640259,0.456981897354126,0.0762946605682373,-0.06146189570426941,pinch,RRQ_p27,RRQ
0.5807848572731018,0.556952714920044,3.968758335304301e-07,0.6398653388023376,0.5135371685028076,-0.0027482169680297375,0.680314302444458,0.44918397068977356,-0.0061457050032913685,0.7190932035446167,0.3956083357334137,-0.014770525507628918,0.7528941631317139,0.34416893124580383,-0.02143274061381817,0.620124340057373,0.3461562991142273,0.023423321545124054,0.6676322221755981,0.29205793142318726,-0.0023324163630604744,0.7089556455612183,0.2972642481327057,-0.025869600474834442,0.7399756908416748,0.31640535593032837,-0.03671124577522278,0.6061897873878479,0.3271985948085785,0.009624130092561245,0.6213896870613098,0.2234037220478058,-0.0008204100886359811,0.6468203067779541,0.15755176544189453,-0.01485059317201376,0.670166552066803,0.10836008191108704,-0.024520810693502426,0.5902204513549805,0.3304525911808014,-0.010163849219679832,0.5866798162460327,0.23032180964946747,-0.021777242422103882,0.5976181030273438,0.1588463932275772,-0.03190920129418373,0.6115632653236389,0.102414071559906,-0.038087397813797,0.5768356323242188,0.3490854501724243,-0.03177986666560173,0.5723917484283447,0.26750436425209045,-0.03904099762439728,0.5790080428123474,0.21090759336948395,-0.03881629928946495,0.5904051065444946,0.16637201607227325,-0.03790257126092911,pinch,RRQ_p27,RRQ
0.6820111870765686,0.6906901597976685,5.715107818105025e-07,0.7538912296295166,0.6820693612098694,-0.02490071766078472,0.8233137726783752,0.6401435732841492,-0.03754419460892677,0.88277667760849,0.5931041240692139,-0.05156220123171806,0.9322983026504517,0.5446285605430603,-0.06421144306659698,0.792005717754364,0.5156322717666626,0.0017193875974044204,0.8513121008872986,0.48357445001602173,-0.030980244278907776,0.8957216143608093,0.48819953203201294,-0.058101385831832886,0.9301756024360657,0.505578339099884,-0.07203328609466553,0.7745930552482605,0.4744173288345337,-0.003361275652423501,0.821575403213501,0.38551998138427734,-0.022342272102832794,0.8613324761390686,0.33405524492263794,-0.03611375764012337,0.8984609246253967,0.2892546057701111,-0.04412553459405899,0.7486347556114197,0.4544242322444916,-0.016313333064317703,0.7803263068199158,0.3596963882446289,-0.03790082409977913,0.8117872476577759,0.30133265256881714,-0.044981468468904495,0.8429043292999268,0.25520697236061096,-0.04642236977815628,0.7158824801445007,0.4499269127845764,-0.03300325572490692,0.7283409833908081,0.3623585104942322,-0.05020947754383087,0.7459244132041931,0.3031073808670044,-0.05103883519768715,0.7668492794036865,0.2550520598888397,-0.04869840294122696,pinch,RRQ_p27,RRQ
0.21327587962150574,0.8522220849990845,3.767027294543368e-07,0.2850474715232849,0.8103741407394409,-0.028305981308221817,0.3568897545337677,0.7301794290542603,-0.040226344019174576,0.39169827103614807,0.648818850517273,-0.054357003420591354,0.4150574207305908,0.5851749181747437,-0.066668301820755,0.33708587288856506,0.5788434147834778,-0.0011204956099390984,0.3737511932849884,0.493441104888916,-0.03977058455348015,0.4014407694339752,0.49360954761505127,-0.07303237169981003,0.42154550552368164,0.5245528817176819,-0.08986112475395203,0.2920849323272705,0.5432705283164978,-0.007206577807664871,0.32201632857322693,0.4213693141937256,-0.02695925161242485,0.3447835445404053,0.3445293605327606,-0.047928255051374435,0.3652338683605194,0.27998265624046326,-0.06259092688560486,0.24427106976509094,0.5394507050514221,-0.022081177681684494,0.26045387983322144,0.4149932265281677,-0.046058788895606995,0.27702829241752625,0.33196112513542175,-0.06582053005695343,0.29620057344436646,0.26400649547576904,-0.07812413573265076,0.1883704960346222,0.5634142160415649,-0.040712520480155945,0.17120729386806488,0.46358734369277954,-0.06388448178768158,0.16191843152046204,0.3930618464946747,-0.07396286725997925,0.15943756699562073,0.3272920548915863,-0.07910658419132233,pinch,RRQ_p27,RRQ
0.3486243486404419,0.654403805732727,4.96025791107968e-07,0.4221210181713104,0.6178593635559082,-0.0289223063737154,0.48883044719696045,0.5348915457725525,-0.04111023619771004,0.5352023839950562,0.45482194423675537,-0.05419710651040077,0.5715269446372986,0.3957301676273346,-0.06650976091623306,0.4697936773300171,0.41102635860443115,-0.005858737975358963,0.510691225528717,0.34699270129203796,-0.03935743868350983,0.5431225299835205,0.3346586525440216,-0.06717006117105484,0.5684823393821716,0.3461897373199463,-0.08182578533887863,0.43191561102867126,0.3712194561958313,-0.010715135373175144,0.46675679087638855,0.2526780962944031,-0.030671877786517143,0.4948119521141052,0.1758446842432022,-0.047491416335105896,0.5208455324172974,0.1081368625164032,-0.058348868042230606,0.3881154954433441,0.3594183921813965,-0.02357594668865204,0.4092957675457001,0.23628130555152893,-0.04905816167593002,0.4314531981945038,0.15685388445854187,-0.06553180515766144,0.454521119594574,0.09417980909347534,-0.07426297664642334,0.33548814058303833,0.3710017800331116,-0.03977448120713234,0.3263821601867676,0.2678656578063965,-0.06265314668416977,0.3247162699699402,0.19562767446041107,-0.07076305896043777,0.32851728796958923,0.13087430596351624,-0.07443179935216904,pinch,RRQ_p27,RRQ
0.33116522431373596,0.6377868056297302,4.3759777668128663e-07,0.402988463640213,0.6095796823501587,-0.02872198447585106,0.47035983204841614,0.5341175198554993,-0.03981775417923927,0.5130427479743958,0.457035094499588,-0.05210242047905922,0.5467577576637268,0.3993215262889862,-0.06308218091726303,0.4543696343898773,0.4079129099845886,-0.0004984876723028719,0.49171409010887146,0.34670501947402954,-0.030552061274647713,0.5230357646942139,0.3405376970767975,-0.0560075119137764,0.5466886758804321,0.3567058742046356,-0.06956762075424194,0.41983816027641296,0.36917996406555176,-0.00434574019163847,0.45735323429107666,0.26353198289871216,-0.021181324496865273,0.4863678216934204,0.19546423852443695,-0.036291684955358505,0.5137225389480591,0.13318532705307007,-0.04626625403761864,0.38005197048187256,0.3566058576107025,-0.016487643122673035,0.40504878759384155,0.2435024231672287,-0.0397636778652668,0.42882829904556274,0.1705748587846756,-0.055301863700151443,0.452800989151001,0.11224159598350525,-0.0637306421995163,0.33133161067962646,0.3656650483608246,-0.03219575062394142,0.32332560420036316,0.2699662446975708,-0.0548553429543972,0.32265472412109375,0.20277050137519836,-0.06399238854646683,0.32726019620895386,0.1432497203350067,-0.06831248849630356,pinch,RRQ_p27,RRQ
0.2479441910982132,0.5667446255683899,-4.2636941088858293e-07,0.3165036141872406,0.5398382544517517,-0.017156770452857018,0.375047892332077,0.4596480429172516,-0.026987316086888313,0.40162456035614014,0.387926310300827,-0.03740265592932701,0.3791978657245636,0.3419189751148224,-0.04160667583346367,0.32013747096061707,0.32722008228302,-0.006015593186020851,0.37801575660705566,0.3215412199497223,-0.040192537009716034,0.37360870838165283,0.39724287390708923,-0.056377436965703964,0.35896503925323486,0.41217559576034546,-0.0642005205154419,0.2829502820968628,0.31386980414390564,-0.012310835532844067,0.34890973567962646,0.3476608097553253,-0.04633539170026779,0.3388514816761017,0.4274943768978119,-0.0520407073199749,0.3220248222351074,0.4279729127883911,-0.04969615861773491,0.2511095404624939,0.3256741762161255,-0.024183258414268494,0.31941887736320496,0.3870052397251129,-0.05707918480038643,0.30605489015579224,0.4534326493740082,-0.05261511355638504,0.28506630659103394,0.4454681873321533,-0.043725110590457916,0.22566989064216614,0.3521198630332947,-0.03825302794575691,0.2862725853919983,0.42208629846572876,-0.05691032111644745,0.2765818238258362,0.4690488874912262,-0.05553383380174637,0.25441163778305054,0.4616050720214844,-0.050635065883398056,fist,RRQ_p27,RRQ
0.159076988697052,0.592070996761322,-4.7120605017880735e-07,0.22790560126304626,0.5548371076583862,-0.020199401304125786,0.2826310992240906,0.4543721079826355,-0.029563479125499725,0.29797351360321045,0.3683052659034729,-0.03890730068087578,0.262389212846756,0.33436962962150574,-0.0423174612224102,0.21981853246688843,0.32563871145248413,-0.006516525521874428,0.2676877975463867,0.3083091378211975,-0.04067375138401985,0.26941341161727905,0.3864438235759735,-0.057568833231925964,0.2553049325942993,0.4060632884502411,-0.06579625606536865,0.1767147332429886,0.3173564374446869,-0.011421979404985905,0.23354806005954742,0.3400323688983917,-0.04492911696434021,0.2332119643688202,0.4267716705799103,-0.05004136264324188,0.2155318558216095,0.43244269490242004,-0.04709548130631447,0.13993218541145325,0.333842396736145,-0.022356873378157616,0.20487740635871887,0.38039520382881165,-0.0574813187122345,0.2024429738521576,0.45596733689308167,-0.052503928542137146,0.18079610168933868,0.45767223834991455,-0.04244381561875343,0.1086263507604599,0.3644934296607971,-0.035607874393463135,0.1727064996957779,0.42362546920776367,-0.05745775252580643,0.17304469645023346,0.4798685610294342,-0.055738914757966995,0.15208548307418823,0.4809867739677429,-0.04966107755899429,fist,RRQ_p27,RRQ
0.4206945300102234,0.4255055785179138,-4.2324913351876603e-07,0.48491179943084717,0.43061187863349915,-0.023160042241215706,0.558103621006012,0.37393519282341003,-0.03240728750824928,0.5978496670722961,0.30946314334869385,-0.041057538241147995,0.6001254320144653,0.24541141092777252,-0.043197400867938995,0.5375624299049377,0.23383460938930511,-0.0049531408585608006,0.5917170643806458,0.23899319767951965,-0.04063655436038971,0.5689226388931274,0.306889146566391,-0.057140614837408066,0.5479337573051453,0.3199915289878845,-0.06361392885446548,0.5079014301300049,0.20991365611553192,-0.007001291029155254,0.560658872127533,0.2464895248413086,-0.04300132021307945,0.5330637693405151,0.31957748532295227,-0.04908030107617378,0.512910783290863,0.3194830119609833,-0.04545798525214195,0.47648072242736816,0.20493508875370026,-0.015776028856635094,0.5271155834197998,0.26415184140205383,-0.05234098061919212,0.501147449016571,0.32848992943763733,-0.0469488650560379,0.4802243113517761,0.32094597816467285,-0.0353020615875721,0.4454159438610077,0.21297185122966766,-0.02687942422926426,0.49172574281692505,0.2824125587940216,-0.04815223067998886,0.4732937812805176,0.3298996388912201,-0.044979918748140335,0.4520050883293152,0.3219059109687805,-0.03728211298584938,fist,RRQ_p27,RRQ
0.540229320526123,0.6589972376823425,-3.95549250242766e-07,0.6386725306510925,0.6674767732620239,-0.014749210327863693,0.7230848670005798,0.6227922439575195,-0.027399295940995216,0.7789475917816162,0.5773404836654663,-0.0412721186876297,0.7756035327911377,0.5206860899925232,-0.048316095024347305,0.6823657751083374,0.4283170998096466,-0.006926911883056164,0.7672243118286133,0.4792148768901825,-0.04550372064113617,0.7409776449203491,0.5479943752288818,-0.06869006156921387,0.7139955759048462,0.5533251166343689,-0.08281214535236359,0.6545187830924988,0.4097496271133423,-0.0176511500030756,0.7429035902023315,0.4975968897342682,-0.0552496574819088,0.7102466821670532,0.5658663511276245,-0.06417977809906006,0.6857935786247253,0.5628703236579895,-0.06594067811965942,0.629471480846405,0.4222761392593384,-0.03368568420410156,0.7112941741943359,0.5273561477661133,-0.06554432213306427,0.6769665479660034,0.5821507573127747,-0.05978603661060333,0.6510806679725647,0.5711275935173035,-0.052567508071660995,0.6100713014602661,0.4584518074989319,-0.052716296166181564,0.6665632128715515,0.5683232545852661,-0.07261659950017929,0.6375970840454102,0.6057907342910767,-0.07282257825136185,0.6129743456840515,0.5905154943466187,-0.07055658102035522,fist,RRQ_p27,RRQ
0.293477863073349,0.519959568977356,-2.0321429872183217e-07,0.35659095644950867,0.5585853457450867,-0.05681336671113968,0.404779314994812,0.5973369479179382,-0.10803205519914627,0.4025537967681885,0.6503061652183533,-0.15319126844406128,0.3615811765193939,0.689998984336853,-0.1954847127199173,0.4481826722621918,0.38051310181617737,-0.10229701548814774,0.42172369360923767,0.5611360669136047,-0.16999351978302002,0.3841913938522339,0.6353087425231934,-0.212808758020401,0.36599642038345337,0.6252673268318176,-0.24051187932491302,0.36939921975135803,0.34027722477912903,-0.10443561524152756,0.3400765061378479,0.5452051162719727,-0.1570603996515274,0.32388293743133545,0.624119758605957,-0.16728812456130981,0.32649102807044983,0.6010308861732483,-0.17606636881828308,0.2908713221549988,0.34109988808631897,-0.11178557574748993,0.27118685841560364,0.5422821044921875,-0.15198549628257751,0.2722374200820923,0.5985522270202637,-0.13922066986560822,0.28014078736305237,0.5623780488967896,-0.1305464506149292,0.22252844274044037,0.3609514534473419,-0.1264057457447052,0.2144557684659958,0.5103258490562439,-0.14777520298957825,0.22610951960086823,0.5655714869499207,-0.13767743110656738,0.2389589250087738,0.5528364777565002,-0.12994326651096344,fist,RRQ_p27,RRQ
0.6301398277282715,0.5353128910064697,-3.4104149904123915e-07,0.7010766267776489,0.5422899723052979,-0.028366724029183388,0.7858177423477173,0.5008119344711304,-0.04257242754101753,0.8411270976066589,0.4409196674823761,-0.056881699711084366,0.8450643420219421,0.36190319061279297,-0.0648384541273117,0.8023692965507507,0.36675703525543213,-0.007951791398227215,0.8492968678474426,0.3353089988231659,-0.04839208349585533,0.8203505873680115,0.40542903542518616,-0.06983345746994019,0.7889722585678101,0.4392537772655487,-0.0775456354022026,0.7656069397926331,0.3374343812465668,-0.011420640163123608,0.8143461346626282,0.3037441372871399,-0.05534537881612778,0.7845386862754822,0.40146324038505554,-0.06686814874410629,0.7578178644180298,0.43630608916282654,-0.06314060837030411,0.720861554145813,0.3204557001590729,-0.02155279740691185,0.7692750692367554,0.2930208146572113,-0.0674426406621933,0.7464126944541931,0.3913959562778473,-0.05798427015542984,0.7219714522361755,0.42018309235572815,-0.03912633657455444,0.6682295799255371,0.3155837953090668,-0.033861178904771805,0.7163290977478027,0.3186951279640198,-0.06664461642503738,0.7052541971206665,0.38724374771118164,-0.05764142796397209,0.6848564743995667,0.40538743138313293,-0.04186638072133064,fist,RRQ_p27,RRQ
0.6436771154403687,0.6521968245506287,-1.8873841156619164e-07,0.7110080122947693,0.6766343116760254,-0.030826812610030174,0.8055776357650757,0.6562237739562988,-0.04864732548594475,0.8690829277038574,0.6090837121009827,-0.06636939197778702,0.8770709037780762,0.5299281477928162,-0.07924418151378632,0.8379062414169312,0.5126704573631287,-0.01219964399933815,0.8864171504974365,0.49504512548446655,-0.05340876057744026,0.8722180128097534,0.5366350412368774,-0.07272400707006454,0.8466400504112244,0.5592178702354431,-0.07857997715473175,0.8001713752746582,0.4706650972366333,-0.01612895354628563,0.8541715741157532,0.46021950244903564,-0.06318019330501556,0.8115602731704712,0.5596948862075806,-0.07062016427516937,0.781572699546814,0.5909619927406311,-0.06196019798517227,0.7535867094993591,0.44290030002593994,-0.02700042352080345,0.8039548397064209,0.4379899501800537,-0.07779716700315475,0.7696174383163452,0.5342273116111755,-0.06461340188980103,0.742149829864502,0.5549747347831726,-0.04176843911409378,0.6963258981704712,0.4281773567199707,-0.040113259106874466,0.7441859245300293,0.45018714666366577,-0.07704702764749527,0.7271754145622253,0.5209875702857971,-0.0660591870546341,0.7060376405715942,0.532230019569397,-0.047940172255039215,fist,RRQ_p27,RRQ
0.7662894129753113,0.7926424741744995,-6.703100439153786e-07,0.662802517414093,0.7681822776794434,-0.06032625213265419,0.5691463947296143,0.717444658279419,-0.09746353328227997,0.5119023323059082,0.6745263934135437,-0.1264311671257019,0.5541201233863831,0.6618951559066772,-0.1433488428592682,0.6101789474487305,0.46712470054626465,-0.05034380033612251,0.56377774477005,0.5925851464271545,-0.08989839255809784,0.5815659165382385,0.6614288687705994,-0.10337080806493759,0.5951827764511108,0.6412678956985474,-0.11103638261556625,0.6778072118759155,0.4550929665565491,-0.044328950345516205,0.6267056465148926,0.6208449006080627,-0.08676744252443314,0.6398525834083557,0.6831842064857483,-0.08906440436840057,0.6498890519142151,0.6424838304519653,-0.08414685726165771,0.7438477873802185,0.48421138525009155,-0.04695051908493042,0.6928631663322449,0.642643392086029,-0.08875907212495804,0.7028411626815796,0.6960985660552979,-0.07665403932332993,0.7174393534660339,0.6657483577728271,-0.06071816757321358,0.8031423687934875,0.5307918787002563,-0.05676839128136635,0.7641234993934631,0.6492166519165039,-0.08140601217746735,0.7619884014129639,0.6925960779190063,-0.07708132266998291,0.768008291721344,0.6771711707115173,-0.06717503815889359,fist,RRQ_p27,RRQ
0.7417910099029541,0.5214807391166687,-7.411691171910206e-07,0.723972737789154,0.39916789531707764,0.021460236981511116,0.6912810206413269,0.2829347550868988,0.016755472868680954,0.6534083485603333,0.22557777166366577,0.004077704157680273,0.6203044652938843,0.20563757419586182,-0.004166609141975641,0.720417857170105,0.15140940248966217,0.015172461979091167,0.5766646862030029,0.16977952420711517,-0.013984805904328823,0.5869489312171936,0.23665791749954224,-0.03438002988696098,0.6239778399467468,0.24617642164230347,-0.04729649797081947,0.7070911526679993,0.16493593156337738,-0.011021312326192856,0.5529271364212036,0.22228091955184937,-0.03452715277671814,0.57705157995224,0.2852155864238739,-0.03793700784444809,0.6189994215965271,0.28809186816215515,-0.041153136640787125,0.6840094327926636,0.20444157719612122,-0.03873854875564575,0.546001672744751,0.26506975293159485,-0.05064006522297859,0.5700688362121582,0.3275604546070099,-0.040282152593135834,0.6079264283180237,0.32871419191360474,-0.037493593990802765,0.6573962569236755,0.25714877247810364,-0.06774536520242691,0.5549172163009644,0.3221033215522766,-0.0794895812869072,0.5756659507751465,0.3715525269508362,-0.08003047108650208,0.6095333099365234,0.3699863851070404,-0.08002014458179474,fist,RRQ_p27,RRQ
0.4268707036972046,0.7151509523391724,-3.69053253734819e-07,0.43816158175468445,0.5825145244598389,0.027656041085720062,0.404406875371933,0.4809868335723877,0.03523924946784973,0.3520304560661316,0.40935930609703064,0.03929220885038376,0.3030058741569519,0.41005420684814453,0.04237490892410278,0.3372475504875183,0.41314005851745605,-8.56749975355342e-05,0.2620187997817993,0.37697815895080566,0.006942980922758579,0.28088903427124023,0.414980411529541,0.012242736294865608,0.30881592631340027,0.4392898976802826,0.01576993428170681,0.2918797731399536,0.47267213463783264,-0.012370760552585125,0.23852978646755219,0.45575767755508423,0.00940659549087286,0.25832343101501465,0.4902738630771637,0.02427900955080986,0.2833777070045471,0.5085304379463196,0.02773444354534149,0.2561614513397217,0.5466331243515015,-0.019693776965141296,0.22131547331809998,0.5297666192054749,0.004592618439346552,0.24053269624710083,0.5560877323150635,0.02178964763879776,0.26387980580329895,0.5755084753036499,0.024332311004400253,0.22988124191761017,0.6233000159263611,-0.02482452802360058,0.20760098099708557,0.5976943373680115,-0.002371454844251275,0.22931326925754547,0.6220017075538635,0.018824346363544464,0.25006914138793945,0.6404967308044434,0.030909555032849312,fist,RRQ_p27,RRQ
0.48844173550605774,0.783663272857666,-1.0193368780164747e-06,0.34515291452407837,0.7372664213180542,0.003677270608022809,0.243713840842247,0.6702203154563904,-0.015376458875834942,0.17550580203533173,0.6209262609481812,-0.04202971234917641,0.14467383921146393,0.5705403089523315,-0.05944305658340454,0.3032436668872833,0.43507149815559387,-0.002232435392215848,0.1645599901676178,0.5008192658424377,-0.05164090171456337,0.20251667499542236,0.5927599668502808,-0.07553637772798538,0.2437586486339569,0.5938796401023865,-0.08788417279720306,0.3417856991291046,0.4375578761100769,-0.02967805601656437,0.1898646503686905,0.5602641701698303,-0.08047573268413544,0.23781093955039978,0.6429040431976318,-0.08118446916341782,0.2831040620803833,0.6232037544250488,-0.07549861818552017,0.37356892228126526,0.4706348478794098,-0.06262610852718353,0.23349414765834808,0.5989533066749573,-0.10414686053991318,0.27990061044692993,0.6765123605728149,-0.07775746285915375,0.3239175081253052,0.6594332456588745,-0.05486815422773361,0.3972032070159912,0.5274520516395569,-0.09796915203332901,0.29164430499076843,0.6366397738456726,-0.1240859106183052,0.3185153305530548,0.6910168528556824,-0.11186525970697403,0.3549222946166992,0.6765948534011841,-0.09686805307865143,fist,RRQ_p27,RRQ
0.7708797454833984,0.6423357129096985,-6.555048912559869e-07,0.684497058391571,0.6586252450942993,-0.10264191031455994,0.5799063444137573,0.6569318771362305,-0.1746160387992859,0.5367916822433472,0.670795202255249,-0.22850531339645386,0.6069789528846741,0.6788457632064819,-0.26862430572509766,0.6544417142868042,0.36297157406806946,-0.1525939404964447,0.6393008828163147,0.5975847840309143,-0.21265992522239685,0.6529498100280762,0.6658849120140076,-0.23175287246704102,0.663152277469635,0.6239599585533142,-0.2449651062488556,0.7554859519004822,0.3528171479701996,-0.1319604068994522,0.7323403358459473,0.6186599135398865,-0.1832447499036789,0.7275698184967041,0.6603120565414429,-0.1745435744524002,0.7272558212280273,0.5884872078895569,-0.16761164367198944,0.8420745730400085,0.38883131742477417,-0.11898498237133026,0.8110181093215942,0.6295039653778076,-0.166914701461792,0.7940208315849304,0.6519975066184998,-0.1336173266172409,0.7914756536483765,0.5918529033660889,-0.10666707158088684,0.9076169729232788,0.44449278712272644,-0.11784715205430984,0.8787623047828674,0.6117861270904541,-0.16007918119430542,0.8572006225585938,0.6431616544723511,-0.15229912102222443,0.8493053913116455,0.6119066476821899,-0.13852186501026154,fist,RRQ_p27,RRQ
0.4563993215560913,0.5269454717636108,-4.6516501583937497e-07,0.3235835134983063,0.5772423148155212,-0.054233524948358536,0.20496384799480438,0.6207854151725769,-0.09914208948612213,0.1321185678243637,0.677664577960968,-0.1349436640739441,0.1707289218902588,0.663083553314209,-0.15974469482898712,0.16685080528259277,0.34361347556114197,-0.0713995099067688,0.1384337991476059,0.5652886629104614,-0.12132048606872559,0.1871754378080368,0.5830959677696228,-0.15034031867980957,0.19853247702121735,0.5274616479873657,-0.1691911518573761,0.23503531515598297,0.3139682412147522,-0.06832438707351685,0.21721982955932617,0.588644802570343,-0.10889463871717453,0.25424668192863464,0.5801562070846558,-0.11386391520500183,0.25448450446128845,0.5149210095405579,-0.1172233372926712,0.3133588433265686,0.32832828164100647,-0.07173926383256912,0.29701539874076843,0.5799281001091003,-0.09844724088907242,0.3169172704219818,0.5700185298919678,-0.0822831466794014,0.3187425136566162,0.5111414790153503,-0.07097333669662476,0.3885340392589569,0.3697819113731384,-0.0824790894985199,0.36950433254241943,0.5612369775772095,-0.09690697491168976,0.37741175293922424,0.5460491180419922,-0.09084895998239517,0.37689507007598877,0.48673608899116516,-0.0837741494178772,fist,RRQ_p27,RRQ
0.7310507893562317,0.6501638889312744,-2.430960250876524e-07,0.6402071714401245,0.6961616277694702,-0.11761768907308578,0.5556100606918335,0.7404749393463135,-0.2012646645307541,0.5492169857025146,0.8175896406173706,-0.26098206639289856,0.6123709082603455,0.8399688005447388,-0.3077673017978668,0.6033287644386292,0.42440277338027954,-0.198228657245636,0.6191205382347107,0.7272855043411255,-0.2710893452167511,0.6257886290550232,0.7679852247238159,-0.3024948835372925,0.6376270055770874,0.7044498920440674,-0.32541364431381226,0.7177262902259827,0.400112509727478,-0.17209139466285706,0.7324520349502563,0.7385181784629822,-0.23555202782154083,0.7163521647453308,0.7299607396125793,-0.23242880403995514,0.7079800963401794,0.6286604404449463,-0.2301766276359558,0.8168854117393494,0.4276805520057678,-0.15226347744464874,0.8096020817756653,0.7356870770454407,-0.20647242665290833,0.7843266129493713,0.7112430930137634,-0.16618499159812927,0.7728819251060486,0.6169212460517883,-0.13346712291240692,0.8889971971511841,0.4785512685775757,-0.1461889147758484,0.8672383427619934,0.6984448432922363,-0.20240747928619385,0.8382300734519958,0.6856968402862549,-0.19726891815662384,0.8227030038833618,0.6107316017150879,-0.18121659755706787,fist,RRQ_p27,RRQ
0.7130651473999023,0.5817375779151917,-4.0314944271813147e-07,0.6590240001678467,0.5824159383773804,-0.043083734810352325,0.6058487296104431,0.5786319375038147,-0.07384328544139862,0.5769453644752502,0.5794730186462402,-0.0980352982878685,0.6015848517417908,0.5741779804229736,-0.11535809189081192,0.6158415079116821,0.40548765659332275,-0.055698420852422714,0.6030242443084717,0.5060170888900757,-0.08370239287614822,0.614708662033081,0.546731173992157,-0.09293433278799057,0.6209200024604797,0.5265905857086182,-0.0989237055182457,0.6659140586853027,0.39533641934394836,-0.050506483763456345,0.6527171730995178,0.5213904976844788,-0.07773365080356598,0.6547591686248779,0.5554580688476562,-0.07850328087806702,0.6528232097625732,0.5235319137573242,-0.07716520875692368,0.7141461968421936,0.4100190997123718,-0.04934564232826233,0.6980240345001221,0.5268570184707642,-0.07411715388298035,0.6966177225112915,0.5528436899185181,-0.06319218128919601,0.6973094940185547,0.5251394510269165,-0.05303478240966797,0.7545453310012817,0.4369804263114929,-0.05314529314637184,0.7392522096633911,0.5220922231674194,-0.06840027123689651,0.7339532375335693,0.5465556979179382,-0.06327125430107117,0.7347136735916138,0.5300360918045044,-0.056157439947128296,fist,RRQ_p27,RRQ
0.2564411759376526,0.6319102048873901,4.7580837758687267e-07,0.3178647458553314,0.619158148765564,-0.030505485832691193,0.3750841021537781,0.5687053799629211,-0.04084336385130882,0.4197690486907959,0.5165529251098633,-0.0489349402487278,0.4576672911643982,0.4837331473827362,-0.05568574368953705,0.3587992787361145,0.4428127408027649,-0.014943395741283894,0.40366071462631226,0.37494057416915894,-0.029501304030418396,0.4292832612991333,0.32975777983665466,-0.04292318969964981,0.44900602102279663,0.2913433015346527,-0.05318116396665573,0.32573458552360535,0.4158635437488556,-0.013174216262996197,0.3523827791213989,0.3242318630218506,-0.025866951793432236,0.3673245310783386,0.26531118154525757,-0.03893674537539482,0.37839338183403015,0.21610857546329498,-0.0487256720662117,0.29019981622695923,0.4099588692188263,-0.015984518453478813,0.307152658700943,0.32262086868286133,-0.03233826532959938,0.3206316828727722,0.2680756449699402,-0.04623210057616234,0.33175376057624817,0.22246041893959045,-0.0554499551653862,0.2504632771015167,0.4203048646450043,-0.021842649206519127,0.24398821592330933,0.35151299834251404,-0.0402437224984169,0.2397165596485138,0.30373990535736084,-0.05014749988913536,0.23706857860088348,0.2590777277946472,-0.055752672255039215,open_palm,RRQ_p27,RRQ
0.2612012028694153,0.585510790348053,5.224550818638818e-07,0.32766664028167725,0.5893562436103821,-0.03293929249048233,0.39902549982070923,0.5545477867126465,-0.04473816230893135,0.45741719007492065,0.5164350867271423,-0.0543958954513073,0.5018754005432129,0.4883701503276825,-0.0629558339715004,0.4094580113887787,0.41713055968284607,-0.01786656118929386,0.47124603390693665,0.3604663908481598,-0.03703993931412697,0.5083423256874084,0.320217490196228,-0.05429878085851669,0.5374588966369629,0.2855475842952728,-0.06698837131261826,0.3785993456840515,0.3762129843235016,-0.017507335171103477,0.42401981353759766,0.2849983274936676,-0.034502122551202774,0.45317262411117554,0.2256643921136856,-0.051036395132541656,0.4761474132537842,0.17645733058452606,-0.0630035325884819,0.34073904156684875,0.3577871024608612,-0.022118985652923584,0.37812933325767517,0.26810675859451294,-0.04199357330799103,0.4038577675819397,0.21195073425769806,-0.05778423324227333,0.42588499188423157,0.16537728905677795,-0.06810348480939865,0.2958049178123474,0.3574153780937195,-0.0300538819283247,0.30183008313179016,0.28144633769989014,-0.051722798496484756,0.3063335716724396,0.22803230583667755,-0.06270278245210648,0.3119201064109802,0.1781845986843109,-0.06861746311187744,open_palm,RRQ_p27,RRQ
0.4225934147834778,0.6998088359832764,5.596662617790571e-07,0.49675339460372925,0.7226905226707458,-0.037300631403923035,0.5809931755065918,0.6940868496894836,-0.04875216260552406,0.6497523784637451,0.6573349833488464,-0.05716737359762192,0.7018385529518127,0.6345940828323364,-0.06450638175010681,0.593560516834259,0.5391402244567871,-0.018275372684001923,0.6617655754089355,0.48450329899787903,-0.03753656893968582,0.7032584547996521,0.4457036256790161,-0.05554386228322983,0.7370226383209229,0.411404550075531,-0.06886535882949829,0.5629374384880066,0.49168795347213745,-0.01581207849085331,0.6187877655029297,0.3980749547481537,-0.03190351277589798,0.655010998249054,0.3381931781768799,-0.04872909188270569,0.6843976974487305,0.287765234708786,-0.06124675273895264,0.5242162346839905,0.4687162935733795,-0.018962325528264046,0.568518340587616,0.3788108825683594,-0.03824234381318092,0.6006067395210266,0.32421353459358215,-0.054306164383888245,0.6289207339286804,0.27749213576316833,-0.06502803415060043,0.47754591703414917,0.46311086416244507,-0.025973018258810043,0.49432268738746643,0.3841661214828491,-0.047093071043491364,0.5070257186889648,0.3311651945114136,-0.057984769344329834,0.5215909481048584,0.281186044216156,-0.06418631225824356,open_palm,RRQ_p27,RRQ
0.14557582139968872,0.7112599611282349,5.992820319988823e-07,0.22838503122329712,0.6760408878326416,-0.053196296095848083,0.300898015499115,0.5853850841522217,-0.07247667014598846,0.34513288736343384,0.4867650866508484,-0.08606371283531189,0.38394254446029663,0.41312915086746216,-0.09823779761791229,0.2646574079990387,0.41066646575927734,-0.042706746608018875,0.3128947615623474,0.2962092161178589,-0.07125619798898697,0.3344946503639221,0.21452069282531738,-0.09472382068634033,0.3473191261291504,0.14225438237190247,-0.112572580575943,0.20987556874752045,0.3788836896419525,-0.037136126309633255,0.22216102480888367,0.23494960367679596,-0.06389416754245758,0.22545085847377777,0.13793110847473145,-0.08740438520908356,0.22471344470977783,0.05551093816757202,-0.10464562475681305,0.1566007137298584,0.3813859522342682,-0.03759555518627167,0.15971532464027405,0.24655964970588684,-0.06750637292861938,0.16240914165973663,0.15903937816619873,-0.08974378556013107,0.1632043421268463,0.08502829074859619,-0.10431163012981415,0.1029382050037384,0.4111413359642029,-0.042923543602228165,0.0767216607928276,0.31107306480407715,-0.0753990039229393,0.058531299233436584,0.24048806726932526,-0.09286535531282425,0.04270680248737335,0.17408204078674316,-0.10255929082632065,open_palm,RRQ_p27,RRQ
0.5352228283882141,0.828338623046875,8.22143249479268e-07,0.6368037462234497,0.8286441564559937,-0.049712736159563065,0.7425252199172974,0.7677599191665649,-0.07047560065984726,0.8243423104286194,0.6971064805984497,-0.08719022572040558,0.893204927444458,0.6476374268531799,-0.10346296429634094,0.7271696925163269,0.5656194090843201,-0.039495550096035004,0.8103958368301392,0.46834468841552734,-0.07314321398735046,0.8622315526008606,0.4027049243450165,-0.1001148596405983,0.9055296778678894,0.3461189866065979,-0.11918960511684418,0.6773741841316223,0.5150847434997559,-0.03970356658101082,0.7380659580230713,0.3721340298652649,-0.06875678151845932,0.7786386013031006,0.2789594233036041,-0.09380706399679184,0.8117889761924744,0.20015284419059753,-0.11163466423749924,0.6213932633399963,0.5015550851821899,-0.04649366810917854,0.6656848192214966,0.36611300706863403,-0.07742297649383545,0.7002389430999756,0.2790612578392029,-0.09935268014669418,0.73398756980896,0.20236799120903015,-0.11402826011180878,0.5587964653968811,0.5163909792900085,-0.058001548051834106,0.566638171672821,0.40931570529937744,-0.09000709652900696,0.5768328309059143,0.334320604801178,-0.10499327629804611,0.5920006036758423,0.2613850235939026,-0.11341648548841476,open_palm,RRQ_p27,RRQ
0.44518253207206726,0.7481438517570496,5.965360969639733e-07,0.530674159526825,0.7446359395980835,-0.05584822595119476,0.610930323600769,0.6772254705429077,-0.07557687163352966,0.6592159271240234,0.5883409380912781,-0.0897124633193016,0.7021636366844177,0.5127851366996765,-0.1015247032046318,0.6068354845046997,0.4891660213470459,-0.024241987615823746,0.6475106477737427,0.3775680661201477,-0.049945082515478134,0.6681891083717346,0.3055516481399536,-0.07366644591093063,0.6865165829658508,0.2424429953098297,-0.09063287079334259,0.5679760575294495,0.45798641443252563,-0.014340103603899479,0.6108656525611877,0.3398283123970032,-0.036198683083057404,0.6376640200614929,0.26068630814552307,-0.05752477049827576,0.6610381603240967,0.1943797469139099,-0.07252268493175507,0.5251072645187378,0.4517323970794678,-0.012550736777484417,0.5617713928222656,0.33881762623786926,-0.03569427505135536,0.5861943364143372,0.2695629596710205,-0.04995935037732124,0.6079741716384888,0.21143752336502075,-0.05841342359781265,0.4757516086101532,0.46478939056396484,-0.01668899692595005,0.5059003829956055,0.3769316077232361,-0.038647472858428955,0.5282955169677734,0.3200666904449463,-0.04775547236204147,0.5494562387466431,0.2667723000049591,-0.052225321531295776,open_palm,RRQ_p27,RRQ
0.620032548904419,0.7943140268325806,5.258409601083258e-07,0.703145444393158,0.8124660849571228,-0.04012756794691086,0.7906595468521118,0.7710374593734741,-0.05310329794883728,0.8527965545654297,0.7055511474609375,-0.06281613558530807,0.9083799123764038,0.6538533568382263,-0.07109420001506805,0.8166500329971313,0.6016311645507812,-0.015712562948465347,0.8806549906730652,0.5160173773765564,-0.038765426725149155,0.9158366918563843,0.4599339962005615,-0.05928757041692734,0.9458969831466675,0.408517062664032,-0.07392539829015732,0.7862738966941833,0.5601622462272644,-0.012744794599711895,0.855313777923584,0.4662586450576782,-0.032467346638441086,0.8968377113342285,0.40474367141723633,-0.051005031913518906,0.9309896230697632,0.3510022759437561,-0.06405939906835556,0.7453402876853943,0.5409166812896729,-0.01642909087240696,0.8061023354530334,0.4467867612838745,-0.0385318361222744,0.8450047969818115,0.38807806372642517,-0.05290135368704796,0.8778845071792603,0.3363247513771057,-0.061654362827539444,0.6943224668502808,0.5369134545326233,-0.02431664615869522,0.7425858974456787,0.46422773599624634,-0.045840684324502945,0.7760629057884216,0.4169690012931824,-0.054983265697956085,0.8078023195266724,0.37112557888031006,-0.05968216434121132,open_palm,RRQ_p27,RRQ
0.35032233595848083,0.698600172996521,6.266281502576021e-07,0.43710029125213623,0.6801798939704895,-0.05481617897748947,0.511671781539917,0.6016098260879517,-0.07502689212560654,0.553252100944519,0.5102667808532715,-0.0898263156414032,0.5901227593421936,0.4334973394870758,-0.10300016403198242,0.49642372131347656,0.415570467710495,-0.03318522125482559,0.533027172088623,0.2956726551055908,-0.06279363483190536,0.5515134334564209,0.21627531945705414,-0.08848679065704346,0.5677633285522461,0.14643150568008423,-0.10704512149095535,0.4488494396209717,0.38465917110443115,-0.025965971872210503,0.4831905663013458,0.25192198157310486,-0.052136268466711044,0.5061623454093933,0.16523009538650513,-0.0764257088303566,0.5275758504867554,0.09209904074668884,-0.09377817809581757,0.3998141586780548,0.38337481021881104,-0.026184141635894775,0.4254080355167389,0.25588953495025635,-0.0536012127995491,0.44594264030456543,0.173077791929245,-0.07327140867710114,0.46619316935539246,0.10267382860183716,-0.08596223592758179,0.3472972512245178,0.4044027626514435,-0.03190520405769348,0.3662540316581726,0.3049502372741699,-0.05827061086893082,0.3840309679508209,0.23937173187732697,-0.07143539935350418,0.4033140242099762,0.1781746745109558,-0.07917484641075134,open_palm,RRQ_p27,RRQ
0.653191089630127,0.8185230493545532,2.368639968608477e-07,0.5732667446136475,0.7676416635513306,-0.020677803084254265,0.5229482054710388,0.6642981171607971,-0.024162443354725838,0.5075443983078003,0.5678330659866333,-0.028692375868558884,0.497516930103302,0.49532121419906616,-0.03159413859248161,0.5533093214035034,0.5392438173294067,0.012827664613723755,0.5271722078323364,0.4382063150405884,-0.002156584057956934,0.5106356739997864,0.37708497047424316,-0.02010762132704258,0.49823158979415894,0.31849151849746704,-0.03504658490419388,0.5948339700698853,0.5159671306610107,0.006738734897226095,0.5667476654052734,0.404044508934021,-0.004990756511688232,0.5483344197273254,0.3325510621070862,-0.02201761119067669,0.5317356586456299,0.26642781496047974,-0.0356421135365963,0.6373060941696167,0.5166906118392944,-0.005448643583804369,0.61677485704422,0.4079240560531616,-0.01909482106566429,0.6032881140708923,0.3379666209220886,-0.030619079247117043,0.5888626575469971,0.2746908962726593,-0.0401313491165638,0.6833698153495789,0.5359889268875122,-0.02135641500353813,0.672298789024353,0.4515700936317444,-0.03366754949092865,0.6634976863861084,0.39546847343444824,-0.03884250670671463,0.6530498266220093,0.3423891067504883,-0.04321308806538582,open_palm,RRQ_p27,RRQ
0.7788639664649963,0.7242602705955505,3.243325465973612e-07,0.7046214938163757,0.6623109579086304,-0.020867029204964638,0.6623004078865051,0.5569013357162476,-0.0250482726842165,0.6467399597167969,0.4618888199329376,-0.030047165229916573,0.646442174911499,0.39271873235702515,-0.03391909971833229,0.6995975375175476,0.442442923784256,0.010210102424025536,0.6858764290809631,0.33639097213745117,-0.006529121194034815,0.6804173588752747,0.27132171392440796,-0.02533976547420025,0.679821789264679,0.2101239562034607,-0.040361180901527405,0.7438297271728516,0.4263561964035034,0.004096267744898796,0.7326323390007019,0.308012992143631,-0.008356224745512009,0.7269415259361267,0.23248620331287384,-0.02630721591413021,0.7223169803619385,0.1624145209789276,-0.040354833006858826,0.7872678637504578,0.43451035022735596,-0.007855509407818317,0.7829574942588806,0.3218550980091095,-0.02294646017253399,0.781414806842804,0.2498091608285904,-0.03609151765704155,0.7781786918640137,0.18442457914352417,-0.046199195086956024,0.8321190476417542,0.4627247452735901,-0.0230668056756258,0.8297053575515747,0.3771604597568512,-0.03694906085729599,0.8287534713745117,0.32029813528060913,-0.04254557192325592,0.8265882730484009,0.26541993021965027,-0.04690711200237274,open_palm,RRQ_p27,RRQ
0.5444939732551575,0.6994126439094543,1.7454243561587646e-07,0.4632680118083954,0.6708211302757263,-0.015427334234118462,0.41080406308174133,0.5854804515838623,-0.01591617614030838,0.390999436378479,0.4984559118747711,-0.018031258136034012,0.373661607503891,0.4315517246723175,-0.019436094909906387,0.4284769594669342,0.4682575464248657,0.013806660659611225,0.3898591995239258,0.38233333826065063,-0.0004985227715224028,0.3635086715221405,0.3283207416534424,-0.01746494136750698,0.3408603072166443,0.27760612964630127,-0.03120240941643715,0.46144333481788635,0.4377508759498596,0.006525375414639711,0.42254379391670227,0.33911779522895813,-0.0058542536571621895,0.392171710729599,0.27640414237976074,-0.023752855136990547,0.3632139563560486,0.21963852643966675,-0.03736499324440956,0.4974037706851959,0.4285942316055298,-0.005824234336614609,0.46799445152282715,0.32986709475517273,-0.020318714901804924,0.44447335600852966,0.26769688725471497,-0.033998679369688034,0.42036736011505127,0.21379876136779785,-0.04417973756790161,0.5380015969276428,0.4354187250137329,-0.02099907211959362,0.5227677226066589,0.3560361862182617,-0.03366636857390404,0.5105238556861877,0.3037245571613312,-0.04001244902610779,0.49683326482772827,0.25683051347732544,-0.044762786477804184,open_palm,RRQ_p27,RRQ
0.4591270089149475,0.7969902157783508,1.6208305453346838e-07,0.3729356527328491,0.7810940742492676,-0.011579342186450958,0.3130239248275757,0.7049731016159058,-0.008937654085457325,0.2865368127822876,0.6220617294311523,-0.009280587546527386,0.27096059918403625,0.5605199933052063,-0.008873979561030865,0.3187026381492615,0.5842351913452148,0.02641252800822258,0.2745901942253113,0.5043090581893921,0.01708938553929329,0.24287521839141846,0.45967233180999756,0.0020919430535286665,0.21186164021492004,0.41854047775268555,-0.011127103120088577,0.34910261631011963,0.5503113269805908,0.01756683550775051,0.30118584632873535,0.4608888626098633,0.008017283864319324,0.26171842217445374,0.409835547208786,-0.01030904334038496,0.22251911461353302,0.3655295968055725,-0.02447422407567501,0.383267879486084,0.5371255874633789,0.0034001038875430822,0.34327515959739685,0.44328516721725464,-0.00943239126354456,0.31198370456695557,0.38802197575569153,-0.02382277138531208,0.28110507130622864,0.3421853184700012,-0.034746795892715454,0.42377379536628723,0.5373354554176331,-0.01340144220739603,0.4004446864128113,0.4575059413909912,-0.02480083331465721,0.3823155164718628,0.40532761812210083,-0.031538281589746475,0.3633424937725067,0.35795068740844727,-0.037033502012491226,open_palm,RRQ_p27,RRQ
0.5317752361297607,0.6297916173934937,1.5978764622559538e-07,0.4479038715362549,0.5929504632949829,-0.011951091699302197,0.3944268822669983,0.4989374876022339,-0.009553800337016582,0.37581509351730347,0.41102033853530884,-0.009593079797923565,0.360599160194397,0.34576717019081116,-0.009146731346845627,0.4143492877483368,0.3807758390903473,0.018779058009386063,0.3759072422981262,0.2922774851322174,0.006532085593789816,0.34878265857696533,0.23701605200767517,-0.009262485429644585,0.32507413625717163,0.1853037029504776,-0.022487225010991096,0.44816234707832336,0.35151976346969604,0.009578877128660679,0.4104382395744324,0.2493778020143509,-0.0018034018576145172,0.38022613525390625,0.1836661994457245,-0.019532237201929092,0.351682186126709,0.12412449717521667,-0.03306739032268524,0.48518410325050354,0.34398046135902405,-0.00460272328928113,0.45780038833618164,0.2417321354150772,-0.018380088731646538,0.4365413784980774,0.17528541386127472,-0.032449543476104736,0.4146437346935272,0.11763501167297363,-0.04319755360484123,0.5266789197921753,0.3526449501514435,-0.0214393250644207,0.5140976309776306,0.270020067691803,-0.033298492431640625,0.5042883157730103,0.21502245962619781,-0.039490193128585815,0.4928959310054779,0.16532468795776367,-0.0445319339632988,open_palm,RRQ_p27,RRQ
0.7552638053894043,0.619027853012085,3.0771826686759596e-07,0.6894197463989258,0.5467726588249207,-0.021821556612849236,0.6605865359306335,0.43742167949676514,-0.027676749974489212,0.6597147583961487,0.34217315912246704,-0.034324221312999725,0.6713889241218567,0.2704545259475708,-0.04013186693191528,0.7106589078903198,0.32968300580978394,0.006277523934841156,0.7043947577476501,0.222517192363739,-0.011631554923951626,0.7017563581466675,0.15669307112693787,-0.03135216608643532,0.7046112418174744,0.09545043110847473,-0.047003451734781265,0.755355715751648,0.31999894976615906,0.0005657735164277256,0.7525869607925415,0.19908785820007324,-0.013787181116640568,0.7516852021217346,0.1207505613565445,-0.03335317596793175,0.7531731724739075,0.04865765571594238,-0.04872847720980644,0.7971076369285583,0.3341153562068939,-0.010731671936810017,0.8037065267562866,0.2191695272922516,-0.02683263085782528,0.8088182806968689,0.145695298910141,-0.04101172089576721,0.8126117587089539,0.08073252439498901,-0.052008502185344696,0.8383283019065857,0.3673408329486847,-0.025316622108221054,0.8482974767684937,0.27868592739105225,-0.03914565220475197,0.8531970977783203,0.21871979534626007,-0.04560571908950806,0.8559167385101318,0.16103726625442505,-0.05088861286640167,open_palm,RRQ_p27,RRQ
0.568744957447052,0.6982977986335754,1.3205787752212927e-07,0.49271541833877563,0.6546494960784912,-0.016296137124300003,0.4451906383037567,0.5613319873809814,-0.01960665173828602,0.43043848872184753,0.4696658253669739,-0.02460917830467224,0.421237051486969,0.3949989080429077,-0.028738120570778847,0.465685099363327,0.4417992830276489,0.013292290270328522,0.43297308683395386,0.3542921543121338,-0.0019738851115107536,0.40775948762893677,0.3030397295951843,-0.019903237000107765,0.3848588466644287,0.25373876094818115,-0.03470967710018158,0.5002963542938232,0.418614000082016,0.0050096348859369755,0.46558821201324463,0.3174785375595093,-0.009294059127569199,0.43793898820877075,0.25521641969680786,-0.028572123497724533,0.41128090023994446,0.1974848508834839,-0.04348258674144745,0.5374153852462769,0.4180137515068054,-0.008571688085794449,0.5129053592681885,0.31488072872161865,-0.025951428338885307,0.49250471591949463,0.25059831142425537,-0.040864355862140656,0.4708941876888275,0.1938808262348175,-0.051995258778333664,0.5782653093338013,0.4328348934650421,-0.024829406291246414,0.5684933662414551,0.34759336709976196,-0.04074937477707863,0.5602400302886963,0.290041983127594,-0.048940129578113556,0.5494096875190735,0.2363806664943695,-0.05509268492460251,open_palm,RRQ_p27,RRQ
0.6582434177398682,0.6264891028404236,-3.4653484703994764e-07,0.6346152424812317,0.5390630960464478,0.0037211542949080467,0.582582950592041,0.4498814046382904,-0.003660942194983363,0.5490403771400452,0.38016068935394287,-0.013270615600049496,0.5404238700866699,0.3126431107521057,-0.02264479547739029,0.5296729803085327,0.43256574869155884,-0.005109995603561401,0.4633294939994812,0.49236878752708435,-0.020103178918361664,0.4876236319541931,0.5194122195243835,-0.028227001428604126,0.5132336616516113,0.5098906755447388,-0.03175743669271469,0.5235008597373962,0.47513023018836975,-0.014101595617830753,0.4635685384273529,0.5459380149841309,-0.022910112515091896,0.49296310544013977,0.5626876354217529,-0.020115941762924194,0.5175200700759888,0.5471194982528687,-0.018438246101140976,0.5205661654472351,0.53077632188797,-0.023815425112843513,0.46780550479888916,0.5862561464309692,-0.030219800770282745,0.4967777132987976,0.6009985208511353,-0.02048519439995289,0.5199066400527954,0.5841805934906006,-0.015127063728868961,0.5192352533340454,0.5877458453178406,-0.033577486872673035,0.4797482490539551,0.6274511814117432,-0.03699827566742897,0.5076315402984619,0.6390938758850098,-0.02903866022825241,0.5296406149864197,0.6270290613174438,-0.021906092762947083,thumbs_up,RRQ_p27,RRQ
0.7261715531349182,0.5511414408683777,-4.2604261807355215e-07,0.7144067883491516,0.45583397150039673,0.010664966888725758,0.6785613894462585,0.3603951632976532,0.00660409452393651,0.6572353839874268,0.28716450929641724,-0.0009146669181063771,0.6591215133666992,0.22406361997127533,-0.006974095944315195,0.6489715576171875,0.30227503180503845,-0.0002632890536915511,0.5607660412788391,0.3572569787502289,-0.01516666542738676,0.5835922956466675,0.39073365926742554,-0.02339007891714573,0.6110056638717651,0.3834763169288635,-0.02906506322324276,0.6426107287406921,0.3301873207092285,-0.014079046435654163,0.5495860576629639,0.4009655714035034,-0.026632677763700485,0.5786368250846863,0.4247671067714691,-0.026155928149819374,0.6067910194396973,0.41412633657455444,-0.027749860659241676,0.6336368918418884,0.3753863275051117,-0.028273023664951324,0.5521539449691772,0.43578940629959106,-0.03704793006181717,0.5799943804740906,0.4594483971595764,-0.028110137209296227,0.6062723994255066,0.44934216141700745,-0.024847019463777542,0.6245040893554688,0.4271034300327301,-0.04237031191587448,0.5645745396614075,0.47602933645248413,-0.051172059029340744,0.5887494087219238,0.495064377784729,-0.04935413971543312,0.612707257270813,0.48357877135276794,-0.047547291964292526,thumbs_up,RRQ_p27,RRQ
0.5093734264373779,0.7311292290687561,-1.958059385742672e-07,0.44939571619033813,0.658837616443634,-0.0024098935537040234,0.3653666079044342,0.6108846068382263,-0.013179697096347809,0.3015243113040924,0.5611770153045654,-0.02612583339214325,0.26508060097694397,0.5001814961433411,-0.04070539027452469,0.2936429977416992,0.6743114590644836,-0.0110571114346385,0.2569296360015869,0.7298558950424194,-0.021133266389369965,0.2840942442417145,0.7400379776954651,-0.031626779586076736,0.31403711438179016,0.7244301438331604,-0.038369517773389816,0.30377212166786194,0.7406485080718994,-0.016832789406180382,0.2888346016407013,0.7845329642295837,-0.019450601190328598,0.3184540569782257,0.7814879417419434,-0.023595239967107773,0.34663671255111694,0.7600910067558289,-0.028249669820070267,0.32897743582725525,0.8054326176643372,-0.021954355761408806,0.31446540355682373,0.8346076011657715,-0.021206336095929146,0.3402298390865326,0.8288620114326477,-0.015118475072085857,0.36608240008354187,0.807766318321228,-0.013638335280120373,0.3582991063594818,0.8642197847366333,-0.02773711457848549,0.3441198170185089,0.8870289325714111,-0.025612162426114082,0.3678828477859497,0.8764524459838867,-0.01527134794741869,0.38748979568481445,0.8574309945106506,-0.006710600573569536,thumbs_up,RRQ_p27,RRQ
0.3589632511138916,0.6828041076660156,-1.795679764882152e-07,0.3408052921295166,0.5571528673171997,-0.0032876012846827507,0.2760401666164398,0.4737515449523926,-0.004503971431404352,0.21610631048679352,0.4130973219871521,-0.00424592662602663,0.1878242939710617,0.34859535098075867,-0.004618904087692499,0.16900181770324707,0.5400088429450989,0.006031292490661144,0.1889912486076355,0.5159710049629211,0.018399398773908615,0.22734230756759644,0.5280704498291016,0.01660919189453125,0.24506306648254395,0.5487040877342224,0.011507725343108177,0.15959709882736206,0.612500011920929,0.009146900847554207,0.18566516041755676,0.5876567363739014,0.03326312080025673,0.2195156216621399,0.5923652052879333,0.030591504648327827,0.23694433271884918,0.6104880571365356,0.020184235647320747,0.16956886649131775,0.6759669184684753,0.014191043563187122,0.1875380426645279,0.6509493589401245,0.03554520756006241,0.21558532118797302,0.6463000774383545,0.03466425836086273,0.2341781109571457,0.6591812968254089,0.02542850375175476,0.18570296466350555,0.7273815870285034,0.019056111574172974,0.18521106243133545,0.7093675136566162,0.03571738302707672,0.2056681215763092,0.6999800205230713,0.04426096752285957,0.22173452377319336,0.7047345638275146,0.04726003110408783,thumbs_up,RRQ_p27,RRQ
0.7557529807090759,0.6901118755340576,-3.2676481964699633e-07,0.6831516623497009,0.5712911486625671,-0.06659476459026337,0.6244066953659058,0.4542655050754547,-0.11990582942962646,0.5801595449447632,0.3667774796485901,-0.1581050306558609,0.5450647473335266,0.2708670198917389,-0.18657240271568298,0.7458661198616028,0.402466356754303,-0.16103272140026093,0.5848948955535889,0.507038950920105,-0.22874537110328674,0.5986704230308533,0.5260277986526489,-0.24728912115097046,0.6458290815353394,0.4983816146850586,-0.2538749575614929,0.7894468307495117,0.48657485842704773,-0.15904170274734497,0.6067910194396973,0.6075135469436646,-0.2182270884513855,0.6315858364105225,0.6033483743667603,-0.20949053764343262,0.6821820139884949,0.5643063187599182,-0.20385058224201202,0.8159017562866211,0.5888111591339111,-0.16089436411857605,0.6434470415115356,0.69184410572052,-0.21620284020900726,0.6602854132652283,0.678773045539856,-0.1865191012620926,0.7046263813972473,0.6487555503845215,-0.1629430502653122,0.8280143737792969,0.6926721930503845,-0.16950248181819916,0.6924451589584351,0.7539641261100769,-0.22306306660175323,0.6978479623794556,0.7328342199325562,-0.2237476408481598,0.738114595413208,0.7015307545661926,-0.21679258346557617,thumbs_up,RRQ_p27,RRQ
0.5305282473564148,0.7956734895706177,-1.118706109082268e-06,0.4044891893863678,0.6429872512817383,-0.017224851995706558,0.29064446687698364,0.49797141551971436,-0.03539305180311203,0.2109190672636032,0.38776203989982605,-0.053725287318229675,0.16259820759296417,0.2868926227092743,-0.06988896429538727,0.3192296028137207,0.4228035807609558,-0.046229634433984756,0.193910151720047,0.5406870245933533,-0.08723047375679016,0.19857566058635712,0.6172375082969666,-0.10921324044466019,0.21552884578704834,0.6239132881164551,-0.12306832522153854,0.37464770674705505,0.4802986681461334,-0.05982386693358421,0.24199765920639038,0.6220163106918335,-0.10365201532840729,0.243008553981781,0.6652361750602722,-0.1196075826883316,0.2562837302684784,0.668936014175415,-0.13253852725028992,0.4256955683231354,0.5572720766067505,-0.07637449353933334,0.2990986108779907,0.6702721118927002,-0.12143982201814651,0.281756728887558,0.7024667263031006,-0.1276368796825409,0.27775731682777405,0.7040579319000244,-0.12922994792461395,0.470771849155426,0.641323983669281,-0.09330382198095322,0.37206196784973145,0.6995022892951965,-0.1266152709722519,0.34013497829437256,0.725817084312439,-0.1347048133611679,0.32210636138916016,0.7401245832443237,-0.13716694712638855,thumbs_up,RRQ_p27,RRQ
0.6690865159034729,0.6017777323722839,-1.098739176086383e-06,0.6503905057907104,0.4614547789096832,-0.03763303905725479,0.7010451555252075,0.30366259813308716,-0.04601134732365608,0.7561492919921875,0.20021456480026245,-0.05023868754506111,0.7904781103134155,0.1092178225517273,-0.04548140987753868,0.8409791588783264,0.29642054438591003,-0.00896301120519638,0.759015679359436,0.271758496761322,-0.045326389372348785,0.7150275111198425,0.3468894362449646,-0.06725172698497772,0.7271450161933899,0.38761213421821594,-0.08006839454174042,0.8839863538742065,0.3594425320625305,-0.0069954064674675465,0.7641233205795288,0.3600109815597534,-0.03867973014712334,0.7218014001846313,0.4252329468727112,-0.044013381004333496,0.7388558983802795,0.45628389716148376,-0.043802015483379364,0.8983109593391418,0.4404250681400299,-0.013831304386258125,0.7842554450035095,0.4402177333831787,-0.0495879203081131,0.7419978976249695,0.48687469959259033,-0.04025684669613838,0.755103588104248,0.5099719762802124,-0.028494125232100487,0.9005307555198669,0.5267302393913269,-0.02615860104560852,0.808850884437561,0.5246400833129883,-0.05258692428469658,0.7613461017608643,0.5436090230941772,-0.05028508976101875,0.7597209811210632,0.5551055073738098,-0.04211490973830223,thumbs_up,RRQ_p27,RRQ
0.5327236652374268,0.7316904067993164,-5.788587600363826e-07,0.46209773421287537,0.5576425194740295,-0.010565080679953098,0.42164045572280884,0.40249863266944885,-0.02239096164703369,0.39132654666900635,0.28809237480163574,-0.037510909140110016,0.3690427541732788,0.20151692628860474,-0.050495970994234085,0.4804611802101135,0.3624055087566376,-0.01447153277695179,0.4037879407405853,0.3773319721221924,-0.05470697581768036,0.41451606154441833,0.4116327166557312,-0.08331938832998276,0.43632322549819946,0.416792631149292,-0.09971768409013748,0.5160549879074097,0.43049412965774536,-0.027539050206542015,0.42455020546913147,0.4456911087036133,-0.068458192050457,0.4412909746170044,0.4670324921607971,-0.08628332614898682,0.46794870495796204,0.47670578956604004,-0.0963839590549469,0.5437853336334229,0.5023454427719116,-0.04435000196099281,0.45746833086013794,0.503479540348053,-0.08387373387813568,0.4687075912952423,0.5200580954551697,-0.08159101754426956,0.49095866084098816,0.5314972400665283,-0.07311910390853882,0.5625590085983276,0.576919674873352,-0.06221654266119003,0.5009846687316895,0.5563952922821045,-0.08566934615373611,0.5050657391548157,0.5642227530479431,-0.08151759207248688,0.5240232944488525,0.569247305393219,-0.07301189005374908,thumbs_up,RRQ_p27,RRQ
0.5592409372329712,0.7763161063194275,-9.91064098343486e-07,0.5381340384483337,0.6524644494056702,-0.04173876717686653,0.57769775390625,0.5004876852035522,-0.052550483494997025,0.616436779499054,0.39328715205192566,-0.059778839349746704,0.63652104139328,0.30809247493743896,-0.05821503326296806,0.7081524729728699,0.4867522120475769,-0.006211838684976101,0.6594624519348145,0.46726417541503906,-0.04502388834953308,0.614547848701477,0.5432034730911255,-0.0685892179608345,0.6189405918121338,0.5753921270370483,-0.08259087800979614,0.753301739692688,0.5416534543037415,-0.002761159325018525,0.6712562441825867,0.5497741103172302,-0.03748007491230965,0.6230818629264832,0.6151717901229858,-0.04542474448680878,0.6383261680603027,0.6304618120193481,-0.04591404274106026,0.7728952765464783,0.6180651187896729,-0.009022831916809082,0.6933380961418152,0.630102813243866,-0.04707198962569237,0.646328330039978,0.6745026707649231,-0.03649969771504402,0.6619665622711182,0.6798582673072815,-0.023387519642710686,0.7813137173652649,0.6989984512329102,-0.02070797048509121,0.7151673436164856,0.7062518000602722,-0.04423601180315018,0.6719292998313904,0.726807713508606,-0.03793121874332428,0.6789997816085815,0.7266281843185425,-0.028202110901474953,thumbs_up,RRQ_p27,RRQ
0.11889024078845978,0.5953404903411865,-2.1450146903134737e-07,0.15685239434242249,0.4926757216453552,-0.02718188799917698,0.24019193649291992,0.36859339475631714,-0.05943058058619499,0.28793370723724365,0.27776384353637695,-0.08465971797704697,0.3104153275489807,0.18701976537704468,-0.10442525148391724,0.22807785868644714,0.3999727666378021,-0.11972826719284058,0.37637799978256226,0.4431585967540741,-0.16469334065914154,0.34914928674697876,0.4502033293247223,-0.17377525568008423,0.30059459805488586,0.4406741261482239,-0.1730273962020874,0.21015363931655884,0.4946434795856476,-0.12450964003801346,0.3726506233215332,0.5265198945999146,-0.16194675862789154,0.33535119891166687,0.5218395590782166,-0.1485704779624939,0.28093016147613525,0.5136430263519287,-0.1390862911939621,0.20419403910636902,0.5854451060295105,-0.12723620235919952,0.3511669635772705,0.5995110869407654,-0.1474667489528656,0.31135866045951843,0.590688943862915,-0.11359252780675888,0.2611604332923889,0.5822617411613464,-0.09260513633489609,0.20515170693397522,0.6679401993751526,-0.1314443200826645,0.3211821913719177,0.6624454855918884,-0.13426516950130463,0.2878035306930542,0.6522548198699951,-0.1072704866528511,0.23947325348854065,0.646620512008667,-0.09110350906848907,thumbs_up,RRQ_p27,RRQ
0.21148450672626495,0.6083409190177917,-5.247705985311768e-07,0.28681397438049316,0.5466930866241455,-0.04326417297124863,0.33165958523750305,0.4191385805606842,-0.06186407431960106,0.34649109840393066,0.31700465083122253,-0.07532549649477005,0.37549906969070435,0.23569926619529724,-0.08359979093074799,0.2338281273841858,0.29274702072143555,-0.038704898208379745,0.2549201548099518,0.3909555673599243,-0.08092249929904938,0.26755163073539734,0.45771917700767517,-0.10581706464290619,0.2658599615097046,0.4448941946029663,-0.12008178979158401,0.1662759780883789,0.31145185232162476,-0.034144457429647446,0.19913358986377716,0.4345256984233856,-0.06677699834108353,0.2236420065164566,0.4922051727771759,-0.07275431603193283,0.22444972395896912,0.4688481390476227,-0.0756194144487381,0.11431416124105453,0.3581081032752991,-0.036470502614974976,0.14483442902565002,0.47210562229156494,-0.06855078786611557,0.17330119013786316,0.5205434560775757,-0.05967877805233002,0.17633464932441711,0.49624183773994446,-0.051944948732852936,0.07205766439437866,0.4137295186519623,-0.044025249779224396,0.09206007421016693,0.4966782331466675,-0.06417322903871536,0.12008871883153915,0.5388938188552856,-0.058385852724313736,0.12653112411499023,0.5276855826377869,-0.050579871982336044,thumbs_up,RRQ_p27,RRQ
0.44740742444992065,0.5306873917579651,-4.4833288370682567e-07,0.49558642506599426,0.4321196675300598,-0.005765042267739773,0.5710926651954651,0.3491920232772827,-0.01724613457918167,0.6326547861099243,0.28220435976982117,-0.02827361226081848,0.6644250154495239,0.21669325232505798,-0.0350041538476944,0.6360931396484375,0.3733048141002655,-0.024800756946206093,0.7109648585319519,0.4522332549095154,-0.03978334739804268,0.6748555898666382,0.46798065304756165,-0.04537641257047653,0.6393956542015076,0.4496867060661316,-0.048119451850652695,0.6344176530838013,0.44656482338905334,-0.031905096024274826,0.6967535614967346,0.5167964100837708,-0.032415568828582764,0.6624158024787903,0.5252885222434998,-0.025430545210838318,0.629437267780304,0.5095204710960388,-0.024948468431830406,0.6240004301071167,0.5227732062339783,-0.03917333111166954,0.6698956489562988,0.5841636061668396,-0.036874718964099884,0.6392061710357666,0.5867040157318115,-0.021157920360565186,0.60845547914505,0.5709049105644226,-0.015681929886341095,0.610318124294281,0.5941980481147766,-0.04730909317731857,0.639512836933136,0.6344719529151917,-0.04037103056907654,0.6085159182548523,0.63200843334198,-0.024981850758194923,0.5840676426887512,0.6174267530441284,-0.016446970403194427,thumbs_up,RRQ_p27,RRQ
0.5053296685218811,0.6257232427597046,-4.5775163926009554e-07,0.560984194278717,0.5193672180175781,-0.006827129051089287,0.6454945206642151,0.43908149003982544,-0.021411987021565437,0.7183231115341187,0.372952938079834,-0.03385032340884209,0.7562868595123291,0.3077678382396698,-0.04165901616215706,0.709725022315979,0.48778897523880005,-0.04260333627462387,0.7953000068664551,0.55636066198349,-0.05395253375172615,0.7606649398803711,0.5704591870307922,-0.050729505717754364,0.7243647575378418,0.553867518901825,-0.04718203842639923,0.7019136548042297,0.5738953948020935,-0.04892900958657265,0.7801379561424255,0.629193902015686,-0.04488913714885712,0.7455731630325317,0.6355667114257812,-0.02948453277349472,0.7088285088539124,0.6191606521606445,-0.02450285293161869,0.6853072047233582,0.6570805311203003,-0.053810060024261475,0.7475396990776062,0.6990261673927307,-0.0468803271651268,0.7140461802482605,0.6981716752052307,-0.023313257843255997,0.6795206665992737,0.6812762022018433,-0.01480703242123127,0.6642001867294312,0.7319599390029907,-0.05918462201952934,0.7125061750411987,0.7542178630828857,-0.05060844495892525,0.6770927309989929,0.7470802664756775,-0.029177220538258553,0.6470519304275513,0.7338528037071228,-0.017291124910116196,thumbs_up,RRQ_p27,RRQ
0.2737230062484741,0.6381494402885437,-6.911427590239327e-07,0.3252604305744171,0.5376026630401611,-0.050547871738672256,0.3191382586956024,0.3930812478065491,-0.07225540280342102,0.29628777503967285,0.2972028851509094,-0.0876459926366806,0.28945156931877136,0.20742249488830566,-0.09645437449216843,0.1874597817659378,0.3438330888748169,-0.05803963914513588,0.2692544162273407,0.4075055718421936,-0.10687942802906036,0.3037993311882019,0.47300583124160767,-0.1327471137046814,0.28380900621414185,0.4728259742259979,-0.14916008710861206,0.12454880774021149,0.40744924545288086,-0.052823230624198914,0.23343846201896667,0.499368816614151,-0.09715331345796585,0.2737734317779541,0.547678530216217,-0.10690461099147797,0.25045618414878845,0.532046914100647,-0.11244826763868332,0.09136978536844254,0.48990559577941895,-0.054475415498018265,0.1969396471977234,0.5744065046310425,-0.09866221994161606,0.23817379772663116,0.6076086759567261,-0.09375499188899994,0.21682621538639069,0.5875080823898315,-0.08807573467493057,0.07202106714248657,0.5762925744056702,-0.06160109117627144,0.15128150582313538,0.6400115489959717,-0.09376019984483719,0.19394834339618683,0.6566817164421082,-0.09562910348176956,0.18620745837688446,0.6398469805717468,-0.0929751917719841,thumbs_up,RRQ_p27,RRQ
0.3719092011451721,0.5711292624473572,-4.482376425585244e-07,0.4530615210533142,0.5520603656768799,-0.046201691031455994,0.5261911153793335,0.4628314971923828,-0.06297196447849274,0.5723413825035095,0.3810407519340515,-0.0735967606306076,0.6205556988716125,0.3276764750480652,-0.07804100215435028,0.4842948615550995,0.31514400243759155,-0.03304959833621979,0.47497227787971497,0.35590219497680664,-0.06732647120952606,0.4632473886013031,0.4261802136898041,-0.0842156633734703,0.4579698145389557,0.437503457069397,-0.09203550219535828,0.4279099106788635,0.2894341051578522,-0.023306170478463173,0.4102863073348999,0.36731231212615967,-0.0512324720621109,0.41232556104660034,0.44330546259880066,-0.054550062865018845,0.4181897044181824,0.4402478337287903,-0.05389874428510666,0.372794508934021,0.2980515658855438,-0.020666517317295074,0.3551960587501526,0.36895543336868286,-0.05131465941667557,0.36437398195266724,0.4372592568397522,-0.04263598099350929,0.3750065267086029,0.43427935242652893,-0.03276114910840988,0.3222843408584595,0.31989043951034546,-0.022654637694358826,0.3100859820842743,0.36207833886146545,-0.04173648729920387,0.32011303305625916,0.41953858733177185,-0.033854901790618896,0.3287349343299866,0.4284784197807312,-0.023217611014842987,thumbs_up,RRQ_p27,RRQ
0.7124565839767456,0.7586243152618408,5.562823730542732e-07,0.7150036096572876,0.6574664115905762,0.013351188972592354,0.6821610331535339,0.5927383899688721,0.016543960198760033,0.6431715488433838,0.5751395225524902,0.01599513739347458,0.6101362705230713,0.5820368528366089,0.01520230807363987,0.6597543358802795,0.5409257411956787,0.00014489747991319746,0.6358469724655151,0.44359880685806274,-0.004192685708403587,0.6223160028457642,0.39238762855529785,-0.0026809778064489365,0.6120297908782959,0.35726141929626465,0.0013031254056841135,0.6203393340110779,0.5627565383911133,-0.008256695233285427,0.5547018051147461,0.4895320236682892,-0.012032205238938332,0.5230701565742493,0.44883763790130615,-0.012641308829188347,0.5027238726615906,0.4218158721923828,-0.010262543335556984,0.5928851366043091,0.5978615283966064,-0.013962671160697937,0.5767831206321716,0.5957966446876526,-0.015545627102255821,0.5980279445648193,0.6154232621192932,-0.016948213800787926,0.6156625151634216,0.635955274105072,-0.013469777069985867,0.5743256211280823,0.6355463862419128,-0.018453437834978104,0.5780797600746155,0.6421148180961609,-0.013416352681815624,0.5973454117774963,0.6618092656135559,-0.007388522382825613,0.6128547191619873,0.679510235786438,0.0003815806412603706,peace_sign,RRQ_p27,RRQ
0.7372037172317505,0.696152925491333,4.97881444516679e-07,0.7430063486099243,0.5948814153671265,0.030663074925541878,0.7151523232460022,0.5312444567680359,0.04015900194644928,0.6792488694190979,0.5023886561393738,0.04290752485394478,0.6473174691200256,0.501191258430481,0.04493648558855057,0.7062821388244629,0.47748544812202454,0.015787184238433838,0.6835771203041077,0.3749634921550751,0.016230158507823944,0.6674522757530212,0.3231407403945923,0.02155298739671707,0.6554062366485596,0.2884955108165741,0.028612276539206505,0.666420042514801,0.4930379390716553,0.0013860815670341253,0.6011163592338562,0.40613827109336853,0.001900591654703021,0.56828773021698,0.36242738366127014,0.005159659311175346,0.5489498376846313,0.3355790674686432,0.010328811593353748,0.633604109287262,0.5244288444519043,-0.008856086060404778,0.6075419783592224,0.5118486881256104,-0.0027752562891691923,0.6238268613815308,0.5352744460105896,0.001273845206014812,0.6391712427139282,0.558576226234436,0.007402712479233742,0.6075248718261719,0.5618951320648193,-0.016652943566441536,0.6046550869941711,0.5569298267364502,-0.0019207469886168838,0.6199387311935425,0.579857587814331,0.010308672674000263,0.6344984173774719,0.5996390581130981,0.021457957103848457,peace_sign,RRQ_p27,RRQ
0.517812967300415,0.8303377032279968,4.15255072994114e-07,0.4429880976676941,0.7861592173576355,-0.0061207967810332775,0.3825185298919678,0.7065764665603638,-0.014739714562892914,0.3616689443588257,0.6245656609535217,-0.031795624643564224,0.39413291215896606,0.5696246027946472,-0.04699797183275223,0.40452247858047485,0.5822170972824097,0.019822370260953903,0.3667532801628113,0.4963701665401459,-0.0032244427129626274,0.34083274006843567,0.45450037717819214,-0.017468463629484177,0.31938111782073975,0.4179297983646393,-0.024937909096479416,0.44284066557884216,0.5622872710227966,0.0025817963760346174,0.4021868109703064,0.44219541549682617,-0.026669923216104507,0.3710451126098633,0.38132232427597046,-0.04338071867823601,0.34997159242630005,0.32441094517707825,-0.04733823612332344,0.486188679933548,0.5650799870491028,-0.018912935629487038,0.424247145652771,0.5324552655220032,-0.062288329005241394,0.41695332527160645,0.6217523217201233,-0.06187062710523605,0.4298948645591736,0.6754751801490784,-0.044814206659793854,0.5271449685096741,0.5855663418769836,-0.04107840731739998,0.4589335322380066,0.5781528353691101,-0.06526551395654678,0.4501071572303772,0.6440393924713135,-0.05515182390809059,0.46334558725357056,0.6823517680168152,-0.03891236335039139,peace_sign,RRQ_p27,RRQ
0.8039150238037109,0.7677001953125,1.1267040918028215e-06,0.7434219121932983,0.7123751640319824,-0.05291379243135452,0.7198275923728943,0.6315078735351562,-0.08962294459342957,0.7751836776733398,0.5982306003570557,-0.1241745725274086,0.8377158641815186,0.5819149613380432,-0.15610343217849731,0.7547827363014221,0.4674283266067505,-0.07512984424829483,0.7252653241157532,0.33324480056762695,-0.12685734033584595,0.7097671031951904,0.24236635863780975,-0.15651726722717285,0.6998929381370544,0.1609041690826416,-0.17411932349205017,0.8190075755119324,0.4636116325855255,-0.0785779282450676,0.8438606858253479,0.30733898282051086,-0.1321028769016266,0.8655247092247009,0.20234718918800354,-0.15966862440109253,0.8879071474075317,0.10245847702026367,-0.17101217806339264,0.8692787885665894,0.4993269741535187,-0.08653436601161957,0.882393479347229,0.501916229724884,-0.14550191164016724,0.8468734622001648,0.5831584334373474,-0.1517283171415329,0.8214550614356995,0.6287646293640137,-0.138629749417305,0.9078900218009949,0.5545427203178406,-0.09927012026309967,0.9114723205566406,0.5655956268310547,-0.13732057809829712,0.8759530782699585,0.6194847226142883,-0.13320930302143097,0.8462876081466675,0.6477872133255005,-0.12039198726415634,peace_sign,RRQ_p27,RRQ
0.4710941016674042,0.8162286281585693,8.72521582095942e-07,0.4748481512069702,0.6867507696151733,0.03026845119893551,0.4452478289604187,0.6110427975654602,0.029328666627407074,0.39377617835998535,0.5765663981437683,0.022204607725143433,0.3509018123149872,0.5748891234397888,0.013660697266459465,0.41418978571891785,0.5458972454071045,-0.022396644577383995,0.36982303857803345,0.40007370710372925,-0.041506052017211914,0.33753475546836853,0.3179776668548584,-0.04878837242722511,0.3150579035282135,0.2597828209400177,-0.048367470502853394,0.36458203196525574,0.5887938141822815,-0.03715423122048378,0.2836259603500366,0.4659215211868286,-0.05284573882818222,0.23575907945632935,0.3926575183868408,-0.0556769035756588,0.20254898071289062,0.34321004152297974,-0.05399447679519653,0.32830601930618286,0.6454038023948669,-0.04375380650162697,0.30102112889289856,0.6029062867164612,-0.037422943860292435,0.32470420002937317,0.6126353144645691,-0.019009944051504135,0.34617966413497925,0.6369679570198059,-0.0025105993263423443,0.3028351664543152,0.7080132961273193,-0.048654887825250626,0.2973567247390747,0.678126335144043,-0.025340817868709564,0.31795549392700195,0.691658079624176,0.0025858995504677296,0.33844032883644104,0.7132456302642822,0.026126781478524208,peace_sign,RRQ_p27,RRQ
0.7236713171005249,0.7718166708946228,4.656949101899954e-07,0.6515389084815979,0.7031646370887756,-0.03389405459165573,0.5922259092330933,0.5956774950027466,-0.06063743680715561,0.5866068601608276,0.49366700649261475,-0.09168799221515656,0.6451601982116699,0.4649379849433899,-0.12035757303237915,0.6336358189582825,0.4291585385799408,-0.0357012078166008,0.5803802013397217,0.29197442531585693,-0.08591604232788086,0.5411500334739685,0.21887727081775665,-0.11582919210195541,0.5075743794441223,0.15561071038246155,-0.13213184475898743,0.6976454257965088,0.414320707321167,-0.0476236566901207,0.6608787775039673,0.25767359137535095,-0.1009916439652443,0.6306009292602539,0.1593216061592102,-0.1301753669977188,0.6053159832954407,0.07062381505966187,-0.13976812362670898,0.7617087364196777,0.43536341190338135,-0.06421398371458054,0.6952205300331116,0.42919403314590454,-0.12916681170463562,0.6734687089920044,0.5386996865272522,-0.13346044719219208,0.6695253849029541,0.6164727807044983,-0.11352767795324326,0.8163273930549622,0.4815219044685364,-0.08400491625070572,0.7415377497673035,0.4989051818847656,-0.12309996783733368,0.7106605172157288,0.5769984722137451,-0.11560958623886108,0.7027366757392883,0.6362760663032532,-0.09695779532194138,peace_sign,RRQ_p27,RRQ
0.6144770979881287,0.7886217832565308,7.60124805765372e-07,0.5371398329734802,0.7094771862030029,-0.02279433235526085,0.4943426847457886,0.5992220044136047,-0.04196247458457947,0.5085541009902954,0.4768098294734955,-0.06785815954208374,0.567979097366333,0.42260104417800903,-0.0912829041481018,0.5115839242935181,0.468144029378891,-0.014194958843290806,0.4539133906364441,0.32934820652008057,-0.04697493836283684,0.42123669385910034,0.24922415614128113,-0.06782428175210953,0.3955552577972412,0.17746394872665405,-0.0823795273900032,0.5685022473335266,0.4542441666126251,-0.030416984111070633,0.5523929595947266,0.2793552875518799,-0.07107976078987122,0.54261714220047,0.17672580480575562,-0.09759948402643204,0.5395892262458801,0.08936446905136108,-0.11150562018156052,0.624931812286377,0.47687095403671265,-0.04993189126253128,0.6062475442886353,0.38382488489151,-0.10309898108243942,0.5828173756599426,0.48336005210876465,-0.10056687146425247,0.5748382210731506,0.5637247562408447,-0.08224344998598099,0.6763991117477417,0.5231450796127319,-0.07161568850278854,0.6441248059272766,0.4555554687976837,-0.10555872321128845,0.6154358983039856,0.5264233946800232,-0.09182272851467133,0.6033258438110352,0.5951704978942871,-0.07232546806335449,peace_sign,RRQ_p27,RRQ
0.27834513783454895,0.6819065809249878,6.848609928056248e-07,0.3300023376941681,0.6610193252563477,-0.04066608473658562,0.3658725619316101,0.5877677202224731,-0.05443797633051872,0.35440781712532043,0.5027111172676086,-0.06580248475074768,0.3333669900894165,0.4338270425796509,-0.07406590133905411,0.42186176776885986,0.4924026131629944,-0.017711903899908066,0.47610706090927124,0.4201126992702484,-0.03990937024354935,0.5082747936248779,0.36898064613342285,-0.055651646107435226,0.5324935913085938,0.3247864246368408,-0.06586074084043503,0.3831172287464142,0.4612616300582886,-0.015289749950170517,0.4156804084777832,0.3564373850822449,-0.041661541908979416,0.4370623528957367,0.2907966375350952,-0.05995345488190651,0.4549366235733032,0.23456117510795593,-0.06783417612314224,0.33816489577293396,0.4639529883861542,-0.018166102468967438,0.3402298092842102,0.3997493088245392,-0.06290986388921738,0.33270448446273804,0.4540412724018097,-0.07523005455732346,0.3272228240966797,0.4950377941131592,-0.06938903033733368,0.2966969907283783,0.48766282200813293,-0.023784467950463295,0.2982972264289856,0.4561617970466614,-0.06368879228830338,0.29604822397232056,0.5005544424057007,-0.06929781287908554,0.29440635442733765,0.536438524723053,-0.06292038410902023,peace_sign,RRQ_p27,RRQ
0.43704482913017273,0.8284306526184082,5.878485467292194e-07,0.4332624673843384,0.7050629258155823,0.022732364013791084,0.4760788083076477,0.6202625036239624,0.019932538270950317,0.5360764861106873,0.5826125741004944,0.013158460147678852,0.5863348245620728,0.5784141421318054,0.006878207437694073,0.5008193850517273,0.5706997513771057,-0.03179740533232689,0.5679638385772705,0.4351691007614136,-0.05081223323941231,0.606898307800293,0.35796797275543213,-0.057286735624074936,0.6377217173576355,0.3038995563983917,-0.05879085510969162,0.5437575578689575,0.6109468340873718,-0.04960528761148453,0.6393849849700928,0.49049392342567444,-0.0682365819811821,0.6927147507667542,0.4217901825904846,-0.07281768321990967,0.7302112579345703,0.3792954087257385,-0.07441169768571854,0.5811055302619934,0.6619642376899719,-0.06045253947377205,0.6591314673423767,0.5799338817596436,-0.06486350297927856,0.6342688202857971,0.5881119966506958,-0.0443836972117424,0.6030136942863464,0.6111080646514893,-0.0275775957852602,0.6082742810249329,0.7140741944313049,-0.06996912509202957,0.6471487283706665,0.6466258764266968,-0.061198268085718155,0.6247308850288391,0.6478403210639954,-0.03603411465883255,0.6033967733383179,0.6635863184928894,-0.015089591965079308,peace_sign,RRQ_p27,RRQ
