x0,y0,z0,x1,y1,z1,x2,y2,z2,x3,y3,z3,x4,y4,z4,x5,y5,z5,x6,y6,z6,x7,y7,z7,x8,y8,z8,x9,y9,z9,x10,y10,z10,x11,y11,z11,x12,y12,z12,x13,y13,z13,x14,y14,z14,x15,y15,z15,x16,y16,z16,x17,y17,z17,x18,y18,z18,x19,y19,z19,x20,y20,z20,label,person_id,collector
0.6091908812522888,0.962509036064148,-3.569015802895592e-07,0.5564771890640259,0.9085296392440796,-0.03466585651040077,0.5075116157531738,0.8093467950820923,-0.06091206148266792,0.5231790542602539,0.7452911138534546,-0.08855531364679337,0.5896073579788208,0.7453784346580505,-0.1148352101445198,0.5660436749458313,0.6290417313575745,-0.04699738323688507,0.5613414645195007,0.4834511876106262,-0.09089499711990356,0.563450038433075,0.4005897045135498,-0.11645340919494629,0.5688167810440063,0.32655832171440125,-0.13551096618175507,0.6358444690704346,0.6379618048667908,-0.053259361535310745,0.6163048148155212,0.6360129714012146,-0.11682087928056717,0.5907115936279297,0.739821195602417,-0.1265656054019928,0.583891749382019,0.7920215725898743,-0.11859995126724243,0.6949193477630615,0.6795260906219482,-0.06423228979110718,0.6620074510574341,0.7273032069206238,-0.11328057944774628,0.6295295357704163,0.8065551519393921,-0.09726634621620178,0.6240594387054443,0.8284084796905518,-0.07428782433271408,0.7434169054031372,0.7396081686019897,-0.08059922605752945,0.7113587856292725,0.7872857451438904,-0.10606314241886139,0.6770874857902527,0.8393774628639221,-0.09397858381271362,0.6700204610824585,0.848838746547699,-0.07727716863155365,point,RRQ_p24,RRQ
0.35821154713630676,0.8979310989379883,-2.513654635549756e-07,0.2730437219142914,0.8328049182891846,-0.03416541963815689,0.20909632742404938,0.7462921738624573,-0.06729594618082047,0.17525175213813782,0.6666965484619141,-0.10240758955478668,0.2155710756778717,0.6693914532661438,-0.13627251982688904,0.29740673303604126,0.5704981088638306,-0.036067165434360504,0.2802756428718567,0.4480789303779602,-0.07532794773578644,0.2663586139678955,0.36727428436279297,-0.09578710049390793,0.2569165527820587,0.30146175622940063,-0.11197061836719513,0.3567836880683899,0.5786845088005066,-0.043515343219041824,0.2644604742527008,0.572665274143219,-0.10014554858207703,0.24539445340633392,0.6734805107116699,-0.1013253778219223,0.26255375146865845,0.7161640524864197,-0.08901944011449814,0.3996029794216156,0.6176197528839111,-0.05699536204338074,0.2993536591529846,0.652075469493866,-0.10573744028806686,0.2892378270626068,0.7320113778114319,-0.08489227294921875,0.31013453006744385,0.7557546496391296,-0.058939963579177856,0.42910274863243103,0.6746386885643005,-0.075752392411232,0.34393981099128723,0.7071593999862671,-0.10207549482584,0.3298211991786957,0.7613117694854736,-0.08858457952737808,0.3446841239929199,0.7789124846458435,-0.07114315032958984,point,RRQ_p24,RRQ
0.5835054516792297,0.8367365598678589,-2.4877923010535596e-07,0.5341992378234863,0.7599743604660034,-0.041443802416324615,0.5020939111709595,0.6437703967094421,-0.07333755493164062,0.5106560587882996,0.5478983521461487,-0.10673107951879501,0.567792534828186,0.5532423257827759,-0.13923129439353943,0.576644241809845,0.5089472532272339,-0.04210181534290314,0.5956433415412903,0.3662179708480835,-0.0866270363330841,0.6094954013824463,0.2851034104824066,-0.11258634924888611,0.6257864236831665,0.2160017192363739,-0.13114899396896362,0.635195255279541,0.5462624430656433,-0.04829656332731247,0.6244701147079468,0.49501821398735046,-0.12495549023151398,0.5861231684684753,0.5982011556625366,-0.13955706357955933,0.5664828419685364,0.6692708134651184,-0.12997600436210632,0.6845850348472595,0.5992149710655212,-0.060274723917245865,0.6627756953239441,0.5700974464416504,-0.1304762214422226,0.6206339001655579,0.6606832146644592,-0.11901145428419113,0.6013332605361938,0.713965892791748,-0.09102863073348999,0.7279194593429565,0.6634780764579773,-0.07595214992761612,0.7095160484313965,0.6272383332252502,-0.11597014218568802,0.6675081253051758,0.681952178478241,-0.10389552265405655,0.6463996171951294,0.7176840305328369,-0.08343469351530075,point,RRQ_p24,RRQ
0.49005740880966187,0.9057043790817261,-3.925367764168186e-07,0.41940781474113464,0.8801920413970947,-0.04309238865971565,0.3464531898498535,0.8311030864715576,-0.08315230906009674,0.30407917499542236,0.7871192693710327,-0.12162318080663681,0.34998244047164917,0.779667317867279,-0.15860222280025482,0.38467612862586975,0.6343158483505249,-0.06827875971794128,0.3333987891674042,0.5256959199905396,-0.12194730341434479,0.2916512191295624,0.4563297629356384,-0.15613146126270294,0.2594504952430725,0.3989067077636719,-0.1813759207725525,0.4551772177219391,0.6058914065361023,-0.07210402935743332,0.39533835649490356,0.6786722540855408,-0.13319897651672363,0.39017874002456665,0.780314564704895,-0.13999219238758087,0.40292054414749146,0.8139207363128662,-0.13379046320915222,0.5156853199005127,0.6348831057548523,-0.08131115138530731,0.4542500376701355,0.7500609159469604,-0.1283312439918518,0.44352084398269653,0.8196896314620972,-0.10757656395435333,0.45265093445777893,0.8260225057601929,-0.08474715054035187,0.5635050535202026,0.6891127228736877,-0.09686680138111115,0.5108510851860046,0.7860794067382812,-0.12636832892894745,0.49577707052230835,0.8412095308303833,-0.11267200112342834,0.5017613768577576,0.8464481830596924,-0.0946883112192154,point,RRQ_p24,RRQ
0.6821820735931396,0.8609112501144409,5.160085265742964e-07,0.6233044266700745,0.8493325114250183,-0.09662134945392609,0.5902588963508606,0.8242611289024353,-0.17409150302410126,0.6090250015258789,0.8325082063674927,-0.2410067766904831,0.6495537757873535,0.8556279540061951,-0.30427005887031555,0.6446375846862793,0.640912652015686,-0.15170647203922272,0.677225649356842,0.5771580934524536,-0.25970137119293213,0.711732804775238,0.54954993724823,-0.3232635259628296,0.7599332928657532,0.5233750343322754,-0.36002475023269653,0.7180692553520203,0.6523197293281555,-0.14207550883293152,0.7355287671089172,0.6958271861076355,-0.25920403003692627,0.6910774111747742,0.806020975112915,-0.27351486682891846,0.6791152358055115,0.8202608823776245,-0.26131290197372437,0.7763463258743286,0.6987390518188477,-0.1445828527212143,0.7740499973297119,0.7977374792098999,-0.2369181513786316,0.7198806405067444,0.8705252408981323,-0.2126234918832779,0.6987016201019287,0.8577196598052979,-0.17780020833015442,0.8187287449836731,0.757352888584137,-0.15771682560443878,0.7992641925811768,0.8570870757102966,-0.22037217020988464,0.7516294717788696,0.9010882377624512,-0.21457448601722717,0.7302150726318359,0.8854096531867981,-0.19644060730934143,point,RRQ_p24,RRQ
0.44491833448410034,0.9340953826904297,-3.7797119034621574e-07,0.3606118857860565,0.9048632383346558,-0.03834860399365425,0.27820369601249695,0.8903596997261047,-0.0779309794306755,0.2241302728652954,0.9351558089256287,-0.11570055037736893,0.2263786345720291,0.9664185643196106,-0.1526467651128769,0.3209100067615509,0.7122597694396973,-0.07355255633592606,0.24511617422103882,0.7020808458328247,-0.13096264004707336,0.17783789336681366,0.6960085034370422,-0.17089219391345978,0.12303468585014343,0.6989399194717407,-0.1962682455778122,0.39139968156814575,0.7065272927284241,-0.08056773990392685,0.31522390246391296,0.8792862296104431,-0.1270681619644165,0.3076094388961792,0.9213989973068237,-0.1325463205575943,0.3175593614578247,0.8943662047386169,-0.13181208074092865,0.45489418506622314,0.7597877383232117,-0.09312087297439575,0.37159401178359985,0.9360873103141785,-0.12607668340206146,0.3702946901321411,0.9434084892272949,-0.09915977716445923,0.3853296637535095,0.8980893492698669,-0.07543777674436569,0.5004767775535583,0.8284024000167847,-0.11249436438083649,0.4289167821407318,0.9574152231216431,-0.13983622193336487,0.4246862828731537,0.9600468873977661,-0.12329632043838501,0.4393386244773865,0.9178574681282043,-0.10270227491855621,point,RRQ_p24,RRQ
0.5465991497039795,0.6290152072906494,-2.52872212058719e-07,0.4856630563735962,0.5913017988204956,-0.053451839834451675,0.427734911441803,0.5322444438934326,-0.09634429961442947,0.4029240608215332,0.4822007417678833,-0.13611462712287903,0.45463958382606506,0.4654337763786316,-0.17436063289642334,0.46811380982398987,0.3419342339038849,-0.07314065843820572,0.44274812936782837,0.2290828824043274,-0.13058844208717346,0.42377686500549316,0.15069420635700226,-0.17037881910800934,0.4118761122226715,0.08345475792884827,-0.19861631095409393,0.5428220629692078,0.3169838488101959,-0.07210537791252136,0.521226167678833,0.3640342354774475,-0.14645236730575562,0.5044445991516113,0.47238901257514954,-0.16409845650196075,0.49480950832366943,0.5379723906517029,-0.16101448237895966,0.6060718297958374,0.3434695899486542,-0.0769272893667221,0.5723980069160461,0.4389340877532959,-0.13660767674446106,0.5468935370445251,0.5193066596984863,-0.12712877988815308,0.533122181892395,0.5550664067268372,-0.10722802579402924,0.6557233929634094,0.39381107687950134,-0.08791321516036987,0.6258105635643005,0.4806593656539917,-0.12481361627578735,0.5919995903968811,0.541259765625,-0.11843817681074142,0.5723713636398315,0.5632196068763733,-0.10401913523674011,point,RRQ_p24,RRQ
0.3468974828720093,0.7472381591796875,8.300931142457557e-08,0.45654067397117615,0.6889416575431824,0.0036818976514041424,0.5045758485794067,0.607092559337616,-0.009011850692331791,0.5478900074958801,0.5477525591850281,-0.03177336975932121,0.5900918841362,0.49823951721191406,-0.052723273634910583,0.4219817519187927,0.4516562223434448,0.0030885040760040283,0.48681268095970154,0.361585795879364,-0.02384774573147297,0.5279062986373901,0.29817405343055725,-0.041471146047115326,0.5606877207756042,0.24294942617416382,-0.0546954907476902,0.40592437982559204,0.4527581036090851,-0.019653018563985825,0.5380874276161194,0.4642944037914276,-0.0687546581029892,0.5324438810348511,0.545150637626648,-0.0803234875202179,0.5004830360412598,0.5798605680465698,-0.07699611037969589,0.4096216559410095,0.47993287444114685,-0.043769799172878265,0.5370475649833679,0.5167605876922607,-0.08532868325710297,0.5218529105186462,0.5879228711128235,-0.0758298933506012,0.48904746770858765,0.6141088604927063,-0.05927954986691475,0.4266038239002228,0.5195417404174805,-0.06906533241271973,0.5292351245880127,0.5542446374893188,-0.08923846483230591,0.522047758102417,0.6077030301094055,-0.0789349302649498,0.49831706285476685,0.6279446482658386,-0.06595335155725479,point,RRQ_p24,RRQ
0.37483590841293335,0.7021210193634033,1.9027607933708168e-08,0.4539623558521271,0.7288950681686401,-0.04182649403810501,0.5481311082839966,0.7016022205352783,-0.06755408644676208,0.6203740835189819,0.6613024473190308,-0.09360353648662567,0.6870283484458923,0.6347673535346985,-0.11768410354852676,0.5724358558654785,0.5444103479385376,-0.0394304059445858,0.6475721597671509,0.44775038957595825,-0.07973144948482513,0.6925386190414429,0.38742008805274963,-0.1003907099366188,0.7292305827140808,0.33184540271759033,-0.1130693182349205,0.5341650247573853,0.5026609301567078,-0.04031699150800705,0.5913328528404236,0.5123392343521118,-0.11204041540622711,0.5439051389694214,0.6100888252258301,-0.12415791302919388,0.5010741949081421,0.6626481413841248,-0.11380501091480255,0.4896138608455658,0.47725576162338257,-0.04629933089017868,0.5438299179077148,0.496748685836792,-0.11608199030160904,0.49877873063087463,0.5918241739273071,-0.10033302009105682,0.4628251791000366,0.6393133401870728,-0.06926722079515457,0.4397064447402954,0.46262797713279724,-0.05554083362221718,0.4905889332294464,0.48318934440612793,-0.10260841995477676,0.4701692461967468,0.5586716532707214,-0.09077313542366028,0.4460723400115967,0.5960438847541809,-0.06785628199577332,point,RRQ_p24,RRQ
0.2562251687049866,0.685722827911377,2.6311177236948424e-08,0.3077350854873657,0.7754454016685486,-0.036453522741794586,0.40694379806518555,0.8310942649841309,-0.05131262168288231,0.49329978227615356,0.8483470678329468,-0.0669575184583664,0.5603901743888855,0.8755580186843872,-0.0807991623878479,0.4822220504283905,0.7390005588531494,-0.0188328605145216,0.5831825733184814,0.7376922965049744,-0.04886911064386368,0.6425405740737915,0.7336257100105286,-0.06446708738803864,0.6954247951507568,0.7269434928894043,-0.07576721161603928,0.4746699929237366,0.6827369332313538,-0.019250690937042236,0.5252489447593689,0.7222535014152527,-0.08028549700975418,0.4509037137031555,0.7517524361610413,-0.09263718873262405,0.3958876132965088,0.7560921311378479,-0.08556321263313293,0.4555039703845978,0.6274236440658569,-0.025056198239326477,0.5090197920799255,0.6632933616638184,-0.08512354642152786,0.43487483263015747,0.6984904408454895,-0.07115615159273148,0.3832044005393982,0.7070173621177673,-0.04459191486239433,0.4265021085739136,0.5674091577529907,-0.03405474126338959,0.4661273658275604,0.6088363528251648,-0.0763515904545784,0.4211253821849823,0.648435115814209,-0.06815960258245468,0.3867276906967163,0.6604243516921997,-0.0504947304725647,point,RRQ_p24,RRQ
0.2396247535943985,0.7505191564559937,2.896324602374989e-08,0.22398856282234192,0.6371651887893677,0.023608390241861343,0.24617725610733032,0.5279136896133423,0.013388196006417274,0.30733174085617065,0.4715472161769867,-0.0041893599554896355,0.3639693558216095,0.45764172077178955,-0.023688973858952522,0.2229776680469513,0.44633355736732483,-0.032271936535835266,0.28835898637771606,0.3047938644886017,-0.051983390003442764,0.32727184891700745,0.22061455249786377,-0.06226056069135666,0.3560076653957367,0.15626221895217896,-0.07009327411651611,0.2581300139427185,0.46695125102996826,-0.05675163120031357,0.37188369035720825,0.4251077175140381,-0.07645958662033081,0.3726069927215576,0.48787716031074524,-0.07214518636465073,0.34395936131477356,0.5219162702560425,-0.06825817376375198,0.30980557203292847,0.5040768980979919,-0.07578608393669128,0.4014184772968292,0.47937965393066406,-0.08235781639814377,0.39291390776634216,0.536716878414154,-0.05788099393248558,0.36559921503067017,0.5662860870361328,-0.04382159933447838,0.3621162176132202,0.5433424115180969,-0.09382158517837524,0.42496857047080994,0.5254078507423401,-0.08306548744440079,0.41304847598075867,0.5811077356338501,-0.053975678980350494,0.3919493556022644,0.6118055582046509,-0.034522298723459244,point,RRQ_p24,RRQ
0.4165743589401245,0.7472761273384094,-3.23975086757855e-08,0.450189471244812,0.6337898373603821,0.030227428302168846,0.5099778771400452,0.5585622787475586,0.02673913724720478,0.572753369808197,0.5542721152305603,0.01315369363874197,0.6152132749557495,0.5889216065406799,-0.0028964688535779715,0.5452114343643188,0.4769727289676666,-0.006402111612260342,0.6543158292770386,0.42362481355667114,-0.01663663052022457,0.721869707107544,0.39211833477020264,-0.02357916533946991,0.7722520232200623,0.3663572072982788,-0.03011726588010788,0.5698786377906799,0.5133912563323975,-0.032242100685834885,0.6590940356254578,0.5806854963302612,-0.04281603917479515,0.6333765387535095,0.6283401250839233,-0.041457969695329666,0.598124623298645,0.6312517523765564,-0.04105990752577782,0.5934129357337952,0.5807895660400391,-0.05290662869811058,0.6681098937988281,0.6452131867408752,-0.05219831317663193,0.6363276839256287,0.6799542903900146,-0.03479037806391716,0.6014161705970764,0.6759814620018005,-0.026972049847245216,0.6120372414588928,0.6526005268096924,-0.0724785253405571,0.6703033447265625,0.7012656927108765,-0.058927781879901886,0.6365830302238464,0.7304477691650391,-0.03548777475953102,0.6017955541610718,0.7284224033355713,-0.020257363095879555,point,RRQ_p24,RRQ
0.22673173248767853,0.8551334738731384,-3.316880636816677e-08,0.3059285879135132,0.7559833526611328,0.04368732497096062,0.4016041159629822,0.7148855924606323,0.042883966118097305,0.4693277180194855,0.7434056997299194,0.028612876310944557,0.5108891725540161,0.7865406274795532,0.012015994638204575,0.46546685695648193,0.6420180797576904,0.00519890571013093,0.5927069187164307,0.6767586469650269,-0.004896461497992277,0.6666330099105835,0.692253828048706,-0.013342107646167278,0.7245444059371948,0.6983290910720825,-0.02221645787358284,0.46697133779525757,0.6860468983650208,-0.030068382620811462,0.5523812770843506,0.8182996511459351,-0.03885744512081146,0.5053690671920776,0.8480147123336792,-0.035759396851062775,0.468187153339386,0.8250712752342224,-0.036651067435741425,0.4599910378456116,0.7607007622718811,-0.05975770950317383,0.5394716262817383,0.8866062760353088,-0.05666065216064453,0.49146568775177,0.8995693325996399,-0.035693924874067307,0.4566820561885834,0.8706749081611633,-0.0282436590641737,0.44887611269950867,0.8414739370346069,-0.0876813605427742,0.5140048265457153,0.9423466324806213,-0.07249755412340164,0.47091034054756165,0.9521928429603577,-0.047267355024814606,0.43685370683670044,0.9267079830169678,-0.03249916806817055,point,RRQ_p24,RRQ
0.14288565516471863,0.8304371237754822,1.055697893548313e-07,0.23966637253761292,0.8145481944084167,-0.05285210162401199,0.34386298060417175,0.7219079732894897,-0.08620865643024445,0.41991162300109863,0.6436991691589355,-0.11849399656057358,0.5034154653549194,0.6215542554855347,-0.14855949580669403,0.3058164417743683,0.5325144529342651,-0.04844146594405174,0.3412237763404846,0.3889771103858948,-0.09615428000688553,0.3616192042827606,0.29755541682243347,-0.12000610679388046,0.3763861358165741,0.221247136592865,-0.1349542737007141,0.24145178496837616,0.5146244168281555,-0.04712705314159393,0.2900696098804474,0.4857226610183716,-0.12783513963222504,0.2746427655220032,0.6259682178497314,-0.13662981986999512,0.2541857957839966,0.701444149017334,-0.12107003480195999,0.17767634987831116,0.5143706202507019,-0.05279848352074623,0.22651396691799164,0.5018547773361206,-0.13121892511844635,0.2189229428768158,0.6307452321052551,-0.11113011091947556,0.20514634251594543,0.6899083256721497,-0.07528042048215866,0.11078450083732605,0.5276426076889038,-0.06282386928796768,0.16505639255046844,0.5281829833984375,-0.11264044791460037,0.17178454995155334,0.6220120787620544,-0.09806310385465622,0.166225403547287,0.6625974774360657,-0.07294841855764389,point,RRQ_p24,RRQ
0.43747377395629883,0.7659422159194946,1.4495510924916744e-07,0.5243035554885864,0.7803287506103516,-0.0300730112940073,0.6156802177429199,0.7488771677017212,-0.053545285016298294,0.6613136529922485,0.6754287481307983,-0.08011607825756073,0.6248742938041687,0.6219342350959778,-0.10478518903255463,0.6051267385482788,0.5626500844955444,-0.02398047037422657,0.6649123430252075,0.4666309654712677,-0.05459129810333252,0.7028489112854004,0.4091622233390808,-0.07122176140546799,0.7347438335418701,0.35588961839675903,-0.08256153762340546,0.5667518377304077,0.5343225002288818,-0.031251806765794754,0.642130434513092,0.5481558442115784,-0.09341205656528473,0.6161589026451111,0.6442572474479675,-0.10826977342367172,0.5792505145072937,0.6892065405845642,-0.10109304636716843,0.5318613648414612,0.5215730667114258,-0.041773661971092224,0.6021641492843628,0.559607982635498,-0.1004234030842781,0.5761441588401794,0.6510740518569946,-0.09236940741539001,0.5423782467842102,0.6884092092514038,-0.06887641549110413,0.49636971950531006,0.5210422873497009,-0.0548999048769474,0.5677318572998047,0.5537499189376831,-0.08795465528964996,0.5556628704071045,0.6182728409767151,-0.07693472504615784,0.527269184589386,0.6467208862304688,-0.05831247940659523,point,RRQ_p24,RRQ
0.7535637617111206,0.8036724925041199,-8.115948730846867e-07,0.6829277873039246,0.7290681004524231,-0.019525889307260513,0.6236369013786316,0.6134824156761169,-0.03641467168927193,0.5836017727851868,0.5258963108062744,-0.05708781257271767,0.5512707233428955,0.4460057318210602,-0.07498704642057419,0.7139925956726074,0.4658750891685486,0.010512755252420902,0.6557831168174744,0.4076445996761322,-0.038488324731588364,0.6056511998176575,0.39452823996543884,-0.06978640705347061,0.5609102249145508,0.39327138662338257,-0.08563084155321121,0.7641406655311584,0.46255528926849365,-0.0023879138752818108,0.6816040873527527,0.4119216799736023,-0.06028405949473381,0.6631636619567871,0.5345315933227539,-0.07283500581979752,0.6785291433334351,0.601243257522583,-0.06512822210788727,0.8110949993133545,0.48616838455200195,-0.023917797952890396,0.7207508683204651,0.4742324650287628,-0.08152511715888977,0.7074469327926636,0.5908851623535156,-0.06942231953144073,0.729110836982727,0.6409798860549927,-0.04465340077877045,0.8506631255149841,0.5304465889930725,-0.04813389107584953,0.767477810382843,0.5313634872436523,-0.08414997160434723,0.7501793503761292,0.6092773675918579,-0.07499808073043823,0.7678288817405701,0.6413872241973877,-0.05803472176194191,pinch,RRQ_p24,RRQ
0.567837119102478,0.792071521282196,-7.650426709915337e-07,0.4884060025215149,0.7553704380989075,-0.023349085822701454,0.40895533561706543,0.6605966091156006,-0.04231274500489235,0.3554307818412781,0.5839109420776367,-0.06420750170946121,0.30522477626800537,0.5184826850891113,-0.08314336836338043,0.46724528074264526,0.482973575592041,0.006921202875673771,0.4006809592247009,0.45070093870162964,-0.04174014925956726,0.3489697575569153,0.4559019207954407,-0.07115082442760468,0.30896061658859253,0.4704890847206116,-0.08528611063957214,0.5134553909301758,0.46641355752944946,-0.003451606258749962,0.43238016963005066,0.44794636964797974,-0.058829862624406815,0.4327087700366974,0.5689485669136047,-0.0668681412935257,0.45557108521461487,0.6216036677360535,-0.05647190287709236,0.5612853169441223,0.47532030940055847,-0.02308761328458786,0.4776463508605957,0.4932226240634918,-0.07973691076040268,0.484397292137146,0.6065410375595093,-0.06476730853319168,0.5118010640144348,0.647473156452179,-0.0386371985077858,0.605927586555481,0.5037416815757751,-0.045814432203769684,0.5290449261665344,0.5316693186759949,-0.08309028297662735,0.5283015370368958,0.6122399568557739,-0.07395731657743454,0.5516045093536377,0.6380258202552795,-0.05681705102324486,pinch,RRQ_p24,RRQ
0.7754325270652771,0.6386574506759644,1.313635209498898e-07,0.716555118560791,0.5923678874969482,-0.04716739058494568,0.6681207418441772,0.5041959881782532,-0.08007967472076416,0.6429381370544434,0.410390704870224,-0.11247506737709045,0.6395910382270813,0.3194838762283325,-0.1391386091709137,0.6438148021697998,0.3751353323459625,-0.014012270607054234,0.6208599805831909,0.3103783130645752,-0.06795680522918701,0.6205087900161743,0.25589075684547424,-0.0943184569478035,0.6462923884391785,0.2561579942703247,-0.10259012877941132,0.7058086395263672,0.3667353093624115,-0.013959167525172234,0.7029787302017212,0.2730392813682556,-0.08531981706619263,0.7152256965637207,0.3841579854488373,-0.09207174181938171,0.7264938354492188,0.4560267925262451,-0.07109886407852173,0.7670122981071472,0.37335193157196045,-0.024465244263410568,0.7646904587745667,0.3119097948074341,-0.09076512604951859,0.7654175758361816,0.4191034138202667,-0.06580531597137451,0.7653489708900452,0.480638325214386,-0.02553560957312584,0.8306562304496765,0.39779770374298096,-0.039630528539419174,0.8264877200126648,0.3381894826889038,-0.07748290151357651,0.8166875243186951,0.4127466678619385,-0.05715969577431679,0.8040398359298706,0.46308714151382446,-0.028235798701643944,pinch,RRQ_p24,RRQ
0.7949340343475342,0.9310903549194336,-3.658688569885271e-07,0.7508590221405029,0.9031041860580444,-0.06943298876285553,0.7032408118247986,0.8664061427116394,-0.1197783574461937,0.6832787990570068,0.8263782858848572,-0.16107389330863953,0.7048193216323853,0.7727798223495483,-0.19271202385425568,0.6836500763893127,0.6201197504997253,-0.07214853912591934,0.6707600355148315,0.6207216382026672,-0.13456511497497559,0.6855427026748657,0.6830779314041138,-0.17040732502937317,0.7050194144248962,0.7491921186447144,-0.18834511935710907,0.7571667432785034,0.5858495235443115,-0.06421617418527603,0.7546286582946777,0.6262402534484863,-0.12925617396831512,0.7596531510353088,0.7578719854354858,-0.14288823306560516,0.7653787732124329,0.811731219291687,-0.13825856149196625,0.8262424468994141,0.5989823937416077,-0.06524131447076797,0.8326505422592163,0.6829454302787781,-0.11894925683736801,0.8197270631790161,0.7817938923835754,-0.10456763207912445,0.8109709620475769,0.8080280423164368,-0.08409971743822098,0.8885864019393921,0.6425862908363342,-0.07404842227697372,0.8989559412002563,0.7221255302429199,-0.10656365752220154,0.8763875961303711,0.792026937007904,-0.09674733877182007,0.8569843173027039,0.8019461035728455,-0.08113328367471695,pinch,RRQ_p24,RRQ
0.6170163154602051,0.5585787892341614,4.5500837586587295e-07,0.5938619375228882,0.5314267873764038,-0.10998976975679398,0.5953858494758606,0.4756202697753906,-0.16290315985679626,0.638870358467102,0.4282614588737488,-0.19914326071739197,0.6826367974281311,0.3769153952598572,-0.22492001950740814,0.5393758416175842,0.33419370651245117,-0.07770650833845139,0.5890670418739319,0.30033743381500244,-0.16245092451572418,0.6385239958763123,0.3263275623321533,-0.21604026854038239,0.6784055829048157,0.3533889353275299,-0.23915398120880127,0.5865094661712646,0.33750927448272705,-0.045492153614759445,0.639661967754364,0.29252296686172485,-0.13601794838905334,0.6620599031448364,0.3563932180404663,-0.1708797961473465,0.661361813545227,0.3826136887073517,-0.17252177000045776,0.6320242881774902,0.34884151816368103,-0.030104834586381912,0.679874837398529,0.3282870650291443,-0.11352798342704773,0.6917709708213806,0.3858899176120758,-0.13415493071079254,0.6808357238769531,0.3970864415168762,-0.12540769577026367,0.6737946271896362,0.3592514097690582,-0.023622367531061172,0.7106022834777832,0.3608894944190979,-0.08194710314273834,0.7066606283187866,0.39896437525749207,-0.10245883464813232,0.6872105598449707,0.4088622033596039,-0.10271625220775604,pinch,RRQ_p24,RRQ
0.610036313533783,0.7017552852630615,-5.823613378197479e-07,0.555860161781311,0.6904627084732056,-0.05287887528538704,0.4999452829360962,0.666688084602356,-0.09053023904561996,0.4646109342575073,0.6403830051422119,-0.12274491041898727,0.4824462831020355,0.6009933352470398,-0.14763402938842773,0.4924126863479614,0.4521311819553375,-0.05237679183483124,0.46298691630363464,0.4631786048412323,-0.10815976560115814,0.4691082239151001,0.5327355861663818,-0.14003829658031464,0.4841524362564087,0.5953966975212097,-0.15340620279312134,0.5514205694198608,0.4186168909072876,-0.04685281589627266,0.5316745638847351,0.4871779680252075,-0.09993497282266617,0.5405122637748718,0.5907788872718811,-0.11140787601470947,0.5503736734390259,0.6389972567558289,-0.1072496622800827,0.6097960472106934,0.4272785782814026,-0.049742668867111206,0.5946457982063293,0.5146592855453491,-0.09618604928255081,0.5925757884979248,0.5996387004852295,-0.08864065259695053,0.5931593775749207,0.6318756341934204,-0.07238016277551651,0.6619212627410889,0.45882344245910645,-0.05824090167880058,0.652076780796051,0.5370557308197021,-0.08648783713579178,0.6398736238479614,0.6016882061958313,-0.08076097816228867,0.6333578824996948,0.6226518154144287,-0.06739089637994766,pinch,RRQ_p24,RRQ
0.5600290894508362,0.6120872497558594,-8.014135346456897e-07,0.49263399839401245,0.5634217262268066,-0.012487934902310371,0.4307337999343872,0.4664376378059387,-0.02507925033569336,0.38771042227745056,0.3941240906715393,-0.041567955166101456,0.3479631543159485,0.32988470792770386,-0.056434888392686844,0.5112239122390747,0.31301629543304443,0.01190045103430748,0.4479026794433594,0.2746117115020752,-0.02697715535759926,0.39562666416168213,0.26968473196029663,-0.05374174565076828,0.3550671339035034,0.2724986970424652,-0.06846806406974792,0.5515432357788086,0.3076459467411041,-0.0007334868423640728,0.4687142074108124,0.2753925919532776,-0.046246808022260666,0.45203036069869995,0.377469003200531,-0.05664083734154701,0.46552395820617676,0.43573758006095886,-0.05159924551844597,0.588008463382721,0.32578587532043457,-0.020021768286824226,0.4963221549987793,0.32614368200302124,-0.0668257474899292,0.48810967803001404,0.4258956015110016,-0.056895989924669266,0.5084493160247803,0.4740869402885437,-0.03712167963385582,0.6179561018943787,0.36224308609962463,-0.04112590104341507,0.533926248550415,0.3653634786605835,-0.07287579774856567,0.5218096375465393,0.43594712018966675,-0.0653754323720932,0.5383011102676392,0.47246697545051575,-0.05102342367172241,pinch,RRQ_p24,RRQ
0.7452389001846313,0.690538227558136,-3.4308038721064804e-07,0.6928130388259888,0.6088981628417969,-0.020176632329821587,0.6652348041534424,0.4823979437351227,-0.03203870356082916,0.6583808660507202,0.38822388648986816,-0.048201847821474075,0.6754886507987976,0.30828407406806946,-0.06304703652858734,0.7202005982398987,0.3962081968784332,0.01574595272541046,0.7132710218429565,0.3219286799430847,-0.02316051721572876,0.7025286555290222,0.28000470995903015,-0.04720640927553177,0.6940304636955261,0.26891958713531494,-0.057731736451387405,0.7691943049430847,0.41277116537094116,0.0043192594312131405,0.7675414085388184,0.31569963693618774,-0.05393483117222786,0.737701952457428,0.3999720811843872,-0.0687107965350151,0.7232877612113953,0.47644317150115967,-0.057413239032030106,0.8172733783721924,0.4455510377883911,-0.014748796820640564,0.7988653182983398,0.38117510080337524,-0.07712382823228836,0.7638155817985535,0.47315335273742676,-0.07052477449178696,0.749303936958313,0.5411282181739807,-0.043036725372076035,0.8634191751480103,0.4925457835197449,-0.03478676453232765,0.8380425572395325,0.43115147948265076,-0.0728069618344307,0.8071060180664062,0.4939495325088501,-0.06117580085992813,0.7951430082321167,0.5458327531814575,-0.0391998328268528,pinch,RRQ_p24,RRQ
0.5429122447967529,0.6203954219818115,-7.591397661599331e-07,0.4792439043521881,0.5371589064598083,-0.014584073796868324,0.4310700595378876,0.4144282341003418,-0.025973016396164894,0.3962836265563965,0.3248189687728882,-0.042854536324739456,0.3765944242477417,0.23824846744537354,-0.05817548558115959,0.5210064649581909,0.30062931776046753,0.022855244576931,0.4761282801628113,0.23417049646377563,-0.018018998205661774,0.42837148904800415,0.20549476146697998,-0.04625536501407623,0.38777992129325867,0.18510454893112183,-0.062130361795425415,0.5634933114051819,0.3008762300014496,0.008234788663685322,0.5045202970504761,0.22324787080287933,-0.04497268423438072,0.47371193766593933,0.32250040769577026,-0.059150245040655136,0.4749545156955719,0.3896871507167816,-0.05315763130784035,0.6021387577056885,0.32262271642684937,-0.014455880038440228,0.5253912806510925,0.27968069911003113,-0.06994055956602097,0.5040281414985657,0.38610732555389404,-0.061403218656778336,0.5149458646774292,0.44665947556495667,-0.038311343640089035,0.634661853313446,0.3610658645629883,-0.03899695724248886,0.5574455857276917,0.3296569585800171,-0.07377496361732483,0.5386388301849365,0.4013475179672241,-0.06498812884092331,0.5523673295974731,0.4439884126186371,-0.048341792076826096,pinch,RRQ_p24,RRQ
0.3345012962818146,0.8331625461578369,3.6493523225544777e-07,0.44605448842048645,0.7318445444107056,0.002862446242943406,0.5018230676651001,0.6324823498725891,-0.015996988862752914,0.5573221445083618,0.5668751001358032,-0.04276648908853531,0.6133409142494202,0.5097618103027344,-0.0662468671798706,0.3611264228820801,0.4733979105949402,0.006799418944865465,0.4812984764575958,0.44495272636413574,-0.034730568528175354,0.5560569167137146,0.45159912109375,-0.06568256765604019,0.615385890007019,0.46534574031829834,-0.08717469125986099,0.33620336651802063,0.47131773829460144,-0.021192943677306175,0.48244526982307434,0.44466614723205566,-0.0721791684627533,0.4934215247631073,0.539616048336029,-0.08803097903728485,0.4717121124267578,0.5852786898612976,-0.08921882510185242,0.33515384793281555,0.5023897886276245,-0.05244087800383568,0.4835177958011627,0.5160843133926392,-0.09462637454271317,0.478669136762619,0.6050956845283508,-0.08803153783082962,0.4424532651901245,0.6286307573318481,-0.07584232836961746,0.3515097498893738,0.5530614852905273,-0.08546098321676254,0.4740954041481018,0.6024010181427002,-0.10974710434675217,0.46975040435791016,0.6650614142417908,-0.10400025546550751,0.43744152784347534,0.6760958433151245,-0.0951249748468399,pinch,RRQ_p24,RRQ
0.1601131558418274,0.6594829559326172,3.3840584023892006e-07,0.25511106848716736,0.6392611265182495,-0.04581259563565254,0.3542748689651489,0.5368142127990723,-0.06726929545402527,0.4020400047302246,0.429824560880661,-0.08823174238204956,0.46244192123413086,0.35836678743362427,-0.10518691688776016,0.3238232731819153,0.3884490132331848,-0.002082973951473832,0.3627786636352539,0.3284657597541809,-0.05002034083008766,0.40783652663230896,0.3003343641757965,-0.07795944809913635,0.44441211223602295,0.29841023683547974,-0.09221115708351135,0.2648107409477234,0.3548825681209564,-0.0035903656389564276,0.3289235234260559,0.26354044675827026,-0.07920273393392563,0.3220977187156677,0.3864955008029938,-0.09667786210775375,0.30156955122947693,0.4761004149913788,-0.08369961380958557,0.2056039571762085,0.34303396940231323,-0.01501286868005991,0.2738778293132782,0.29177266359329224,-0.09999170154333115,0.2623572051525116,0.42581117153167725,-0.09173377603292465,0.23681525886058807,0.4932315945625305,-0.05842630937695503,0.1410103440284729,0.3541528582572937,-0.02917977049946785,0.2166118621826172,0.3623424470424652,-0.08989763259887695,0.21398138999938965,0.4545837342739105,-0.08651965111494064,0.18895834684371948,0.4890441298484802,-0.06658594310283661,pinch,RRQ_p24,RRQ
0.29855549335479736,0.7841840982437134,2.558694518484117e-07,0.40026068687438965,0.78609299659729,-0.014612328261137009,0.5101804137229919,0.7404223084449768,-0.03680523857474327,0.595604419708252,0.720377504825592,-0.06639664620161057,0.6744171977043152,0.7173231244087219,-0.09284521639347076,0.4997016191482544,0.5247366428375244,0.013857640326023102,0.5833991169929504,0.5485071539878845,-0.03566537797451019,0.6359676122665405,0.5993441343307495,-0.07009081542491913,0.6738523244857788,0.6549652814865112,-0.08901305496692657,0.4587889313697815,0.48373186588287354,-0.00460793636739254,0.5662212371826172,0.5245229005813599,-0.06579387187957764,0.5350202322006226,0.6425426602363586,-0.0807216614484787,0.49929574131965637,0.6966770887374878,-0.07354695349931717,0.4183763861656189,0.4751519560813904,-0.0304935984313488,0.5248731374740601,0.5481216907501221,-0.08801400661468506,0.48898687958717346,0.6601951718330383,-0.07555904984474182,0.4507051706314087,0.6933898329734802,-0.049590446054935455,0.37822970747947693,0.49668455123901367,-0.05945226922631264,0.4576056897640228,0.5996559858322144,-0.09232214093208313,0.430361807346344,0.6679779291152954,-0.0821206346154213,0.3938027620315552,0.6715350151062012,-0.06392832100391388,pinch,RRQ_p24,RRQ
0.2921743392944336,0.7399741411209106,2.515512278478127e-07,0.41031792759895325,0.6415343880653381,0.013910960406064987,0.4644322693347931,0.549567461013794,0.002197086811065674,0.5221871733665466,0.48798808455467224,-0.02057010866701603,0.5682348608970642,0.43899327516555786,-0.03959091380238533,0.3197210431098938,0.3663836717605591,0.023636439815163612,0.4557740092277527,0.35313907265663147,-0.011833802796900272,0.527278482913971,0.38537803292274475,-0.0414544902741909,0.5807816982269287,0.4138956069946289,-0.0612296499311924,0.30684664845466614,0.3666705787181854,-0.006406174041330814,0.4669188857078552,0.3601709008216858,-0.052367933094501495,0.474438339471817,0.46177196502685547,-0.07122676074504852,0.45749619603157043,0.5194796323776245,-0.0737820491194725,0.31657907366752625,0.3972809910774231,-0.03845013678073883,0.4712677299976349,0.42604026198387146,-0.07689822465181351,0.46132537722587585,0.5276053547859192,-0.07087179273366928,0.4289567172527313,0.5725584030151367,-0.05594997480511665,0.3405173420906067,0.446025013923645,-0.07117897272109985,0.4743761420249939,0.4720691740512848,-0.08828390389680862,0.4957508444786072,0.521356999874115,-0.07802801579236984,0.4936588406562805,0.5370743274688721,-0.06401493400335312,pinch,RRQ_p24,RRQ
0.1623830497264862,0.6217304468154907,1.6215678044773085e-07,0.247287318110466,0.6317435503005981,-0.06332492083311081,0.3367162346839905,0.5755025744438171,-0.09976852685213089,0.38702887296676636,0.486558735370636,-0.13292162120342255,0.4520098567008972,0.4386548101902008,-0.15945804119110107,0.3876316547393799,0.41308164596557617,-0.01651286706328392,0.41250529885292053,0.34115272760391235,-0.0804063081741333,0.4366721510887146,0.32763737440109253,-0.11649689823389053,0.4302014410495758,0.37068450450897217,-0.12901879847049713,0.3300034701824188,0.35875949263572693,-0.010617184452712536,0.38301125168800354,0.2925529479980469,-0.08798636496067047,0.3343592584133148,0.41737842559814453,-0.10057787597179413,0.2976403534412384,0.49646231532096863,-0.08185969293117523,0.2681674361228943,0.3274233043193817,-0.018204670399427414,0.3154173493385315,0.29317957162857056,-0.10033440589904785,0.277906596660614,0.412451833486557,-0.08693211525678635,0.2509487569332123,0.4697880744934082,-0.05106941983103752,0.19152505695819855,0.3142518699169159,-0.03081757202744484,0.2324756681919098,0.33001047372817993,-0.08966910094022751,0.219964861869812,0.42383959889411926,-0.08260870724916458,0.2126908004283905,0.4614715278148651,-0.059029001742601395,pinch,RRQ_p24,RRQ
0.22696958482265472,0.6333792209625244,4.805788762496377e-07,0.31666597723960876,0.5944501161575317,-0.025839654728770256,0.3815419673919678,0.48469582200050354,-0.032784685492515564,0.41093742847442627,0.3681028485298157,-0.04397720843553543,0.44375014305114746,0.28078097105026245,-0.054542552679777145,0.32791686058044434,0.40916740894317627,0.029627086594700813,0.36441943049430847,0.33410120010375977,0.00902307964861393,0.40108901262283325,0.2836838364601135,-0.0031633873004466295,0.43313050270080566,0.24481937289237976,-0.010427185334265232,0.2873624265193939,0.3904710114002228,0.025790756568312645,0.3233356475830078,0.2830520272254944,-0.020158564671874046,0.3378986418247223,0.36032241582870483,-0.03569260984659195,0.3359982371330261,0.43546611070632935,-0.029605984687805176,0.24459384381771088,0.38151830434799194,0.014217152260243893,0.2948942184448242,0.28959769010543823,-0.045510660856962204,0.30262473225593567,0.39150723814964294,-0.04715161770582199,0.2896464765071869,0.4715753197669983,-0.02699386514723301,0.19776812195777893,0.38283079862594604,0.001510550151579082,0.26323795318603516,0.32864493131637573,-0.044131919741630554,0.28006353974342346,0.40223050117492676,-0.04646732658147812,0.2701111435890198,0.4667941927909851,-0.034997954964637756,pinch,RRQ_p24,RRQ
0.655328631401062,0.7380405068397522,-6.696953391838179e-07,0.5840546488761902,0.6943439245223999,-0.04445460066199303,0.49802127480506897,0.576819121837616,-0.06521094590425491,0.4603808522224426,0.46674275398254395,-0.08596590906381607,0.5221797227859497,0.4148061275482178,-0.09546959400177002,0.5436023473739624,0.4366130232810974,0.004311366472393274,0.5054858922958374,0.37574630975723267,-0.04727064073085785,0.5167860388755798,0.47284406423568726,-0.06433223187923431,0.5349403023719788,0.4902360439300537,-0.06822378188371658,0.6052391529083252,0.4264863431453705,0.003767590969800949,0.5679319500923157,0.36502888798713684,-0.0568048320710659,0.5754938125610352,0.49718034267425537,-0.05474592000246048,0.5958127379417419,0.5106000304222107,-0.031973451375961304,0.6657054424285889,0.4386630654335022,-0.010281533934175968,0.6303015947341919,0.40785399079322815,-0.07131320238113403,0.6327938437461853,0.5304039716720581,-0.04925611987709999,0.6510149240493774,0.5337227582931519,-0.013397344388067722,0.7283790707588196,0.45894670486450195,-0.02877509407699108,0.6883850693702698,0.4433261454105377,-0.05416860803961754,0.6843812465667725,0.524665355682373,-0.035768210887908936,0.6980771422386169,0.5297356843948364,-0.011921077035367489,fist,RRQ_p24,RRQ
0.41053956747055054,0.7247297763824463,-8.511204327987798e-07,0.3188871145248413,0.7036057114601135,-0.02962324768304825,0.22271360456943512,0.6222062706947327,-0.04830063134431839,0.1624833196401596,0.5456175208091736,-0.06989999115467072,0.16854843497276306,0.4699501097202301,-0.08068754523992538,0.26581311225891113,0.43399032950401306,0.006755424197763205,0.1965615600347519,0.40972068905830383,-0.043027766048908234,0.2199937105178833,0.5121964812278748,-0.06194758415222168,0.2480860948562622,0.5225414037704468,-0.06894055753946304,0.3163115978240967,0.41353142261505127,-0.0005250312387943268,0.2361941933631897,0.3986305296421051,-0.05636094883084297,0.2636260986328125,0.5275492072105408,-0.05239344760775566,0.2985801696777344,0.5245678424835205,-0.03358962759375572,0.37006711959838867,0.4091925621032715,-0.01950867287814617,0.2950137257575989,0.41845381259918213,-0.07473406940698624,0.3192142844200134,0.5392821431159973,-0.04721958562731743,0.35577085614204407,0.5322848558425903,-0.01266862079501152,0.4248499274253845,0.4205467402935028,-0.04252566769719124,0.3559344410896301,0.43114525079727173,-0.06959866732358932,0.36209625005722046,0.5159761905670166,-0.05059755593538284,0.39152494072914124,0.521945059299469,-0.027248704805970192,fist,RRQ_p24,RRQ
0.6741246581077576,0.6177994608879089,-6.399292828973557e-07,0.5967528820037842,0.5735625624656677,-0.041178811341524124,0.5077300071716309,0.46512675285339355,-0.06388389319181442,0.4676249623298645,0.3477259874343872,-0.08731799572706223,0.5155652761459351,0.26579707860946655,-0.10051577538251877,0.5310736298561096,0.32285478711128235,0.002078849822282791,0.4933181405067444,0.2542145550251007,-0.05166325345635414,0.5072315335273743,0.32880598306655884,-0.06950121372938156,0.5307369232177734,0.35122162103652954,-0.07293151319026947,0.5991784930229187,0.3063342273235321,-0.0010950984433293343,0.5651903748512268,0.22095458209514618,-0.06109781563282013,0.5769230127334595,0.3610397279262543,-0.05643487349152565,0.5972833037376404,0.3853873610496521,-0.031261950731277466,0.6666714549064636,0.31462061405181885,-0.01720425672829151,0.6362813115119934,0.2630121409893036,-0.07704582810401917,0.639641523361206,0.39183104038238525,-0.048282839357852936,0.6569678783416748,0.40669840574264526,-0.007851739414036274,0.7392271161079407,0.3326309621334076,-0.037563953548669815,0.701429545879364,0.29320287704467773,-0.06259902566671371,0.695723831653595,0.3780483603477478,-0.038173895329236984,0.7070774435997009,0.393898069858551,-0.009355864487588406,fist,RRQ_p24,RRQ
0.5373754501342773,0.6705173254013062,-7.810930355844903e-07,0.4520076811313629,0.6043862104415894,-0.013838132843375206,0.3912194073200226,0.515038788318634,-0.029776545241475105,0.34971439838409424,0.44418373703956604,-0.05080711096525192,0.34776705503463745,0.36950117349624634,-0.0634118840098381,0.47836753726005554,0.35303443670272827,0.019697222858667374,0.3891826868057251,0.34385567903518677,-0.026746027171611786,0.3994196653366089,0.43019160628318787,-0.05448068678379059,0.4337288737297058,0.45402538776397705,-0.0682506114244461,0.5116037130355835,0.34723368287086487,0.007873330265283585,0.4013921022415161,0.34120678901672363,-0.04206186532974243,0.41372328996658325,0.4463742673397064,-0.049846913665533066,0.45448923110961914,0.45886483788490295,-0.043363798409700394,0.5418035984039307,0.3575887680053711,-0.01260974258184433,0.43344616889953613,0.36940374970436096,-0.0592799037694931,0.4458926320075989,0.468334823846817,-0.04282281547784805,0.4858550429344177,0.4796813130378723,-0.01948082074522972,0.5638228058815002,0.3849413990974426,-0.03602706640958786,0.47155436873435974,0.3993459939956665,-0.06315194070339203,0.4776762127876282,0.46501436829566956,-0.05265524610877037,0.5132464170455933,0.47992491722106934,-0.03592010214924812,fist,RRQ_p24,RRQ
0.6029483675956726,0.8097664713859558,-6.19873162577278e-07,0.5747909545898438,0.6700232625007629,-0.008077145554125309,0.5395793914794922,0.53652423620224,-0.03194146603345871,0.47794097661972046,0.45374760031700134,-0.056022897362709045,0.4261817932128906,0.41753721237182617,-0.07585024833679199,0.6409165859222412,0.46124333143234253,-0.05433809012174606,0.501253604888916,0.3907073736190796,-0.0950915515422821,0.48367756605148315,0.45904484391212463,-0.10549663007259369,0.5094139575958252,0.4951001703739166,-0.10838807374238968,0.6423602104187012,0.5299790501594543,-0.07061667740345001,0.48308542370796204,0.46982696652412415,-0.11108428239822388,0.4855402112007141,0.5376109480857849,-0.10538332164287567,0.5212499499320984,0.5604379773139954,-0.09923809766769409,0.6249716877937317,0.6052989959716797,-0.0877998098731041,0.4703245162963867,0.5535277724266052,-0.12319432199001312,0.4789527654647827,0.6171360611915588,-0.10142567753791809,0.5187506079673767,0.6349812150001526,-0.08408878743648529,0.596555233001709,0.6806969046592712,-0.1049337387084961,0.4703192412853241,0.6346217393875122,-0.1278141736984253,0.4787730872631073,0.6760784983634949,-0.11525782942771912,0.517687976360321,0.6917548775672913,-0.10300054401159286,fist,RRQ_p24,RRQ
0.6341027021408081,0.7339580059051514,-3.286725132056745e-07,0.5757407546043396,0.739976167678833,-0.07711119949817657,0.5127019286155701,0.7251909971237183,-0.13474659621715546,0.5086021423339844,0.7082643508911133,-0.18170839548110962,0.5650673508644104,0.6722360253334045,-0.21720734238624573,0.49431079626083374,0.48920759558677673,-0.0945441722869873,0.4962858557701111,0.5740925073623657,-0.1652757227420807,0.5145256519317627,0.6372586488723755,-0.1986653208732605,0.525282621383667,0.6258853673934937,-0.21715834736824036,0.5594562292098999,0.449825644493103,-0.08431501686573029,0.5763853192329407,0.5766469836235046,-0.1504516750574112,0.5821049213409424,0.6599725484848022,-0.1540597379207611,0.5780473351478577,0.6232473850250244,-0.14740917086601257,0.627357542514801,0.4525860548019409,-0.08473391085863113,0.6478967666625977,0.5930098295211792,-0.1392219513654709,0.6370568871498108,0.6587282419204712,-0.11818765848875046,0.6252642869949341,0.6280331015586853,-0.09701864421367645,0.6889451146125793,0.47935566306114197,-0.09470993280410767,0.7065708637237549,0.6013818979263306,-0.13332611322402954,0.6940183639526367,0.6500083208084106,-0.130262091755867,0.6814512014389038,0.627674400806427,-0.12044528126716614,fist,RRQ_p24,RRQ
0.5603535175323486,0.6897425651550293,-7.77441812260804e-07,0.47498446702957153,0.6422329545021057,-0.020602794364094734,0.403459757566452,0.5348621606826782,-0.02598603069782257,0.3723529577255249,0.4222908914089203,-0.036988772451877594,0.38285189867019653,0.3285852074623108,-0.041190456598997116,0.4258013069629669,0.4272025227546692,0.03510570898652077,0.3997671604156494,0.3481822609901428,-0.00573642086237669,0.41898784041404724,0.425147145986557,-0.025022633373737335,0.437336802482605,0.4618956446647644,-0.02917981706559658,0.4770168364048004,0.4144100844860077,0.028799954801797867,0.44912832975387573,0.326796293258667,-0.015095665119588375,0.46657881140708923,0.44059109687805176,-0.02059648185968399,0.4854601323604584,0.48205694556236267,-0.006826101336628199,0.5322287678718567,0.4156610071659088,0.012019486166536808,0.5073926448822021,0.3405805826187134,-0.03712783381342888,0.5159481763839722,0.45751890540122986,-0.020927852019667625,0.5308337211608887,0.5086125135421753,0.009459106251597404,0.5925279259681702,0.42780447006225586,-0.00688173109665513,0.5620081424713135,0.35950082540512085,-0.030159050598740578,0.5568787455558777,0.43729716539382935,-0.01134802307933569,0.5657292604446411,0.4824252128601074,0.013604603707790375,fist,RRQ_p24,RRQ
0.3329700231552124,0.6945205926895142,-4.094064536275255e-07,0.4256954491138458,0.6936527490615845,-0.03303344175219536,0.5231495499610901,0.6403533220291138,-0.049952782690525055,0.5766768455505371,0.5580606460571289,-0.06603587418794632,0.5690255761146545,0.4690743386745453,-0.07402008026838303,0.5000415444374084,0.4697996973991394,-0.015554128214716911,0.5616207718849182,0.4218328893184662,-0.06034383922815323,0.5370379090309143,0.5164162516593933,-0.07873053848743439,0.4990275800228119,0.5552563071250916,-0.0831204280257225,0.45756688714027405,0.44210582971572876,-0.018841495737433434,0.5302726030349731,0.3941688537597656,-0.06846838444471359,0.49816814064979553,0.5132635831832886,-0.07945830374956131,0.4563421905040741,0.5413838624954224,-0.07368290424346924,0.4093158543109894,0.4260818660259247,-0.029068728908896446,0.4768950939178467,0.4081517457962036,-0.08499300479888916,0.44762980937957764,0.5248831510543823,-0.07453810423612595,0.40996989607810974,0.541883111000061,-0.051775410771369934,0.3513251841068268,0.4224916100502014,-0.040666788816452026,0.4259970784187317,0.4215090870857239,-0.07597212493419647,0.41217243671417236,0.5057623386383057,-0.06105351448059082,0.37707850337028503,0.5210825800895691,-0.04021307826042175,fist,RRQ_p24,RRQ
0.25499558448791504,0.6974115967750549,-6.278941100390512e-08,0.3148619532585144,0.5680950284004211,-0.010118038393557072,0.3807131052017212,0.45489275455474854,-0.03896740823984146,0.46181464195251465,0.4036822021007538,-0.06938338279724121,0.5154370069503784,0.42088228464126587,-0.09350235760211945,0.2717348337173462,0.32594895362854004,-0.07065369188785553,0.4244173765182495,0.31587886810302734,-0.1041024699807167,0.42760133743286133,0.3901981711387634,-0.10631585121154785,0.3942911922931671,0.4117729365825653,-0.10840772092342377,0.25586625933647156,0.38868552446365356,-0.0919908806681633,0.4368325173854828,0.3915264308452606,-0.12452787160873413,0.42496663331985474,0.4664807915687561,-0.11293001472949982,0.38756704330444336,0.4757274389266968,-0.10699587315320969,0.2597511410713196,0.4704308807849884,-0.11275755614042282,0.43554824590682983,0.48030155897140503,-0.13579228520393372,0.41184476017951965,0.5411039590835571,-0.11377058178186417,0.370649516582489,0.5489439964294434,-0.10162365436553955,0.27849864959716797,0.5587213039398193,-0.13591268658638,0.4264109134674072,0.5568454265594482,-0.1450933814048767,0.41804513335227966,0.5887084007263184,-0.1319631040096283,0.3894828259944916,0.5929050445556641,-0.12457750737667084,fist,RRQ_p24,RRQ
0.22388018667697906,0.7215026617050171,-3.1986136406203514e-08,0.35265418887138367,0.719172477722168,-0.02804308943450451,0.4550296366214752,0.724733293056488,-0.06791166216135025,0.5104988813400269,0.7756152749061584,-0.10850255936384201,0.49025657773017883,0.8318564295768738,-0.14403879642486572,0.45273450016975403,0.481140673160553,-0.07133771479129791,0.5272424817085266,0.6805928945541382,-0.12360988557338715,0.48354557156562805,0.7228637933731079,-0.14689195156097412,0.45581305027008057,0.6816908717155457,-0.1651603728532791,0.37973830103874207,0.4884497821331024,-0.09080052375793457,0.4668729603290558,0.7153350114822388,-0.13976019620895386,0.41657754778862,0.7338348627090454,-0.14193758368492126,0.39616474509239197,0.6783370971679688,-0.1462741196155548,0.30855512619018555,0.5363689064979553,-0.1140381395816803,0.3848508894443512,0.7569513916969299,-0.150595560669899,0.34404873847961426,0.7554028630256653,-0.13727997243404388,0.3241936266422272,0.6967423558235168,-0.13040342926979065,0.24569539725780487,0.6044825315475464,-0.14262641966342926,0.31131604313850403,0.7785589694976807,-0.1659533828496933,0.2921179533004761,0.7701119184494019,-0.16495393216609955,0.27257630228996277,0.7147585153579712,-0.16571882367134094,fist,RRQ_p24,RRQ
0.21869520843029022,0.5567212700843811,-1.4862739305954165e-07,0.28652870655059814,0.6034550666809082,-0.0936039388179779,0.3939836323261261,0.621522068977356,-0.15136732161045074,0.43800467252731323,0.5300700664520264,-0.19679953157901764,0.40596774220466614,0.41629746556282043,-0.22856268286705017,0.49338167905807495,0.3956528306007385,-0.07644622772932053,0.500235378742218,0.39867091178894043,-0.15329843759536743,0.44111454486846924,0.4644339084625244,-0.18667681515216827,0.40838879346847534,0.4713955223560333,-0.19924138486385345,0.4411442279815674,0.3038603663444519,-0.05989662557840347,0.4181974530220032,0.33525803685188293,-0.12879608571529388,0.3599225878715515,0.4464317560195923,-0.13540753722190857,0.3689160943031311,0.43758103251457214,-0.12543204426765442,0.3749219477176666,0.2565179467201233,-0.05793755501508713,0.3375798761844635,0.31632256507873535,-0.12265241891145706,0.3038453757762909,0.4163573384284973,-0.10592146962881088,0.3159101903438568,0.40392670035362244,-0.08276067674160004,0.30155035853385925,0.23177847266197205,-0.06531530618667603,0.2676149606704712,0.3150004744529724,-0.10462812334299088,0.2537330687046051,0.3903157114982605,-0.09863027930259705,0.26895812153816223,0.37992265820503235,-0.08488725125789642,fist,RRQ_p24,RRQ
0.44546636939048767,0.44870030879974365,-1.500315107705319e-07,0.5328933596611023,0.506008505821228,-0.05579965561628342,0.6499943137168884,0.5187022089958191,-0.09161218255758286,0.7275031208992004,0.4503635764122009,-0.12475918233394623,0.7341731786727905,0.33704376220703125,-0.1510894000530243,0.7143602967262268,0.3165873885154724,-0.032882221043109894,0.7745461463928223,0.278628945350647,-0.09933237731456757,0.7551885843276978,0.3280925750732422,-0.13170549273490906,0.7182940244674683,0.36116963624954224,-0.1412409543991089,0.6664255261421204,0.25136786699295044,-0.0325736477971077,0.7329239845275879,0.23842331767082214,-0.10489876568317413,0.656003475189209,0.3511383533477783,-0.11878888309001923,0.6143060326576233,0.3746075928211212,-0.10737326741218567,0.6098777055740356,0.20621517300605774,-0.04266342148184776,0.654902458190918,0.21784940361976624,-0.11841434240341187,0.593453586101532,0.3232048749923706,-0.10386546701192856,0.5609460473060608,0.33315309882164,-0.07259935885667801,0.53903728723526,0.1720859557390213,-0.05642010271549225,0.5822486281394958,0.20341621339321136,-0.10510221868753433,0.5492864847183228,0.2890780568122864,-0.08908212929964066,0.526764988899231,0.2969716191291809,-0.06298164278268814,fist,RRQ_p24,RRQ
0.18203485012054443,0.8090224266052246,-4.077457163020881e-07,0.29511457681655884,0.7633851766586304,-0.03809042647480965,0.3923964500427246,0.6531487107276917,-0.05425156652927399,0.417129784822464,0.5148361921310425,-0.0700000450015068,0.36960071325302124,0.4208388924598694,-0.07803789526224136,0.31522417068481445,0.5057665705680847,-0.00979209691286087,0.3592744469642639,0.4123421013355255,-0.05560093745589256,0.3657587170600891,0.5142161846160889,-0.07368351519107819,0.33810943365097046,0.5855098366737366,-0.0756654217839241,0.2632085680961609,0.49379146099090576,-0.010839574038982391,0.31675171852111816,0.3953164219856262,-0.06467902660369873,0.3191235065460205,0.5322544574737549,-0.0789184719324112,0.2852003276348114,0.5975521802902222,-0.07257241755723953,0.2090466171503067,0.49007025361061096,-0.01989542320370674,0.2672351896762848,0.4133334159851074,-0.08222920447587967,0.2709019184112549,0.5518775582313538,-0.07179132103919983,0.23650823533535004,0.6116441488265991,-0.04550127312541008,0.14043477177619934,0.5012927651405334,-0.030568592250347137,0.21617065370082855,0.44083765149116516,-0.0729467049241066,0.2248724400997162,0.5383941531181335,-0.058312397450208664,0.19328269362449646,0.5900490880012512,-0.03485133498907089,fist,RRQ_p24,RRQ
0.3816356062889099,0.7624455094337463,-3.750373593902623e-07,0.48436301946640015,0.8391844630241394,-0.03601457551121712,0.6009035110473633,0.859157919883728,-0.055228620767593384,0.6931268572807312,0.8001368641853333,-0.07545137405395508,0.7234023809432983,0.6944143176078796,-0.087412029504776,0.6336386799812317,0.7052868008613586,-0.002970584435388446,0.7187692523002625,0.6998674869537354,-0.05039702728390694,0.6616389751434326,0.7645898461341858,-0.07286886125802994,0.6072686910629272,0.764677107334137,-0.07961805164813995,0.6097075939178467,0.6471774578094482,-0.007445801515132189,0.7051325440406799,0.6442340612411499,-0.06108962371945381,0.6277078986167908,0.7288046479225159,-0.07822798192501068,0.5748057961463928,0.7187603712081909,-0.0759122297167778,0.5789677500724792,0.5931432247161865,-0.02034144103527069,0.6667260527610779,0.6031277775764465,-0.08415157347917557,0.5889958143234253,0.6915151476860046,-0.07459361851215363,0.5369769930839539,0.6816686987876892,-0.050260767340660095,0.5327536463737488,0.5362551212310791,-0.034811750054359436,0.6167331337928772,0.5827796459197998,-0.07927297800779343,0.5629311800003052,0.651986300945282,-0.06495387852191925,0.5136619210243225,0.6427730321884155,-0.04253396391868591,fist,RRQ_p24,RRQ
0.3338174521923065,0.624243438243866,-4.847391323892225e-07,0.44287100434303284,0.5964663624763489,-0.04665575549006462,0.5513805747032166,0.5001564025878906,-0.06555745750665665,0.5848379135131836,0.3716599941253662,-0.08093070983886719,0.5498504638671875,0.27152830362319946,-0.08759680390357971,0.49452120065689087,0.32067984342575073,-0.022789232432842255,0.5385708212852478,0.23716504871845245,-0.07560944557189941,0.5211853981018066,0.3512490391731262,-0.09875478595495224,0.4930264949798584,0.42389538884162903,-0.1039116382598877,0.4360334277153015,0.3027817904949188,-0.020383182913064957,0.4851715862751007,0.20946988463401794,-0.07912977784872055,0.47085803747177124,0.3514412045478821,-0.09253006428480148,0.44355615973472595,0.4194389581680298,-0.08464838564395905,0.3744014799594879,0.3021168112754822,-0.026405269280076027,0.4239130914211273,0.23349212110042572,-0.09101812541484833,0.4168669283390045,0.3767224848270416,-0.07717791199684143,0.3933526575565338,0.43517976999282837,-0.04832207038998604,0.30247828364372253,0.3189578056335449,-0.03498087078332901,0.36419105529785156,0.273673951625824,-0.078841432929039,0.36715176701545715,0.37635841965675354,-0.06306157261133194,0.3474277853965759,0.4224848449230194,-0.03803578019142151,fist,RRQ_p24,RRQ
0.6572365760803223,0.908053994178772,6.041217375241104e-07,0.5614688396453857,0.8462873697280884,-0.04328933358192444,0.48038068413734436,0.7336583137512207,-0.06559412181377411,0.42382973432540894,0.638623833656311,-0.08542201668024063,0.371489942073822,0.5658772587776184,-0.10488162189722061,0.5531602501869202,0.5584701299667358,-0.029904691502451897,0.5035984516143799,0.4314398467540741,-0.06298183649778366,0.4736570119857788,0.34924501180648804,-0.09116991609334946,0.4527095556259155,0.2704745829105377,-0.11281692981719971,0.6223673224449158,0.5319164991378784,-0.036692485213279724,0.6100993156433105,0.3719509243965149,-0.06504391878843307,0.6036030054092407,0.26531025767326355,-0.09099580347537994,0.5988640189170837,0.1693861484527588,-0.11054359376430511,0.6879827976226807,0.546122133731842,-0.05062932148575783,0.6845101714134216,0.40114665031433105,-0.08485782146453857,0.6779642701148987,0.3071800768375397,-0.10646355897188187,0.6705946922302246,0.2175932228565216,-0.12087345123291016,0.7519186735153198,0.5880001783370972,-0.06857205927371979,0.776978611946106,0.47572487592697144,-0.09801038354635239,0.7945377230644226,0.39957284927368164,-0.10873504728078842,0.8079033493995667,0.32480210065841675,-0.11582480370998383,open_palm,RRQ_p24,RRQ
0.4739636182785034,0.8955605030059814,5.508609888238425e-07,0.37212955951690674,0.8597722053527832,-0.04465874284505844,0.27431321144104004,0.7777091860771179,-0.07525467127561569,0.20294013619422913,0.7064775824546814,-0.10356234759092331,0.13547268509864807,0.6520559787750244,-0.1322173774242401,0.31501951813697815,0.5829727649688721,-0.04804304614663124,0.24197405576705933,0.4651125371456146,-0.092546246945858,0.1909240484237671,0.39789289236068726,-0.1269259750843048,0.14698539674282074,0.3328305780887604,-0.15166448056697845,0.37132951617240906,0.5484609603881836,-0.05799853801727295,0.3183444142341614,0.3895188570022583,-0.0980265736579895,0.284097284078598,0.288677453994751,-0.12926848232746124,0.2548067569732666,0.19663959741592407,-0.15133318305015564,0.43332618474960327,0.5504987835884094,-0.07454270869493484,0.3925040364265442,0.4018722176551819,-0.11711181700229645,0.36354586482048035,0.30927008390426636,-0.14161080121994019,0.335750013589859,0.22083699703216553,-0.1575726717710495,0.5017805099487305,0.5766527056694031,-0.09484421461820602,0.49774277210235596,0.45616891980171204,-0.12989041209220886,0.4945061206817627,0.3759095370769501,-0.14332067966461182,0.48701995611190796,0.2979709506034851,-0.15233732759952545,open_palm,RRQ_p24,RRQ
0.7147054672241211,0.7702146768569946,5.46594435490988e-07,0.6213884949684143,0.7299395203590393,-0.04512743279337883,0.539089024066925,0.6567931771278381,-0.07770777493715286,0.47683030366897583,0.5938016176223755,-0.10823984444141388,0.4168683588504791,0.5447908043861389,-0.14161185920238495,0.6209496855735779,0.535325288772583,-0.07158268988132477,0.5729058980941772,0.4192225933074951,-0.11666374653577805,0.5396397709846497,0.3444932699203491,-0.1488858312368393,0.5114693641662598,0.2738126516342163,-0.17285367846488953,0.6962650418281555,0.5173516869544983,-0.082074373960495,0.6951611042022705,0.37883034348487854,-0.12306327372789383,0.6975699663162231,0.28001952171325684,-0.15679128468036652,0.7005836367607117,0.18081459403038025,-0.18383434414863586,0.7611467242240906,0.5337339639663696,-0.09667883068323135,0.7797913551330566,0.4041224718093872,-0.14908438920974731,0.7887459993362427,0.312262624502182,-0.1837093085050583,0.79237300157547,0.21688324213027954,-0.20741967856884003,0.8183120489120483,0.5777393579483032,-0.11316792666912079,0.8757559657096863,0.49763253331184387,-0.16260015964508057,0.9174096584320068,0.445566862821579,-0.184810072183609,0.9501484632492065,0.3887570798397064,-0.19996942579746246,open_palm,RRQ_p24,RRQ
0.6223973631858826,0.7879396677017212,3.47954426160868e-07,0.5270723700523376,0.7268884181976318,-0.02010159008204937,0.45473039150238037,0.6155564188957214,-0.019630927592515945,0.41050076484680176,0.523471474647522,-0.021309973672032356,0.3767701983451843,0.451496958732605,-0.021096229553222656,0.5294938683509827,0.47336098551750183,0.030889075249433517,0.48943209648132324,0.3761799931526184,0.022860143333673477,0.4655836522579193,0.32134437561035156,0.008315484039485455,0.4472876489162445,0.26998475193977356,-0.00424443231895566,0.5902752876281738,0.4484103322029114,0.02307688072323799,0.5801603198051453,0.3247300386428833,0.020317576825618744,0.5743470191955566,0.24644652009010315,0.007923104800283909,0.567571222782135,0.18323293328285217,-0.0025240154936909676,0.647942304611206,0.45596843957901,0.007050359155982733,0.6456926465034485,0.34281283617019653,-0.006602280307561159,0.6400739550590515,0.2739088535308838,-0.01796303689479828,0.6308990716934204,0.21139511466026306,-0.02553378976881504,0.7046961784362793,0.48585861921310425,-0.012358240783214569,0.7293034791946411,0.39384275674819946,-0.027096442878246307,0.7431408166885376,0.3318145275115967,-0.0322011262178421,0.7522299885749817,0.2699746787548065,-0.03510414436459541,open_palm,RRQ_p24,RRQ
0.5671164989471436,0.8345676064491272,2.6900048055722436e-07,0.4761030972003937,0.7827651500701904,-0.02011311985552311,0.40184226632118225,0.6725658774375916,-0.025199605152010918,0.36004793643951416,0.5844531059265137,-0.031673308461904526,0.3174634873867035,0.5275090336799622,-0.03828255459666252,0.458576500415802,0.5170915722846985,0.002356895711272955,0.4112042188644409,0.41304025053977966,-0.01622782088816166,0.3783448338508606,0.3493143916130066,-0.035830866545438766,0.35140663385391235,0.287667840719223,-0.052884794771671295,0.5109753608703613,0.49036097526550293,-0.00975782796740532,0.4802473187446594,0.3551217317581177,-0.02663608267903328,0.4616701602935791,0.2665450870990753,-0.04640858992934227,0.44568324089050293,0.1866466999053955,-0.0625356137752533,0.5655096769332886,0.4962784945964813,-0.027912283316254616,0.544977605342865,0.3655015826225281,-0.05095118656754494,0.5303385257720947,0.2821314036846161,-0.06976552307605743,0.5143608450889587,0.20406407117843628,-0.08405844867229462,0.6241397857666016,0.5245723724365234,-0.04885553568601608,0.6376478672027588,0.4174293279647827,-0.0708431527018547,0.6448045969009399,0.3426494300365448,-0.0825992226600647,0.6457787156105042,0.2696395814418793,-0.09202610701322556,open_palm,RRQ_p24,RRQ
0.5822526216506958,0.7809879779815674,5.712798269996711e-07,0.6402944326400757,0.670374870300293,0.010825054720044136,0.6701956391334534,0.5698268413543701,0.0017169076018035412,0.6857448220252991,0.4656553268432617,-0.006225955206900835,0.690254807472229,0.38616713881492615,-0.015856938436627388,0.6019431352615356,0.4827457070350647,-0.05298032984137535,0.6109186410903931,0.3280147910118103,-0.07496944814920425,0.6059097647666931,0.23704126477241516,-0.0801454558968544,0.5971009731292725,0.17213326692581177,-0.0821201428771019,0.5426189303398132,0.4975431561470032,-0.0675213560461998,0.4956973195075989,0.3247479200363159,-0.10056067258119583,0.4653738737106323,0.22971731424331665,-0.11035695672035217,0.44135385751724243,0.1609175205230713,-0.11439651250839233,0.488566517829895,0.5341907143592834,-0.07633639872074127,0.4359266757965088,0.385697603225708,-0.10429635643959045,0.41112256050109863,0.2908129394054413,-0.11493514478206635,0.394382119178772,0.21833911538124084,-0.11906358599662781,0.44413214921951294,0.5877549052238464,-0.08072452992200851,0.3776327967643738,0.48494866490364075,-0.1015797033905983,0.3418081998825073,0.4283449947834015,-0.1071389839053154,0.31385427713394165,0.37639355659484863,-0.1074196994304657,open_palm,RRQ_p24,RRQ
0.6847351789474487,0.7804592251777649,4.3307736063979974e-07,0.5919650197029114,0.7361788153648376,-0.029553014785051346,0.502469003200531,0.6746037602424622,-0.05364782735705376,0.4315328598022461,0.6357771754264832,-0.07748879492282867,0.3716098368167877,0.6131446361541748,-0.10335929691791534,0.5564926266670227,0.5040767192840576,-0.03931086137890816,0.4895659387111664,0.4061567783355713,-0.07811588793992996,0.44389986991882324,0.3552113175392151,-0.1087719276547432,0.3996368646621704,0.31329718232154846,-0.13074341416358948,0.6138983368873596,0.47778940200805664,-0.05330459773540497,0.5793729424476624,0.34758153557777405,-0.08662305027246475,0.5489556789398193,0.2683696448802948,-0.1157793253660202,0.5156412720680237,0.19665586948394775,-0.13723880052566528,0.6740005016326904,0.4896000623703003,-0.0721319243311882,0.656214714050293,0.36403515934944153,-0.11074165999889374,0.6328350305557251,0.2821936011314392,-0.13865047693252563,0.6058728098869324,0.2035626471042633,-0.15776316821575165,0.7340428829193115,0.5295181274414062,-0.09254508465528488,0.7568289041519165,0.44038131833076477,-0.12681081891059875,0.7658982872962952,0.37642088532447815,-0.14259928464889526,0.7668092250823975,0.3126550316810608,-0.15349987149238586,open_palm,RRQ_p24,RRQ
0.6445590853691101,0.7636681795120239,3.795738052758679e-07,0.5543938279151917,0.7224359512329102,-0.025534776970744133,0.4829460382461548,0.6444207429885864,-0.040310561656951904,0.4305434226989746,0.5774309039115906,-0.056581154465675354,0.3867381811141968,0.5199906229972839,-0.072158582508564,0.5247047543525696,0.4843939542770386,-0.0011259624734520912,0.49634483456611633,0.3727116286754608,-0.024120749905705452,0.48033303022384644,0.30682384967803955,-0.04858981445431709,0.46756666898727417,0.24207696318626404,-0.06799504160881042,0.5638995170593262,0.46332916617393494,-0.009837152436375618,0.5298197865486145,0.34264975786209106,-0.028366073966026306,0.5101684331893921,0.2651516795158386,-0.04888785630464554,0.49193161725997925,0.19271615147590637,-0.06564223021268845,0.6072760820388794,0.464193731546402,-0.025089574977755547,0.5746407508850098,0.348237544298172,-0.042971160262823105,0.5534060001373291,0.27709734439849854,-0.05529358610510826,0.5319215655326843,0.21127119660377502,-0.06561201810836792,0.6583788990974426,0.4813080132007599,-0.04466252028942108,0.6301291584968567,0.3865906596183777,-0.06200027093291283,0.6070724725723267,0.32549428939819336,-0.0696728378534317,0.5839706659317017,0.2668406367301941,-0.07569507509469986,open_palm,RRQ_p24,RRQ
0.3164191246032715,0.7065840363502502,4.886267674919509e-07,0.4203955829143524,0.7312015891075134,-0.028547953814268112,0.514246940612793,0.6738277673721313,-0.028857605531811714,0.5713857412338257,0.5940990447998047,-0.029281651601195335,0.6233326196670532,0.541278600692749,-0.028814230114221573,0.5384498834609985,0.5158140659332275,0.015293038450181484,0.6052851676940918,0.4401378333568573,-0.001095679122954607,0.645706295967102,0.38997000455856323,-0.020669227465987206,0.6801868081092834,0.34338557720184326,-0.03594392538070679,0.5092087984085083,0.4671441614627838,0.012845371849834919,0.5847663283348083,0.37802237272262573,-0.0022706110030412674,0.6352816820144653,0.3217485547065735,-0.021960420534014702,0.6794702410697937,0.27243703603744507,-0.03650178015232086,0.4688913822174072,0.4375910460948944,0.0025392842944711447,0.5376220345497131,0.3489450216293335,-0.017880257219076157,0.584636390209198,0.2969895005226135,-0.035437967628240585,0.6283546686172485,0.2512703537940979,-0.04678255319595337,0.41539472341537476,0.42101719975471497,-0.01159651018679142,0.4689566195011139,0.34842365980148315,-0.032937049865722656,0.5080265402793884,0.30539658665657043,-0.04415480047464371,0.5488321185112,0.2642698585987091,-0.051192477345466614,open_palm,RRQ_p24,RRQ
0.25220686197280884,0.7333254814147949,8.987606747723476e-07,0.35595259070396423,0.7256498336791992,-0.0564236082136631,0.4570900797843933,0.6742575764656067,-0.0874025747179985,0.5320324897766113,0.6169295907020569,-0.1138182133436203,0.598033607006073,0.5745786428451538,-0.13991990685462952,0.42057234048843384,0.4557221531867981,-0.06076892465353012,0.48882681131362915,0.3488752841949463,-0.09962588548660278,0.5342169404029846,0.2809659540653229,-0.12923721969127655,0.572858989238739,0.22115930914878845,-0.15053197741508484,0.3604699969291687,0.4070895314216614,-0.0620281808078289,0.4051430821418762,0.25867384672164917,-0.0975419282913208,0.43618687987327576,0.1618455946445465,-0.12454160302877426,0.4613047242164612,0.07439956068992615,-0.1442936211824417,0.29391080141067505,0.39748531579971313,-0.06982559710741043,0.3176249861717224,0.24971207976341248,-0.10943803191184998,0.33968350291252136,0.149671733379364,-0.13712701201438904,0.361071914434433,0.059649765491485596,-0.1550135612487793,0.22352707386016846,0.418107271194458,-0.08213675767183304,0.20259205996990204,0.29365694522857666,-0.12212318181991577,0.18972106277942657,0.20961794257164001,-0.14220167696475983,0.18253163993358612,0.1272423267364502,-0.1540711373090744,open_palm,RRQ_p24,RRQ
0.36654090881347656,0.8268682360649109,9.79880155682622e-07,0.4649214744567871,0.8534871339797974,-0.048792243003845215,0.5650177597999573,0.8333568572998047,-0.08503953367471695,0.6502377986907959,0.8229363560676575,-0.11777117848396301,0.7310066223144531,0.8123219013214111,-0.15320289134979248,0.5727660655975342,0.6412625312805176,-0.08188758790493011,0.6546385884284973,0.5456969738006592,-0.13493651151657104,0.7166582942008972,0.49657732248306274,-0.17087142169475555,0.7740538716316223,0.4607018828392029,-0.19548925757408142,0.5292825698852539,0.5954455137252808,-0.09117698669433594,0.606490433216095,0.48081421852111816,-0.13977770507335663,0.6723554730415344,0.41655445098876953,-0.17336338758468628,0.7320969104766846,0.36356332898139954,-0.19742074608802795,0.4682967960834503,0.5840762257575989,-0.10529910773038864,0.5258038640022278,0.4537163972854614,-0.15470319986343384,0.574639081954956,0.3713662326335907,-0.18807747960090637,0.6258094310760498,0.3005029857158661,-0.21088199317455292,0.3988317847251892,0.6023699641227722,-0.12221112847328186,0.4120227098464966,0.49889129400253296,-0.17192073166370392,0.4283885955810547,0.42751678824424744,-0.19825974106788635,0.4500250518321991,0.35616534948349,-0.2153487503528595,open_palm,RRQ_p24,RRQ
0.21417924761772156,0.8450877666473389,9.811855079533416e-07,0.31568795442581177,0.822791337966919,-0.05811140686273575,0.41417354345321655,0.7655569314956665,-0.0982571691274643,0.49071037769317627,0.7196380496025085,-0.13528084754943848,0.5622693300247192,0.6843976378440857,-0.1747307926416397,0.3683343231678009,0.5492216348648071,-0.08468411862850189,0.43470263481140137,0.42111510038375854,-0.13718780875205994,0.4828750789165497,0.34637466073036194,-0.17573848366737366,0.5276423692703247,0.27891698479652405,-0.2031787633895874,0.2955205738544464,0.5130102634429932,-0.09160850197076797,0.3269940912723541,0.35909411311149597,-0.13768871128559113,0.35294109582901,0.2625115215778351,-0.17220917344093323,0.37653741240501404,0.17280808091163635,-0.19894886016845703,0.21886000037193298,0.5184739232063293,-0.10429359972476959,0.22809390723705292,0.3578563332557678,-0.15223900973796844,0.23919551074504852,0.2444186806678772,-0.18537478148937225,0.25438475608825684,0.13834312558174133,-0.20881909132003784,0.14310678839683533,0.5585885643959045,-0.12128445506095886,0.10946527123451233,0.4331045150756836,-0.16891291737556458,0.0880240797996521,0.3460281789302826,-0.1923684924840927,0.07404501736164093,0.25741273164749146,-0.20766830444335938,open_palm,RRQ_p24,RRQ
0.4068859815597534,0.7324784994125366,1.1515928690641886e-06,0.5200472474098206,0.7452864646911621,-0.057751934975385666,0.632871150970459,0.7165005803108215,-0.09655261784791946,0.7252129316329956,0.6893874406814575,-0.1314241737127304,0.8104021549224854,0.6655741333961487,-0.16816788911819458,0.6216420531272888,0.48802000284194946,-0.07990289479494095,0.7158427238464355,0.3810468018054962,-0.1335492730140686,0.7819756865501404,0.31800025701522827,-0.17131923139095306,0.8423752784729004,0.2665374279022217,-0.19704799354076385,0.5690500140190125,0.4318634867668152,-0.08595754206180573,0.6511222124099731,0.28467923402786255,-0.13433034718036652,0.7155954837799072,0.19388258457183838,-0.16982047259807587,0.7710323333740234,0.1182626485824585,-0.19506506621837616,0.5026255249977112,0.4169468283653259,-0.09805063158273697,0.557340681552887,0.2623605728149414,-0.14659762382507324,0.6036081314086914,0.15920141339302063,-0.18027478456497192,0.6506389379501343,0.06968724727630615,-0.2028111070394516,0.429340660572052,0.4346305727958679,-0.1141800805926323,0.4402817487716675,0.31183159351348877,-0.16172753274440765,0.45534828305244446,0.2221544086933136,-0.1867581009864807,0.47624579071998596,0.1345071792602539,-0.20258478820323944,open_palm,RRQ_p24,RRQ
0.3259076178073883,0.8270056247711182,1.0909832326433389e-06,0.4365862011909485,0.8415762782096863,-0.06388117372989655,0.5408724546432495,0.8025624752044678,-0.10970304161310196,0.631424605846405,0.7708012461662292,-0.14990372955799103,0.7151612043380737,0.7434639930725098,-0.1943410336971283,0.5236565470695496,0.6067031621932983,-0.12054815888404846,0.6099754571914673,0.4928456246852875,-0.18473461270332336,0.6674467325210571,0.41881662607192993,-0.22585360705852509,0.7175389528274536,0.348366916179657,-0.25545892119407654,0.46247777342796326,0.5548374652862549,-0.13049271702766418,0.529736340045929,0.39870625734329224,-0.1948145180940628,0.5814805030822754,0.2926291823387146,-0.2390255630016327,0.6246053576469421,0.191048264503479,-0.27142611145973206,0.3861476182937622,0.5507930517196655,-0.14408913254737854,0.41511887311935425,0.3938262462615967,-0.20935562252998352,0.4420560896396637,0.280223548412323,-0.2520381212234497,0.4707086682319641,0.17397478222846985,-0.2809569537639618,0.30774354934692383,0.5850204825401306,-0.16069446504116058,0.2953069806098938,0.45797067880630493,-0.2237122803926468,0.2877313792705536,0.37274909019470215,-0.2552073895931244,0.28623664379119873,0.2856304943561554,-0.27585694193840027,open_palm,RRQ_p24,RRQ
0.35306262969970703,0.9444259405136108,1.1232275483052945e-06,0.45410433411598206,0.8915032744407654,-0.06725388020277023,0.5367279052734375,0.8033694624900818,-0.11430652439594269,0.605914831161499,0.7254163026809692,-0.1568763554096222,0.6741971373558044,0.6603263020515442,-0.20187492668628693,0.45184311270713806,0.6005527973175049,-0.10493052750825882,0.5002164840698242,0.4404376149177551,-0.1663416624069214,0.5304421782493591,0.33830875158309937,-0.20883159339427948,0.5542190074920654,0.2426547110080719,-0.23839642107486725,0.37382516264915466,0.5853812098503113,-0.11043188720941544,0.37736648321151733,0.4039294123649597,-0.16710633039474487,0.38031816482543945,0.27966922521591187,-0.2069263607263565,0.377772718667984,0.1623789668083191,-0.23602336645126343,0.29976212978363037,0.6154965162277222,-0.12144606560468674,0.27002155780792236,0.4525793790817261,-0.17723792791366577,0.254668653011322,0.3306412696838379,-0.21330827474594116,0.2430351972579956,0.21571049094200134,-0.23705796897411346,0.23410171270370483,0.6797441244125366,-0.13719205558300018,0.17097853124141693,0.5658954977989197,-0.18942879140377045,0.13062593340873718,0.482671856880188,-0.21473196148872375,0.09735745191574097,0.39706867933273315,-0.2303108423948288,open_palm,RRQ_p24,RRQ
0.7720127105712891,0.8595324754714966,-6.79543404658034e-07,0.7334823608398438,0.710698664188385,-0.005152304656803608,0.6779362559318542,0.5475428700447083,-0.02480892650783062,0.6542192697525024,0.42127034068107605,-0.04467339813709259,0.6645786762237549,0.312661737203598,-0.06482137739658356,0.6749019026756287,0.5283280611038208,-0.06985242664813995,0.5278329253196716,0.5622931718826294,-0.10743971168994904,0.55771404504776,0.6067966222763062,-0.11570554226636887,0.6048347353935242,0.6043071746826172,-0.1176619827747345,0.6864227652549744,0.6239081621170044,-0.0879325196146965,0.5194016695022583,0.6559360027313232,-0.12323983013629913,0.5604450106620789,0.6812233924865723,-0.11463283002376556,0.6105977296829224,0.6803719997406006,-0.11018960922956467,0.692650556564331,0.7246012687683105,-0.1053326353430748,0.5360842943191528,0.7416182160377502,-0.14275631308555603,0.5791553258895874,0.7605844736099243,-0.12048344314098358,0.6296032667160034,0.7571320533752441,-0.1034621000289917,0.694449245929718,0.823162317276001,-0.12123313546180725,0.5602297782897949,0.8131604194641113,-0.1497308313846588,0.59323650598526,0.824059009552002,-0.13529179990291595,0.642593502998352,0.8255575299263,-0.12156357616186142,thumbs_up,RRQ_p24,RRQ
0.5590169429779053,0.6962736248970032,-1.2524358226073673e-06,0.4928168058395386,0.5708011388778687,-0.06702738255262375,0.476239413022995,0.3843171298503876,-0.09719742089509964,0.4664052724838257,0.23857875168323517,-0.1215096116065979,0.4446636140346527,0.11838993430137634,-0.13554410636425018,0.634656548500061,0.28947967290878296,-0.03786945343017578,0.6190180778503418,0.30144593119621277,-0.09664937108755112,0.5745460391044617,0.40275055170059204,-0.1291917860507965,0.5671570897102356,0.4358873665332794,-0.14871865510940552,0.7201136350631714,0.33840256929397583,-0.03251158818602562,0.6808870434761047,0.38511696457862854,-0.09304355084896088,0.6098877787590027,0.48814764618873596,-0.10950803011655807,0.5980307459831238,0.5038716793060303,-0.11202076822519302,0.7718609571456909,0.4226927161216736,-0.03870777413249016,0.7230786681175232,0.488033652305603,-0.10368277132511139,0.6467878222465515,0.5618085265159607,-0.09483285993337631,0.6313785314559937,0.5567896962165833,-0.07759259641170502,0.801558792591095,0.5156171917915344,-0.05142507329583168,0.7523642778396606,0.578252375125885,-0.09275627136230469,0.6854972839355469,0.6213864088058472,-0.08793248236179352,0.6656152009963989,0.6063958406448364,-0.07680603116750717,thumbs_up,RRQ_p24,RRQ
0.34770116209983826,0.8307729959487915,-8.520527785549348e-07,0.254112184047699,0.6798749566078186,-0.0708790048956871,0.20583975315093994,0.4929795265197754,-0.10026527941226959,0.1806219220161438,0.3574681878089905,-0.11638525128364563,0.1547524780035019,0.2371636927127838,-0.1195344477891922,0.3431735336780548,0.4242899715900421,-0.08029364794492722,0.185038760304451,0.5123539566993713,-0.13178670406341553,0.18871352076530457,0.5953295230865479,-0.14853310585021973,0.23443537950515747,0.590968132019043,-0.15723362565040588,0.4064982235431671,0.49822187423706055,-0.07114958018064499,0.21549808979034424,0.6233734488487244,-0.1247517541050911,0.2296922504901886,0.6772212982177734,-0.1291065812110901,0.2836894094944,0.6496358513832092,-0.1285753697156906,0.4436017572879791,0.6059302091598511,-0.07105237990617752,0.26560842990875244,0.7194300889968872,-0.1246771588921547,0.2771155536174774,0.7514793872833252,-0.10962014645338058,0.32619014382362366,0.7288323640823364,-0.09251655638217926,0.46322041749954224,0.7172722220420837,-0.07814238965511322,0.32274508476257324,0.7990581393241882,-0.12194421142339706,0.32113534212112427,0.8062095046043396,-0.12471979111433029,0.3597008287906647,0.7772484421730042,-0.11826878786087036,thumbs_up,RRQ_p24,RRQ
0.6084932088851929,0.7193084955215454,-4.2100197106265114e-07,0.5810940861701965,0.5417588949203491,-0.07599711418151855,0.5811434388160706,0.3779798448085785,-0.12030001729726791,0.598129391670227,0.2550848424434662,-0.14971402287483215,0.6291767954826355,0.1323600709438324,-0.17141848802566528,0.6700412631034851,0.48019060492515564,-0.13215595483779907,0.48177242279052734,0.4673399329185486,-0.18888318538665771,0.5011168718338013,0.48962998390197754,-0.2071119248867035,0.5676348209381104,0.4822894036769867,-0.21539735794067383,0.6775182485580444,0.6101577877998352,-0.12281724065542221,0.4521911144256592,0.5975335836410522,-0.1698155701160431,0.5018509030342102,0.5980188250541687,-0.16541674733161926,0.5749149322509766,0.5860713720321655,-0.16729655861854553,0.665778398513794,0.726093053817749,-0.11972543597221375,0.45390719175338745,0.7120339870452881,-0.1671544760465622,0.4994741380214691,0.7022592425346375,-0.14543728530406952,0.5687702298164368,0.6927083134651184,-0.13045653700828552,0.641231119632721,0.8284199237823486,-0.12492765486240387,0.476948618888855,0.8160719871520996,-0.16755133867263794,0.5050598382949829,0.8017808198928833,-0.1689099371433258,0.5617859363555908,0.796083927154541,-0.16723020374774933,thumbs_up,RRQ_p24,RRQ
0.5057825446128845,0.7620431184768677,-2.1701877983559825e-07,0.47102534770965576,0.5805827379226685,-0.014170439913868904,0.39168792963027954,0.4129159450531006,-0.04778289422392845,0.3461776673793793,0.26356881856918335,-0.07767672091722488,0.3220036029815674,0.13891997933387756,-0.10901129990816116,0.3201397657394409,0.4721893072128296,-0.1190701499581337,0.14015009999275208,0.480449914932251,-0.14925378561019897,0.1693347692489624,0.505956768989563,-0.15177956223487854,0.22699934244155884,0.5124001502990723,-0.14953656494617462,0.31093016266822815,0.6062608361244202,-0.1286792755126953,0.12747004628181458,0.5948500633239746,-0.14830081164836884,0.17315909266471863,0.6019341349601746,-0.13288933038711548,0.23695367574691772,0.6063435077667236,-0.12692303955554962,0.3046320974826813,0.7293533086776733,-0.13279283046722412,0.14677678048610687,0.7010291814804077,-0.14427216351032257,0.19272390007972717,0.6999273300170898,-0.11116769909858704,0.2527288794517517,0.7048132419586182,-0.09372656047344208,0.30023857951164246,0.8377234935760498,-0.1365371197462082,0.17180591821670532,0.7934902906417847,-0.1435701847076416,0.21001163125038147,0.7884680032730103,-0.11484133452177048,0.2618972659111023,0.7994851469993591,-0.09561524540185928,thumbs_up,RRQ_p24,RRQ
0.6259104609489441,0.80832839012146,-1.2782757039531134e-06,0.5756862759590149,0.6885356307029724,-0.07923252135515213,0.568779468536377,0.5153816342353821,-0.12031501531600952,0.5652792453765869,0.3716338872909546,-0.15309910476207733,0.5631646513938904,0.24468234181404114,-0.17539037764072418,0.7402263879776001,0.4502256512641907,-0.07113072276115417,0.738975465297699,0.49110278487205505,-0.13663345575332642,0.6810045838356018,0.5754554867744446,-0.16733300685882568,0.6622955799102783,0.5941479206085205,-0.1838921159505844,0.8211407661437988,0.526957094669342,-0.06298801302909851,0.7942474484443665,0.5948866009712219,-0.132386714220047,0.7035629749298096,0.6754117012023926,-0.14804038405418396,0.6778078079223633,0.6783744096755981,-0.14873476326465607,0.8655515313148499,0.6260560750961304,-0.06549196690320969,0.8268002271652222,0.7061630487442017,-0.14300388097763062,0.7301648855209351,0.7613141536712646,-0.1340283304452896,0.6993151307106018,0.7495341300964355,-0.11352823674678802,0.8852497339248657,0.7260385751724243,-0.07444071024656296,0.8474779725074768,0.7971928715705872,-0.12704677879810333,0.7684657573699951,0.8267071843147278,-0.12245649099349976,0.734969437122345,0.805979311466217,-0.10910984128713608,thumbs_up,RRQ_p24,RRQ
0.6207854747772217,0.7443631887435913,-8.78116793501249e-07,0.5207844972610474,0.6638312339782715,-0.05030028149485588,0.42324739694595337,0.5387188792228699,-0.08023003488779068,0.3426229655742645,0.44362181425094604,-0.10888469964265823,0.2792515754699707,0.38453564047813416,-0.12703539431095123,0.5084786415100098,0.3689129054546356,-0.02190340682864189,0.5108651518821716,0.29360702633857727,-0.07958310842514038,0.5171563029289246,0.41828492283821106,-0.10840759426355362,0.519533634185791,0.4795811176300049,-0.1215110793709755,0.5898791551589966,0.3738473653793335,-0.02237774431705475,0.5881827473640442,0.29550647735595703,-0.09155896306037903,0.5751781463623047,0.4534010589122772,-0.10624337941408157,0.5721156597137451,0.49910035729408264,-0.1010354533791542,0.6625290513038635,0.4065641164779663,-0.03289485722780228,0.6667126417160034,0.3478527069091797,-0.10113697499036789,0.638474702835083,0.48468446731567383,-0.08274710178375244,0.6267234683036804,0.5264413356781006,-0.05274138227105141,0.7261631488800049,0.45316219329833984,-0.04686719924211502,0.7291772365570068,0.3967623710632324,-0.08007946610450745,0.694864809513092,0.4888802766799927,-0.05757450684905052,0.6763327121734619,0.5229506492614746,-0.031792592257261276,thumbs_up,RRQ_p24,RRQ
0.2695050537586212,0.6343662738800049,-7.78520757194201e-07,0.40222644805908203,0.6281148195266724,-0.0506853386759758,0.5406808853149414,0.533655047416687,-0.0737115815281868,0.6290723085403442,0.4359820783138275,-0.09278944134712219,0.7000830173492432,0.3891012668609619,-0.09955385327339172,0.483509361743927,0.28757232427597046,-0.034090008586645126,0.5309501886367798,0.2591654658317566,-0.08506374061107635,0.4913483262062073,0.39258724451065063,-0.09956683218479156,0.463640034198761,0.4306960105895996,-0.10254114866256714,0.4041807949542999,0.2520550489425659,-0.031887590885162354,0.45433124899864197,0.2466287612915039,-0.08740798383951187,0.42161786556243896,0.4114769697189331,-0.0880623385310173,0.40068966150283813,0.4253760576248169,-0.07568400353193283,0.3242294192314148,0.24842368066310883,-0.03814661130309105,0.37054821848869324,0.23727019131183624,-0.10020802170038223,0.35368821024894714,0.39397141337394714,-0.07301853597164154,0.3333319425582886,0.41702258586883545,-0.03951551392674446,0.24258272349834442,0.26420241594314575,-0.047914162278175354,0.2840708792209625,0.2477889508008957,-0.08612773567438126,0.2929801344871521,0.35948899388313293,-0.06231401860713959,0.2843945622444153,0.39190661907196045,-0.0330505333840847,thumbs_up,RRQ_p24,RRQ
0.2862321138381958,0.5783283710479736,-6.012433573232556e-07,0.3423164486885071,0.4252374470233917,0.001012392109259963,0.436347097158432,0.2686733603477478,-0.021229226142168045,0.5002127289772034,0.14935335516929626,-0.04476023465394974,0.517535388469696,0.04341655969619751,-0.06234820559620857,0.5065840482711792,0.28354600071907043,-0.07081597298383713,0.6614254713058472,0.3612114489078522,-0.1035672202706337,0.6170077323913574,0.3956103026866913,-0.10760310292243958,0.55836021900177,0.38178348541259766,-0.1072101965546608,0.5032848715782166,0.3873140513896942,-0.09252849221229553,0.6602801084518433,0.45523715019226074,-0.11030649393796921,0.6096168756484985,0.4806252717971802,-0.0930909514427185,0.5512994527816772,0.4658728241920471,-0.08620166778564453,0.4974088966846466,0.5008342266082764,-0.1118580624461174,0.6428757309913635,0.5538514852523804,-0.12252708524465561,0.5927931666374207,0.5728204250335693,-0.08815936744213104,0.5363913178443909,0.5599026083946228,-0.07085331529378891,0.48942068219184875,0.6160001158714294,-0.13052932918071747,0.6167829632759094,0.6479488611221313,-0.13041836023330688,0.5696526169776917,0.6561211347579956,-0.10020322352647781,0.5141358375549316,0.6412742733955383,-0.08220551162958145,thumbs_up,RRQ_p24,RRQ
0.2953898012638092,0.836808443069458,-7.820323162377463e-07,0.4581547677516937,0.8163563013076782,-0.047371696680784225,0.5866008996963501,0.7112176418304443,-0.07512129843235016,0.6716825366020203,0.6154953837394714,-0.10086014866828918,0.751413106918335,0.5412282943725586,-0.11785133183002472,0.5185820460319519,0.4484700858592987,-0.04934375733137131,0.5984833836555481,0.5641254186630249,-0.11056891828775406,0.5573626756668091,0.6751059293746948,-0.14112849533557892,0.5233412981033325,0.6754002571105957,-0.1603509485721588,0.4294000566005707,0.415742963552475,-0.056567806750535965,0.51611328125,0.5935124158859253,-0.11682780086994171,0.47677916288375854,0.7100496292114258,-0.12966781854629517,0.4488500952720642,0.6864474415779114,-0.1342720240354538,0.344774067401886,0.4385978579521179,-0.07186783850193024,0.4248955547809601,0.613353967666626,-0.13058970868587494,0.39827999472618103,0.7101514339447021,-0.12080920487642288,0.3724435865879059,0.6775133013725281,-0.10921753942966461,0.2688159942626953,0.48825281858444214,-0.09244564920663834,0.3321610391139984,0.6331099271774292,-0.13251538574695587,0.3283679783344269,0.7081739902496338,-0.1276599019765854,0.31062328815460205,0.6869229674339294,-0.11796299368143082,thumbs_up,RRQ_p24,RRQ
0.3757129907608032,0.7690361142158508,-4.0716503235671553e-07,0.334833562374115,0.5987552404403687,-0.05990240350365639,0.3004913628101349,0.4230862259864807,-0.10534857958555222,0.2535907030105591,0.30465972423553467,-0.14189735054969788,0.1766364574432373,0.20569923520088196,-0.17338739335536957,0.27530351281166077,0.6028417944908142,-0.15326836705207825,0.45066094398498535,0.46694421768188477,-0.22293810546398163,0.42631781101226807,0.4745410084724426,-0.26110926270484924,0.3616635203361511,0.4951845109462738,-0.2881280481815338,0.31511881947517395,0.7446573376655579,-0.16016992926597595,0.5166892409324646,0.5709821581840515,-0.2113656997680664,0.46410882472991943,0.5767911076545715,-0.2092202603816986,0.39160656929016113,0.6092823147773743,-0.22381450235843658,0.368828147649765,0.8497409820556641,-0.16942080855369568,0.5497577786445618,0.6901566982269287,-0.2082291543483734,0.4932522773742676,0.6999475955963135,-0.17676490545272827,0.4262246787548065,0.724679708480835,-0.16861864924430847,0.4248636066913605,0.9230912923812866,-0.18672236800193787,0.5549710392951965,0.8247135877609253,-0.2138465940952301,0.5120024681091309,0.8258956670761108,-0.20052701234817505,0.4542555809020996,0.851647138595581,-0.2009934037923813,thumbs_up,RRQ_p24,RRQ
0.505028486251831,0.6142538785934448,-4.3927238380092604e-07,0.5841345191001892,0.4940962791442871,-0.014559629373252392,0.6984561085700989,0.3653256893157959,-0.05355332791805267,0.762466549873352,0.2512211799621582,-0.08821636438369751,0.790165364742279,0.13349086046218872,-0.11581720411777496,0.7032493948936462,0.34717458486557007,-0.15557029843330383,0.8795168399810791,0.46205514669418335,-0.19835831224918365,0.8341608047485352,0.49871617555618286,-0.18767717480659485,0.776350736618042,0.47163745760917664,-0.17775028944015503,0.6687137484550476,0.43729349970817566,-0.17642919719219208,0.8591541051864624,0.5573621392250061,-0.2083391696214676,0.8054096698760986,0.5766379237174988,-0.1729935258626938,0.7459132671356201,0.5532955527305603,-0.1564941704273224,0.6386837959289551,0.5427408218383789,-0.19247747957706451,0.8225373029708862,0.6464343070983887,-0.21347196400165558,0.7694973945617676,0.6576453447341919,-0.16636601090431213,0.7100124955177307,0.6376334428787231,-0.1438678652048111,0.6172080039978027,0.6536415815353394,-0.20870406925678253,0.7737658023834229,0.7244775295257568,-0.21785514056682587,0.735373854637146,0.7228138446807861,-0.18985193967819214,0.675273597240448,0.7004847526550293,-0.1766335517168045,thumbs_up,RRQ_p24,RRQ
0.4511794447898865,0.6610023975372314,-5.23431822330167e-07,0.5479820966720581,0.5447564721107483,-0.017076760530471802,0.6695873141288757,0.41515690088272095,-0.06249724701046944,0.7302374839782715,0.29084908962249756,-0.10237900167703629,0.7535638809204102,0.16106289625167847,-0.13533622026443481,0.6584157943725586,0.38773220777511597,-0.18043039739131927,0.831627607345581,0.51727294921875,-0.22476573288440704,0.7840557098388672,0.5574603080749512,-0.2076212465763092,0.7234438061714172,0.524458646774292,-0.1943770796060562,0.6121639609336853,0.48565468192100525,-0.204045370221138,0.804229199886322,0.6221053600311279,-0.24106504023075104,0.7471299767494202,0.6414014101028442,-0.2009178251028061,0.6858362555503845,0.6114364862442017,-0.1830025464296341,0.5729751586914062,0.5975470542907715,-0.2216939479112625,0.7604660987854004,0.7143614292144775,-0.24722446501255035,0.7040956616401672,0.7182817459106445,-0.19611604511737823,0.6417954564094543,0.6882068514823914,-0.17330676317214966,0.5453875064849854,0.7126063108444214,-0.2393343299627304,0.7027801871299744,0.7909615635871887,-0.253977507352829,0.6637512445449829,0.7856831550598145,-0.2267533242702484,0.6031661033630371,0.7566202282905579,-0.21556952595710754,thumbs_up,RRQ_p24,RRQ
0.3181825578212738,0.7667044401168823,-6.062808779461193e-07,0.45119282603263855,0.6571353673934937,-0.022811418399214745,0.5500591397285461,0.5028908252716064,-0.04062403738498688,0.6261088252067566,0.38603031635284424,-0.058876946568489075,0.6867732405662537,0.27257537841796875,-0.07179634273052216,0.45624101161956787,0.3436613082885742,-0.062145479023456573,0.6227052807807922,0.5014973878860474,-0.11945299804210663,0.5828538537025452,0.5715152621269226,-0.14617347717285156,0.5284034609794617,0.5356479287147522,-0.16614504158496857,0.37841475009918213,0.399093359708786,-0.08057400584220886,0.5715232491493225,0.5916213989257812,-0.1393546164035797,0.5197796821594238,0.6476266980171204,-0.15130655467510223,0.4692041873931885,0.613681435585022,-0.16462253034114838,0.31615716218948364,0.4908809959888458,-0.10232473909854889,0.4924955368041992,0.6728030443191528,-0.15348142385482788,0.4436520040035248,0.7141984105110168,-0.14380165934562683,0.3954150378704071,0.6720856428146362,-0.1396106332540512,0.26720428466796875,0.5955313444137573,-0.12751834094524384,0.4090343117713928,0.7202653288841248,-0.16609612107276917,0.3866605758666992,0.7466263771057129,-0.16864953935146332,0.34161141514778137,0.7141907215118408,-0.17016659677028656,thumbs_up,RRQ_p24,RRQ
0.23864790797233582,0.7164201140403748,-8.238561122198007e-07,0.2965160012245178,0.5269414186477661,-0.017855258658528328,0.39170265197753906,0.37008577585220337,-0.0414985753595829,0.4830382466316223,0.24628636240959167,-0.06131300702691078,0.5258525609970093,0.1365388035774231,-0.07314567267894745,0.5230162143707275,0.4759415090084076,-0.046702634543180466,0.6343330144882202,0.4931989312171936,-0.049709293991327286,0.5772968530654907,0.49816346168518066,-0.04106179624795914,0.5209426283836365,0.49652525782585144,-0.03562021628022194,0.536339521408081,0.6127762794494629,-0.04741356149315834,0.6351032257080078,0.5973756313323975,-0.03829948604106903,0.584479570388794,0.5912175178527832,-0.023908693343400955,0.5280982255935669,0.5958541631698608,-0.02127319574356079,0.5329499244689941,0.7332931756973267,-0.04556902125477791,0.6233415603637695,0.7041939496994019,-0.03397922217845917,0.581525981426239,0.6969631314277649,-0.009006872773170471,0.5272526741027832,0.702847421169281,-0.0009153876453638077,0.5232242345809937,0.8370842933654785,-0.04421692714095116,0.6003716588020325,0.7952585220336914,-0.03493568301200867,0.5627589225769043,0.779687762260437,-0.00868852436542511,0.5201560258865356,0.7863901853561401,0.007957642897963524,thumbs_up,RRQ_p24,RRQ
0.6674216389656067,0.914991557598114,1.0822162721524364e-06,0.6060888767242432,0.8476499319076538,-0.04645330086350441,0.5838337540626526,0.7308530211448669,-0.07280385494232178,0.663182258605957,0.6693654656410217,-0.09901948273181915,0.7404188513755798,0.6421054601669312,-0.12227088212966919,0.602211058139801,0.5442981719970703,-0.05401141569018364,0.5624381303787231,0.39356502890586853,-0.09380988776683807,0.541340172290802,0.29893144965171814,-0.11525213718414307,0.5252621173858643,0.216263085603714,-0.12884840369224548,0.6765649318695068,0.5431275367736816,-0.060964420437812805,0.7096574306488037,0.37157562375068665,-0.10193745046854019,0.7370545864105225,0.2622683346271515,-0.1240679994225502,0.7639627456665039,0.1658150851726532,-0.13346080482006073,0.7333893179893494,0.592564582824707,-0.07303378731012344,0.7456779479980469,0.5748765468597412,-0.1254502534866333,0.7136151194572449,0.664134681224823,-0.1323835849761963,0.6960635185241699,0.713879406452179,-0.12124980986118317,0.7757664918899536,0.6655480861663818,-0.08962319046258926,0.7794905304908752,0.6638220548629761,-0.1263805478811264,0.7426211833953857,0.7218908071517944,-0.12292791903018951,0.7174571752548218,0.7566170692443848,-0.11124254018068314,peace_sign,RRQ_p24,RRQ
0.4365967810153961,0.8337200880050659,9.22839490158367e-07,0.3592522442340851,0.793735146522522,-0.030578551813960075,0.2870963215827942,0.7044857740402222,-0.057353075593709946,0.29364198446273804,0.6192004084587097,-0.08776053786277771,0.35372087359428406,0.5821254849433899,-0.11631669104099274,0.31184765696525574,0.5113270282745361,-0.04604816064238548,0.2561666965484619,0.3823966681957245,-0.08646874129772186,0.21967223286628723,0.3039313852787018,-0.10655751079320908,0.19375252723693848,0.2345511019229889,-0.11901634931564331,0.3844660520553589,0.4910227954387665,-0.062188293784856796,0.3667212128639221,0.3236210346221924,-0.10507635772228241,0.35298123955726624,0.22127369046211243,-0.12764565646648407,0.3484155833721161,0.12395355105400085,-0.13576146960258484,0.4500507414340973,0.5186430811882019,-0.08144166320562363,0.38197463750839233,0.5310350656509399,-0.12962377071380615,0.3591447174549103,0.6104553937911987,-0.13222800195217133,0.3646349310874939,0.6420048475265503,-0.11931026726961136,0.49743184447288513,0.5725952982902527,-0.10415422171354294,0.41847336292266846,0.6113825440406799,-0.13246653974056244,0.40296411514282227,0.6668333411216736,-0.12379974871873856,0.4164655804634094,0.6891438364982605,-0.10955365002155304,peace_sign,RRQ_p24,RRQ
0.6679860353469849,0.874129593372345,1.0057423196485615e-06,0.6057055592536926,0.8033493161201477,-0.04045773670077324,0.5765767693519592,0.6834238171577454,-0.06792949140071869,0.6448602676391602,0.6168578267097473,-0.09717565029859543,0.7193425893783569,0.5915789604187012,-0.12442784756422043,0.6057409048080444,0.5060468316078186,-0.056506671011447906,0.5657829642295837,0.3536505699157715,-0.09974317997694016,0.5439265966415405,0.25614914298057556,-0.12267746031284332,0.5286573767662048,0.17162391543388367,-0.13666801154613495,0.6814696192741394,0.507637619972229,-0.06785965710878372,0.7093997001647949,0.3286016583442688,-0.1130935400724411,0.7313820123672485,0.2103365659713745,-0.13822636008262634,0.7540802955627441,0.11138758063316345,-0.14892511069774628,0.7424138784408569,0.5590381026268005,-0.08313040435314178,0.7378236651420593,0.5361917018890381,-0.14029419422149658,0.7035178542137146,0.6178346276283264,-0.15006782114505768,0.6861441731452942,0.672148585319519,-0.13918082416057587,0.7883332371711731,0.6326631903648376,-0.10166452080011368,0.7692493200302124,0.6237854957580566,-0.13937921822071075,0.727871298789978,0.6682438850402832,-0.13585010170936584,0.7016286849975586,0.7013133764266968,-0.12343231588602066,peace_sign,RRQ_p24,RRQ
0.562380313873291,0.8397698402404785,1.0802167480505886e-06,0.46517589688301086,0.8308779001235962,-0.03577236831188202,0.3855134844779968,0.8142141699790955,-0.07756131887435913,0.35344964265823364,0.7936756014823914,-0.12323809415102005,0.40107616782188416,0.7778505086898804,-0.16763414442539215,0.3420689105987549,0.6166569590568542,-0.07219505310058594,0.2381385862827301,0.5231412053108215,-0.12833403050899506,0.16978886723518372,0.4654563367366791,-0.15879185497760773,0.11673057079315186,0.41074687242507935,-0.17782115936279297,0.40828949213027954,0.5729546546936035,-0.09371127188205719,0.32953768968582153,0.46898871660232544,-0.15003639459609985,0.27103614807128906,0.39326775074005127,-0.1794612556695938,0.22034306824207306,0.3152065873146057,-0.19213874638080597,0.48342734575271606,0.580777645111084,-0.11776197701692581,0.42012062668800354,0.680277943611145,-0.1740901917219162,0.42404359579086304,0.7434893846511841,-0.17762064933776855,0.4366953372955322,0.7451567649841309,-0.16485416889190674,0.5465091466903687,0.6291761994361877,-0.14580433070659637,0.48344847559928894,0.7541185617446899,-0.17648755013942719,0.48028191924095154,0.7967199087142944,-0.16596868634223938,0.4924975633621216,0.7879576683044434,-0.15028369426727295,peace_sign,RRQ_p24,RRQ
0.622247040271759,0.7851136922836304,1.0337096227885922e-06,0.6384595632553101,0.6409183740615845,0.020498530939221382,0.6073133945465088,0.5279874205589294,0.006341876927763224,0.5518407225608826,0.48274660110473633,-0.01483891997486353,0.4966607093811035,0.4883713722229004,-0.03976751118898392,0.6223344802856445,0.45950597524642944,-0.05062776803970337,0.6015589237213135,0.2881675362586975,-0.08918534219264984,0.5938931703567505,0.18405935168266296,-0.10765553265810013,0.5870797634124756,0.10631343722343445,-0.11419621109962463,0.5701638460159302,0.49274328351020813,-0.07613339275121689,0.49636054039001465,0.3144661784172058,-0.11357694864273071,0.4489173889160156,0.20341572165489197,-0.12871067225933075,0.41068026423454285,0.12359923124313354,-0.13491344451904297,0.516211986541748,0.546143114566803,-0.09416884928941727,0.44178909063339233,0.4730149209499359,-0.11772731691598892,0.4599107503890991,0.5095248818397522,-0.10260546207427979,0.48383820056915283,0.5446818470954895,-0.0828775092959404,0.46818214654922485,0.6055667996406555,-0.11028388887643814,0.42068225145339966,0.5409559011459351,-0.11238498985767365,0.4390689730644226,0.5721259713172913,-0.0847671627998352,0.4620632827281952,0.6026883721351624,-0.05875229835510254,peace_sign,RRQ_p24,RRQ
0.6715099215507507,0.808600902557373,9.78603566181846e-07,0.6193297505378723,0.7375087738037109,-0.03962407633662224,0.5995445251464844,0.628666877746582,-0.0664030984044075,0.6613333225250244,0.5610617399215698,-0.09392131865024567,0.7296698093414307,0.5422738194465637,-0.11918783187866211,0.6250851154327393,0.4746290445327759,-0.054122358560562134,0.5857564806938171,0.33176201581954956,-0.0964130237698555,0.564228892326355,0.2403026819229126,-0.11907286196947098,0.5477035641670227,0.16156384348869324,-0.131465345621109,0.6915361881256104,0.47922900319099426,-0.06260199844837189,0.7185514569282532,0.310427725315094,-0.10375074297189713,0.7413997054100037,0.20483988523483276,-0.12315553426742554,0.7647604942321777,0.1165764331817627,-0.1289213001728058,0.7457341551780701,0.5258967280387878,-0.07527697086334229,0.749481737613678,0.5107513070106506,-0.12704060971736908,0.7166488766670227,0.5871039628982544,-0.13158932328224182,0.7002825736999512,0.6368095278739929,-0.1171426847577095,0.7876443862915039,0.5931163430213928,-0.09148430824279785,0.7804842591285706,0.5821223258972168,-0.12216328829526901,0.744602382183075,0.6295388340950012,-0.11295755952596664,0.7229412794113159,0.6640245318412781,-0.09684886038303375,peace_sign,RRQ_p24,RRQ
0.43047812581062317,0.9022721648216248,1.0460175872140098e-06,0.3483881652355194,0.8580430746078491,-0.03606223687529564,0.26408660411834717,0.7683316469192505,-0.06597432494163513,0.26628947257995605,0.6967864036560059,-0.09838087111711502,0.33779391646385193,0.6841195225715637,-0.12835298478603363,0.2899331748485565,0.570006251335144,-0.060904376208782196,0.2239130437374115,0.43002206087112427,-0.10603826493024826,0.18003800511360168,0.34706801176071167,-0.12882529199123383,0.14667275547981262,0.273850679397583,-0.14385752379894257,0.3699587285518646,0.5463953018188477,-0.07638806849718094,0.3443942964076996,0.3863984942436218,-0.12355788052082062,0.3246001899242401,0.2791147828102112,-0.14935705065727234,0.3123106360435486,0.17391815781593323,-0.16029609739780426,0.4410901963710785,0.5773269534111023,-0.09467771649360657,0.37627819180488586,0.6131454706192017,-0.1450900435447693,0.3519643545150757,0.7007932066917419,-0.14914865791797638,0.35276171565055847,0.7365095615386963,-0.1367577165365219,0.4921407699584961,0.6384426355361938,-0.11715491116046906,0.42058640718460083,0.6981215476989746,-0.14752034842967987,0.40041688084602356,0.7551743984222412,-0.14112038910388947,0.4063456952571869,0.7796127796173096,-0.1280011236667633,peace_sign,RRQ_p24,RRQ
0.7064610719680786,0.561186671257019,7.158448624977609e-07,0.6463767290115356,0.5903837084770203,-0.04093283414840698,0.5755554437637329,0.5826048254966736,-0.07022161036729813,0.5657532811164856,0.5033734440803528,-0.09888802468776703,0.5806916952133179,0.42112308740615845,-0.12420579046010971,0.4940418601036072,0.4843548536300659,-0.05578532814979553,0.396894633769989,0.47586992383003235,-0.1024710088968277,0.33429527282714844,0.4717944264411926,-0.1280253380537033,0.2808056175708771,0.46706050634384155,-0.14222650229930878,0.5195848941802979,0.40711668133735657,-0.06323611736297607,0.43028637766838074,0.3384830951690674,-0.11029206216335297,0.3704923689365387,0.2910325527191162,-0.13442280888557434,0.317281037569046,0.24244095385074615,-0.1431562453508377,0.5672768950462341,0.35936403274536133,-0.07481218874454498,0.5694965124130249,0.3815656304359436,-0.1259336769580841,0.6053845286369324,0.4532147943973541,-0.12755581736564636,0.6260971426963806,0.4878743290901184,-0.11309630423784256,0.6229382753372192,0.33453646302223206,-0.09080053865909576,0.6291223764419556,0.37331831455230713,-0.12212909013032913,0.6505445837974548,0.437226802110672,-0.11429057270288467,0.6640370488166809,0.4684748649597168,-0.09956327080726624,peace_sign,RRQ_p24,RRQ
0.1280384659767151,0.5363340377807617,1.4227811107048183e-06,0.21247953176498413,0.6220666766166687,-0.0531572550535202,0.3164161741733551,0.6274777054786682,-0.08117430657148361,0.3609119653701782,0.5222980380058289,-0.10875514149665833,0.3771666884422302,0.40740349888801575,-0.13193190097808838,0.442980021238327,0.5124759674072266,-0.05117169767618179,0.5806387662887573,0.5094659924507141,-0.09819772094488144,0.6624341011047363,0.5065260529518127,-0.12292568385601044,0.730712354183197,0.4932575225830078,-0.13482335209846497,0.42379215359687805,0.41186413168907166,-0.05845462903380394,0.5739445090293884,0.3370017409324646,-0.11732940375804901,0.6744693517684937,0.29912805557250977,-0.15222926437854767,0.7523268461227417,0.2641914188861847,-0.1652909517288208,0.37471047043800354,0.3411785364151001,-0.07117829471826553,0.4136026203632355,0.37505242228507996,-0.15300363302230835,0.3628673851490021,0.4389488101005554,-0.1779440939426422,0.3184063136577606,0.4635297954082489,-0.16953927278518677,0.31490558385849,0.2962077856063843,-0.08705217391252518,0.33085083961486816,0.37604209780693054,-0.1486695408821106,0.30187860131263733,0.4643241763114929,-0.15908324718475342,0.2742168605327606,0.5166541934013367,-0.15043725073337555,peace_sign,RRQ_p24,RRQ
0.28470519185066223,0.8892192840576172,1.3522120525522041e-06,0.37673118710517883,0.8651741743087769,-0.05350280553102493,0.4567871391773224,0.7972481846809387,-0.08879274874925613,0.4240332245826721,0.7315444946289062,-0.12457523494958878,0.3480038046836853,0.693260908126831,-0.15508012473583221,0.4425053596496582,0.5483061671257019,-0.06244989484548569,0.5042721033096313,0.393108606338501,-0.11741647869348526,0.5398054718971252,0.2958661913871765,-0.1480817049741745,0.5644543170928955,0.20547166466712952,-0.16607317328453064,0.355296790599823,0.5144714713096619,-0.07710818946361542,0.3678514361381531,0.33178287744522095,-0.13975578546524048,0.38786581158638,0.20591607689857483,-0.17522405087947845,0.40174898505210876,0.08751913905143738,-0.1898254007101059,0.28290924429893494,0.5448034405708313,-0.09690995514392853,0.32696494460105896,0.5748388767242432,-0.17362771928310394,0.35099613666534424,0.6761842966079712,-0.18721811473369598,0.35200557112693787,0.7250720262527466,-0.17362914979457855,0.22949551045894623,0.6163594722747803,-0.12199348956346512,0.28928250074386597,0.696508526802063,-0.1734531819820404,0.32123714685440063,0.7557410001754761,-0.17642541229724884,0.3270892798900604,0.7700885534286499,-0.1651783585548401,peace_sign,RRQ_p24,RRQ
0.44353216886520386,0.8771934509277344,1.4645110013589147e-06,0.5572258830070496,0.880233108997345,-0.055166520178318024,0.6644665002822876,0.8318579792976379,-0.10169447213411331,0.6993696093559265,0.7510312795639038,-0.15001967549324036,0.644323468208313,0.6867632865905762,-0.19092530012130737,0.6880258321762085,0.5433204174041748,-0.0810437798500061,0.7866709232330322,0.3899618983268738,-0.145583376288414,0.8442896604537964,0.29660919308662415,-0.18110433220863342,0.8861002326011658,0.2067514955997467,-0.20174698531627655,0.6019684076309204,0.4915713369846344,-0.10245710611343384,0.6828650236129761,0.2883789837360382,-0.17868617177009583,0.7529757618904114,0.17464718222618103,-0.21545541286468506,0.8025031089782715,0.07735425233840942,-0.22893650829792023,0.5224701762199402,0.5057381987571716,-0.12820947170257568,0.6264804005622864,0.5799328088760376,-0.21104256808757782,0.6207855939865112,0.6874884366989136,-0.21722185611724854,0.5899648666381836,0.7291044592857361,-0.1978580504655838,0.465651273727417,0.5741221904754639,-0.16027779877185822,0.5725263357162476,0.695634126663208,-0.2105281800031662,0.5697107315063477,0.7725213170051575,-0.20604939758777618,0.538826584815979,0.7862774729728699,-0.18995659053325653,peace_sign,RRQ_p24,RRQ
0.3086821734905243,0.7171393632888794,8.684394288138719e-07,0.3760412931442261,0.6892998814582825,-0.03929789736866951,0.43151384592056274,0.6226667165756226,-0.06246477738022804,0.4099366366863251,0.5556349158287048,-0.08464357256889343,0.3537572920322418,0.5230215191841125,-0.10375156253576279,0.4127977788448334,0.4470168650150299,-0.04550899937748909,0.44958770275115967,0.3306612968444824,-0.08248747140169144,0.4680664539337158,0.2602405548095703,-0.10263554751873016,0.4802383780479431,0.19536727666854858,-0.11349771916866302,0.352433443069458,0.42622536420822144,-0.05274870991706848,0.3654848635196686,0.2878389358520508,-0.09451150894165039,0.3804759979248047,0.1981927454471588,-0.11684314906597137,0.39089372754096985,0.12164315581321716,-0.12473014742136002,0.30010437965393066,0.45110079646110535,-0.0633687674999237,0.3399823009967804,0.4557322561740875,-0.114730603992939,0.3585066497325897,0.5222806930541992,-0.12275954335927963,0.3585529923439026,0.5627202391624451,-0.11174923926591873,0.2590923607349396,0.5031383037567139,-0.07743293792009354,0.30393853783607483,0.5365989804267883,-0.10921172052621841,0.325395405292511,0.5743488669395447,-0.10752861946821213,0.3267681896686554,0.5899526476860046,-0.09690769761800766,peace_sign,RRQ_p24,RRQ
