x0,y0,z0,x1,y1,z1,x2,y2,z2,x3,y3,z3,x4,y4,z4,x5,y5,z5,x6,y6,z6,x7,y7,z7,x8,y8,z8,x9,y9,z9,x10,y10,z10,x11,y11,z11,x12,y12,z12,x13,y13,z13,x14,y14,z14,x15,y15,z15,x16,y16,z16,x17,y17,z17,x18,y18,z18,x19,y19,z19,x20,y20,z20,label,person_id,collector
0.7255671620368958,0.9028805494308472,-2.151345199763455e-07,0.6496695280075073,0.904641330242157,-0.0468535162508487,0.5686683058738708,0.870019257068634,-0.0871728658676147,0.5182105302810669,0.8402206897735596,-0.1285197138786316,0.5541415214538574,0.8213199377059937,-0.1687222421169281,0.5547046661376953,0.6591449975967407,-0.0639127641916275,0.5077822208404541,0.5444579720497131,-0.1214586198329925,0.4724941849708557,0.4746810793876648,-0.1537986695766449,0.4485617876052856,0.4061444699764251,-0.1776494830846786,0.6220588088035583,0.613490104675293,-0.0705598443746566,0.5769003629684448,0.6634865403175354,-0.1375796794891357,0.585931122303009,0.7885754704475403,-0.140818789601326,0.6032708287239075,0.8097021579742432,-0.1292396336793899,0.6923099160194397,0.6206225156784058,-0.0841882079839706,0.6544775366783142,0.7332903742790222,-0.1388919353485107,0.6530464887619019,0.8302613496780396,-0.1122269406914711,0.6632918119430542,0.8278523683547974,-0.0827811434864997,0.7555190324783325,0.6579263210296631,-0.1048460081219673,0.724044680595398,0.7582786083221436,-0.1351156681776046,0.7122041583061218,0.8303632736206055,-0.1165494695305824,0.7169668078422546,0.8322915434837341,-0.0950507149100303,point,RRQ_p2,RRQ
0.6873578429222107,0.9811166524887084,-3.1938569122758054e-07,0.6197290420532227,0.9489855766296388,-0.0429328978061676,0.5388385653495789,0.860571026802063,-0.0725756362080574,0.5087924599647522,0.778160572052002,-0.1035788655281066,0.5608282685279846,0.7462647557258606,-0.1315639019012451,0.5631858110427856,0.6307772397994995,-0.0415661372244358,0.5340973138809204,0.4878053963184356,-0.0900561362504959,0.5122483968734741,0.4008696377277374,-0.112610638141632,0.4984453320503235,0.325349748134613,-0.1290567815303802,0.6380285620689392,0.6126900911331177,-0.0481633320450782,0.5939074158668518,0.6146703958511353,-0.1143721789121627,0.5845834016799927,0.74467533826828,-0.114157848060131,0.5986911058425903,0.7735430598258972,-0.097553864121437,0.7087125778198242,0.6356589794158936,-0.062509998679161,0.6638479828834534,0.6883524656295776,-0.1200532168149948,0.6470658779144287,0.8001111745834351,-0.0919110774993896,0.6581768989562988,0.8040381669998169,-0.059122622013092,0.7698785662651062,0.6873332262039185,-0.0832795724272728,0.7256879806518555,0.7598152160644531,-0.1146555617451667,0.7099032998085022,0.8341747522354126,-0.0970090925693512,0.7239392995834351,0.8269596695899963,-0.0751857161521911,point,RRQ_p2,RRQ
0.5439078211784363,1.0318562984466553,-2.167095090044313e-07,0.438291996717453,0.9883253574371338,-0.0446749702095985,0.3508714735507965,0.9091532230377196,-0.0906580239534378,0.2856574654579162,0.8354469537734985,-0.1417383253574371,0.3326607942581177,0.7987315654754639,-0.1906181424856186,0.3872294723987579,0.6658923625946045,-0.0410549752414226,0.3451599478721618,0.5129407644271851,-0.1014368012547493,0.3054517209529876,0.4161412715911865,-0.129514455795288,0.2779214084148407,0.3382932841777801,-0.1478566825389862,0.4606999456882477,0.6463592052459717,-0.0508349947631359,0.3810018599033355,0.6513664722442627,-0.1209480315446853,0.3829618096351623,0.7992215156555176,-0.1117588579654693,0.4097616374492645,0.8234703540802002,-0.0866183489561081,0.5316894054412842,0.6690117716789246,-0.0704924538731575,0.4506755471229553,0.7262252569198608,-0.1278068125247955,0.4487336277961731,0.8457819223403931,-0.0869229510426521,0.475030243396759,0.850975751876831,-0.0440022088587284,0.5909667611122131,0.7263343930244446,-0.0978052169084549,0.5180051922798157,0.7941068410873413,-0.1211317554116249,0.5072710514068604,0.870696485042572,-0.0918610394001007,0.5308605432510376,0.8725577592849731,-0.0614964999258518,point,RRQ_p2,RRQ
0.0382062047719955,0.8036072850227356,2.22329887833439e-07,0.1331554055213928,0.8120386600494385,-0.0392846092581748,0.2343924194574356,0.7931628227233887,-0.0789710730314254,0.2976472079753876,0.7443723678588867,-0.1226518452167511,0.2848638594150543,0.6654871702194214,-0.1641963869333267,0.307981014251709,0.5719834566116333,-0.045441310852766,0.3983681201934814,0.477298378944397,-0.0989158228039741,0.4633432924747467,0.409403920173645,-0.1247093081474304,0.5059956312179565,0.3470649123191833,-0.1418068408966064,0.243505597114563,0.5028337240219116,-0.0603608787059783,0.3018533885478973,0.5296593904495239,-0.1400251984596252,0.2468154430389404,0.6657547950744629,-0.1484405845403671,0.2128169536590576,0.6960945725440979,-0.1345621794462204,0.1717644482851028,0.4770189523696899,-0.0810698494315147,0.2017511427402496,0.5698550939559937,-0.1579074263572693,0.1615772247314453,0.6794127821922302,-0.1386633366346359,0.1365045011043548,0.6778681874275208,-0.1076176092028617,0.0950675457715988,0.4784207344055176,-0.1061099618673324,0.1168936416506767,0.580018937587738,-0.1532650142908096,0.0990921035408973,0.659404456615448,-0.138628289103508,0.0817922353744506,0.6468552947044373,-0.1164676323533058,point,RRQ_p2,RRQ
0.2727299034595489,1.0389894247055054,4.431520039815951e-07,0.3425183892250061,1.0072957277297974,-0.0524152219295501,0.411346435546875,0.97031831741333,-0.1132206916809082,0.4501717090606689,0.9307276010513306,-0.1758668422698974,0.4176653623580932,0.9052982330322266,-0.2382878959178924,0.3632027506828308,0.7262248992919922,-0.1167806163430213,0.3682205975055694,0.556678295135498,-0.1982740014791488,0.3742676079273224,0.4404733777046203,-0.2409479469060897,0.3723929226398468,0.3441391289234161,-0.2672556936740875,0.2749149203300476,0.7198927998542786,-0.129652202129364,0.3347610831260681,0.7606580853462219,-0.223621591925621,0.36607825756073,0.901090919971466,-0.2285466343164444,0.3701906502246856,0.9449865818023682,-0.2154345959424972,0.2007239311933517,0.7688875198364258,-0.1473770588636398,0.268483966588974,0.8810650110244751,-0.2261986881494522,0.3032054007053375,0.9771146774291992,-0.1962686628103256,0.3055391311645508,0.9921872615814208,-0.1617592275142669,0.1387448459863662,0.8439558744430542,-0.1714518070220947,0.1902951300144195,0.9409186840057372,-0.2178795039653778,0.2288367450237274,1.0087015628814695,-0.1958615779876709,0.2343455255031585,1.0156238079071045,-0.169643834233284,point,RRQ_p2,RRQ
-0.1219766587018966,0.6482366323471069,5.517364343177178e-07,-0.0082394480705261,0.5715699195861816,0.004508841317147,0.1257432103157043,0.5327481627464294,-0.0354991778731346,0.2413432896137237,0.5780271887779236,-0.0852477177977562,0.2981277704238891,0.6159105896949768,-0.1364139914512634,0.1369174569845199,0.334840178489685,-0.0726886391639709,0.3000076115131378,0.3295663297176361,-0.135406881570816,0.4030131697654724,0.340924322605133,-0.1733222752809524,0.48593670129776,0.3544661402702331,-0.196444034576416,0.0946312025189399,0.3797963857650757,-0.1120010539889335,0.2930326461791992,0.535031259059906,-0.1724286079406738,0.2461878657341003,0.6092541217803955,-0.1715781390666961,0.1991564035415649,0.5985420346260071,-0.1661707162857055,0.0582578182220459,0.4672826528549194,-0.150498166680336,0.2412715256214141,0.6276473999023438,-0.198286771774292,0.1865994930267334,0.6698166131973267,-0.1687933057546615,0.1366887092590332,0.6389995813369751,-0.1449721753597259,0.0293774604797363,0.5707105994224548,-0.1901798546314239,0.1839423030614853,0.6962529420852661,-0.2046278417110443,0.1448783874511718,0.7252411842346191,-0.1712380498647689,0.0931206494569778,0.6992164254188538,-0.1469940245151519,point,RRQ_p2,RRQ
0.3131226003170013,1.1210546493530271,3.415260891870276e-07,0.4432176053524017,1.0498600006103516,-0.0122896768152713,0.5285861492156982,0.9685298204421996,-0.0653726458549499,0.5901910066604614,0.9147314429283142,-0.1295924633741378,0.6128459572792053,0.8807944655418396,-0.1948803812265396,0.4367170333862304,0.6846432089805603,-0.0844506993889808,0.46004718542099,0.4994448125362396,-0.1611919403076172,0.5112080574035645,0.4009413421154022,-0.2025089710950851,0.5542709827423096,0.3437492847442627,-0.2253584116697311,0.3612478673458099,0.7027279734611511,-0.1224284544587135,0.5350404977798462,0.7166244983673096,-0.2054781317710876,0.5494818687438965,0.8550288081169128,-0.210110455751419,0.5129299163818359,0.9106607437133788,-0.1991952210664749,0.3005697131156921,0.7766073942184448,-0.1620581150054931,0.4801127314567566,0.8594245910644531,-0.2375351190567016,0.4771668910980224,0.9649977087974548,-0.2120372951030731,0.4312107861042022,0.9839442372322084,-0.1811966598033905,0.2554354071617126,0.8794924020767212,-0.2030726373195648,0.3939433395862579,0.9358764290809632,-0.2389192581176757,0.4090499579906463,1.0088067054748535,-0.206127181649208,0.3762279748916626,1.0299609899520874,-0.1745060980319976,point,RRQ_p2,RRQ
-0.0443122386932373,0.4594056010246277,1.3588200431513542e-07,0.1037138998508453,0.498461365699768,0.0083403848111629,0.2440107613801956,0.4827539920806885,-0.0169752296060323,0.3360554575920105,0.4639166593551636,-0.0562217719852924,0.3689551055431366,0.4183148443698883,-0.0980358347296714,0.264971375465393,0.1785564571619033,-0.0161436218768358,0.4039146900177002,0.2227960526943206,-0.0731959789991378,0.4831372201442718,0.2958573698997497,-0.1097955405712127,0.5396343469619751,0.3548809587955475,-0.1313813924789428,0.2050906270742416,0.1219886690378189,-0.0573869906365871,0.3455070257186889,0.3012200593948364,-0.1209246888756752,0.2737385630607605,0.4159009754657745,-0.1310761719942093,0.2163522690534591,0.4093082249164581,-0.1270745545625686,0.131580576300621,0.125907152891159,-0.1007283926010131,0.2568477988243103,0.3310417830944061,-0.1691140532493591,0.1878860890865326,0.4269921779632568,-0.1513404250144958,0.1353926509618759,0.4042751789093017,-0.125324085354805,0.055074542760849,0.1673804819583892,-0.1434951722621917,0.1595365554094314,0.3033500015735626,-0.1822059005498886,0.1328509747982025,0.3853272795677185,-0.1558854430913925,0.097442403435707,0.3864171504974365,-0.1274196952581405,point,RRQ_p2,RRQ
0.8356958627700806,0.6544626951217651,-8.854843827066361e-07,0.7057759165763855,0.6203866004943848,-0.0152848968282341,0.6036896705627441,0.5745527744293213,-0.0465188585221767,0.5350377559661865,0.5612553358078003,-0.0814298912882804,0.5241711139678955,0.5283511877059937,-0.1148903965950012,0.6343544125556946,0.3203210830688476,-0.0385188311338424,0.526745617389679,0.2856283187866211,-0.1092162653803825,0.4456620216369629,0.2869318127632141,-0.1587497889995575,0.3782640397548675,0.2965047359466553,-0.1901922523975372,0.6995638608932495,0.3015048503875732,-0.0611327141523361,0.563705563545227,0.3880710899829864,-0.125170037150383,0.5852015614509583,0.5138207077980042,-0.1328384429216385,0.6232165098190308,0.5425222516059875,-0.1293895989656448,0.7610504031181335,0.3319048285484314,-0.0902717411518096,0.6310674548149109,0.459221601486206,-0.1400048285722732,0.6541284918785095,0.557090163230896,-0.1088112294673919,0.6907145977020264,0.5565724968910217,-0.0805413275957107,0.8133112192153931,0.3987874388694763,-0.123733565211296,0.704771876335144,0.5037361979484558,-0.1520857065916061,0.7078990936279297,0.580828845500946,-0.1274482607841491,0.7354848980903625,0.5832476019859314,-0.1036724746227264,point,RRQ_p2,RRQ
0.8542472124099731,0.6882327198982239,-3.170231650528877e-07,0.7829810380935669,0.6761502623558044,-0.0504175275564193,0.6946479678153992,0.6258366107940674,-0.0899188965559005,0.6376723051071167,0.5639858841896057,-0.128679409623146,0.6655977964401245,0.4967501759529114,-0.1632323563098907,0.6622586846351624,0.4066118001937866,-0.0309266280382871,0.630979061126709,0.3596794009208679,-0.0945046469569206,0.5865152478218079,0.3306083083152771,-0.1329502612352371,0.5539438724517822,0.3108353614807129,-0.1573356091976165,0.7332452535629272,0.3528386354446411,-0.0371452905237674,0.6972795128822327,0.3463819026947021,-0.0993520990014076,0.7194257974624634,0.4919975697994232,-0.0959142670035362,0.7337530851364136,0.5152928233146667,-0.0774554014205932,0.8138964772224426,0.338948130607605,-0.0557995550334453,0.7875534296035767,0.3787892460823059,-0.1131108477711677,0.7951635122299194,0.5011929273605347,-0.0791122615337371,0.8027316927909851,0.5059124231338501,-0.0426493398845195,0.8938543200492859,0.3600271642208099,-0.0819377675652504,0.8688483834266663,0.40217125415802,-0.1148096174001693,0.8635069131851196,0.4876197576522827,-0.0928269550204277,0.8672197461128235,0.4886628985404968,-0.0688501894474029,point,RRQ_p2,RRQ
0.7479171752929688,1.135604739189148,3.379177258011623e-07,0.6457682251930237,1.164751410484314,-0.113912284374237,0.5544247031211853,1.1769890785217283,-0.2227533012628555,0.5178014636039734,1.168715238571167,-0.3156261146068573,0.4884900450706482,1.1425790786743164,-0.4114966690540313,0.5677432417869568,0.8469411730766296,-0.2882221639156341,0.527045488357544,0.6173614263534546,-0.4558542370796203,0.5116740465164185,0.4380043148994446,-0.5835534930229187,0.4978178739547729,0.2754219770431518,-0.6687452793121338,0.6852912306785583,0.7646819353103638,-0.2708011269569397,0.7294173240661621,0.9283668398857116,-0.4146433174610138,0.7286758422851562,1.1179478168487549,-0.432412177324295,0.7205109000205994,1.1830085515975952,-0.4341186881065368,0.7960565686225891,0.7870178818702698,-0.2591561079025268,0.845405101776123,1.0031136274337769,-0.3768985867500305,0.8144264221191406,1.142729640007019,-0.3314850628376007,0.7912988662719727,1.2002429962158203,-0.2864706814289093,0.8914279937744141,0.8408525586128235,-0.2576229870319366,0.9292933940887452,0.9903314113616944,-0.3481627404689789,0.903196096420288,1.1149107217788696,-0.3169277310371399,0.8843339085578918,1.1706058979034424,-0.2754747569561004,point,RRQ_p2,RRQ
0.6454342603683472,0.9019525051116944,8.535503184248228e-07,0.5617028474807739,0.9023305773735046,-0.1753173619508743,0.4871161580085754,0.8458391427993774,-0.3092851638793945,0.4823594689369201,0.7774638533592224,-0.4250615239143371,0.5536879301071167,0.742969274520874,-0.5382748246192932,0.5314418077468872,0.5340624451637268,-0.2421249747276306,0.5281324982643127,0.3969796001911163,-0.3973258435726166,0.518085241317749,0.2797595262527466,-0.4889474809169769,0.5253522992134094,0.1894055008888244,-0.5436671376228333,0.6494476795196533,0.4988361895084381,-0.2117543518543243,0.6543986797332764,0.5337691307067871,-0.3663064241409302,0.6183401942253113,0.7185341119766235,-0.3750500380992889,0.6118565797805786,0.7639827132225037,-0.3510612845420837,0.755516529083252,0.5352820754051208,-0.2030295133590698,0.7556224465370178,0.6412792205810547,-0.3383278250694275,0.6981220841407776,0.7781713008880615,-0.3092943131923675,0.6716299057006836,0.7905911207199097,-0.2637874186038971,0.8359098434448242,0.600107729434967,-0.2111789733171463,0.8420969247817993,0.7090227603912354,-0.3048439919948578,0.7864660620689392,0.7978596687316895,-0.2990188598632812,0.7566365599632263,0.8038620948791504,-0.2761939764022827,point,RRQ_p2,RRQ
0.5134173631668091,1.0989567041397097,-8.06849357104511e-07,0.4175810217857361,1.0162149667739868,-0.0906300395727157,0.3233142495155334,0.9289276599884032,-0.1805567890405655,0.2359755933284759,0.8842568397521973,-0.2667723596096039,0.2370616197586059,0.8598666191101074,-0.3509157001972198,0.4531729817390442,0.597894549369812,-0.1416349858045578,0.3813718855381012,0.4628117680549621,-0.2647340595722198,0.3023835122585296,0.3742851912975311,-0.3473905026912689,0.2319319248199463,0.3081142008304596,-0.4000148773193359,0.5704769492149353,0.6287946701049805,-0.1478005051612854,0.4124993681907654,0.6912199258804321,-0.2542223632335663,0.3240141868591308,0.8729516267776489,-0.2609524428844452,0.3204115331172943,0.9113668203353882,-0.2497292608022689,0.6569715738296509,0.7456889748573303,-0.1679343581199646,0.4874873459339142,0.8681621551513672,-0.2482461184263229,0.4260398149490356,0.9954074621200562,-0.1972594708204269,0.443370372056961,1.006717562675476,-0.1511724591255188,0.7161915302276611,0.8955216407775879,-0.2011009752750396,0.5775671601295471,0.9949204921722412,-0.2504143118858337,0.5221965312957764,1.073522686958313,-0.2139137983322143,0.5382004380226135,1.088821530342102,-0.1760170757770538,point,RRQ_p2,RRQ
0.7154428958892822,0.6461735963821411,-3.3006447353045594e-08,0.6798692941665649,0.6228358745574951,-0.0196275915950536,0.6549472212791443,0.5757412910461426,-0.0307160168886184,0.6569607853889465,0.5293803811073303,-0.0420088544487953,0.6760615110397339,0.4977195560932159,-0.0516757667064666,0.6381896138191223,0.5009191632270813,-0.0129207223653793,0.6244982481002808,0.4380239844322204,-0.0356848053634166,0.61846923828125,0.4000085592269897,-0.0502615347504615,0.6152167320251465,0.362235426902771,-0.0599007941782474,0.6708706617355347,0.4975509345531463,-0.0157247930765151,0.6734579801559448,0.4487937688827514,-0.0477765128016471,0.675167977809906,0.502065122127533,-0.0543039292097091,0.6725553870201111,0.5286464691162109,-0.0501078926026821,0.7031179070472717,0.50276118516922,-0.0218856260180473,0.7049844264984131,0.4728798270225525,-0.0510941892862319,0.7030258774757385,0.5258362889289856,-0.043485265225172,0.7002843618392944,0.5452214479446411,-0.0295170694589614,0.7320479154586792,0.5169415473937988,-0.0301853977143764,0.7334703207015991,0.4901891946792602,-0.0450877621769905,0.7279497981071472,0.5256224274635315,-0.0357415601611137,0.724767804145813,0.5405538082122803,-0.0240406021475791,point,RRQ_p2,RRQ
0.6438927054405212,0.6061344146728516,-1.4728635200356166e-08,0.6107299327850342,0.6079059839248657,-0.0232635103166103,0.5750390291213989,0.5905939340591431,-0.0372829474508762,0.5553550720214844,0.5575724244117737,-0.0507983043789863,0.5537746548652649,0.5172252058982849,-0.06268872320652,0.5361721515655518,0.5358078479766846,-0.0179168153554201,0.5001171827316284,0.4946285486221313,-0.0397596471011638,0.4799718260765075,0.4704222381114959,-0.0524869412183761,0.4630310833454132,0.4455197155475616,-0.0605991370975971,0.5609691143035889,0.5148001909255981,-0.0181400179862976,0.547192394733429,0.476921796798706,-0.0495981611311435,0.5652669072151184,0.5168145298957825,-0.0555447377264499,0.5709125399589539,0.5393868684768677,-0.0513304956257343,0.5878142714500427,0.5009550452232361,-0.0218794979155063,0.5794234871864319,0.4777933955192566,-0.0515113286674022,0.5956171154975891,0.5204041004180908,-0.0449468120932579,0.5988138318061829,0.5381957292556763,-0.0319368578493595,0.6147976517677307,0.4947799444198608,-0.0278488788753747,0.6063953638076782,0.4712319374084472,-0.0443996861577034,0.6148545742034912,0.5026860237121582,-0.0370646715164184,0.6169560551643372,0.5184019804000854,-0.0267159417271614,point,RRQ_p2,RRQ
0.7927382588386536,0.9407440423965454,-9.230905106960564e-07,0.6865629553794861,0.8337082862854004,-0.0074216136708855,0.6150639653205872,0.6738779544830322,-0.0261961817741394,0.5576159954071045,0.5691948533058167,-0.0556340515613555,0.4984334707260132,0.4782202839851379,-0.0813528373837471,0.7366691827774048,0.5093894004821777,0.0341844260692596,0.6474772691726685,0.4438859224319458,-0.0191559623926877,0.568617582321167,0.4232574701309204,-0.0534927695989608,0.4974198043346405,0.4151816666126251,-0.0737453699111938,0.7927016019821167,0.4978411495685577,0.0077037257142364,0.657827615737915,0.4455111026763916,-0.048821248114109,0.6560502648353577,0.5966591835021973,-0.0523389056324958,0.707184374332428,0.6252880096435547,-0.0400272868573665,0.8472235202789307,0.5172150135040283,-0.029627438634634,0.7042636275291443,0.4930107891559601,-0.0842187106609344,0.7010222673416138,0.6354378461837769,-0.0547370687127113,0.7532799243927002,0.6568905115127563,-0.0228686183691024,0.8911088705062866,0.5636484622955322,-0.0705905184149742,0.761800229549408,0.5584296584129333,-0.1025383621454238,0.7518052458763123,0.6537476778030396,-0.0807668417692184,0.7966430187225342,0.6749079823493958,-0.0578833259642124,pinch,RRQ_p2,RRQ
0.7756231427192688,0.9568185806274414,-3.150390455175512e-07,0.6748926639556885,0.897392988204956,-0.0262079164385795,0.5679522752761841,0.7517768740653992,-0.0451827608048915,0.5025030970573425,0.6189084649085999,-0.0736597850918769,0.4474075436592102,0.5059715509414673,-0.0983719080686569,0.5670679807662964,0.6053959727287292,0.0451641678810119,0.5235451459884644,0.5187979936599731,0.0044052596203982,0.4769930839538574,0.4953511953353882,0.0024669081903994,0.4497155845165252,0.4458827674388885,0.0090784057974815,0.6356714367866516,0.5765433311462402,0.0318298451602458,0.5658468008041382,0.4794424772262573,-0.020121993497014,0.5837070941925049,0.6463019847869873,0.0033041008282452,0.6191057562828064,0.6387763023376465,0.0468459166586399,0.7106249332427979,0.5738412141799927,0.0034628473222255,0.6427012085914612,0.5038360357284546,-0.0593670010566711,0.6571860909461975,0.662270188331604,-0.021991554647684,0.6951376795768738,0.6590101718902588,0.027034692466259,0.7848315238952637,0.581035315990448,-0.0281585305929183,0.719609260559082,0.541854977607727,-0.055668007582426,0.716754138469696,0.6469085812568665,-0.0278568714857101,0.7513555288314819,0.6571840047836304,0.0041295839473605,pinch,RRQ_p2,RRQ
0.3504579067230224,1.0940659046173096,1.1092639695675643e-08,0.4363666474819183,0.8889495134353638,0.0163356475532054,0.4443040490150451,0.7276644110679626,0.0060773594304919,0.4542763829231262,0.6027637720108032,-0.0227908752858638,0.4418321847915649,0.4820446372032165,-0.0473372787237167,0.21639946103096,0.6342841982841492,0.0673706084489822,0.3588916063308716,0.4891723096370697,-0.0007190699107013,0.4688856303691864,0.4762376546859741,-0.0521916635334491,0.536597728729248,0.4655992388725281,-0.0809139758348465,0.1678158044815063,0.6359531879425049,0.0231608059257268,0.3478108942508697,0.4866387844085693,-0.0538000501692295,0.3939297497272491,0.6376506686210632,-0.0827884525060653,0.3577679991722107,0.7213327884674072,-0.0825014263391494,0.1568856537342071,0.6660115718841553,-0.0300914514809846,0.3573866784572601,0.5599381923675537,-0.1014863327145576,0.3937409520149231,0.7182103395462036,-0.091560386121273,0.3426882922649383,0.7840452194213867,-0.064778909087181,0.1718871444463729,0.7169621586799622,-0.0843952670693397,0.3392413556575775,0.6460587978363037,-0.123585507273674,0.3694317936897278,0.7479884028434753,-0.1065659150481224,0.3247264325618744,0.8005706071853638,-0.0815140828490257,pinch,RRQ_p2,RRQ
0.6350924372673035,0.9179188013076782,-8.928964803089912e-07,0.5561177730560303,0.783941924571991,-0.0280592031776905,0.5043622851371765,0.5894684791564941,-0.0554730556905269,0.4612303376197815,0.4508910477161407,-0.0913043841719627,0.4418802857398987,0.3270835876464844,-0.1198938563466072,0.6528353691101074,0.4398797750473022,0.0205160267651081,0.6225320100784302,0.3354628086090088,-0.0472370386123657,0.5566357970237732,0.3108453154563904,-0.078174814581871,0.5093960762023926,0.3124276101589203,-0.0888428762555122,0.7156592607498169,0.4678607583045959,0.0007371439132839,0.6636844873428345,0.3336635231971741,-0.066157229244709,0.5979931354522705,0.4784325361251831,-0.0618391595780849,0.6339043378829956,0.5241913795471191,-0.0368268601596355,0.7788744568824768,0.5256606340408325,-0.0340701714158058,0.7125382423400879,0.4255890250205993,-0.1009539738297462,0.6474357843399048,0.5568201541900635,-0.0646953806281089,0.6874145269393921,0.5904520750045776,-0.0209169723093509,0.8368493318557739,0.6044377088546753,-0.0737790092825889,0.7680373191833496,0.5258957147598267,-0.1046387329697609,0.7136155366897583,0.6036915183067322,-0.0749606490135192,0.7432129383087158,0.6394332647323608,-0.0434618517756462,pinch,RRQ_p2,RRQ
0.7766731381416321,0.9558851718902588,-1.1591323527682107e-06,0.6599575877189636,0.8169283866882324,-0.0052729579620063,0.5854880809783936,0.6244161128997803,-0.0200329311192035,0.5025063753128052,0.5176851153373718,-0.0478915609419345,0.4113526046276092,0.4574665427207947,-0.0741803795099258,0.675801694393158,0.4351664185523987,0.0428564213216304,0.5899481177330017,0.3524145781993866,-0.0197955407202243,0.5017896890640259,0.3634861707687378,-0.0638835802674293,0.4366356432437897,0.3648031651973724,-0.0903085768222808,0.747469961643219,0.4251587986946106,0.0114993909373879,0.6260678768157959,0.3195076286792755,-0.0545263141393661,0.5949868559837341,0.4882512986660003,-0.0695274844765663,0.6394450664520264,0.537503182888031,-0.0646327659487724,0.8208627104759216,0.4580452442169189,-0.0310441777110099,0.6907679438591003,0.3687607645988464,-0.0947199463844299,0.6583588719367981,0.5351403951644897,-0.0697312876582145,0.7110927700996399,0.575108528137207,-0.0384635180234909,0.8854564428329468,0.5172156691551208,-0.0767266601324081,0.7617868781089783,0.4690502882003784,-0.1071818098425865,0.7186494469642639,0.5733601450920105,-0.0829415395855903,0.7579157948493958,0.6081791520118713,-0.0593792088329792,pinch,RRQ_p2,RRQ
0.7992792725563049,0.951744794845581,-4.968441089658882e-07,0.6584171652793884,0.7367423176765442,0.001285869278945,0.5867449045181274,0.6039373874664307,-0.0954433307051658,0.5226112008094788,0.5093356966972351,-0.2099224179983139,0.437249481678009,0.3795579075813293,-0.3265172839164734,0.8015209436416626,0.4284643530845642,-0.1402748376131057,0.665871262550354,0.3233534395694732,-0.2536705136299133,0.5543930530548096,0.3162820935249328,-0.2937133610248565,0.4576469659805298,0.3446109890937805,-0.3084547817707062,0.8668667078018188,0.5131726264953613,-0.216223269701004,0.6947588920593262,0.3992708027362823,-0.3144134879112243,0.6473366618156433,0.5655771493911743,-0.2744723558425903,0.6869081258773804,0.6364144682884216,-0.231534719467163,0.9111396074295044,0.6264094710350037,-0.2985850572586059,0.7178027629852295,0.5465688705444336,-0.3671298325061798,0.6755083203315735,0.6865086555480957,-0.276151180267334,0.7308465242385864,0.7367724180221558,-0.2130897045135498,0.932316243648529,0.7419649958610535,-0.3856304883956909,0.7646309733390808,0.705803632736206,-0.4217441976070404,0.7097916007041931,0.7806907296180725,-0.3666072189807892,0.7489141821861267,0.8170782923698425,-0.3256036639213562,pinch,RRQ_p2,RRQ
0.5312208533287048,1.0015681982040403,-1.1010334901584429e-06,0.4916228652000427,0.7691279649734497,0.022830594331026,0.502317488193512,0.5872441530227661,-0.0063616577535867,0.4939105808734894,0.4551146030426025,-0.0534740462899208,0.4697390794754028,0.3171415030956268,-0.099138855934143,0.7277977466583252,0.5643292665481567,0.0206429120153188,0.6427040100097656,0.3974194228649139,-0.0382912084460258,0.5648893117904663,0.3265058100223541,-0.0801703408360481,0.5017229318618774,0.2770339250564575,-0.1071941703557968,0.7603960633277893,0.6157058477401733,-0.0306921321898698,0.6188604235649109,0.4289207458496094,-0.0831987261772155,0.5516415238380432,0.5393391251564026,-0.0836757645010948,0.5750263929367065,0.6125117540359497,-0.0794860571622848,0.7600610256195068,0.6779680252075195,-0.0887723416090011,0.6044739484786987,0.4945340752601623,-0.1283415555953979,0.546328067779541,0.6037350296974182,-0.0880796983838081,0.5779708027839661,0.6742199659347534,-0.0614501349627971,0.7287150025367737,0.7405434250831604,-0.1496888846158981,0.5971638560295105,0.5993541479110718,-0.1748531311750412,0.5532791018486023,0.6637701988220215,-0.1485151797533035,0.5767610669136047,0.724082887172699,-0.1279697269201278,pinch,RRQ_p2,RRQ
0.7062140703201294,0.8873932361602783,-4.82736652429594e-07,0.6138983964920044,0.808996856212616,-0.0182469002902507,0.5345220565795898,0.6779831051826477,-0.0330288521945476,0.4876801967620849,0.5707046389579773,-0.057840347290039,0.4366532266139984,0.4863466620445251,-0.0801106095314025,0.5543738603591919,0.5359439253807068,0.0393657013773918,0.5115153789520264,0.4745742678642273,-0.0065281693823635,0.4650120139122009,0.4463472366333008,-0.0229600332677364,0.4369326829910278,0.4078598618507385,-0.0284215603023767,0.6122329831123352,0.5165360569953918,0.0185419879853725,0.5528985261917114,0.4159660041332245,-0.0393394567072391,0.5569451451301575,0.5673074126243591,-0.0306793265044689,0.5929281711578369,0.5803824663162231,-0.0002163680474041,0.678908109664917,0.5172340273857117,-0.0149950878694653,0.6186973452568054,0.463961124420166,-0.0817118287086486,0.6205471754074097,0.6033494472503662,-0.0488411970436573,0.6560074687004089,0.6070754528045654,-0.0035175017546862,0.7488450407981873,0.5352491736412048,-0.0516642145812511,0.6888996958732605,0.4910161793231964,-0.0843469351530075,0.6792505383491516,0.5874803066253662,-0.0546020194888114,0.7099754214286804,0.6060499548912048,-0.0212375447154045,pinch,RRQ_p2,RRQ
0.0465389937162399,0.8729413151741028,-1.2331030418977209e-08,0.1874377727508545,0.6706262230873108,0.1229070350527763,0.2750326991081238,0.5456730127334595,0.0905836522579193,0.3633966445922851,0.4688491225242615,0.0228961948305368,0.4289925098419189,0.4219908714294433,-0.0488766431808471,0.1174660995602607,0.3532009720802307,-0.0287732984870672,0.3069563508033752,0.2971658110618591,-0.0400097668170928,0.3731529116630554,0.3454733490943908,-0.0045795501209795,0.4034376740455627,0.3832069039344787,0.0130000170320272,0.1070118695497512,0.4193209707736969,-0.1427590698003769,0.3196580410003662,0.3688516616821289,-0.158241331577301,0.3101814389228821,0.5128964185714722,-0.0965873599052429,0.2615052461624145,0.5536717176437378,-0.0639044493436813,0.10978664457798,0.5113968253135681,-0.245014876127243,0.3125284016132355,0.4956331849098205,-0.2360317707061767,0.2905290126800537,0.6244823932647705,-0.1541991829872131,0.2275598645210266,0.6545931696891785,-0.1233154311776161,0.1330734193325042,0.6025007963180542,-0.340917021036148,0.2934351861476898,0.592879056930542,-0.3159894943237304,0.2731432020664215,0.6801336407661438,-0.2584046423435211,0.2093208730220794,0.7022363543510437,-0.2370982766151428,pinch,RRQ_p2,RRQ
0.066070981323719,0.8629001379013062,2.7448561468190746e-07,0.1885652393102646,0.8051374554634094,-0.0236781667917966,0.2921475172042846,0.6568909883499146,-0.0238694250583648,0.3545620739459991,0.5367196202278137,-0.0311621576547622,0.4180957078933716,0.440677285194397,-0.036279410123825,0.2800035178661346,0.5342785120010376,0.0575377717614173,0.3312297463417053,0.4513052999973297,0.039736308157444,0.3874909877777099,0.4122257828712463,0.0351526252925396,0.4258991479873657,0.3858434557914734,0.0347886979579925,0.2205979973077774,0.4941478371620178,0.0485807731747627,0.2972539067268371,0.3707627058029175,0.0070487414486706,0.2827653288841247,0.5066089034080505,0.0057513075880706,0.2527657151222229,0.5608599185943604,0.0275350119918584,0.1522493660449981,0.472659707069397,0.0285673271864652,0.2305712550878524,0.405550867319107,-0.0423977635800838,0.2096874266862869,0.5652523636817932,-0.0303016193211078,0.1646988689899444,0.6045900583267212,0.0050575155764818,0.0710284486413002,0.4579279720783233,0.0083165885880589,0.1502128839492797,0.3997173905372619,-0.0414964854717254,0.1475132703781128,0.5112056732177734,-0.0263232998549938,0.1114078313112258,0.5447422862052917,6.59845391055569e-05,pinch,RRQ_p2,RRQ
0.0359494388103485,1.026336908340454,7.71072677707707e-07,0.1773341298103332,0.942862331867218,-0.0548257976770401,0.3221449255943298,0.7550722360610962,-0.0999019294977188,0.409895122051239,0.5790997743606567,-0.1509502530097961,0.5098774433135986,0.4325329959392547,-0.1989699155092239,0.2706786394119262,0.5046626329421997,-0.0017220578156411,0.3662163615226745,0.3696238994598388,-0.0699950829148292,0.4642019867897033,0.3179606795310974,-0.0949581414461135,0.5408075451850891,0.2631259560585022,-0.1066920906305313,0.1569467633962631,0.4636343121528625,-0.0185385197401046,0.3118152618408203,0.2975668609142303,-0.1205092445015907,0.2948524355888366,0.5453921556472778,-0.1238756701350212,0.2367584854364395,0.608432948589325,-0.0890161395072937,0.0538484752178192,0.4898691475391388,-0.0488937757909297,0.1786752939224243,0.4162880182266235,-0.1737486869096756,0.182423785328865,0.650242269039154,-0.1406993418931961,0.1219155937433242,0.6787680387496948,-0.0793608501553535,-0.0507445335388183,0.545567512512207,-0.0808339864015579,0.0481609851121902,0.5114829540252686,-0.1604799330234527,0.0722564980387687,0.6600499749183655,-0.1291273087263107,0.0181575268507003,0.6703246235847473,-0.0847086757421493,pinch,RRQ_p2,RRQ
0.2502732276916504,0.5976596474647522,2.1027811669682706e-07,0.3134644031524658,0.5820714235305786,-0.0072534019127488,0.3571029007434845,0.5293787717819214,-0.0080647356808185,0.3877456784248352,0.4757076203823089,-0.0132349319756031,0.4202072024345398,0.4375650584697723,-0.018958332017064,0.3504171669483185,0.4850071370601654,0.0325428359210491,0.3744030296802521,0.4528199732303619,0.0275894831866025,0.4004779458045959,0.4311405122280121,0.0251173470169305,0.4173946678638458,0.4155890643596649,0.0237606782466173,0.327096164226532,0.4697954058647156,0.0283483620733022,0.3608896434307098,0.4220619797706604,0.0122494511306285,0.3517847955226898,0.473003476858139,0.008665763773024,0.3375415205955505,0.4957890510559082,0.0150972185656428,0.297967255115509,0.4598547220230102,0.0197829734534025,0.3314621150493622,0.4289089143276214,-0.0079180030152201,0.3194192051887512,0.4884347915649414,-0.0058803269639611,0.3018328845500946,0.5065156817436218,0.0062255873344838,0.263302594423294,0.4498921632766723,0.0114550814032554,0.2969314455986023,0.428908497095108,-0.0079288091510534,0.2937605679035187,0.4722074270248413,-0.0041885003447532,0.2796536087989807,0.4870696365833282,0.0044576195068657,pinch,RRQ_p2,RRQ
0.2348056435585022,0.6213981509208679,9.298807057689372e-09,0.2944309115409851,0.6009925007820129,0.003451851895079,0.3374122381210327,0.5487098693847656,1.823939965106547e-05,0.3732036650180816,0.5207577347755432,-0.0094808293506503,0.4121250510215759,0.5124476552009583,-0.0178922843188047,0.3111305832862854,0.453382283449173,0.0187564864754676,0.3553759455680847,0.4483227431774139,-0.0023091414477676,0.3842046856880188,0.4686936438083648,-0.0139476582407951,0.4060565531253814,0.4862512350082397,-0.0197848007082939,0.287890076637268,0.4403061270713806,0.0047043296508491,0.3515487313270569,0.4420726299285888,-0.0190770011395216,0.3360606729984283,0.503002405166626,-0.0221053510904312,0.3176433145999908,0.5088201761245728,-0.0169734247028827,0.2679800987243652,0.4403190910816192,-0.0127086676657199,0.3284939527511596,0.4657312035560608,-0.0396278947591781,0.3123708069324493,0.5202616453170776,-0.0332164876163005,0.2905598878860473,0.5169209837913513,-0.0209396425634622,0.2492292523384094,0.4497619867324829,-0.0302335862070322,0.3013722002506256,0.4698663353919983,-0.0443699769675731,0.2964205741882324,0.5082926154136658,-0.035132635384798,0.2759740948677063,0.5086491703987122,-0.0238469541072845,pinch,RRQ_p2,RRQ
0.1905706226825714,0.6387735605239868,-2.2550798917109205e-07,0.2431693524122238,0.6134592294692993,-0.0309991464018821,0.2745797634124756,0.5557429194450378,-0.0426019951701164,0.2891601026058197,0.4847129583358764,-0.0531247705221176,0.3015301823616028,0.4287691712379455,-0.0562418736517429,0.3038472831249237,0.4760031104087829,0.0056375977583229,0.3154752254486084,0.4162936806678772,-0.0282407477498054,0.2986031174659729,0.4571152627468109,-0.0444457530975341,0.2874840497970581,0.4882718920707702,-0.0477876253426075,0.2671023309230804,0.4615160822868347,0.0102579137310385,0.277682900428772,0.4019074440002441,-0.0231998693197965,0.2621277272701263,0.4692722260951996,-0.0289654303342103,0.2614351809024811,0.4890077412128448,-0.0216229241341352,0.2283032089471817,0.4597781896591186,0.0065681771375238,0.2339062392711639,0.4294039011001587,-0.0310178510844707,0.227480411529541,0.4931032657623291,-0.0241246242076158,0.2302468717098236,0.5065274834632874,-0.0071880435571074,0.1881346851587295,0.4645597636699676,0.0004456362803466,0.197367861866951,0.439320296049118,-0.019884243607521,0.1979055702686309,0.4848721623420715,-0.0103650642558932,0.200630247592926,0.4999706745147705,0.0042689540423452,pinch,RRQ_p2,RRQ
0.8619517683982849,0.8651009798049927,-3.580769600830536e-07,0.7760826349258423,0.8001154661178589,-0.0285640899091959,0.7069225311279297,0.6772135496139526,-0.0509420186281204,0.6609681248664856,0.5715441107749939,-0.0782047137618064,0.6077372431755066,0.5000289678573608,-0.1009420454502105,0.7008082866668701,0.5338212251663208,0.0127178002148866,0.6665766835212708,0.4643572568893432,-0.0334204770624637,0.6354702711105347,0.4507209360599518,-0.0436459369957447,0.6356127262115479,0.4354019165039062,-0.0420046783983707,0.7662379145622253,0.5164569020271301,0.0016503790393471,0.7168701887130737,0.4154123961925506,-0.0494920648634433,0.7153658270835876,0.5630828738212585,-0.0328500606119632,0.7483917474746704,0.5716394186019897,0.0013984955148771,0.8353152275085449,0.5209095478057861,-0.021454693749547,0.7872142791748047,0.453518271446228,-0.0798026621341705,0.7778105139732361,0.590329647064209,-0.0449163615703582,0.8108827471733093,0.6007360219955444,-0.0014228950021788,0.9064242243766784,0.5388672947883606,-0.0480905659496784,0.8561230897903442,0.5044875741004944,-0.0771922022104263,0.8398342728614807,0.5948024988174438,-0.0511211901903152,0.8650440573692322,0.611940324306488,-0.021211564540863,pinch,RRQ_p2,RRQ
0.6046555042266846,0.6787012219429016,-5.329567898115783e-07,0.5271149277687073,0.660266637802124,-0.0198435336351394,0.4525033831596374,0.5889213681221008,-0.0259170588105916,0.4182233214378357,0.5112025141716003,-0.0345518663525581,0.43587327003479,0.4433070421218872,-0.035985704511404,0.4649293124675751,0.4911841452121734,0.0201225131750106,0.427276998758316,0.4513006210327148,-0.0099635478109121,0.4465686082839966,0.5235843062400818,-0.0174728166311979,0.4614195525646209,0.5121973156929016,-0.0186509173363447,0.5077468752861023,0.471757560968399,0.0169078037142753,0.465388149023056,0.422881543636322,-0.0225005950778722,0.482329249382019,0.5194567441940308,-0.0204197913408279,0.5019916892051697,0.5103612542152405,-0.004472613800317,0.5520062446594238,0.4677937924861908,0.0051958123221993,0.509335458278656,0.4380432963371277,-0.0347040779888629,0.522225558757782,0.5328772068023682,-0.0189078859984874,0.5429337024688721,0.5224901437759399,0.0055424603633582,0.5960627198219299,0.4664163589477539,-0.0085090110078454,0.5517520904541016,0.4671107530593872,-0.0231908187270164,0.5542513132095337,0.5284615159034729,-0.0101603297516703,0.5731631517410278,0.5189439654350281,0.005763650406152,fist,RRQ_p2,RRQ
0.5964937806129456,0.6599366664886475,-3.993539792190859e-07,0.6075750589370728,0.5513520240783691,0.0185084138065576,0.5866674184799194,0.4614157676696777,0.0163393951952457,0.5379260182380676,0.4122296869754791,0.0112919388338923,0.4924250245094299,0.4082429111003876,0.0060305660590529,0.5858966112136841,0.3928532302379608,-0.0160303935408592,0.4987997114658355,0.3621695041656494,-0.01829737983644,0.4960950911045074,0.4069454073905945,-0.0142171699553728,0.5116878747940063,0.4271160364151001,-0.0119233671575784,0.5513681173324585,0.4226101040840149,-0.0296698044985532,0.4707049131393432,0.4103740453720093,-0.0249903928488492,0.4751557409763336,0.4540024399757385,-0.0138401100412011,0.4967094957828522,0.4718238115310669,-0.0101014850661158,0.5146871209144592,0.4624824523925781,-0.0393312610685825,0.4549325108528137,0.4688311517238617,-0.0266033597290515,0.4657011330127716,0.5037866830825806,-0.0116097042337059,0.4874442219734192,0.5152868032455444,-0.0089470399543643,0.4795975983142853,0.5089520812034607,-0.0481099672615528,0.4478279650211334,0.5179418325424194,-0.0370000898838043,0.4616803824901581,0.5480735301971436,-0.0246633142232894,0.4783624410629272,0.5578038096427917,-0.0182208307087421,fist,RRQ_p2,RRQ
0.5565491318702698,0.6795482039451599,-5.73532474845706e-07,0.4756521880626678,0.6366868615150452,-0.0072421971708536,0.4291467070579529,0.5711554884910583,-0.0179352201521396,0.4008520841598511,0.5109201669692993,-0.0329042114317417,0.4039427638053894,0.4544495940208435,-0.0414598360657691,0.5054910778999329,0.4510290622711181,0.0211643204092979,0.4354085624217987,0.428460955619812,-0.0094020869582891,0.4391680061817169,0.4890233278274536,-0.0305564608424901,0.464509904384613,0.5179944038391113,-0.0420828536152839,0.5246362686157227,0.4413402378559112,0.011680819094181,0.4335201680660248,0.4280023872852325,-0.0240621864795684,0.4391527473926544,0.5007968544960022,-0.034162450581789,0.4711998701095581,0.5216088891029358,-0.0323457159101963,0.5344469547271729,0.4440394639968872,-0.003747078590095,0.4396281838417053,0.4469043612480163,-0.035395722836256,0.4466785788536072,0.5203043818473816,-0.0276837181299924,0.4794232845306396,0.536787748336792,-0.0143681084737181,0.5338348150253296,0.4606891274452209,-0.0213323943316936,0.4500561356544494,0.4864844977855682,-0.0427280366420745,0.4585216641426086,0.5387412309646606,-0.0400059260427951,0.490420401096344,0.5484992861747742,-0.0315644964575767,fist,RRQ_p2,RRQ
0.5641569495201111,0.6481411457061768,-5.512629286386073e-07,0.4863645434379577,0.6344556212425232,-0.0150677701458334,0.4112457633018493,0.5667212009429932,-0.020805187523365,0.3783293962478637,0.4856723546981811,-0.0309070087969303,0.399440735578537,0.4176482856273651,-0.0347504206001758,0.423968642950058,0.4671588242053985,0.0238586384803056,0.3830913007259369,0.4262164831161499,-0.0082783857360482,0.4026344120502472,0.4925854802131653,-0.0181807931512594,0.4204687178134918,0.4857087135314941,-0.0198493972420692,0.4631625711917877,0.4482283890247345,0.0178554896265268,0.4187514185905456,0.3952572047710418,-0.0192746650427579,0.4374468326568603,0.4919821321964264,-0.01633589155972,0.4572072327136993,0.4855719208717346,-5.35822800884489e-05,0.5045748949050903,0.4428556859493255,0.0031881909817457,0.4585443437099457,0.401296854019165,-0.0362378805875778,0.4739097356796264,0.4988869428634643,-0.0204293746501207,0.4980450570583343,0.4950938522815704,0.0045321057550609,0.5491642355918884,0.438013345003128,-0.0132073517888784,0.5028784275054932,0.4235055148601532,-0.0280487332493066,0.50517737865448,0.489113837480545,-0.0140198320150375,0.5258282423019409,0.4894206523895263,0.003231904702261,fist,RRQ_p2,RRQ
0.8652100563049316,0.9056831002235411,-5.647492002935905e-07,0.7987903356552124,0.7336304783821106,0.0138716576620936,0.7017269134521484,0.5726878643035889,-0.0031569071579724,0.6547107100486755,0.4388166964054107,-0.0255827289074659,0.6579291820526123,0.3235996663570404,-0.05106121301651,0.5973212122917175,0.5821199417114258,-0.0586479902267456,0.4318054020404815,0.6415621638298035,-0.0842274874448776,0.4658580422401428,0.69272381067276,-0.0906669721007347,0.5242006182670593,0.6922375559806824,-0.0933720543980598,0.6010282039642334,0.7017048001289368,-0.0837439447641372,0.4417210817337036,0.755740225315094,-0.0982001423835754,0.4794073104858398,0.7934262752532959,-0.0858250930905342,0.5369287729263306,0.7847737073898315,-0.0828034281730651,0.6121002435684204,0.8298006057739258,-0.1045486330986023,0.4680030345916748,0.8602049350738525,-0.1167752891778945,0.5076051354408264,0.8888183236122131,-0.0872333273291587,0.567546010017395,0.886191725730896,-0.0713958367705345,0.6256847977638245,0.9564532041549684,-0.1235063672065734,0.5040991306304932,0.967734694480896,-0.1323034912347793,0.5390183329582214,0.9806706309318542,-0.10564586520195,0.5897941589355469,0.9793581962585448,-0.0858427658677101,thumbs_up,RRQ_p2,RRQ
0.8063268661499023,0.9337087273597716,-3.715502145951177e-07,0.7485460042953491,0.7663953900337219,-0.0021215176675468,0.656490683555603,0.6057147979736328,-0.0217179022729396,0.6161599159240723,0.4654830992221832,-0.0441994853317737,0.6135141849517822,0.3513455986976623,-0.068106859922409,0.5546965003013611,0.6333068609237671,-0.0515501461923122,0.3826678097248077,0.6778122782707214,-0.0836773067712783,0.4158284664154053,0.7261990904808044,-0.1008036285638809,0.4818248450756073,0.7271054983139038,-0.1080714985728263,0.5470552444458008,0.7592900395393372,-0.0648528560996055,0.3816667795181274,0.7952888011932373,-0.0862527415156364,0.4221197962760925,0.8329161405563354,-0.0849743634462356,0.4882395267486572,0.8309429287910461,-0.0845866575837135,0.5488415360450745,0.8850746154785156,-0.0762916058301925,0.4032707810401916,0.9034183025360109,-0.0903410464525222,0.443105399608612,0.92900151014328,-0.0695434287190437,0.5053465366363525,0.9299824833869934,-0.0556049272418022,0.5565505027770996,1.0025875568389893,-0.0875624492764473,0.4442059099674225,1.0054166316986084,-0.0947170704603195,0.4811768233776092,1.0188109874725342,-0.071796678006649,0.5336858630180359,1.0200037956237793,-0.0528252460062503,thumbs_up,RRQ_p2,RRQ
0.4159754514694214,0.8793385028839111,-5.272481189422251e-07,0.4458001852035522,0.731650173664093,-0.0023814605083316,0.4768704175949096,0.5958298444747925,-0.035455647855997,0.4762634634971618,0.4727270007133484,-0.0707525983452797,0.4390447735786438,0.3796432614326477,-0.1019172891974449,0.6393130421638489,0.5749123692512512,-0.0620133280754089,0.763097882270813,0.6217819452285767,-0.0759569555521011,0.7245104908943176,0.6717536449432373,-0.0746008828282356,0.6725648641586304,0.6683765649795532,-0.0737956911325454,0.6672936677932739,0.683967113494873,-0.0813180357217788,0.7736799120903015,0.7312910556793213,-0.0745697021484375,0.7280552387237549,0.7669277191162109,-0.0571295395493507,0.6687445640563965,0.7640708684921265,-0.0547364354133605,0.6817792057991028,0.7988632321357727,-0.097317911684513,0.7691056132316589,0.8352855443954468,-0.0806191340088844,0.7240862846374512,0.8627977967262268,-0.0501380525529384,0.6671040654182434,0.8616081476211548,-0.0429568029940128,0.6861295104026794,0.9085427522659302,-0.1147384420037269,0.7541869282722473,0.9309856295585632,-0.098351739346981,0.7081285119056702,0.9463721513748168,-0.0680198147892952,0.6586624979972839,0.9407418370246888,-0.0520980469882488,thumbs_up,RRQ_p2,RRQ
0.2525501251220703,0.8287332057952881,-7.07982678704866e-07,0.3581123948097229,0.7587428689002991,-0.0180790182203054,0.4287277162075043,0.634934663772583,-0.0248596929013729,0.4746280312538147,0.567618727684021,-0.0373454429209232,0.5185321569442749,0.5433281064033508,-0.0397276468575,0.3599643409252167,0.4403958916664123,0.0080093573778867,0.3945925831794739,0.3045577704906463,-0.0482768453657627,0.4058298766613006,0.424890786409378,-0.0699265524744987,0.3888236284255981,0.4726189076900482,-0.0740066915750503,0.2917582392692566,0.4466348886489868,-0.004405137617141,0.3300077617168426,0.3368615508079529,-0.0558899715542793,0.3447691798210144,0.4951886832714081,-0.0586407296359539,0.3200069069862366,0.5110286474227905,-0.0479748621582984,0.2198848128318786,0.4697880446910858,-0.0265690349042415,0.2572144865989685,0.3762504160404205,-0.0853434056043624,0.2789874076843261,0.5235633254051208,-0.0629939436912536,0.2539607584476471,0.5418300628662109,-0.0324159003794193,0.1403805762529373,0.5071587562561035,-0.0497443377971649,0.178567886352539,0.4242390394210815,-0.0814727321267128,0.2114273309707641,0.5174441337585449,-0.0551150441169738,0.198636382818222,0.5519359111785889,-0.0261894427239894,thumbs_up,RRQ_p2,RRQ
0.7520116567611694,0.8134139180183411,-7.038352691779437e-07,0.7139114141464233,0.6533510684967041,0.0274884700775146,0.6511070728302002,0.5101654529571533,0.0217303559184074,0.6167295575141907,0.3930927813053131,0.0085756983608007,0.6241880059242249,0.2978426218032837,-0.0060671754181385,0.5565519332885742,0.4623743295669555,-0.018761096522212,0.4180390834808349,0.5083298683166504,-0.035457506775856,0.448716789484024,0.5644633769989014,-0.0394475795328617,0.496135950088501,0.569978654384613,-0.0412071160972118,0.5470544695854187,0.5453081130981445,-0.0447619743645191,0.4134718775749206,0.6144106388092041,-0.0532815530896186,0.4530911445617676,0.6576226949691772,-0.0418235808610916,0.5014542937278748,0.6514896750450134,-0.037848524749279,0.5414326786994934,0.64458829164505,-0.0672304704785347,0.4333850443363189,0.7059561610221863,-0.0719666332006454,0.4753439426422119,0.7364204525947571,-0.0485012046992778,0.5195003151893616,0.725864052772522,-0.0375596694648265,0.5402454137802124,0.7492902278900146,-0.0875363573431968,0.4583514630794525,0.7827214002609253,-0.0901998057961463,0.5016896724700928,0.8070278167724609,-0.0698725879192352,0.5431989431381226,0.8018038272857666,-0.0549624860286712,thumbs_up,RRQ_p2,RRQ
0.795916736125946,0.8242675065994263,-8.780156122156768e-07,0.7119832038879395,0.7221511602401733,-0.0707889571785926,0.6448312997817993,0.5603713989257812,-0.1073167026042938,0.5888561606407166,0.4310793280601501,-0.1396074891090393,0.5390914082527161,0.3443712890148163,-0.155772790312767,0.7655450701713562,0.3986464142799377,-0.0361714251339435,0.8002579212188721,0.295344591140747,-0.1019668355584144,0.7624481916427612,0.4281866550445556,-0.1216072663664817,0.7535786628723145,0.4694914221763611,-0.1260523945093155,0.843873143196106,0.442332923412323,-0.0294464621692895,0.873228132724762,0.3527392745018005,-0.1020189151167869,0.8056377172470093,0.5098963975906372,-0.0998227298259735,0.8034176826477051,0.5092341899871826,-0.079674981534481,0.9080159068107604,0.5093259811401367,-0.0376037545502185,0.934746503829956,0.4517110884189605,-0.1080830097198486,0.862720251083374,0.5749841332435608,-0.0765764191746711,0.8566312789916992,0.57483971118927,-0.0374539792537689,0.961425483226776,0.583366870880127,-0.0521378777921199,0.9735236167907716,0.5452115535736084,-0.0826475396752357,0.9155093431472778,0.6181652545928955,-0.0562589354813098,0.9059350490570068,0.6277459263801575,-0.0278372392058372,thumbs_up,RRQ_p2,RRQ
0.0456861555576324,0.7824901342391968,-4.907253696728731e-07,0.0757406502962112,0.6383976936340332,0.0084040397778153,0.1257673501968383,0.4867163598537445,-0.0129342749714851,0.1227757409214973,0.3727030158042907,-0.0404775701463222,0.0737967640161514,0.2957360744476318,-0.063454546034336,0.2177320569753646,0.4096412062644958,-0.0490075163543224,0.3910136222839355,0.479571521282196,-0.0839738100767135,0.3519390523433685,0.5336621999740601,-0.0956014543771743,0.299782931804657,0.5234200954437256,-0.1037106961011886,0.2114899158477783,0.480472207069397,-0.0791634172201156,0.3865587711334228,0.5786396265029907,-0.1009300500154495,0.3352297842502594,0.6217008233070374,-0.0909798070788383,0.2844150364398956,0.5992090702056885,-0.0904099270701408,0.2036884427070617,0.5784822702407837,-0.1080283895134925,0.3681398332118988,0.6648178696632385,-0.1218767538666725,0.3179003298282623,0.6953964233398438,-0.0974170342087745,0.2676353752613067,0.6719357967376709,-0.0880292356014251,0.1979967355728149,0.685141921043396,-0.1368839591741562,0.3357497453689575,0.7375754117965698,-0.1388746798038482,0.2922505140304565,0.7564750909805298,-0.11714818328619,0.2373353093862533,0.7414730787277222,-0.1064639687538147,thumbs_up,RRQ_p2,RRQ
0.596892237663269,0.7723006010055542,-3.551488987341145e-07,0.6042198538780212,0.6302763223648071,0.0178095195442438,0.5924524068832397,0.5031320452690125,0.014006158336997,0.5905247330665588,0.4026596844196319,0.0042427191510796,0.6146610975265503,0.3323773741722107,-0.0089765284210443,0.4606904685497284,0.4540141224861145,0.0025398996658623,0.3750249743461609,0.4778183698654175,0.0078468145802617,0.3916481435298919,0.5287491679191589,0.0077555859461426,0.4285325109958648,0.548565149307251,0.005836603231728,0.4192080199718475,0.5170624256134033,-0.0109428549185395,0.3589895963668823,0.5617545247077942,0.0058475108817219,0.3818583190441131,0.6078911423683167,0.0101047223433852,0.4216988682746887,0.6191604137420654,0.0059239650145173,0.3919588029384613,0.5984477996826172,-0.0202793385833501,0.349505066871643,0.6320385932922363,-0.0027524249162524,0.3748583197593689,0.6719312071800232,0.0063810730352997,0.4141626954078674,0.6832296848297119,0.0042981300503015,0.3737319111824035,0.6829289793968201,-0.0291033536195755,0.3487537503242492,0.7112624049186707,-0.018369622528553,0.3812845051288605,0.7457581758499146,-0.0055813109502196,0.4168973863124847,0.7578849196434021,0.0028604506514966,thumbs_up,RRQ_p2,RRQ
0.6386640667915344,0.7385948300361633,-3.699340993534861e-07,0.6493364572525024,0.6080864071846008,0.0185233298689126,0.6377856731414795,0.4872228801250458,0.015321877785027,0.635129988193512,0.3899500072002411,0.0062482957728207,0.6616666316986084,0.3244311511516571,-0.0053624031133949,0.5199092030525208,0.4280764460563659,0.0052628852427005,0.4297226071357727,0.4335458278656006,0.010060510598123,0.4402354955673218,0.4874144494533539,0.011108212172985,0.4740432202816009,0.5135296583175659,0.0105950543656945,0.480103075504303,0.481226772069931,-0.0071732127107679,0.4116575717926025,0.5237405896186829,0.0097908759489655,0.4324907958507538,0.5719925761222839,0.0174825582653284,0.4707633852958679,0.580910325050354,0.0159830003976821,0.4500964283943176,0.5537567138671875,-0.0162261240184307,0.3996526300907135,0.5857381820678711,0.0011283095227554,0.42277392745018,0.6260092854499817,0.0128180384635925,0.4601964652538299,0.6366456151008606,0.0126809319481253,0.4261172115802765,0.6303063035011292,-0.0246403161436319,0.394117534160614,0.6499966382980347,-0.0122067648917436,0.4239431619644165,0.6859534978866577,0.0025586655829101,0.4583613574504852,0.7001065611839294,0.0120831066742539,thumbs_up,RRQ_p2,RRQ
0.814918041229248,0.7487227916717529,-8.534172479812696e-07,0.7996135354042053,0.5897660255432129,0.0432575121521949,0.7558056116104126,0.4471595883369446,0.0474111028015613,0.7395278811454773,0.3356932401657104,0.0390334874391555,0.7712317705154419,0.2531569302082062,0.0295735076069831,0.6730625629425049,0.3543529808521271,0.0237889029085636,0.5326814651489258,0.3790421187877655,0.0122554814442992,0.5498466491699219,0.4451437294483185,0.0060062557458877,0.5923812389373779,0.457025796175003,0.0018381127156317,0.653492271900177,0.410662978887558,-0.007978263311088,0.5074423551559448,0.4655077755451202,-0.0111736115068197,0.5406517386436462,0.5223627686500549,-8.083230204647407e-05,0.5912073254585266,0.5223367214202881,0.0042853066697716,0.6321373581886292,0.4896594285964966,-0.0376188717782497,0.5089060664176941,0.5413690209388733,-0.0357371903955936,0.5483486652374268,0.5865805745124817,-0.0141579238697886,0.5956242680549622,0.5802751183509827,-0.0051707639358937,0.6143114566802979,0.5809694528579712,-0.0653087720274925,0.5232349038124084,0.6107481718063354,-0.0658919811248779,0.5606341361999512,0.6489397287368774,-0.0508938990533351,0.6023180484771729,0.6542783379554749,-0.0398710966110229,thumbs_up,RRQ_p2,RRQ
0.6507043838500977,0.5070046186447144,-3.782213013892033e-07,0.6138993501663208,0.4531604647636413,0.0182134639471769,0.5763853788375854,0.4119905829429626,0.0163933280855417,0.5571759939193726,0.3703348636627197,0.0085714515298604,0.5577320456504822,0.3280981481075287,0.000622245541308,0.526350200176239,0.3963944911956787,0.0062166890129446,0.469553679227829,0.4555889070034027,-0.005384842865169,0.4922941625118255,0.4765903055667877,-0.012500618584454,0.513618528842926,0.465199202299118,-0.0170709881931543,0.5310986638069153,0.4214290976524353,-0.0101553173735737,0.477232277393341,0.4964883625507355,-0.0176132582128047,0.5025056004524231,0.5073067545890808,-0.0151115600019693,0.5232135653495789,0.4890062212944031,-0.0149174937978386,0.5396326184272766,0.4573960900306701,-0.0261093862354755,0.4975000619888305,0.5288708209991455,-0.0282228831201791,0.5219332575798035,0.5331286787986755,-0.018042717128992,0.5386268496513367,0.5125910043716431,-0.0142562044784426,0.5511394143104553,0.496783047914505,-0.0416369438171386,0.5225443243980408,0.5541200041770935,-0.043758101761341,0.5449515581130981,0.553573727607727,-0.0378742553293705,0.5607437491416931,0.5348978042602539,-0.034205675125122,thumbs_up,RRQ_p2,RRQ
0.6931348443031311,0.6301026940345764,-4.23871391319608e-08,0.6339290142059326,0.501136302947998,-0.0100083593279123,0.544880211353302,0.3923421800136566,-0.0303985122591257,0.5040562152862549,0.2891383767127991,-0.0499221570789814,0.5108747482299805,0.193192571401596,-0.0703606083989143,0.4573176503181457,0.4419129490852356,-0.0628891289234161,0.3328537940979004,0.5341105461120605,-0.083762526512146,0.3598230481147766,0.5628458857536316,-0.0897914469242096,0.3962159156799316,0.5555223822593689,-0.0934928283095359,0.4670974016189575,0.5458802580833435,-0.0728063657879829,0.3316097259521484,0.632874608039856,-0.0844099596142768,0.3223083913326263,0.6760267615318298,-0.0828893408179283,0.3264259994029999,0.6905136704444885,-0.086785539984703,0.4870195984840393,0.6437252759933472,-0.0803492441773414,0.3689213395118713,0.7094484567642212,-0.0927397981286048,0.3806273341178894,0.7240085601806641,-0.082210436463356,0.4041535854339599,0.7167720794677734,-0.0776415765285492,0.5133634209632874,0.7321430444717407,-0.0881278365850448,0.4446465075016022,0.7651257514953613,-0.102996602654457,0.4637991786003113,0.7629998922348022,-0.0940689742565155,0.4878622591495514,0.749790608882904,-0.0858191475272178,thumbs_up,RRQ_p2,RRQ
0.7347849011421204,0.5246004462242126,-4.630431362784293e-07,0.6773697733879089,0.4265379607677459,0.009473162703216,0.6011166572570801,0.3446134924888611,-0.003167672548443,0.5619082450866699,0.2628976106643677,-0.019592123106122,0.566527247428894,0.1844868957996368,-0.0365844927728176,0.5344651937484741,0.3490118384361267,-0.0368961505591869,0.4326555728912353,0.4393592178821563,-0.063210628926754,0.4717267751693725,0.4609055519104004,-0.0717263296246528,0.5088189840316772,0.4381440877914428,-0.0749155431985855,0.5488439202308655,0.4145182371139526,-0.0548434443771839,0.4529586434364319,0.5138759613037109,-0.0747460722923278,0.4936340451240539,0.5195935964584351,-0.0662251859903335,0.5270452499389648,0.4899341464042663,-0.0614823885262012,0.5673196911811829,0.4867851734161377,-0.0714683532714843,0.4861844480037689,0.570976197719574,-0.0868696123361587,0.5250794291496277,0.5684707760810852,-0.0677070096135139,0.5569748282432556,0.5400923490524292,-0.0557354837656021,0.5885738134384155,0.559882640838623,-0.0871608033776283,0.5199923515319824,0.6157189607620239,-0.0975829139351844,0.5558578372001648,0.6082450151443481,-0.0834148079156875,0.5878645181655884,0.5830039978027344,-0.0717038512229919,thumbs_up,RRQ_p2,RRQ
0.7404669523239136,0.5621868371963501,-1.4401051373624798e-07,0.6812562942504883,0.5426017642021179,-0.0066710915416479,0.6078305244445801,0.5305485725402832,-0.0268169716000556,0.5668999552726746,0.4913672804832458,-0.0451190546154975,0.5450160503387451,0.4381859898567199,-0.0650869756937027,0.6180718541145325,0.5458275079727173,-0.0752720534801483,0.5768533945083618,0.6519975662231445,-0.0967404693365097,0.597385585308075,0.6446690559387207,-0.0969234183430671,0.6120891571044922,0.6111072897911072,-0.0953586995601654,0.6581150889396667,0.57156902551651,-0.0841459184885025,0.6138635277748108,0.6874508261680603,-0.1035151332616806,0.6295210719108582,0.6687785983085632,-0.0933422446250915,0.6436046361923218,0.6312534213066101,-0.088435024023056,0.6968074440956116,0.6002576947212219,-0.0903620198369026,0.6497946381568909,0.7007735967636108,-0.1078733801841735,0.6631507277488708,0.6787776947021484,-0.0924220532178878,0.6786375641822815,0.6441876888275146,-0.0826615765690803,0.7298998236656189,0.6268129348754883,-0.0956175997853279,0.6869169473648071,0.7018939852714539,-0.1096463426947593,0.6948274970054626,0.6832825541496277,-0.1004161983728408,0.7093024849891663,0.6535855531692505,-0.0933769717812538,thumbs_up,RRQ_p2,RRQ
0.872977077960968,0.9061115384101868,9.119640935750796e-07,0.7805789113044739,0.8819160461425781,-0.0218097567558288,0.6960263848304749,0.7957555651664734,-0.0383896380662918,0.6551591157913208,0.7112786173820496,-0.0623065195977687,0.6600803136825562,0.6242157220840454,-0.0839292556047439,0.6723024845123291,0.648440957069397,-0.0144655462354421,0.5892271995544434,0.537061333656311,-0.0447506979107856,0.5444223880767822,0.4716351628303528,-0.0604322217404842,0.5086840391159058,0.4091103672981262,-0.0706262588500976,0.7271400094032288,0.6138557195663452,-0.031041944399476,0.673303484916687,0.4410534501075744,-0.0713642463088035,0.645822286605835,0.3404755294322967,-0.0951102077960968,0.6292039155960083,0.2518214881420135,-0.1057823896408081,0.7905034422874451,0.6119136810302734,-0.0513685680925846,0.7295821905136108,0.5393105149269104,-0.1077093854546547,0.7155458927154541,0.6526497602462769,-0.1120614260435104,0.7167968153953552,0.736250638961792,-0.0981803014874458,0.854461133480072,0.6284835934638977,-0.0731724426150322,0.7964719533920288,0.5846954584121704,-0.1125888079404831,0.7731264233589172,0.66255784034729,-0.1078258976340293,0.7660199999809265,0.7280751466751099,-0.0948992148041725,peace_sign,RRQ_p2,RRQ
0.9470999240875244,0.8029285073280334,6.596761750188307e-07,0.9028440117836,0.6701818108558655,0.0368339717388153,0.8250790238380432,0.5875446200370789,0.037502933293581,0.7514927983283997,0.5821890830993652,0.0279969573020935,0.6946802735328674,0.6145604848861694,0.0171825010329484,0.8080509901046753,0.4959600269794464,-0.0032629542984068,0.7168136239051819,0.3892557024955749,-0.0219913050532341,0.6663902401924133,0.3259793221950531,-0.029641879722476,0.624692440032959,0.2752487957477569,-0.0319497734308242,0.7781431078910828,0.5397679805755615,-0.0323291420936584,0.6522175073623657,0.4432835280895233,-0.0467757657170295,0.5790667533874512,0.38786780834198,-0.05088597163558,0.5236841440200806,0.3472539782524109,-0.0529208853840827,0.7522755861282349,0.6092891693115234,-0.0558804236352443,0.6320884227752686,0.6303796172142029,-0.0626455321907997,0.6557044386863708,0.6742997765541077,-0.0509466230869293,0.6907964944839478,0.6907984614372253,-0.0393851846456527,0.7309951186180115,0.6897117495536804,-0.077227272093296,0.6540992259979248,0.713538646697998,-0.0743616297841072,0.6748687028884888,0.744435727596283,-0.0577257573604583,0.7021844387054443,0.7506279945373535,-0.0429970473051071,peace_sign,RRQ_p2,RRQ
0.9065611362457277,1.0004606246948242,1.2973022194273651e-06,0.7924943566322327,0.9989382028579712,-0.0362415611743927,0.6821278929710388,0.9249933958053588,-0.0647709146142005,0.6402830481529236,0.8208274841308594,-0.1010085120797157,0.6551831960678101,0.7138762474060059,-0.1335263103246688,0.6492936611175537,0.7080432772636414,-0.029952023178339,0.5508899092674255,0.5732691884040833,-0.075177252292633,0.495580792427063,0.4928668737411499,-0.0997209697961807,0.4496338069438934,0.4167234301567077,-0.1146715730428695,0.7241974472999573,0.6585145592689514,-0.0505383871495723,0.6523258686065674,0.4655221700668335,-0.1082532629370689,0.610710084438324,0.3425767421722412,-0.1388611644506454,0.5775964260101318,0.2339596450328827,-0.1496630162000656,0.8126295208930969,0.6508285403251648,-0.0765133649110794,0.7375025153160095,0.6086786985397339,-0.1599615663290023,0.7375933527946472,0.7692217826843262,-0.162984162569046,0.7495216131210327,0.8797252178192139,-0.1379503309726715,0.9018789529800416,0.676092267036438,-0.1046396493911743,0.8352770209312439,0.6704334616661072,-0.1644934862852096,0.8143141865730286,0.7862735986709595,-0.1557389199733734,0.8094182014465332,0.8744486570358276,-0.1327465772628784,peace_sign,RRQ_p2,RRQ
0.8763202428817749,0.9873642325401306,9.207259950017032e-07,0.8470973968505859,0.8076000213623047,0.0067924647592008,0.7561311721801758,0.6855629682540894,-0.0174735393375158,0.6582136750221252,0.667999804019928,-0.0436897873878479,0.5807244181632996,0.7068677544593811,-0.0731669291853904,0.7607564330101013,0.6122662425041199,-0.0865681171417236,0.6392641067504883,0.4606975615024566,-0.1315794438123703,0.563551664352417,0.3774757981300354,-0.1560743451118469,0.4997085332870483,0.311039000749588,-0.1693512350320816,0.719106912612915,0.7102720737457275,-0.111203908920288,0.5545413494110107,0.5739114880561829,-0.1500769108533859,0.4451543688774109,0.4983623921871185,-0.1669137328863144,0.3561770319938659,0.4479747116565704,-0.1810147911310196,0.6763120293617249,0.8195691704750061,-0.1279583126306533,0.5214645862579346,0.724084198474884,-0.162191703915596,0.5582195520401001,0.7433229088783264,-0.1493198573589325,0.6091854572296143,0.7764430642127991,-0.1331160366535186,0.6383562684059143,0.9231153130531312,-0.1424293965101242,0.5289483070373535,0.8365198373794556,-0.1624114215373993,0.5628593564033508,0.8426395654678345,-0.1406178623437881,0.6085936427116394,0.8617251515388489,-0.1186167001724243,peace_sign,RRQ_p2,RRQ
0.881727397441864,0.9824525117874146,8.459034575025726e-07,0.8497186899185181,0.8064223527908325,0.0073830899782478,0.7542721033096313,0.6868192553520203,-0.0196175873279571,0.6508020758628845,0.6777070760726929,-0.0498456060886383,0.5719130635261536,0.7248495221138,-0.084261879324913,0.7618898749351501,0.5997695326805115,-0.0844761356711387,0.6339987516403198,0.4600162804126739,-0.1285069584846496,0.5579458475112915,0.3831760883331299,-0.1519789397716522,0.4941178560256958,0.3222542703151703,-0.1648715138435363,0.7273665070533752,0.7002183794975281,-0.1129017099738121,0.55989670753479,0.571585476398468,-0.1529141366481781,0.4499011039733886,0.5020926594734192,-0.169448897242546,0.3600369393825531,0.4562796354293823,-0.1827753335237503,0.6900259852409363,0.8144955635070801,-0.1336577385663986,0.5285342335700989,0.7318433523178101,-0.1694599390029907,0.5673131346702576,0.7557567358016968,-0.1548570543527603,0.6190581917762756,0.7869170308113098,-0.1371093690395355,0.6560121774673462,0.925057291984558,-0.1521255224943161,0.5410597324371338,0.8440425395965576,-0.1732787042856216,0.575152575969696,0.8511790037155151,-0.1495291590690612,0.6207219958305359,0.8677666187286377,-0.1260566115379333,peace_sign,RRQ_p2,RRQ
-0.0896368324756622,0.8473156690597534,1.8127909697795983e-06,0.0481769740581512,0.7532444000244141,-0.0021912236697971,0.1573219448328018,0.6841104030609131,-0.0473400950431823,0.2540496289730072,0.6914748549461365,-0.1026527062058448,0.3135169148445129,0.6976401805877686,-0.1502470225095749,0.1628620773553848,0.4583245515823364,-0.0747185349464416,0.3069252669811249,0.4208242893218994,-0.1476684957742691,0.4026433229446411,0.420899748802185,-0.2009814083576202,0.4846641421318054,0.4221504330635071,-0.2394456267356872,0.0949989855289459,0.4912271499633789,-0.116681769490242,0.2542727887630462,0.4940223395824432,-0.2253770381212234,0.3751709759235382,0.4925349950790405,-0.2887639999389648,0.472938597202301,0.4957150220870971,-0.3288027644157409,0.0421462431550025,0.5761393308639526,-0.1520032882690429,0.2324661612510681,0.7178367972373962,-0.2172835618257522,0.2405653297901153,0.8062973618507385,-0.1885126233100891,0.2056007087230682,0.833657443523407,-0.1601942330598831,0.0128254294395446,0.6757140159606934,-0.1925787776708603,0.1719373017549514,0.8020261526107788,-0.2201476246118545,0.183683156967163,0.8531337976455688,-0.1877825558185577,0.1477124541997909,0.8398571014404297,-0.158607929944992,peace_sign,RRQ_p2,RRQ
0.0026408582925796,0.8482029438018799,1.4351027175507625e-06,0.1192135661840438,0.7701653838157654,9.69035318121314e-05,0.2118815183639526,0.6901230812072754,-0.032560396939516,0.2912254333496094,0.6578364372253418,-0.0749027132987976,0.339836835861206,0.6061160564422607,-0.113467626273632,0.1800064444541931,0.4382752478122711,-0.051303070038557,0.2730689644813537,0.311820924282074,-0.1010108143091201,0.3308140337467193,0.2227750718593597,-0.1358789652585983,0.3788136541843414,0.1460669338703155,-0.1620121449232101,0.1361467242240905,0.4736034274101257,-0.087035946547985,0.3175785839557647,0.48859703540802,-0.1572515368461609,0.4320734739303589,0.5269615054130554,-0.1850904822349548,0.5171917080879211,0.5533110499382019,-0.1994722038507461,0.1078968867659568,0.5528184175491333,-0.1204942166805267,0.294950783252716,0.6583660244941711,-0.1712692230939865,0.2741825878620147,0.7374375462532043,-0.1458862423896789,0.2336552739143371,0.7630757689476013,-0.1212492957711219,0.0976771339774131,0.6524749994277954,-0.1575288325548172,0.2568467259407043,0.7393465042114258,-0.1812026500701904,0.247869923710823,0.7870100140571594,-0.1518940776586532,0.2177039831876754,0.7944144606590271,-0.1253487914800644,peace_sign,RRQ_p2,RRQ
0.0397035479545593,0.8413463830947876,1.0059370652015789e-06,0.1745675206184387,0.8109073638916016,-0.0096628693863749,0.2696468234062195,0.7355614900588989,-0.0397891737520694,0.3315601050853729,0.6896741390228271,-0.0811127349734306,0.3892427384853363,0.6355117559432983,-0.1195182427763938,0.2507701516151428,0.486606627702713,-0.0295284278690814,0.3574918508529663,0.3980331420898437,-0.0808097422122955,0.4253265261650085,0.3305659592151642,-0.1142448931932449,0.4815484285354614,0.273249089717865,-0.1367268413305282,0.1975227743387222,0.4736799597740173,-0.0606857426464557,0.3496598601341247,0.5120865106582642,-0.1296199113130569,0.4341127276420593,0.588381290435791,-0.1527247577905655,0.4906339049339294,0.6368201971054077,-0.1590467244386673,0.1506642401218414,0.4992190599441528,-0.094190664589405,0.3147724270820617,0.588523805141449,-0.1644953042268753,0.3058962821960449,0.7217578887939453,-0.1448553204536438,0.2753692865371704,0.7912124395370483,-0.1147725135087966,0.1116913408041,0.5558822751045227,-0.1304218173027038,0.2540847957134247,0.6265293955802917,-0.1772632598876953,0.2600126564502716,0.7234998345375061,-0.1550178378820419,0.236167311668396,0.7720874547958374,-0.1260585635900497,peace_sign,RRQ_p2,RRQ
0.0507384240627288,0.7486935257911682,8.416171226599545e-07,0.0535571724176406,0.6079056859016418,0.0523363277316093,0.0678662210702896,0.5008851289749146,0.0594012588262558,0.1038162410259246,0.4231651723384857,0.0581342987716198,0.1356003582477569,0.4101074934005737,0.0567194521427154,0.1442883908748626,0.4456015229225158,-0.0137279760092496,0.2591180503368377,0.3677996397018432,-0.0257933195680379,0.319711685180664,0.3152705430984497,-0.0282420944422483,0.3666858077049255,0.2814613282680511,-0.0271200276911258,0.1847192347049713,0.5029747486114502,-0.038930308073759,0.3169484734535217,0.4308119714260101,-0.0569326058030128,0.3914181888103485,0.3887383639812469,-0.0607776120305061,0.438997209072113,0.3695471286773681,-0.0605268254876136,0.2200123071670532,0.5787244439125061,-0.0516320988535881,0.2944846749305725,0.561565101146698,-0.0380743071436882,0.2696812450885772,0.5741100907325745,-0.0046398867852985,0.2350330650806427,0.5917338728904724,0.0191133301705122,0.2406271398067474,0.6568096876144409,-0.0612411238253116,0.2838667035102844,0.6408073306083679,-0.0281372237950563,0.2575249373912811,0.6503747701644897,0.0118165574967861,0.2287543267011642,0.6662015914916992,0.0421249531209468,peace_sign,RRQ_p2,RRQ
0.9289380311965942,0.9115508794784546,1.6632998267596125e-07,0.8697616457939148,0.7242198586463928,0.0073872245848178,0.739163339138031,0.6082954406738281,-0.0300200134515762,0.5886208415031433,0.6232265830039978,-0.0683128163218498,0.4833061695098877,0.6682815551757812,-0.1110435500741005,0.768456220626831,0.4724854826927185,-0.1123712435364723,0.5744202136993408,0.3827748298645019,-0.1686976701021194,0.4575408697128296,0.34414803981781,-0.2019201517105102,0.359094887971878,0.3121581375598907,-0.2243236601352691,0.7607846856117249,0.5866513848304749,-0.1468502879142761,0.5185935497283936,0.5164717435836792,-0.202574223279953,0.3719640672206878,0.4986442327499389,-0.2232198119163513,0.2620063126087188,0.4890464544296264,-0.2416046410799026,0.740705132484436,0.7212395668029785,-0.1715880930423736,0.5141553282737732,0.6969931721687317,-0.2113817632198333,0.5517021417617798,0.7357399463653564,-0.1800397932529449,0.6116493940353394,0.7582939267158508,-0.1542012244462967,0.7123372554779053,0.8555344939231873,-0.1949200630187988,0.5488306879997253,0.8262665867805481,-0.2182726860046386,0.5799731612205505,0.844009518623352,-0.1853624135255813,0.6330801248550415,0.8500496745109558,-0.156834527850151,peace_sign,RRQ_p2,RRQ
0.9807878732681274,1.0362050533294678,7.804115966791869e-07,0.8995166420936584,0.8465229272842407,-0.0031714590732008,0.7483268976211548,0.7271742820739746,-0.0383833460509777,0.58311927318573,0.7293885946273804,-0.0715117752552032,0.4589035809040069,0.7784051299095154,-0.1053216978907585,0.7145470380783081,0.6063061952590942,-0.1300390213727951,0.4808945655822754,0.4888857901096344,-0.1908496022224426,0.3412956893444061,0.4379342794418335,-0.2207145243883133,0.2273566424846649,0.3946486711502075,-0.2378755509853363,0.7054649591445923,0.7480950355529785,-0.157719075679779,0.4008048176765442,0.6908600926399231,-0.2291536927223205,0.2179021537303924,0.6643129587173462,-0.2556131184101105,0.076166033744812,0.645086407661438,-0.2724479734897613,0.6901724934577942,0.9085673093795776,-0.1742860674858093,0.4292479753494262,0.8886943459510803,-0.2367744296789169,0.4802495241165161,0.9064141511917114,-0.2067992985248565,0.5527360439300537,0.9263712167739868,-0.169319674372673,0.6719722747802734,1.0609533786773682,-0.1885318905115127,0.4720631241798401,1.0112857818603516,-0.2245065420866012,0.5120877623558044,1.0186883211135864,-0.185524046421051,0.5808302760124207,1.0367953777313232,-0.1439147591590881,peace_sign,RRQ_p2,RRQ
0.1675514727830886,0.8530697226524353,1.6596260365986382e-06,0.1904872208833694,0.6850183010101318,0.0131673002615571,0.2316699624061584,0.5125726461410522,-0.0209298245608806,0.2091964185237884,0.3784397840499878,-0.0584077201783657,0.1583293378353119,0.2878053188323974,-0.0979443490505218,0.3371224105358124,0.5265090465545654,-0.1122715324163436,0.4906860291957855,0.4123220145702362,-0.1591291427612304,0.5837468504905701,0.3422061204910278,-0.1833220422267913,0.6583704352378845,0.3018772602081299,-0.1985982209444046,0.3556826412677765,0.6284391283988953,-0.1396224200725555,0.5597552061080933,0.5703154802322388,-0.1855915188789367,0.6807695031166077,0.5405550003051758,-0.1929923146963119,0.770612359046936,0.5295346975326538,-0.1988236755132675,0.3682263791561126,0.7472472190856934,-0.1551384031772613,0.5335855484008789,0.7199398875236511,-0.1715657711029052,0.4839629530906677,0.7255256175994873,-0.1243570894002914,0.41721311211586,0.7329727411270142,-0.0906093493103981,0.3752219378948211,0.8672622442245483,-0.1699907630681991,0.5047171115875244,0.8268913626670837,-0.1668882668018341,0.4653369784355163,0.8225902915000916,-0.1166904494166374,0.4075924456119537,0.8274659514427185,-0.0782706961035728,peace_sign,RRQ_p2,RRQ
0.4116135239601135,0.6225348114967346,7.403956487905816e-07,0.4248489141464233,0.540723443031311,0.009790132753551,0.446678102016449,0.4674815237522125,-0.0053597348742187,0.4398836493492126,0.3998581767082214,-0.0265731438994407,0.4199355840682983,0.3498330116271972,-0.0491255447268486,0.5344363451004028,0.4584775269031524,-0.0270096883177757,0.6095412969589233,0.4157758951187134,-0.0455699674785137,0.6550408601760864,0.3901297748088836,-0.0558869242668151,0.6908167600631714,0.3723148107528686,-0.0620864145457744,0.5472447872161865,0.500220000743866,-0.046125654131174,0.644298255443573,0.4884239733219147,-0.0617353357374668,0.7033274173736572,0.4830767810344696,-0.0675268992781639,0.7457184791564941,0.4819549322128296,-0.071887269616127,0.5504341721534729,0.5538448095321655,-0.0620433054864406,0.6091723442077637,0.5858055949211121,-0.0663179010152816,0.5817233324050903,0.5977587103843689,-0.0518780462443828,0.5514456033706665,0.5969663858413696,-0.0418230295181274,0.5489445924758911,0.6119975447654724,-0.0783113166689872,0.5942726135253906,0.6353753805160522,-0.0740936249494552,0.5689731240272522,0.6411036849021912,-0.0550598464906215,0.5402518510818481,0.6345691680908203,-0.0408719889819622,peace_sign,RRQ_p2,RRQ
0.8566774129867554,0.7373291254043579,3.534119343839848e-07,0.8285190463066101,0.6616312861442566,0.0424228198826313,0.7902511954307556,0.6040250658988953,0.0577763281762599,0.7713143825531006,0.5533816814422607,0.0620220527052879,0.7847571969032288,0.5058526992797852,0.0663251429796218,0.7044340968132019,0.5811775922775269,0.0393411107361316,0.627809464931488,0.5460399389266968,0.0435462407767772,0.5847359895706177,0.5254988074302673,0.0467902310192585,0.5517544746398926,0.5062935948371887,0.0482504852116107,0.6906425952911377,0.6150184869766235,0.0165566690266132,0.6027491092681885,0.604945719242096,0.0163164753466844,0.545567512512207,0.5946133136749268,0.0140438890084624,0.5076521635055542,0.5840076804161072,0.0118777696043252,0.6867184638977051,0.6646762490272522,-0.002240021014586,0.6365877985954285,0.7127056121826172,0.0089002680033445,0.6666570901870728,0.7287928462028503,0.0222042351961135,0.6942614316940308,0.7235915064811707,0.0304128769785165,0.6898457407951355,0.7161810398101807,-0.0195049345493316,0.6567766666412354,0.7566815614700317,-0.0071254600770771,0.6848834156990051,0.7675685882568359,0.0055565456859767,0.7106739282608032,0.7601264715194702,0.0150248436257243,peace_sign,RRQ_p2,RRQ
0.76250159740448,0.9606149196624756,1.359371822218236e-06,0.7729539275169373,0.8097443580627441,-0.028347248211503,0.7509350776672363,0.6609606742858887,-0.0575879663228988,0.7507654428482056,0.5261071920394897,-0.0849926471710205,0.7858217358589172,0.4363388121128082,-0.1119823306798935,0.5810695290565491,0.6418967247009277,-0.0759448111057281,0.4540760219097137,0.5213837623596191,-0.1061917692422866,0.37267005443573,0.4601276516914367,-0.119093433022499,0.3100379407405853,0.4169326722621918,-0.1245869472622871,0.5280422568321228,0.7390846014022827,-0.0765936747193336,0.3728482723236084,0.6617673635482788,-0.1121324524283409,0.2690130472183227,0.6243147850036621,-0.1270518600940704,0.1955442726612091,0.6051415801048279,-0.1327491104602813,0.5006188154220581,0.8472200632095337,-0.0728208944201469,0.4164072275161743,0.8068708181381226,-0.0992263928055763,0.4542715847492218,0.8088536262512207,-0.0885875970125198,0.5034521222114563,0.8242756128311157,-0.0698793157935142,0.4921136498451233,0.9493558406829834,-0.0713214427232742,0.4476180672645569,0.9080264568328856,-0.0784196108579635,0.4847072064876556,0.9136533737182616,-0.0576986335217952,0.5264365077018738,0.9267067909240724,-0.0336509607732296,peace_sign,RRQ_p2,RRQ
0.903736174106598,0.7980856895446777,-3.08228123913068e-07,0.807667076587677,0.7734441161155701,-0.0187578257173299,0.7061794400215149,0.6913002133369446,-0.0339325666427612,0.6289868950843811,0.6434226036071777,-0.0534067451953887,0.5583858489990234,0.6206747889518738,-0.0738266557455062,0.7501361966133118,0.518064558506012,-0.0012029969366267,0.6720436811447144,0.4664738774299621,-0.0349151603877544,0.611578106880188,0.4384393095970154,-0.0671801641583442,0.5553615093231201,0.4164780974388122,-0.0930641144514083,0.7935830950737,0.4937506020069122,-0.0184358227998018,0.6999844312667847,0.4433448314666748,-0.059150394052267,0.6304782032966614,0.4342354536056518,-0.0940460562705993,0.567574143409729,0.4299327135086059,-0.1170436516404151,0.8473242521286011,0.4967537522315979,-0.0409793481230735,0.7582970261573792,0.4616028666496277,-0.0917378589510917,0.6870406866073608,0.4919306337833404,-0.1191372349858284,0.6257811784744263,0.5208894610404968,-0.1315348148345947,0.9045563340187072,0.5220488905906677,-0.0644805580377578,0.8290360569953918,0.5212709903717041,-0.1105272620916366,0.7774234414100647,0.5623730421066284,-0.1293730735778808,0.7353097796440125,0.6020466685295105,-0.1378532946109771,neutral,RRQ_p2,RRQ
0.713314414024353,0.7922863364219666,-8.804818207863718e-08,0.705830454826355,0.7240263223648071,0.0020185546018183,0.6747190356254578,0.690214216709137,0.0022222422994673,0.6463169455528259,0.6993770599365234,0.0011024138657376,0.6271460056304932,0.7292948365211487,-0.0008641485474072,0.651871383190155,0.6694909334182739,0.0084056863561272,0.6281773447990417,0.6966966986656189,0.0028028772212564,0.6381644010543823,0.7201201915740967,-0.0048399120569229,0.6546823382377625,0.7289066910743713,-0.0092843454331159,0.6259071826934814,0.6983963847160339,0.0048581915907561,0.6107621788978577,0.7246789932250977,0.0051406058482825,0.6226262450218201,0.7471156716346741,0.0015846011228859,0.6389484405517578,0.7534633278846741,-0.0008020068053156,0.608688473701477,0.739037811756134,0.0009915431728586,0.5938209295272827,0.7590748071670532,0.0003034173278138,0.6084232926368713,0.7786921858787537,0.0016177463112398,0.624356210231781,0.7813446521759033,0.0024824144784361,0.597882866859436,0.7833064794540405,-0.0026664305478334,0.5843734741210938,0.7940257787704468,-0.0030054205562919,0.599075973033905,0.8083840012550354,0.003461790503934,0.613788366317749,0.8116708397865295,0.0099007738754153,neutral,RRQ_p2,RRQ
0.3999195694923401,1.0022916793823242,4.391327763642039e-07,0.329942375421524,0.952563226222992,0.0360538735985755,0.3007276952266693,0.8914318680763245,0.0473349057137966,0.3005844354629516,0.8275293111801147,0.049303226172924,0.3153317868709564,0.7791157364845276,0.0503617562353611,0.2733399868011474,0.8565383553504944,0.0459330976009368,0.2892392575740814,0.7436550855636597,0.0511693470180034,0.3033531308174133,0.6781891584396362,0.0519566535949707,0.3160742223262787,0.6362280249595642,0.0528777539730072,0.2957965731620788,0.826971173286438,0.0242540743201971,0.3029388189315796,0.6994046568870544,0.0353994667530059,0.3189905285835266,0.6421679854393005,0.0395855046808719,0.3309641778469085,0.6058303713798523,0.0417193360626697,0.3294459879398346,0.80503910779953,0.0036249859258532,0.33228400349617,0.6847870945930481,0.0155933573842048,0.3413729071617126,0.629743218421936,0.0226977299898862,0.3467471897602081,0.5937532782554626,0.0255473963916301,0.3753555119037628,0.7900341749191284,-0.0151662491261959,0.3691077828407287,0.6964160799980164,0.0006476028356701,0.3711637258529663,0.6515985131263733,0.0151881817728281,0.371884673833847,0.6178436279296875,0.024866983294487,neutral,RRQ_p2,RRQ
0.2842500507831573,0.836696207523346,-2.951356918856618e-07,0.3120828866958618,0.7437601685523987,0.0368422418832778,0.3539798855781555,0.7002450823783875,0.038942877203226,0.3882744908332824,0.6957600116729736,0.0277236048132181,0.4046648144721985,0.7013144493103027,0.0167759880423545,0.4136631488800049,0.6159623861312866,0.0446857884526252,0.4925731122493744,0.6740568280220032,0.0378500781953334,0.4857162535190582,0.7252315878868103,0.0288071744143962,0.4589539766311645,0.7492251992225647,0.0237452648580074,0.4396634697914123,0.6366756558418274,0.0143123185262084,0.5134130120277405,0.720993161201477,0.0124461622908711,0.4946508407592773,0.7780186533927917,0.0060475436039268,0.4621049165725708,0.8005560636520386,0.0028150845319032,0.4624724686145782,0.678957998752594,-0.0151555463671684,0.5289140939712524,0.7750560641288757,-0.0175804123282432,0.5034481287002563,0.8402948975563049,-0.0150347221642732,0.4742217361927032,0.8643018007278442,-0.0116807967424392,0.480725884437561,0.7367461919784546,-0.0431673228740692,0.5377331376075745,0.818456768989563,-0.0389581210911273,0.5157135725021362,0.863308310508728,-0.0281633827835321,0.4881585240364074,0.8781648874282837,-0.0186508893966674,neutral,RRQ_p2,RRQ
0.3807748854160309,0.9822952747344972,4.859082309849327e-07,0.3093445897102356,0.939850926399231,0.0326684303581714,0.2753777801990509,0.8932706117630005,0.0394131056964397,0.2679770588874817,0.8376287817955017,0.0371765345335006,0.2764710783958435,0.7926855087280273,0.0332205109298229,0.2511038780212402,0.8223445415496826,0.0353305451571941,0.2682784497737884,0.7049926519393921,0.0356426946818828,0.2834728956222534,0.6365049481391907,0.0326948277652263,0.2962700724601745,0.5916962623596191,0.030668856576085,0.2746802270412445,0.7952783703804016,0.0122189531102776,0.2825053036212921,0.6622804403305054,0.0177785046398639,0.2982886731624603,0.5961226224899292,0.0185249429196119,0.3120352029800415,0.5512247085571289,0.0183918289840221,0.3102620840072632,0.7793369889259338,-0.0096715567633509,0.308035284280777,0.6540836095809937,-0.003613565582782,0.3188293278217315,0.5887370109558105,0.0010887824464589,0.326055496931076,0.5394738912582397,0.0028538226615637,0.3580188453197479,0.7735346555709839,-0.0297324303537607,0.3480609059333801,0.6767014265060425,-0.0212691556662321,0.3481419086456299,0.6275994777679443,-0.009366831742227,0.3475089967250824,0.5862934589385986,-0.0006684981053695,neutral,RRQ_p2,RRQ
0.7331807613372803,0.7206159234046936,-6.731132629056448e-08,0.6867964863777161,0.6716086268424988,0.0286853183060884,0.6286417245864868,0.6670795679092407,0.0420558117330074,0.5940709114074707,0.686576247215271,0.0460710823535919,0.5748738646507263,0.7135744094848633,0.0469284355640411,0.5841495990753174,0.643347442150116,0.044473186135292,0.5381399393081665,0.6173990964889526,0.0454930961132049,0.5104604363441467,0.5868715047836304,0.0426229201257228,0.4914571642875671,0.5539968013763428,0.0391317978501319,0.5625848174095154,0.6692295670509338,0.0285575147718191,0.5499840974807739,0.7274996042251587,0.0285839606076478,0.5820212960243225,0.7561243176460266,0.0272882971912622,0.6100283861160278,0.752032458782196,0.0278347451239824,0.5541144609451294,0.7142918705940247,0.0128826526924967,0.5561572909355164,0.7763463258743286,0.0129359615966677,0.5884827375411987,0.7956425547599792,0.0123270042240619,0.6107364892959595,0.7871103286743164,0.011188824661076,0.5535262227058411,0.7681015729904175,-0.0010939136845991,0.5646002888679504,0.8385258316993713,-0.0024073007516562,0.5958675742149353,0.8509550094604492,-0.001666210242547,0.6158286929130554,0.8421920537948608,0.0006873845122754,neutral,RRQ_p2,RRQ
0.4838411808013916,0.892045259475708,-4.3462941334837524e-07,0.4972468912601471,0.8067919611930847,0.0159029141068458,0.5098453164100647,0.7325458526611328,0.0100105348974466,0.5300455093383789,0.6774652004241943,-0.0034641816746443,0.5529093146324158,0.6368597745895386,-0.0186944510787725,0.4366311132907867,0.6383143663406372,0.0135184042155742,0.345412403345108,0.6420493125915527,0.0025170107837766,0.3450367152690887,0.6913365125656128,-0.009339197538793,0.369681715965271,0.7235399484634399,-0.0168205276131629,0.4075456857681274,0.6503920555114746,-0.00262849079445,0.3263668417930603,0.7002694010734558,-0.0060193506069481,0.3415748476982116,0.7459589242935181,-0.0117148691788315,0.3737977147102356,0.7633079886436462,-0.0184744838625192,0.3788642287254333,0.6862004399299622,-0.0182361677289009,0.3139634728431701,0.7385363578796387,-0.0182798560708761,0.3321271538734436,0.781150221824646,-0.0152858281508088,0.3606195151805877,0.7916855216026306,-0.0171324573457241,0.3507032990455627,0.7323530912399292,-0.033793531358242,0.3014451861381531,0.7758447527885437,-0.0371356420218944,0.323722630739212,0.8147314786911011,-0.0325808450579643,0.350825697183609,0.8242517113685608,-0.0283457692712545,neutral,RRQ_p2,RRQ
0.6882731914520264,0.7451660633087158,-6.599244670724147e-07,0.6109617948532104,0.6913237571716309,0.0045678978785872,0.5568601489067078,0.6103835701942444,0.0013426807709038,0.5137040615081787,0.5569148063659668,-0.0125790191814303,0.4740186929702759,0.510794997215271,-0.0259315371513366,0.6120044589042664,0.4985673427581787,0.0322750061750412,0.5778069496154785,0.410311758518219,0.0012247044360265,0.5346980690956116,0.3986409306526184,-0.024472227320075,0.4954472482204437,0.4103946983814239,-0.0392165407538414,0.6404274702072144,0.4883327186107635,0.0131442891433835,0.5698117613792419,0.4329541325569153,-0.0268337950110435,0.5222786068916321,0.4818317294120788,-0.0527573488652706,0.4969003796577453,0.532929003238678,-0.0633462145924568,0.6726340651512146,0.4869353175163269,-0.0114567205309867,0.5967166423797607,0.4324065446853637,-0.0513769313693046,0.5445383191108704,0.4924065470695495,-0.066526785492897,0.5165971517562866,0.5509238243103027,-0.0672699883580207,0.7091813087463379,0.4957797527313232,-0.036001481115818,0.6427738070487976,0.4631714224815368,-0.0646170079708099,0.594558596611023,0.4972994029521942,-0.0744893178343772,0.565140962600708,0.5400869846343994,-0.0753857716917991,neutral,RRQ_p2,RRQ
0.2510204613208771,0.900537371635437,1.5147870158216392e-07,0.2195171415805816,0.7699313163757324,0.0319929793477058,0.2152948528528213,0.6662500500679016,0.036170121282339,0.2150518745183944,0.5806751847267151,0.0353394746780395,0.2181788980960846,0.5125545263290405,0.0356773063540458,0.3419131338596344,0.6125790476799011,0.006758315488696,0.4187222123146057,0.5145663619041443,0.0146957905963063,0.4544270038604736,0.4870774745941162,0.0334907658398151,0.4690430760383606,0.4850407838821411,0.0517685674130916,0.3964694738388061,0.6638972759246826,-0.0094027100130915,0.4840428233146667,0.5549275875091553,0.0022636884823441,0.5185561776161194,0.5245949625968933,0.0262012276798486,0.5217392444610596,0.5307636857032776,0.0477605164051055,0.4329034686088562,0.7315575480461121,-0.0218003373593091,0.5219861268997192,0.6440948843955994,-0.008727828040719,0.5530539155006409,0.6195124387741089,0.0149644613265991,0.5521475076675415,0.612468957901001,0.0334930792450904,0.4503395855426788,0.8073433637619019,-0.0307134632021188,0.521353006362915,0.7524970769882202,-0.0151700535789132,0.5430337190628052,0.734783411026001,0.00924713909626,0.5400077104568481,0.7271903157234192,0.0313972905278205,neutral,RRQ_p2,RRQ
0.2060951292514801,0.8915625810623169,-5.3396115617943e-07,0.2068367898464203,0.7588426470756531,0.0267023965716362,0.2347628623247146,0.6586405038833618,0.0312095787376165,0.2746880948543548,0.5826783180236816,0.0314491055905818,0.3094099164009094,0.5478029251098633,0.0347939692437648,0.2998987436294555,0.5994139909744263,0.0041760518215596,0.3784493207931518,0.589151918888092,0.014643533155322,0.3714474737644195,0.6332169771194458,0.0300551690161228,0.3400432765483856,0.6562668085098267,0.041075225919485,0.3425751626491546,0.6516371369361877,-0.0123490924015641,0.411890298128128,0.6481631398200989,0.008717942982912,0.3997140824794769,0.6883412599563599,0.024316806346178,0.368083655834198,0.7080020904541016,0.0296993348747491,0.376884788274765,0.7201001048088074,-0.0241785496473312,0.43073570728302,0.7147793173789978,-0.0033871470950543,0.4138216972351074,0.7492780685424805,0.0156658254563808,0.3823844790458679,0.7672382593154907,0.0211471766233444,0.3997025191783905,0.7936551570892334,-0.0337961353361606,0.4486266374588012,0.7735989689826965,-0.0144017999991774,0.4284383058547973,0.7998765707015991,0.0078020631335675,0.4006354808807373,0.816250205039978,0.021309170871973,neutral,RRQ_p2,RRQ
0.3038340508937835,0.972233772277832,5.822726123483336e-08,0.3080786466598511,0.8947010636329651,0.0126591501757502,0.3133547604084015,0.8416387438774109,-0.0007655876688659,0.2999438047409057,0.7974755167961121,-0.0191915165632963,0.2692183256149292,0.7646576166152954,-0.0380853302776813,0.4514527916908264,0.7788369655609131,-0.0028727604076266,0.5166985988616943,0.838183581829071,0.0019265306182205,0.5174763202667236,0.8831395506858826,0.0050132856704294,0.5023618936538696,0.90328186750412,0.0050217914395034,0.4820488393306732,0.8340951204299927,-0.0203291568905115,0.5495744347572327,0.8965326547622681,-0.0027658063918352,0.5493085384368896,0.940250039100647,0.0039648455567657,0.535587728023529,0.9614624977111816,0.0012122644111514,0.4981352984905243,0.8982861042022705,-0.0355041623115539,0.5643860697746277,0.9506401419639589,-0.016517549753189,0.5591617226600647,0.988180935382843,-0.0053481641225516,0.5423563122749329,1.0036802291870115,-0.0057147066108882,0.5016069412231445,0.9638172388076782,-0.050830639898777,0.5574974417686462,0.999767541885376,-0.0336497016251087,0.5568368434906006,1.0288541316986084,-0.0173890274018049,0.546234130859375,1.0429011583328247,-0.0090705100446939,neutral,RRQ_p2,RRQ
0.2944232225418091,0.9689892530441284,-7.26289712815742e-08,0.3647342324256897,0.971946895122528,0.0135318450629711,0.4048068821430206,0.9579814076423644,0.0187979787588119,0.4281086027622223,0.938225507736206,0.0121595058590173,0.4459984302520752,0.9130198955535888,0.0060598677955567,0.3856591880321502,0.882792055606842,0.0504677854478359,0.4272576570510864,0.8851995468139648,0.0278938636183738,0.4358190894126892,0.930117130279541,0.0057398816570639,0.432794988155365,0.975392997264862,-0.003439576132223,0.3764324486255646,0.8491877913475037,0.0327506437897682,0.4274347722530365,0.8617479205131531,0.0068713626824319,0.4272009432315826,0.9178438782691956,-0.012363095767796,0.4132851064205169,0.9664700627326964,-0.0179057698696851,0.3627839386463165,0.8104056119918823,0.0100544746965169,0.4201090931892395,0.8171154856681824,-0.017866238951683,0.41834157705307,0.8772431015968323,-0.0278933253139257,0.4011090397834778,0.9276013374328612,-0.024382384493947,0.341809332370758,0.770946204662323,-0.0121810063719749,0.3960739076137543,0.7706523537635803,-0.0298809092491865,0.4026116728782654,0.8182605504989624,-0.0296607632189989,0.393018364906311,0.865479052066803,-0.0228324253112077,neutral,RRQ_p2,RRQ
-0.0293083786964416,0.7299264669418335,3.678180746646831e-07,-0.0093337446451187,0.5943813323974609,0.0667971819639206,0.0390437766909599,0.5217069387435913,0.0904224142432212,0.0947163924574852,0.481932133436203,0.1062554568052291,0.1444799453020095,0.4802442193031311,0.1235886514186859,0.0831357762217521,0.4558956921100616,0.0163363721221685,0.1455006897449493,0.3319240808486938,0.0096127325668931,0.1921934783458709,0.2677020728588104,0.0147072505205869,0.2298209220170974,0.2297219336032867,0.0221904590725898,0.1178005263209343,0.5055506229400635,-0.0132327713072299,0.2329084575176239,0.4092729091644287,-0.0354031473398208,0.2988820672035217,0.3822873830795288,-0.0386457778513431,0.3394653797149658,0.383030891418457,-0.0327868908643722,0.1442731171846389,0.570789635181427,-0.033000249415636,0.2618345022201538,0.5421403646469116,-0.0389713235199451,0.3204389810562134,0.5546684861183167,-0.0239889211952686,0.3563397526741028,0.5690568685531616,-0.00677574519068,0.158104732632637,0.645103394985199,-0.0454762652516365,0.2445692121982574,0.6120373010635376,-0.0315615832805633,0.2801452875137329,0.6106715798377991,-0.0083828177303075,0.303995132446289,0.6078883409500122,0.0132468743249773,neutral,RRQ_p2,RRQ
0.3136002123355865,1.001849889755249,5.808634000459278e-07,0.2629701793193817,0.924352526664734,0.0294802952557802,0.2464568018913269,0.8563755750656128,0.033617977052927,0.2612863779067993,0.7913881540298462,0.0292177591472864,0.289263367652893,0.7470863461494446,0.0236587859690189,0.221742570400238,0.8332045674324036,0.0242949593812227,0.2609637081623077,0.7249829173088074,0.0158293303102254,0.2880357205867767,0.6597174406051636,0.0073180869221687,0.3098406493663788,0.6137992143630981,0.0021280709188431,0.2445656061172485,0.8159821629524231,0.0015791577752679,0.2731375098228454,0.6897514462471008,-0.0017994631780311,0.2963552176952362,0.6164770126342773,-0.0044517023488879,0.3142423629760742,0.5623530745506287,-0.0065364954061806,0.2785928547382355,0.8073631525039673,-0.0202268455177545,0.2993613183498382,0.6855042576789856,-0.0233187843114137,0.3179647326469421,0.6179723739624023,-0.0221732519567012,0.3298064470291137,0.5669281482696533,-0.0211462900042533,0.325813353061676,0.8058046102523804,-0.0402188077569007,0.3384149074554443,0.7028654217720032,-0.039190512150526,0.3458325862884521,0.6495424509048462,-0.0319190435111522,0.3493140935897827,0.6045049428939819,-0.0260630119591951,neutral,RRQ_p2,RRQ
0.2615346014499664,0.96902334690094,1.951740102867916e-07,0.2125972658395767,0.925106644630432,0.0421680435538291,0.1934539973735809,0.8628196716308594,0.0580868907272815,0.2005106955766677,0.808529794216156,0.0618901513516902,0.217186838388443,0.7704371809959412,0.0653396025300026,0.1681478321552276,0.8455575704574585,0.0744290202856063,0.1890638023614883,0.7668218016624451,0.0916638746857643,0.2083375602960586,0.7286266088485718,0.0980407744646072,0.2208821922540664,0.7139477133750916,0.1019444167613983,0.1804962754249572,0.814537525177002,0.0524169988930225,0.1941740214824676,0.7232269048690796,0.0764194279909133,0.2150599807500839,0.6901761889457703,0.0838820040225982,0.2272755652666092,0.6723442077636719,0.0867166966199874,0.2039200812578201,0.7876585721969604,0.030758898705244,0.2069975137710571,0.6924543380737305,0.0540456101298332,0.2266336530447006,0.6606026887893677,0.0665973424911499,0.2379018664360046,0.6441785097122192,0.0714688599109649,0.2388122379779815,0.7676459550857544,0.0107126077637076,0.2364499866962433,0.686303973197937,0.0358839929103851,0.2463805079460144,0.6570265293121338,0.0560329332947731,0.2516306936740875,0.6443989276885986,0.068175584077835,neutral,RRQ_p2,RRQ
0.1847533583641052,0.742058277130127,-6.261212206482014e-07,0.2659248411655426,0.6111024618148804,0.0608135014772415,0.3309493660926819,0.50002521276474,0.0566409192979335,0.4017723798751831,0.426028311252594,0.0333799719810485,0.4446893334388733,0.3849572241306305,0.0129305543377995,0.2188457995653152,0.3314812779426574,0.0287810936570167,0.3655698895454407,0.3040728569030761,0.0131445350125432,0.3710604012012481,0.3828735947608948,0.0056313280947506,0.3485327363014221,0.4190676808357239,-0.0031019353773444,0.2223641276359558,0.3462147712707519,-0.0249572116881608,0.3948115110397339,0.3705693483352661,-0.0305358543992042,0.3822042346000671,0.4506625235080719,-0.0219983048737049,0.3419339656829834,0.469234436750412,-0.0239508245140314,0.2443313598632812,0.393287718296051,-0.0762022361159324,0.407086580991745,0.4434378743171692,-0.0677362158894538,0.3775664269924164,0.5158435106277466,-0.0467164292931556,0.3287784457206726,0.5224195122718811,-0.046464305371046,0.2834266722202301,0.4528585076332092,-0.1258120536804199,0.4053520262241363,0.5045978426933289,-0.1097123548388481,0.375411719083786,0.5649954676628113,-0.0937779247760772,0.3308321535587311,0.5697823166847229,-0.0924671217799186,fist,RRQ_p2,RRQ
0.3043875098228454,0.8142620325088501,-4.770844839185884e-07,0.4154314994812011,0.757626473903656,-0.0360930748283863,0.5209051370620728,0.6573290824890137,-0.0613039620220661,0.5934562683105469,0.5642061233520508,-0.0880831480026245,0.5867151618003845,0.4827645123004913,-0.1023590117692947,0.4605477452278137,0.421389102935791,-0.0003122550842817,0.5665148496627808,0.4127489328384399,-0.0624017566442489,0.5325657725334167,0.5300021767616272,-0.0921270176768302,0.4905996918678283,0.5293585658073425,-0.1056459173560142,0.3985867798328399,0.3978201746940613,-0.0100150387734174,0.5239754915237427,0.4000290036201477,-0.0759625062346458,0.4826735258102417,0.5460110902786255,-0.0867441073060035,0.4389145374298095,0.5318100452423096,-0.0783630311489105,0.3382816910743713,0.4004649519920349,-0.0307033117860555,0.4524547755718231,0.4423748552799225,-0.0983208119869232,0.4176807105541229,0.5750894546508789,-0.0853579267859458,0.3716344237327575,0.5574988722801208,-0.0597611218690872,0.2847999036312103,0.421241819858551,-0.0546002388000488,0.3841545879840851,0.464214026927948,-0.0901994407176971,0.3685977756977081,0.5547237396240234,-0.0754439905285835,0.3259814977645874,0.5488020181655884,-0.0545539148151874,fist,RRQ_p2,RRQ
0.6638601422309875,0.5925695896148682,-4.963654305356613e-07,0.5977915525436401,0.5957875847816467,-0.0237465612590312,0.520215630531311,0.5576574802398682,-0.0348614454269409,0.4749745726585388,0.5008373856544495,-0.0491952411830425,0.4779600501060486,0.4321929514408111,-0.0562826842069625,0.5041888356208801,0.4615464508533478,0.0153706027194857,0.4601301550865173,0.4347880184650421,-0.0243077278137207,0.4849438667297363,0.4829654991626739,-0.0378529988229274,0.5050813555717468,0.4804903268814087,-0.0394965000450611,0.5357329249382019,0.4314733445644378,0.0111111355945467,0.4953102171421051,0.3993407189846039,-0.0296773929148912,0.5295704007148743,0.483928918838501,-0.0260986424982547,0.5437312722206116,0.4717162251472473,-0.0087686264887452,0.5748854875564575,0.4122080504894256,-0.0035446807742118,0.538389265537262,0.3916073739528656,-0.0472138002514839,0.567654013633728,0.4765576124191284,-0.0293829850852489,0.5831827521324158,0.4667156338691711,-0.0025110743008553,0.6183430552482605,0.3974170684814453,-0.0211124196648597,0.5849132537841797,0.3974156975746155,-0.0403075851500034,0.597667932510376,0.4567054510116577,-0.0260494109243154,0.6117332577705383,0.4524204432964325,-0.0077335159294307,fist,RRQ_p2,RRQ
0.6846933960914612,0.6960592269897461,-2.920023121077975e-07,0.7072744369506836,0.5692804455757141,0.0214358698576688,0.6872004866600037,0.4791274666786194,0.0209157112985849,0.6407501697540283,0.4475253224372864,0.0165063720196485,0.5923140048980713,0.4644321501255035,0.0101315677165985,0.6896264553070068,0.3992106020450592,0.0012231251457706,0.6148950457572937,0.3903023600578308,-0.0021025121677666,0.6126185059547424,0.4390622675418854,-0.0070795682258903,0.6309024691581726,0.4725521802902221,-0.0107915606349706,0.6380389332771301,0.4169774651527405,-0.0134467855095863,0.5817984938621521,0.4242637157440185,-0.0051823891699314,0.584338366985321,0.4688026309013366,-0.0031503841746598,0.6056233048439026,0.5005803108215332,-0.0055716373026371,0.5879164338111877,0.4584090411663055,-0.0243553109467029,0.5469760894775391,0.4747868776321411,-0.0108273234218359,0.5598887205123901,0.5150746703147888,-0.0036610923707485,0.5846859216690063,0.537524402141571,-0.0054604713805019,0.5437607169151306,0.5114389657974243,-0.0340217128396034,0.5259878039360046,0.5321537256240845,-0.0253423433750867,0.5442265868186951,0.5686730742454529,-0.0153874717652797,0.5648017525672913,0.585890531539917,-0.0087684858590364,fist,RRQ_p2,RRQ
0.6750165820121765,0.9102090001106262,-1.2539640010800213e-06,0.5543980002403259,0.7943463325500488,-0.0505957677960395,0.4506352543830871,0.6230020523071289,-0.0838030949234962,0.3972587883472442,0.4939075410366058,-0.120458610355854,0.4638192057609558,0.4095304310321808,-0.1394881904125213,0.581497073173523,0.3554801940917969,0.0020633691456168,0.4750977158546448,0.306685209274292,-0.0746935009956359,0.4736648797988891,0.4692168533802032,-0.1060195416212081,0.5125245451927185,0.4904648065567016,-0.1204967871308326,0.6662569642066956,0.3640234172344208,-0.0082088503986597,0.5392418503761292,0.3453141450881958,-0.0939697176218032,0.5304474234580994,0.5404966473579407,-0.0914749875664711,0.5828454494476318,0.5428107380867004,-0.0676666796207428,0.7427481412887573,0.4111150503158569,-0.0362079031765461,0.6189135313034058,0.4040391147136688,-0.1184515953063964,0.5991858243942261,0.5821422934532166,-0.0789536014199256,0.6496263742446899,0.5884132981300354,-0.0301619730889797,0.8048450350761414,0.484941154718399,-0.0719410479068756,0.690064013004303,0.4992791414260864,-0.11491259932518,0.6635668873786926,0.6033664345741272,-0.0941655933856964,0.7027836441993713,0.6102132201194763,-0.0652988702058792,fist,RRQ_p2,RRQ
0.6532546281814575,0.8645210266113281,-1.2260768471605845e-06,0.533065915107727,0.7559517025947571,-0.0343012772500515,0.4410285949707031,0.5963121056556702,-0.0588270984590053,0.3922769427299499,0.4776417911052704,-0.0886542946100235,0.4418635368347168,0.3985627889633178,-0.1029692366719245,0.5783284902572632,0.351246178150177,0.0175126008689403,0.4636589884757995,0.3105493187904358,-0.0495036020874977,0.4583766758441925,0.4533141255378723,-0.0799636244773864,0.4978203475475311,0.4785141944885254,-0.0940524637699127,0.6460521221160889,0.3598743677139282,0.0038332021795213,0.511415958404541,0.3399756848812103,-0.0710445344448089,0.5012038350105286,0.5102943181991577,-0.0708479583263397,0.55340576171875,0.5195187330245972,-0.0509271100163459,0.7062466144561768,0.3991698622703552,-0.0251389443874359,0.5727640390396118,0.3884948492050171,-0.0970450490713119,0.554154634475708,0.5442404747009277,-0.0630125924944877,0.6035770177841187,0.5557423233985901,-0.0198034960776567,0.7518720626831055,0.4641154408454895,-0.0602710954844951,0.6328410506248474,0.4618256688117981,-0.0979923829436302,0.6107769012451172,0.5555814504623413,-0.0786376968026161,0.6512255072593689,0.5696516633033752,-0.0512583516538143,fist,RRQ_p2,RRQ
0.5954440832138062,0.7615997791290283,-9.160818308373564e-07,0.5124159455299377,0.692672610282898,-0.0055963061749935,0.4484615325927734,0.5939354300498962,-0.01354671549052,0.4227189421653747,0.516302227973938,-0.0293428096920251,0.4493790566921234,0.4510861039161682,-0.0375395789742469,0.5214811563491821,0.4595099687576294,0.0291249006986618,0.4595827460289001,0.4170927703380584,-0.0146343763917684,0.4620121121406555,0.5100405812263489,-0.0342252403497695,0.4906729459762573,0.5345480442047119,-0.0411493442952632,0.5582330822944641,0.457707941532135,0.0129731800407171,0.4867569804191589,0.4196377396583557,-0.0378104783594608,0.48909792304039,0.5309481024742126,-0.0406851470470428,0.5239474773406982,0.5441634058952332,-0.0276689138263463,0.5976892709732056,0.4640800356864929,-0.012131824158132,0.5205557942390442,0.4390515685081482,-0.06026117131114,0.5227181911468506,0.5483559966087341,-0.0395442433655262,0.5561631917953491,0.5603939294815063,-0.0109041891992092,0.6387022733688354,0.4846806228160858,-0.0392038188874721,0.5610640048980713,0.466206282377243,-0.0619110874831676,0.5571025013923645,0.5403776168823242,-0.0448199026286602,0.5862807035446167,0.5565930008888245,-0.0236280541867017,fist,RRQ_p2,RRQ
0.5794716477394104,0.4816427230834961,-3.2602915212009975e-07,0.5417401194572449,0.4827290177345276,-0.0109366960823535,0.5002105832099915,0.4575303494930267,-0.0140229500830173,0.475672036409378,0.4196517169475555,-0.0192795842885971,0.4836179912090301,0.3850466012954712,-0.0207629166543483,0.4952350258827209,0.4110751748085022,0.0135399037972092,0.4720830917358398,0.3856390416622162,-0.0063703334890306,0.4871923327445984,0.4158813059329986,-0.014347187243402,0.4992547631263733,0.425065129995346,-0.0153646981343626,0.5132004022598267,0.3963993489742279,0.0114436279982328,0.4922406077384949,0.3715417385101318,-0.0087322043254971,0.509517252445221,0.4134424924850464,-0.0091340756043791,0.5192489624023438,0.4175564646720886,-0.0020354310981929,0.5349888205528259,0.3860935568809509,0.0040371152572333,0.5147078037261963,0.3636671900749206,-0.0191450137645006,0.5298337340354919,0.4096451699733734,-0.0116268508136272,0.5403133630752563,0.4189459979534149,0.0018141109030693,0.5602141618728638,0.378295749425888,-0.0045618917793035,0.540105938911438,0.3653094470500946,-0.0161295402795076,0.5462995767593384,0.3992064297199249,-0.0091272806748747,0.5550190210342407,0.410401701927185,0.000812828540802,fist,RRQ_p2,RRQ
0.7249471545219421,0.935729205608368,-1.566312562317762e-06,0.5769726037979126,0.8439841270446777,-0.0447478853166103,0.4443456530570984,0.6777238845825195,-0.0727238431572914,0.3717736005783081,0.5477268099784851,-0.1068457812070846,0.4148749709129333,0.4316952526569366,-0.1230270788073539,0.5326457023620605,0.36507049202919,0.0181026365607976,0.4319422841072082,0.3027964532375335,-0.0588296540081501,0.4377273917198181,0.4938286244869232,-0.0886140987277031,0.4821354448795318,0.5279741287231445,-0.1013411954045295,0.6281336545944214,0.3554067611694336,0.0035301768220961,0.507842481136322,0.3170953094959259,-0.085199661552906,0.5042081475257874,0.5387148857116699,-0.0832900777459144,0.5576470494270325,0.5479187369346619,-0.0587116852402687,0.7192472815513611,0.382191002368927,-0.0295703988522291,0.5940908193588257,0.3573859930038452,-0.1182599514722824,0.5809565186500549,0.5660936832427979,-0.0760594233870506,0.632966935634613,0.5803303718566895,-0.0234963968396186,0.802688479423523,0.4371007084846496,-0.0693203210830688,0.6797652840614319,0.4373398125171661,-0.1139969006180763,0.6516045928001404,0.575778603553772,-0.0866515934467315,0.69010990858078,0.5992439985275269,-0.0526182726025581,fist,RRQ_p2,RRQ
0.4768968820571899,1.0677000284194946,-1.4747386103408644e-06,0.2928504645824432,1.01335871219635,-0.0348506979644298,0.1461656093597412,0.908180296421051,-0.065317690372467,0.0494991242885589,0.8331282734870911,-0.1025976166129112,0.0529256612062454,0.7226077914237976,-0.1250438094139099,0.2277892827987671,0.561001181602478,0.0086521375924348,0.0853242874145507,0.5711243152618408,-0.0576211884617805,0.1161268949508667,0.7477079629898071,-0.0888591855764389,0.1690354943275451,0.7668547034263611,-0.1056105867028236,0.3105764389038086,0.5368949174880981,-0.0064168255776166,0.1440324187278747,0.5779904723167419,-0.0835302472114563,0.1731940656900406,0.7793799638748169,-0.0851074308156967,0.2390834689140319,0.7695300579071045,-0.0689748302102088,0.3933274745941162,0.5577243566513062,-0.0351934470236301,0.2302324473857879,0.5982990264892578,-0.1076475754380226,0.2414566427469253,0.7884292602539062,-0.0650525018572807,0.3045996129512787,0.7839264273643494,-0.0179003551602363,0.464116096496582,0.6154062747955322,-0.0696823075413703,0.3205623924732208,0.6533163189888,-0.1021196097135543,0.3006539940834045,0.782546877861023,-0.0706367343664169,0.3484594821929931,0.7971608638763428,-0.036708477884531,fist,RRQ_p2,RRQ
