x0,y0,z0,x1,y1,z1,x2,y2,z2,x3,y3,z3,x4,y4,z4,x5,y5,z5,x6,y6,z6,x7,y7,z7,x8,y8,z8,x9,y9,z9,x10,y10,z10,x11,y11,z11,x12,y12,z12,x13,y13,z13,x14,y14,z14,x15,y15,z15,x16,y16,z16,x17,y17,z17,x18,y18,z18,x19,y19,z19,x20,y20,z20,label,person_id,collector
0.4548913538455963,0.7886817455291748,-3.341112915222766e-07,0.40492621064186096,0.6802072525024414,0.001739230239763856,0.3897898197174072,0.6004440784454346,-0.015569942072033882,0.37415510416030884,0.5394107699394226,-0.03901209309697151,0.3603472113609314,0.4930783808231354,-0.06220351904630661,0.49412399530410767,0.5082291960716248,-0.011136856861412525,0.4695344865322113,0.40251362323760986,-0.0381726510822773,0.4639759361743927,0.33296799659729004,-0.057581327855587006,0.4634142518043518,0.273684561252594,-0.07373924553394318,0.5100263357162476,0.5294762849807739,-0.030636370182037354,0.4022118151187897,0.48347312211990356,-0.06587450206279755,0.38939282298088074,0.5455312728881836,-0.06938744336366653,0.40892964601516724,0.5809624195098877,-0.0686158835887909,0.505342960357666,0.5625818371772766,-0.05178554728627205,0.39198368787765503,0.5318214297294617,-0.07829694449901581,0.3877960443496704,0.5886608958244324,-0.059851858764886856,0.4101918935775757,0.6164489388465881,-0.04598221182823181,0.4854072630405426,0.6021802425384521,-0.07509592175483704,0.39621496200561523,0.5818930864334106,-0.09372520446777344,0.3902537226676941,0.6248073577880859,-0.08300930261611938,0.40915796160697937,0.6488490104675293,-0.07229924201965332,point,RRQ_p13,RRQ
0.4590175449848175,0.8071662187576294,-9.186513949543951e-08,0.5221091508865356,0.7232491374015808,0.022710401564836502,0.5310914516448975,0.6277123093605042,0.025513626635074615,0.5107597708702087,0.5631638765335083,0.024329740554094315,0.47400176525115967,0.5367215871810913,0.019877664744853973,0.5493291616439819,0.561789870262146,-0.012848908081650734,0.5444014072418213,0.4223248362541199,-0.017362123355269432,0.5405901074409485,0.3437063694000244,-0.018672410398721695,0.5355961918830872,0.27948224544525146,-0.02164698764681816,0.49958691000938416,0.5519174933433533,-0.0255730003118515,0.47432565689086914,0.47827285528182983,-0.022704247385263443,0.4698103070259094,0.522501528263092,-0.009578142315149307,0.477203905582428,0.5624741315841675,-0.0033790424931794405,0.45064786076545715,0.5635236501693726,-0.034029144793748856,0.4358099699020386,0.5186871886253357,-0.018425581976771355,0.4363308548927307,0.5554278492927551,0.0017483471892774105,0.4422371983528137,0.5886717438697815,0.007837611250579357,0.4039286673069,0.5855839848518372,-0.041942473500967026,0.40222668647766113,0.5604755878448486,-0.025394082069396973,0.4056225121021271,0.593975305557251,-0.008260473608970642,0.4109528064727783,0.6226814389228821,0.0010551882442086935,point,RRQ_p13,RRQ
0.4236030876636505,0.7896668910980225,-2.1226925639439287e-07,0.3887110650539398,0.7170906066894531,-0.03579757735133171,0.37338024377822876,0.627213180065155,-0.06272363662719727,0.3870793879032135,0.5581588745117188,-0.09133223444223404,0.42155325412750244,0.5176129937171936,-0.1182444840669632,0.42634984850883484,0.5123589038848877,-0.03186097741127014,0.42842525243759155,0.3899398446083069,-0.07118295133113861,0.4325883388519287,0.31682807207107544,-0.0969318076968193,0.4405186176300049,0.2547591030597687,-0.11516987532377243,0.4661446213722229,0.5412068367004395,-0.03797107934951782,0.4673965573310852,0.47424477338790894,-0.0998292788863182,0.42885178327560425,0.5578628182411194,-0.11417832225561142,0.4075459837913513,0.6126600503921509,-0.11010788381099701,0.5027514696121216,0.5829790234565735,-0.04964391514658928,0.5045328736305237,0.5185225605964661,-0.10510857403278351,0.4613276720046997,0.5944187641143799,-0.0924578383564949,0.4391227066516876,0.6467462778091431,-0.06959390640258789,0.5340717434883118,0.6360880136489868,-0.06511002779006958,0.5335403680801392,0.5827019810676575,-0.09842517226934433,0.497839093208313,0.6215170621871948,-0.08719088137149811,0.47926998138427734,0.6533543467521667,-0.0705183893442154,point,RRQ_p13,RRQ
0.4087420105934143,0.7468529939651489,-9.132484279916753e-08,0.38058900833129883,0.7164356708526611,-0.043804191052913666,0.360870361328125,0.6718214154243469,-0.07825485616922379,0.3763294816017151,0.6598544716835022,-0.10769767314195633,0.41324278712272644,0.6770554780960083,-0.13414259254932404,0.4358765482902527,0.5554999113082886,-0.05168939381837845,0.44191449880599976,0.5411546230316162,-0.09967973828315735,0.42753058671951294,0.5371395349502563,-0.13420279324054718,0.40970689058303833,0.5396523475646973,-0.15484987199306488,0.48792827129364014,0.572134792804718,-0.04983692616224289,0.47796958684921265,0.5904181003570557,-0.09499144554138184,0.4470802843570709,0.6309310793876648,-0.11115746945142746,0.433409184217453,0.6473525166511536,-0.11440760642290115,0.520723283290863,0.6140440106391907,-0.05396467074751854,0.49043312668800354,0.660325825214386,-0.0927288606762886,0.45073699951171875,0.6968628764152527,-0.08885049819946289,0.43456876277923584,0.70367032289505,-0.07874217629432678,0.5388752222061157,0.6695123910903931,-0.0630936250090599,0.5070655345916748,0.7154756188392639,-0.09113239496946335,0.4744073748588562,0.7391993403434753,-0.08887965232133865,0.46130481362342834,0.7387039065361023,-0.0808805376291275,point,RRQ_p13,RRQ
0.43485525250434875,0.7972515225410461,-1.528101165604312e-07,0.4203035235404968,0.7224123477935791,-0.031006738543510437,0.43082818388938904,0.6484459042549133,-0.05318595841526985,0.4712206721305847,0.6250604391098022,-0.07533366233110428,0.5150992274284363,0.6250067353248596,-0.09572957456111908,0.5215973258018494,0.5648883581161499,-0.029552046209573746,0.5660102367401123,0.5047563910484314,-0.06281999498605728,0.5998215675354004,0.4732531011104584,-0.08652415126562119,0.6339987516403198,0.44355469942092896,-0.10343573242425919,0.5570846796035767,0.6151800751686096,-0.03298291936516762,0.5701982975006104,0.6010488867759705,-0.08304137736558914,0.5177841782569885,0.6529008150100708,-0.0972261130809784,0.48139688372612,0.6854810118675232,-0.09540630877017975,0.5788872241973877,0.6747034788131714,-0.04053345322608948,0.583735466003418,0.6691728830337524,-0.08698142319917679,0.5256026387214661,0.7078402638435364,-0.07972119748592377,0.48794466257095337,0.726891040802002,-0.06241702288389206,0.588753342628479,0.7377843856811523,-0.05094115436077118,0.5960888862609863,0.7330753207206726,-0.0809113010764122,0.5490315556526184,0.7473156452178955,-0.07317281514406204,0.5161553621292114,0.7492676377296448,-0.05902552977204323,point,RRQ_p13,RRQ
0.36939603090286255,0.8125990033149719,-3.8443769767582125e-07,0.3145756423473358,0.699444591999054,0.0010424364591017365,0.28279832005500793,0.6131325960159302,-0.026428619399666786,0.24989205598831177,0.5629602074623108,-0.05737869441509247,0.21927757561206818,0.5469434857368469,-0.08939318358898163,0.38006481528282166,0.49865901470184326,-0.035323429852724075,0.2784632742404938,0.43693333864212036,-0.08207666873931885,0.22416383028030396,0.39961278438568115,-0.12124279141426086,0.18114474415779114,0.3603517413139343,-0.14999127388000488,0.4033272862434387,0.5412466526031494,-0.056821491569280624,0.27771979570388794,0.49564772844314575,-0.09074951708316803,0.27915501594543457,0.5641393065452576,-0.09413007646799088,0.30770307779312134,0.5922867655754089,-0.09837885200977325,0.40488409996032715,0.600134551525116,-0.08005958795547485,0.28080660104751587,0.5458584427833557,-0.10344801843166351,0.27794599533081055,0.6100175380706787,-0.08028939366340637,0.3106209933757782,0.6362925171852112,-0.06745674461126328,0.3924744725227356,0.664434552192688,-0.10467351227998734,0.29414650797843933,0.6261900663375854,-0.11947382241487503,0.2862730622291565,0.6687125563621521,-0.10303904116153717,0.31097257137298584,0.6898061633110046,-0.09211645275354385,point,RRQ_p13,RRQ
0.4436729848384857,0.8082317113876343,-5.448430329124676e-07,0.42146164178848267,0.6772990822792053,0.018387746065855026,0.4149715006351471,0.5885769724845886,0.001120506669394672,0.41412052512168884,0.5303763151168823,-0.02656661532819271,0.4228532016277313,0.4830881953239441,-0.055329713970422745,0.5413166284561157,0.55601567029953,0.00023514592612627894,0.4797992706298828,0.4563698172569275,-0.03709857165813446,0.44693121314048767,0.400546669960022,-0.06668929010629654,0.4240463078022003,0.3537665009498596,-0.08789083361625671,0.557323157787323,0.5930646657943726,-0.03406037762761116,0.47205644845962524,0.4862697720527649,-0.0673244521021843,0.43602198362350464,0.546130359172821,-0.07019718736410141,0.4430289566516876,0.594494104385376,-0.0705048218369484,0.5538895130157471,0.6353236436843872,-0.0708383172750473,0.4670422673225403,0.5266947150230408,-0.0975097194314003,0.432409405708313,0.5814960598945618,-0.07356202602386475,0.44426846504211426,0.6283246278762817,-0.05701537802815437,0.5332156419754028,0.6793056130409241,-0.10823175311088562,0.47101759910583496,0.5887218117713928,-0.1281377375125885,0.4382622241973877,0.6163231134414673,-0.11179793626070023,0.44185683131217957,0.6523725986480713,-0.09823581576347351,point,RRQ_p13,RRQ
0.5672959685325623,0.8897821307182312,-3.362995073530328e-07,0.5365994572639465,0.779459536075592,-0.007869373075664043,0.5311580896377563,0.6962831616401672,-0.02979220822453499,0.5356483459472656,0.6377792358398438,-0.05651427060365677,0.5463241338729858,0.6061185002326965,-0.08304896950721741,0.6492044925689697,0.6270431280136108,-0.01953180320560932,0.6399610042572021,0.5235298275947571,-0.04927263781428337,0.6381264328956604,0.4525226354598999,-0.06755278259515762,0.6423389911651611,0.3960839807987213,-0.08235110342502594,0.6757215261459351,0.6657466888427734,-0.036618463695049286,0.6034675240516663,0.5729609727859497,-0.0685499981045723,0.5674903392791748,0.6297475099563599,-0.06550285220146179,0.5766201019287109,0.6717851758003235,-0.05934745818376541,0.6786182522773743,0.7107983231544495,-0.05710621550679207,0.5902595520019531,0.6352696418762207,-0.0831415206193924,0.5612250566482544,0.6832611560821533,-0.059617333114147186,0.5726872682571411,0.7205246090888977,-0.04156123101711273,0.6613350510597229,0.7554022669792175,-0.0808366984128952,0.5908433198928833,0.695428729057312,-0.09868544340133667,0.5609580874443054,0.723852813243866,-0.08453172445297241,0.5610844492912292,0.7549096345901489,-0.07150284200906754,point,RRQ_p13,RRQ
0.3853227198123932,0.9029475450515747,-3.405434085834713e-07,0.3277261555194855,0.8288417458534241,-0.026235956698656082,0.2918703854084015,0.7479478120803833,-0.050344061106443405,0.2761525809764862,0.6963339447975159,-0.07779841870069504,0.2918405532836914,0.6561905741691589,-0.10453666001558304,0.36733943223953247,0.5826607346534729,-0.0230284221470356,0.3498177230358124,0.45694226026535034,-0.05969630181789398,0.33863526582717896,0.37791141867637634,-0.08322068303823471,0.3366507589817047,0.30906715989112854,-0.10040813684463501,0.41482013463974,0.611592710018158,-0.03483714163303375,0.3846725821495056,0.5302929282188416,-0.09349313378334045,0.3366106450557709,0.6218661069869995,-0.10618607699871063,0.31970080733299255,0.6898270845413208,-0.1009737178683281,0.45055386424064636,0.6605405807495117,-0.05145691707730293,0.4130154550075531,0.5896778106689453,-0.10649886727333069,0.3602088391780853,0.6730824708938599,-0.09453176707029343,0.34175267815589905,0.7371059656143188,-0.07186617702245712,0.46900680661201477,0.7236426472663879,-0.0709359273314476,0.42283812165260315,0.6790264248847961,-0.10702042281627655,0.3750922381877899,0.7271161079406738,-0.09740553051233292,0.35858163237571716,0.7686465382575989,-0.08103945106267929,point,RRQ_p13,RRQ
0.3629458546638489,0.8266924023628235,-2.6629313865100812e-08,0.3248022198677063,0.7496257424354553,-0.034861743450164795,0.3016118109226227,0.6779497861862183,-0.06726377457380295,0.29935961961746216,0.6328063607215881,-0.10344276577234268,0.3410404920578003,0.6436529755592346,-0.13840752840042114,0.3969592750072479,0.5384590029716492,-0.03285980224609375,0.4448304772377014,0.42734041810035706,-0.07339245080947876,0.4779938757419586,0.36056095361709595,-0.09827153384685516,0.5110971331596375,0.3091936409473419,-0.11550704389810562,0.4269672930240631,0.5859240889549255,-0.04164811968803406,0.42213115096092224,0.5149571299552917,-0.10350353270769119,0.36905401945114136,0.5915263891220093,-0.11502087861299515,0.3509258031845093,0.6471757292747498,-0.10884258896112442,0.45059579610824585,0.6427996754646301,-0.056508779525756836,0.4539262652397156,0.5782898664474487,-0.1147630587220192,0.39484140276908875,0.638971209526062,-0.10444284975528717,0.3671601712703705,0.6889697313308716,-0.08149038255214691,0.463177889585495,0.709754228591919,-0.07501985877752304,0.4582135081291199,0.6571675539016724,-0.1109602227807045,0.4062277376651764,0.6819248199462891,-0.10245086252689362,0.37621060013771057,0.7106099128723145,-0.08652471005916595,point,RRQ_p13,RRQ
0.39208048582077026,0.7984682321548462,3.1014888435265675e-08,0.4750809669494629,0.8407413959503174,-0.03847580775618553,0.5709091424942017,0.8420671820640564,-0.07388319075107574,0.6101446151733398,0.7981393337249756,-0.11278269439935684,0.5796729326248169,0.7328467965126038,-0.1526297777891159,0.6618620753288269,0.6203741431236267,-0.05478978157043457,0.7631610035896301,0.4976620078086853,-0.10036122053861618,0.8248221278190613,0.43284669518470764,-0.1304996907711029,0.8727296590805054,0.3683319389820099,-0.153049498796463,0.6082494854927063,0.5799615979194641,-0.06694016605615616,0.6626198887825012,0.550724446773529,-0.14317484200000763,0.6140910387039185,0.6701067090034485,-0.16744546592235565,0.5741254687309265,0.729981541633606,-0.16936437785625458,0.5470899939537048,0.5564335584640503,-0.0815286859869957,0.59867262840271,0.5113762617111206,-0.1479761302471161,0.5685070157051086,0.6367585062980652,-0.13788403570652008,0.5391983985900879,0.7082411050796509,-0.11552969366312027,0.47670793533325195,0.5473203063011169,-0.09968169033527374,0.5209616422653198,0.5068013668060303,-0.14296266436576843,0.5222090482711792,0.5973207354545593,-0.1320265382528305,0.51695716381073,0.662442147731781,-0.1138388067483902,point,RRQ_p13,RRQ
0.19963380694389343,0.697299599647522,2.4140247134596393e-08,0.25165295600891113,0.6975951194763184,-0.026889313012361526,0.310177743434906,0.6655840873718262,-0.04748527333140373,0.30948540568351746,0.6193545460700989,-0.06885983049869537,0.27388641238212585,0.5815485119819641,-0.08911234140396118,0.34894752502441406,0.5273985266685486,-0.03347264975309372,0.40301865339279175,0.4417981207370758,-0.06342890858650208,0.4383736848831177,0.38986656069755554,-0.08216410130262375,0.46558326482772827,0.342756986618042,-0.09588329493999481,0.3098679184913635,0.49586594104766846,-0.04040633141994476,0.32109811902046204,0.5224249362945557,-0.08603591471910477,0.2936052680015564,0.5885045528411865,-0.0991373285651207,0.2778368592262268,0.605399489402771,-0.09960684180259705,0.2670183479785919,0.4894908368587494,-0.04991546645760536,0.2703225910663605,0.5242069363594055,-0.08942682296037674,0.2568739652633667,0.5868824124336243,-0.08316241949796677,0.25430238246917725,0.5960293412208557,-0.07139698415994644,0.22515030205249786,0.49728941917419434,-0.06263453513383865,0.23079073429107666,0.5349692106246948,-0.0846167728304863,0.2269953489303589,0.5863670110702515,-0.07411634176969528,0.2282213568687439,0.5957916975021362,-0.06098281964659691,point,RRQ_p13,RRQ
0.2617969512939453,0.8378425240516663,2.657167215147638e-07,0.28768569231033325,0.7859952449798584,-0.03524904325604439,0.32044148445129395,0.744812548160553,-0.08547360450029373,0.33057892322540283,0.7578834891319275,-0.13704641163349152,0.3131963610649109,0.8024489879608154,-0.18844878673553467,0.21643227338790894,0.6344124674797058,-0.1017581969499588,0.1600652039051056,0.555719256401062,-0.16774819791316986,0.11232847720384598,0.49917954206466675,-0.20616987347602844,0.06579472124576569,0.45205754041671753,-0.2308615744113922,0.15597234666347504,0.6874377727508545,-0.11201044172048569,0.2509012818336487,0.7186129689216614,-0.172112375497818,0.2942523956298828,0.767947256565094,-0.1715819537639618,0.28191715478897095,0.7758854627609253,-0.1640072613954544,0.13818252086639404,0.7668769359588623,-0.12515416741371155,0.24685588479042053,0.8020446300506592,-0.17638681828975677,0.2755146622657776,0.8196127414703369,-0.14966627955436707,0.2519722580909729,0.8112906217575073,-0.12414997816085815,0.1401323527097702,0.8477329611778259,-0.14304406940937042,0.2210422158241272,0.8774563074111938,-0.17813797295093536,0.2571287453174591,0.874668538570404,-0.15844716131687164,0.258070707321167,0.8597643375396729,-0.13561001420021057,point,RRQ_p13,RRQ
0.4337940216064453,0.6871935129165649,4.1831494712596395e-08,0.5210137963294983,0.7024889588356018,-0.04658137261867523,0.601163387298584,0.6961119771003723,-0.09727635979652405,0.6485545635223389,0.6738227605819702,-0.1504068374633789,0.6092591881752014,0.6434577703475952,-0.20348066091537476,0.6402448415756226,0.4573611319065094,-0.08974914997816086,0.6901275515556335,0.3008314371109009,-0.15077470242977142,0.7221357822418213,0.19555655121803284,-0.18572893738746643,0.7455525994300842,0.10720473527908325,-0.2082621455192566,0.5807793736457825,0.4153759181499481,-0.10038183629512787,0.6320918798446655,0.47518816590309143,-0.1811562031507492,0.5907866954803467,0.6002331972122192,-0.18986541032791138,0.5585978627204895,0.6544191837310791,-0.1804928034543991,0.515449583530426,0.40656259655952454,-0.11464361101388931,0.5627614855766296,0.4876697063446045,-0.18296769261360168,0.5326098203659058,0.5959982872009277,-0.15742704272270203,0.5076390504837036,0.6469554305076599,-0.12465827912092209,0.45178377628326416,0.4174514710903168,-0.13486668467521667,0.4890092611312866,0.4557291269302368,-0.17373062670230865,0.48426923155784607,0.5378255248069763,-0.15132448077201843,0.47581472992897034,0.5863592028617859,-0.12440162152051926,point,RRQ_p13,RRQ
0.3708750009536743,0.7225622534751892,1.2958318507116928e-07,0.4433852434158325,0.704613983631134,-0.029058704152703285,0.5049006342887878,0.6875765323638916,-0.0752524808049202,0.5382519364356995,0.6852599382400513,-0.12536777555942535,0.508754312992096,0.706750214099884,-0.17559567093849182,0.4904569089412689,0.5188114047050476,-0.08709359914064407,0.4892556667327881,0.39405590295791626,-0.14699013531208038,0.4826819598674774,0.3054731786251068,-0.18007630109786987,0.47189438343048096,0.2338348925113678,-0.20142030715942383,0.4282982349395752,0.5053393244743347,-0.10315220803022385,0.48014259338378906,0.5816618204116821,-0.17143431305885315,0.48426204919815063,0.6865125894546509,-0.1749635487794876,0.4766821563243866,0.7189149260520935,-0.16671276092529297,0.3736903667449951,0.5355789065361023,-0.12113674730062485,0.43073180317878723,0.6230670213699341,-0.1775260865688324,0.44260653853416443,0.7023921012878418,-0.15319867432117462,0.43697798252105713,0.7243102192878723,-0.12641482055187225,0.331061452627182,0.5850768685340881,-0.14333996176719666,0.37346580624580383,0.6586353182792664,-0.17466431856155396,0.38952791690826416,0.7097460031509399,-0.15495368838310242,0.3889692723751068,0.7189371585845947,-0.1335790455341339,point,RRQ_p13,RRQ
0.4362983703613281,0.7789251208305359,-2.7121174639432866e-07,0.41358789801597595,0.6782630681991577,-0.0018889275379478931,0.4109930396080017,0.5828794836997986,-0.01446565892547369,0.39778703451156616,0.5116456747055054,-0.03519058600068092,0.37407493591308594,0.4473473131656647,-0.05789395794272423,0.49809154868125916,0.5279132127761841,0.01365145668387413,0.45676910877227783,0.45382165908813477,-0.026578418910503387,0.4136219322681427,0.4277529716491699,-0.06859128922224045,0.3715675473213196,0.41768646240234375,-0.09321270138025284,0.5233344435691833,0.5316950082778931,-0.006257294211536646,0.5503332614898682,0.43096596002578735,-0.041315339505672455,0.52348393201828,0.3704124093055725,-0.07082191854715347,0.47874319553375244,0.34057676792144775,-0.08607518672943115,0.5409497022628784,0.5604540705680847,-0.0312642902135849,0.5971066951751709,0.4753418266773224,-0.05950023606419563,0.5841787457466125,0.40781116485595703,-0.07648410648107529,0.5510128140449524,0.3654436469078064,-0.083065465092659,0.5454234480857849,0.6044772267341614,-0.057697396725416183,0.5977796912193298,0.5575205087661743,-0.07617197185754776,0.5984209179878235,0.4998653531074524,-0.08338460326194763,0.5784213542938232,0.45233985781669617,-0.08537289500236511,pinch,RRQ_p13,RRQ
0.5399247407913208,0.8054182529449463,-6.54256837151479e-07,0.5359204411506653,0.7072824239730835,0.0035685598850250244,0.5641813278198242,0.6127356886863708,0.004240450449287891,0.5853676199913025,0.5458019375801086,-0.0034068580716848373,0.587408721446991,0.47745829820632935,-0.013067067600786686,0.6417300701141357,0.6225649118423462,0.038882724940776825,0.6326422095298767,0.5547681450843811,0.014051815494894981,0.6159767508506775,0.49895966053009033,-0.008260826580226421,0.5994505882263184,0.45064210891723633,-0.023240458220243454,0.6655098795890808,0.6459025144577026,0.021429993212223053,0.6555603742599487,0.5582437515258789,-0.01754375919699669,0.6062626838684082,0.6068968772888184,-0.0341888852417469,0.5787273645401001,0.6575738191604614,-0.034075044095516205,0.6835470199584961,0.681376576423645,-0.0006688112043775618,0.65972900390625,0.591632604598999,-0.040695756673812866,0.6094542741775513,0.6476541757583618,-0.03596353530883789,0.5887647867202759,0.6994628310203552,-0.01993841677904129,0.6935364007949829,0.7259536385536194,-0.023028871044516563,0.6668874621391296,0.6427309513092041,-0.04819295555353165,0.6314373016357422,0.6751426458358765,-0.04032758250832558,0.6215305924415588,0.7156577706336975,-0.02730223909020424,pinch,RRQ_p13,RRQ
0.503766655921936,0.7664129734039307,-2.991115195527527e-07,0.49054741859436035,0.6836477518081665,-0.007537642493844032,0.5064290761947632,0.5935368537902832,-0.014861678704619408,0.5151740908622742,0.5199636220932007,-0.027379970997571945,0.5158648490905762,0.45352375507354736,-0.04029973968863487,0.595617413520813,0.590831458568573,0.014184610918164253,0.5843366384506226,0.5104238390922546,-0.016967179253697395,0.5552664399147034,0.4619629383087158,-0.04859687760472298,0.524898111820221,0.42927753925323486,-0.06627020984888077,0.6251615285873413,0.5968309640884399,0.002139195566996932,0.6642975211143494,0.5096676349639893,-0.022012969478964806,0.6611905097961426,0.43889257311820984,-0.04250115528702736,0.6460247039794922,0.38342395424842834,-0.05373051390051842,0.6455269455909729,0.6200296878814697,-0.015396402217447758,0.6981548070907593,0.5453205704689026,-0.036657337099313736,0.707531213760376,0.4792354106903076,-0.04805787280201912,0.7045558094978333,0.42415791749954224,-0.05193568766117096,0.6555383801460266,0.6534022092819214,-0.03497079387307167,0.7086167335510254,0.6034862399101257,-0.047894202172756195,0.7284085750579834,0.5517916083335876,-0.05094397813081741,0.7334059476852417,0.4997813105583191,-0.05087371543049812,pinch,RRQ_p13,RRQ
0.32610324025154114,0.7195062637329102,-3.3971642210417485e-07,0.2952073812484741,0.6198017597198486,0.017100244760513306,0.2917640507221222,0.5354805588722229,0.01355608832091093,0.27587103843688965,0.4661959111690521,-0.0013784955954179168,0.25663936138153076,0.400948166847229,-0.017512045800685883,0.3853016793727875,0.49196362495422363,0.032928209751844406,0.3459736406803131,0.4161798655986786,0.0012060132576152682,0.30106616020202637,0.3898569643497467,-0.03446956351399422,0.2599579989910126,0.37783849239349365,-0.054341867566108704,0.40333041548728943,0.4922744631767273,0.007979406975209713,0.41974419355392456,0.38817837834358215,-0.010636677965521812,0.3980579972267151,0.31770116090774536,-0.029497718438506126,0.36582326889038086,0.2678104043006897,-0.04178961366415024,0.41681742668151855,0.5090302228927612,-0.021125154569745064,0.45629745721817017,0.41036325693130493,-0.03393927961587906,0.4445731043815613,0.33599400520324707,-0.04092293232679367,0.42057591676712036,0.2862350344657898,-0.044296324253082275,0.41865649819374084,0.5285190939903259,-0.05092683061957359,0.4584874212741852,0.4591272175312042,-0.05677080899477005,0.4564014971256256,0.3976893424987793,-0.055769942700862885,0.44088098406791687,0.34975141286849976,-0.05377289652824402,pinch,RRQ_p13,RRQ
0.414503812789917,0.7056259512901306,-4.815564693672059e-07,0.3960266709327698,0.6250284910202026,-0.0006584213697351515,0.40424275398254395,0.5423883199691772,-0.006043709814548492,0.4090399146080017,0.4690340459346771,-0.018945103511214256,0.4032347798347473,0.404945969581604,-0.02997700311243534,0.4862261712551117,0.5364179015159607,0.03436185419559479,0.4852953851222992,0.4698562026023865,0.013430370017886162,0.4577285051345825,0.43017375469207764,-0.005088921636343002,0.43352070450782776,0.404308021068573,-0.015508159063756466,0.5117124319076538,0.5368708968162537,0.02179165743291378,0.5272348523139954,0.45361584424972534,-0.011401149444282055,0.48106619715690613,0.4655630886554718,-0.027858519926667213,0.44918686151504517,0.49620524048805237,-0.0295493733137846,0.5338053703308105,0.5482643246650696,0.00432888837531209,0.564671516418457,0.4638517498970032,-0.022204997017979622,0.5149421691894531,0.44987088441848755,-0.02412518858909607,0.47563958168029785,0.4594230353832245,-0.016285644844174385,0.5485307574272156,0.5687628388404846,-0.014752519316971302,0.5969066619873047,0.5272315740585327,-0.028070440515875816,0.611319899559021,0.47797560691833496,-0.03277010843157768,0.6177070140838623,0.43657973408699036,-0.0326758474111557,pinch,RRQ_p13,RRQ
0.4393424093723297,0.7153273820877075,-2.2198487670266331e-07,0.4232984185218811,0.6357012987136841,-0.001842502853833139,0.4378424882888794,0.5498088598251343,-0.005197718273848295,0.4461681842803955,0.4795042872428894,-0.014122764579951763,0.44888371229171753,0.41589856147766113,-0.023304635658860207,0.5295609831809998,0.5497709512710571,0.022509362548589706,0.5184298157691956,0.4759072959423065,-0.002717283321544528,0.49143946170806885,0.4273930490016937,-0.029880130663514137,0.4638728201389313,0.39707058668136597,-0.04444117099046707,0.5570165514945984,0.5566447973251343,0.00903572142124176,0.5999771952629089,0.4761691689491272,-0.01022893376648426,0.6024634838104248,0.40407681465148926,-0.027483439072966576,0.5932585000991821,0.34717947244644165,-0.036130793392658234,0.5745867490768433,0.5783764123916626,-0.00953509658575058,0.6293497085571289,0.5086269378662109,-0.027132511138916016,0.6427985429763794,0.44383376836776733,-0.03647643327713013,0.6447264552116394,0.39020171761512756,-0.03869674354791641,0.5802943110466003,0.6065589189529419,-0.029525727033615112,0.6323261260986328,0.5565524101257324,-0.03966617211699486,0.6574007272720337,0.5087290406227112,-0.04063497111201286,0.6709502935409546,0.46154558658599854,-0.0387517474591732,pinch,RRQ_p13,RRQ
0.22543948888778687,0.6676537990570068,-3.4045967822748935e-07,0.21118444204330444,0.5700325965881348,0.009007682092487812,0.21564947068691254,0.4926254153251648,0.0005661007016897202,0.20504876971244812,0.4265574812889099,-0.017288848757743835,0.19389577209949493,0.36106550693511963,-0.036925554275512695,0.31555986404418945,0.46837717294692993,0.024226566776633263,0.2836056053638458,0.39170098304748535,-0.005903271026909351,0.24246513843536377,0.35552966594696045,-0.03960654139518738,0.20632773637771606,0.33993539214134216,-0.059302087873220444,0.3370763957500458,0.4729667603969574,0.0017383582890033722,0.36456727981567383,0.37249135971069336,-0.019017864018678665,0.3511117696762085,0.2990870475769043,-0.04048025235533714,0.3281680941581726,0.2442331314086914,-0.05443204566836357,0.3484593629837036,0.4909185767173767,-0.02483828365802765,0.39721569418907166,0.3986443877220154,-0.04282873496413231,0.3974561393260956,0.3237323760986328,-0.056448791176080704,0.38540875911712646,0.26579219102859497,-0.0646204873919487,0.34474942088127136,0.5129702687263489,-0.051835402846336365,0.39185571670532227,0.4610261619091034,-0.06303530931472778,0.4064714014530182,0.4035240709781647,-0.0670856460928917,0.4066962003707886,0.3480600416660309,-0.06944576650857925,pinch,RRQ_p13,RRQ
0.49892643094062805,0.6005873680114746,-2.2438193525431416e-07,0.4729014039039612,0.5283318758010864,-0.01119435764849186,0.4764472246170044,0.43937990069389343,-0.018006494268774986,0.48220667243003845,0.36431440711021423,-0.028396666049957275,0.4820922613143921,0.29761719703674316,-0.03909975662827492,0.5549968481063843,0.41492336988449097,0.014143956825137138,0.5420348048210144,0.3445059657096863,-0.012755184434354305,0.5166699886322021,0.3028965890407562,-0.041303202509880066,0.4896589517593384,0.27516400814056396,-0.05832936614751816,0.5872846841812134,0.4157679080963135,0.004789033904671669,0.6141051054000854,0.3300933539867401,-0.017330843955278397,0.6045119762420654,0.26711708307266235,-0.03908687084913254,0.584459125995636,0.2201898694038391,-0.05222366750240326,0.611819863319397,0.4345605969429016,-0.010026110336184502,0.653459906578064,0.35640910267829895,-0.030444826930761337,0.6574400067329407,0.2916019558906555,-0.044402774423360825,0.6506511569023132,0.23749400675296783,-0.051503490656614304,0.6275538802146912,0.4656437635421753,-0.026731273159384727,0.6709820032119751,0.41200754046440125,-0.04050488770008087,0.6901271343231201,0.36347833275794983,-0.04618898779153824,0.6966512203216553,0.3140152394771576,-0.0491209402680397,pinch,RRQ_p13,RRQ
0.3902498185634613,0.8173757195472717,-4.268519262495829e-07,0.3678101897239685,0.7223032116889954,-0.010156574659049511,0.3675380349159241,0.6234861016273499,-0.021609144285321236,0.3652513921260834,0.5487735271453857,-0.038840774446725845,0.36572375893592834,0.47934645414352417,-0.05565006285905838,0.4729824364185333,0.5777505040168762,0.0119070028886199,0.4554689824581146,0.5001835227012634,-0.024976320564746857,0.41619983315467834,0.4695928990840912,-0.06209447979927063,0.3791864514350891,0.4607695937156677,-0.0828167125582695,0.5084410309791565,0.5881885886192322,-0.0008288889075629413,0.5459008812904358,0.4950736165046692,-0.0331522636115551,0.5173609256744385,0.44367605447769165,-0.057213153690099716,0.46972784399986267,0.42571961879730225,-0.06702218949794769,0.5337450504302979,0.6211901307106018,-0.019378961995244026,0.5945698618888855,0.5441479086875916,-0.04516160860657692,0.5781142115592957,0.4844372570514679,-0.05654646456241608,0.5394923090934753,0.4508337378501892,-0.05767036974430084,0.5463200211524963,0.6718289852142334,-0.04038004204630852,0.6029962301254272,0.6268230676651001,-0.057929519563913345,0.6015443801879883,0.5741149187088013,-0.06329787522554398,0.5749496221542358,0.5317595601081848,-0.06234006583690643,pinch,RRQ_p13,RRQ
0.3863280415534973,0.7302873134613037,-2.582065405931644e-07,0.3459421992301941,0.6493095755577087,0.010653532110154629,0.32241567969322205,0.5862748622894287,-0.001633638283237815,0.28721410036087036,0.5399976372718811,-0.023036036640405655,0.2588312327861786,0.4910552203655243,-0.04564576968550682,0.40690791606903076,0.4912213981151581,0.015024569816887379,0.3520895540714264,0.4421120584011078,-0.019021116197109222,0.30635809898376465,0.4561793804168701,-0.05729757249355316,0.2725902795791626,0.4797079563140869,-0.08053659647703171,0.4227418303489685,0.48660144209861755,-0.008866965770721436,0.4204288721084595,0.37848278880119324,-0.0349443219602108,0.38965219259262085,0.31574347615242004,-0.06226431205868721,0.3530740737915039,0.27108249068260193,-0.08088862895965576,0.4338163435459137,0.5031043291091919,-0.035363174974918365,0.45945048332214355,0.3944227397441864,-0.051486361771821976,0.45440956950187683,0.3244900703430176,-0.06492335349321365,0.43998536467552185,0.2696278691291809,-0.07507143169641495,0.4323512017726898,0.5288804173469543,-0.0619875006377697,0.46373647451400757,0.46371546387672424,-0.06805255264043808,0.46851614117622375,0.40662673115730286,-0.06755208969116211,0.4635019302368164,0.35162973403930664,-0.06823369115591049,pinch,RRQ_p13,RRQ
0.20931744575500488,0.6207526326179504,3.889506103860185e-07,0.2673415541648865,0.6002746820449829,0.0012952086981385946,0.3190973997116089,0.5557199716567993,-0.009195062331855297,0.3708040416240692,0.5357222557067871,-0.026163125410676003,0.414379358291626,0.5152729153633118,-0.041756968945264816,0.28728243708610535,0.41250479221343994,0.003358243266120553,0.3355797231197357,0.37135612964630127,-0.0265752375125885,0.37157657742500305,0.4142451882362366,-0.051353368908166885,0.39443936944007874,0.4549810588359833,-0.06419600546360016,0.280538946390152,0.3936244547367096,-0.01640053279697895,0.32116225361824036,0.30514949560165405,-0.033805619925260544,0.36822086572647095,0.25590887665748596,-0.050767406821250916,0.40302711725234985,0.22300273180007935,-0.06340521574020386,0.2631208300590515,0.3949189782142639,-0.04066633805632591,0.2671177387237549,0.28126704692840576,-0.06012926995754242,0.2820642292499542,0.20547600090503693,-0.07995594292879105,0.2960245907306671,0.1464543640613556,-0.09359893947839737,0.24699033796787262,0.4159265160560608,-0.06519194692373276,0.24290812015533447,0.3260316848754883,-0.07911208271980286,0.2447611391544342,0.26514068245887756,-0.08632024377584457,0.24902823567390442,0.21399317681789398,-0.09214447438716888,pinch,RRQ_p13,RRQ
0.4709315598011017,0.882821261882782,3.42193402502744e-07,0.5386780500411987,0.8108898401260376,0.006087764166295528,0.5861571431159973,0.7361688613891602,-0.007863059639930725,0.6365899443626404,0.6971354484558105,-0.029376402497291565,0.6918546557426453,0.664932131767273,-0.05092630907893181,0.5069659948348999,0.6185363531112671,0.005698635242879391,0.5947195887565613,0.5766044855117798,-0.0392836295068264,0.6438517570495605,0.6099988222122192,-0.07591930031776428,0.6781221628189087,0.6572440266609192,-0.09510476887226105,0.49213412404060364,0.6109108924865723,-0.020836200565099716,0.5561869144439697,0.49905717372894287,-0.06131953001022339,0.6221765279769897,0.47036293148994446,-0.08581918478012085,0.6810861825942993,0.47154414653778076,-0.09573319554328918,0.47976693511009216,0.6285986304283142,-0.05200740322470665,0.5081673264503479,0.4987708330154419,-0.08477338403463364,0.5564907193183899,0.4347759485244751,-0.10165014863014221,0.6050652265548706,0.39431971311569214,-0.10789071023464203,0.4763002097606659,0.6628174781799316,-0.08344200998544693,0.466691255569458,0.5668644905090332,-0.10617058724164963,0.4863464832305908,0.5005275011062622,-0.11405140906572342,0.5166688561439514,0.45022568106651306,-0.11719534546136856,pinch,RRQ_p13,RRQ
0.1490463763475418,0.5914304256439209,3.443242064804508e-07,0.20638880133628845,0.5456784963607788,-0.007745753508061171,0.24833805859088898,0.47119906544685364,-0.020561978220939636,0.2928618788719177,0.4144308567047119,-0.03837272524833679,0.3328641653060913,0.36315807700157166,-0.054712485522031784,0.19005855917930603,0.3672085106372833,0.0013978718779981136,0.24431678652763367,0.3115304112434387,-0.03483983874320984,0.2841574549674988,0.32740288972854614,-0.06444184482097626,0.3137335181236267,0.35409781336784363,-0.07980640232563019,0.1704302728176117,0.3425529897212982,-0.014218881726264954,0.2089233696460724,0.254416823387146,-0.04316990450024605,0.2622239589691162,0.21680843830108643,-0.060761258006095886,0.311557412147522,0.19736695289611816,-0.06939096003770828,0.14498192071914673,0.3404756188392639,-0.03589192405343056,0.16127553582191467,0.23505432903766632,-0.06175108999013901,0.20058992505073547,0.17545756697654724,-0.07433218508958817,0.24286246299743652,0.13341468572616577,-0.0797177404165268,0.11976943165063858,0.35767194628715515,-0.059414975345134735,0.09711717069149017,0.27239876985549927,-0.07719215005636215,0.1081618145108223,0.21166227757930756,-0.08267197757959366,0.13457512855529785,0.16353954374790192,-0.08535391837358475,pinch,RRQ_p13,RRQ
0.3611827790737152,0.6306220889091492,3.278224482983205e-07,0.4278685748577118,0.6136285662651062,-0.005109146237373352,0.4873335063457489,0.5635042190551758,-0.019511092454195023,0.5484135746955872,0.5378544330596924,-0.03943562135100365,0.605670690536499,0.5155883431434631,-0.057718489319086075,0.46693119406700134,0.43511614203453064,0.003274741116911173,0.5403748750686646,0.4255342185497284,-0.031886372715234756,0.5795621871948242,0.4595543146133423,-0.061912648379802704,0.6072566509246826,0.49938058853149414,-0.07914277911186218,0.45548215508461,0.40356701612472534,-0.01494881696999073,0.5177165269851685,0.3430609703063965,-0.04918763041496277,0.5776939392089844,0.3540874719619751,-0.07026074081659317,0.6241380572319031,0.38690680265426636,-0.07939812541007996,0.4334825277328491,0.3891349732875824,-0.03816081956028938,0.47528451681137085,0.29011374711990356,-0.06609778851270676,0.5302948951721191,0.2759228050708771,-0.07671741396188736,0.5823047757148743,0.28355592489242554,-0.07979324460029602,0.4075494110584259,0.3940838873386383,-0.06309870630502701,0.40612778067588806,0.3053613603115082,-0.08195418864488602,0.43480217456817627,0.2597835659980774,-0.08698518574237823,0.4749392867088318,0.2320621907711029,-0.08881022781133652,pinch,RRQ_p13,RRQ
0.14570215344429016,0.6932833194732666,3.518895539400546e-07,0.2149745672941208,0.6608730554580688,-0.014934814535081387,0.2760901153087616,0.5931223034858704,-0.03165188804268837,0.3337686359882355,0.5521266460418701,-0.051824815571308136,0.38188278675079346,0.5172039270401001,-0.0698883906006813,0.24028272926807404,0.4581979215145111,-0.012291353195905685,0.3064559996128082,0.41444000601768494,-0.05732866749167442,0.3424263894557953,0.4545117914676666,-0.0926879495382309,0.367872416973114,0.500187873840332,-0.11070779711008072,0.2154279500246048,0.42790916562080383,-0.02599176950752735,0.26761406660079956,0.34553834795951843,-0.06354730576276779,0.32749080657958984,0.331682026386261,-0.08433786034584045,0.38073480129241943,0.3376084864139557,-0.09236364811658859,0.18069586157798767,0.4235572814941406,-0.04610878974199295,0.20588865876197815,0.31638312339782715,-0.07825301587581635,0.25568637251853943,0.2732113003730774,-0.09144068509340286,0.31004393100738525,0.2473507970571518,-0.09506397694349289,0.14269360899925232,0.4456474483013153,-0.06857777386903763,0.12179835885763168,0.354789674282074,-0.09168462455272675,0.14010152220726013,0.2968323230743408,-0.09859665483236313,0.17537237703800201,0.2526698112487793,-0.10014253854751587,pinch,RRQ_p13,RRQ
0.5371038913726807,0.6178680062294006,-1.858032732116044e-07,0.471067875623703,0.6378957629203796,-0.07237473875284195,0.4079749584197998,0.6667644381523132,-0.12704525887966156,0.4122564196586609,0.7196869254112244,-0.16724906861782074,0.476142942905426,0.7389711141586304,-0.19975538551807404,0.4359942674636841,0.4543415307998657,-0.1236288920044899,0.4237792491912842,0.6462312936782837,-0.17098502814769745,0.43752622604370117,0.6782284379005432,-0.1953725963830948,0.45288392901420593,0.6397268176078796,-0.21331578493118286,0.5156822204589844,0.4477778971195221,-0.1108861118555069,0.5017430186271667,0.6675917506217957,-0.14794184267520905,0.49697884917259216,0.6690491437911987,-0.15043821930885315,0.49431803822517395,0.6095574498176575,-0.1543932855129242,0.5853068232536316,0.4773038625717163,-0.10183567553758621,0.56325763463974,0.6878237128257751,-0.13046805560588837,0.5467994213104248,0.6804815530776978,-0.10790377855300903,0.5390005707740784,0.6219045519828796,-0.09210217744112015,0.6381742358207703,0.5234798192977905,-0.10186551511287689,0.6095428466796875,0.68654465675354,-0.1305617094039917,0.5952777862548828,0.6823307275772095,-0.12493200600147247,0.590914785861969,0.6333520412445068,-0.11569438129663467,fist,RRQ_p13,RRQ
0.5778290629386902,0.5910782814025879,-1.1044946290894586e-07,0.5235370397567749,0.5146523118019104,-0.0684649869799614,0.4647824466228485,0.4636806547641754,-0.124870166182518,0.4264431297779083,0.4668537676334381,-0.16925542056560516,0.433738648891449,0.5114834904670715,-0.2081131786108017,0.6221314072608948,0.41988176107406616,-0.12614747881889343,0.4812547564506531,0.4902026951313019,-0.18159621953964233,0.47186189889907837,0.49959591031074524,-0.2143818438053131,0.5089681148529053,0.4833535850048065,-0.23717769980430603,0.6495257616043091,0.517910897731781,-0.1196296364068985,0.49254685640335083,0.582014799118042,-0.1592198610305786,0.5005430579185486,0.5636504888534546,-0.16184094548225403,0.5448448061943054,0.5332544445991516,-0.16699033975601196,0.6521167159080505,0.6141289472579956,-0.11703126132488251,0.49702101945877075,0.6591126322746277,-0.1476481407880783,0.5061335563659668,0.6267971396446228,-0.12061253935098648,0.5482510924339294,0.5946518778800964,-0.1021503359079361,0.6354672312736511,0.693645715713501,-0.12369339168071747,0.5124279856681824,0.7111701965332031,-0.15473538637161255,0.5204954743385315,0.6771937608718872,-0.14725571870803833,0.5605645775794983,0.645390510559082,-0.13711173832416534,fist,RRQ_p13,RRQ
0.5236655473709106,0.5485237836837769,-2.2199269267275668e-07,0.5138550400733948,0.6445454955101013,-0.06690659373998642,0.51357102394104,0.7357815504074097,-0.11927274614572525,0.5411801934242249,0.7714217901229858,-0.16075141727924347,0.5658828616142273,0.7160094976425171,-0.1937616914510727,0.34134772419929504,0.6866529583930969,-0.10599912703037262,0.4848107695579529,0.7702183723449707,-0.16235603392124176,0.5215640068054199,0.7247166633605957,-0.1923290193080902,0.4975597858428955,0.6720254421234131,-0.21068239212036133,0.3549996614456177,0.5807729363441467,-0.09972985833883286,0.5130755305290222,0.6712560653686523,-0.14667662978172302,0.5219042897224426,0.6400595307350159,-0.153805211186409,0.48179128766059875,0.604464054107666,-0.1575307697057724,0.3931874632835388,0.49075061082839966,-0.09923764318227768,0.5402464866638184,0.5836708545684814,-0.13832391798496246,0.5388048887252808,0.565523087978363,-0.12190546095371246,0.49661052227020264,0.5364388823509216,-0.10679889470338821,0.4426336884498596,0.4207255244255066,-0.10687676817178726,0.5545480847358704,0.5036135911941528,-0.1355433166027069,0.5496428608894348,0.49342918395996094,-0.13077308237552643,0.5084680318832397,0.4648585319519043,-0.12162715196609497,fist,RRQ_p13,RRQ
0.5584766268730164,0.5823137164115906,-7.042021934466902e-07,0.49966681003570557,0.5142829418182373,-0.016456060111522675,0.45709851384162903,0.41719210147857666,-0.02810801938176155,0.452961266040802,0.32170921564102173,-0.04492180794477463,0.5000818371772766,0.29159289598464966,-0.056727223098278046,0.5070561766624451,0.3190176486968994,0.018004227429628372,0.4924876093864441,0.24706318974494934,-0.02129320800304413,0.4873398542404175,0.31832820177078247,-0.04101826623082161,0.49777117371559143,0.3664301633834839,-0.04713241010904312,0.5515244007110596,0.3258472979068756,0.009793144650757313,0.5349480509757996,0.2578792870044708,-0.030543748289346695,0.5256053805351257,0.35691243410110474,-0.03478871285915375,0.5367913842201233,0.40005046129226685,-0.023875901475548744,0.5976623892784119,0.34546512365341187,-0.006834156811237335,0.5771929025650024,0.28392213582992554,-0.049480706453323364,0.5625543594360352,0.3802860379219055,-0.03583059087395668,0.5713446140289307,0.4261895418167114,-0.011236649937927723,0.6457716822624207,0.37874364852905273,-0.025279823690652847,0.6172910928726196,0.318067342042923,-0.046152710914611816,0.598279595375061,0.3802759051322937,-0.03128225728869438,0.6023271679878235,0.42049440741539,-0.01159457117319107,fist,RRQ_p13,RRQ
0.3753392696380615,0.6219898462295532,-6.241070309442875e-07,0.31171536445617676,0.5420304536819458,-0.01824452541768551,0.2668507695198059,0.4455745220184326,-0.03665720671415329,0.24400357902050018,0.3716786205768585,-0.058041300624608994,0.2789875268936157,0.33807745575904846,-0.07156382501125336,0.3595060408115387,0.31925469636917114,0.0044694701209664345,0.29105275869369507,0.28012096881866455,-0.0345672182738781,0.2885933816432953,0.3664049208164215,-0.05402785912156105,0.3151627779006958,0.38414034247398376,-0.06484824419021606,0.4013868272304535,0.32782381772994995,-0.005016126669943333,0.32223647832870483,0.2946033179759979,-0.050985563546419144,0.3166767954826355,0.3953979015350342,-0.053801074624061584,0.3459019660949707,0.41417112946510315,-0.044729914516210556,0.4346444010734558,0.3552931845188141,-0.021955514326691628,0.35336485505104065,0.32430392503738403,-0.06529087573289871,0.3438611924648285,0.42479243874549866,-0.04729834198951721,0.3736329674720764,0.4464861750602722,-0.02419169992208481,0.4575684070587158,0.39608463644981384,-0.041758183389902115,0.3764602839946747,0.3904871642589569,-0.0686049833893776,0.36870965361595154,0.45644572377204895,-0.05996066331863403,0.39673569798469543,0.473531037569046,-0.04579047113656998,fist,RRQ_p13,RRQ
0.5986276865005493,0.5990837216377258,-4.0377489085585694e-07,0.525310218334198,0.592007040977478,-0.07760713249444962,0.4489940404891968,0.5877002477645874,-0.13444331288337708,0.4303478002548218,0.6295895576477051,-0.17789342999458313,0.4888506829738617,0.6556124687194824,-0.21342632174491882,0.5142337679862976,0.34514930844306946,-0.1190185397863388,0.47192060947418213,0.5379631519317627,-0.17102180421352386,0.4793189764022827,0.6050688028335571,-0.19919370114803314,0.49544766545295715,0.5785084962844849,-0.2199113667011261,0.6000658869743347,0.3656911551952362,-0.10894417017698288,0.5510152578353882,0.5719105005264282,-0.15168359875679016,0.539303183555603,0.622571587562561,-0.1604491025209427,0.5399312973022461,0.583251953125,-0.16932611167430878,0.6708654165267944,0.4192124009132385,-0.10402684658765793,0.6201812624931335,0.609263002872467,-0.1427992731332779,0.5965432524681091,0.6486098766326904,-0.12947309017181396,0.5903851985931396,0.6195831894874573,-0.1199183464050293,0.7241276502609253,0.48492196202278137,-0.10781744867563248,0.6859180927276611,0.6217231750488281,-0.1374245136976242,0.6574249267578125,0.6682676076889038,-0.1300082951784134,0.6446923613548279,0.6674593091011047,-0.12100015580654144,fist,RRQ_p13,RRQ
0.5139111280441284,0.6347717046737671,-2.097152105307032e-07,0.4357862174510956,0.649037778377533,-0.058092303574085236,0.3673742711544037,0.6826068758964539,-0.10728190094232559,0.33615055680274963,0.7385315895080566,-0.14576289057731628,0.3870123624801636,0.7486593723297119,-0.17599213123321533,0.37097135186195374,0.46759968996047974,-0.1079714298248291,0.34369540214538574,0.652429461479187,-0.14956572651863098,0.3806551992893219,0.6808145046234131,-0.1634053885936737,0.39877620339393616,0.6422178149223328,-0.17275986075401306,0.44183510541915894,0.46310728788375854,-0.10438677668571472,0.406200110912323,0.6814354658126831,-0.1401541531085968,0.42944276332855225,0.679642379283905,-0.1379951685667038,0.4351469576358795,0.6234006881713867,-0.13780803978443146,0.5092406272888184,0.4952767491340637,-0.1043773740530014,0.47130826115608215,0.6982753276824951,-0.13042216002941132,0.47743645310401917,0.6890227794647217,-0.10701684653759003,0.48054707050323486,0.635809063911438,-0.09119495004415512,0.562812089920044,0.5436713695526123,-0.1116432249546051,0.5288060903549194,0.7030597925186157,-0.13185107707977295,0.5274182558059692,0.6957230567932129,-0.12315452098846436,0.5271288156509399,0.6492393612861633,-0.11409276723861694,fist,RRQ_p13,RRQ
0.6351349353790283,0.5777838230133057,-3.5845366141984414e-07,0.6056563258171082,0.5496015548706055,-0.034876711666584015,0.5943452715873718,0.5123551487922668,-0.05895521864295006,0.624478280544281,0.5098047256469727,-0.07703369110822678,0.661981463432312,0.5200610756874084,-0.08878166228532791,0.6423412561416626,0.400129497051239,-0.03851182013750076,0.659095823764801,0.46295663714408875,-0.06599538028240204,0.6376312971115112,0.5015998482704163,-0.08216600120067596,0.6279255747795105,0.49493446946144104,-0.09464389085769653,0.6783483028411865,0.4110531508922577,-0.03504205867648125,0.6888682842254639,0.48285096883773804,-0.06283536553382874,0.6627793312072754,0.5185413956642151,-0.06871753931045532,0.6561166644096375,0.5075492858886719,-0.07137517631053925,0.705522894859314,0.43969836831092834,-0.035741593688726425,0.7111501097679138,0.5135056376457214,-0.05762102082371712,0.6821877956390381,0.5396183133125305,-0.051277045160532,0.6706427931785583,0.5236243009567261,-0.046240340918302536,0.7266362905502319,0.47853824496269226,-0.04083896800875664,0.7240362763404846,0.535187840461731,-0.057128917425870895,0.699611485004425,0.5542090535163879,-0.057285062968730927,0.6867847442626953,0.5383585095405579,-0.05551330745220184,fist,RRQ_p13,RRQ
0.43370378017425537,0.6707272529602051,-4.73416349677791e-07,0.3981263041496277,0.6145007610321045,-0.015875481069087982,0.37516605854034424,0.5380303859710693,-0.02677026391029358,0.3910306394100189,0.48027220368385315,-0.03933798149228096,0.43254631757736206,0.48187392950057983,-0.046204496175050735,0.43676474690437317,0.45650002360343933,0.0019633511546999216,0.4002484977245331,0.4190124571323395,-0.027576517313718796,0.39202240109443665,0.4804733395576477,-0.040369436144828796,0.40603160858154297,0.49725791811943054,-0.0457652322947979,0.47004324197769165,0.46807941794395447,-0.0041424306109547615,0.4299297034740448,0.44029930233955383,-0.03473423793911934,0.417952299118042,0.5073754191398621,-0.03409756347537041,0.43124648928642273,0.5199203491210938,-0.025000151246786118,0.4955747127532959,0.4943600594997406,-0.0166633278131485,0.45000606775283813,0.48066842555999756,-0.04789837449789047,0.435477077960968,0.545707106590271,-0.037428971379995346,0.4509349465370178,0.5591626763343811,-0.02146422304213047,0.5149577856063843,0.5302348136901855,-0.031601451337337494,0.4681185781955719,0.5250658392906189,-0.04908581078052521,0.4559422433376312,0.5673822164535522,-0.043659910559654236,0.46989038586616516,0.580514132976532,-0.033938147127628326,fist,RRQ_p13,RRQ
0.5446290373802185,0.8038579821586609,-7.893830229477317e-07,0.4822532534599304,0.7313214540481567,-0.04132044315338135,0.4316495656967163,0.5838007926940918,-0.0605400875210762,0.46796756982803345,0.4808618724346161,-0.0794670581817627,0.5582780838012695,0.47886502742767334,-0.08726342022418976,0.49024274945259094,0.42781031131744385,-0.006755986250936985,0.4531088173389435,0.36948102712631226,-0.06484390050172806,0.45399418473243713,0.4834596514701843,-0.0911286249756813,0.4753047525882721,0.5014171600341797,-0.10497739911079407,0.5580453872680664,0.4287608861923218,-0.0118729742243886,0.5257347822189331,0.38648074865341187,-0.07064708322286606,0.510301947593689,0.5153478980064392,-0.06838477402925491,0.5236026644706726,0.5160189867019653,-0.05215507745742798,0.6169893741607666,0.4637588858604431,-0.03067464753985405,0.5861154198646545,0.44947174191474915,-0.08520395308732986,0.5587393045425415,0.5713022947311401,-0.06124979257583618,0.5681822896003723,0.5706924200057983,-0.0321485735476017,0.672014594078064,0.5155038237571716,-0.05599256232380867,0.6279042363166809,0.5391214489936829,-0.08503959327936172,0.6038780808448792,0.6177988052368164,-0.0741625651717186,0.615077793598175,0.613743245601654,-0.05909515917301178,fist,RRQ_p13,RRQ
0.14951610565185547,0.4231018126010895,1.474005273394141e-07,0.22911737859249115,0.47752436995506287,-0.02776382863521576,0.28998899459838867,0.5452264547348022,-0.061340562999248505,0.3069201111793518,0.615263819694519,-0.09148174524307251,0.2866676151752472,0.6433783769607544,-0.11766563355922699,0.3305894136428833,0.4154966473579407,-0.08482678979635239,0.3181441128253937,0.5776302814483643,-0.12020108848810196,0.284487783908844,0.5796154737472534,-0.1318945437669754,0.27840569615364075,0.5326695442199707,-0.14079977571964264,0.2746596932411194,0.3961234986782074,-0.09380131214857101,0.2613421082496643,0.5823794603347778,-0.1280658096075058,0.2344423085451126,0.5682270526885986,-0.1273343414068222,0.23837368190288544,0.5246063470840454,-0.13036362826824188,0.21312406659126282,0.4048807919025421,-0.10271196067333221,0.20213279128074646,0.5880566239356995,-0.12625336647033691,0.18921765685081482,0.5646321177482605,-0.11036025732755661,0.19483676552772522,0.5185409188270569,-0.10294737666845322,0.1554582715034485,0.4270057678222656,-0.11537429690361023,0.15419752895832062,0.5793322324752808,-0.13170695304870605,0.15508981049060822,0.5719330906867981,-0.12509551644325256,0.1623334437608719,0.5385540723800659,-0.12202895432710648,fist,RRQ_p13,RRQ
0.4785764217376709,0.6214845776557922,-5.507216371825052e-08,0.5380508899688721,0.683957040309906,-0.014230460859835148,0.5898974537849426,0.7486836910247803,-0.0365673303604126,0.6128457188606262,0.818621039390564,-0.05986478552222252,0.6031469106674194,0.8379856944084167,-0.07924814522266388,0.6675135493278503,0.6429703831672668,-0.04046649858355522,0.6625255346298218,0.7803184986114502,-0.07070270925760269,0.6229464411735535,0.7844318151473999,-0.08377249538898468,0.6147074103355408,0.750885009765625,-0.09252677112817764,0.6340720653533936,0.623810887336731,-0.052710846066474915,0.6200414896011353,0.7841817140579224,-0.08039222657680511,0.5822945833206177,0.772507905960083,-0.08081109821796417,0.5827798247337341,0.7339175343513489,-0.08192811906337738,0.5900461077690125,0.6221871376037598,-0.06653092056512833,0.5746992230415344,0.7784227728843689,-0.08845015615224838,0.5449336171150208,0.7631258964538574,-0.07805594056844711,0.5464996099472046,0.7270660996437073,-0.07148241251707077,0.5427427291870117,0.6329481601715088,-0.08265534043312073,0.5346546173095703,0.7629798054695129,-0.09216664731502533,0.5152791738510132,0.7538511753082275,-0.08415867388248444,0.5139252543449402,0.721956729888916,-0.07919111102819443,fist,RRQ_p13,RRQ
0.4822854697704315,0.519168496131897,-3.02177340927301e-07,0.5353061556816101,0.5542822480201721,-0.026278037577867508,0.5921005606651306,0.5591365098953247,-0.04602755606174469,0.6163684129714966,0.5361698865890503,-0.06340426206588745,0.5870541334152222,0.5077929496765137,-0.07719854265451431,0.6304711699485779,0.3931175470352173,-0.027375897392630577,0.6276360154151917,0.4712376892566681,-0.05955544859170914,0.5989187955856323,0.5070685744285583,-0.0817638486623764,0.5892542004585266,0.4946654438972473,-0.09743772447109222,0.5925630331039429,0.3596566319465637,-0.03172154352068901,0.5880661606788635,0.4558791220188141,-0.05853816866874695,0.5613827109336853,0.4986010789871216,-0.0678376853466034,0.5558715462684631,0.4839160740375519,-0.07421637326478958,0.5481004118919373,0.3530011475086212,-0.039938293397426605,0.5445975661277771,0.45670631527900696,-0.06378494948148727,0.5269237160682678,0.492206335067749,-0.0614912211894989,0.5224825143814087,0.47077977657318115,-0.05972641706466675,0.5045632123947144,0.36282238364219666,-0.05160600319504738,0.5035325288772583,0.4505668580532074,-0.06711734086275101,0.4954324960708618,0.4800867438316345,-0.06605540215969086,0.49344372749328613,0.46192073822021484,-0.06436009705066681,fist,RRQ_p13,RRQ
0.13995623588562012,0.4198209047317505,-1.192972121089042e-07,0.2086050808429718,0.4184392988681793,-0.024149315431714058,0.2627723515033722,0.40860360860824585,-0.04667770862579346,0.28052839636802673,0.4123038649559021,-0.06710097193717957,0.24674198031425476,0.42505577206611633,-0.08481653034687042,0.25413694977760315,0.24343279004096985,-0.04385680332779884,0.2587505877017975,0.35802680253982544,-0.07563526928424835,0.24888396263122559,0.392072856426239,-0.09651147574186325,0.24553871154785156,0.37132859230041504,-0.11232153326272964,0.20172418653964996,0.23757290840148926,-0.049605146050453186,0.21439369022846222,0.3764844238758087,-0.0739317461848259,0.21207113564014435,0.3996598720550537,-0.07993144541978836,0.21141986548900604,0.3677794933319092,-0.08726982772350311,0.15259653329849243,0.26044684648513794,-0.05783449113368988,0.17359527945518494,0.39181941747665405,-0.07664360851049423,0.17640776932239532,0.40547025203704834,-0.06984785199165344,0.17554810643196106,0.36950773000717163,-0.06692572683095932,0.11197571456432343,0.2967166602611542,-0.07008469849824905,0.13379213213920593,0.39849987626075745,-0.08521370589733124,0.14266057312488556,0.41045546531677246,-0.0842893123626709,0.1431034505367279,0.3831515610218048,-0.08315683156251907,fist,RRQ_p13,RRQ
0.17928609251976013,0.6510612964630127,1.1975599534252979e-07,0.2512775957584381,0.6761810183525085,-0.019955027848482132,0.31128352880477905,0.708903968334198,-0.045231208205223083,0.3412087559700012,0.7534061670303345,-0.06919693201780319,0.3275996744632721,0.7738829255104065,-0.09130298346281052,0.31322425603866577,0.6022785902023315,-0.07184945046901703,0.32291558384895325,0.7383217215538025,-0.10402873158454895,0.3044087290763855,0.7586600184440613,-0.11453735083341599,0.2919798493385315,0.7330432534217834,-0.121256522834301,0.2591076195240021,0.5950648784637451,-0.08254572749137878,0.2732178866863251,0.7580609321594238,-0.11058265715837479,0.25813817977905273,0.7597823739051819,-0.10586309432983398,0.25343194603919983,0.7219381928443909,-0.10487152636051178,0.20603853464126587,0.6101080179214478,-0.09337956458330154,0.2206028699874878,0.7625446915626526,-0.11554894596338272,0.21301522850990295,0.7513527870178223,-0.09690359979867935,0.21082866191864014,0.7084980010986328,-0.08522110432386398,0.1585192084312439,0.6319056749343872,-0.10753872245550156,0.17681217193603516,0.7533775568008423,-0.12652316689491272,0.1792968511581421,0.750948429107666,-0.11882412433624268,0.17711713910102844,0.7209002375602722,-0.11212152987718582,fist,RRQ_p13,RRQ
0.4813952147960663,0.6916135549545288,3.7705885347349977e-07,0.42695319652557373,0.6529791355133057,-0.02110149711370468,0.390019953250885,0.5769259333610535,-0.031246064230799675,0.3666106164455414,0.5096246600151062,-0.040511589497327805,0.3342759907245636,0.47426682710647583,-0.04981575906276703,0.4392324388027191,0.4655635952949524,-0.013821103610098362,0.43841180205345154,0.3728601932525635,-0.029580719769001007,0.44076019525527954,0.317562460899353,-0.0441151037812233,0.44597452878952026,0.2703859806060791,-0.05554009601473808,0.4748586118221283,0.4620691239833832,-0.018237916752696037,0.4759162664413452,0.3577365279197693,-0.02997535467147827,0.47824326157569885,0.29530107975006104,-0.04172200709581375,0.48073074221611023,0.2453717440366745,-0.05140787363052368,0.5089344382286072,0.47712355852127075,-0.026385802775621414,0.5176011919975281,0.3791891932487488,-0.03906102105975151,0.5248498320579529,0.3239343464374542,-0.046855419874191284,0.5299485921859741,0.2774023711681366,-0.053712692111730576,0.5414149761199951,0.5081122517585754,-0.03730391338467598,0.5549588203430176,0.4403413236141205,-0.04874292388558388,0.564459502696991,0.39686304330825806,-0.05253225192427635,0.5722126960754395,0.3569371700286865,-0.05594966188073158,open_palm,RRQ_p13,RRQ
0.48712050914764404,0.6781747341156006,3.9849859945206845e-07,0.4393446445465088,0.6376257538795471,-0.01225377433001995,0.4133530557155609,0.5656079053878784,-0.02036760188639164,0.4066351056098938,0.5121997594833374,-0.029321769252419472,0.3983331024646759,0.47403571009635925,-0.03872302547097206,0.4454894959926605,0.4605082869529724,-0.013612818904221058,0.4487937092781067,0.3742886185646057,-0.03326272591948509,0.453703373670578,0.3212382197380066,-0.04939226433634758,0.4609704613685608,0.27575254440307617,-0.060898832976818085,0.4705365002155304,0.46215078234672546,-0.023423735052347183,0.4756700396537781,0.36251693964004517,-0.04055170342326164,0.4817301034927368,0.30015820264816284,-0.055184461176395416,0.489426851272583,0.24706479907035828,-0.06592518836259842,0.494060218334198,0.4799672067165375,-0.03599705174565315,0.5054884552955627,0.3830844759941101,-0.05327131599187851,0.5172841548919678,0.32580652832984924,-0.06470482796430588,0.5290277004241943,0.2762954831123352,-0.07305281609296799,0.5163999199867249,0.512485682964325,-0.050292905420064926,0.5319796800613403,0.4427863657474518,-0.06665772199630737,0.5445947051048279,0.39640045166015625,-0.07403604686260223,0.5564363598823547,0.35416483879089355,-0.07929431647062302,open_palm,RRQ_p13,RRQ
0.6157681941986084,0.7605013847351074,3.8974607718955667e-07,0.5805792808532715,0.6904406547546387,-0.02431240864098072,0.5720429420471191,0.5976079702377319,-0.03792382776737213,0.5690510869026184,0.5212465524673462,-0.05041985958814621,0.5503899455070496,0.4640181362628937,-0.06318006664514542,0.6473585963249207,0.5169034004211426,-0.0224442258477211,0.6733331680297852,0.42039957642555237,-0.044398996978998184,0.6912209391593933,0.3628024160861969,-0.06252484768629074,0.7103675603866577,0.3142021894454956,-0.07604222744703293,0.6864749193191528,0.5300024747848511,-0.027810420840978622,0.7202809453010559,0.4231502115726471,-0.04595727100968361,0.7433630228042603,0.3586573004722595,-0.06149943917989731,0.764293909072876,0.3032439947128296,-0.07325294613838196,0.7175556421279907,0.5631194114685059,-0.0368553064763546,0.7574223875999451,0.4679802358150482,-0.05493265762925148,0.7842932343482971,0.41315215826034546,-0.0656232014298439,0.807492733001709,0.3631160259246826,-0.07387197017669678,0.7423406839370728,0.6125357747077942,-0.048622019588947296,0.7798738479614258,0.5516145825386047,-0.06367722153663635,0.8041059374809265,0.5106912851333618,-0.06876348704099655,0.8253837823867798,0.4694112539291382,-0.07267377525568008,open_palm,RRQ_p13,RRQ
0.5366497039794922,0.738082766532898,1.0357831570217968e-06,0.46119263768196106,0.7310127019882202,-0.0459551177918911,0.3822852671146393,0.7131173610687256,-0.08235669881105423,0.30836021900177,0.7442387342453003,-0.11569025367498398,0.24409063160419464,0.7784754037857056,-0.1552969068288803,0.42342233657836914,0.5115188956260681,-0.09044112265110016,0.37043023109436035,0.3784807026386261,-0.12543268501758575,0.3380744457244873,0.291201651096344,-0.14873197674751282,0.3156515955924988,0.2169344425201416,-0.16778071224689484,0.4859902858734131,0.4774746298789978,-0.10087726265192032,0.4690849483013153,0.31628817319869995,-0.12699778378009796,0.46024370193481445,0.2094823122024536,-0.15345296263694763,0.45774829387664795,0.12451618909835815,-0.176490917801857,0.544836699962616,0.493883341550827,-0.11322737485170364,0.5667985677719116,0.34848135709762573,-0.1549048274755478,0.5830671787261963,0.2533961236476898,-0.19746962189674377,0.5966886281967163,0.17337405681610107,-0.23077012598514557,0.5945983529090881,0.5526452660560608,-0.12688606977462769,0.663486897945404,0.5139431357383728,-0.18301230669021606,0.7127411365509033,0.4897564947605133,-0.21371261775493622,0.7533483505249023,0.4716957211494446,-0.23428644239902496,open_palm,RRQ_p13,RRQ
0.42905282974243164,0.6528365612030029,4.416144747665385e-07,0.367962509393692,0.6296430826187134,-0.029590144753456116,0.3205004930496216,0.5790036916732788,-0.04764428734779358,0.28596943616867065,0.5274311304092407,-0.06365224719047546,0.2493436485528946,0.4884452223777771,-0.079107865691185,0.3446291983127594,0.45894715189933777,-0.02480006404221058,0.31917575001716614,0.37613582611083984,-0.047256167978048325,0.30035725235939026,0.3262209892272949,-0.06558823585510254,0.2855337858200073,0.2798406481742859,-0.07927487045526505,0.37718355655670166,0.44353729486465454,-0.027951009571552277,0.3575039207935333,0.3456580936908722,-0.04666252061724663,0.34373003244400024,0.28503942489624023,-0.06228751316666603,0.33233845233917236,0.23230600357055664,-0.07417286187410355,0.4110454320907593,0.44761142134666443,-0.03561573848128319,0.40082505345344543,0.3538840115070343,-0.055883023887872696,0.39457669854164124,0.29559123516082764,-0.06775788962841034,0.38898301124572754,0.2432110756635666,-0.07650411874055862,0.4460224211215973,0.4671163558959961,-0.04631522297859192,0.45116907358169556,0.39688220620155334,-0.06505651026964188,0.45737871527671814,0.34988778829574585,-0.07265882194042206,0.4628232717514038,0.306011438369751,-0.07785721123218536,open_palm,RRQ_p13,RRQ
0.1412639170885086,0.47625136375427246,4.038504641812324e-07,0.2032957375049591,0.4955129027366638,-0.028253357857465744,0.2681954801082611,0.4748194217681885,-0.03999513387680054,0.31982946395874023,0.44446951150894165,-0.049923986196517944,0.36547204852104187,0.43047595024108887,-0.05949481204152107,0.29934030771255493,0.3618745505809784,-0.019753756001591682,0.3502498269081116,0.3028600811958313,-0.03870982304215431,0.3790842890739441,0.2613712549209595,-0.055092547088861465,0.40319305658340454,0.22341503202915192,-0.06720923632383347,0.2746201157569885,0.3228292763233185,-0.020384592935442924,0.33087360858917236,0.2576303482055664,-0.03666967898607254,0.36578169465065,0.21327559649944305,-0.05183075740933418,0.3946453928947449,0.1748102903366089,-0.06311073899269104,0.24054132401943207,0.3000452518463135,-0.025130707770586014,0.28930383920669556,0.23234796524047852,-0.04194366931915283,0.32114124298095703,0.1898832619190216,-0.054968442767858505,0.3493921160697937,0.15393024682998657,-0.06411503255367279,0.19776839017868042,0.2881908714771271,-0.032819658517837524,0.22865945100784302,0.23023417592048645,-0.04962887242436409,0.25041377544403076,0.1923637092113495,-0.05804770812392235,0.27221426367759705,0.1568930596113205,-0.06334112584590912,open_palm,RRQ_p13,RRQ
0.45291268825531006,0.5788907408714294,3.6565106142916193e-07,0.5064058899879456,0.6046261787414551,-0.024467244744300842,0.5673263669013977,0.5881373286247253,-0.03568341210484505,0.6162261962890625,0.5629097819328308,-0.04546453431248665,0.6595121622085571,0.5574679374694824,-0.05542747676372528,0.6000701189041138,0.4855715334415436,-0.022366421297192574,0.6499704122543335,0.43572285771369934,-0.04227006062865257,0.6812191605567932,0.40269729495048523,-0.05777157470583916,0.7087565064430237,0.37404561042785645,-0.06916499137878418,0.5813714265823364,0.44881728291511536,-0.024845687672495842,0.6378220319747925,0.39101627469062805,-0.043301355093717575,0.6758658289909363,0.35397952795028687,-0.05785563960671425,0.709317147731781,0.3220127820968628,-0.06810944527387619,0.5527057647705078,0.42718443274497986,-0.030743800103664398,0.6035621762275696,0.3643086552619934,-0.04981951415538788,0.6385272145271301,0.32613474130630493,-0.062473613768815994,0.6713546514511108,0.2939273715019226,-0.07089807093143463,0.5155848264694214,0.4157295823097229,-0.038942039012908936,0.5448197722434998,0.35975658893585205,-0.057775381952524185,0.5687795281410217,0.32435598969459534,-0.06705185770988464,0.5946570634841919,0.2922331988811493,-0.07280363142490387,open_palm,RRQ_p13,RRQ
0.21303246915340424,0.31071239709854126,4.577879622047476e-07,0.24375984072685242,0.3744363784790039,-0.03394719213247299,0.2959640622138977,0.42264750599861145,-0.047657087445259094,0.34828636050224304,0.4552065432071686,-0.05832036957144737,0.38915255665779114,0.49004483222961426,-0.06734298914670944,0.38280612230300903,0.3862111270427704,-0.016311028972268105,0.44777384400367737,0.40166544914245605,-0.0331743024289608,0.48733091354370117,0.4043966829776764,-0.04917587339878082,0.5224245190620422,0.404694139957428,-0.06100958585739136,0.3895999491214752,0.33977392315864563,-0.012295168824493885,0.4599042534828186,0.35544276237487793,-0.025713831186294556,0.5045257210731506,0.36342158913612366,-0.040121860802173615,0.5420774221420288,0.36917605996131897,-0.05092989653348923,0.38121429085731506,0.2936541438102722,-0.013372724875807762,0.4481753408908844,0.3001050055027008,-0.028143655508756638,0.48967859148979187,0.30479884147644043,-0.04080617427825928,0.5251573324203491,0.30940520763397217,-0.04964635893702507,0.36137694120407104,0.24691537022590637,-0.01798282377421856,0.41121476888656616,0.23964086174964905,-0.0328960120677948,0.4441947638988495,0.23355869948863983,-0.04070476070046425,0.4760414659976959,0.22832629084587097,-0.04549127444624901,open_palm,RRQ_p13,RRQ
0.16416221857070923,0.6460815072059631,4.951709229317203e-07,0.2302221953868866,0.615641713142395,-0.03737032413482666,0.2790985703468323,0.541248619556427,-0.05385499447584152,0.3052886724472046,0.4654889702796936,-0.06696353107690811,0.33054250478744507,0.40512213110923767,-0.08007500320672989,0.23925720155239105,0.4101071059703827,-0.03848479688167572,0.2535524070262909,0.3089468479156494,-0.06456021964550018,0.25797757506370544,0.24355095624923706,-0.08389382064342499,0.2594295144081116,0.18436598777770996,-0.09790515899658203,0.19581924378871918,0.39605093002319336,-0.03829576447606087,0.21122272312641144,0.27915459871292114,-0.062374625355005264,0.21966947615146637,0.2023584246635437,-0.08134061843156815,0.22449521720409393,0.13486552238464355,-0.09486648440361023,0.1524447649717331,0.40763387084007263,-0.04235143959522247,0.15189141035079956,0.2959880828857422,-0.06695010513067245,0.1532905101776123,0.2237599790096283,-0.0846058651804924,0.1557864248752594,0.1598944365978241,-0.09623400121927261,0.10802030563354492,0.43829405307769775,-0.049637701362371445,0.09706854820251465,0.3527310788631439,-0.07385741174221039,0.09210410714149475,0.2958425283432007,-0.08678055554628372,0.09003663808107376,0.24103060364723206,-0.09480252116918564,open_palm,RRQ_p13,RRQ
0.2175425887107849,0.6844190359115601,4.2913524112009327e-07,0.27261558175086975,0.6203382611274719,-0.023527752608060837,0.2973496615886688,0.5301164388656616,-0.04019596800208092,0.30666273832321167,0.45657384395599365,-0.0560888797044754,0.31840017437934875,0.3903807997703552,-0.07381947338581085,0.25748375058174133,0.44690102338790894,-0.047449395060539246,0.2530961334705353,0.3445841372013092,-0.08171017467975616,0.2518516778945923,0.2777087986469269,-0.10425397753715515,0.2518291771411896,0.2153477668762207,-0.12034602463245392,0.2204362452030182,0.45337629318237305,-0.05777984857559204,0.2127109169960022,0.3364121913909912,-0.0915290042757988,0.2128194123506546,0.2544889450073242,-0.11425554007291794,0.21320556104183197,0.18083727359771729,-0.13060837984085083,0.1866244524717331,0.486179918050766,-0.07027196884155273,0.16293175518512726,0.3772682547569275,-0.10330905765295029,0.1562805026769638,0.30094796419143677,-0.1232195496559143,0.1548692137002945,0.23072777688503265,-0.1364438533782959,0.15637461841106415,0.5369565486907959,-0.08410010486841202,0.12425558269023895,0.4609970450401306,-0.11667602509260178,0.1101660281419754,0.40139803290367126,-0.13388162851333618,0.10112867504358292,0.3415030837059021,-0.14511016011238098,open_palm,RRQ_p13,RRQ
0.6131803393363953,0.4993170499801636,6.013915481162257e-07,0.5839414000511169,0.5931360721588135,-0.04804837703704834,0.5251359343528748,0.6723827719688416,-0.08147062361240387,0.47059452533721924,0.7347904443740845,-0.1103062555193901,0.4240485727787018,0.8004207611083984,-0.14143195748329163,0.4190138876438141,0.6240994930267334,-0.07609063386917114,0.32478654384613037,0.6781912446022034,-0.12410600483417511,0.2660136818885803,0.7132001519203186,-0.15762610733509064,0.21141387522220612,0.7405389547348022,-0.18132764101028442,0.4051079750061035,0.5589316487312317,-0.08254119008779526,0.2874617278575897,0.6000871062278748,-0.12897567451000214,0.21050582826137543,0.6244953274726868,-0.1632506251335144,0.13855639100074768,0.6453315019607544,-0.1874445676803589,0.41706550121307373,0.4901162385940552,-0.09298025071620941,0.30935654044151306,0.5042145252227783,-0.14026890695095062,0.23856474459171295,0.5071348547935486,-0.16973251104354858,0.17288315296173096,0.5123839378356934,-0.18888036906719208,0.44673943519592285,0.41848450899124146,-0.10612829774618149,0.36717742681503296,0.40157997608184814,-0.14725245535373688,0.31415602564811707,0.38605591654777527,-0.16632483899593353,0.2620845437049866,0.3754069209098816,-0.17913566529750824,open_palm,RRQ_p13,RRQ
0.3036893606185913,0.7098240256309509,9.669232667874894e-07,0.33125197887420654,0.5697845816612244,-0.05596870183944702,0.4115278720855713,0.46128153800964355,-0.09126628190279007,0.4906109571456909,0.38810741901397705,-0.12034737318754196,0.553748369216919,0.30790114402770996,-0.1501787006855011,0.566048800945282,0.5314589738845825,-0.07875988632440567,0.6951621770858765,0.5071466565132141,-0.12677714228630066,0.774553656578064,0.4969472885131836,-0.1608780324459076,0.8451014757156372,0.4965706169605255,-0.18495124578475952,0.5781727433204651,0.6267018914222717,-0.08549662679433823,0.7217634916305542,0.6156198382377625,-0.127900630235672,0.8167643547058105,0.6151884198188782,-0.1598689705133438,0.8966886401176453,0.6183291077613831,-0.18403299152851105,0.5609430074691772,0.7163978815078735,-0.09805314242839813,0.6951398253440857,0.734259843826294,-0.1434927135705948,0.782128632068634,0.7502822875976562,-0.17018340528011322,0.8581188917160034,0.7611604332923889,-0.18889330327510834,0.5222672820091248,0.8007935881614685,-0.11451306194067001,0.6226202249526978,0.8352012634277344,-0.15788304805755615,0.688223123550415,0.861994206905365,-0.17580215632915497,0.7485618591308594,0.8815211653709412,-0.1872684359550476,open_palm,RRQ_p13,RRQ
0.47591352462768555,0.7048265933990479,3.956455429943162e-07,0.46020540595054626,0.6228717565536499,-0.03733222931623459,0.41447097063064575,0.557418704032898,-0.06246275454759598,0.3728793263435364,0.5066670179367065,-0.0834088996052742,0.34047022461891174,0.45228415727615356,-0.10680294781923294,0.337064266204834,0.5904955863952637,-0.07008019834756851,0.25902676582336426,0.5768064260482788,-0.10573045164346695,0.20746174454689026,0.572608232498169,-0.12865129113197327,0.16132818162441254,0.5685256719589233,-0.14563573896884918,0.3294661045074463,0.6432674527168274,-0.07475276291370392,0.23908041417598724,0.6384433507919312,-0.11121629923582077,0.17767806351184845,0.6348915100097656,-0.13798844814300537,0.12213695049285889,0.6301924586296082,-0.15827758610248566,0.34119758009910583,0.697752058506012,-0.08110637217760086,0.2598807215690613,0.6968229413032532,-0.11650718003511429,0.20087479054927826,0.6924271583557129,-0.14191511273384094,0.14886456727981567,0.6853679418563843,-0.15989749133586884,0.366130530834198,0.7529712319374084,-0.08922268450260162,0.30483686923980713,0.7765184640884399,-0.1244528740644455,0.26212143898010254,0.7876797318458557,-0.14452071487903595,0.22010555863380432,0.7949435114860535,-0.15823157131671906,open_palm,RRQ_p13,RRQ
0.4619334936141968,0.7092766165733337,4.1756379687285516e-07,0.4231199026107788,0.6525659561157227,-0.027751963585615158,0.40894994139671326,0.5740485191345215,-0.042978595942258835,0.40361136198043823,0.5050594210624695,-0.055857740342617035,0.386821985244751,0.4454258382320404,-0.06857623159885406,0.4593936800956726,0.4853633940219879,-0.026392066851258278,0.4675692021846771,0.3948906362056732,-0.0467701330780983,0.4716755449771881,0.34089571237564087,-0.06247452273964882,0.47861093282699585,0.2925814986228943,-0.0745435506105423,0.49548035860061646,0.49239781498908997,-0.029986226931214333,0.5150909423828125,0.39472436904907227,-0.04818089306354523,0.5281084179878235,0.33301806449890137,-0.06439921259880066,0.5398456454277039,0.28062009811401367,-0.07684668898582458,0.5228928327560425,0.5201496481895447,-0.037252381443977356,0.5544615983963013,0.4345875680446625,-0.05776819586753845,0.576522707939148,0.3823952078819275,-0.0717063695192337,0.5953773856163025,0.33416104316711426,-0.08209988474845886,0.542777419090271,0.562047004699707,-0.04684511199593544,0.5744463205337524,0.5092890858650208,-0.06635763496160507,0.5980682969093323,0.4733915328979492,-0.07532889395952225,0.6191717386245728,0.4377918541431427,-0.08174587786197662,open_palm,RRQ_p13,RRQ
0.4210827648639679,0.6505981087684631,4.7427695903934364e-07,0.36234986782073975,0.6310558319091797,-0.030006522312760353,0.3161828815937042,0.5746350288391113,-0.04648415744304657,0.28789764642715454,0.5131666660308838,-0.06005600839853287,0.25243866443634033,0.4685843586921692,-0.07335589826107025,0.32923275232315063,0.46281713247299194,-0.033278949558734894,0.30348503589630127,0.37182173132896423,-0.055548764765262604,0.2884829342365265,0.31837570667266846,-0.071896031498909,0.2768549621105194,0.2686302065849304,-0.08429666608572006,0.36525484919548035,0.4457816481590271,-0.03621118888258934,0.343282014131546,0.3431045114994049,-0.05659234896302223,0.33202263712882996,0.27797192335128784,-0.07340684533119202,0.3228178024291992,0.22108995914459229,-0.08615627884864807,0.4023594856262207,0.4518466889858246,-0.04260103777050972,0.3964730501174927,0.35252559185028076,-0.06537380069494247,0.3977810740470886,0.2903517484664917,-0.07920742779970169,0.39738062024116516,0.23407576978206635,-0.08911623060703278,0.44034910202026367,0.4729292690753937,-0.05134376138448715,0.44793176651000977,0.4016134440898895,-0.07264022529125214,0.4556189775466919,0.3542255759239197,-0.08133511990308762,0.46140745282173157,0.309314489364624,-0.08718041330575943,open_palm,RRQ_p13,RRQ
0.44877052307128906,0.7281036376953125,-3.968439443724492e-07,0.4357920289039612,0.6377701163291931,-0.029193054884672165,0.4420655071735382,0.5398663878440857,-0.04293661564588547,0.4515380859375,0.47021329402923584,-0.051237862557172775,0.4691724479198456,0.4148690104484558,-0.05373455584049225,0.5136106014251709,0.5526070594787598,-0.03828271105885506,0.4250149130821228,0.5420438647270203,-0.06292855739593506,0.4208071231842041,0.5766037106513977,-0.07213567942380905,0.44387272000312805,0.589477002620697,-0.07683467864990234,0.5253385901451111,0.6060782074928284,-0.03649847209453583,0.4192960560321808,0.5996795892715454,-0.059275202453136444,0.42858368158340454,0.6271894574165344,-0.06078048050403595,0.4578793942928314,0.6328307390213013,-0.061094194650650024,0.522790253162384,0.6657070517539978,-0.03853362053632736,0.42429840564727783,0.6573547720909119,-0.06112820655107498,0.4361039400100708,0.676292359828949,-0.05524524301290512,0.46338218450546265,0.6808409690856934,-0.049050845205783844,0.5117729902267456,0.7231160402297974,-0.04362139105796814,0.43567633628845215,0.7138561606407166,-0.06331261247396469,0.4450165331363678,0.7212426066398621,-0.06575275957584381,0.47181135416030884,0.7234303951263428,-0.06396396458148956,thumbs_up,RRQ_p13,RRQ
0.5385408401489258,0.7238284945487976,-4.874978571933752e-07,0.534482479095459,0.6455621719360352,-0.02320399507880211,0.5701016783714294,0.5647531747817993,-0.03308798372745514,0.6046350002288818,0.5079885721206665,-0.043106891214847565,0.6192265748977661,0.4594150185585022,-0.04839614778757095,0.6440545320510864,0.5878185033798218,-0.006257657893002033,0.6896626949310303,0.5694023966789246,-0.03408265858888626,0.6516715884208679,0.5933225750923157,-0.04991830512881279,0.6211148500442505,0.6111958026885986,-0.05611222982406616,0.6561847925186157,0.6355788707733154,-0.006898844614624977,0.6958942413330078,0.6222492456436157,-0.03769296780228615,0.645047128200531,0.6425220966339111,-0.04604855552315712,0.6155025362968445,0.6510064005851746,-0.043560609221458435,0.6601167321205139,0.6819698810577393,-0.012876414693892002,0.6959842443466187,0.673243522644043,-0.04174824431538582,0.6479516625404358,0.6824865937232971,-0.03488989919424057,0.6201320886611938,0.6835850477218628,-0.02195417322218418,0.6591854691505432,0.7297764420509338,-0.02095887064933777,0.6873353123664856,0.7214358448982239,-0.03778708353638649,0.6530143618583679,0.7207543253898621,-0.02972227707505226,0.6305062770843506,0.7164322137832642,-0.01860787719488144,thumbs_up,RRQ_p13,RRQ
0.4226283133029938,0.8214461803436279,5.525308566234344e-08,0.4249492585659027,0.7016401886940002,-0.00511482497677207,0.3976927101612091,0.6075645685195923,-0.014820817857980728,0.36779361963272095,0.5216087102890015,-0.022333810105919838,0.3703870177268982,0.4531429409980774,-0.028480781242251396,0.31159868836402893,0.6163106560707092,-0.025649992749094963,0.2503904700279236,0.5858795642852783,-0.022046057507395744,0.2643881142139435,0.5980267524719238,-0.015796860679984093,0.28491640090942383,0.6149240136146545,-0.011566298082470894,0.28422579169273376,0.6806499361991882,-0.02416873537003994,0.2348225712776184,0.6378316879272461,-0.013362161815166473,0.2551846206188202,0.6430413126945496,-0.004386167973279953,0.278687059879303,0.6594914197921753,-0.0020595763344317675,0.26878488063812256,0.7430955767631531,-0.019894523546099663,0.23554924130439758,0.6940411329269409,-0.005627273581922054,0.2548730671405792,0.6979457139968872,0.00624654907733202,0.27710381150245667,0.7150708436965942,0.008402025327086449,0.26130932569503784,0.7964520454406738,-0.01603279449045658,0.24088142812252045,0.752114474773407,-0.00384137243963778,0.26017647981643677,0.7546827793121338,0.00901332963258028,0.2786250412464142,0.7654551863670349,0.016519194468855858,thumbs_up,RRQ_p13,RRQ
0.47864872217178345,0.7866007685661316,-5.049128617429233e-07,0.4517020881175995,0.7062550187110901,-0.05150812491774559,0.4430086314678192,0.6127060055732727,-0.08296197652816772,0.44475388526916504,0.5340178608894348,-0.10404471307992935,0.46521106362342834,0.4598773121833801,-0.11924733966588974,0.5213286280632019,0.6776173710823059,-0.09116469323635101,0.41264572739601135,0.7371844053268433,-0.12163854390382767,0.42421236634254456,0.7151437997817993,-0.1342964768409729,0.4537079334259033,0.6910074353218079,-0.14434950053691864,0.5481030344963074,0.7560890316963196,-0.0805310532450676,0.4126003086566925,0.8093457221984863,-0.10043343901634216,0.4387858211994171,0.7780474424362183,-0.09450884908437729,0.4731046259403229,0.753270149230957,-0.09480255097150803,0.5539495944976807,0.8298371434211731,-0.07165742665529251,0.43143147230148315,0.8613685965538025,-0.09673304855823517,0.45036813616752625,0.8368947505950928,-0.07400714606046677,0.4827728867530823,0.8201788067817688,-0.05713886767625809,0.5486069321632385,0.892397403717041,-0.06924902647733688,0.4600910544395447,0.9123698472976685,-0.10045362263917923,0.4733526408672333,0.8930666446685791,-0.09649413079023361,0.5019463300704956,0.8749982714653015,-0.08785242587327957,thumbs_up,RRQ_p13,RRQ
0.42603325843811035,0.7927219271659851,-3.326919966184505e-07,0.397989422082901,0.6969524025917053,-0.04816866293549538,0.3934633135795593,0.5941192507743835,-0.07271789014339447,0.3954072892665863,0.5175504684448242,-0.08823227137327194,0.41001105308532715,0.4428075850009918,-0.09664349257946014,0.4833715558052063,0.6287804841995239,-0.06408341974020004,0.3683067262172699,0.6442373394966125,-0.0976671576499939,0.3739234209060669,0.6687888503074646,-0.11416886746883392,0.4077971279621124,0.6764713525772095,-0.12376481294631958,0.500901460647583,0.698763370513916,-0.056674566119909286,0.365102082490921,0.720845639705658,-0.08408182114362717,0.38777709007263184,0.7284889817237854,-0.08593586087226868,0.4296491742134094,0.7274871468544006,-0.08794049918651581,0.49946129322052,0.7695971727371216,-0.05413023382425308,0.3739606738090515,0.7811359763145447,-0.0823964923620224,0.3961605727672577,0.7822133898735046,-0.06912896782159805,0.43739163875579834,0.7787356376647949,-0.057512182742357254,0.4861881136894226,0.8340883255004883,-0.05743147432804108,0.3890630006790161,0.838714599609375,-0.08685725182294846,0.40502017736434937,0.8378195762634277,-0.0879412442445755,0.4425823390483856,0.8368426561355591,-0.08345235884189606,thumbs_up,RRQ_p13,RRQ
0.462952584028244,0.7134497761726379,7.282737524150207e-09,0.5074462294578552,0.6152478456497192,-0.06164319068193436,0.543241560459137,0.5073807239532471,-0.09919506311416626,0.5694313049316406,0.4226239323616028,-0.12733380496501923,0.5849127173423767,0.32490554451942444,-0.15353360772132874,0.4607447385787964,0.5446795225143433,-0.12479373067617416,0.6049517393112183,0.644464373588562,-0.18270884454250336,0.6031630635261536,0.6445984840393066,-0.21931307017803192,0.5691000819206238,0.6207112073898315,-0.2460186928510666,0.4206707179546356,0.6423905491828918,-0.11883440613746643,0.5931854248046875,0.729315996170044,-0.15612062811851501,0.5742101073265076,0.7040281891822815,-0.16127540171146393,0.528623104095459,0.6733703017234802,-0.17628557980060577,0.408075213432312,0.7337325811386108,-0.11625264585018158,0.5646557211875916,0.8087385296821594,-0.14626336097717285,0.5475029349327087,0.7794952988624573,-0.1261485069990158,0.5078045129776001,0.7391611337661743,-0.11878404021263123,0.4094129800796509,0.8157166838645935,-0.1227409765124321,0.5356284976005554,0.8635849356651306,-0.1541258543729782,0.5232122540473938,0.8345373868942261,-0.15189631283283234,0.4867367148399353,0.8102993965148926,-0.15089941024780273,thumbs_up,RRQ_p13,RRQ
0.22306567430496216,0.6936578750610352,-2.0574601933276426e-07,0.24054232239723206,0.6128525137901306,-0.04644922539591789,0.23583999276161194,0.5286439061164856,-0.08129863440990448,0.22890149056911469,0.449892520904541,-0.10813391208648682,0.21590718626976013,0.36735865473747253,-0.13159674406051636,0.13377588987350464,0.5652268528938293,-0.1022961363196373,0.24876616895198822,0.6077827215194702,-0.1411696821451187,0.2595537304878235,0.6058202385902405,-0.15825074911117554,0.23690380156040192,0.5955742597579956,-0.17066994309425354,0.11346305906772614,0.6519514322280884,-0.09751401841640472,0.24918082356452942,0.676415741443634,-0.12365447729825974,0.24814656376838684,0.6577543616294861,-0.11954215168952942,0.21800754964351654,0.6452329158782959,-0.12242041528224945,0.11836366355419159,0.7267595529556274,-0.09439090639352798,0.24328966438770294,0.73917555809021,-0.11427979916334152,0.24131061136722565,0.71687251329422,-0.09234567731618881,0.2077566534280777,0.7030431032180786,-0.08118283748626709,0.13785025477409363,0.7924594283103943,-0.09804786741733551,0.23016636073589325,0.793009340763092,-0.11837145686149597,0.23346909880638123,0.7741371393203735,-0.11253613233566284,0.20883947610855103,0.7660328149795532,-0.10729090124368668,thumbs_up,RRQ_p13,RRQ
0.5271727442741394,0.5765625834465027,-1.3577584923041286e-07,0.4892614781856537,0.4781184792518616,-0.05236734449863434,0.4390519857406616,0.391459196805954,-0.08659039437770844,0.3924109935760498,0.3285104036331177,-0.11336157470941544,0.33526796102523804,0.28292012214660645,-0.13852931559085846,0.43128859996795654,0.5009423494338989,-0.10221853107213974,0.5187927484512329,0.38612663745880127,-0.14890775084495544,0.5152453184127808,0.41009360551834106,-0.17679435014724731,0.48872435092926025,0.45324403047561646,-0.19673259556293488,0.47361400723457336,0.5732104182243347,-0.09864649921655655,0.5664131045341492,0.4296872615814209,-0.12815159559249878,0.5450523495674133,0.45338666439056396,-0.12708492577075958,0.5146359205245972,0.49363452196121216,-0.13485316932201385,0.521126925945282,0.6183078289031982,-0.09881000220775604,0.6056599617004395,0.4827938973903656,-0.12465187907218933,0.581893265247345,0.502058744430542,-0.10475803911685944,0.5517856478691101,0.5348287224769592,-0.0960964784026146,0.5643424391746521,0.6453301906585693,-0.10637663304805756,0.6310173273086548,0.5388815999031067,-0.1323872059583664,0.6086030602455139,0.5487204790115356,-0.1293802708387375,0.5832464098930359,0.5811110138893127,-0.12835252285003662,thumbs_up,RRQ_p13,RRQ
0.4157765805721283,0.6212543249130249,-4.383381906336581e-07,0.45051124691963196,0.5173593759536743,0.006857711356133223,0.501887321472168,0.4383925199508667,-0.00045366963604465127,0.5437440276145935,0.3703862428665161,-0.010023691691458225,0.5599511861801147,0.309457004070282,-0.016802344471216202,0.587004542350769,0.4762333035469055,-0.0036765302065759897,0.6422995924949646,0.5063547492027283,-0.0016271545318886638,0.6150832176208496,0.5229489803314209,-0.0002480921393726021,0.5858354568481445,0.5185557007789612,-0.00041602447163313627,0.5930533409118652,0.5405757427215576,-0.013145281933248043,0.6401476860046387,0.5619104504585266,0.001938058529049158,0.6133677959442139,0.5728276371955872,0.010045219212770462,0.5837216377258301,0.5704079866409302,0.00911080464720726,0.5875110626220703,0.6065099239349365,-0.020650144666433334,0.6334022879600525,0.6191335916519165,-0.004329354036599398,0.6089925169944763,0.6253482103347778,0.010630328208208084,0.5789604783058167,0.622758686542511,0.012887022458016872,0.575314998626709,0.667718768119812,-0.027925103902816772,0.61783766746521,0.669826328754425,-0.01295536756515503,0.5938405990600586,0.6667646765708923,0.005729753524065018,0.5659545660018921,0.6632722616195679,0.015820706263184547,thumbs_up,RRQ_p13,RRQ
0.6052020788192749,0.7384384274482727,-6.566825732079451e-07,0.6022359132766724,0.6578230261802673,-0.030536869540810585,0.6271149516105652,0.5804343223571777,-0.04552605375647545,0.6494038701057434,0.521861732006073,-0.05624523386359215,0.6630746722221375,0.4644109606742859,-0.062360502779483795,0.7213330864906311,0.6074710488319397,-0.02627468667924404,0.6658721566200256,0.6087556481361389,-0.047834254801273346,0.6339749693870544,0.6330133676528931,-0.061203937977552414,0.6310439705848694,0.6508615612983704,-0.07006519287824631,0.738569974899292,0.661703884601593,-0.022865034639835358,0.66352778673172,0.6642429232597351,-0.0395670086145401,0.6353031992912292,0.6780372858047485,-0.04466380551457405,0.637148916721344,0.68894362449646,-0.04905489832162857,0.7377113103866577,0.7161916494369507,-0.023302912712097168,0.6676692962646484,0.7111563086509705,-0.04215358570218086,0.6451210975646973,0.7148594260215759,-0.03939541429281235,0.650670051574707,0.7175706028938293,-0.037132903933525085,0.7282562851905823,0.7659286260604858,-0.02723756618797779,0.6768787503242493,0.757893979549408,-0.04155946522951126,0.654154896736145,0.7535448670387268,-0.040206000208854675,0.6536876559257507,0.750559389591217,-0.037372149527072906,thumbs_up,RRQ_p13,RRQ
0.31758904457092285,0.8615241050720215,-5.779261300631333e-07,0.2699911296367645,0.7337825894355774,-0.00813174806535244,0.22808796167373657,0.6027311086654663,-0.02424766682088375,0.20323492586612701,0.5020925998687744,-0.03970472142100334,0.2109789252281189,0.4174537658691406,-0.05305670574307442,0.2617834210395813,0.5780855417251587,-0.045361779630184174,0.14054593443870544,0.5988900661468506,-0.07180574536323547,0.15776705741882324,0.636484682559967,-0.07679542154073715,0.1902860701084137,0.6299010515213013,-0.07822238653898239,0.2740040123462677,0.646389365196228,-0.056572869420051575,0.1401580423116684,0.6703258752822876,-0.08354005962610245,0.16949819028377533,0.6907315850257874,-0.07882991433143616,0.20680510997772217,0.6857494711875916,-0.07689090073108673,0.2786610424518585,0.7156956195831299,-0.06786195188760757,0.15266793966293335,0.727769136428833,-0.09526263922452927,0.1812872290611267,0.743146538734436,-0.07908961921930313,0.218699648976326,0.735053539276123,-0.0672348290681839,0.2784920930862427,0.7834580540657043,-0.07904677093029022,0.17360588908195496,0.7821680307388306,-0.0977046862244606,0.19319136440753937,0.7921856045722961,-0.08779928833246231,0.22767648100852966,0.7887744903564453,-0.07873029261827469,thumbs_up,RRQ_p13,RRQ
0.49384698271751404,0.4892504811286926,-4.7519651502625493e-07,0.45584994554519653,0.3686157763004303,-0.0245196595788002,0.4350748062133789,0.2540745735168457,-0.04151182249188423,0.4240923225879669,0.1702781617641449,-0.05398721247911453,0.42392265796661377,0.09672725200653076,-0.06041838601231575,0.5075298547744751,0.24268919229507446,-0.049143414944410324,0.40456366539001465,0.2618819773197174,-0.07898969948291779,0.41502270102500916,0.3035707473754883,-0.08711165189743042,0.4475947320461273,0.3008575141429901,-0.09038030356168747,0.527682900428772,0.3032519221305847,-0.05332978069782257,0.4069878160953522,0.33005285263061523,-0.08069074898958206,0.4282052516937256,0.3538466691970825,-0.07966562360525131,0.4598167836666107,0.34242042899131775,-0.07946502417325974,0.5345218181610107,0.37131208181381226,-0.06047796830534935,0.42004790902137756,0.3925606608390808,-0.08688828349113464,0.4414232671260834,0.40965837240219116,-0.07860715687274933,0.47445744276046753,0.40210965275764465,-0.07178183645009995,0.531655490398407,0.4386675953865051,-0.06975236535072327,0.44060593843460083,0.4502006769180298,-0.08796191960573196,0.4531347453594208,0.4557259678840637,-0.0871301144361496,0.4832824468612671,0.44967299699783325,-0.08452299237251282,thumbs_up,RRQ_p13,RRQ
0.7651699185371399,0.6238813400268555,-6.118469286775507e-07,0.7438509464263916,0.5389037728309631,-0.05027390643954277,0.7508408427238464,0.4433959722518921,-0.07645203173160553,0.7590526938438416,0.37530988454818726,-0.09384161978960037,0.7746575474739075,0.3045828640460968,-0.10472361743450165,0.8482344150543213,0.4810493290424347,-0.063961461186409,0.7552529573440552,0.49986812472343445,-0.09560620039701462,0.7349231243133545,0.51230388879776,-0.11066415905952454,0.7490889430046082,0.5180217027664185,-0.11978977918624878,0.8689147233963013,0.554612934589386,-0.05505501478910446,0.7474271655082703,0.5760295987129211,-0.07860542833805084,0.7457519769668579,0.5675252676010132,-0.07823352515697479,0.7701155543327332,0.5565139651298523,-0.0778130367398262,0.868267834186554,0.6242477893829346,-0.05072961747646332,0.7547374367713928,0.6275882124900818,-0.07733593136072159,0.7550917863845825,0.6166020631790161,-0.05970321595668793,0.7816017866134644,0.6070147156715393,-0.0440923236310482,0.8571227788925171,0.6796588897705078,-0.0525490827858448,0.7698127627372742,0.675603985786438,-0.08082019537687302,0.7674762010574341,0.6659141778945923,-0.07646636664867401,0.7882448434829712,0.6584494709968567,-0.06644406914710999,thumbs_up,RRQ_p13,RRQ
0.6445980668067932,0.6472122669219971,-1.0840109609944193e-07,0.6814470887184143,0.5722941160202026,-0.01379700843244791,0.7380335927009583,0.4913882315158844,-0.035162683576345444,0.772533118724823,0.42890024185180664,-0.05399332568049431,0.786311149597168,0.3743208050727844,-0.06843417137861252,0.7405306696891785,0.5149725675582886,-0.06876778602600098,0.8422009348869324,0.5569363236427307,-0.0979192703962326,0.8287510871887207,0.5689560770988464,-0.10401227325201035,0.7980009913444519,0.5608091950416565,-0.10329263657331467,0.7290052175521851,0.575793981552124,-0.07491223514080048,0.838757336139679,0.6076415777206421,-0.10014496743679047,0.817762553691864,0.6137900352478027,-0.09214332699775696,0.7814104557037354,0.6056200861930847,-0.08508823066949844,0.7238373756408691,0.6369554400444031,-0.07984546571969986,0.8268699645996094,0.6580638885498047,-0.09305933862924576,0.8046212792396545,0.6587948203086853,-0.07071910798549652,0.7699733972549438,0.6511834263801575,-0.05544925481081009,0.7228759527206421,0.6943327784538269,-0.08578772842884064,0.8083276748657227,0.7036113739013672,-0.08654693514108658,0.79461270570755,0.699039876461029,-0.06817317754030228,0.7650868892669678,0.6924049854278564,-0.055984169244766235,thumbs_up,RRQ_p13,RRQ
0.5850699543952942,0.6344990134239197,-9.702392844701535e-08,0.6215946674346924,0.5591065287590027,-0.015556958504021168,0.6796090602874756,0.4739164113998413,-0.03744041547179222,0.7131784558296204,0.4071667194366455,-0.057219699025154114,0.7294333577156067,0.3407543897628784,-0.07358285784721375,0.6745390295982361,0.4910518229007721,-0.06879584491252899,0.7780196666717529,0.532770037651062,-0.1046680361032486,0.7712047100067139,0.5538415908813477,-0.11863701045513153,0.7459094524383545,0.5558454990386963,-0.12331458181142807,0.6587334871292114,0.5516431331634521,-0.0759911835193634,0.7745269536972046,0.5875591039657593,-0.106269970536232,0.7521311640739441,0.5961716175079346,-0.10239790380001068,0.7148476839065552,0.5899502038955688,-0.098690465092659,0.6516615748405457,0.6156785488128662,-0.0827694684267044,0.7600415945053101,0.6385113596916199,-0.101373091340065,0.7368313074111938,0.6389579772949219,-0.08121363073587418,0.7036643624305725,0.6311179995536804,-0.0673469603061676,0.6506869792938232,0.6766136288642883,-0.09060212224721909,0.7409495115280151,0.6866599321365356,-0.09480232745409012,0.7272448539733887,0.6811742186546326,-0.07717500627040863,0.6991612911224365,0.67347252368927,-0.06554374098777771,thumbs_up,RRQ_p13,RRQ
0.4922715425491333,0.7723485231399536,5.244358476375055e-07,0.4570049047470093,0.72218257188797,-0.024627644568681717,0.446622759103775,0.6548430919647217,-0.04252554848790169,0.47917476296424866,0.6180081963539124,-0.06280024349689484,0.5206156969070435,0.6066393852233887,-0.08218540251255035,0.48425015807151794,0.5315616726875305,-0.023717526346445084,0.48419803380966187,0.4356170892715454,-0.04832876846194267,0.48510807752609253,0.3751809597015381,-0.06556386500597,0.4874710142612457,0.324025422334671,-0.07827232033014297,0.523428738117218,0.5439549088478088,-0.03228677436709404,0.545374870300293,0.4426305592060089,-0.05949670821428299,0.5538139939308167,0.37531110644340515,-0.0790993720293045,0.5635542273521423,0.31878918409347534,-0.09170066565275192,0.5512824058532715,0.5805182456970215,-0.04388427734375,0.5697929859161377,0.5086534023284912,-0.07934200763702393,0.5381798148155212,0.5601149797439575,-0.08205541968345642,0.5185222029685974,0.6036665439605713,-0.07539817690849304,0.5703121423721313,0.6299018859863281,-0.05777030438184738,0.5651493668556213,0.5874750018119812,-0.08586258441209793,0.5385560989379883,0.6202763915061951,-0.08451221883296967,0.5234416723251343,0.6526451110839844,-0.07774198800325394,peace_sign,RRQ_p13,RRQ
0.5024080276489258,0.7890685200691223,5.425492872745963e-07,0.5353193879127502,0.7040742039680481,0.018434258177876472,0.5317311882972717,0.6169536709785461,0.021821478381752968,0.520017147064209,0.5501723289489746,0.02233661152422428,0.5153239369392395,0.5076484084129333,0.02200668305158615,0.516652524471283,0.5829612016677856,-0.016482671722769737,0.5129282474517822,0.4679442346096039,-0.029608163982629776,0.5118647217750549,0.40035977959632874,-0.03673940896987915,0.5101064443588257,0.3491145372390747,-0.039816178381443024,0.47449421882629395,0.5930249691009521,-0.026501817628741264,0.4493262469768524,0.4687579572200775,-0.03584464266896248,0.43664616346359253,0.39720088243484497,-0.038060035556554794,0.42174479365348816,0.34685415029525757,-0.0394340343773365,0.43656787276268005,0.6152790188789368,-0.031638212502002716,0.40837806463241577,0.5168051719665527,-0.033065129071474075,0.42687633633613586,0.5363620519638062,-0.017825905233621597,0.4385795593261719,0.5658085942268372,-0.00530235143378377,0.4097510576248169,0.6449463963508606,-0.0353424958884716,0.4002329707145691,0.5776700377464294,-0.030138621106743813,0.41544973850250244,0.5915648937225342,-0.0125577999278903,0.42475077509880066,0.6136439442634583,0.0027072348166257143,peace_sign,RRQ_p13,RRQ
0.6160036325454712,0.7689615488052368,4.958987460668141e-07,0.5983104109764099,0.7048207521438599,-0.02990163303911686,0.6159041523933411,0.6417255997657776,-0.046263303607702255,0.6696365475654602,0.6208344101905823,-0.06324448436498642,0.7133190631866455,0.6183928847312927,-0.0783950611948967,0.6520833373069763,0.5504180788993835,-0.023319851607084274,0.669935405254364,0.46078747510910034,-0.04548867046833038,0.6832194328308105,0.40575283765792847,-0.06079772859811783,0.6967897415161133,0.3600350022315979,-0.0719323381781578,0.6913475394248962,0.5687860250473022,-0.0258508138358593,0.7293303608894348,0.4819067716598511,-0.05000801384449005,0.7514268755912781,0.42760640382766724,-0.06764844805002213,0.7721055150032043,0.3823337256908417,-0.0786723718047142,0.7145736217498779,0.6082821488380432,-0.03199518844485283,0.7554846405982971,0.5557081699371338,-0.06380293518304825,0.7269926071166992,0.593157947063446,-0.06817726790904999,0.7022877931594849,0.625717043876648,-0.06297550350427628,0.7277300357818604,0.6603814363479614,-0.0410122275352478,0.7544217109680176,0.6250140070915222,-0.06583253294229507,0.7312078475952148,0.6372187733650208,-0.0666734054684639,0.7064073085784912,0.6536110639572144,-0.0618542917072773,peace_sign,RRQ_p13,RRQ
0.4055032432079315,0.836918830871582,5.10312190726836e-07,0.3517768979072571,0.8168309926986694,-0.017316767945885658,0.3050992488861084,0.7666666507720947,-0.03299752622842789,0.2963557839393616,0.7232237458229065,-0.05278141796588898,0.32349830865859985,0.6921892762184143,-0.07175516337156296,0.30778878927230835,0.63295578956604,-0.01986059732735157,0.26324397325515747,0.5550439357757568,-0.04302346706390381,0.23494823276996613,0.5072146654129028,-0.056918561458587646,0.21234790980815887,0.46423810720443726,-0.06732627004384995,0.3443197011947632,0.6206088066101074,-0.03306856006383896,0.31874603033065796,0.5126490592956543,-0.06081106513738632,0.29876482486724854,0.4523659944534302,-0.0778287723660469,0.28581956028938293,0.40282300114631653,-0.08733943849802017,0.3810543417930603,0.6363232731819153,-0.04865747690200806,0.35000041127204895,0.5704303979873657,-0.08831696212291718,0.33909866213798523,0.6420491933822632,-0.09140592813491821,0.3403036296367645,0.6968328952789307,-0.08322276920080185,0.4116048514842987,0.6700772047042847,-0.06542991101741791,0.37077152729034424,0.6498007774353027,-0.09704452008008957,0.3526734411716461,0.7026993632316589,-0.09663663059473038,0.34890016913414,0.743878185749054,-0.08972392976284027,peace_sign,RRQ_p13,RRQ
0.4031061828136444,0.5414525866508484,4.944043894283823e-07,0.34636789560317993,0.5187140703201294,-0.02159077487885952,0.31158027052879333,0.4629427194595337,-0.0394417829811573,0.2946387529373169,0.39800721406936646,-0.06188492104411125,0.32108762860298157,0.35364603996276855,-0.0825733169913292,0.3066558837890625,0.35717806220054626,-0.01820809580385685,0.26079636812210083,0.27361711859703064,-0.044410862028598785,0.23714500665664673,0.22606226801872253,-0.06324431300163269,0.21984848380088806,0.1853044033050537,-0.07727625221014023,0.33840274810791016,0.34020164608955383,-0.027070486918091774,0.31038370728492737,0.23350323736667633,-0.057085201144218445,0.2909972071647644,0.17203938961029053,-0.07992716878652573,0.27659451961517334,0.12009383738040924,-0.09549817442893982,0.36998477578163147,0.3457644283771515,-0.03876157104969025,0.34089115262031555,0.2578154504299164,-0.06993529200553894,0.33299463987350464,0.32281118631362915,-0.06866206973791122,0.3333321809768677,0.3770155906677246,-0.06040380895137787,0.39854350686073303,0.3674006760120392,-0.05332913249731064,0.3646024167537689,0.31528913974761963,-0.07395993918180466,0.34928229451179504,0.3543541729450226,-0.07057459652423859,0.3458349108695984,0.3962758779525757,-0.06391936540603638,peace_sign,RRQ_p13,RRQ
0.5003755688667297,0.873880922794342,4.969492124473618e-07,0.4572555720806122,0.8238842487335205,-0.022217297926545143,0.4457423686981201,0.7415623664855957,-0.0365619957447052,0.4774783253669739,0.6905502676963806,-0.05449467524886131,0.5173002481460571,0.687138020992279,-0.07161454856395721,0.4764924943447113,0.6334561705589294,-0.016256630420684814,0.46789705753326416,0.5403165221214294,-0.038595329970121384,0.4636019468307495,0.4814634323120117,-0.05423187091946602,0.4616689682006836,0.4327927827835083,-0.06657883524894714,0.5151108503341675,0.6372121572494507,-0.02581842429935932,0.5289141535758972,0.5350229740142822,-0.054276242852211,0.530765950679779,0.469021737575531,-0.07492823898792267,0.5355024933815002,0.4159986674785614,-0.08779556304216385,0.5446100234985352,0.666363537311554,-0.03836632892489433,0.5593059659004211,0.5848318338394165,-0.07423785328865051,0.5292612314224243,0.6436397433280945,-0.07549916207790375,0.510521650314331,0.6923438906669617,-0.06743445247411728,0.568672776222229,0.7109915018081665,-0.05329278111457825,0.5684713125228882,0.6618457436561584,-0.08099593222141266,0.5434706807136536,0.6981390118598938,-0.07889194786548615,0.5273054242134094,0.7345823049545288,-0.07157384604215622,peace_sign,RRQ_p13,RRQ
0.301944762468338,0.8760988116264343,6.363001716636063e-07,0.3459206819534302,0.8646604418754578,-0.023528356105089188,0.377636194229126,0.8211501836776733,-0.03732302412390709,0.3632890284061432,0.7836291790008545,-0.05169831961393356,0.33703383803367615,0.7545697689056396,-0.06474515050649643,0.39169076085090637,0.7173009514808655,-0.02278243564069271,0.43449991941452026,0.6590834856033325,-0.04593827947974205,0.4602958858013153,0.620355486869812,-0.060003455728292465,0.47999489307403564,0.5850850939750671,-0.06811871379613876,0.35750052332878113,0.6982806921005249,-0.02916901931166649,0.3796021044254303,0.6101458072662354,-0.055734142661094666,0.39671045541763306,0.5556328296661377,-0.07142852991819382,0.4091862142086029,0.5060741901397705,-0.07832787185907364,0.3208172023296356,0.7054886221885681,-0.03801089525222778,0.3352603018283844,0.6744092702865601,-0.07712996751070023,0.3397471010684967,0.7346591353416443,-0.08310592174530029,0.3377614915370941,0.774030864238739,-0.075324147939682,0.28659236431121826,0.7304635643959045,-0.048286713659763336,0.30455172061920166,0.7261216640472412,-0.0787929818034172,0.31453898549079895,0.7723439931869507,-0.07816317677497864,0.3166910707950592,0.8036456108093262,-0.06972469389438629,peace_sign,RRQ_p13,RRQ
0.21814201772212982,0.7210158109664917,5.821389663651644e-07,0.2591197192668915,0.690254271030426,-0.02351480722427368,0.2727352976799011,0.6329935789108276,-0.0369778610765934,0.2469327598810196,0.5891922116279602,-0.051313064992427826,0.21350573003292084,0.5576367378234863,-0.06479676067829132,0.277951717376709,0.5331148505210876,-0.021004188805818558,0.30325794219970703,0.4586886465549469,-0.043987780809402466,0.31812939047813416,0.40995749831199646,-0.05883411690592766,0.33022698760032654,0.3667293190956116,-0.06729418784379959,0.24121035635471344,0.5216493606567383,-0.026722189038991928,0.24784572422504425,0.4274957776069641,-0.052368029952049255,0.2494003176689148,0.3669312596321106,-0.06735433638095856,0.25032535195350647,0.31371772289276123,-0.07348264008760452,0.20598481595516205,0.5372210741043091,-0.03487728163599968,0.20157349109649658,0.4937300980091095,-0.07305018603801727,0.210252583026886,0.5560581684112549,-0.0755385234951973,0.21531209349632263,0.601304292678833,-0.06484431773424149,0.17415890097618103,0.5717073082923889,-0.044467341154813766,0.17136920988559723,0.5356133580207825,-0.07313170284032822,0.18604114651679993,0.5784672498703003,-0.06727118045091629,0.19666296243667603,0.6154759526252747,-0.05455651506781578,peace_sign,RRQ_p13,RRQ
0.31212130188941956,0.753902018070221,3.494400857562141e-07,0.307158887386322,0.666642963886261,0.0005720260669477284,0.3354393243789673,0.6051441431045532,-0.004894804675132036,0.37748685479164124,0.5857224464416504,-0.010988212190568447,0.40874630212783813,0.5889805555343628,-0.017120592296123505,0.3551439940929413,0.5817525386810303,-0.025118736550211906,0.3815067410469055,0.4889424443244934,-0.037386320531368256,0.3985168933868408,0.43436139822006226,-0.042169999331235886,0.41397055983543396,0.39151859283447266,-0.04400765895843506,0.38951870799064636,0.6067955493927002,-0.030349168926477432,0.4313633143901825,0.5179007053375244,-0.04199707880616188,0.45988383889198303,0.4634937047958374,-0.046581581234931946,0.4853508472442627,0.4266200661659241,-0.04851236566901207,0.41340044140815735,0.6408259868621826,-0.03277548775076866,0.437854528427124,0.5758126974105835,-0.04191222041845322,0.41682785749435425,0.5810880064964294,-0.03482486680150032,0.39732253551483154,0.601660966873169,-0.025756148621439934,0.42860037088394165,0.6741888523101807,-0.03507719933986664,0.4364318549633026,0.6194428205490112,-0.03691445291042328,0.4182761311531067,0.6197314858436584,-0.02553144469857216,0.40529364347457886,0.6365485787391663,-0.014163806103169918,peace_sign,RRQ_p13,RRQ
0.1959676444530487,0.6160984039306641,3.54811561464885e-07,0.18093973398208618,0.5298007130622864,0.01832367479801178,0.19693881273269653,0.47144410014152527,0.018396316096186638,0.23223170638084412,0.4436662793159485,0.013634001836180687,0.26276612281799316,0.44095978140830994,0.008419301360845566,0.20710939168930054,0.4280826449394226,-0.008336982689797878,0.23501451313495636,0.3411879539489746,-0.01649331860244274,0.2480209469795227,0.28670525550842285,-0.01852423883974552,0.25822317600250244,0.2463953197002411,-0.01838502287864685,0.2422906458377838,0.44295361638069153,-0.02216877043247223,0.2800714075565338,0.35487186908721924,-0.03313495218753815,0.30278050899505615,0.29828548431396484,-0.037847667932510376,0.32074517011642456,0.2630491256713867,-0.03927325829863548,0.27432507276535034,0.47295060753822327,-0.03129986673593521,0.3060114085674286,0.4232284426689148,-0.032133232802152634,0.29410842061042786,0.43694478273391724,-0.018602361902594566,0.27926018834114075,0.4583945870399475,-0.006439140532165766,0.2993844449520111,0.5108206868171692,-0.03953275829553604,0.3153075575828552,0.4672972857952118,-0.028343593701720238,0.3052949905395508,0.47454920411109924,-0.008273203857243061,0.2948833405971527,0.4911445379257202,0.008230124600231647,peace_sign,RRQ_p13,RRQ
0.5168564319610596,0.6443480849266052,3.498771263821254e-07,0.5110644102096558,0.5441104173660278,-0.0007779240258969367,0.5417841672897339,0.47893446683883667,-0.00011909653403563425,0.5850896239280701,0.46652790904045105,0.00022063133656047285,0.6134293675422668,0.47356468439102173,0.0011503451969474554,0.5944110155105591,0.45652905106544495,-0.010092809796333313,0.6270393133163452,0.36549437046051025,-0.013212034478783607,0.648303210735321,0.3195919394493103,-0.01318630762398243,0.6676268577575684,0.2862427830696106,-0.011856808327138424,0.6256106495857239,0.48995479941368103,-0.010165820829570293,0.6666046977043152,0.40000084042549133,-0.01342783123254776,0.695873498916626,0.35325977206230164,-0.016092449426651,0.7217033505439758,0.3283221125602722,-0.016763264313340187,0.6410077810287476,0.5310511589050293,-0.008474597707390785,0.6434099078178406,0.48168593645095825,-0.01114943902939558,0.6212561130523682,0.4813341498374939,-0.010991339571774006,0.6018735766410828,0.4995529055595398,-0.007431549485772848,0.646828293800354,0.565940260887146,-0.006917604710906744,0.6426085233688354,0.5240438580513,-0.006670061498880386,0.6242278218269348,0.5256545543670654,-0.0012794488575309515,0.610564112663269,0.5444116592407227,0.005425829906016588,peace_sign,RRQ_p13,RRQ
0.2676791846752167,0.46300119161605835,3.9910099758344586e-07,0.28806495666503906,0.37652868032455444,0.027359578758478165,0.3246317207813263,0.33522090315818787,0.03159959241747856,0.36503052711486816,0.3287948966026306,0.028132066130638123,0.39576032757759094,0.3429287374019623,0.02492578513920307,0.3519771099090576,0.2947053909301758,0.011410909704864025,0.41129428148269653,0.2370975911617279,0.007749959826469421,0.4425831139087677,0.20046664774417877,0.00836680643260479,0.4663654565811157,0.17227549850940704,0.010224896483123302,0.3779849112033844,0.3216826915740967,-0.006752337794750929,0.4455079734325409,0.2710045576095581,-0.01372653990983963,0.48737528920173645,0.23927320539951324,-0.01809597574174404,0.515693187713623,0.2205127328634262,-0.019095012918114662,0.39507728815078735,0.36285001039505005,-0.020636869594454765,0.44207412004470825,0.36540770530700684,-0.018606988713145256,0.4347670078277588,0.3870933949947357,-0.007143726572394371,0.41709989309310913,0.4024389088153839,0.00405768072232604,0.4046924114227295,0.41064995527267456,-0.03325224295258522,0.4473998546600342,0.40717315673828125,-0.02029849775135517,0.4471067488193512,0.42309099435806274,-0.0015828864416107535,0.43494728207588196,0.4367920458316803,0.014504458755254745,peace_sign,RRQ_p13,RRQ
0.18224726617336273,0.3908473253250122,5.402334295467881e-07,0.22830650210380554,0.32848742604255676,0.022009918466210365,0.28218337893486023,0.30889689922332764,0.021612271666526794,0.3239690065383911,0.32602593302726746,0.014705106616020203,0.353757381439209,0.34799110889434814,0.008172448724508286,0.31702643632888794,0.2846376895904541,-0.004334405995905399,0.3933664560317993,0.2782517671585083,-0.014742071740329266,0.43840405344963074,0.26868104934692383,-0.018911516293883324,0.4722343385219574,0.2598775327205658,-0.02051289565861225,0.3214457929134369,0.3209327161312103,-0.023229284211993217,0.40883857011795044,0.3336356580257416,-0.034801606088876724,0.4606362581253052,0.339481920003891,-0.03775714710354805,0.49745044112205505,0.34596046805381775,-0.03899341821670532,0.31666621565818787,0.36654239892959595,-0.03829751908779144,0.37953075766563416,0.40113842487335205,-0.040445681661367416,0.3581264913082123,0.4079395830631256,-0.022631430998444557,0.33299753069877625,0.4061703085899353,-0.008434158749878407,0.30513378977775574,0.41712823510169983,-0.052742958068847656,0.35993319749832153,0.43957599997520447,-0.04299844801425934,0.3442055284976959,0.44186773896217346,-0.020239150151610374,0.3225143551826477,0.43929794430732727,-0.0025456349831074476,peace_sign,RRQ_p13,RRQ
0.7080011367797852,0.41662898659706116,2.1401930894171528e-08,0.6737487316131592,0.31803375482559204,0.004961715545505285,0.6003257632255554,0.28039035201072693,-0.0015351860783994198,0.5263175368309021,0.29998403787612915,-0.009188813157379627,0.4794914424419403,0.33097800612449646,-0.01826244220137596,0.5758705139160156,0.2181546986103058,-0.025035228580236435,0.4731031358242035,0.21152208745479584,-0.03809995576739311,0.41760867834091187,0.20807787775993347,-0.04600750654935837,0.3716786503791809,0.20638103783130646,-0.05098782852292061,0.5592900514602661,0.2740333676338196,-0.03325731307268143,0.45714277029037476,0.28800448775291443,-0.04633446782827377,0.39713019132614136,0.3059512674808502,-0.05486244335770607,0.3518546521663666,0.31720060110092163,-0.061329472810029984,0.5514640808105469,0.33537933230400085,-0.03751459717750549,0.4929676651954651,0.3684420585632324,-0.04219028353691101,0.5212464928627014,0.3776666224002838,-0.03556450456380844,0.5491446256637573,0.3763761520385742,-0.030270468443632126,0.5488380193710327,0.39610785245895386,-0.04154451563954353,0.512901246547699,0.41494619846343994,-0.038327138870954514,0.5366363525390625,0.4211091697216034,-0.025713233277201653,0.5593951940536499,0.41621237993240356,-0.015466625802218914,peace_sign,RRQ_p13,RRQ
0.6515988707542419,0.8086596727371216,4.6966857780716964e-07,0.6270679235458374,0.7419202327728271,-0.02446942962706089,0.6373671293258667,0.6698980331420898,-0.03743836656212807,0.6886658668518066,0.6357726454734802,-0.0525975339114666,0.7313218116760254,0.630185604095459,-0.06680046766996384,0.6581236124038696,0.5801348090171814,-0.015056719072163105,0.665457010269165,0.4853379726409912,-0.035095687955617905,0.671366810798645,0.4286479353904724,-0.049680307507514954,0.6779282093048096,0.3812165856361389,-0.0607464425265789,0.6988314390182495,0.5913642048835754,-0.02051374688744545,0.7249889969825745,0.4936363399028778,-0.043227098882198334,0.7398191690444946,0.4333455562591553,-0.06159830093383789,0.7550377249717712,0.38385728001594543,-0.07371756434440613,0.7278000712394714,0.6260682940483093,-0.029384979978203773,0.7628669142723083,0.5543621182441711,-0.06021878123283386,0.7387912273406982,0.595104455947876,-0.06529729813337326,0.7189403176307678,0.6330128908157349,-0.061087265610694885,0.7481386661529541,0.6751619577407837,-0.040667857974767685,0.7689281105995178,0.6255104541778564,-0.06453751027584076,0.7475458979606628,0.642221212387085,-0.06475183367729187,0.7271498441696167,0.666162371635437,-0.06002667173743248,peace_sign,RRQ_p13,RRQ
