x0,y0,z0,x1,y1,z1,x2,y2,z2,x3,y3,z3,x4,y4,z4,x5,y5,z5,x6,y6,z6,x7,y7,z7,x8,y8,z8,x9,y9,z9,x10,y10,z10,x11,y11,z11,x12,y12,z12,x13,y13,z13,x14,y14,z14,x15,y15,z15,x16,y16,z16,x17,y17,z17,x18,y18,z18,x19,y19,z19,x20,y20,z20,label,person_id,collector
0.643231213092804,0.775242805480957,1.5061488056744565e-07,0.5751076340675354,0.7480987310409546,-0.07089320570230484,0.5174063444137573,0.7059169411659241,-0.13787904381752014,0.507426917552948,0.664369523525238,-0.20078924298286438,0.5571183562278748,0.6422109603881836,-0.25976458191871643,0.5733720064163208,0.5327232480049133,-0.12898382544517517,0.5483253598213196,0.4300270080566406,-0.2309742569923401,0.5352457761764526,0.3543769121170044,-0.2862785756587982,0.5288751125335693,0.2845403254032135,-0.3178921043872833,0.6478050351142883,0.5148894190788269,-0.12669752538204193,0.5986688733100891,0.5846955180168152,-0.22376284003257751,0.5850683450698853,0.6822323799133301,-0.21699021756649017,0.5934082865715027,0.6777042150497437,-0.1925458163022995,0.7067554593086243,0.5519413948059082,-0.13580524921417236,0.6503121256828308,0.6808123588562012,-0.21274003386497498,0.6331068873405457,0.7358654141426086,-0.16823990643024445,0.6401850581169128,0.7073884010314941,-0.1224321648478508,0.751956582069397,0.6064472198486328,-0.15404683351516724,0.7021863460540771,0.7237884998321533,-0.20703545212745667,0.6910094022750854,0.7591032981872559,-0.1889633685350418,0.7067150473594666,0.7302507758140564,-0.16234815120697021,point,RRQ_p10,RRQ
0.5719230771064758,0.6825608015060425,-2.645623453645385e-07,0.4712546467781067,0.6425989866256714,-0.026944871991872787,0.40488412976264954,0.5962632894515991,-0.06859944760799408,0.35394978523254395,0.562420129776001,-0.11426832526922226,0.32400453090667725,0.5434517860412598,-0.1585492491722107,0.4150254428386688,0.4017013609409332,-0.058284565806388855,0.32648780941963196,0.32453662157058716,-0.11860635131597519,0.2676536440849304,0.2633393108844757,-0.15155944228172302,0.22094261646270752,0.21406717598438263,-0.17397618293762207,0.4704267680644989,0.39698517322540283,-0.0765695795416832,0.3550673723220825,0.48110532760620117,-0.1453891396522522,0.3792685568332672,0.5726072788238525,-0.14523781836032867,0.4107392132282257,0.570819616317749,-0.13339000940322876,0.5211020708084106,0.43017685413360596,-0.10048665851354599,0.41865161061286926,0.5630661249160767,-0.1522054374217987,0.444995254278183,0.6187166571617126,-0.11788789182901382,0.4746638834476471,0.5936419367790222,-0.08720436692237854,0.5624569058418274,0.48520368337631226,-0.1302025318145752,0.4763175845146179,0.589634120464325,-0.16089685261249542,0.4942038655281067,0.6286497712135315,-0.13873159885406494,0.5241680145263672,0.6054685711860657,-0.11619950830936432,point,RRQ_p10,RRQ
0.6274773478507996,0.7027742266654968,6.476269618360675e-07,0.5979806780815125,0.6694035530090332,-0.14495952427387238,0.602611780166626,0.6142441630363464,-0.23220978677272797,0.6599814891815186,0.5857572555541992,-0.2996925413608551,0.7348713874816895,0.5371317863464355,-0.3595065772533417,0.6370373964309692,0.42430347204208374,-0.17583875358104706,0.7017003893852234,0.31405115127563477,-0.2768830358982086,0.7566168904304504,0.23739953339099884,-0.33497539162635803,0.8122081160545349,0.1654016673564911,-0.370064914226532,0.693841814994812,0.44837623834609985,-0.13404060900211334,0.731665313243866,0.5131922960281372,-0.2480984777212143,0.7004862427711487,0.6127411127090454,-0.2570493817329407,0.6868517994880676,0.6087238788604736,-0.24332760274410248,0.7421372532844543,0.4944515526294708,-0.10889799892902374,0.7685369253158569,0.5698027014732361,-0.21018949151039124,0.7276555299758911,0.6387710571289062,-0.19183260202407837,0.7049566507339478,0.6075041890144348,-0.16063429415225983,0.7767513990402222,0.5346860885620117,-0.09768388420343399,0.793432891368866,0.6151686906814575,-0.1702253520488739,0.7542948126792908,0.6610612273216248,-0.174064502120018,0.728310763835907,0.6343287825584412,-0.16262014210224152,point,RRQ_p10,RRQ
0.5636201500892639,0.6210197806358337,-2.656786932675459e-07,0.5107635259628296,0.5950865745544434,-0.05228005722165108,0.45896822214126587,0.5756350755691528,-0.0972498208284378,0.4394940137863159,0.5882675647735596,-0.1357589066028595,0.48360151052474976,0.6008711457252502,-0.16971024870872498,0.5086944103240967,0.43518176674842834,-0.09294651448726654,0.5048217177391052,0.436322420835495,-0.16900785267353058,0.4874783158302307,0.42675191164016724,-0.2170635610818863,0.4647614359855652,0.43390369415283203,-0.2427571415901184,0.5769201517105103,0.42520198225975037,-0.09014762192964554,0.5366280674934387,0.532414436340332,-0.15435808897018433,0.5187657475471497,0.5894132852554321,-0.15859030187129974,0.5137861371040344,0.6023567914962769,-0.1498987227678299,0.6300042271614075,0.4665434658527374,-0.09508145600557327,0.5770329833030701,0.6056093573570251,-0.1446772962808609,0.5557546019554138,0.6276946067810059,-0.11579851061105728,0.5483888983726501,0.603288471698761,-0.08522192388772964,0.6664417386054993,0.5243231654167175,-0.10728991776704788,0.6165564656257629,0.637184739112854,-0.14825907349586487,0.6047680974006653,0.6535842418670654,-0.1375078558921814,0.6095738410949707,0.6284630298614502,-0.11769874393939972,point,RRQ_p10,RRQ
0.5663255453109741,0.6232799887657166,-1.8870382234581484e-07,0.5361460447311401,0.5895910859107971,-0.023129673674702644,0.520506739616394,0.5396443605422974,-0.039983585476875305,0.5278012156486511,0.500667929649353,-0.05636882781982422,0.554025411605835,0.4767966568470001,-0.07122796773910522,0.5458099842071533,0.4431113600730896,-0.02863054908812046,0.5517977476119995,0.37559235095977783,-0.058047812432050705,0.5560004711151123,0.33189770579338074,-0.07648283988237381,0.5629817247390747,0.2911127805709839,-0.08944517374038696,0.5848597288131714,0.4441852867603302,-0.02989126369357109,0.5773770213127136,0.4637625515460968,-0.06737083196640015,0.5594503879547119,0.5151762962341309,-0.07389514148235321,0.5535080432891846,0.5321729183197021,-0.07071510702371597,0.6161794662475586,0.4664369821548462,-0.03444845974445343,0.5981109142303467,0.5116127133369446,-0.06276758760213852,0.5789587497711182,0.5516184568405151,-0.051842015236616135,0.5767883062362671,0.5525727272033691,-0.0386531762778759,0.6411713361740112,0.49910494685173035,-0.042630359530448914,0.621091902256012,0.5410652160644531,-0.058650415390729904,0.602917492389679,0.570518434047699,-0.05165731906890869,0.6009372472763062,0.5682796835899353,-0.04213106259703636,point,RRQ_p10,RRQ
0.582514762878418,0.5981740355491638,-2.2576243452476774e-07,0.5344645977020264,0.5653829574584961,-0.014283229596912861,0.5019476413726807,0.5231656432151794,-0.030282439664006233,0.48011207580566406,0.4881402850151062,-0.047764092683792114,0.48114025592803955,0.4604980945587158,-0.06412559002637863,0.5279809832572937,0.42848706245422363,-0.0188622884452343,0.4976695775985718,0.37267065048217773,-0.04540808126330376,0.4751680791378021,0.3355569839477539,-0.059998124837875366,0.4576950669288635,0.3064895570278168,-0.06995192170143127,0.5596002340316772,0.42861849069595337,-0.02577030472457409,0.5039613842964172,0.44176942110061646,-0.0604267492890358,0.5008482336997986,0.49734586477279663,-0.06344108283519745,0.5127788186073303,0.5142700672149658,-0.057993460446596146,0.5852218866348267,0.44831711053848267,-0.035770952701568604,0.5285584926605225,0.4943627119064331,-0.06443915516138077,0.5325937867164612,0.5359042882919312,-0.051803864538669586,0.5480843186378479,0.5364978313446045,-0.03709849342703819,0.6031497716903687,0.48008349537849426,-0.0482245609164238,0.55390465259552,0.5170015692710876,-0.06399503350257874,0.5565690398216248,0.5470842719078064,-0.054416898638010025,0.5716192722320557,0.5452503561973572,-0.043258149176836014,point,RRQ_p10,RRQ
0.5998671650886536,0.6276397705078125,-4.636441275351899e-08,0.5836225748062134,0.5856500864028931,-0.028237324208021164,0.5900061726570129,0.5313851833343506,-0.04441919922828674,0.6181740164756775,0.49374961853027344,-0.0588998980820179,0.6464314460754395,0.46886172890663147,-0.07136888056993484,0.6112949848175049,0.4512947201728821,-0.028081895783543587,0.6392715573310852,0.38163745403289795,-0.054157741367816925,0.6573952436447144,0.3425632417201996,-0.06993413716554642,0.6750010848045349,0.3057186007499695,-0.08043321967124939,0.6392577886581421,0.4723483920097351,-0.026204967871308327,0.6616154313087463,0.45989227294921875,-0.06507925689220428,0.6372265219688416,0.5032045841217041,-0.07315261662006378,0.6189450621604919,0.5216940641403198,-0.06964448094367981,0.6612893342971802,0.5000928044319153,-0.027785342186689377,0.6726138591766357,0.5047730207443237,-0.062077995389699936,0.6461248397827148,0.5440393686294556,-0.05528748780488968,0.6314153075218201,0.5529956221580505,-0.041915327310562134,0.6772595047950745,0.5315466523170471,-0.032191209495067596,0.6878833770751953,0.5340740084648132,-0.052337028086185455,0.6639578342437744,0.5607929825782776,-0.04620090872049332,0.6487375497817993,0.5659064054489136,-0.03608345612883568,point,RRQ_p10,RRQ
0.5599753856658936,0.7299450635910034,-2.3725993969492265e-07,0.5064904093742371,0.7172173261642456,-0.003433204721659422,0.45500773191452026,0.7195685505867004,-0.018847649917006493,0.41520193219184875,0.7390415668487549,-0.03502773493528366,0.3833276629447937,0.7542449235916138,-0.05168162286281586,0.43907028436660767,0.6383182406425476,-0.03116176649928093,0.37998145818710327,0.6617652177810669,-0.05648237094283104,0.33970487117767334,0.6728290915489197,-0.07206862419843674,0.3071277141571045,0.6801506876945496,-0.08360720425844193,0.4625311493873596,0.6452360153198242,-0.04347752407193184,0.40393000841140747,0.7251773476600647,-0.07151272147893906,0.42382168769836426,0.7480193972587585,-0.07358775287866592,0.4412602186203003,0.738728940486908,-0.07282815128564835,0.48748767375946045,0.668700635433197,-0.05597719922661781,0.4408912658691406,0.7541754841804504,-0.07867296785116196,0.45879313349723816,0.7594358325004578,-0.06702478229999542,0.4707776606082916,0.7356990575790405,-0.0572783425450325,0.510737955570221,0.6980583667755127,-0.06890502572059631,0.47010672092437744,0.7643693685531616,-0.08410408347845078,0.4821605980396271,0.768367350101471,-0.07539825886487961,0.4932462275028229,0.7475787997245789,-0.06728070229291916,point,RRQ_p10,RRQ
0.18421471118927002,0.47639572620391846,7.492590015090173e-08,0.24614793062210083,0.4503372609615326,0.0045358180068433285,0.2852383255958557,0.4241541624069214,-0.008254158310592175,0.31549394130706787,0.41006553173065186,-0.027171995490789413,0.3431766927242279,0.3977443277835846,-0.046110138297080994,0.2730931341648102,0.3205573558807373,-0.009391714818775654,0.31238436698913574,0.2801457941532135,-0.031041231006383896,0.3396349549293518,0.25029635429382324,-0.044441815465688705,0.3594404458999634,0.22428183257579803,-0.05387898534536362,0.24823643267154694,0.31696152687072754,-0.02765471488237381,0.31606626510620117,0.3404896855354309,-0.05708375945687294,0.30766868591308594,0.3873955011367798,-0.06244957819581032,0.28775346279144287,0.3997842073440552,-0.06090279668569565,0.22771437466144562,0.33495500683784485,-0.046153388917446136,0.2943461239337921,0.38004106283187866,-0.07168428599834442,0.2816655933856964,0.41720661520957947,-0.06289743632078171,0.2607906758785248,0.41896864771842957,-0.05234098061919212,0.21041344106197357,0.365244060754776,-0.06505914777517319,0.2597784101963043,0.40370437502861023,-0.07868242263793945,0.25542110204696655,0.4299100637435913,-0.069658562541008,0.2396283745765686,0.4281270503997803,-0.06026812270283699,point,RRQ_p10,RRQ
0.17246350646018982,0.47955790162086487,9.861812344524878e-08,0.2331189662218094,0.45366334915161133,0.006463472731411457,0.2730001211166382,0.4262089133262634,-0.005775014869868755,0.3052211105823517,0.4124247431755066,-0.024274924769997597,0.3364711105823517,0.40229010581970215,-0.043038222938776016,0.2622634768486023,0.32225358486175537,-0.009160746820271015,0.30434954166412354,0.28622952103614807,-0.030598249286413193,0.33487197756767273,0.25972920656204224,-0.04400743916630745,0.35647469758987427,0.23738975822925568,-0.053212396800518036,0.2379014790058136,0.32047906517982483,-0.028333846479654312,0.3076454997062683,0.3431137204170227,-0.05707916244864464,0.3010851740837097,0.39284518361091614,-0.061450280249118805,0.28122201561927795,0.40972810983657837,-0.058994583785533905,0.21818482875823975,0.34080269932746887,-0.047512710094451904,0.28398799896240234,0.38418522477149963,-0.07251278311014175,0.2735896110534668,0.42287003993988037,-0.06270645558834076,0.2526932954788208,0.42770007252693176,-0.051187317818403244,0.20149995386600494,0.372827410697937,-0.06689714640378952,0.2528230845928192,0.40820038318634033,-0.08014053851366043,0.25199881196022034,0.4367395043373108,-0.06985565274953842,0.23722127079963684,0.4391532242298126,-0.059325940907001495,point,RRQ_p10,RRQ
0.341875821352005,0.3703419268131256,1.0030669272964587e-07,0.40949922800064087,0.3679870069026947,0.0007837593439035118,0.4575420618057251,0.3502853810787201,-0.013778581283986568,0.49409663677215576,0.34161046147346497,-0.03409590944647789,0.5238385200500488,0.33470964431762695,-0.054374467581510544,0.46493345499038696,0.23497441411018372,-0.013870947062969208,0.515501081943512,0.20060119032859802,-0.038578785955905914,0.5542041659355164,0.17944008111953735,-0.05399090424180031,0.5824922919273376,0.16036419570446014,-0.06462078541517258,0.4393119513988495,0.22443920373916626,-0.031460411846637726,0.5059854984283447,0.2669299840927124,-0.06550946086645126,0.48934683203697205,0.3140273988246918,-0.07226461172103882,0.4650094211101532,0.3209928274154663,-0.07079470157623291,0.4148901700973511,0.23830904066562653,-0.04957243800163269,0.47259360551834106,0.3070644438266754,-0.07862335443496704,0.45166152715682983,0.3400214612483978,-0.07046829164028168,0.4291645288467407,0.33215034008026123,-0.0597204864025116,0.39258378744125366,0.2661149799823761,-0.0684400126338005,0.43416672945022583,0.32467401027679443,-0.08396786451339722,0.42242878675460815,0.3487701416015625,-0.07572067528963089,0.40513893961906433,0.33823153376579285,-0.06673029810190201,point,RRQ_p10,RRQ
0.3356676697731018,0.3884608745574951,9.029606218291519e-08,0.40270888805389404,0.3857693672180176,0.003635166212916374,0.45105329155921936,0.36744001507759094,-0.009728438220918179,0.487771213054657,0.3588000535964966,-0.02914019487798214,0.5201634764671326,0.3549545407295227,-0.04878027364611626,0.4581172466278076,0.2563783526420593,-0.012069768272340298,0.5088904500007629,0.2253006100654602,-0.03567205369472504,0.5475960373878479,0.20613139867782593,-0.05016182363033295,0.575563371181488,0.18858829140663147,-0.06026521325111389,0.43318599462509155,0.24731764197349548,-0.030930165201425552,0.5010846853256226,0.28727903962135315,-0.06360702216625214,0.48451462388038635,0.334494948387146,-0.06926283240318298,0.45996952056884766,0.3413943946361542,-0.06726749986410141,0.40913400053977966,0.261606901884079,-0.050054799765348434,0.4675195515155792,0.32520291209220886,-0.0781249850988388,0.4476131498813629,0.3584854006767273,-0.06898181140422821,0.4247240126132965,0.3511195778846741,-0.057816606014966965,0.3867225646972656,0.28918588161468506,-0.06957849115133286,0.4280131459236145,0.34117498993873596,-0.08491720259189606,0.41775453090667725,0.3649784326553345,-0.0759679526090622,0.4002714157104492,0.3548722565174103,-0.06657125055789948,point,RRQ_p10,RRQ
0.2349916696548462,0.45660677552223206,-7.962455583765404e-08,0.2551114857196808,0.4253130853176117,-0.050189726054668427,0.24204516410827637,0.3862054646015167,-0.07219688594341278,0.20295128226280212,0.3729594945907593,-0.08697813004255295,0.16371792554855347,0.35647591948509216,-0.09833217412233353,0.2039436250925064,0.27411848306655884,-0.04348928853869438,0.1594323217868805,0.21456095576286316,-0.07246896624565125,0.12412558495998383,0.1753375232219696,-0.09259584546089172,0.09541449695825577,0.14298492670059204,-0.1061658039689064,0.17722594738006592,0.2969728410243988,-0.029856324195861816,0.129691481590271,0.2867223918437958,-0.067782461643219,0.14693579077720642,0.34175893664360046,-0.08036965876817703,0.172654926776886,0.36153045296669006,-0.08039671927690506,0.15661276876926422,0.32126322388648987,-0.021587448194622993,0.11303708702325821,0.31130507588386536,-0.05510057136416435,0.12944228947162628,0.35524117946624756,-0.05432135984301567,0.15379582345485687,0.36523231863975525,-0.04523753747344017,0.14466586709022522,0.3469932973384857,-0.018024714663624763,0.10928943753242493,0.34063971042633057,-0.040347009897232056,0.12370314449071884,0.36693108081817627,-0.03840699419379234,0.14832794666290283,0.3772635757923126,-0.030696216970682144,point,RRQ_p10,RRQ
0.19027867913246155,0.6740955114364624,1.7000652974275e-07,0.2403394877910614,0.6437178254127502,-0.027431542053818703,0.2818313241004944,0.5919706225395203,-0.04396146163344383,0.3032340109348297,0.539982259273529,-0.06033332645893097,0.3001192808151245,0.4897024631500244,-0.0752943754196167,0.29282689094543457,0.48708483576774597,-0.021471036598086357,0.332055926322937,0.4030495285987854,-0.04743997007608414,0.35819950699806213,0.3514980971813202,-0.062192972749471664,0.3738374710083008,0.30567091703414917,-0.0714464783668518,0.25440049171447754,0.479531854391098,-0.025021258741617203,0.28218814730644226,0.41706582903862,-0.06774115562438965,0.27816373109817505,0.494154155254364,-0.07756132632493973,0.26794761419296265,0.5369327068328857,-0.07233909517526627,0.21454767882823944,0.4846500754356384,-0.03197028860449791,0.23342715203762054,0.45489171147346497,-0.07384393364191055,0.23295485973358154,0.525012731552124,-0.06579561531543732,0.22431780397891998,0.551837146282196,-0.047848593443632126,0.17277386784553528,0.49693605303764343,-0.041162844747304916,0.18643507361412048,0.4649963676929474,-0.06506956368684769,0.19421672821044922,0.5104350447654724,-0.0530371330678463,0.18968793749809265,0.5329623818397522,-0.03699908033013344,point,RRQ_p10,RRQ
0.6053118109703064,0.7185525894165039,2.1635132441133464e-07,0.6591637134552002,0.7070620059967041,-0.01827120967209339,0.7095644474029541,0.6713582873344421,-0.029963107779622078,0.74534672498703,0.6361492276191711,-0.043537456542253494,0.7695173025131226,0.5943275094032288,-0.05605791136622429,0.7046821713447571,0.5730882883071899,-0.010383674874901772,0.7342061400413513,0.4962646961212158,-0.030503397807478905,0.7560197114944458,0.45630592107772827,-0.04296359047293663,0.7728713750839233,0.4214482307434082,-0.05091870576143265,0.6818116307258606,0.562389612197876,-0.01550968550145626,0.7314593195915222,0.5224347710609436,-0.050530847162008286,0.7375741600990295,0.5774513483047485,-0.06229957938194275,0.7270949482917786,0.6143831014633179,-0.06158531457185745,0.6526458263397217,0.5583809018135071,-0.02341890148818493,0.6947228312492371,0.5333744287490845,-0.05957009270787239,0.6956801414489746,0.5939415097236633,-0.05578642338514328,0.6829782128334045,0.6290422081947327,-0.04281972721219063,0.6164190173149109,0.5577305555343628,-0.032617196440696716,0.6509552001953125,0.5376948118209839,-0.05636322870850563,0.6585437059402466,0.5793372988700867,-0.04983237013220787,0.6497700810432434,0.6060901284217834,-0.03849680349230766,point,RRQ_p10,RRQ
0.5727418065071106,0.8264407515525818,-1.0632115277076082e-07,0.5493578910827637,0.7485134601593018,-0.011001674458384514,0.5483788251876831,0.654777467250824,-0.020038938149809837,0.5386028289794922,0.5863156318664551,-0.03215346112847328,0.5224542021751404,0.5327239632606506,-0.04534002020955086,0.6227700114250183,0.6250309944152832,0.002841625362634659,0.5995655655860901,0.5532405972480774,-0.02867707423865795,0.5671757459640503,0.5203673839569092,-0.05860398709774017,0.5348164439201355,0.5021954774856567,-0.07561095803976059,0.652289867401123,0.624403715133667,-0.00840845424681902,0.6708112955093384,0.5365272760391235,-0.034144386649131775,0.658769428730011,0.47511065006256104,-0.05610421672463417,0.638286292552948,0.42860811948776245,-0.06835868954658508,0.6733036637306213,0.6464971303939819,-0.024544289335608482,0.7109672427177429,0.5717669129371643,-0.049421511590480804,0.7144367694854736,0.5119595527648926,-0.0641474574804306,0.7121555805206299,0.4601967930793762,-0.07072193920612335,0.6835299134254456,0.6818737387657166,-0.0420842245221138,0.7273216843605042,0.6341407299041748,-0.058848969638347626,0.7556883096694946,0.5965613126754761,-0.0638979896903038,0.7774686813354492,0.5593212842941284,-0.06573480367660522,pinch,RRQ_p10,RRQ
0.5707940459251404,0.8054059147834778,-1.107635441144339e-07,0.5506166219711304,0.7287497520446777,-0.012200643308460712,0.5506768822669983,0.6414720416069031,-0.02325127273797989,0.5423003435134888,0.5753215551376343,-0.03750034421682358,0.5294146537780762,0.5209251642227173,-0.0524156428873539,0.6222679615020752,0.6139160394668579,0.0026926423888653517,0.6032965779304504,0.542682409286499,-0.02968374267220497,0.5714699029922485,0.5097883939743042,-0.060125935822725296,0.540504515171051,0.4916038513183594,-0.07723598927259445,0.6504224538803101,0.6140018701553345,-0.007700551766902208,0.6709985733032227,0.5311880707740784,-0.03429565206170082,0.6577706933021545,0.46966320276260376,-0.055999189615249634,0.6354409456253052,0.42399221658706665,-0.06770136207342148,0.6701538562774658,0.6343395113945007,-0.023169295862317085,0.710770845413208,0.5640848278999329,-0.04756191000342369,0.7127776145935059,0.5049889087677002,-0.0607430562376976,0.7077628374099731,0.45593976974487305,-0.06596513837575912,0.6790302395820618,0.6671556234359741,-0.04031192511320114,0.7221904993057251,0.623193621635437,-0.05662963539361954,0.7482574582099915,0.583518922328949,-0.06131705269217491,0.7672243714332581,0.5441359877586365,-0.06259708106517792,pinch,RRQ_p10,RRQ
0.5431690216064453,0.6585795879364014,2.6008814302258543e-07,0.49995172023773193,0.6102390289306641,-0.03700763359665871,0.4801654815673828,0.5230756402015686,-0.056674886494874954,0.48448777198791504,0.44559940695762634,-0.07457246631383896,0.4981117248535156,0.3726359009742737,-0.08919788897037506,0.4973534941673279,0.404806911945343,-0.012262295931577682,0.4952712059020996,0.3310944736003876,-0.05051137134432793,0.5026222467422485,0.34102410078048706,-0.08449853956699371,0.5128277540206909,0.3596596121788025,-0.10301294922828674,0.5393345355987549,0.3836028575897217,-0.011479875072836876,0.5421175360679626,0.2718026041984558,-0.030202152207493782,0.5461603999137878,0.20335987210273743,-0.05157331004738808,0.5521036982536316,0.1411500871181488,-0.06750021129846573,0.579635500907898,0.3942255973815918,-0.019235942512750626,0.5923015475273132,0.2852633595466614,-0.03969359025359154,0.6029373407363892,0.21474070847034454,-0.05742781236767769,0.6110051870346069,0.14676138758659363,-0.06988333910703659,0.6174893379211426,0.42724043130874634,-0.03093428909778595,0.6324414014816284,0.35030436515808105,-0.04569920524954796,0.6431801915168762,0.30063673853874207,-0.051092129200696945,0.6505281925201416,0.2507440447807312,-0.05508292838931084,pinch,RRQ_p10,RRQ
0.494210422039032,0.5788966417312622,-1.2843491958847153e-07,0.45309677720069885,0.4823812246322632,-0.0005378322093747556,0.43134430050849915,0.3783893585205078,-0.013092164881527424,0.3985826075077057,0.3068777024745941,-0.032759517431259155,0.3646017909049988,0.24810972809791565,-0.055800773203372955,0.5120221972465515,0.3134942054748535,0.0035039400681853294,0.4644356966018677,0.23528406023979187,-0.036841101944446564,0.4134727716445923,0.22080908715724945,-0.07669586688280106,0.36506518721580505,0.21991243958473206,-0.10083254426717758,0.5368395447731018,0.31050440669059753,-0.019958704710006714,0.5414577126502991,0.19448521733283997,-0.0566699244081974,0.5096358060836792,0.12498433887958527,-0.09015854448080063,0.4735136926174164,0.07562887668609619,-0.11063029617071152,0.5539779663085938,0.33519917726516724,-0.04737423360347748,0.5901317000389099,0.2212376594543457,-0.07961319386959076,0.5869317650794983,0.14331279695034027,-0.10173290222883224,0.5816289782524109,0.07699689269065857,-0.1148931235074997,0.5593761205673218,0.3765206038951874,-0.07498393952846527,0.605900764465332,0.3154642879962921,-0.09994705766439438,0.6368865966796875,0.26425880193710327,-0.10939735919237137,0.6639752388000488,0.21266190707683563,-0.11509010940790176,pinch,RRQ_p10,RRQ
0.19959861040115356,0.5843750238418579,4.63353416080281e-07,0.24523067474365234,0.5228452682495117,-0.012676520273089409,0.2779100239276886,0.44077539443969727,-0.023329874500632286,0.3134727478027344,0.3846852481365204,-0.03676290810108185,0.34597277641296387,0.33911627531051636,-0.04935019090771675,0.22572015225887299,0.36866605281829834,-0.0044622174464166164,0.26976779103279114,0.3121545910835266,-0.036380112171173096,0.3087031841278076,0.3081175982952118,-0.06292999535799026,0.3406341075897217,0.31495213508605957,-0.07724058628082275,0.20036964118480682,0.35181915760040283,-0.014537637121975422,0.22168219089508057,0.2610604763031006,-0.03428228572010994,0.24592752754688263,0.19938072562217712,-0.04919937252998352,0.2676715850830078,0.14753422141075134,-0.05894504487514496,0.17232337594032288,0.3575906455516815,-0.030101455748081207,0.17339490354061127,0.2618386149406433,-0.05010538175702095,0.18722838163375854,0.1985379159450531,-0.06081146001815796,0.20333069562911987,0.1457766890525818,-0.06625508517026901,0.14460499584674835,0.3804313838481903,-0.04776168614625931,0.13071629405021667,0.30647462606430054,-0.06360059976577759,0.12449321895837784,0.25158795714378357,-0.06724747270345688,0.12274898588657379,0.20134301483631134,-0.0683356523513794,pinch,RRQ_p10,RRQ
0.19202056527137756,0.7413964867591858,4.3471897015479044e-07,0.24705812335014343,0.7013292908668518,-0.021270552650094032,0.2871931493282318,0.6317072510719299,-0.032544128596782684,0.3240903913974762,0.5739864110946655,-0.045055802911520004,0.35748499631881714,0.5310093760490417,-0.05606277287006378,0.26827600598335266,0.5251842141151428,-0.006389548070728779,0.30779287219047546,0.46445462107658386,-0.03811274468898773,0.3354557752609253,0.47229132056236267,-0.0666382759809494,0.3558506965637207,0.493135541677475,-0.08214619010686874,0.23728111386299133,0.4981469213962555,-0.010917156003415585,0.2655016779899597,0.4100458323955536,-0.030276404693722725,0.2909044921398163,0.35128194093704224,-0.049984123557806015,0.314678430557251,0.29722830653190613,-0.06442443281412125,0.20057997107505798,0.49467840790748596,-0.021476730704307556,0.21562662720680237,0.3987901210784912,-0.040993835777044296,0.23082323372364044,0.33560580015182495,-0.057021889835596085,0.24837501347064972,0.28015583753585815,-0.06725108623504639,0.15847626328468323,0.5099486708641052,-0.034677863121032715,0.15912440419197083,0.43072161078453064,-0.04946862533688545,0.16128073632717133,0.3737942576408386,-0.05525325983762741,0.16733968257904053,0.3195735812187195,-0.058734290301799774,pinch,RRQ_p10,RRQ
0.26920732855796814,0.827996015548706,5.78865126499295e-07,0.2768575847148895,0.7359455823898315,-0.011528175324201584,0.27159303426742554,0.656916618347168,-0.03505846485495567,0.2840680181980133,0.5934292674064636,-0.06051845848560333,0.3072589039802551,0.5306789875030518,-0.0874258428812027,0.196665957570076,0.6525824069976807,-0.03932953253388405,0.22106418013572693,0.5579096674919128,-0.08873384445905685,0.25902822613716125,0.5340650081634521,-0.12400172650814056,0.29916489124298096,0.5173057317733765,-0.14428360760211945,0.17953726649284363,0.6778205633163452,-0.05714115500450134,0.1664387583732605,0.5742273926734924,-0.10383870452642441,0.18542754650115967,0.513804018497467,-0.13167902827262878,0.21009311079978943,0.4622141122817993,-0.14679504930973053,0.1710309237241745,0.7213599681854248,-0.07778551429510117,0.13713189959526062,0.6335863471031189,-0.1198909804224968,0.13900426030158997,0.5723040103912354,-0.14239345490932465,0.14525696635246277,0.5148158073425293,-0.15351347625255585,0.1731034368276596,0.7716387510299683,-0.09828394651412964,0.13723891973495483,0.7339810132980347,-0.12864543497562408,0.12471643090248108,0.6906915307044983,-0.14159350097179413,0.11976322531700134,0.6404274106025696,-0.1493358612060547,pinch,RRQ_p10,RRQ
0.3257346451282501,0.852184534072876,7.31841964807245e-07,0.3458433151245117,0.7779884338378906,-0.05100516602396965,0.32513493299484253,0.7066071629524231,-0.08208984136581421,0.29402297735214233,0.6363534331321716,-0.10094530135393143,0.2644706666469574,0.5777164101600647,-0.11624698340892792,0.2648864686489105,0.7902632355690002,-0.10650463402271271,0.24053014814853668,0.6653954386711121,-0.139687180519104,0.24256691336631775,0.5895226001739502,-0.14833518862724304,0.25163668394088745,0.5404200553894043,-0.14963972568511963,0.22465887665748596,0.8135006427764893,-0.09093927592039108,0.1673814356327057,0.7135025858879089,-0.1336524784564972,0.15468302369117737,0.6205828785896301,-0.14273883402347565,0.1560351848602295,0.5561841130256653,-0.14248928427696228,0.19957458972930908,0.8154677748680115,-0.07478445023298264,0.12977784872055054,0.7529360055923462,-0.11278969794511795,0.11173068732023239,0.6802912354469299,-0.12464671581983566,0.1067432165145874,0.6252297759056091,-0.12578894197940826,0.18610362708568573,0.8027076125144958,-0.06045221537351608,0.1298891007900238,0.7568801641464233,-0.08778949826955795,0.1080671027302742,0.7091597318649292,-0.09715045988559723,0.09917432069778442,0.6666783094406128,-0.09925615042448044,pinch,RRQ_p10,RRQ
0.28738901019096375,0.7501432299613953,-1.456422609180663e-07,0.23710981011390686,0.6931442022323608,-0.01422952488064766,0.20224164426326752,0.6155094504356384,-0.024958008900284767,0.17260754108428955,0.5529917478561401,-0.038915954530239105,0.1486501842737198,0.49607032537460327,-0.05276666209101677,0.25599172711372375,0.5391572117805481,0.007481324952095747,0.2180938869714737,0.47866177558898926,-0.026065727695822716,0.17916765809059143,0.4619489908218384,-0.0576249361038208,0.14248380064964294,0.46062979102134705,-0.0751485526561737,0.2845991551876068,0.5209941864013672,-0.0013464236399158835,0.2686869502067566,0.4333035945892334,-0.027750160545110703,0.23387223482131958,0.38902080059051514,-0.05042291805148125,0.19424617290496826,0.36461132764816284,-0.06311164796352386,0.3144553303718567,0.5258322954177856,-0.016154160723090172,0.3157546818256378,0.43521642684936523,-0.03991570323705673,0.29234546422958374,0.3848680257797241,-0.052424926310777664,0.26413121819496155,0.3480202555656433,-0.05725368857383728,0.3415224850177765,0.5480625629425049,-0.033118825405836105,0.35845306515693665,0.4743397533893585,-0.04968494921922684,0.36128589510917664,0.4205609858036041,-0.055418673902750015,0.35571447014808655,0.3724133372306824,-0.05717320740222931,pinch,RRQ_p10,RRQ
0.6070374846458435,0.7886335253715515,6.081925789658271e-07,0.6683509945869446,0.720147430896759,-0.016987407580018044,0.716826856136322,0.6221284866333008,-0.03214644268155098,0.7708036303520203,0.5583959817886353,-0.05058455839753151,0.8194183707237244,0.5115309357643127,-0.06864963471889496,0.6549751162528992,0.5271432399749756,-0.011923071928322315,0.7243421673774719,0.46803712844848633,-0.05249333381652832,0.7799055576324463,0.46933043003082275,-0.08667366951704025,0.8227514028549194,0.4794403612613678,-0.10639356076717377,0.6303236484527588,0.5062490701675415,-0.026436813175678253,0.670164167881012,0.3913983702659607,-0.053979843854904175,0.7040572166442871,0.31624269485473633,-0.07637836784124374,0.7308618426322937,0.2510179281234741,-0.09203753620386124,0.5995161533355713,0.5143464207649231,-0.04715535417199135,0.6140674352645874,0.3934718370437622,-0.07510916143655777,0.6379701495170593,0.31437137722969055,-0.0923011302947998,0.6605274081230164,0.24817940592765808,-0.10230282694101334,0.5679294466972351,0.5445404052734375,-0.07019603997468948,0.5568746328353882,0.4475531578063965,-0.0902763232588768,0.5570211410522461,0.3773619830608368,-0.09506982564926147,0.5638788938522339,0.3166314363479614,-0.09782087057828903,pinch,RRQ_p10,RRQ
0.2594849467277527,0.6836229562759399,6.290965757216327e-07,0.3112805485725403,0.5961968898773193,-0.027140993624925613,0.3303983211517334,0.4840271472930908,-0.0403827503323555,0.34856948256492615,0.3816740810871124,-0.05544860661029816,0.37956422567367554,0.303720086812973,-0.07000291347503662,0.29116302728652954,0.3873259425163269,0.0015370796900242567,0.31848233938217163,0.30890998244285583,-0.03232146427035332,0.3486782908439636,0.2774101495742798,-0.06479085981845856,0.3772381544113159,0.2562914490699768,-0.08501237630844116,0.24861018359661102,0.3688284158706665,-0.005207833368331194,0.26085764169692993,0.24293777346611023,-0.028559638187289238,0.2693028450012207,0.1508900225162506,-0.052250057458877563,0.2769034802913666,0.0631275475025177,-0.06920669227838516,0.2052478939294815,0.38142862915992737,-0.01991860568523407,0.19960004091262817,0.257205069065094,-0.046820469200611115,0.20210233330726624,0.17281809449195862,-0.06643522530794144,0.20863556861877441,0.09725779294967651,-0.0783141478896141,0.15940649807453156,0.41975530982017517,-0.0379364937543869,0.14195439219474792,0.3269723653793335,-0.05971210077404976,0.1319197118282318,0.2595441937446594,-0.06749122589826584,0.12540072202682495,0.19382014870643616,-0.07221581786870956,pinch,RRQ_p10,RRQ
0.7434452772140503,0.5836066603660583,5.761041279583878e-07,0.7945828437805176,0.5096719264984131,-0.01330279279500246,0.8255702257156372,0.41114670038223267,-0.019717467948794365,0.8596968054771423,0.34028807282447815,-0.028613947331905365,0.889919638633728,0.2831210494041443,-0.03672728314995766,0.7585321664810181,0.3621019423007965,0.009828969836235046,0.8029456734657288,0.29684072732925415,-0.015092084184288979,0.8446188569068909,0.26959842443466187,-0.03909921646118164,0.8801101446151733,0.25190165638923645,-0.05330803245306015,0.7314698100090027,0.34168827533721924,0.0016544172540307045,0.7512286901473999,0.24398623406887054,-0.013185213319957256,0.7711264491081238,0.17403768002986908,-0.02838476002216339,0.7872635126113892,0.11084190011024475,-0.03919725492596626,0.7015490531921387,0.3416888117790222,-0.012619724497199059,0.7013782858848572,0.24603287875652313,-0.02974539063870907,0.7138556838035583,0.18192707002162933,-0.04092542827129364,0.7267899513244629,0.12642499804496765,-0.04748372733592987,0.6711239814758301,0.35935473442077637,-0.029218412935733795,0.6514569520950317,0.29021862149238586,-0.04174865409731865,0.6410425305366516,0.24001815915107727,-0.043529048562049866,0.635466456413269,0.19304165244102478,-0.044384684413671494,pinch,RRQ_p10,RRQ
0.3573596477508545,0.4616355895996094,2.2870126770158095e-07,0.3759496808052063,0.42612600326538086,-0.006892779376357794,0.3803270757198334,0.3814219832420349,-0.010698447935283184,0.38486096262931824,0.34396132826805115,-0.01538095809519291,0.3915889263153076,0.31423109769821167,-0.01993238553404808,0.35265201330184937,0.3519180119037628,-0.0017058573430404067,0.36246949434280396,0.3197542428970337,-0.014933530241250992,0.3755401372909546,0.3053537607192993,-0.026449711993336678,0.3875502347946167,0.2969767451286316,-0.03302037715911865,0.3350134789943695,0.3479021489620209,-0.0058117215521633625,0.3324739336967468,0.29583925008773804,-0.014654205180704594,0.3328299820423126,0.25979891419410706,-0.022101400420069695,0.3321312963962555,0.22808712720870972,-0.026981482282280922,0.3185170292854309,0.35513392090797424,-0.012257847934961319,0.3058775067329407,0.30764272809028625,-0.021735763177275658,0.30279621481895447,0.275289386510849,-0.02761492133140564,0.3018840551376343,0.24683372676372528,-0.030796421691775322,0.3030087351799011,0.372617244720459,-0.01957721821963787,0.2870117723941803,0.3392746150493622,-0.026367470622062683,0.2793292701244354,0.3144834637641907,-0.02744206041097641,0.2744537889957428,0.29109400510787964,-0.027784889563918114,pinch,RRQ_p10,RRQ
0.3738580048084259,0.42996400594711304,3.184520949162106e-07,0.3980185091495514,0.39325201511383057,-0.00912312138825655,0.41252538561820984,0.34597131609916687,-0.014216335490345955,0.42691004276275635,0.30578097701072693,-0.02001371793448925,0.436930388212204,0.27033838629722595,-0.025306088849902153,0.3789343237876892,0.31562307476997375,-0.0007208283059298992,0.3969709277153015,0.2791960835456848,-0.01696128398180008,0.4166135787963867,0.2626323699951172,-0.031111108139157295,0.43426093459129333,0.25240132212638855,-0.03886786848306656,0.3616321086883545,0.3057277202606201,-0.004392768256366253,0.3685826063156128,0.2500256896018982,-0.015136687085032463,0.37944722175598145,0.21225029230117798,-0.02360396459698677,0.38907769322395325,0.1785518079996109,-0.0288681760430336,0.34332332015037537,0.30727627873420715,-0.01118480134755373,0.3392215073108673,0.25433945655822754,-0.022054355591535568,0.3434601426124573,0.21971812844276428,-0.027628015726804733,0.3499247133731842,0.1893974393606186,-0.030120890587568283,0.3250901997089386,0.3182232081890106,-0.019280850887298584,0.3137733042240143,0.2773583233356476,-0.026532670482993126,0.31097984313964844,0.2480911910533905,-0.02714492939412594,0.31220394372940063,0.22163906693458557,-0.026852190494537354,pinch,RRQ_p10,RRQ
0.24297188222408295,0.7471995949745178,2.916836479016638e-07,0.2615787088871002,0.6994219422340393,-0.006945355795323849,0.26891300082206726,0.644960880279541,-0.010974721051752567,0.27809253334999084,0.6023135781288147,-0.016598070040345192,0.2840093672275543,0.5660237073898315,-0.02184690535068512,0.23393186926841736,0.6183034777641296,0.002857854589819908,0.24485638737678528,0.5754624605178833,-0.012741469778120518,0.26223915815353394,0.5609488487243652,-0.0268421471118927,0.27899178862571716,0.553566575050354,-0.034568991512060165,0.21566465497016907,0.6148709654808044,-0.002198225585743785,0.21464873850345612,0.5594830513000488,-0.011755179613828659,0.21872173249721527,0.5199207067489624,-0.02101508527994156,0.22300776839256287,0.485011488199234,-0.0274201650172472,0.19755488634109497,0.6238576173782349,-0.010475489310920238,0.18685823678970337,0.572213888168335,-0.02039848268032074,0.18648166954517365,0.5365580320358276,-0.026978816837072372,0.18933424353599548,0.5047934055328369,-0.030772723257541656,0.18044200539588928,0.6429333090782166,-0.019947711378335953,0.16397768259048462,0.6044988036155701,-0.02684299275279045,0.15609656274318695,0.5758909583091736,-0.027995573356747627,0.15253201127052307,0.5484862327575684,-0.028439229354262352,pinch,RRQ_p10,RRQ
0.6029329299926758,0.435547411441803,-5.011908115193364e-07,0.5498731136322021,0.40244537591934204,-0.014472726732492447,0.5101767778396606,0.33636870980262756,-0.016982434317469597,0.5006753206253052,0.2664477229118347,-0.021147435531020164,0.5222405791282654,0.22177499532699585,-0.02001616731286049,0.5414744019508362,0.283891499042511,0.014429893344640732,0.5305908918380737,0.24787700176239014,-0.008075292222201824,0.5373740196228027,0.305220365524292,-0.016791565343737602,0.5434908866882324,0.314941942691803,-0.019436588510870934,0.5717904567718506,0.2826472520828247,0.012948787771165371,0.5601649284362793,0.2498689889907837,-0.012594740837812424,0.56410813331604,0.31819993257522583,-0.013107111677527428,0.5704544186592102,0.3232950270175934,-0.005478229373693466,0.6024574041366577,0.28679195046424866,0.005254717543721199,0.5922729969024658,0.2540651559829712,-0.02190271019935608,0.5916973948478699,0.318550705909729,-0.008779172785580158,0.5981084704399109,0.3293270468711853,0.008984523825347424,0.635016143321991,0.29439404606819153,-0.004262377042323351,0.6230798363685608,0.2635857164859772,-0.01584845967590809,0.6181077361106873,0.30837956070899963,-0.0035693903919309378,0.6234422922134399,0.3237009346485138,0.010245519690215588,fist,RRQ_p10,RRQ
0.6149225831031799,0.4268026351928711,-2.0766340469435818e-07,0.6643760800361633,0.3651273846626282,0.009837075136601925,0.684177041053772,0.28628671169281006,0.011500965803861618,0.6751185655593872,0.2122189700603485,0.01318840030580759,0.6463582515716553,0.18324580788612366,0.014135987497866154,0.6616037487983704,0.22615857422351837,-0.006206441204994917,0.632075846195221,0.19211462140083313,-0.0019209344172850251,0.6304883360862732,0.22446879744529724,-2.8386542908265255e-05,0.6379678845405579,0.25133153796195984,0.000717897666618228,0.618000864982605,0.2295198142528534,-0.010220416821539402,0.59908127784729,0.21518532931804657,0.0035589663311839104,0.5984674096107483,0.24258144199848175,0.009585818275809288,0.6050583124160767,0.2667918801307678,0.009255507960915565,0.5774051547050476,0.24643391370773315,-0.011020482517778873,0.5671043395996094,0.24040624499320984,0.003118875902146101,0.5695765614509583,0.26498696208000183,0.010379442013800144,0.5767929553985596,0.28878191113471985,0.009750432334840298,0.5421742796897888,0.26900145411491394,-0.010927703231573105,0.5415976643562317,0.26495131850242615,0.0006196500617079437,0.5450600981712341,0.2917109429836273,0.010209714993834496,0.55033278465271,0.311337947845459,0.01571950502693653,fist,RRQ_p10,RRQ
0.6930286288261414,0.49292588233947754,-6.399182552740967e-07,0.6324508190155029,0.4409155249595642,-0.018305426463484764,0.5917181372642517,0.349519282579422,-0.021688513457775116,0.5889819860458374,0.2591189742088318,-0.027852576225996017,0.6164915561676025,0.20674051344394684,-0.02747238241136074,0.6379510760307312,0.2863697409629822,0.02247338369488716,0.6353126168251038,0.23212486505508423,-0.009543968364596367,0.6338977813720703,0.30157679319381714,-0.024533092975616455,0.6357374787330627,0.3191584348678589,-0.02943042479455471,0.6766813397407532,0.29241299629211426,0.020049668848514557,0.6720264554023743,0.24391891062259674,-0.01342785358428955,0.6647276878356934,0.3285224735736847,-0.017899125814437866,0.6671748757362366,0.3343903720378876,-0.01070372387766838,0.7158304452896118,0.3025446832180023,0.009244321845471859,0.7127695083618164,0.2529819905757904,-0.026155859231948853,0.7006988525390625,0.3333866000175476,-0.01194341666996479,0.7028000354766846,0.3475843071937561,0.009033321402966976,0.7562323808670044,0.3177625238895416,-0.0038906284607946873,0.7509118318557739,0.2720383405685425,-0.019110076129436493,0.7376996874809265,0.32755744457244873,-0.004104199353605509,0.7393534779548645,0.3482522964477539,0.013205204159021378,fist,RRQ_p10,RRQ
0.2847850024700165,0.44247645139694214,-6.162589443192701e-07,0.2185094654560089,0.406691312789917,-0.005831003189086914,0.16593913733959198,0.34445104002952576,-0.008144456893205643,0.1359279751777649,0.28177621960639954,-0.015746332705020905,0.14155170321464539,0.22314906120300293,-0.018216876313090324,0.19658732414245605,0.27517566084861755,0.022607076913118362,0.16276228427886963,0.23976993560791016,-0.0038296265993267298,0.18084827065467834,0.30149781703948975,-0.014924215152859688,0.1973474621772766,0.31229621171951294,-0.018032729625701904,0.22754402458667755,0.2683577239513397,0.01523291040211916,0.19389708340168,0.23261579871177673,-0.014121760614216328,0.21177390217781067,0.3088964819908142,-0.014526748098433018,0.22961601614952087,0.3141587972640991,-0.0052101025357842445,0.2624380588531494,0.2649463415145874,0.0018945385236293077,0.22956815361976624,0.2267071157693863,-0.02803710848093033,0.2432822585105896,0.30314022302627563,-0.011126942001283169,0.2623777985572815,0.314782053232193,0.010830100625753403,0.30091917514801025,0.2675096392631531,-0.012673158198595047,0.26992008090019226,0.22690066695213318,-0.025435112416744232,0.27092236280441284,0.27970045804977417,-0.009201501496136189,0.28654199838638306,0.29892608523368835,0.008781342767179012,fist,RRQ_p10,RRQ
0.25535422563552856,0.862814724445343,-5.57004455004062e-07,0.19155313074588776,0.8452128767967224,-0.005677699111402035,0.13379336893558502,0.8033382296562195,-0.008824482560157776,0.09586948901414871,0.763897716999054,-0.0170337725430727,0.08047500252723694,0.7117255330085754,-0.020916208624839783,0.1549088954925537,0.7201539874076843,0.020272282883524895,0.1138438954949379,0.7109776139259338,-0.00544950645416975,0.13737298548221588,0.7598392367362976,-0.018227631226181984,0.1551584005355835,0.764427125453949,-0.023174071684479713,0.18106137216091156,0.7055734395980835,0.012862734496593475,0.13906247913837433,0.699100136756897,-0.014635495841503143,0.16520756483078003,0.7572677135467529,-0.0169778261333704,0.18490079045295715,0.7506605386734009,-0.0110753383487463,0.2135048657655716,0.6906224489212036,-0.000288171402644366,0.16908763349056244,0.6791701316833496,-0.027221862226724625,0.19174030423164368,0.7382853627204895,-0.013786989264190197,0.21331803500652313,0.7334069013595581,0.0031720364931970835,0.25002947449684143,0.6807732582092285,-0.014785137958824635,0.2102254182100296,0.6627551317214966,-0.027787163853645325,0.21751001477241516,0.7085742950439453,-0.015130121260881424,0.2365403026342392,0.7161768078804016,-0.0009180611814372241,fist,RRQ_p10,RRQ
0.8178386688232422,0.3224480152130127,-5.098020778859791e-07,0.7696064710617065,0.2675633132457733,-0.016196023672819138,0.7451902627944946,0.18430499732494354,-0.018766475841403008,0.7459443807601929,0.10702163726091385,-0.02417958341538906,0.7628554105758667,0.057346828281879425,-0.024012137204408646,0.7783805727958679,0.1311439424753189,0.024697795510292053,0.7871588468551636,0.07808653265237808,-0.003162799868732691,0.7856866121292114,0.13435214757919312,-0.018443534150719643,0.785132110118866,0.16623766720294952,-0.023159008473157883,0.8114544153213501,0.13919633626937866,0.022931469604372978,0.82042396068573,0.08909376710653305,-0.0056115323677659035,0.8115541934967041,0.16119052469730377,-0.012075108475983143,0.8081203699111938,0.1842145472764969,-0.007457757834345102,0.842388927936554,0.15414497256278992,0.013663091696798801,0.8556466698646545,0.10363323986530304,-0.01665525697171688,0.8407131433486938,0.17018626630306244,-0.007317501585930586,0.8340803384780884,0.19835272431373596,0.009210001677274704,0.8737960457801819,0.17596502602100372,0.002384180435910821,0.8835819363594055,0.13258351385593414,-0.0122139947488904,0.8682699799537659,0.17337557673454285,-0.0018445217283442616,0.8591644167900085,0.19563224911689758,0.011695588007569313,fist,RRQ_p10,RRQ
0.7885434031486511,0.6665374636650085,-5.630200803352636e-07,0.7462214827537537,0.5967872142791748,-0.014696274884045124,0.7252339124679565,0.5079259872436523,-0.017747987061738968,0.7279784083366394,0.43018901348114014,-0.024328721687197685,0.7587224245071411,0.3913213610649109,-0.0248090960085392,0.7755630016326904,0.4636741876602173,0.025724992156028748,0.7769473195075989,0.4098410904407501,-0.002136149210855365,0.7660196423530579,0.47126632928848267,-0.01532160397619009,0.7684392929077148,0.4910886585712433,-0.019406672567129135,0.8079825043678284,0.4792672395706177,0.02289740927517414,0.8079319596290588,0.43086186051368713,-0.006284839008003473,0.7904130220413208,0.5043707489967346,-0.009781286120414734,0.7948340773582458,0.5137290358543396,-0.0026945029385387897,0.8403385877609253,0.5004720687866211,0.012380878441035748,0.8420726656913757,0.454226016998291,-0.018381519243121147,0.8200881481170654,0.520460307598114,-0.005128307733684778,0.8222459554672241,0.5357843041419983,0.014510203152894974,0.8729991912841797,0.5283690690994263,-0.00017093813221435994,0.8735308647155762,0.4807811975479126,-0.011818217113614082,0.852653980255127,0.5223912596702576,0.0027061360888183117,0.8517444729804993,0.5431161522865295,0.019136736169457436,fist,RRQ_p10,RRQ
0.1357969343662262,0.4022059440612793,-3.231063487874053e-07,0.19783975183963776,0.37934747338294983,-0.011187760159373283,0.2512909471988678,0.33597585558891296,-0.013545089401304722,0.2840413451194763,0.2795995771884918,-0.018217027187347412,0.28226327896118164,0.22860318422317505,-0.018155835568904877,0.24081405997276306,0.27345147728919983,0.004400315694510937,0.2585572600364685,0.22018617391586304,-0.016687117516994476,0.24324822425842285,0.27705690264701843,-0.023331718519330025,0.23480555415153503,0.29642045497894287,-0.023042313754558563,0.20822487771511078,0.2577650249004364,0.0016041992930695415,0.22262760996818542,0.2192905992269516,-0.02051747776567936,0.2080402970314026,0.2872979938983917,-0.022628718987107277,0.20219993591308594,0.29334744811058044,-0.018892770633101463,0.17416006326675415,0.2473401576280594,-0.00524678360670805,0.19012220203876495,0.20876115560531616,-0.03007272444665432,0.17850971221923828,0.27568694949150085,-0.01916768215596676,0.16921260952949524,0.2928326725959778,-0.004728981293737888,0.1370256394147873,0.2364426553249359,-0.01301205437630415,0.15175889432430267,0.1896384060382843,-0.025049390271306038,0.15443101525306702,0.22928453981876373,-0.0127492006868124,0.15056630969047546,0.2523844242095947,0.0011244927300140262,fist,RRQ_p10,RRQ
0.4800575077533722,0.36822429299354553,-2.6627952820490464e-07,0.5395078063011169,0.3734069764614105,-0.008209829218685627,0.592826783657074,0.35540771484375,-0.00997996050864458,0.6307538747787476,0.32518574595451355,-0.015542520210146904,0.6526356935501099,0.2836560606956482,-0.01848873868584633,0.5980380177497864,0.2955365478992462,0.009844289161264896,0.6294304728507996,0.2630445063114166,-0.011763150803744793,0.6086276769638062,0.299130916595459,-0.02288523130118847,0.5882901549339294,0.31937265396118164,-0.024698594585061073,0.577170729637146,0.2726414203643799,0.0056406231597065926,0.6070271134376526,0.2471354454755783,-0.016480430960655212,0.5789754986763,0.29429882764816284,-0.02267765812575817,0.5577900409698486,0.31139206886291504,-0.020501205697655678,0.5520925521850586,0.25045081973075867,-0.0027134332340210676,0.5846182107925415,0.22350409626960754,-0.02626213990151882,0.5589390993118286,0.2739989161491394,-0.019839920103549957,0.5362744927406311,0.2970282733440399,-0.00742456316947937,0.5221801400184631,0.22777163982391357,-0.011978022754192352,0.5548495054244995,0.197121262550354,-0.025271382182836533,0.5491943359375,0.230729877948761,-0.016413813456892967,0.5351190567016602,0.2540193200111389,-0.004397562239319086,fist,RRQ_p10,RRQ
0.5461768507957458,0.5871787071228027,-2.8722817546622537e-07,0.6009702086448669,0.6057335138320923,-0.007471861783415079,0.6547219753265381,0.5975051522254944,-0.00908756721764803,0.6954492926597595,0.581893265247345,-0.014083103276789188,0.7234964966773987,0.5499129891395569,-0.01559712365269661,0.6658881306648254,0.5412294268608093,0.005621685646474361,0.7067298293113708,0.521368682384491,-0.014634189195930958,0.6803777813911438,0.5572155117988586,-0.0214912761002779,0.6573920249938965,0.5670284628868103,-0.02048812247812748,0.6501727104187012,0.5166460871696472,0.000805363932158798,0.6873517632484436,0.5053718090057373,-0.019853897392749786,0.6520328521728516,0.5464276671409607,-0.022103849798440933,0.6296813488006592,0.5485474467277527,-0.017644554376602173,0.6298133730888367,0.49022793769836426,-0.007892766036093235,0.6681037545204163,0.4823831617832184,-0.031219521537423134,0.633926510810852,0.5244870185852051,-0.02214762568473816,0.6097850799560547,0.5301975011825562,-0.008270678110420704,0.6045964956283569,0.4605187177658081,-0.017186949029564857,0.6435579657554626,0.4477100968360901,-0.02947196178138256,0.631086528301239,0.4807203412055969,-0.01817004755139351,0.6132270097732544,0.4929410219192505,-0.004920509643852711,fist,RRQ_p10,RRQ
0.2658686935901642,0.334206223487854,-3.259138452449406e-07,0.3230536878108978,0.33270078897476196,-0.008609386160969734,0.3766193091869354,0.2978431284427643,-0.008816958405077457,0.4118884801864624,0.25494644045829773,-0.011957884766161442,0.4236399233341217,0.21122393012046814,-0.011492226272821426,0.3830069899559021,0.24292472004890442,0.005969781894236803,0.4064897894859314,0.19239017367362976,-0.017063597217202187,0.3842921555042267,0.23372647166252136,-0.025836050510406494,0.37160900235176086,0.2573789358139038,-0.026030942797660828,0.3545270264148712,0.22141598165035248,0.0021844622679054737,0.37350964546203613,0.1813015639781952,-0.02210843935608864,0.3498692810535431,0.2359129786491394,-0.024635348469018936,0.34068500995635986,0.25331640243530273,-0.019444778561592102,0.3232814073562622,0.20306514203548431,-0.005899852607399225,0.34019675850868225,0.16758161783218384,-0.0330241322517395,0.31887537240982056,0.22479045391082764,-0.023990202695131302,0.3083871304988861,0.24620899558067322,-0.00919791404157877,0.289875864982605,0.18482041358947754,-0.014621797017753124,0.3083058297634125,0.1462603211402893,-0.028498085215687752,0.30161723494529724,0.18271800875663757,-0.017941949889063835,0.2945050895214081,0.20470182597637177,-0.004704345017671585,fist,RRQ_p10,RRQ
0.2795882523059845,0.3374830484390259,-3.092202405241551e-07,0.271327942609787,0.259414404630661,0.013497104868292809,0.28979453444480896,0.19742754101753235,0.01410411112010479,0.3181561231613159,0.1614154577255249,0.011004891246557236,0.34363144636154175,0.15282852947711945,0.00934410560876131,0.3013617992401123,0.15130561590194702,0.005680458154529333,0.3457193076610565,0.13317488133907318,0.003078803885728121,0.34301677346229553,0.16071878373622894,0.0009568284149281681,0.33071616291999817,0.1755380630493164,-0.0006683958927169442,0.3250240087509155,0.1737307906150818,-0.00571722537279129,0.3639172911643982,0.17624591290950775,-0.00026782654458656907,0.35783132910728455,0.20016898214817047,0.0011508348397910595,0.3440937399864197,0.20828543603420258,-0.0008377767517231405,0.3489410877227783,0.2072034627199173,-0.015563510358333588,0.37944966554641724,0.20852252840995789,-0.009689267724752426,0.37114909291267395,0.22991594672203064,-0.0029105842113494873,0.35671451687812805,0.23785267770290375,-0.0014917701482772827,0.3693481981754303,0.24419841170310974,-0.024701224640011787,0.39683884382247925,0.23421357572078705,-0.01696392148733139,0.38625338673591614,0.25424596667289734,-0.005438824184238911,0.3721097707748413,0.26452556252479553,0.002018493600189686,fist,RRQ_p10,RRQ
0.7022609114646912,0.7996365427970886,-4.3944618255409296e-07,0.7066800594329834,0.712073564529419,-0.0008529775077477098,0.7405022382736206,0.651799738407135,-0.0021914837416261435,0.7854335308074951,0.6269607543945312,-0.002628240268677473,0.81877601146698,0.6343405246734619,-0.0013712694635614753,0.8119507431983948,0.6853889226913452,-0.0047230189666152,0.8131058216094971,0.6497095823287964,-0.0010241687996312976,0.7883499264717102,0.6535979509353638,0.0013439332833513618,0.7725836038589478,0.671176016330719,0.0018186086090281606,0.8246036767959595,0.7285781502723694,-0.004907018039375544,0.818049430847168,0.6911605596542358,0.004452412016689777,0.7979669570922852,0.692292332649231,0.008157904259860516,0.7848687171936035,0.708646297454834,0.007018525153398514,0.8247524499893188,0.7698824405670166,-0.0037795447278767824,0.8189408183097839,0.7348912358283997,0.0022575673647224903,0.8010687232017517,0.7347385883331299,0.006855387706309557,0.7854995131492615,0.7477855086326599,0.00658484548330307,0.8187451362609863,0.8057056665420532,-0.0026527380105108023,0.814978837966919,0.7747272253036499,0.0018522590398788452,0.7987256646156311,0.774303674697876,0.008326128125190735,0.7850867509841919,0.7842457890510559,0.0123986154794693,fist,RRQ_p10,RRQ
0.26896679401397705,0.5275819301605225,-2.0555533808419568e-07,0.33904358744621277,0.5472310185432434,-0.04479934647679329,0.40447431802749634,0.5442537665367126,-0.07605808973312378,0.42368176579475403,0.5652484893798828,-0.10035611689090729,0.37911128997802734,0.5947187542915344,-0.12150105088949203,0.355822890996933,0.3658621609210968,-0.08377581834793091,0.3628990650177002,0.5406825542449951,-0.12673121690750122,0.35832783579826355,0.5683655142784119,-0.1518503874540329,0.35264652967453003,0.5384294986724854,-0.16943417489528656,0.2822323739528656,0.35399386286735535,-0.08154285699129105,0.3020452857017517,0.5531250238418579,-0.10852529853582382,0.3099789023399353,0.5546773076057434,-0.10976473242044449,0.3096195459365845,0.5086560249328613,-0.11659945547580719,0.22120359539985657,0.3770398497581482,-0.08250126242637634,0.24811753630638123,0.5565620064735413,-0.1020873412489891,0.2566993236541748,0.5487496256828308,-0.08588024228811264,0.2552778124809265,0.49238282442092896,-0.07823481410741806,0.17279203236103058,0.414031982421875,-0.09042804688215256,0.19572168588638306,0.5312321782112122,-0.10837589204311371,0.20889785885810852,0.534130334854126,-0.103242889046669,0.21171775460243225,0.49609851837158203,-0.09944761544466019,fist,RRQ_p10,RRQ
0.24076232314109802,0.5155388712882996,-1.6435527072644618e-07,0.3066139817237854,0.5423425436019897,-0.04356163740158081,0.3739285469055176,0.5539485812187195,-0.07630641013383865,0.3990017771720886,0.581191897392273,-0.10262949764728546,0.35727083683013916,0.6109027862548828,-0.12606044113636017,0.33650732040405273,0.37519726157188416,-0.08645181357860565,0.33632877469062805,0.5499723553657532,-0.1307140290737152,0.33417755365371704,0.571921169757843,-0.15557387471199036,0.332479327917099,0.540459156036377,-0.17198872566223145,0.2631818950176239,0.36148494482040405,-0.08508535474538803,0.2764642834663391,0.5628007650375366,-0.11215798556804657,0.286283403635025,0.5599322319030762,-0.11065103113651276,0.2889920771121979,0.5138483643531799,-0.1148630902171135,0.20040595531463623,0.38111740350723267,-0.08676234632730484,0.22273629903793335,0.5626643896102905,-0.10709826648235321,0.2326098531484604,0.5511095523834229,-0.08620736002922058,0.23460865020751953,0.49625810980796814,-0.0739375501871109,0.14945510029792786,0.414726197719574,-0.09552427381277084,0.1682196855545044,0.5308414697647095,-0.114351786673069,0.18080483376979828,0.5281574130058289,-0.10652393102645874,0.18579693138599396,0.49025824666023254,-0.09937503933906555,fist,RRQ_p10,RRQ
0.6361863017082214,0.6974819898605347,4.6997811864457617e-07,0.5676345229148865,0.6155073642730713,-0.03282853960990906,0.5253801941871643,0.5052701234817505,-0.04457790404558182,0.5091442465782166,0.4025436341762543,-0.05500412732362747,0.5135820508003235,0.3152959644794464,-0.06234349310398102,0.5681899189949036,0.39206868410110474,0.00575951999053359,0.5662213563919067,0.27696406841278076,-0.013057544827461243,0.565390408039093,0.20983804762363434,-0.03370330482721329,0.5665885806083679,0.14603066444396973,-0.04951627179980278,0.6144968867301941,0.385713666677475,0.006473917048424482,0.6135223507881165,0.25992101430892944,-0.007442345842719078,0.6125792264938354,0.1821347177028656,-0.025686511769890785,0.6092560887336731,0.11176824569702148,-0.03962481766939163,0.657831072807312,0.40285176038742065,-0.00014181547157932073,0.6585425138473511,0.2867106795310974,-0.015942208468914032,0.6550064086914062,0.21418353915214539,-0.02798420377075672,0.6461890935897827,0.1517813503742218,-0.03637302294373512,0.7027220726013184,0.43658697605133057,-0.011101039126515388,0.7046436667442322,0.343475878238678,-0.024386117234826088,0.6987554430961609,0.2824462652206421,-0.029653411358594894,0.6883458495140076,0.22735223174095154,-0.033058229833841324,open_palm,RRQ_p10,RRQ
0.2923649251461029,0.7488263845443726,5.492972263709817e-07,0.20363621413707733,0.6849003434181213,-0.03310040757060051,0.15645787119865417,0.5681158900260925,-0.04631577432155609,0.143233060836792,0.4621845781803131,-0.058335479348897934,0.13062059879302979,0.37223348021507263,-0.06920306384563446,0.20645582675933838,0.4372546374797821,-0.010258853435516357,0.19861246645450592,0.3107987344264984,-0.036698758602142334,0.19815871119499207,0.23536714911460876,-0.06040727347135544,0.20301702618598938,0.16742399334907532,-0.07741941511631012,0.2537634074687958,0.4282006323337555,-0.013819682411849499,0.2466861456632614,0.2885598838329315,-0.034763019531965256,0.24509680271148682,0.20211851596832275,-0.05608876049518585,0.24592478573322296,0.12600183486938477,-0.07193818688392639,0.2983267605304718,0.44386568665504456,-0.024156592786312103,0.2926214635372162,0.31651800870895386,-0.045596249401569366,0.28942933678627014,0.23865090310573578,-0.059474870562553406,0.2865084707736969,0.1703941822052002,-0.06957271695137024,0.3444519340991974,0.4781194031238556,-0.03880860283970833,0.3420649766921997,0.38022714853286743,-0.05754091963171959,0.33979108929634094,0.3161468505859375,-0.06489920616149902,0.3362191319465637,0.2571079432964325,-0.07004161924123764,open_palm,RRQ_p10,RRQ
0.7988166213035583,0.4946437478065491,2.502307268059667e-07,0.7595106959342957,0.45722270011901855,-0.013212797231972218,0.7335295081138611,0.40156298875808716,-0.0178950447589159,0.720228910446167,0.35269543528556824,-0.022745270282030106,0.7138041853904724,0.31359246373176575,-0.026896808296442032,0.7576732635498047,0.33796656131744385,0.00022925474331714213,0.7540204524993896,0.27607864141464233,-0.011370617896318436,0.7531427145004272,0.2386799156665802,-0.02255791425704956,0.7540295720100403,0.20522162318229675,-0.030627146363258362,0.7810243368148804,0.3323022723197937,-0.0026650221552699804,0.7781211733818054,0.2629688084125519,-0.011849679984152317,0.7772546410560608,0.21911156177520752,-0.021177804097533226,0.776587963104248,0.18135546147823334,-0.027718881145119667,0.8047952055931091,0.3385598659515381,-0.008925750851631165,0.803503692150116,0.2729297876358032,-0.018844030797481537,0.8026938438415527,0.23201923072338104,-0.025162599980831146,0.8010306358337402,0.19598183035850525,-0.029282815754413605,0.8294293284416199,0.3543388247489929,-0.017074955627322197,0.8313981294631958,0.3033877909183502,-0.025537200272083282,0.831777036190033,0.2703298330307007,-0.02821114845573902,0.8315900564193726,0.23998019099235535,-0.029744606465101242,open_palm,RRQ_p10,RRQ
0.7806512713432312,0.8428457975387573,1.9673869644520892e-07,0.7489015460014343,0.7979266047477722,-0.016359036788344383,0.7271285057067871,0.7415807843208313,-0.02532583475112915,0.7192671298980713,0.6960006952285767,-0.03350379690527916,0.7150865197181702,0.6537531614303589,-0.0410134382545948,0.7615805864334106,0.6871436238288879,-0.010341446846723557,0.7638309001922607,0.6318784952163696,-0.02667948417365551,0.7673572897911072,0.5982612371444702,-0.04056422412395477,0.7718077898025513,0.5668467283248901,-0.050449371337890625,0.783900797367096,0.6926184892654419,-0.012938191182911396,0.7884607911109924,0.635815441608429,-0.026752466335892677,0.7926021218299866,0.6001641154289246,-0.037807825952768326,0.7965677976608276,0.5648512244224548,-0.04571228474378586,0.8040890693664551,0.7090696096420288,-0.018660975620150566,0.8086957335472107,0.6547241806983948,-0.032449398189783096,0.8110113143920898,0.6198331117630005,-0.03836441785097122,0.8128782510757446,0.5870226621627808,-0.041910137981176376,0.8244724273681641,0.73447185754776,-0.026339801028370857,0.8277518153190613,0.6904040575027466,-0.03855830803513527,0.8286980986595154,0.6602193713188171,-0.04220827668905258,0.829163670539856,0.6319916844367981,-0.04399638622999191,open_palm,RRQ_p10,RRQ
0.7923454642295837,0.5610414743423462,1.8553249958586093e-07,0.7560777068138123,0.5146582722663879,-0.013915030285716057,0.7352242469787598,0.45154711604118347,-0.019614489749073982,0.7268816828727722,0.39884594082832336,-0.025403760373592377,0.7218694090843201,0.35501566529273987,-0.030691836029291153,0.768741250038147,0.39401304721832275,-0.003550585824996233,0.7671098709106445,0.3294941782951355,-0.017285840585827827,0.765669047832489,0.2908879518508911,-0.029512930661439896,0.7656016945838928,0.25608009099960327,-0.03842226788401604,0.7928274869918823,0.3924174904823303,-0.0071961358189582825,0.7926183938980103,0.32021743059158325,-0.01912090741097927,0.7917578816413879,0.27467137575149536,-0.030349126085639,0.7902946472167969,0.23483552038669586,-0.03831659257411957,0.816221296787262,0.4033043682575226,-0.014026672579348087,0.8175305128097534,0.3347424864768982,-0.02643171325325966,0.8173936605453491,0.29250556230545044,-0.034110814332962036,0.8156144022941589,0.25569313764572144,-0.039024658501148224,0.8403963446617126,0.4243775010108948,-0.02265949919819832,0.8436791300773621,0.370190292596817,-0.03339960426092148,0.843765139579773,0.33400091528892517,-0.03760283440351486,0.8424773216247559,0.3012717664241791,-0.0401410236954689,open_palm,RRQ_p10,RRQ
0.4664223790168762,0.7131869792938232,2.439463457903912e-07,0.43180394172668457,0.6754492521286011,-0.013645660132169724,0.4091707468032837,0.6245871782302856,-0.019511310383677483,0.3994864523410797,0.5786228775978088,-0.025163883343338966,0.397625595331192,0.5378044247627258,-0.029732780531048775,0.43254807591438293,0.5662330985069275,-0.0008016092469915748,0.4320847988128662,0.5085373520851135,-0.011639070697128773,0.4328511655330658,0.4747183322906494,-0.02194037474691868,0.434854120016098,0.44462770223617554,-0.029145993292331696,0.4537675380706787,0.5649306178092957,-0.0022746408358216286,0.4530002772808075,0.5026927590370178,-0.01033846940845251,0.4528087079524994,0.4643985629081726,-0.018519394099712372,0.4525943398475647,0.43130558729171753,-0.024191709235310555,0.4747786521911621,0.5729582905769348,-0.00690882932394743,0.47381681203842163,0.5152535438537598,-0.015130024403333664,0.47247737646102905,0.480075478553772,-0.019751425832509995,0.4704177975654602,0.44939613342285156,-0.022673195227980614,0.49675148725509644,0.5892444849014282,-0.013475022278726101,0.4971492290496826,0.5439972281455994,-0.020311256870627403,0.4959823489189148,0.515390932559967,-0.021945452317595482,0.49419480562210083,0.4896172285079956,-0.022568857297301292,open_palm,RRQ_p10,RRQ
0.26349973678588867,0.8181290030479431,2.5632650135776203e-07,0.3011378049850464,0.7788210511207581,-0.016002226620912552,0.3214757442474365,0.7142650485038757,-0.019462360069155693,0.3335071802139282,0.658849835395813,-0.022508274763822556,0.33752650022506714,0.6135640740394592,-0.024951759725809097,0.2971561551094055,0.6428762674331665,-0.0017431373707950115,0.2990191578865051,0.5792738795280457,-0.011916153132915497,0.298673540353775,0.5415318012237549,-0.022401949390769005,0.29744064807891846,0.5072839260101318,-0.030154110863804817,0.2729150056838989,0.6395801901817322,-0.0026160310953855515,0.27528128027915955,0.5689159631729126,-0.010452634654939175,0.2776429057121277,0.5242177248001099,-0.019790761172771454,0.2794775366783142,0.4859846532344818,-0.026905681937932968,0.24937129020690918,0.6497874855995178,-0.006852916907519102,0.2501946985721588,0.5844894051551819,-0.015453986823558807,0.2532418668270111,0.5421857237815857,-0.022722948342561722,0.2568531930446625,0.5053417086601257,-0.02797846682369709,0.22544077038764954,0.6708017587661743,-0.013225041329860687,0.2222178429365158,0.6204494833946228,-0.022217892110347748,0.22144919633865356,0.5861790776252747,-0.02619432844221592,0.22161385416984558,0.5537072420120239,-0.028683623299002647,open_palm,RRQ_p10,RRQ
0.16285192966461182,0.518779993057251,3.5387969887779036e-07,0.20861122012138367,0.4760240912437439,-0.021028054878115654,0.23526263236999512,0.40592238306999207,-0.02589699812233448,0.2526320219039917,0.34012073278427124,-0.029564162716269493,0.2600057125091553,0.2866566479206085,-0.032379526644945145,0.20645089447498322,0.32271477580070496,-0.0035136411897838116,0.21151289343833923,0.2472480833530426,-0.015091756358742714,0.21129463613033295,0.2009444385766983,-0.027390439063310623,0.21030792593955994,0.15882578492164612,-0.03666609525680542,0.17648379504680634,0.3142579197883606,-0.002678164280951023,0.18223921954631805,0.2294551432132721,-0.011436385102570057,0.18593154847621918,0.1751566231250763,-0.02289946749806404,0.18966920673847198,0.1282246857881546,-0.03184082359075546,0.1470930129289627,0.3224940299987793,-0.0057471380569040775,0.14886167645454407,0.24478381872177124,-0.015437060035765171,0.153129443526268,0.19449634850025177,-0.02501288428902626,0.15853770077228546,0.1511731892824173,-0.03226659819483757,0.11768689006567001,0.34291452169418335,-0.011394401080906391,0.11584843695163727,0.286033570766449,-0.021118395030498505,0.11750860512256622,0.24826455116271973,-0.025889374315738678,0.12131795287132263,0.21249455213546753,-0.029192252084612846,open_palm,RRQ_p10,RRQ
0.5188615918159485,0.7356125116348267,3.245402524498786e-07,0.5805637240409851,0.6865155696868896,-0.021051693707704544,0.6155257821083069,0.5920465588569641,-0.02538182958960533,0.6372877359390259,0.5126020908355713,-0.02971782721579075,0.6486265063285828,0.44866228103637695,-0.03316357731819153,0.5794482827186584,0.4833470284938812,-0.001648773904889822,0.5815617442131042,0.387082576751709,-0.016602998599410057,0.5817663669586182,0.32911837100982666,-0.031568098813295364,0.5792990326881409,0.2779679000377655,-0.04263542592525482,0.5458890795707703,0.47338157892227173,-0.0046117971651256084,0.5518704652786255,0.36528268456459045,-0.016183655709028244,0.5563031435012817,0.2971700429916382,-0.028700832277536392,0.55850750207901,0.24077355861663818,-0.038185764104127884,0.5123292207717896,0.4816654622554779,-0.012340997345745564,0.5166700482368469,0.3828883767127991,-0.023894086480140686,0.5223585963249207,0.3219253420829773,-0.031800780445337296,0.5276464819908142,0.270540714263916,-0.0378471277654171,0.4765257239341736,0.5053665041923523,-0.02326669730246067,0.47612833976745605,0.43209344148635864,-0.03449264168739319,0.4797293245792389,0.38358187675476074,-0.03802371025085449,0.4844292998313904,0.33908480405807495,-0.04030277580022812,open_palm,RRQ_p10,RRQ
0.2852709889411926,0.7163189053535461,5.909259357395058e-07,0.3547898232936859,0.6683573722839355,-0.03320177271962166,0.40889960527420044,0.5763959288597107,-0.04545418173074722,0.45359233021736145,0.4960303008556366,-0.055251505225896835,0.49188268184661865,0.44087401032447815,-0.06395447254180908,0.3596941828727722,0.4446536898612976,-0.01928422600030899,0.3816867768764496,0.3408031761646271,-0.037156376987695694,0.3904173970222473,0.27476179599761963,-0.053644005209207535,0.39691078662872314,0.21896225214004517,-0.06596420705318451,0.31312617659568787,0.4316507577896118,-0.018609564751386642,0.32589656114578247,0.3142496943473816,-0.03220631554722786,0.33343037962913513,0.2376960813999176,-0.04634454846382141,0.3395531475543976,0.17468544840812683,-0.05715177580714226,0.2680920958518982,0.44341719150543213,-0.022931767627596855,0.2716982066631317,0.3323129415512085,-0.03780056908726692,0.278449147939682,0.2645636796951294,-0.04972769692540169,0.28713494539260864,0.20759057998657227,-0.05859319865703583,0.22316089272499084,0.47494491934776306,-0.030993938446044922,0.20922857522964478,0.39942216873168945,-0.04685061797499657,0.2023831456899643,0.3481294512748718,-0.0538446307182312,0.199807807803154,0.29830461740493774,-0.05803024396300316,open_palm,RRQ_p10,RRQ
0.7267329096794128,0.6979846358299255,4.594619156250701e-07,0.6699277758598328,0.6443641185760498,-0.038027483969926834,0.6234742403030396,0.5630877017974854,-0.05722959712147713,0.5939030647277832,0.4897769093513489,-0.07295189797878265,0.5681403279304504,0.42348772287368774,-0.08799733221530914,0.676895797252655,0.4490395486354828,-0.03536665812134743,0.6511441469192505,0.3447384238243103,-0.0642472431063652,0.6347005367279053,0.2779883146286011,-0.08635497093200684,0.6245874166488647,0.21640095114707947,-0.10243401676416397,0.7230662703514099,0.436168372631073,-0.036707375198602676,0.7200433015823364,0.31678545475006104,-0.06233501806855202,0.719673752784729,0.23818208277225494,-0.08305276930332184,0.7209317088127136,0.16772636771202087,-0.09804583340883255,0.7652150392532349,0.4523686468601227,-0.04319637641310692,0.7782843708992004,0.3455808162689209,-0.0721527561545372,0.7880163788795471,0.27550208568573,-0.08968444913625717,0.7954754829406738,0.21013325452804565,-0.1008746474981308,0.8053800463676453,0.48837044835090637,-0.052869852632284164,0.8353948593139648,0.4118094742298126,-0.07837317883968353,0.8556576371192932,0.35862261056900024,-0.0890842005610466,0.8718914985656738,0.30594804883003235,-0.09580688178539276,open_palm,RRQ_p10,RRQ
0.47533100843429565,0.8853738903999329,4.2019797774628387e-07,0.4096551537513733,0.8505383729934692,-0.03199350833892822,0.3538685142993927,0.7876178026199341,-0.05048096925020218,0.3124735951423645,0.7309355139732361,-0.06666744500398636,0.27347713708877563,0.6861228942871094,-0.0828341692686081,0.39035269618034363,0.6738957166671753,-0.03035031631588936,0.35467594861984253,0.5889425873756409,-0.05763460695743561,0.3311002254486084,0.5363944172859192,-0.07862062007188797,0.31108105182647705,0.48723316192626953,-0.09385144710540771,0.4310198426246643,0.6555361747741699,-0.03423048555850983,0.4112158715724945,0.5503109693527222,-0.05991022661328316,0.39577996730804443,0.4813230633735657,-0.0802261084318161,0.38021039962768555,0.41937652230262756,-0.09443622827529907,0.47130241990089417,0.6624356508255005,-0.0426410436630249,0.46640899777412415,0.5648766756057739,-0.07109050452709198,0.4601697623729706,0.5017620921134949,-0.08692234754562378,0.45154568552970886,0.4424465000629425,-0.09642490744590759,0.5110017657279968,0.6863088011741638,-0.05357377231121063,0.5238144397735596,0.6112340688705444,-0.07710852473974228,0.5321316123008728,0.5592901110649109,-0.08566638827323914,0.5369669198989868,0.5094699859619141,-0.09082034975290298,open_palm,RRQ_p10,RRQ
0.7823480367660522,0.5404294729232788,1.461837797478438e-07,0.746315598487854,0.5145521759986877,-0.011447920463979244,0.7168583869934082,0.47737666964530945,-0.01734508015215397,0.6963155269622803,0.44533997774124146,-0.02309626154601574,0.6815522909164429,0.4175083041191101,-0.028781002387404442,0.7380671501159668,0.4189082980155945,-0.005937472451478243,0.7206653952598572,0.3730277717113495,-0.01748570054769516,0.7088718414306641,0.34619173407554626,-0.027661854401230812,0.6992307305335999,0.3208674192428589,-0.035076338797807693,0.758183479309082,0.40971389412879944,-0.009382260963320732,0.7469914555549622,0.3543936014175415,-0.019599664956331253,0.7381848692893982,0.3202957510948181,-0.029270147904753685,0.7296411991119385,0.29029256105422974,-0.03619580715894699,0.7793387770652771,0.41150742769241333,-0.015170462429523468,0.7738814949989319,0.35888105630874634,-0.026524007320404053,0.7681106925010681,0.3240979015827179,-0.03445928916335106,0.7618222832679749,0.29341763257980347,-0.03958708420395851,0.8007299304008484,0.42215752601623535,-0.02213113009929657,0.8045859336853027,0.3783569037914276,-0.031780414283275604,0.806897759437561,0.348693311214447,-0.03595210984349251,0.8081627488136292,0.32150334119796753,-0.03856984153389931,open_palm,RRQ_p10,RRQ
0.6060872077941895,0.8881410360336304,5.701452323592093e-07,0.4957553744316101,0.8003220558166504,-0.048294585198163986,0.40966564416885376,0.6598737239837646,-0.06513440608978271,0.35949406027793884,0.5287336111068726,-0.07936371117830276,0.32132333517074585,0.41736626625061035,-0.09089002013206482,0.4762430489063263,0.46739906072616577,-0.009520402178168297,0.435102254152298,0.3047250509262085,-0.041886281222105026,0.40871375799179077,0.20870757102966309,-0.07304251939058304,0.3891246020793915,0.11737975478172302,-0.09684077650308609,0.5441405177116394,0.44159698486328125,-0.012692379765212536,0.5155532956123352,0.2590530216693878,-0.03805553540587425,0.49560198187828064,0.14439651370048523,-0.06573542952537537,0.4775216579437256,0.04478403925895691,-0.086714968085289,0.6122024059295654,0.4550824463367462,-0.025960994884371758,0.6046024560928345,0.28302857279777527,-0.05529419332742691,0.5960891842842102,0.17148751020431519,-0.07712218165397644,0.5851926803588867,0.07044488191604614,-0.09284177422523499,0.6804951429367065,0.4991554617881775,-0.045104507356882095,0.6915881037712097,0.3719027042388916,-0.07188335806131363,0.6962683200836182,0.28610938787460327,-0.08376888930797577,0.6984421014785767,0.20278164744377136,-0.09198073297739029,open_palm,RRQ_p10,RRQ
0.6115071773529053,0.8653844594955444,4.7382152956743084e-07,0.5228986740112305,0.7846567630767822,-0.04001835361123085,0.45528703927993774,0.6635469794273376,-0.056061867624521255,0.4161490797996521,0.5539398193359375,-0.0704474225640297,0.39621806144714355,0.45696836709976196,-0.0823100358247757,0.5111057162284851,0.5071321725845337,-0.00842610839754343,0.48306804895401,0.3728771209716797,-0.0380445197224617,0.46553632616996765,0.29218289256095886,-0.06564552336931229,0.4541875123977661,0.21565234661102295,-0.08639632165431976,0.5677769184112549,0.4886566698551178,-0.011570669710636139,0.5478580594062805,0.33787140250205994,-0.035496991127729416,0.5338901281356812,0.24270424246788025,-0.05946436896920204,0.5212011337280273,0.15746912360191345,-0.07703404128551483,0.6248738169670105,0.5027051568031311,-0.023120004683732986,0.6210846900939941,0.36152711510658264,-0.04953289031982422,0.6156176328659058,0.2704106569290161,-0.06671915203332901,0.6070502400398254,0.18758612871170044,-0.07852430641651154,0.6822422742843628,0.5422536134719849,-0.03955638036131859,0.6934943795204163,0.43649160861968994,-0.061935584992170334,0.6973819732666016,0.3647920489311218,-0.07076526433229446,0.6975530982017517,0.2956831455230713,-0.07655780762434006,open_palm,RRQ_p10,RRQ
0.7134100198745728,0.6029412746429443,-2.8518860517579014e-07,0.6989169716835022,0.503729522228241,0.0013927944237366319,0.66044682264328,0.3862145245075226,-0.011921795085072517,0.6448470950126648,0.29487863183021545,-0.02580450102686882,0.6465028524398804,0.2222386598587036,-0.040288254618644714,0.6227620840072632,0.369882732629776,-0.04061838239431381,0.5261988043785095,0.3922996520996094,-0.06244778260588646,0.546349048614502,0.42309480905532837,-0.06947553902864456,0.5758669972419739,0.42228996753692627,-0.07125688344240189,0.6078488826751709,0.43074578046798706,-0.05121637135744095,0.5153058767318726,0.45601731538772583,-0.06725563108921051,0.5429677963256836,0.4776357412338257,-0.06037619337439537,0.575350284576416,0.47429800033569336,-0.05629449710249901,0.5930730104446411,0.49639007449150085,-0.060571640729904175,0.5145756602287292,0.5098620057106018,-0.07210288196802139,0.5418074131011963,0.530064582824707,-0.055278245359659195,0.5725073218345642,0.5277055501937866,-0.045092955231666565,0.5788929462432861,0.5609681606292725,-0.0692707970738411,0.5190340280532837,0.5611067414283752,-0.07572166621685028,0.5482222437858582,0.5784186124801636,-0.06176016852259636,0.5781619548797607,0.5789863467216492,-0.05036722123622894,thumbs_up,RRQ_p10,RRQ
0.7297870516777039,0.836717426776886,-2.6568210387267754e-07,0.7271680235862732,0.7600724101066589,0.00526553625240922,0.7025529146194458,0.6648811101913452,0.00036248163087293506,0.6908504962921143,0.5953128933906555,-0.005861435551196337,0.69106125831604,0.5434548854827881,-0.012114603072404861,0.6745162606239319,0.6434258222579956,-0.01920955814421177,0.6026776432991028,0.6398342847824097,-0.031013909727334976,0.613538384437561,0.6669290661811829,-0.034215591847896576,0.63570636510849,0.6724138259887695,-0.03433062508702278,0.6584780216217041,0.6847802400588989,-0.027498366311192513,0.590116024017334,0.6814112663269043,-0.03529870882630348,0.6060581803321838,0.7044658064842224,-0.02939511276781559,0.6307386159896851,0.7095917463302612,-0.025695927441120148,0.6425350904464722,0.7303309440612793,-0.03461563214659691,0.586741030216217,0.7236077189445496,-0.038974594324827194,0.6029109954833984,0.744331955909729,-0.025497661903500557,0.6254788041114807,0.7499798536300659,-0.017646146938204765,0.627266526222229,0.775428056716919,-0.04125360772013664,0.5878965854644775,0.7621423602104187,-0.04206407442688942,0.6048843264579773,0.7802069783210754,-0.030157167464494705,0.6245574951171875,0.7881161570549011,-0.020966749638319016,thumbs_up,RRQ_p10,RRQ
0.8267489671707153,0.778634786605835,-2.285765106080362e-07,0.8394388556480408,0.7068695425987244,0.003175346413627267,0.8352065086364746,0.6190195083618164,-0.002062931889668107,0.8345492482185364,0.554597020149231,-0.008407602086663246,0.8438313603401184,0.5081588625907898,-0.015171569772064686,0.8064379692077637,0.5939939618110657,-0.01690267212688923,0.7404444217681885,0.5761141777038574,-0.028193321079015732,0.7449892163276672,0.6029852628707886,-0.03183378651738167,0.7634389996528625,0.6144652366638184,-0.03270488232374191,0.7842832803726196,0.6263260841369629,-0.024122854694724083,0.7213355898857117,0.6124321222305298,-0.03232692927122116,0.7333143353462219,0.6369351148605347,-0.028512002900242805,0.755429744720459,0.6461797952651978,-0.026382995769381523,0.7624456882476807,0.6629835367202759,-0.030556293204426765,0.709623396396637,0.6484588980674744,-0.036965686827898026,0.7228237986564636,0.6722425222396851,-0.025660440325737,0.7436213493347168,0.6802607774734497,-0.018872497603297234,0.7417023181915283,0.7005169987678528,-0.03652927279472351,0.7030254006385803,0.6843947768211365,-0.04053308069705963,0.718751847743988,0.7066799998283386,-0.030738627538084984,0.7387182116508484,0.7158989906311035,-0.02264324761927128,thumbs_up,RRQ_p10,RRQ
0.25979751348495483,0.7305376529693604,-3.256855620747956e-07,0.2716071307659149,0.64923495054245,0.0027636655140668154,0.30638208985328674,0.5708597898483276,-0.0021956348791718483,0.334396094083786,0.5111932754516602,-0.008391235955059528,0.34683990478515625,0.46235835552215576,-0.012011120095849037,0.3355613946914673,0.5623091459274292,-0.017623240128159523,0.40804314613342285,0.5553646683692932,-0.029095051810145378,0.39276185631752014,0.5783399939537048,-0.031127605587244034,0.36806413531303406,0.5877400040626526,-0.030224064365029335,0.34784629940986633,0.6097378134727478,-0.02569461427628994,0.4124976396560669,0.6032894253730774,-0.02729303389787674,0.39466121792793274,0.6217687726020813,-0.019872473552823067,0.3711116909980774,0.6275745630264282,-0.017025571316480637,0.35824522376060486,0.6607574820518494,-0.033097170293331146,0.4131036698818207,0.6504591703414917,-0.03172186389565468,0.3955911695957184,0.666359007358551,-0.016580959782004356,0.37429335713386536,0.6728214621543884,-0.00947338342666626,0.3668611943721771,0.7095919251441956,-0.04031050205230713,0.4115532636642456,0.6903258562088013,-0.034029848873615265,0.3933691680431366,0.7042149901390076,-0.018076643347740173,0.37533819675445557,0.7122536897659302,-0.008339903317391872,thumbs_up,RRQ_p10,RRQ
0.12125314772129059,0.765310525894165,-5.367523385757522e-07,0.13898655772209167,0.6148261427879333,-0.002105645602568984,0.20471353828907013,0.4571956992149353,-0.019062543287873268,0.25107356905937195,0.3313736915588379,-0.03497594967484474,0.2595990002155304,0.23123490810394287,-0.04592627286911011,0.24237419664859772,0.47315672039985657,-0.06920686364173889,0.3947828710079193,0.4485115110874176,-0.09471464902162552,0.3628603518009186,0.4790279269218445,-0.09191875904798508,0.3156377673149109,0.49551811814308167,-0.08453157544136047,0.26269978284835815,0.5719199776649475,-0.08007778227329254,0.4044945240020752,0.5285865664482117,-0.08841275423765182,0.3646698296070099,0.5500619411468506,-0.06537754088640213,0.31946253776550293,0.5682050585746765,-0.052717890590429306,0.282013475894928,0.6678444743156433,-0.08817955106496811,0.4035851061344147,0.6158804893493652,-0.08839374780654907,0.3640155792236328,0.6338273882865906,-0.051955696195364,0.3229660391807556,0.6530689597129822,-0.032217059284448624,0.30070027709007263,0.7526537775993347,-0.09574124962091446,0.3983018398284912,0.6898701786994934,-0.08395452052354813,0.3648817241191864,0.7043922543525696,-0.050377193838357925,0.3305036723613739,0.7259131669998169,-0.030005313456058502,thumbs_up,RRQ_p10,RRQ
0.2589247226715088,0.5685320496559143,-1.890995662279238e-07,0.2629690170288086,0.5148629546165466,0.00035103847039863467,0.27810537815093994,0.46316078305244446,-0.0032481388188898563,0.29363980889320374,0.42417478561401367,-0.007319810334593058,0.3041357696056366,0.3957197666168213,-0.00935385376214981,0.301826149225235,0.45743077993392944,-0.007668300997465849,0.3429097831249237,0.4552595913410187,-0.0139668770134449,0.3340778648853302,0.4685038626194,-0.015956280753016472,0.3188983201980591,0.4733751714229584,-0.01622161827981472,0.3123435974121094,0.4865357279777527,-0.011529273353517056,0.3477190136909485,0.48373204469680786,-0.011457827873528004,0.3385617733001709,0.4959346354007721,-0.00811679195612669,0.32511210441589355,0.49969369173049927,-0.007517147343605757,0.3215377926826477,0.5176296234130859,-0.01527536753565073,0.3507082462310791,0.5135772824287415,-0.014113041572272778,0.3417409658432007,0.5243798494338989,-0.006324572954326868,0.3288803696632385,0.5288090705871582,-0.0029233398381620646,0.3291701674461365,0.547457754611969,-0.019047416746616364,0.352944552898407,0.5387399196624756,-0.015547391958534718,0.34274962544441223,0.54798823595047,-0.007060830015689135,0.3318573534488678,0.5522103309631348,-0.0017722105840221047,thumbs_up,RRQ_p10,RRQ
0.10771319270133972,0.3826906085014343,-2.829050345098949e-07,0.11440479010343552,0.3065127730369568,0.0019436214352026582,0.1465441882610321,0.2259194254875183,-0.001765814027749002,0.1719682365655899,0.16875460743904114,-0.0064565399661660194,0.18180198967456818,0.12232302129268646,-0.008029079996049404,0.17122715711593628,0.20899610221385956,-0.013653486035764217,0.24005922675132751,0.2230924665927887,-0.02511417120695114,0.22481796145439148,0.24430100619792938,-0.028459537774324417,0.20172090828418732,0.24644994735717773,-0.029662443324923515,0.1810763031244278,0.24898405373096466,-0.021503368392586708,0.24691051244735718,0.26585084199905396,-0.024752331897616386,0.2287912219762802,0.2827683091163635,-0.01936301775276661,0.2072223275899887,0.28124356269836426,-0.018281985074281693,0.18938972055912018,0.29395532608032227,-0.029267922043800354,0.24737592041492462,0.30857762694358826,-0.03018072433769703,0.2288181334733963,0.32156890630722046,-0.019724708050489426,0.20704101026058197,0.31759652495384216,-0.015711085870862007,0.19678895175457,0.338020384311676,-0.037072163075208664,0.2454729974269867,0.3450988233089447,-0.03367956727743149,0.22789038717746735,0.3558698296546936,-0.023619944229722023,0.20712493360042572,0.35229581594467163,-0.01816689968109131,thumbs_up,RRQ_p10,RRQ
0.2271312028169632,0.6606151461601257,-1.8555853387169918e-07,0.25936514139175415,0.5433555245399475,-0.06670615077018738,0.2546270489692688,0.4234169125556946,-0.10577324777841568,0.2361098676919937,0.3249487280845642,-0.13449040055274963,0.21010492742061615,0.21394336223602295,-0.159071147441864,0.14689850807189941,0.45827773213386536,-0.12586760520935059,0.3178022503852844,0.49748125672340393,-0.18390792608261108,0.31153687834739685,0.5189694762229919,-0.21456335484981537,0.26631277799606323,0.5103815197944641,-0.23687954246997833,0.1243172287940979,0.5733486413955688,-0.11834077537059784,0.33417809009552,0.595299482345581,-0.15646889805793762,0.3038555085659027,0.59602952003479,-0.154767245054245,0.24046306312084198,0.5867940783500671,-0.16168133914470673,0.13366380333900452,0.6788823008537292,-0.11532598733901978,0.324526846408844,0.691707193851471,-0.1495228260755539,0.2999357581138611,0.6810179948806763,-0.12159289419651031,0.24337485432624817,0.6599584817886353,-0.10543511807918549,0.1552152931690216,0.7743200063705444,-0.1220545768737793,0.30166128277778625,0.7729536890983582,-0.15995243191719055,0.28731682896614075,0.7548500895500183,-0.15694443881511688,0.24519701302051544,0.746337890625,-0.1507117599248886,thumbs_up,RRQ_p10,RRQ
0.6666368842124939,0.604036808013916,-8.209117936530674e-07,0.6440223455429077,0.5125429034233093,-0.07628293335437775,0.6740901470184326,0.3492000699043274,-0.10147310048341751,0.6902439594268799,0.23998713493347168,-0.11020302772521973,0.7146293520927429,0.144302099943161,-0.10713059455156326,0.7838985323905945,0.39748936891555786,-0.09945018589496613,0.6378278136253357,0.42999574542045593,-0.14435413479804993,0.6172372102737427,0.44781893491744995,-0.16208577156066895,0.6532683372497559,0.449566125869751,-0.17332470417022705,0.8203783631324768,0.5174320340156555,-0.07927875965833664,0.6035081148147583,0.5538240671157837,-0.11057533323764801,0.6202914118766785,0.5325794219970703,-0.10368318110704422,0.6771858334541321,0.5000047087669373,-0.09830382466316223,0.8150035738945007,0.6349573731422424,-0.06629761308431625,0.6133046746253967,0.653295636177063,-0.10167919099330902,0.6255801916122437,0.624114990234375,-0.0637616440653801,0.6802048683166504,0.5953541994094849,-0.03094823658466339,0.7901129722595215,0.7299484610557556,-0.06321027129888535,0.6361658573150635,0.7272171974182129,-0.10983584076166153,0.6444145441055298,0.708290696144104,-0.10452145338058472,0.6895219087600708,0.6970273852348328,-0.08743994683027267,thumbs_up,RRQ_p10,RRQ
0.6383255124092102,0.6369736194610596,-4.302523564092553e-07,0.6235781311988831,0.5397813320159912,-0.015416869893670082,0.6251256465911865,0.45153123140335083,-0.025384847074747086,0.6328858733177185,0.386466920375824,-0.03342705965042114,0.6405276656150818,0.32944488525390625,-0.0383671335875988,0.6786433458328247,0.4439619779586792,-0.026667946949601173,0.6024693250656128,0.4261721074581146,-0.048855964094400406,0.5940519571304321,0.45560896396636963,-0.05684984475374222,0.6112964749336243,0.46318092942237854,-0.06001850217580795,0.6838704347610474,0.48875486850738525,-0.029420925304293633,0.5894359946250916,0.4795866310596466,-0.05092925205826759,0.5912730097770691,0.5061036944389343,-0.05064752697944641,0.613625705242157,0.5101268887519836,-0.049441274255514145,0.6786050200462341,0.5357746481895447,-0.034655071794986725,0.5899971723556519,0.5262554883956909,-0.05578920617699623,0.598030686378479,0.5449770092964172,-0.049100831151008606,0.6226077079772949,0.5468451976776123,-0.042317818850278854,0.667156994342804,0.5799158215522766,-0.04123891517519951,0.5979430675506592,0.5690715312957764,-0.05483898147940636,0.6042352318763733,0.5789511799812317,-0.052620258182287216,0.6274259090423584,0.5811756253242493,-0.04858797788619995,thumbs_up,RRQ_p10,RRQ
0.7091824412345886,0.4787493944168091,-1.6112777245780308e-07,0.7079983353614807,0.40015625953674316,0.0034060487523674965,0.6845883131027222,0.3248103857040405,-0.0024221038911491632,0.6683017611503601,0.26295608282089233,-0.009280623868107796,0.6587725877761841,0.2153172492980957,-0.01650790125131607,0.6366947889328003,0.3195721209049225,-0.018672849982976913,0.5813758373260498,0.3189859986305237,-0.026053020730614662,0.5970874428749084,0.3356056213378906,-0.028581097722053528,0.6198647022247314,0.34000343084335327,-0.0292061697691679,0.6214033961296082,0.3653870224952698,-0.02449404075741768,0.5781040787696838,0.3626329302787781,-0.0264488123357296,0.5968562364578247,0.37639039754867554,-0.022109072655439377,0.6183191537857056,0.3819761574268341,-0.020961638540029526,0.6117803454399109,0.41289594769477844,-0.02868914231657982,0.5790147185325623,0.40444931387901306,-0.028266731649637222,0.5966654419898987,0.4166830778121948,-0.017736034467816353,0.6172526478767395,0.4232502579689026,-0.013057890348136425,0.6061500310897827,0.4563082158565521,-0.03244469687342644,0.581295907497406,0.4422929883003235,-0.030454233288764954,0.5991336107254028,0.45451486110687256,-0.019313663244247437,0.6166810989379883,0.46227777004241943,-0.011287263594567776,thumbs_up,RRQ_p10,RRQ
0.6005886793136597,0.6416188478469849,-1.131979132651395e-07,0.5943105220794678,0.5690245032310486,-0.0005039702518843114,0.5662964582443237,0.5054579973220825,-0.005058297887444496,0.5416142344474792,0.4524019956588745,-0.00960700586438179,0.5223221182823181,0.4141184687614441,-0.013927050866186619,0.5230233669281006,0.5090858936309814,-0.015723388642072678,0.47474750876426697,0.502320408821106,-0.019595405086874962,0.4885343909263611,0.5147618651390076,-0.020275993272662163,0.5078637599945068,0.5202829241752625,-0.02010396309196949,0.5117046236991882,0.5504622459411621,-0.01808270253241062,0.47390463948249817,0.5416234135627747,-0.017803197726607323,0.4897359311580658,0.5501115918159485,-0.014828239567577839,0.5080530047416687,0.5562832951545715,-0.014621562324464321,0.5050230622291565,0.5930999517440796,-0.019123435020446777,0.4770084023475647,0.579379141330719,-0.017100300639867783,0.49155789613723755,0.5860574245452881,-0.008876774460077286,0.5085418224334717,0.5931013226509094,-0.005815364886075258,0.5013344883918762,0.6311936974525452,-0.020032009109854698,0.4803796112537384,0.6130604147911072,-0.017642851918935776,0.4954443871974945,0.6190015077590942,-0.008317259140312672,0.5101046562194824,0.6253978610038757,-0.001734782475978136,thumbs_up,RRQ_p10,RRQ
0.26755639910697937,0.686558723449707,-2.520794737392862e-07,0.2752746641635895,0.6187399625778198,-0.0002165093319490552,0.3016822934150696,0.5592475533485413,-0.0032973098568618298,0.3244689106941223,0.513023853302002,-0.006417232099920511,0.33754438161849976,0.47750192880630493,-0.007388148922473192,0.33532288670539856,0.5682414174079895,-0.00915971677750349,0.3804551959037781,0.5526472926139832,-0.012526442296802998,0.36838051676750183,0.5581406354904175,-0.011511574499309063,0.3527385890483856,0.5651984214782715,-0.009885397739708424,0.3473679721355438,0.6059344410896301,-0.011854078620672226,0.38421332836151123,0.585846483707428,-0.008656571619212627,0.37050607800483704,0.5882222056388855,-0.0029513249173760414,0.3554161787033081,0.5965319275856018,-0.0010257336543872952,0.3549187481403351,0.6427209377288818,-0.014132276177406311,0.3843226432800293,0.6195924282073975,-0.01008846890181303,0.3717663586139679,0.6233111619949341,-0.001443622400984168,0.3586343228816986,0.6328725814819336,0.0018124713096767664,0.3603307008743286,0.6763383746147156,-0.01632107049226761,0.38537660241127014,0.6515340209007263,-0.011229661293327808,0.3733848035335541,0.6548655033111572,-0.0018447202164679766,0.3622853755950928,0.6650816202163696,0.003889618441462517,thumbs_up,RRQ_p10,RRQ
0.19267994165420532,0.39671948552131653,-2.4878465865185717e-07,0.19362664222717285,0.33230262994766235,0.0010916916653513908,0.20854753255844116,0.26668161153793335,-0.0027920713182538748,0.22081032395362854,0.21699215471744537,-0.00744020426645875,0.22590884566307068,0.1808399260044098,-0.010075504891574383,0.24235723912715912,0.25775355100631714,-0.0076725902035832405,0.2885510325431824,0.25920113921165466,-0.013837704434990883,0.27808520197868347,0.2770666480064392,-0.016665928065776825,0.26088735461235046,0.2825041115283966,-0.01808086596429348,0.25568392872810364,0.2907463610172272,-0.01266347337514162,0.2939755916595459,0.29489901661872864,-0.010335899889469147,0.2826758325099945,0.31025591492652893,-0.006304438225924969,0.2671962082386017,0.314552903175354,-0.006508154328912497,0.26706087589263916,0.32800760865211487,-0.01739743910729885,0.2989068031311035,0.3297097384929657,-0.014340449124574661,0.2872122824192047,0.34238675236701965,-0.005176329519599676,0.2717800736427307,0.34736284613609314,-0.002033923752605915,0.27693575620651245,0.36434632539749146,-0.02223527990281582,0.30286329984664917,0.35763680934906006,-0.017153294757008553,0.28983333706855774,0.3688949942588806,-0.0068406593054533005,0.2766622006893158,0.3746204078197479,-0.000790604273788631,thumbs_up,RRQ_p10,RRQ
0.21098555624485016,0.48345279693603516,-2.703576456042356e-07,0.22889693081378937,0.419159471988678,-0.01041642390191555,0.22239278256893158,0.3511383533477783,-0.016162699088454247,0.21399906277656555,0.30236542224884033,-0.021175311878323555,0.20673266053199768,0.25800156593322754,-0.02457502670586109,0.16785328090190887,0.3346492052078247,-0.017915872856974602,0.22695249319076538,0.34311413764953613,-0.03570776432752609,0.23457960784435272,0.37263914942741394,-0.046456485986709595,0.21936753392219543,0.38292330503463745,-0.054203759878873825,0.15156462788581848,0.3661539852619171,-0.02091212198138237,0.22491131722927094,0.3821324408054352,-0.035465314984321594,0.22873130440711975,0.40655717253685,-0.03876443952322006,0.21314670145511627,0.41198402643203735,-0.04274720326066017,0.14577417075634003,0.4038250148296356,-0.02572595328092575,0.2143499255180359,0.41895046830177307,-0.03942897915840149,0.21773496270179749,0.4379212260246277,-0.0374324731528759,0.20263218879699707,0.4395635724067688,-0.037042275071144104,0.1460631787776947,0.4432692229747772,-0.03214089199900627,0.19954520463943481,0.4501250386238098,-0.04386340454220772,0.2059308886528015,0.4600589871406555,-0.04544009268283844,0.19566231966018677,0.46218985319137573,-0.045927587896585464,thumbs_up,RRQ_p10,RRQ
0.4670286476612091,0.7883905172348022,3.896483065091161e-07,0.4458617568016052,0.7367517948150635,-0.015138601884245872,0.45370611548423767,0.6793898344039917,-0.022614579647779465,0.4830087125301361,0.6456156969070435,-0.031974341720342636,0.5032840967178345,0.6247697472572327,-0.040531087666749954,0.4768579602241516,0.5975314974784851,-0.006273746490478516,0.48289188742637634,0.5261911749839783,-0.021416254341602325,0.48659074306488037,0.4795037508010864,-0.031649332493543625,0.48833611607551575,0.44010937213897705,-0.03738989308476448,0.5055171847343445,0.6072076559066772,-0.01270837802439928,0.5304627418518066,0.5266404151916504,-0.028962349519133568,0.5437613129615784,0.4726676046848297,-0.0407203733921051,0.5527995824813843,0.4275485873222351,-0.04600328579545021,0.526038408279419,0.6356204748153687,-0.02181980200111866,0.5407105088233948,0.5986201763153076,-0.04854898527264595,0.5225955843925476,0.6276158690452576,-0.05577217414975166,0.507423460483551,0.6516109704971313,-0.05243974179029465,0.5391941070556641,0.6740729212760925,-0.031835827976465225,0.5472912192344666,0.6466701030731201,-0.051089487969875336,0.5263224244117737,0.6710455417633057,-0.049134377390146255,0.5081667304039001,0.6954665780067444,-0.042686689645051956,peace_sign,RRQ_p10,RRQ
0.42565739154815674,0.8935444355010986,4.0772388842924556e-07,0.3998069763183594,0.8440830111503601,-0.012881464324891567,0.40140825510025024,0.7857332229614258,-0.020365430042147636,0.4283248484134674,0.7554776072502136,-0.030557436868548393,0.4496990442276001,0.7379875183105469,-0.03992919623851776,0.4289393723011017,0.7045657634735107,-0.006544679403305054,0.4304625689983368,0.6290680170059204,-0.020561279729008675,0.4312008023262024,0.5811189413070679,-0.029184430837631226,0.4319712817668915,0.5418230295181274,-0.03441011905670166,0.4586077332496643,0.7142382860183716,-0.013820900581777096,0.47920775413513184,0.6354246139526367,-0.030338892713189125,0.4909093379974365,0.582572340965271,-0.04180063679814339,0.5003069043159485,0.5411643385887146,-0.04717894271016121,0.47952356934547424,0.7422701716423035,-0.02341580204665661,0.48443707823753357,0.7020532488822937,-0.04930846765637398,0.46475109457969666,0.7407283186912537,-0.053816962987184525,0.45222193002700806,0.7735691070556641,-0.048782557249069214,0.4938521981239319,0.7791683077812195,-0.03398420661687851,0.49003925919532776,0.7541746497154236,-0.053443025797605515,0.4677763283252716,0.7794727683067322,-0.05198315158486366,0.45233669877052307,0.803682804107666,-0.04586784541606903,peace_sign,RRQ_p10,RRQ
0.5550450682640076,0.933375358581543,7.414055858134816e-07,0.5191892385482788,0.8597374558448792,-0.04981590807437897,0.5303000807762146,0.7631629109382629,-0.07448717951774597,0.5993983745574951,0.7015783786773682,-0.09899197518825531,0.6547438502311707,0.6618793606758118,-0.11948732286691666,0.5472647547721863,0.5914323925971985,-0.033690132200717926,0.5340610146522522,0.45047199726104736,-0.07206600904464722,0.5269185304641724,0.3601036071777344,-0.09638730436563492,0.520225465297699,0.2830841541290283,-0.11122108995914459,0.6077985763549805,0.5980200171470642,-0.03885119780898094,0.6304280757904053,0.44139501452445984,-0.08104541897773743,0.6426472663879395,0.34425514936447144,-0.10727567970752716,0.651147723197937,0.2575203776359558,-0.1183067113161087,0.6524791717529297,0.649114727973938,-0.050710245966911316,0.683223307132721,0.5868076682090759,-0.11199231445789337,0.6553922891616821,0.6771146655082703,-0.11943723261356354,0.631705105304718,0.7378370761871338,-0.10547561943531036,0.685417890548706,0.7249067425727844,-0.06670941412448883,0.7101585268974304,0.6952025890350342,-0.1132218986749649,0.678355872631073,0.7557370662689209,-0.11061808466911316,0.6508524417877197,0.8010925054550171,-0.09639403969049454,peace_sign,RRQ_p10,RRQ
0.511152982711792,0.600898265838623,3.328686659642699e-07,0.4922885298728943,0.5499811768531799,-0.013021145015954971,0.49887317419052124,0.4941355586051941,-0.018768275156617165,0.5255600214004517,0.4555824100971222,-0.026958758011460304,0.547494113445282,0.4290783107280731,-0.03386053070425987,0.5090454816818237,0.43082404136657715,-0.0008255408029071987,0.5071252584457397,0.3644329905509949,-0.01423210371285677,0.5055608153343201,0.32115238904953003,-0.022687723860144615,0.5047149658203125,0.28479188680648804,-0.027954380959272385,0.536682665348053,0.43784087896347046,-0.0068529630079865456,0.5514037013053894,0.3646252155303955,-0.0232514888048172,0.5598890781402588,0.31831789016723633,-0.03493218868970871,0.5683859586715698,0.28030192852020264,-0.040462322533130646,0.5574003458023071,0.4627118408679962,-0.015471268445253372,0.5702002644538879,0.4193560779094696,-0.0406336635351181,0.554263174533844,0.4576735496520996,-0.04235098883509636,0.5439644455909729,0.48722559213638306,-0.03562796488404274,0.5727748870849609,0.49724361300468445,-0.025186462327837944,0.5778899192810059,0.468331903219223,-0.04287928342819214,0.5607538223266602,0.4910206198692322,-0.03936673700809479,0.5481672286987305,0.5113400816917419,-0.03201032802462578,peace_sign,RRQ_p10,RRQ
0.1378912478685379,0.614851713180542,4.6751856075388787e-07,0.17736783623695374,0.5947512984275818,-0.018305230885744095,0.19659879803657532,0.5547652244567871,-0.027797918766736984,0.18783895671367645,0.5164815187454224,-0.0384625680744648,0.1700928807258606,0.48809319734573364,-0.04798616096377373,0.20728753507137299,0.45551449060440063,-0.013077803887426853,0.23741742968559265,0.39536231756210327,-0.030436230823397636,0.25409144163131714,0.3561793267726898,-0.041877686977386475,0.266217440366745,0.32327717542648315,-0.048665642738342285,0.17714403569698334,0.4419941008090973,-0.01759687252342701,0.1889355480670929,0.36019089818000793,-0.03636141121387482,0.19744744896888733,0.30945539474487305,-0.04822750389575958,0.20452110469341278,0.2682305872440338,-0.054053038358688354,0.1456073820590973,0.4523208737373352,-0.024538492783904076,0.14791463315486908,0.4045833349227905,-0.05213196203112602,0.15462976694107056,0.4440743923187256,-0.05663774907588959,0.15855546295642853,0.48072999715805054,-0.05126718059182167,0.11549359560012817,0.47805774211883545,-0.032906629145145416,0.11534108221530914,0.45060044527053833,-0.054673317819833755,0.12520837783813477,0.472164124250412,-0.054526437073946,0.13342195749282837,0.49544721841812134,-0.04855076223611832,peace_sign,RRQ_p10,RRQ
0.13538601994514465,0.44348472356796265,4.270978877229936e-07,0.17452090978622437,0.41984033584594727,-0.020946413278579712,0.18865042924880981,0.37531375885009766,-0.030261212959885597,0.17093288898468018,0.32768648862838745,-0.039336901158094406,0.14560353755950928,0.2985454499721527,-0.047361090779304504,0.2041839361190796,0.29463034868240356,-0.017467280849814415,0.23495765030384064,0.23229989409446716,-0.03401855006814003,0.251478910446167,0.1952590048313141,-0.046340517699718475,0.26382976770401,0.16126495599746704,-0.05488235130906105,0.1750553548336029,0.2755286395549774,-0.0192476287484169,0.19071871042251587,0.19766607880592346,-0.036383140832185745,0.20012173056602478,0.14956001937389374,-0.04981387406587601,0.20851871371269226,0.10648958384990692,-0.05851917713880539,0.1459016650915146,0.2804451882839203,-0.02316265180706978,0.14821960031986237,0.2256682813167572,-0.046384360641241074,0.14841005206108093,0.26316314935684204,-0.05182003229856491,0.14806705713272095,0.2976418137550354,-0.049466297030448914,0.11718347668647766,0.30214375257492065,-0.02887563593685627,0.11300806701183319,0.2628769874572754,-0.046229179948568344,0.11726900935173035,0.2789800763130188,-0.046611636877059937,0.12193305790424347,0.3005882799625397,-0.04309496656060219,peace_sign,RRQ_p10,RRQ
0.10731931030750275,0.6023308038711548,4.658582781758014e-07,0.12344848364591599,0.4714820683002472,0.033915553241968155,0.17719131708145142,0.39657071232795715,0.03480006009340286,0.23336364328861237,0.3632964789867401,0.02682100236415863,0.28128665685653687,0.3585226833820343,0.019600994884967804,0.20186354219913483,0.3386203944683075,-0.006762275472283363,0.2572172284126282,0.23184502124786377,-0.029169799759984016,0.2897288203239441,0.15739566087722778,-0.0438678115606308,0.3165910542011261,0.10266804695129395,-0.05212092772126198,0.23257070779800415,0.3816322386264801,-0.03227778151631355,0.3238614797592163,0.28744927048683167,-0.05429023504257202,0.3766888380050659,0.22545549273490906,-0.06556597352027893,0.41569703817367554,0.18486100435256958,-0.07219628244638443,0.2570159137248993,0.43856948614120483,-0.05130244046449661,0.3361434042453766,0.3735857903957367,-0.055231861770153046,0.3146054744720459,0.3863184452056885,-0.030004452913999557,0.28768888115882874,0.40575772523880005,-0.00941633153706789,0.27415505051612854,0.5042238235473633,-0.06918952614068985,0.33670535683631897,0.44275549054145813,-0.05392281338572502,0.316237211227417,0.4476028382778168,-0.020181959494948387,0.2899804413318634,0.4654678702354431,0.006653639022260904,peace_sign,RRQ_p10,RRQ
0.1932835429906845,0.6046714186668396,2.7854730433318764e-07,0.1951766312122345,0.53150874376297,0.014842420816421509,0.22323329746723175,0.483771413564682,0.013429602608084679,0.2548959255218506,0.4647495150566101,0.0072687468491494656,0.28152352571487427,0.4658409059047699,0.0012388210743665695,0.2312951683998108,0.4445866048336029,-0.006493132561445236,0.25570088624954224,0.3732393980026245,-0.01898665353655815,0.2698105275630951,0.3271915912628174,-0.026559317484498024,0.28094127774238586,0.2918303906917572,-0.03113759122788906,0.2544822692871094,0.46178367733955383,-0.020230809226632118,0.29878702759742737,0.3944094181060791,-0.0311336237937212,0.32512882351875305,0.35233569145202637,-0.03690838813781738,0.3449905812740326,0.32189562916755676,-0.04073730483651161,0.27259156107902527,0.4909147620201111,-0.030955176800489426,0.31608110666275024,0.44772154092788696,-0.033327843993902206,0.3044547438621521,0.4621005654335022,-0.02037082053720951,0.28945958614349365,0.47613826394081116,-0.010070545598864555,0.2867356836795807,0.526964545249939,-0.04152163863182068,0.31710708141326904,0.4936451017856598,-0.03550674021244049,0.30578160285949707,0.5032165050506592,-0.0190595556050539,0.29178911447525024,0.5151033997535706,-0.005929481238126755,peace_sign,RRQ_p10,RRQ
0.6353175640106201,0.8134132623672485,1.4576246485376032e-06,0.6022149324417114,0.7639667987823486,-0.1339801847934723,0.6056302785873413,0.6819676160812378,-0.1968940794467926,0.6629486680030823,0.6355569362640381,-0.24512134492397308,0.728263258934021,0.5792368650436401,-0.2885705530643463,0.6187705993652344,0.4975399076938629,-0.11167892813682556,0.6111815571784973,0.3603738248348236,-0.17263901233673096,0.6056923866271973,0.2573586702346802,-0.2121472954750061,0.603589653968811,0.1783234179019928,-0.23714874684810638,0.6781304478645325,0.5136885046958923,-0.08289144188165665,0.7038122415542603,0.3497495651245117,-0.14460624754428864,0.729383111000061,0.24234619736671448,-0.1849190592765808,0.7492086291313171,0.14563503861427307,-0.20590569078922272,0.7258306741714478,0.5601968765258789,-0.06980971246957779,0.7707908153533936,0.4897816479206085,-0.16979750990867615,0.7698929309844971,0.5901912450790405,-0.21316945552825928,0.7586730122566223,0.6642376184463501,-0.21734276413917542,0.7621902823448181,0.6129860877990723,-0.06576671451330185,0.7978923916816711,0.5950066447257996,-0.15550561249256134,0.7908550500869751,0.6641671657562256,-0.1912703514099121,0.7739444375038147,0.7194976806640625,-0.2015109360218048,peace_sign,RRQ_p10,RRQ
0.5673072934150696,0.6607080698013306,4.070022328050982e-07,0.5359909534454346,0.6125747561454773,-0.013487939722836018,0.5184398889541626,0.5567033290863037,-0.026134217157959938,0.5152077674865723,0.5189294219017029,-0.04154527932405472,0.5357471108436584,0.5039620399475098,-0.05621772259473801,0.5621462464332581,0.4743397831916809,-0.01825104095041752,0.5670865178108215,0.39681872725486755,-0.037960417568683624,0.5667940378189087,0.34882956743240356,-0.04962139576673508,0.5686402320861816,0.3083418607711792,-0.05715020000934601,0.592857301235199,0.4869844615459442,-0.026523640379309654,0.6061912178993225,0.40098679065704346,-0.04893992096185684,0.6125126481056213,0.34504783153533936,-0.06301085650920868,0.6187810897827148,0.2996407151222229,-0.07005529850721359,0.6171610951423645,0.5153221487998962,-0.03609025105834007,0.6013413667678833,0.4640420973300934,-0.06664378941059113,0.5674836039543152,0.4993920624256134,-0.07131445407867432,0.5444636940956116,0.5339794158935547,-0.06610842049121857,0.6315409541130066,0.5516525506973267,-0.046418335288763046,0.5983046293258667,0.5305972695350647,-0.0699826329946518,0.5668153762817383,0.5505555272102356,-0.07085061818361282,0.546904981136322,0.5712863206863403,-0.06581447273492813,peace_sign,RRQ_p10,RRQ
0.5747831463813782,0.78494793176651,3.609363545820088e-07,0.5508475303649902,0.7392911314964294,-0.01800130307674408,0.5541544556617737,0.6816602945327759,-0.02737131156027317,0.5797815322875977,0.638832151889801,-0.03822648152709007,0.6004184484481812,0.6098717451095581,-0.04778265208005905,0.5663581490516663,0.6019973158836365,-0.011091005988419056,0.5629244446754456,0.53062903881073,-0.027846356853842735,0.5607205033302307,0.48343420028686523,-0.03913288190960884,0.5594830513000488,0.4442262649536133,-0.046342115849256516,0.5943002700805664,0.6072550415992737,-0.016105765476822853,0.6071217656135559,0.5269175171852112,-0.03477312996983528,0.6133466362953186,0.4765053987503052,-0.04809727892279625,0.620993435382843,0.4349852502346039,-0.055071622133255005,0.6165194511413574,0.632178544998169,-0.023752354085445404,0.629843533039093,0.5871091485023499,-0.05025598406791687,0.6104284524917603,0.6207175850868225,-0.054831791669130325,0.5967251658439636,0.6513457298278809,-0.05037756264209747,0.6327880024909973,0.6686555743217468,-0.03288644552230835,0.6415249109268188,0.6375938057899475,-0.051728080958127975,0.6253728866577148,0.6546502709388733,-0.050364360213279724,0.612514078617096,0.6748142838478088,-0.044720232486724854,peace_sign,RRQ_p10,RRQ
0.6769890785217285,0.852509617805481,7.328691822294786e-07,0.6302791237831116,0.776134729385376,-0.05696817860007286,0.6312021017074585,0.656825065612793,-0.08477537333965302,0.6928659677505493,0.5627884864807129,-0.11224373430013657,0.7480432987213135,0.4985910654067993,-0.13561613857746124,0.6329734325408936,0.47339916229248047,-0.03789040073752403,0.6081962585449219,0.318241685628891,-0.07882208377122879,0.5935114026069641,0.22267603874206543,-0.10549890249967575,0.5836815237998962,0.13853561878204346,-0.12357690185308456,0.6996029615402222,0.47178518772125244,-0.042601920664310455,0.7016476988792419,0.29170775413513184,-0.09005279839038849,0.7047699689865112,0.18379253149032593,-0.12383420020341873,0.7101871371269226,0.08275589346885681,-0.14187441766262054,0.7549980282783508,0.5187544822692871,-0.054185591638088226,0.7869675159454346,0.4214251637458801,-0.12275504320859909,0.766457200050354,0.5272554159164429,-0.13207049667835236,0.7480047345161438,0.6022377014160156,-0.11942250281572342,0.8021327257156372,0.5952459573745728,-0.07030805945396423,0.826409101486206,0.5386411547660828,-0.12391448765993118,0.799959123134613,0.6121183037757874,-0.12293265759944916,0.7773489952087402,0.6709797978401184,-0.10998848080635071,peace_sign,RRQ_p10,RRQ
0.7072030305862427,0.8527734279632568,8.478187396576686e-07,0.7166306376457214,0.727394163608551,0.012177085503935814,0.6740212440490723,0.6116079688072205,0.00047221416025422513,0.6087489724159241,0.5700275897979736,-0.01583629474043846,0.5527116060256958,0.5613890290260315,-0.034675467759370804,0.6929904818534851,0.5587877035140991,-0.04383444786071777,0.6754199266433716,0.4091099500656128,-0.07543876022100449,0.6671233773231506,0.3170821964740753,-0.09098060429096222,0.6579428911209106,0.24474549293518066,-0.09789317846298218,0.6558883190155029,0.5885233879089355,-0.06480122357606888,0.6102867126464844,0.4271354079246521,-0.0909077525138855,0.582100510597229,0.33089596033096313,-0.09987571090459824,0.5534061193466187,0.25688785314559937,-0.10537059605121613,0.616737425327301,0.6388229131698608,-0.08079686015844345,0.535114049911499,0.5391323566436768,-0.10321420431137085,0.5508219003677368,0.577556848526001,-0.08967862278223038,0.5731834769248962,0.6139187216758728,-0.07373052090406418,0.581829309463501,0.6987823247909546,-0.09511709213256836,0.5216003060340881,0.6214832663536072,-0.10499647259712219,0.5377476811408997,0.6454213857650757,-0.08545292913913727,0.5595023036003113,0.6729409694671631,-0.06681844592094421,peace_sign,RRQ_p10,RRQ
0.13113419711589813,0.6436913013458252,6.4019502588053e-07,0.14753158390522003,0.5322847366333008,0.0074309599585831165,0.20468273758888245,0.44864919781684875,-0.003488855669274926,0.27081647515296936,0.4241982698440552,-0.016653699800372124,0.32321739196777344,0.4257934093475342,-0.029195504263043404,0.2146211564540863,0.4028814733028412,-0.049594808369874954,0.2926950454711914,0.29153189063072205,-0.0761854499578476,0.3379257321357727,0.2254626452922821,-0.08992943167686462,0.37394043803215027,0.17427843809127808,-0.09723173826932907,0.24197301268577576,0.4629327356815338,-0.06550511717796326,0.3487529456615448,0.3604688048362732,-0.08985845744609833,0.4096361994743347,0.30512166023254395,-0.09674394130706787,0.45821821689605713,0.2629903256893158,-0.10119037330150604,0.26854756474494934,0.5288720726966858,-0.07649051398038864,0.36509478092193604,0.44031238555908203,-0.09514465183019638,0.3380303382873535,0.4523938000202179,-0.07659503072500229,0.30514103174209595,0.4751761257648468,-0.058716826140880585,0.2914898097515106,0.5939900279045105,-0.0868844985961914,0.3634738326072693,0.5117351412773132,-0.09055593609809875,0.33918142318725586,0.5136365294456482,-0.06618300825357437,0.31154271960258484,0.5331876277923584,-0.045218124985694885,peace_sign,RRQ_p10,RRQ
0.19687122106552124,0.7139222621917725,6.730608106408908e-07,0.2607054114341736,0.6785875558853149,-0.02909848466515541,0.29015010595321655,0.6118661165237427,-0.045798130333423615,0.2761065363883972,0.5604132413864136,-0.06490451842546463,0.23491445183753967,0.5308653116226196,-0.08350872248411179,0.27669116854667664,0.4538624584674835,-0.025183701887726784,0.30756235122680664,0.35130631923675537,-0.05504792556166649,0.3257112503051758,0.28647860884666443,-0.0749746710062027,0.3373450040817261,0.2265673577785492,-0.08764004707336426,0.22941476106643677,0.44486308097839355,-0.03531947359442711,0.22503434121608734,0.31350627541542053,-0.07094427943229675,0.2223317176103592,0.23017142713069916,-0.09405335038900375,0.21829108893871307,0.15982410311698914,-0.10601232200860977,0.1867738962173462,0.47278252243995667,-0.048660073429346085,0.18526816368103027,0.4034673273563385,-0.0995444804430008,0.20584630966186523,0.4778556227684021,-0.10601706057786942,0.21852587163448334,0.5355926752090454,-0.09493336826562881,0.14841654896736145,0.523741602897644,-0.0639282688498497,0.1422189623117447,0.4642060101032257,-0.10170615464448929,0.1652466356754303,0.5066404938697815,-0.09749217331409454,0.18430422246456146,0.5514506101608276,-0.08439721167087555,peace_sign,RRQ_p10,RRQ
0.5729255080223083,0.5239278674125671,-3.9080032365745865e-07,0.5645803213119507,0.48440635204315186,0.012212592177093029,0.5777188539505005,0.4625106453895569,0.02100641280412674,0.5908046364784241,0.4444563686847687,0.02320212870836258,0.6011599898338318,0.4252105951309204,0.02471577748656273,0.6093138456344604,0.45730847120285034,0.04266420006752014,0.6113001108169556,0.42748042941093445,0.03993557021021843,0.5953753590583801,0.4127829968929291,0.03092139959335327,0.5779592990875244,0.412650465965271,0.02667306736111641,0.621025025844574,0.4558861255645752,0.03458993136882782,0.621680498123169,0.41640791296958923,0.030829953029751778,0.6005747318267822,0.4101157486438751,0.01754552125930786,0.5807583332061768,0.41811326146125793,0.01103064976632595,0.6356086134910583,0.4585338532924652,0.024873320013284683,0.6348187923431396,0.41478636860847473,0.02019173838198185,0.610446572303772,0.4116927981376648,0.009943739511072636,0.5909795761108398,0.4253615140914917,0.006143215112388134,0.6515360474586487,0.4632595479488373,0.01582166738808155,0.6491029858589172,0.42125239968299866,0.015671106055378914,0.630882978439331,0.41102156043052673,0.014946998097002506,0.612655758857727,0.41779854893684387,0.016128748655319214,neutral,RRQ_p10,RRQ
0.48506784439086914,0.5836854577064514,-3.8721628925486584e-07,0.4468561112880707,0.569063663482666,0.01618940569460392,0.4200385510921478,0.5420148968696594,0.020396806299686432,0.4005178213119507,0.5281476974487305,0.019091865047812462,0.38377803564071655,0.5219205021858215,0.016228551045060158,0.42137905955314636,0.4765866696834564,0.021332092583179474,0.3767697811126709,0.49964776635169983,0.015013509429991245,0.35758844017982483,0.5305164456367493,0.005389027763158083,0.34942325949668884,0.5557975769042969,-9.291075548389927e-05,0.4167490005493164,0.4764860272407532,0.00950070284307003,0.36859196424484253,0.5012331008911133,0.006420699879527092,0.35091954469680786,0.5365169048309326,-0.003258534474298358,0.34168827533721924,0.5672467350959778,-0.010597757995128632,0.41219717264175415,0.48571354150772095,-0.0018985295901075006,0.36362355947494507,0.5038655400276184,-0.004276904743164778,0.3471219539642334,0.5376574993133545,-0.010134209878742695,0.3402983546257019,0.5657047629356384,-0.01464973483234644,0.40471819043159485,0.5015776753425598,-0.01214742474257946,0.36730796098709106,0.5020508766174316,-0.012295244261622429,0.3540535569190979,0.5174578428268433,-0.011609505861997604,0.34858232736587524,0.5363340973854065,-0.011180312372744083,neutral,RRQ_p10,RRQ
0.433907687664032,0.5984209179878235,-3.437681641571544e-07,0.3865337371826172,0.619975745677948,0.012343097478151321,0.3483387231826782,0.6220026016235352,0.012543562799692154,0.3223245143890381,0.6308688521385193,0.007906938903033733,0.300675630569458,0.6424978375434875,0.0025240823160856962,0.3310174345970154,0.5367754101753235,0.011783012188971043,0.28459030389785767,0.5620525479316711,0.0011358405463397503,0.26509910821914673,0.5958883762359619,-0.008620518259704113,0.2570737600326538,0.62645024061203,-0.013915359042584896,0.3340024948120117,0.5386878252029419,0.00017957000818569213,0.2817624807357788,0.5842529535293579,-0.008277702145278454,0.26944637298583984,0.6285660862922668,-0.017857089638710022,0.2680954337120056,0.6653357148170471,-0.02479572780430317,0.3389590382575989,0.5522448420524597,-0.011583272367715836,0.2873178720474243,0.5986117124557495,-0.020393729209899902,0.2767699062824249,0.6427509188652039,-0.026603514328598976,0.2761761248111725,0.6782153248786926,-0.030243225395679474,0.3445426821708679,0.576457142829895,-0.022138824686408043,0.30106469988822937,0.6078011989593506,-0.02799961343407631,0.2859049141407013,0.6364572644233704,-0.030462440103292465,0.279224157333374,0.6631879806518555,-0.03183189406991005,neutral,RRQ_p10,RRQ
0.37853187322616577,0.7954612374305725,2.005361352530599e-07,0.3502764403820038,0.7351452708244324,0.01661316491663456,0.3224855959415436,0.6935762763023376,0.015995774418115616,0.2982920706272125,0.667204737663269,0.011740916408598423,0.27368757128715515,0.6522234082221985,0.005770890507847071,0.31655144691467285,0.6652949452400208,-0.01107117347419262,0.28738081455230713,0.6063258051872253,-0.02559000253677368,0.2604300081729889,0.5763384103775024,-0.03351305052638054,0.23706607520580292,0.5539522171020508,-0.037957895547151566,0.31049877405166626,0.6825212240219116,-0.02700074203312397,0.26832082867622375,0.6248179078102112,-0.04188922420144081,0.233196422457695,0.5961652398109436,-0.04914327710866928,0.20426228642463684,0.575474202632904,-0.05401869863271713,0.30256348848342896,0.7129160761833191,-0.04054997116327286,0.2519318461418152,0.6725541949272156,-0.053056586533784866,0.21444475650787354,0.6505954265594482,-0.05965595692396164,0.18686515092849731,0.6326290965080261,-0.06387253105640411,0.29355597496032715,0.7522709369659424,-0.05169600620865822,0.2474205642938614,0.7332315444946289,-0.06327734142541885,0.21827077865600586,0.7181107997894287,-0.0677180215716362,0.19419607520103455,0.701224684715271,-0.06993380188941956,neutral,RRQ_p10,RRQ
0.3785400986671448,0.6184852123260498,6.617074888026764e-08,0.3676351308822632,0.5787434577941895,0.006265947595238686,0.3810078799724579,0.5571090579032898,0.0086717139929533,0.3906850516796112,0.5439729690551758,0.007961856201291084,0.39696165919303894,0.5290526151657104,0.006952914875000715,0.42877665162086487,0.5366214513778687,0.017561377957463264,0.44457849860191345,0.5001860857009888,0.01653069071471691,0.45414620637893677,0.47067609429359436,0.01368053536862135,0.460430383682251,0.44590044021606445,0.011205981485545635,0.43408289551734924,0.5359447598457336,0.009457670152187347,0.4538011848926544,0.4922199845314026,0.008991538546979427,0.4608917832374573,0.46330171823501587,0.006089473143219948,0.46692025661468506,0.43975406885147095,0.0036137832794338465,0.4314986765384674,0.5311329960823059,0.00024565058993175626,0.45016515254974365,0.4845529794692993,-0.0014502539997920394,0.4584111273288727,0.45543134212493896,-0.0038921614177525043,0.46540898084640503,0.43285518884658813,-0.0057059722021222115,0.420321524143219,0.5184438228607178,-0.009088794700801373,0.4353911578655243,0.4792395830154419,-0.008665008470416069,0.44435498118400574,0.457344651222229,-0.00748317688703537,0.45252054929733276,0.43948352336883545,-0.00718687055632472,neutral,RRQ_p10,RRQ
0.3013182282447815,0.9148322343826294,-2.7628155407910526e-07,0.25226566195487976,0.9040197134017944,0.014213538728654385,0.22033172845840454,0.8741031289100647,0.013780522160232067,0.19626207649707794,0.852927565574646,0.0076707168482244015,0.17382284998893738,0.8390312194824219,0.0007843031198717654,0.21833865344524384,0.8078567981719971,0.006629883777350187,0.16854332387447357,0.7871705293655396,-0.007951362058520317,0.1375843584537506,0.7939627766609192,-0.01849767006933689,0.11405587196350098,0.8081280589103699,-0.023613128811120987,0.2241990566253662,0.8086766600608826,-0.007601270452141762,0.15701085329055786,0.8203854560852051,-0.019863486289978027,0.12259861826896667,0.854351818561554,-0.027107197791337967,0.10405097901821136,0.8842758536338806,-0.031804054975509644,0.22800016403198242,0.8230372667312622,-0.021936673671007156,0.16393543779850006,0.8465570211410522,-0.03275395557284355,0.13717235624790192,0.8863846063613892,-0.03666401654481888,0.1252245008945465,0.9182887077331543,-0.038473471999168396,0.22938036918640137,0.8474224805831909,-0.03540300205349922,0.18081766366958618,0.8686894774436951,-0.04262370616197586,0.1613544076681137,0.8937409520149231,-0.044509079307317734,0.15123100578784943,0.9161196351051331,-0.04492060840129852,neutral,RRQ_p10,RRQ
0.2803072929382324,0.731781542301178,-2.6750308279588353e-07,0.30020374059677124,0.6932757496833801,0.006540365517139435,0.3064816892147064,0.6477692723274231,0.005534762516617775,0.29497620463371277,0.617823600769043,0.001580770593136549,0.27670642733573914,0.6017727255821228,-0.002781908493489027,0.32811200618743896,0.6256831288337708,0.004794098902493715,0.29663676023483276,0.5834289789199829,-0.0057516805827617645,0.27317774295806885,0.5816901326179504,-0.013923761434853077,0.26052358746528625,0.5900216102600098,-0.01791428215801716,0.31640979647636414,0.6179064512252808,-0.002058755373582244,0.28440791368484497,0.5737716555595398,-0.00867073331028223,0.26144126057624817,0.5780035257339478,-0.01150753814727068,0.24834205210208893,0.589990496635437,-0.012851902283728123,0.29951807856559753,0.6154592037200928,-0.009217334911227226,0.26525717973709106,0.5743333101272583,-0.014280229806900024,0.2424049973487854,0.5809763073921204,-0.015834027901291847,0.23125243186950684,0.5921257138252258,-0.016743049025535583,0.27927732467651367,0.6179192662239075,-0.016026867553591728,0.24941711127758026,0.5927785634994507,-0.020215880125761032,0.23052039742469788,0.5919188261032104,-0.02187737263739109,0.2186448723077774,0.593400776386261,-0.022363923490047455,neutral,RRQ_p10,RRQ
0.45756179094314575,0.5485767722129822,-3.9340150692623865e-07,0.4455496072769165,0.5087876319885254,0.015552734024822712,0.45159417390823364,0.4689517915248871,0.024910323321819305,0.452907919883728,0.442391037940979,0.027839794754981995,0.45381075143814087,0.41691190004348755,0.029968511313199997,0.49333423376083374,0.4603756368160248,0.03885187581181526,0.4884386956691742,0.4214667081832886,0.0376177579164505,0.4720126986503601,0.39813581109046936,0.029679372906684875,0.4561343193054199,0.38637295365333557,0.024794645607471466,0.5025267004966736,0.4568701982498169,0.02740660309791565,0.4976046085357666,0.4083740711212158,0.028062790632247925,0.47583141922950745,0.38631173968315125,0.019352484494447708,0.45707637071609497,0.3777405917644501,0.01322789303958416,0.5107182860374451,0.45652976632118225,0.014600777998566628,0.5132465958595276,0.4034181535243988,0.015410426072776318,0.49128302931785583,0.3828415274620056,0.01079061534255743,0.4735170006752014,0.37720659375190735,0.0075387717224657536,0.517959713935852,0.4570109248161316,0.0022327674087136984,0.5237134099006653,0.40974071621894836,0.005424614530056715,0.5092340111732483,0.38722795248031616,0.0077093373984098434,0.49405959248542786,0.3778931796550751,0.008956235833466053,neutral,RRQ_p10,RRQ
0.5724806189537048,0.5465860962867737,-2.0966037084235722e-07,0.5857972502708435,0.512553334236145,0.006037009414285421,0.5777656435966492,0.4738503694534302,0.008230417035520077,0.5587078332901001,0.45572447776794434,0.007916531525552273,0.5418150424957275,0.45022937655448914,0.008061336353421211,0.5835413336753845,0.4482938051223755,0.009207240305840969,0.5551925301551819,0.4372430145740509,0.00689418101683259,0.5506271123886108,0.4537934958934784,0.0038338054437190294,0.5557640790939331,0.4672866761684418,0.0020903951954096556,0.5655602812767029,0.445966511964798,0.00399431586265564,0.5387915372848511,0.42940258979797363,0.0015639163320884109,0.5349152088165283,0.448585569858551,-0.00042975525138899684,0.5405085682868958,0.46448197960853577,-0.0014688285300508142,0.5442413091659546,0.44982829689979553,-0.0011040893150493503,0.5193874835968018,0.4233503043651581,-0.004405160900205374,0.5165290236473083,0.4431810677051544,-0.004129428882151842,0.5231578350067139,0.4599181115627289,-0.0034135719761252403,0.5232842564582825,0.45716142654418945,-0.005615886300802231,0.5039213299751282,0.431062787771225,-0.008414874784648418,0.48903533816337585,0.41839224100112915,-0.008595052175223827,0.4795275032520294,0.4075053036212921,-0.008365142159163952,neutral,RRQ_p10,RRQ
0.2558525502681732,0.683603823184967,2.145073985104773e-08,0.27007433772087097,0.6317686438560486,0.002841795329004526,0.2586623430252075,0.5939947366714478,0.0035239465069025755,0.24617823958396912,0.5684133172035217,0.00376602029427886,0.2381225973367691,0.5534824132919312,0.004328928422182798,0.21050392091274261,0.5740429759025574,0.0026916274800896645,0.21074579656124115,0.5462411642074585,0.0008112975629046559,0.2193944901227951,0.543548583984375,-0.0026160243432968855,0.22843176126480103,0.5491593480110168,-0.004680056124925613,0.18965990841388702,0.5946537256240845,0.0010377300204709172,0.18676885962486267,0.5656924247741699,0.0017377317417412996,0.19748817384243011,0.5652326345443726,0.0014341650530695915,0.20742100477218628,0.5732458233833313,0.0007730918005108833,0.1779458224773407,0.6210066080093384,-0.00028237912920303643,0.16803131997585297,0.5940563678741455,0.0018593642162159085,0.17615732550621033,0.5875793695449829,0.003164755878970027,0.1860048621892929,0.5895532965660095,0.0029443539679050446,0.17338615655899048,0.647899329662323,-0.0012120946776121855,0.1632784605026245,0.6308162212371826,0.0027779622469097376,0.16770024597644806,0.6214235424995422,0.0068616061471402645,0.17375554144382477,0.6191841959953308,0.009501787833869457,neutral,RRQ_p10,RRQ
0.4147413671016693,0.8633897304534912,1.233462114669237e-07,0.40555185079574585,0.8009579181671143,0.0027524600736796856,0.380646675825119,0.7511816024780273,-0.006195572204887867,0.3458009362220764,0.7262758612632751,-0.013964327052235603,0.31720298528671265,0.7187569737434387,-0.024066757410764694,0.3893512785434723,0.7362120151519775,-0.04316302761435509,0.34859538078308105,0.6758458018302917,-0.05982575565576553,0.31884151697158813,0.6455711126327515,-0.06674829870462418,0.2947504222393036,0.6237263679504395,-0.0709286779165268,0.3813934326171875,0.7742760181427002,-0.05192023515701294,0.31443607807159424,0.7217375636100769,-0.06708870083093643,0.27309364080429077,0.697471022605896,-0.0727420374751091,0.24412888288497925,0.6810204982757568,-0.07816765457391739,0.36684802174568176,0.8135755658149719,-0.05752304568886757,0.29814109206199646,0.7728363871574402,-0.07038462162017822,0.2587815821170807,0.75359046459198,-0.07513705641031265,0.23301304876804352,0.73772794008255,-0.07919560372829437,0.34979012608528137,0.849575400352478,-0.06116396188735962,0.2924834191799164,0.8302476406097412,-0.07383604347705841,0.2625061273574829,0.8222301006317139,-0.0775114968419075,0.24040648341178894,0.8124316334724426,-0.07953035086393356,neutral,RRQ_p10,RRQ
