x0,y0,z0,x1,y1,z1,x2,y2,z2,x3,y3,z3,x4,y4,z4,x5,y5,z5,x6,y6,z6,x7,y7,z7,x8,y8,z8,x9,y9,z9,x10,y10,z10,x11,y11,z11,x12,y12,z12,x13,y13,z13,x14,y14,z14,x15,y15,z15,x16,y16,z16,x17,y17,z17,x18,y18,z18,x19,y19,z19,x20,y20,z20,label,person_id,collector
0.6322405338287354,0.7211947441101074,2.2209160732700184e-08,0.5946427583694458,0.7146792411804199,-0.017596689984202385,0.5588504076004028,0.7052484750747681,-0.03762417659163475,0.5477203130722046,0.7278881669044495,-0.05811691656708717,0.5581896901130676,0.7562875747680664,-0.0803484246134758,0.5805521011352539,0.5986183285713196,-0.04133373126387596,0.5808632373809814,0.5515647530555725,-0.06217227131128311,0.5783047676086426,0.5189734697341919,-0.07735005021095276,0.576076090335846,0.48928946256637573,-0.09040383994579315,0.6209823489189148,0.5856527090072632,-0.04742274805903435,0.6127734780311584,0.6378949284553528,-0.07423609495162964,0.5974931120872498,0.684989333152771,-0.08271780610084534,0.5885722637176514,0.7074024081230164,-0.08599165827035904,0.6541224718093872,0.6051434278488159,-0.05406591296195984,0.630857527256012,0.6874724626541138,-0.07182665169239044,0.6045270562171936,0.725039005279541,-0.06883415579795837,0.589181125164032,0.7369657158851624,-0.06592422723770142,0.6776528358459473,0.6377590894699097,-0.06336577981710434,0.65343177318573,0.7048898935317993,-0.07536794990301132,0.6294867396354675,0.7347491979598999,-0.07198285311460495,0.6141990423202515,0.7425280809402466,-0.06771485507488251,point,RRQ_p17,RRQ
0.6667726635932922,0.648571252822876,-9.181176352512921e-08,0.6279074549674988,0.6108641028404236,-0.025443430989980698,0.5926457643508911,0.5720632076263428,-0.05177164077758789,0.578561544418335,0.5807664394378662,-0.07848095893859863,0.5879260897636414,0.6108741760253906,-0.10684345662593842,0.63787442445755,0.4447639584541321,-0.05173538252711296,0.6408856511116028,0.3672020435333252,-0.08234063535928726,0.642522394657135,0.3156668245792389,-0.10294707119464874,0.6467366218566895,0.2674373388290405,-0.11982360482215881,0.6897368431091309,0.44436514377593994,-0.0574597492814064,0.6663633584976196,0.4941670298576355,-0.0986742302775383,0.6320797204971313,0.5605953335762024,-0.1096789687871933,0.6133480072021484,0.5923675894737244,-0.11165483295917511,0.7259187698364258,0.4819400906562805,-0.06480234861373901,0.6867048144340515,0.5615659952163696,-0.09709275513887405,0.6478244662284851,0.6071891188621521,-0.09346416592597961,0.6274033784866333,0.6205950379371643,-0.08654019981622696,0.7478610277175903,0.5325506329536438,-0.07531092315912247,0.7141480445861816,0.5961655974388123,-0.0968315377831459,0.6810905933380127,0.629384458065033,-0.09349914640188217,0.6610596179962158,0.6363692879676819,-0.08699644356966019,point,RRQ_p17,RRQ
0.7559420466423035,0.5903577208518982,-3.60562708578982e-08,0.7194971442222595,0.5563109517097473,-0.04146479070186615,0.6999050378799438,0.5115532875061035,-0.07525594532489777,0.7205867767333984,0.5155273079872131,-0.10640688240528107,0.7554625868797302,0.5367316007614136,-0.13647040724754333,0.7699902057647705,0.38829103112220764,-0.06506076455116272,0.7965717911720276,0.2990611791610718,-0.1055598258972168,0.819767415523529,0.24234271049499512,-0.12934675812721252,0.8445698022842407,0.19249913096427917,-0.1460455060005188,0.8157801032066345,0.4030763506889343,-0.06366941332817078,0.8257291316986084,0.43426185846328735,-0.11847797781229019,0.7849606871604919,0.5004466772079468,-0.126665860414505,0.7623869776725769,0.5242905616760254,-0.12123295664787292,0.8454239964485168,0.439407080411911,-0.06602216511964798,0.8420698046684265,0.496887743473053,-0.10977445542812347,0.7991281747817993,0.5401273369789124,-0.0986066535115242,0.7789063453674316,0.5434122681617737,-0.08171765506267548,0.863983154296875,0.48443979024887085,-0.07319600880146027,0.860293984413147,0.529782772064209,-0.10088436305522919,0.821884274482727,0.5614069700241089,-0.09380530565977097,0.7988291382789612,0.5595983862876892,-0.08172684162855148,point,RRQ_p17,RRQ
0.6649233102798462,0.5530679225921631,-1.8389093270343437e-07,0.6227658987045288,0.5681217908859253,-0.030299756675958633,0.582661509513855,0.5779901146888733,-0.0589570589363575,0.5574313402175903,0.5824784636497498,-0.08770444244146347,0.5507009625434875,0.5729596614837646,-0.11680033802986145,0.5303109884262085,0.43157386779785156,-0.04828301817178726,0.47153180837631226,0.38344356417655945,-0.0855708196759224,0.43417802453041077,0.3471197485923767,-0.11045077443122864,0.40497589111328125,0.3137648105621338,-0.12778079509735107,0.5679025650024414,0.392473429441452,-0.05343785881996155,0.5380759239196777,0.4329054057598114,-0.10175047814846039,0.555015504360199,0.5098027586936951,-0.11365848034620285,0.5717275142669678,0.5484204888343811,-0.11253044754266739,0.6122884750366211,0.385729044675827,-0.06170782819390297,0.5901926159858704,0.4553682208061218,-0.10310088098049164,0.5981646776199341,0.523534893989563,-0.09452744573354721,0.6059558987617493,0.5504387617111206,-0.07963448017835617,0.6558989882469177,0.3979001045227051,-0.07327841967344284,0.6360867023468018,0.4515184164047241,-0.09768213331699371,0.6347692608833313,0.5040359497070312,-0.0878058671951294,0.6366759538650513,0.525346040725708,-0.07417649030685425,point,RRQ_p17,RRQ
0.7394890785217285,0.669640839099884,-3.0157789154827697e-08,0.7048731446266174,0.6846836805343628,-0.031847499310970306,0.6800649762153625,0.6798744201660156,-0.05824791267514229,0.7007137537002563,0.7130430340766907,-0.0805867537856102,0.7362475991249084,0.749678373336792,-0.10191313922405243,0.6889863014221191,0.5578421354293823,-0.06154175102710724,0.6902977228164673,0.510033369064331,-0.0917876660823822,0.694974422454834,0.4738713502883911,-0.11183273047208786,0.7037484645843506,0.4421486258506775,-0.128400519490242,0.7341722846031189,0.5217381119728088,-0.060259949415922165,0.7499153017997742,0.6112385392189026,-0.09873731434345245,0.7412471771240234,0.6725934743881226,-0.1048794537782669,0.7396007180213928,0.6910480856895447,-0.10521131753921509,0.7727050185203552,0.5317730903625488,-0.061426665633916855,0.7796723246574402,0.651282012462616,-0.08815477788448334,0.7576045989990234,0.689872682094574,-0.07913467288017273,0.7472865581512451,0.6856088638305664,-0.0713443011045456,0.8030181527137756,0.5577858686447144,-0.06707115471363068,0.7991843223571777,0.6542105078697205,-0.09106437861919403,0.7828580141067505,0.6839898228645325,-0.09108477830886841,0.7732513546943665,0.6745796799659729,-0.08754578232765198,point,RRQ_p17,RRQ
0.7847360372543335,0.4549732804298401,2.084240691146988e-07,0.7530141472816467,0.44144392013549805,-0.050218112766742706,0.7394883632659912,0.42862948775291443,-0.09126106649637222,0.7668291926383972,0.4569033980369568,-0.1273285299539566,0.8011199235916138,0.4789194166660309,-0.1625291258096695,0.7775262594223022,0.2928142845630646,-0.08460607379674911,0.7962783575057983,0.20701532065868378,-0.12921877205371857,0.8141291737556458,0.14478538930416107,-0.15581855177879333,0.8315209150314331,0.09140180051326752,-0.17398707568645477,0.8153874278068542,0.2957461476325989,-0.07810696214437485,0.8410454988479614,0.334602952003479,-0.13212575018405914,0.8196679949760437,0.4072551131248474,-0.13859137892723083,0.8043252825737,0.43313175439834595,-0.1338498443365097,0.8431103825569153,0.32076361775398254,-0.07565152645111084,0.8593664169311523,0.38142165541648865,-0.11968015134334564,0.8322454690933228,0.4332520663738251,-0.10825320333242416,0.8140531778335571,0.4404772222042084,-0.09253355115652084,0.8623311519622803,0.35337144136428833,-0.07843370735645294,0.8709937930107117,0.40706661343574524,-0.10987184941768646,0.8468996286392212,0.4474369287490845,-0.10502514243125916,0.8282551765441895,0.4515284299850464,-0.0946555957198143,point,RRQ_p17,RRQ
0.743228554725647,0.4403326213359833,2.778558894078742e-07,0.727807879447937,0.4313061833381653,-0.054849859327077866,0.7345981001853943,0.42943698167800903,-0.08585909008979797,0.7567115426063538,0.46959003806114197,-0.10873334854841232,0.7826468348503113,0.49212780594825745,-0.12963557243347168,0.8064905405044556,0.31344497203826904,-0.0717683881521225,0.8783904910087585,0.27792051434516907,-0.1035371944308281,0.9278469085693359,0.26542139053344727,-0.12322833389043808,0.9710550308227539,0.25666362047195435,-0.13565056025981903,0.8251639604568481,0.3416955769062042,-0.05645912140607834,0.8449089527130127,0.40487658977508545,-0.09881532937288284,0.8141466379165649,0.4504967927932739,-0.1098092719912529,0.7926691770553589,0.46008798480033875,-0.1100630909204483,0.8301600217819214,0.3741045296192169,-0.045008718967437744,0.8396354913711548,0.4318963289260864,-0.08365288376808167,0.8087108135223389,0.465099036693573,-0.08216589689254761,0.7879459857940674,0.46356162428855896,-0.07262325286865234,0.8264555931091309,0.4029330313205719,-0.03786703571677208,0.8258757591247559,0.4488644003868103,-0.0680893287062645,0.8044876456260681,0.4756719768047333,-0.06808144599199295,0.7880719900131226,0.4764360189437866,-0.059745363891124725,point,RRQ_p17,RRQ
0.5166776180267334,0.3872000575065613,-7.966737314291095e-08,0.4837625324726105,0.4279729127883911,-0.033240921795368195,0.454318106174469,0.460074245929718,-0.06203986331820488,0.4342632591724396,0.4720309376716614,-0.09014319628477097,0.43210500478744507,0.44846922159194946,-0.11847872287034988,0.3691934049129486,0.36142268776893616,-0.044184908270835876,0.31260669231414795,0.35131126642227173,-0.07558974623680115,0.27247437834739685,0.3415307104587555,-0.09759801626205444,0.24010223150253296,0.33209848403930664,-0.1132177859544754,0.38776224851608276,0.3119080662727356,-0.045816220343112946,0.37457722425460815,0.3628760576248169,-0.09074380993843079,0.40245771408081055,0.4150432348251343,-0.1061035543680191,0.4279938042163849,0.4474143981933594,-0.10818321257829666,0.4190187156200409,0.2842339873313904,-0.05049557983875275,0.41649922728538513,0.3503040373325348,-0.09107370674610138,0.4396170675754547,0.40138697624206543,-0.09028277546167374,0.45878779888153076,0.43417975306510925,-0.08027541637420654,0.4542677402496338,0.27348870038986206,-0.05811760202050209,0.45137277245521545,0.32850730419158936,-0.08398307114839554,0.46234598755836487,0.3696557581424713,-0.08083896338939667,0.4713626205921173,0.3972128629684448,-0.07164134085178375,point,RRQ_p17,RRQ
0.42352864146232605,0.4439297020435333,-5.60547839256742e-08,0.37875697016716003,0.47577741742134094,-0.02463829144835472,0.3469485640525818,0.4968564510345459,-0.05288805440068245,0.33776476979255676,0.5226383209228516,-0.08246643096208572,0.3448927700519562,0.5500953197479248,-0.11483960598707199,0.2848316431045532,0.37693142890930176,-0.05031220242381096,0.22823752462863922,0.3362498879432678,-0.08152136206626892,0.1896972954273224,0.3015229403972626,-0.10347812622785568,0.15945236384868622,0.27096760272979736,-0.11977727711200714,0.31191694736480713,0.3329693675041199,-0.05596047267317772,0.3034568130970001,0.4076814651489258,-0.0997391790151596,0.3242306113243103,0.47619691491127014,-0.11312060058116913,0.34517091512680054,0.5141698122024536,-0.1152413859963417,0.3500887155532837,0.323566198348999,-0.06283534318208694,0.3488883674144745,0.4202441871166229,-0.09726440906524658,0.3588734269142151,0.47782742977142334,-0.09456490725278854,0.3685118854045868,0.5087980628013611,-0.08599572628736496,0.3867790699005127,0.3349553346633911,-0.07236859202384949,0.3828546106815338,0.409132719039917,-0.09196288883686066,0.3818436563014984,0.4551897644996643,-0.08662094920873642,0.3805788457393646,0.48131150007247925,-0.07766767591238022,point,RRQ_p17,RRQ
0.3921245336532593,0.43039369583129883,-1.24746534879705e-07,0.33956921100616455,0.43802890181541443,-0.015258430503308773,0.29779690504074097,0.4305424690246582,-0.03159782290458679,0.2665148675441742,0.42767542600631714,-0.050817497074604034,0.24369020760059357,0.42533212900161743,-0.07096248865127563,0.27468687295913696,0.2980336546897888,-0.020585885271430016,0.23342996835708618,0.23976168036460876,-0.043908070772886276,0.208923801779747,0.20007839798927307,-0.05876829847693443,0.18874600529670715,0.16604530811309814,-0.06864452362060547,0.3068869113922119,0.27592742443084717,-0.0278145894408226,0.2573751211166382,0.284944087266922,-0.06411568075418472,0.25103506445884705,0.34652554988861084,-0.07503940910100937,0.257432222366333,0.3915742337703705,-0.0744720995426178,0.33799874782562256,0.2754356861114502,-0.03731703385710716,0.2917630672454834,0.3170687258243561,-0.07195762544870377,0.2850103974342346,0.38268494606018066,-0.07216165959835052,0.28975048661231995,0.4256970286369324,-0.06303024291992188,0.36593085527420044,0.29105329513549805,-0.04810504615306854,0.3255975842475891,0.3238397538661957,-0.06858490407466888,0.31029266119003296,0.37037912011146545,-0.06621509790420532,0.3058634400367737,0.40362781286239624,-0.0587112233042717,point,RRQ_p17,RRQ
0.17064864933490753,0.21754635870456696,2.310773936642363e-07,0.1862717866897583,0.2542475163936615,-0.02007266879081726,0.20037345588207245,0.2901608645915985,-0.04439650848507881,0.19479714334011078,0.3155919313430786,-0.06958571821451187,0.17966419458389282,0.33491602540016174,-0.09525006264448166,0.2789213955402374,0.24638600647449493,-0.041897002607584,0.31076106429100037,0.25952136516571045,-0.07369152456521988,0.3400651812553406,0.2647497355937958,-0.0932406336069107,0.36475419998168945,0.26715460419654846,-0.10676529258489609,0.27458542585372925,0.1861034333705902,-0.04830728843808174,0.24073870480060577,0.23180291056632996,-0.08674298971891403,0.20227082073688507,0.26950934529304504,-0.09293048828840256,0.18492315709590912,0.28369084000587463,-0.0905582383275032,0.24717338383197784,0.14523738622665405,-0.056846920400857925,0.1993984878063202,0.20447859168052673,-0.08778452128171921,0.17807674407958984,0.23718173801898956,-0.07913467288017273,0.1767609715461731,0.24377001821994781,-0.0672471895813942,0.2120462954044342,0.12189079076051712,-0.0679498165845871,0.1777001917362213,0.1696583479642868,-0.08635654300451279,0.16124552488327026,0.19524447619915009,-0.07894715666770935,0.16190263628959656,0.19633980095386505,-0.0687764585018158,point,RRQ_p17,RRQ
0.27323317527770996,0.3277722895145416,1.8722444394825288e-07,0.28324079513549805,0.354744553565979,-0.02048436738550663,0.29195594787597656,0.38338571786880493,-0.04053855314850807,0.28039485216140747,0.38418251276016235,-0.05924041569232941,0.26464197039604187,0.3758887052536011,-0.07812906056642532,0.3486216366291046,0.34267961978912354,-0.04123951494693756,0.3750791549682617,0.3266916573047638,-0.06499464064836502,0.3950269818305969,0.3135499358177185,-0.07965582609176636,0.41238415241241455,0.29772666096687317,-0.0902714803814888,0.3467947840690613,0.29681921005249023,-0.043073706328868866,0.31982818245887756,0.3024071753025055,-0.07095077633857727,0.29139572381973267,0.3295076787471771,-0.07478858530521393,0.28199517726898193,0.34501972794532776,-0.07300984114408493,0.3302456736564636,0.2655518352985382,-0.04646182805299759,0.2870643138885498,0.2869354486465454,-0.06852958351373672,0.27082425355911255,0.3153802156448364,-0.06127050146460533,0.27188974618911743,0.33108988404273987,-0.05270013213157654,0.3098985552787781,0.24688324332237244,-0.052407342940568924,0.27610692381858826,0.26763781905174255,-0.06723269820213318,0.26281172037124634,0.29578426480293274,-0.06187896803021431,0.26546093821525574,0.31198522448539734,-0.05443381518125534,point,RRQ_p17,RRQ
0.2642251253128052,0.3244916498661041,1.573676513544342e-07,0.27581435441970825,0.35111722350120544,-0.018976924940943718,0.28512251377105713,0.377056360244751,-0.0374579057097435,0.27596962451934814,0.38147953152656555,-0.05513634532690048,0.2605632245540619,0.37696534395217896,-0.07301544398069382,0.3418715000152588,0.3388720154762268,-0.03747565299272537,0.3646467924118042,0.32719191908836365,-0.060670942068099976,0.38375842571258545,0.3156174421310425,-0.07487008720636368,0.4010292589664459,0.3001077473163605,-0.08491078019142151,0.3398391008377075,0.2927364110946655,-0.039404820650815964,0.3077259361743927,0.30107060074806213,-0.06574434787034988,0.28028586506843567,0.3266209065914154,-0.06872854381799698,0.2711987793445587,0.3397690951824188,-0.06674110889434814,0.32178062200546265,0.2605239748954773,-0.04300907999277115,0.27792975306510925,0.2850613594055176,-0.06480918824672699,0.26195916533470154,0.3134028911590576,-0.05764772370457649,0.26244494318962097,0.32786959409713745,-0.04889925196766853,0.29960712790489197,0.2414405643939972,-0.04901447892189026,0.2671879827976227,0.26325201988220215,-0.0638325959444046,0.2544265389442444,0.2912012040615082,-0.05888637527823448,0.256591796875,0.3072613775730133,-0.051497288048267365,point,RRQ_p17,RRQ
0.39382418990135193,0.46082574129104614,-1.556931437107778e-07,0.33386024832725525,0.48030802607536316,-0.01409818883985281,0.29073119163513184,0.48402315378189087,-0.03653848543763161,0.25951188802719116,0.5021239519119263,-0.06185242533683777,0.2384166121482849,0.5217629671096802,-0.0893293023109436,0.26784515380859375,0.35923588275909424,-0.03822590038180351,0.21694353222846985,0.30794650316238403,-0.07166457921266556,0.182080939412117,0.26558858156204224,-0.0935586467385292,0.15743114054203033,0.22737760841846466,-0.10911016166210175,0.2993682026863098,0.3352685570716858,-0.04867104813456535,0.25758910179138184,0.4135347604751587,-0.09181270003318787,0.26892274618148804,0.48803961277008057,-0.09799686074256897,0.2854391634464264,0.5118530988693237,-0.0947982668876648,0.3340610861778259,0.3395063877105713,-0.06098182126879692,0.2949790954589844,0.43487387895584106,-0.09539011865854263,0.30706650018692017,0.4852641820907593,-0.08198478072881699,0.32116609811782837,0.489917129278183,-0.06628815084695816,0.36594557762145996,0.3587180972099304,-0.0754665732383728,0.3319936990737915,0.43308645486831665,-0.09550872445106506,0.33602839708328247,0.4702332019805908,-0.0836954191327095,0.34625664353370667,0.4698868691921234,-0.06977295875549316,point,RRQ_p17,RRQ
0.6553716063499451,0.5679014921188354,-1.0817376505656284e-07,0.6260760426521301,0.5704914927482605,-0.021544748917222023,0.5937044620513916,0.5697457194328308,-0.04262340068817139,0.5821765065193176,0.6031518578529358,-0.0630853995680809,0.5805264115333557,0.6367777585983276,-0.08377202600240707,0.6021403670310974,0.4620584547519684,-0.038316890597343445,0.6096393465995789,0.4345296323299408,-0.06034337729215622,0.6151495575904846,0.42253944277763367,-0.07530270516872406,0.6218907237052917,0.41730284690856934,-0.08623388409614563,0.6432408094406128,0.43708494305610657,-0.039542991667985916,0.6353234648704529,0.5303841233253479,-0.062259700149297714,0.6217657923698425,0.5809311270713806,-0.06755266338586807,0.6172944903373718,0.5920076370239258,-0.07007152587175369,0.680012047290802,0.44711053371429443,-0.04286780580878258,0.6679699420928955,0.5453499555587769,-0.06003225967288017,0.6489221453666687,0.5774027109146118,-0.05455494672060013,0.6397992968559265,0.5769693851470947,-0.05017588660120964,0.7100359797477722,0.4674743413925171,-0.04923880845308304,0.6971311569213867,0.5378509163856506,-0.06296716630458832,0.6835387349128723,0.5626687407493591,-0.05986643582582474,0.6768156886100769,0.5610478520393372,-0.05497568100690842,point,RRQ_p17,RRQ
0.6347282528877258,0.49284881353378296,1.3497479756097164e-07,0.5909486413002014,0.47502365708351135,-0.010338378138840199,0.5555641651153564,0.4313839375972748,-0.018243221566081047,0.5331343412399292,0.39496564865112305,-0.02760537527501583,0.5096114277839661,0.3689952492713928,-0.037122346460819244,0.5794705748558044,0.3523674011230469,-0.0007441341876983643,0.5529994368553162,0.33078449964523315,-0.025144429877400398,0.5293054580688477,0.3355684280395508,-0.047943297773599625,0.5137232542037964,0.34567803144454956,-0.0600561797618866,0.6002507209777832,0.3295426070690155,-0.00828360952436924,0.5901328325271606,0.24984294176101685,-0.024031763896346092,0.5841522216796875,0.19675478339195251,-0.037669505923986435,0.5824918150901794,0.15012609958648682,-0.045799434185028076,0.6251757144927979,0.3254772424697876,-0.019769223406910896,0.6165974736213684,0.2475595772266388,-0.036279384046792984,0.6107249855995178,0.19634054601192474,-0.04654018580913544,0.6056154370307922,0.1508265733718872,-0.05100223794579506,0.6521996855735779,0.338003933429718,-0.032436102628707886,0.6466271877288818,0.2773478031158447,-0.041652996093034744,0.6432891488075256,0.23691096901893616,-0.04129333421587944,0.6383704543113708,0.20199209451675415,-0.039742611348629,pinch,RRQ_p17,RRQ
0.6541262269020081,0.528178870677948,1.1418696743703549e-07,0.6118444204330444,0.5111672282218933,-0.010843150317668915,0.5790470242500305,0.46765249967575073,-0.017924834042787552,0.5607068538665771,0.4286700487136841,-0.026548264548182487,0.5431332588195801,0.3985481560230255,-0.035139866173267365,0.597258448600769,0.3901236355304718,0.002351652132347226,0.574134349822998,0.36488077044487,-0.021057043224573135,0.5548714399337769,0.36577820777893066,-0.0424947552382946,0.54311603307724,0.37388870120048523,-0.053750988095998764,0.6181607246398926,0.36719393730163574,-0.004272548947483301,0.6049710512161255,0.29235637187957764,-0.01836920902132988,0.5968586802482605,0.24290354549884796,-0.030910853296518326,0.5918434858322144,0.1986168771982193,-0.038427043706178665,0.6441879272460938,0.36203354597091675,-0.015346577391028404,0.6332440972328186,0.2885444760322571,-0.030595069751143456,0.6260595321655273,0.23939679563045502,-0.04087188467383385,0.6191956400871277,0.19576740264892578,-0.0458984449505806,0.673184335231781,0.37209978699684143,-0.02780696004629135,0.6706627607345581,0.3153858780860901,-0.03725554794073105,0.6696664094924927,0.2770063877105713,-0.03861604258418083,0.6671112775802612,0.2434292584657669,-0.0385093130171299,pinch,RRQ_p17,RRQ
0.4093145728111267,0.5352509021759033,2.2729109261376834e-08,0.36215147376060486,0.5263946056365967,-0.004258262924849987,0.32613834738731384,0.487550288438797,-0.008966808207333088,0.29329127073287964,0.46108463406562805,-0.01763051748275757,0.2638031840324402,0.44797655940055847,-0.02605750411748886,0.34744760394096375,0.4170567989349365,0.014787538908421993,0.31278592348098755,0.40456250309944153,-0.007714993320405483,0.28365641832351685,0.41915449500083923,-0.029389921575784683,0.26476067304611206,0.4370020031929016,-0.04015931859612465,0.3569950759410858,0.3973889946937561,0.005963519215583801,0.32640087604522705,0.33844128251075745,-0.005105167161673307,0.3006170392036438,0.2989656329154968,-0.013682683929800987,0.2791896164417267,0.265362024307251,-0.017950786277651787,0.37262117862701416,0.3880346119403839,-0.007763414178043604,0.3432076573371887,0.3275773525238037,-0.019301127642393112,0.31915339827537537,0.2868770956993103,-0.02282240241765976,0.29827815294265747,0.2545603811740875,-0.022273732349276543,0.3903294503688812,0.38867834210395813,-0.023175811395049095,0.36888089776039124,0.3366442322731018,-0.029137639328837395,0.35356229543685913,0.30107876658439636,-0.0263334009796381,0.338445782661438,0.2718141973018646,-0.02249361202120781,pinch,RRQ_p17,RRQ
0.38697949051856995,0.37948504090309143,-1.0205002176633116e-08,0.34232214093208313,0.37518295645713806,-0.0014393993187695742,0.31173354387283325,0.3405286967754364,-0.0018000385025516152,0.2856728434562683,0.3085186779499054,-0.006318987812846899,0.25747495889663696,0.2952604293823242,-0.010935043916106224,0.3408359885215759,0.2759896516799927,0.025226639583706856,0.3092966675758362,0.26638856530189514,0.010716729797422886,0.28085267543792725,0.2729775607585907,-0.0054590050131082535,0.25982967019081116,0.28320828080177307,-0.013533451594412327,0.35120466351509094,0.25470849871635437,0.016796909272670746,0.32748591899871826,0.19517752528190613,0.008540434762835503,0.3046301305294037,0.15929162502288818,-0.0002034774806816131,0.28445273637771606,0.12603679299354553,-0.004503214731812477,0.36619043350219727,0.2433788776397705,0.003904207143932581,0.3419283628463745,0.18377909064292908,-0.006919949781149626,0.3207181394100189,0.14680267870426178,-0.012316443957388401,0.3023257255554199,0.11661911010742188,-0.01280217245221138,0.3831638991832733,0.2399357110261917,-0.010096954181790352,0.3639352321624756,0.1875956505537033,-0.014794062823057175,0.3520616590976715,0.1546308547258377,-0.012416656129062176,0.3408651649951935,0.12639102339744568,-0.009184803813695908,pinch,RRQ_p17,RRQ
0.5313960909843445,0.3751615583896637,-1.407018146437622e-07,0.4908989369869232,0.3670879304409027,-0.006015363149344921,0.46284762024879456,0.3435650169849396,-0.01621691696345806,0.43235456943511963,0.32702478766441345,-0.02873634733259678,0.40224045515060425,0.3169099688529968,-0.0415043979883194,0.49200594425201416,0.24864517152309418,-0.0006518472800962627,0.4483797252178192,0.22977915406227112,-0.015112060122191906,0.4208272099494934,0.24340549111366272,-0.031035762280225754,0.40514278411865234,0.2569437623023987,-0.04144268482923508,0.49899789690971375,0.23501522839069366,-0.008260498754680157,0.45451220870018005,0.19181594252586365,-0.01758573204278946,0.4255774915218353,0.16370749473571777,-0.027518991380929947,0.40328627824783325,0.1398358792066574,-0.03657897189259529,0.5031235218048096,0.2359025776386261,-0.018564505502581596,0.4649638831615448,0.18312522768974304,-0.028421303257346153,0.4393843710422516,0.14692085981369019,-0.036065660417079926,0.42072880268096924,0.11837862432003021,-0.042432691901922226,0.5007588863372803,0.2429995834827423,-0.029821980744600296,0.47489213943481445,0.19352805614471436,-0.038432471454143524,0.4576062262058258,0.161129891872406,-0.041987091302871704,0.4418608844280243,0.132955402135849,-0.045171596109867096,pinch,RRQ_p17,RRQ
0.5334858894348145,0.3634399175643921,-5.03944406204937e-08,0.49363142251968384,0.35890454053878784,-0.006400618702173233,0.45854297280311584,0.3369690775871277,-0.01488073356449604,0.4254889488220215,0.3235938251018524,-0.025883657857775688,0.39643874764442444,0.3135918378829956,-0.03678042069077492,0.4777613580226898,0.2483016550540924,0.0037338354159146547,0.4419143795967102,0.2476213425397873,-0.016612792387604713,0.4175082743167877,0.2677457928657532,-0.037854067981243134,0.40190500020980835,0.28367218375205994,-0.0501176081597805,0.4844714105129242,0.23358982801437378,-0.003139411797747016,0.4493177533149719,0.18548068404197693,-0.01472211629152298,0.42374736070632935,0.1523507833480835,-0.026285801082849503,0.402004212141037,0.12187038362026215,-0.03498689457774162,0.4952501356601715,0.22978633642196655,-0.013618908822536469,0.4651365578174591,0.17184190452098846,-0.02584124356508255,0.441889226436615,0.13395586609840393,-0.03478454425930977,0.42188966274261475,0.10274367034435272,-0.04008005931973457,0.504843533039093,0.23444008827209473,-0.02516445890069008,0.48564770817756653,0.18391935527324677,-0.033649783581495285,0.4720059931278229,0.15055952966213226,-0.03625340387225151,0.45725172758102417,0.12116634845733643,-0.03767676651477814,pinch,RRQ_p17,RRQ
0.5271340608596802,0.48536983132362366,-1.6587694062764058e-07,0.486661821603775,0.46962058544158936,0.003951577469706535,0.45886802673339844,0.4453151524066925,-0.0026102589908987284,0.42943698167800903,0.4312411844730377,-0.014214757829904556,0.4004274606704712,0.41854092478752136,-0.026927325874567032,0.4925777018070221,0.3613085150718689,0.013862970285117626,0.4497300088405609,0.3617744445800781,-0.004623330198228359,0.4205757677555084,0.37782296538352966,-0.02559337206184864,0.4012160003185272,0.3951021134853363,-0.03792166709899902,0.5000081062316895,0.3474016785621643,0.0005262612248770893,0.45857322216033936,0.2983240783214569,-0.008568882010877132,0.42975592613220215,0.2704140245914459,-0.01951236091554165,0.40635964274406433,0.2503744065761566,-0.028198115527629852,0.5067018270492554,0.3465021848678589,-0.015645314007997513,0.47098085284233093,0.29010477662086487,-0.025270311161875725,0.4442538917064667,0.25605523586273193,-0.031241636723279953,0.42345404624938965,0.2303217202425003,-0.03531721979379654,0.5059455037117004,0.3560565114021301,-0.03227585181593895,0.48558294773101807,0.30718135833740234,-0.03820110857486725,0.47134682536125183,0.2755165100097656,-0.037775710225105286,0.45622408390045166,0.24845674633979797,-0.03756501525640488,pinch,RRQ_p17,RRQ
0.14469745755195618,0.4010736346244812,2.5894422606143053e-07,0.19131672382354736,0.3997461199760437,-0.007774554658681154,0.2277936041355133,0.37640389800071716,-0.012923010624945164,0.2553630769252777,0.35364365577697754,-0.020953400060534477,0.2818031311035156,0.3493559956550598,-0.02943319082260132,0.22299814224243164,0.30224019289016724,0.0062147327698767185,0.25007519125938416,0.292560875415802,-0.013616536743938923,0.2673071622848511,0.3078514039516449,-0.03286953270435333,0.27914947271347046,0.3253144919872284,-0.04462549835443497,0.2108471393585205,0.28143981099128723,-0.002393907168880105,0.24120527505874634,0.231358140707016,-0.016156582161784172,0.26008009910583496,0.19361482560634613,-0.0314556248486042,0.2758760452270508,0.15934550762176514,-0.042437996715307236,0.1922163963317871,0.27181577682495117,-0.014673770405352116,0.21649746596813202,0.21381831169128418,-0.030775444582104683,0.23417574167251587,0.1731623262166977,-0.042975008487701416,0.25035566091537476,0.13762637972831726,-0.05034169182181358,0.16705502569675446,0.2724243998527527,-0.028038106858730316,0.1884729266166687,0.23185382783412933,-0.03952721878886223,0.20431235432624817,0.20421314239501953,-0.042798470705747604,0.21973440051078796,0.17855995893478394,-0.04502585157752037,pinch,RRQ_p17,RRQ
0.2200925648212433,0.4171842336654663,2.5673267600723193e-07,0.25823724269866943,0.4247434139251709,-0.010229995474219322,0.29752492904663086,0.4095587134361267,-0.01738766022026539,0.32875168323516846,0.3948698341846466,-0.02616320177912712,0.3570585548877716,0.39450603723526,-0.03504868224263191,0.30283087491989136,0.33421847224235535,-0.002153808018192649,0.3317992389202118,0.3321150541305542,-0.020446166396141052,0.3459056615829468,0.35358747839927673,-0.03722640126943588,0.35611453652381897,0.373308926820755,-0.04761292785406113,0.2946071922779083,0.31012994050979614,-0.00939555000513792,0.33195263147354126,0.2690470814704895,-0.022470014169812202,0.3555242419242859,0.24099315702915192,-0.03566885367035866,0.3761197328567505,0.21331313252449036,-0.04518425464630127,0.27796903252601624,0.2964562475681305,-0.01977710984647274,0.308467835187912,0.24434365332126617,-0.03533049672842026,0.33139368891716003,0.2096763551235199,-0.047051023691892624,0.35238754749298096,0.1787651926279068,-0.05419912934303284,0.25377729535102844,0.29199352860450745,-0.031216077506542206,0.27798810601234436,0.25216397643089294,-0.04244488850235939,0.29521483182907104,0.22607727348804474,-0.04551722854375839,0.31129443645477295,0.20293205976486206,-0.04755037650465965,pinch,RRQ_p17,RRQ
0.3744654059410095,0.46498942375183105,4.7201186248457816e-07,0.40941545367240906,0.4518061876296997,-0.01961471326649189,0.44541919231414795,0.42607226967811584,-0.038132160902023315,0.48221486806869507,0.414664626121521,-0.05708219110965729,0.5092988014221191,0.3995262086391449,-0.07465599477291107,0.41978925466537476,0.3344019055366516,-0.028167903423309326,0.4616999924182892,0.3184152841567993,-0.06043790280818939,0.4857243597507477,0.35247766971588135,-0.08333268761634827,0.49995413422584534,0.3780940771102905,-0.09493543952703476,0.40333259105682373,0.3211653232574463,-0.03432236984372139,0.43262264132499695,0.2598154544830322,-0.05640442296862602,0.4536154866218567,0.21696075797080994,-0.07390666753053665,0.4685641825199127,0.17418041825294495,-0.08647457510232925,0.3808897137641907,0.32617855072021484,-0.04403078556060791,0.38173627853393555,0.257967472076416,-0.06650184839963913,0.38253724575042725,0.21200242638587952,-0.08273903280496597,0.3833138346672058,0.17017114162445068,-0.09251454472541809,0.35808348655700684,0.3467234969139099,-0.05504004657268524,0.36130666732788086,0.2921663522720337,-0.07026553899049759,0.36460191011428833,0.2569703459739685,-0.07629688829183578,0.3682406544685364,0.2253686934709549,-0.08021685481071472,pinch,RRQ_p17,RRQ
0.34318211674690247,0.6849225759506226,2.8732816304000153e-07,0.36239272356033325,0.5708213448524475,-0.01404560636729002,0.35882368683815,0.47942477464675903,-0.0361432284116745,0.36974647641181946,0.4077344238758087,-0.06054476648569107,0.39693546295166016,0.3467930555343628,-0.08212286233901978,0.215875506401062,0.47244781255722046,-0.023587724193930626,0.289673388004303,0.38277846574783325,-0.060743700712919235,0.34517890214920044,0.3456977605819702,-0.08578203618526459,0.3853027820587158,0.3143373727798462,-0.10184796154499054,0.20916816592216492,0.5141369700431824,-0.03714311122894287,0.29713666439056396,0.40989041328430176,-0.07405481487512589,0.32437124848365784,0.4595794081687927,-0.08193418383598328,0.3115314245223999,0.49378275871276855,-0.08344583958387375,0.22954115271568298,0.5574280023574829,-0.05377817153930664,0.3168179392814636,0.456304669380188,-0.08789806067943573,0.3366240859031677,0.5019861459732056,-0.08018524199724197,0.31884604692459106,0.5332208275794983,-0.0699494406580925,0.2632933259010315,0.5964796543121338,-0.07263430207967758,0.33449819684028625,0.5116906762123108,-0.09282857179641724,0.349437952041626,0.5431480407714844,-0.08418649435043335,0.3344823718070984,0.5742819309234619,-0.07446476072072983,pinch,RRQ_p17,RRQ
0.20825707912445068,0.6328588128089905,1.268805078780133e-07,0.23947370052337646,0.5537741780281067,-0.022829608991742134,0.24497109651565552,0.442615270614624,-0.03910956531763077,0.24876880645751953,0.36175501346588135,-0.05660909414291382,0.274873822927475,0.2989168167114258,-0.07104126363992691,0.17240405082702637,0.3812516927719116,-0.001931716687977314,0.1947648972272873,0.34108486771583557,-0.033219948410987854,0.2209029495716095,0.316864937543869,-0.04457705467939377,0.24007055163383484,0.2834640145301819,-0.04878433421254158,0.12918341159820557,0.4062623083591461,-0.006665748078376055,0.16522778570652008,0.34000280499458313,-0.03956938907504082,0.19710814952850342,0.4219498932361603,-0.034762755036354065,0.17880795896053314,0.4355079233646393,-0.0205831415951252,0.09873656183481216,0.44180548191070557,-0.018272656947374344,0.14357328414916992,0.3912019729614258,-0.06196286156773567,0.17973411083221436,0.45947903394699097,-0.04791061580181122,0.1565573811531067,0.47551780939102173,-0.02623988315463066,0.07488542050123215,0.4868316948413849,-0.03141960874199867,0.11841912567615509,0.43958166241645813,-0.05765000730752945,0.15191423892974854,0.47908076643943787,-0.04352372884750366,0.1336381435394287,0.504917562007904,-0.025846395641565323,pinch,RRQ_p17,RRQ
0.5618000626564026,0.6611899137496948,1.8836979620573402e-07,0.62703537940979,0.5983355045318604,0.0015236377948895097,0.6591126918792725,0.5324364900588989,-0.007927963510155678,0.6944520473480225,0.4919508695602417,-0.022340204566717148,0.7334161996841431,0.473368376493454,-0.03518057242035866,0.5642715096473694,0.4326004981994629,0.005858428776264191,0.6496911644935608,0.42536377906799316,-0.018541155382990837,0.7005108594894409,0.43739011883735657,-0.04089377447962761,0.7414506673812866,0.4442721903324127,-0.05738574266433716,0.5512884855270386,0.43997710943222046,-0.009831400588154793,0.6471008062362671,0.4371095299720764,-0.03630329668521881,0.6508018970489502,0.4916462004184723,-0.047287825495004654,0.6374281644821167,0.5104252099990845,-0.05225794389843941,0.5534887313842773,0.46449851989746094,-0.027428675442934036,0.6459782123565674,0.4656701982021332,-0.04872157797217369,0.6416054368019104,0.5132091641426086,-0.04377797991037369,0.619938313961029,0.5246928334236145,-0.03769322484731674,0.5647355914115906,0.4974214434623718,-0.046451907604932785,0.6400924324989319,0.49306681752204895,-0.05779486522078514,0.6379289627075195,0.5253467559814453,-0.050520673394203186,0.6186400055885315,0.5348904728889465,-0.043401457369327545,pinch,RRQ_p17,RRQ
0.6891021132469177,0.5839633941650391,-3.886647164108581e-07,0.6506457924842834,0.5408943295478821,-0.00625787815079093,0.6332247853279114,0.4687086045742035,-0.01189523283392191,0.6244140863418579,0.4165343940258026,-0.020765626803040504,0.6025108695030212,0.38023656606674194,-0.029209012165665627,0.6799601316452026,0.40620046854019165,0.010599030181765556,0.6526166200637817,0.3821479380130768,-0.009274536743760109,0.6304133534431458,0.37140241265296936,-0.021614965051412582,0.611203134059906,0.3580833375453949,-0.029449569061398506,0.7091259360313416,0.4086422026157379,0.0014755523297935724,0.6682509183883667,0.3834206163883209,-0.019929256290197372,0.6552786231040955,0.44235169887542725,-0.020906157791614532,0.6678699254989624,0.45886725187301636,-0.016574840992689133,0.7359050512313843,0.42678362131118774,-0.012116046622395515,0.6933793425559998,0.40374332666397095,-0.036114420741796494,0.6780229210853577,0.4590303897857666,-0.024780798703432083,0.6906112432479858,0.475638210773468,-0.012210375629365444,0.7577471733093262,0.45467570424079895,-0.027188317850232124,0.717637300491333,0.4376133978366852,-0.04322156310081482,0.7008039951324463,0.4704645872116089,-0.035852037370204926,0.7105066180229187,0.4841778576374054,-0.027368465438485146,pinch,RRQ_p17,RRQ
0.7999635934829712,0.5376349091529846,-2.550142994550697e-07,0.76561039686203,0.4774361252784729,0.0010784126352518797,0.7601312398910522,0.4035108983516693,0.0004297024570405483,0.7696415781974792,0.3460145592689514,-0.00669460091739893,0.7607482075691223,0.29839518666267395,-0.015175584703683853,0.7960648536682129,0.37277668714523315,0.0288365688174963,0.7898726463317871,0.33220818638801575,0.01633462682366371,0.775531530380249,0.30286484956741333,0.009472894482314587,0.7677760124206543,0.28086912631988525,0.005326495040208101,0.821254551410675,0.3815447986125946,0.01664992980659008,0.8124372959136963,0.3289131224155426,-0.003437396138906479,0.7917333841323853,0.3802081048488617,-0.0041994331404566765,0.7985143661499023,0.40563225746154785,0.003918216563761234,0.8467394709587097,0.39965057373046875,0.0001898149203043431,0.8357372283935547,0.35040146112442017,-0.02321256324648857,0.8133977055549622,0.39901411533355713,-0.012541846372187138,0.8193367123603821,0.42314550280570984,0.002986778039485216,0.872714638710022,0.42518436908721924,-0.01698668859899044,0.8595618009567261,0.3792478144168854,-0.02981659024953842,0.838344395160675,0.40977343916893005,-0.018936991691589355,0.8403756022453308,0.4341035783290863,-0.006696353200823069,pinch,RRQ_p17,RRQ
0.5625609159469604,0.5794456005096436,1.9884930679836543e-07,0.4672592580318451,0.6447232961654663,-0.029436349868774414,0.4112396836280823,0.7431575059890747,-0.08926454931497574,0.423733651638031,0.8533604145050049,-0.14387302100658417,0.4753188192844391,0.8812663555145264,-0.1985904425382614,0.37337952852249146,0.5872609615325928,-0.16101203858852386,0.36721092462539673,0.7861031889915466,-0.19680503010749817,0.40690410137176514,0.7884437441825867,-0.18849673867225647,0.4179808795452118,0.7412781715393066,-0.1843370497226715,0.4492432475090027,0.5785037875175476,-0.17714516818523407,0.43655747175216675,0.8053670525550842,-0.2228061854839325,0.4601874351501465,0.7837836742401123,-0.20498856902122498,0.4650081992149353,0.730200469493866,-0.1959896981716156,0.5259388089179993,0.6005537509918213,-0.18816189467906952,0.5079430341720581,0.8134223222732544,-0.2204417586326599,0.5205017328262329,0.7790881991386414,-0.18822155892848969,0.5201555490493774,0.7145834565162659,-0.17072825133800507,0.5915212631225586,0.6376989483833313,-0.20015646517276764,0.5630154013633728,0.79716956615448,-0.22735324501991272,0.5619731545448303,0.772066593170166,-0.21262164413928986,0.5636969804763794,0.7135929465293884,-0.20304685831069946,fist,RRQ_p17,RRQ
0.7578705549240112,0.3352341651916504,-6.126846301413025e-07,0.684660017490387,0.3371970057487488,-0.08039490878582001,0.6045781373977661,0.3046046197414398,-0.12840387225151062,0.5667775869369507,0.29251545667648315,-0.1616155207157135,0.6090777516365051,0.2912602722644806,-0.18420588970184326,0.6795108914375305,0.15712112188339233,-0.12184149771928787,0.6888543367385864,0.3534896969795227,-0.16684193909168243,0.6722718477249146,0.3756168782711029,-0.177230566740036,0.6654021143913269,0.3357234001159668,-0.18371529877185822,0.7652382254600525,0.15271404385566711,-0.10436440259218216,0.763718843460083,0.38987451791763306,-0.14558349549770355,0.7398447394371033,0.3779982924461365,-0.13641098141670227,0.7285256385803223,0.3072541654109955,-0.12777480483055115,0.8387112021446228,0.17833271622657776,-0.09196867048740387,0.8205873370170593,0.3940126895904541,-0.13332520425319672,0.7939801216125488,0.37842172384262085,-0.10028811544179916,0.7854820489883423,0.31262585520744324,-0.07129984349012375,0.8920633792877197,0.217269629240036,-0.08933266252279282,0.8701565265655518,0.3712494969367981,-0.13056938350200653,0.8431617021560669,0.3694635331630707,-0.12274430692195892,0.8294024467468262,0.3234363794326782,-0.10720289498567581,fist,RRQ_p17,RRQ
0.6334855556488037,0.6046590209007263,9.843981985113714e-08,0.6065697073936462,0.5143709778785706,-0.05581491440534592,0.5594548583030701,0.4472014904022217,-0.10879553854465485,0.5065028071403503,0.45829540491104126,-0.15077143907546997,0.48574894666671753,0.5450679063796997,-0.18870025873184204,0.6774000525474548,0.49156564474105835,-0.12621891498565674,0.5490379929542542,0.4682989716529846,-0.17487500607967377,0.545320987701416,0.4770708382129669,-0.19922034442424774,0.5796288847923279,0.4871411919593811,-0.21400055289268494,0.6737720370292664,0.5817300081253052,-0.12185081839561462,0.5261224508285522,0.5481805801391602,-0.1536693572998047,0.5450453758239746,0.5388211607933044,-0.148973748087883,0.587867021560669,0.5380030274391174,-0.14776195585727692,0.6499654650688171,0.6594499349594116,-0.11929573863744736,0.5086575746536255,0.618544340133667,-0.13932108879089355,0.5339495539665222,0.5888447761535645,-0.1062709242105484,0.5774484872817993,0.5821276307106018,-0.08248408138751984,0.6161382794380188,0.7140498161315918,-0.12496976554393768,0.512344241142273,0.6627199649810791,-0.14634251594543457,0.5340737104415894,0.6312334537506104,-0.13206878304481506,0.5732559561729431,0.6227279305458069,-0.11639849096536636,fist,RRQ_p17,RRQ
0.6579107642173767,0.5446199178695679,-3.6424307836568914e-07,0.593191921710968,0.48123905062675476,-0.01353087555617094,0.5663098096847534,0.4109182357788086,-0.03208145871758461,0.5501600503921509,0.35900893807411194,-0.05146104097366333,0.5613731145858765,0.34830859303474426,-0.06542202085256577,0.6839680075645447,0.3137431740760803,-0.006509486120194197,0.5932670831680298,0.2920401990413666,-0.03453182801604271,0.5922684669494629,0.3506987392902374,-0.05476798117160797,0.6143986582756042,0.36801406741142273,-0.06825245171785355,0.6896843910217285,0.3176293671131134,-0.013083548285067081,0.5808160901069641,0.3035193979740143,-0.04237821698188782,0.5861378312110901,0.36493566632270813,-0.04926479235291481,0.6138423085212708,0.37951958179473877,-0.050719402730464935,0.6783693432807922,0.33513009548187256,-0.0235438272356987,0.5756086707115173,0.3324984312057495,-0.04386529326438904,0.5798261165618896,0.39001917839050293,-0.03732336685061455,0.6070285439491272,0.40265631675720215,-0.031772203743457794,0.6538315415382385,0.35763096809387207,-0.03715734928846359,0.574897825717926,0.3767949044704437,-0.05241461470723152,0.5826795697212219,0.41998058557510376,-0.05452783778309822,0.6112026572227478,0.4284666180610657,-0.05391957610845566,fist,RRQ_p17,RRQ
0.2828856110572815,0.4656846225261688,5.993067020426679e-08,0.34967249631881714,0.4719163477420807,-0.017076076939702034,0.41459184885025024,0.4844019114971161,-0.0415726937353611,0.4615345001220703,0.5309427976608276,-0.06485196202993393,0.4926092028617859,0.5744465589523315,-0.08556114137172699,0.42325854301452637,0.36944809556007385,-0.06254689395427704,0.464942991733551,0.4885677993297577,-0.08647622913122177,0.44072526693344116,0.5142634510993958,-0.09060628712177277,0.4213331639766693,0.4919487535953522,-0.09364619851112366,0.38188087940216064,0.37684476375579834,-0.07100240141153336,0.43023598194122314,0.5156542658805847,-0.09194491803646088,0.4018036127090454,0.5276802778244019,-0.08547652512788773,0.3865397274494171,0.4971782863140106,-0.08446422219276428,0.3406992554664612,0.4038771688938141,-0.07933594286441803,0.38748303055763245,0.530992329120636,-0.09500741958618164,0.36410829424858093,0.5349838137626648,-0.08035062253475189,0.34928274154663086,0.5066365003585815,-0.07349621504545212,0.30256739258766174,0.4388623833656311,-0.08980557322502136,0.3472488522529602,0.535973072052002,-0.09843622148036957,0.335725873708725,0.5363140106201172,-0.0898776724934578,0.32032549381256104,0.5098831057548523,-0.08574021607637405,fist,RRQ_p17,RRQ
0.28841519355773926,0.4672386944293976,-2.075840654924832e-07,0.33004704117774963,0.4593392312526703,0.00852642860263586,0.38663366436958313,0.4810608923435211,0.002620734041556716,0.42249318957328796,0.5339946746826172,-0.006599425803869963,0.44690078496932983,0.5807792544364929,-0.01264745183289051,0.43786388635635376,0.403939425945282,0.007030581124126911,0.4588634967803955,0.5102776288986206,-0.002226278418675065,0.43012547492980957,0.512826144695282,-0.010646822862327099,0.4137812554836273,0.48924964666366577,-0.01861133798956871,0.437017560005188,0.416383296251297,-0.006003423128277063,0.45299214124679565,0.5317752361297607,-0.01025448925793171,0.4256638288497925,0.5257958173751831,-0.01094045303761959,0.41186174750328064,0.5014724731445312,-0.014380373992025852,0.42757534980773926,0.4400629699230194,-0.01948094740509987,0.43784090876579285,0.5455507040023804,-0.017812073230743408,0.4103846251964569,0.5370420217514038,-0.01155663002282381,0.39696839451789856,0.510280191898346,-0.011815672740340233,0.41431331634521484,0.47122877836227417,-0.03388889506459236,0.4119105935096741,0.545826256275177,-0.02766074426472187,0.3863935172557831,0.539477527141571,-0.021940190345048904,0.3768232762813568,0.5173975825309753,-0.02113235741853714,fist,RRQ_p17,RRQ
0.24227231740951538,0.446677029132843,5.8106728317852685e-08,0.30295076966285706,0.4563032388687134,-0.04931854456663132,0.3554462492465973,0.4813065528869629,-0.0926552563905716,0.38415399193763733,0.5483908653259277,-0.12938180565834045,0.3862813413143158,0.6171125173568726,-0.16356618702411652,0.31440678238868713,0.348782479763031,-0.11077311635017395,0.34321412444114685,0.5099097490310669,-0.16427898406982422,0.34362533688545227,0.5370823740959167,-0.18889406323432922,0.33967217803001404,0.5198357701301575,-0.20164626836776733,0.24971456825733185,0.35445547103881836,-0.10602182894945145,0.2955467700958252,0.5331510305404663,-0.14287443459033966,0.29221218824386597,0.519111156463623,-0.13596636056900024,0.28011074662208557,0.4691190719604492,-0.1320323348045349,0.19707289338111877,0.3807453513145447,-0.10421665012836456,0.24667100608348846,0.5375457406044006,-0.13123279809951782,0.2433444708585739,0.5120093822479248,-0.10383544862270355,0.23334002494812012,0.45768648386001587,-0.08269182592630386,0.15702679753303528,0.4141490161418915,-0.10989979654550552,0.2033570408821106,0.5235615372657776,-0.13554050028324127,0.21131834387779236,0.5052358508110046,-0.12724187970161438,0.20658867061138153,0.46378031373023987,-0.11568381637334824,fist,RRQ_p17,RRQ
0.7402617335319519,0.4028669595718384,-1.8422315406496637e-07,0.6855713725090027,0.4337260127067566,-0.0669277161359787,0.6344723701477051,0.4655361771583557,-0.11776644736528397,0.6495359539985657,0.5171275734901428,-0.15592050552368164,0.7085379362106323,0.5331271886825562,-0.18699884414672852,0.6694118976593018,0.27192628383636475,-0.11147455126047134,0.6721540689468384,0.43238967657089233,-0.15531276166439056,0.6686314940452576,0.4573689103126526,-0.17940008640289307,0.6695094108581543,0.4241677224636078,-0.1981232911348343,0.733260452747345,0.2609550356864929,-0.09947150200605392,0.7390137910842896,0.4450491666793823,-0.13635098934173584,0.7240524291992188,0.4459083676338196,-0.13994717597961426,0.7155038714408875,0.3889421224594116,-0.14493276178836823,0.7900242805480957,0.2780563235282898,-0.09131341427564621,0.787729799747467,0.4456985890865326,-0.12182046473026276,0.768753170967102,0.4398006796836853,-0.10248655080795288,0.7603247761726379,0.38768288493156433,-0.08880466222763062,0.8350445032119751,0.31050845980644226,-0.09126395732164383,0.8245822191238403,0.4286283254623413,-0.12243954092264175,0.8067033290863037,0.425179660320282,-0.11990894377231598,0.7991728186607361,0.3835080862045288,-0.11340567469596863,fist,RRQ_p17,RRQ
0.34468311071395874,0.43801867961883545,-2.102694764971602e-07,0.25780296325683594,0.5076974630355835,-0.015453200787305832,0.19170357286930084,0.5823760032653809,-0.047315772622823715,0.18219786882400513,0.6669691801071167,-0.07843498885631561,0.2118758112192154,0.7069034576416016,-0.10801374912261963,0.13327378034591675,0.4545593559741974,-0.07102277129888535,0.1361447274684906,0.623482346534729,-0.10711558163166046,0.18155717849731445,0.6392531394958496,-0.11999347060918808,0.20493678748607635,0.6132503747940063,-0.12799756228923798,0.18658530712127686,0.43721213936805725,-0.0864703506231308,0.19643324613571167,0.6301717162132263,-0.12108439207077026,0.22897669672966003,0.6024888753890991,-0.12048343569040298,0.23105907440185547,0.5528647303581238,-0.12133888900279999,0.24940544366836548,0.43884074687957764,-0.10157424956560135,0.26421278715133667,0.6213569641113281,-0.12444452941417694,0.28459441661834717,0.5827430486679077,-0.10753195732831955,0.27661198377609253,0.5278085470199585,-0.0985662117600441,0.3123618960380554,0.45360952615737915,-0.11799179762601852,0.31409740447998047,0.5984165668487549,-0.13099929690361023,0.32430559396743774,0.5692392587661743,-0.11804607510566711,0.31680434942245483,0.5153421759605408,-0.10952840000391006,fist,RRQ_p17,RRQ
0.6903887987136841,0.5010391473770142,-3.603494036497068e-08,0.6162126064300537,0.5583751797676086,-0.03344465419650078,0.5795265436172485,0.6320757865905762,-0.07594151049852371,0.5925573110580444,0.7142196893692017,-0.11347826570272446,0.6396145224571228,0.7440285682678223,-0.15129980444908142,0.6235663890838623,0.47428882122039795,-0.10863370448350906,0.6271112561225891,0.6725040674209595,-0.14349941909313202,0.6427100896835327,0.6827274560928345,-0.15226900577545166,0.6473862528800964,0.6391444802284241,-0.15595097839832306,0.6955896615982056,0.45804163813591003,-0.11442744731903076,0.6974750757217407,0.672574520111084,-0.14335796236991882,0.694034218788147,0.6535001993179321,-0.13432075083255768,0.6853546500205994,0.600174069404602,-0.13217976689338684,0.754547655582428,0.4669593572616577,-0.1192111074924469,0.7562403082847595,0.6635777950286865,-0.13926589488983154,0.7415323257446289,0.6415069699287415,-0.11591725051403046,0.7276408672332764,0.5867816805839539,-0.10278407484292984,0.800316333770752,0.4911232590675354,-0.1273593306541443,0.7965341806411743,0.6373222470283508,-0.14268958568572998,0.7788294553756714,0.6230478882789612,-0.12962891161441803,0.7648793458938599,0.5754313468933105,-0.12120607495307922,fist,RRQ_p17,RRQ
0.7630200982093811,0.5430046319961548,-2.435643011722277e-07,0.740527868270874,0.4720763564109802,-0.07826103270053864,0.7223622798919678,0.3999072313308716,-0.13259170949459076,0.6975244283676147,0.41578030586242676,-0.17200085520744324,0.7014002799987793,0.4933764934539795,-0.2023966759443283,0.8923858404159546,0.40968549251556396,-0.11777789145708084,0.7652188539505005,0.43693792819976807,-0.16384394466876984,0.7325865030288696,0.4420304000377655,-0.18712832033634186,0.7559638619422913,0.4392745792865753,-0.20554083585739136,0.9094577431678772,0.5071426033973694,-0.10223498195409775,0.7739723324775696,0.5272318124771118,-0.14417393505573273,0.7583361268043518,0.5108530521392822,-0.14798325300216675,0.7949013113975525,0.49704599380493164,-0.15224431455135345,0.8991014957427979,0.5949993133544922,-0.09214077889919281,0.7699169516563416,0.6063302755355835,-0.12708823382854462,0.7588843703269958,0.5787064433097839,-0.10851922631263733,0.7910504341125488,0.5628769993782043,-0.09499263763427734,0.8731562495231628,0.6666711568832397,-0.09120836853981018,0.78000807762146,0.6643043756484985,-0.12234889715909958,0.7638448476791382,0.6311134099960327,-0.11958479881286621,0.779469907283783,0.6108798980712891,-0.11331405490636826,fist,RRQ_p17,RRQ
0.19672343134880066,0.5807651281356812,-1.0348455958819613e-07,0.2143416404724121,0.4591750502586365,-0.0639113262295723,0.23030270636081696,0.34001266956329346,-0.11112356185913086,0.24060016870498657,0.28914788365364075,-0.14970515668392181,0.242780864238739,0.34033408761024475,-0.18377698957920074,0.06139320135116577,0.39962509274482727,-0.12721294164657593,0.23967933654785156,0.39531123638153076,-0.2027573138475418,0.24565476179122925,0.40340837836265564,-0.25027841329574585,0.2099934071302414,0.40909358859062195,-0.2813224792480469,0.05715281516313553,0.5343232154846191,-0.1240757405757904,0.28153476119041443,0.5009027719497681,-0.1756432205438614,0.2524307370185852,0.488974392414093,-0.1784253567457199,0.19107332825660706,0.4900308847427368,-0.1851491630077362,0.08794759958982468,0.6488287448883057,-0.12630417943000793,0.293448805809021,0.6064124703407288,-0.16323688626289368,0.2571033239364624,0.5866162180900574,-0.13352152705192566,0.19219738245010376,0.579855740070343,-0.11351180821657181,0.13428416848182678,0.7403626441955566,-0.13945899903774261,0.2883639335632324,0.6948320865631104,-0.1798243373632431,0.2548380494117737,0.6662389636039734,-0.179544135928154,0.19224146008491516,0.6557645797729492,-0.1735253930091858,fist,RRQ_p17,RRQ
0.2647611200809479,0.48837217688560486,1.0186951016066814e-07,0.34999361634254456,0.5230761766433716,-0.07481158524751663,0.42365941405296326,0.5775244832038879,-0.13737648725509644,0.43474262952804565,0.6740096211433411,-0.18971222639083862,0.37143638730049133,0.7505831718444824,-0.2403920441865921,0.3901768922805786,0.3426815867424011,-0.1608099490404129,0.3985445201396942,0.6084641814231873,-0.23396660387516022,0.38605964183807373,0.6394758820533752,-0.27408164739608765,0.3753288984298706,0.5907924175262451,-0.30253252387046814,0.2915562391281128,0.3354542851448059,-0.1574956774711609,0.324399471282959,0.6299761533737183,-0.2117481231689453,0.31831127405166626,0.6250512003898621,-0.21762017905712128,0.30530259013175964,0.5414621829986572,-0.23093251883983612,0.2036934792995453,0.3665793240070343,-0.1575310081243515,0.24587678909301758,0.6388827562332153,-0.1999172568321228,0.24772033095359802,0.6267994046211243,-0.18086208403110504,0.24260170757770538,0.5416586399078369,-0.17204082012176514,0.13057835400104523,0.4157120883464813,-0.16778764128684998,0.17455853521823883,0.6253871917724609,-0.20643559098243713,0.18821600079536438,0.6251846551895142,-0.20592790842056274,0.18606969714164734,0.569750964641571,-0.20536598563194275,fist,RRQ_p17,RRQ
0.28526484966278076,0.5340580344200134,1.189206670915155e-07,0.3684978783130646,0.5733599066734314,-0.06899429112672806,0.4388442635536194,0.6328006982803345,-0.1272016167640686,0.448974072933197,0.6866655349731445,-0.17665880918502808,0.3806866407394409,0.7086862921714783,-0.22518450021743774,0.4338456988334656,0.36893877387046814,-0.1400759369134903,0.4369552731513977,0.6182453632354736,-0.21341587603092194,0.421753466129303,0.6076918244361877,-0.2622350752353668,0.41489821672439575,0.5440347790718079,-0.2979676127433777,0.33542466163635254,0.3542972803115845,-0.13826914131641388,0.3591334819793701,0.6484788060188293,-0.1898144632577896,0.3528820872306824,0.61992347240448,-0.19821295142173767,0.3455524742603302,0.5360589623451233,-0.2130221426486969,0.2451862096786499,0.38527023792266846,-0.14066821336746216,0.2789032757282257,0.6542600393295288,-0.18147017061710358,0.27670609951019287,0.6152321696281433,-0.16131487488746643,0.27231067419052124,0.5256491899490356,-0.15051919221878052,0.167509987950325,0.43694570660591125,-0.15316076576709747,0.20431865751743317,0.641294002532959,-0.19480066001415253,0.22114808857440948,0.6120450496673584,-0.19649502635002136,0.22548441588878632,0.5390127897262573,-0.19508014619350433,fist,RRQ_p17,RRQ
0.2893836498260498,0.5877801775932312,2.5852162366390985e-07,0.3763573467731476,0.6290602087974548,-0.06860829144716263,0.44439199566841125,0.6981762051582336,-0.12770108878612518,0.4470507502555847,0.7662844061851501,-0.17852668464183807,0.3767234981060028,0.7994174957275391,-0.22930561006069183,0.442796528339386,0.4422909617424011,-0.13955073058605194,0.4357612133026123,0.6900417804718018,-0.21216988563537598,0.4300358295440674,0.6738820672035217,-0.2613685131072998,0.4301764965057373,0.6103779077529907,-0.2975151836872101,0.34089481830596924,0.43101003766059875,-0.13761812448501587,0.3579758107662201,0.723985493183136,-0.18812665343284607,0.35882246494293213,0.6864709854125977,-0.19707158207893372,0.3567647337913513,0.5991228818893433,-0.21282300353050232,0.24886739253997803,0.46345213055610657,-0.13975554704666138,0.2775834798812866,0.7327339053153992,-0.1782599240541458,0.2819637358188629,0.6912481784820557,-0.157120019197464,0.2813374102115631,0.6061496734619141,-0.14563487470149994,0.17143160104751587,0.5153144001960754,-0.15220841765403748,0.2044742852449417,0.7212510704994202,-0.19246913492679596,0.22784960269927979,0.681807279586792,-0.19409538805484772,0.23740191757678986,0.6035181283950806,-0.19276538491249084,fist,RRQ_p17,RRQ
0.5685601830482483,0.6609539985656738,6.230733902157226e-07,0.5027745962142944,0.6601366996765137,-0.05314042046666145,0.4446702003479004,0.6228328347206116,-0.08791810274124146,0.4007475972175598,0.579593300819397,-0.1165020763874054,0.3541446030139923,0.5475450754165649,-0.14610745012760162,0.49976563453674316,0.49035218358039856,-0.08166646957397461,0.4788099527359009,0.3983445465564728,-0.12061222642660141,0.4682903289794922,0.33753061294555664,-0.1474047750234604,0.46176785230636597,0.2770153880119324,-0.16709089279174805,0.5487338900566101,0.47150152921676636,-0.07953455299139023,0.5520064234733582,0.3623657524585724,-0.11428075283765793,0.5612700581550598,0.2885988652706146,-0.1358688920736313,0.5728322267532349,0.21683552861213684,-0.15309098362922668,0.5926802754402161,0.4789482057094574,-0.08161498606204987,0.6035307049751282,0.3836999237537384,-0.11999001353979111,0.6150854825973511,0.32260727882385254,-0.1391139030456543,0.6261051893234253,0.26282256841659546,-0.15196242928504944,0.6342712640762329,0.5041828751564026,-0.08759716153144836,0.6658017635345459,0.4345954954624176,-0.1232890784740448,0.6919177770614624,0.3903944194316864,-0.13870546221733093,0.7145586609840393,0.34438762068748474,-0.14903639256954193,open_palm,RRQ_p17,RRQ
0.5260058045387268,0.6455804109573364,7.362336305050121e-07,0.45777595043182373,0.6344487071037292,-0.04994747042655945,0.394652783870697,0.5902261734008789,-0.0812530443072319,0.35036957263946533,0.5435616970062256,-0.10657929629087448,0.31025230884552,0.5044059753417969,-0.13223424553871155,0.4405183792114258,0.4416697919368744,-0.07072091102600098,0.4037342667579651,0.34366554021835327,-0.1074734702706337,0.382550984621048,0.2782633602619171,-0.1331188827753067,0.36708685755729675,0.2162269949913025,-0.15120646357536316,0.4890601933002472,0.4173128008842468,-0.06859607994556427,0.48313772678375244,0.29429805278778076,-0.10078203678131104,0.48397964239120483,0.21125870943069458,-0.12263353168964386,0.48679572343826294,0.13430941104888916,-0.13864333927631378,0.534125566482544,0.42456555366516113,-0.07075788080692291,0.5377025604248047,0.3203020691871643,-0.10501443594694138,0.5423919558525085,0.2536383867263794,-0.1241237074136734,0.5468019247055054,0.19194641709327698,-0.1362886279821396,0.5785844326019287,0.4518281817436218,-0.07653505355119705,0.6071287393569946,0.37156492471694946,-0.1065320298075676,0.6300681233406067,0.3214386999607086,-0.11868272721767426,0.6487327814102173,0.2723655104637146,-0.12617646157741547,open_palm,RRQ_p17,RRQ
0.500569224357605,0.29545342922210693,4.569747602545249e-07,0.476983904838562,0.36745330691337585,-0.0336185060441494,0.4362153708934784,0.4281138479709625,-0.05768276005983353,0.4005059003829956,0.46904540061950684,-0.07803858071565628,0.3671398162841797,0.5018360614776611,-0.09965541958808899,0.3511030375957489,0.3549550771713257,-0.05576639249920845,0.2834564447402954,0.38655418157577515,-0.08768753707408905,0.23943844437599182,0.4059658348560333,-0.10932040214538574,0.20076534152030945,0.41955408453941345,-0.1245780810713768,0.34601277112960815,0.2984166443347931,-0.059753287583589554,0.265647828578949,0.30275991559028625,-0.0914493203163147,0.21268829703330994,0.3062640428543091,-0.11349457502365112,0.16484321653842926,0.309395432472229,-0.1289365589618683,0.3587096631526947,0.24704372882843018,-0.06654305011034012,0.28362375497817993,0.23965860903263092,-0.10018552094697952,0.23378601670265198,0.23883023858070374,-0.12073205411434174,0.18822145462036133,0.23997586965560913,-0.13390767574310303,0.38412201404571533,0.19907504320144653,-0.07499642670154572,0.3302749693393707,0.15899549424648285,-0.10470034182071686,0.2935972213745117,0.13179704546928406,-0.11878412961959839,0.2576296627521515,0.10981349647045135,-0.12786853313446045,open_palm,RRQ_p17,RRQ
0.6908926367759705,0.3578869104385376,2.874428162158438e-07,0.6688743233680725,0.4041334390640259,-0.022032052278518677,0.6323793530464172,0.44315701723098755,-0.035730719566345215,0.6046782732009888,0.47519606351852417,-0.04745614156126976,0.5835524201393127,0.5051394104957581,-0.0597839280962944,0.5789995789527893,0.3876641094684601,-0.030514933168888092,0.5317701101303101,0.4076712131500244,-0.049545228481292725,0.5011726021766663,0.42041271924972534,-0.06298205256462097,0.4733864963054657,0.4298442602157593,-0.07292163372039795,0.5792391896247864,0.3442058861255646,-0.03328482806682587,0.5270641446113586,0.3428250849246979,-0.051301952451467514,0.49277323484420776,0.3420698642730713,-0.06521306186914444,0.4609985947608948,0.3415426015853882,-0.07545974105596542,0.5924723744392395,0.3055397570133209,-0.03840937837958336,0.5485600829124451,0.29305127263069153,-0.06016770377755165,0.5186147093772888,0.28770744800567627,-0.07409366965293884,0.4889107942581177,0.2848500907421112,-0.0828867182135582,0.614641010761261,0.270946741104126,-0.04472934827208519,0.5821276903152466,0.23632732033729553,-0.06416380405426025,0.5612376928329468,0.21073412895202637,-0.07320091873407364,0.539300262928009,0.18978999555110931,-0.0790586844086647,open_palm,RRQ_p17,RRQ
0.5437174439430237,0.45905205607414246,5.164885692465759e-07,0.5040963292121887,0.39282283186912537,-0.025894321501255035,0.4950791895389557,0.30988454818725586,-0.038054779171943665,0.49806249141693115,0.24421559274196625,-0.048044029623270035,0.49889975786209106,0.1889125108718872,-0.0578690767288208,0.5821989178657532,0.25276845693588257,-0.022035788744688034,0.6170631051063538,0.1799544394016266,-0.04019884020090103,0.6418310403823853,0.13507358729839325,-0.0555805079638958,0.6649627685546875,0.0969989001750946,-0.06721111387014389,0.6164971590042114,0.2760530710220337,-0.024470297619700432,0.6642513871192932,0.2030881941318512,-0.03947807103395462,0.697035014629364,0.155522421002388,-0.053620386868715286,0.7250713109970093,0.11418284475803375,-0.06475143134593964,0.6386464238166809,0.3104627728462219,-0.030837688595056534,0.6833651065826416,0.2456846386194229,-0.04926113039255142,0.7106893062591553,0.2019476592540741,-0.06253475695848465,0.734628438949585,0.16107676923274994,-0.07235636562108994,0.6531186103820801,0.35544031858444214,-0.03960496932268143,0.6981707811355591,0.32245826721191406,-0.058026041835546494,0.7291669845581055,0.2999846935272217,-0.06700977683067322,0.7575634121894836,0.2758532166481018,-0.07326692342758179,open_palm,RRQ_p17,RRQ
0.46947067975997925,0.3318770229816437,2.6654615226107126e-07,0.4414370357990265,0.3734164535999298,-0.01865430735051632,0.40858131647109985,0.40613245964050293,-0.030483782291412354,0.37967392802238464,0.4298698902130127,-0.04111083224415779,0.35588735342025757,0.4503898620605469,-0.05171847715973854,0.3607803285121918,0.3396087884902954,-0.016572007909417152,0.3171177804470062,0.3435136079788208,-0.03051126003265381,0.2900989055633545,0.34525221586227417,-0.04225820302963257,0.266313374042511,0.3439657688140869,-0.05126054212450981,0.36209800839424133,0.30581334233283997,-0.018888134509325027,0.31358063220977783,0.2970741391181946,-0.03193772956728935,0.28302711248397827,0.2906346619129181,-0.04304073750972748,0.2567967176437378,0.28441745042800903,-0.05133850872516632,0.37342479825019836,0.276520311832428,-0.02400883473455906,0.32960742712020874,0.2583150863647461,-0.03947689011693001,0.3015345335006714,0.24945013225078583,-0.04940737411379814,0.2760418951511383,0.24292245507240295,-0.05607246980071068,0.3920314908027649,0.25027984380722046,-0.030689852312207222,0.364393413066864,0.21900397539138794,-0.04462502524256706,0.3440975546836853,0.19927972555160522,-0.05107685923576355,0.3238789141178131,0.18290166556835175,-0.055429376661777496,open_palm,RRQ_p17,RRQ
0.25227999687194824,0.7141375541687012,4.481383086840651e-07,0.3467283546924591,0.7047829627990723,-0.05919646471738815,0.4156702756881714,0.6252807378768921,-0.09060686081647873,0.4417758584022522,0.5376687049865723,-0.115921750664711,0.46256208419799805,0.4465138912200928,-0.14470961689949036,0.3938648998737335,0.4788084924221039,-0.09003593027591705,0.41137975454330444,0.3553081154823303,-0.14092761278152466,0.41475024819374084,0.2675931453704834,-0.17826402187347412,0.4168069362640381,0.18571266531944275,-0.20668260753154755,0.3419077694416046,0.46055492758750916,-0.09192708879709244,0.3539251685142517,0.31889498233795166,-0.14545969665050507,0.3587825298309326,0.21782705187797546,-0.191385418176651,0.36448124051094055,0.1219249963760376,-0.22688761353492737,0.2882000207901001,0.47296738624572754,-0.09780333936214447,0.29195481538772583,0.34212321043014526,-0.15106286108493805,0.2969948351383209,0.25127315521240234,-0.1937437355518341,0.30229243636131287,0.1669561266899109,-0.2245052456855774,0.23411600291728973,0.5073003172874451,-0.10697612166404724,0.23631426692008972,0.41310033202171326,-0.15886740386486053,0.24143660068511963,0.34612149000167847,-0.1937052607536316,0.2474888265132904,0.27727699279785156,-0.21934910118579865,open_palm,RRQ_p17,RRQ
0.21466216444969177,0.6544135212898254,4.280792040844972e-07,0.29281309247016907,0.7069673538208008,-0.03257003054022789,0.39075449109077454,0.6928696036338806,-0.041824422776699066,0.459571897983551,0.6536780595779419,-0.04963136091828346,0.5146729350090027,0.6099542379379272,-0.05770758539438248,0.4548676013946533,0.5731958746910095,-0.02295655943453312,0.536529541015625,0.5163751244544983,-0.05133313685655594,0.585087776184082,0.47650575637817383,-0.07463361322879791,0.6290656924247742,0.4380062222480774,-0.09170588850975037,0.43147993087768555,0.5224025845527649,-0.02775835432112217,0.521522581577301,0.4553728699684143,-0.05491195246577263,0.5808850526809692,0.4062615633010864,-0.07864773273468018,0.634240984916687,0.36123043298721313,-0.09553659707307816,0.39221104979515076,0.487953782081604,-0.0378553569316864,0.47886979579925537,0.42492854595184326,-0.06741698831319809,0.5358497500419617,0.38713449239730835,-0.086487777531147,0.5887229442596436,0.3502994775772095,-0.0986546128988266,0.33878636360168457,0.4630240797996521,-0.05120040103793144,0.40454116463661194,0.4186357259750366,-0.08179449290037155,0.45085036754608154,0.39107996225357056,-0.09623266756534576,0.49623608589172363,0.36132270097732544,-0.10469255596399307,open_palm,RRQ_p17,RRQ
0.4025377929210663,0.5967841744422913,4.596985831994971e-07,0.42705899477005005,0.5210062265396118,-0.06202907860279083,0.4117058515548706,0.4450873136520386,-0.10070046037435532,0.377482146024704,0.39801084995269775,-0.13100513815879822,0.3337383568286896,0.35419124364852905,-0.1643807590007782,0.3212301731109619,0.4364887475967407,-0.10803839564323425,0.2516987919807434,0.39768943190574646,-0.1574152559041977,0.2024148851633072,0.3824383318424225,-0.1904871165752411,0.15456637740135193,0.3680530786514282,-0.2141687572002411,0.2986156940460205,0.4876149296760559,-0.10368026793003082,0.21301625669002533,0.45205676555633545,-0.15252244472503662,0.15392853319644928,0.43428775668144226,-0.19038893282413483,0.09531596302986145,0.41402390599250793,-0.21962016820907593,0.29360291361808777,0.5443326830863953,-0.10145129263401031,0.2213015854358673,0.5248444080352783,-0.14620369672775269,0.17274653911590576,0.5104875564575195,-0.17699044942855835,0.12836861610412598,0.49602052569389343,-0.19907888770103455,0.3008885979652405,0.6041843891143799,-0.10271304100751877,0.2456364929676056,0.5891389846801758,-0.1425868719816208,0.2089771330356598,0.5769169926643372,-0.166147843003273,0.17348907887935638,0.5657942295074463,-0.18339762091636658,open_palm,RRQ_p17,RRQ
0.6200118660926819,0.5704071521759033,2.572228368080687e-07,0.6882375478744507,0.5688818693161011,-0.015576652251183987,0.7454543113708496,0.4979923963546753,-0.01815546303987503,0.7755767703056335,0.433942049741745,-0.021689841523766518,0.803284764289856,0.38503938913345337,-0.025882361456751823,0.7605506181716919,0.393677681684494,-0.006466560531407595,0.8013983964920044,0.3162190914154053,-0.02604195848107338,0.8293237090110779,0.2664089500904083,-0.043266262859106064,0.853165864944458,0.21872611343860626,-0.056653764098882675,0.7406048774719238,0.3747401833534241,-0.014646001160144806,0.788056492805481,0.285566508769989,-0.03432290628552437,0.8219242095947266,0.22368957102298737,-0.052208539098501205,0.8525477647781372,0.16406409442424774,-0.06545037031173706,0.7136710286140442,0.370813250541687,-0.026651261374354362,0.7614102363586426,0.2849724590778351,-0.048900019377470016,0.7956640124320984,0.23218636214733124,-0.06453017145395279,0.8257343173027039,0.18119390308856964,-0.07466457784175873,0.6790506839752197,0.3783435821533203,-0.0403984859585762,0.7139551043510437,0.31324654817581177,-0.062473077327013016,0.7413377165794373,0.2716742753982544,-0.07377539575099945,0.7680241465568542,0.2320854663848877,-0.08122558891773224,open_palm,RRQ_p17,RRQ
0.3335855305194855,0.6419223546981812,4.927264285470301e-07,0.4029495120048523,0.5946837067604065,-0.04900839179754257,0.4370139539241791,0.5019206404685974,-0.07691717147827148,0.4446793794631958,0.41483625769615173,-0.09990058094263077,0.4478558301925659,0.33389681577682495,-0.1261424720287323,0.3857666850090027,0.40465256571769714,-0.08375119417905807,0.37713944911956787,0.3007805347442627,-0.13318297266960144,0.36437538266181946,0.2333793193101883,-0.16614313423633575,0.3506898283958435,0.1667083203792572,-0.18974846601486206,0.3373435437679291,0.4144640564918518,-0.0872744470834732,0.32016441226005554,0.2972613573074341,-0.13734519481658936,0.3052789866924286,0.21809084713459015,-0.17183828353881836,0.2903865575790405,0.13960015773773193,-0.19752617180347443,0.29418039321899414,0.45205602049827576,-0.09436317533254623,0.273052453994751,0.3539295196533203,-0.14448696374893188,0.26198315620422363,0.28419625759124756,-0.17318536341190338,0.2517944574356079,0.2161485105752945,-0.19182370603084564,0.25488731265068054,0.5077127814292908,-0.1042143702507019,0.2373925745487213,0.431237131357193,-0.15082436800003052,0.22799381613731384,0.3771028220653534,-0.1752578765153885,0.21826127171516418,0.32161813974380493,-0.19149257242679596,open_palm,RRQ_p17,RRQ
0.31792744994163513,0.6938347816467285,8.693558584127459e-07,0.40639543533325195,0.683668851852417,-0.05418650433421135,0.4811454117298126,0.6364260911941528,-0.09378815442323685,0.5561809539794922,0.6038583517074585,-0.12812185287475586,0.6181732416152954,0.5907822847366333,-0.16676069796085358,0.42808255553245544,0.5040677785873413,-0.1222083643078804,0.47270363569259644,0.38281264901161194,-0.17097118496894836,0.4988589882850647,0.29932641983032227,-0.1999482661485672,0.5176470279693604,0.2190895974636078,-0.22324271500110626,0.36561569571495056,0.4742845594882965,-0.12894798815250397,0.37740278244018555,0.3241131901741028,-0.18085312843322754,0.38273659348487854,0.2173261046409607,-0.21612121164798737,0.37648805975914,0.12315863370895386,-0.24420243501663208,0.30616623163223267,0.49170759320259094,-0.1352451741695404,0.26400133967399597,0.36383843421936035,-0.18744833767414093,0.2289956957101822,0.2715907096862793,-0.22425618767738342,0.19497409462928772,0.19184792041778564,-0.2524385452270508,0.25539952516555786,0.5442532896995544,-0.14415007829666138,0.179944708943367,0.48824623227119446,-0.19377519190311432,0.12632641196250916,0.4550565481185913,-0.21999670565128326,0.07826033234596252,0.4204293191432953,-0.24007242918014526,open_palm,RRQ_p17,RRQ
0.4712141752243042,0.6253068447113037,8.055257580963371e-07,0.5594940781593323,0.6225354671478271,-0.047028981149196625,0.635191798210144,0.5770690441131592,-0.08280842751264572,0.7046927213668823,0.5487785339355469,-0.11538248509168625,0.7621941566467285,0.5298295617103577,-0.15225015580654144,0.61472088098526,0.4294918477535248,-0.10403697937726974,0.671217679977417,0.3188125789165497,-0.15365241467952728,0.7047713994979858,0.24672077596187592,-0.18411949276924133,0.7352188229560852,0.1777343451976776,-0.20775409042835236,0.5620802044868469,0.405466765165329,-0.114312082529068,0.5824321508407593,0.26548099517822266,-0.1663171499967575,0.605351448059082,0.17036858201026917,-0.2019469141960144,0.6239287257194519,0.07788854837417603,-0.22824713587760925,0.5048222541809082,0.42482349276542664,-0.12571777403354645,0.4863223433494568,0.2992158532142639,-0.18002574145793915,0.4793190360069275,0.2166067659854889,-0.2153487503528595,0.47411873936653137,0.1370309293270111,-0.2394464761018753,0.45452699065208435,0.47659146785736084,-0.13906311988830566,0.4047374725341797,0.4048363268375397,-0.19153423607349396,0.36971330642700195,0.36017799377441406,-0.2174919843673706,0.3403748869895935,0.31546348333358765,-0.23443055152893066,open_palm,RRQ_p17,RRQ
0.3231201767921448,0.738938570022583,6.391162514773896e-07,0.410834938287735,0.7400436997413635,-0.05232319235801697,0.49144744873046875,0.7016940116882324,-0.08832504600286484,0.566706657409668,0.6766400933265686,-0.12077171355485916,0.6285392045974731,0.6640794277191162,-0.15975114703178406,0.43972495198249817,0.5822683572769165,-0.11534444987773895,0.4867023825645447,0.47154510021209717,-0.16308270394802094,0.5164425373077393,0.39550814032554626,-0.19465795159339905,0.5404496788978577,0.32109081745147705,-0.2201043963432312,0.3784438967704773,0.5614418387413025,-0.12295922636985779,0.38485288619995117,0.42719194293022156,-0.1723039150238037,0.38944607973098755,0.32759976387023926,-0.2084966003894806,0.38375553488731384,0.23573964834213257,-0.23838333785533905,0.3194350004196167,0.5798898339271545,-0.13076236844062805,0.28353244066238403,0.4659177362918854,-0.1864927113056183,0.24885115027427673,0.3912053108215332,-0.22493773698806763,0.21137723326683044,0.32386472821235657,-0.25264936685562134,0.26772692799568176,0.6284656524658203,-0.1408068835735321,0.1953575760126114,0.5792458653450012,-0.19517043232917786,0.13952431082725525,0.5499544739723206,-0.22327731549739838,0.08698242902755737,0.5224007964134216,-0.24344666302204132,open_palm,RRQ_p17,RRQ
0.3484118580818176,0.6907082796096802,7.073440997373837e-07,0.43804478645324707,0.6838827133178711,-0.05345159024000168,0.5141818523406982,0.6369055509567261,-0.09102284908294678,0.5888622999191284,0.6054738759994507,-0.12437455356121063,0.6523334383964539,0.5894507765769958,-0.16372303664684296,0.465319961309433,0.5209685564041138,-0.12019030004739761,0.5136174559593201,0.40444961190223694,-0.1708555370569229,0.5439791083335876,0.32356247305870056,-0.20347356796264648,0.5678035616874695,0.24558886885643005,-0.22937056422233582,0.40489113330841064,0.4992053210735321,-0.12803328037261963,0.4127667546272278,0.3599257171154022,-0.18204465508460999,0.41765204071998596,0.2568246126174927,-0.22078625857830048,0.41041526198387146,0.16317209601402283,-0.2512892186641693,0.3459989130496979,0.5201913118362427,-0.1356578767299652,0.31134578585624695,0.4125731885433197,-0.19516953825950623,0.2786919176578522,0.33663100004196167,-0.23589424788951874,0.24124643206596375,0.26624101400375366,-0.26410165429115295,0.2948583960533142,0.5714287161827087,-0.14537844061851501,0.2212396115064621,0.5296458601951599,-0.20261356234550476,0.1669653356075287,0.5003305673599243,-0.23268122971057892,0.1142536997795105,0.47072261571884155,-0.2535053491592407,open_palm,RRQ_p17,RRQ
0.7380107045173645,0.5835498571395874,-6.893873205626733e-07,0.6853346824645996,0.5241385102272034,-0.07130119204521179,0.6728310585021973,0.44395560026168823,-0.11108118295669556,0.6744148135185242,0.3764742612838745,-0.1373395174741745,0.6728174686431885,0.29599469900131226,-0.15563099086284637,0.8023119568824768,0.4572843909263611,-0.10106506943702698,0.7370703220367432,0.578208327293396,-0.13876473903656006,0.707768440246582,0.5623360276222229,-0.15316449105739594,0.7177712917327881,0.5171990394592285,-0.1653117835521698,0.8544381260871887,0.5088119506835938,-0.08472834527492523,0.7679376602172852,0.6335172653198242,-0.12056291103363037,0.738982617855072,0.605965793132782,-0.12360721081495285,0.7556720972061157,0.5686274766921997,-0.12775813043117523,0.8815926313400269,0.5644797682762146,-0.07263322174549103,0.7999555468559265,0.6724491119384766,-0.10972399264574051,0.7773987054824829,0.644141435623169,-0.10158367455005646,0.7948994636535645,0.6056730151176453,-0.09533572196960449,0.8926592469215393,0.6136419773101807,-0.06788685917854309,0.8332570791244507,0.6860467195510864,-0.1033933088183403,0.8125116229057312,0.6703017950057983,-0.10967370122671127,0.8212955594062805,0.6367387771606445,-0.11074146628379822,thumbs_up,RRQ_p17,RRQ
0.7192142605781555,0.5844575762748718,-8.685750572112738e-07,0.7246304154396057,0.5045957565307617,-0.07851172983646393,0.7603065967559814,0.42682796716690063,-0.1330849826335907,0.7873978018760681,0.3461885154247284,-0.17691509425640106,0.8097241520881653,0.2512636184692383,-0.21060426533222198,0.8877490162849426,0.6144195199012756,-0.11282713711261749,0.7621159553527832,0.7028946876525879,-0.16536244750022888,0.7261949181556702,0.6441362500190735,-0.18293799459934235,0.7543929219245911,0.595374584197998,-0.195658877491951,0.9088193774223328,0.6991919875144958,-0.10129790008068085,0.7504483461380005,0.7624402046203613,-0.15499982237815857,0.7093814611434937,0.6775125861167908,-0.15671475231647491,0.7421138286590576,0.6352006793022156,-0.15641570091247559,0.9033487439155579,0.7616872787475586,-0.09573313593864441,0.7542492151260376,0.8055515289306641,-0.14742261171340942,0.7166140675544739,0.7270063161849976,-0.1365615278482437,0.742932140827179,0.6849305629730225,-0.12575049698352814,0.8839052319526672,0.8041560649871826,-0.0984727069735527,0.7742138504981995,0.8207506537437439,-0.1385897547006607,0.7414771318435669,0.7672014832496643,-0.1428244709968567,0.759185254573822,0.7315021753311157,-0.14165332913398743,thumbs_up,RRQ_p17,RRQ
0.6147381067276001,0.5718876123428345,1.0445540254977459e-07,0.5374930500984192,0.47944924235343933,-0.019646229222416878,0.4562569856643677,0.4162409007549286,-0.05558650195598602,0.4141804873943329,0.3257955312728882,-0.08879981935024261,0.40976712107658386,0.22162315249443054,-0.1216115802526474,0.47043535113334656,0.5329229831695557,-0.10291571170091629,0.3445097804069519,0.6049843430519104,-0.13976596295833588,0.3723871111869812,0.568747341632843,-0.14971747994422913,0.41391247510910034,0.5384763479232788,-0.14993663132190704,0.5030413866043091,0.6201863884925842,-0.10650854557752609,0.3665340542793274,0.6848509311676025,-0.1273413896560669,0.39019274711608887,0.640036940574646,-0.11716946959495544,0.4330727756023407,0.611698567867279,-0.11173346638679504,0.5306096076965332,0.6856188774108887,-0.106981061398983,0.4094104468822479,0.7368039488792419,-0.11610322445631027,0.43144190311431885,0.6933607459068298,-0.09190044552087784,0.4692886769771576,0.6673821210861206,-0.0774371325969696,0.5504245758056641,0.730461061000824,-0.10873876512050629,0.45374220609664917,0.7655775547027588,-0.1084657832980156,0.4704822897911072,0.7300370335578918,-0.08529260754585266,0.5035016536712646,0.7096465826034546,-0.07081687450408936,thumbs_up,RRQ_p17,RRQ
0.27251237630844116,0.7845161557197571,-1.0005593509276878e-07,0.31693875789642334,0.6689460277557373,-0.0778348371386528,0.3295019268989563,0.5406926870346069,-0.12847869098186493,0.3205876350402832,0.4233492910861969,-0.16558106243610382,0.30009883642196655,0.30006614327430725,-0.20044231414794922,0.20988838374614716,0.5867825150489807,-0.1493069976568222,0.36739397048950195,0.6845473051071167,-0.2099522352218628,0.36591172218322754,0.6656792759895325,-0.2466771900653839,0.33137962222099304,0.6281079053878784,-0.2726021409034729,0.16581687331199646,0.7140692472457886,-0.13493268191814423,0.3501538038253784,0.7926837205886841,-0.17269782721996307,0.33751922845840454,0.7557075619697571,-0.1752312183380127,0.29277104139328003,0.7174733281135559,-0.18834182620048523,0.15087980031967163,0.8269886374473572,-0.12370730191469193,0.3208751976490021,0.8884994983673096,-0.1527833789587021,0.3106227219104767,0.850161075592041,-0.12733517587184906,0.262591153383255,0.8078747987747192,-0.11725039035081863,0.15452423691749573,0.9280218482017517,-0.12316976487636566,0.28101369738578796,0.9639456272125244,-0.15070690214633942,0.27899783849716187,0.9322280883789062,-0.1422397643327713,0.24362561106681824,0.9060485363006592,-0.13684938848018646,thumbs_up,RRQ_p17,RRQ
0.28272509574890137,0.6249269843101501,-9.768426423306664e-08,0.3661309778690338,0.553114652633667,-0.07995679974555969,0.4278632402420044,0.43635496497154236,-0.12296558171510696,0.4751282334327698,0.3208182156085968,-0.1539323329925537,0.507920503616333,0.19313770532608032,-0.1808730512857437,0.3216284215450287,0.40270787477493286,-0.13557550311088562,0.43445149064064026,0.5833014845848083,-0.19606634974479675,0.4255511164665222,0.5651458501815796,-0.2296169549226761,0.3955445885658264,0.5090401768684387,-0.2525162100791931,0.23291632533073425,0.47779062390327454,-0.12049803882837296,0.3927416503429413,0.6986567378044128,-0.15472185611724854,0.36770108342170715,0.6399216055870056,-0.1516743004322052,0.3130839467048645,0.5638040900230408,-0.15822552144527435,0.1767541468143463,0.5756660103797913,-0.110478475689888,0.3253636062145233,0.763644814491272,-0.1396954357624054,0.30660444498062134,0.7146966457366943,-0.09897798299789429,0.259156197309494,0.6404358744621277,-0.07273976504802704,0.13797904551029205,0.6827806830406189,-0.11293454468250275,0.249119371175766,0.8073379993438721,-0.15139377117156982,0.24014893174171448,0.7627991437911987,-0.14058196544647217,0.20148217678070068,0.7127219438552856,-0.1250990480184555,thumbs_up,RRQ_p17,RRQ
0.5425913333892822,0.6149054765701294,8.125314110429827e-08,0.516072154045105,0.5275480151176453,-0.005895518697798252,0.4838084578514099,0.4608054757118225,-0.020220236852765083,0.46086061000823975,0.39706477522850037,-0.034885432571172714,0.4656667113304138,0.34359210729599,-0.04902302846312523,0.41810813546180725,0.5141721963882446,-0.02059505507349968,0.36925581097602844,0.503576934337616,-0.028936896473169327,0.3922284245491028,0.5039030909538269,-0.03465230390429497,0.4158990979194641,0.5081514716148376,-0.037540651857852936,0.41081246733665466,0.5737512707710266,-0.022517751902341843,0.36191096901893616,0.5500028133392334,-0.021204128861427307,0.3819359242916107,0.5451126098632812,-0.01827135868370533,0.40411075949668884,0.5508796572685242,-0.018922163173556328,0.41193023324012756,0.6269466280937195,-0.023515446111559868,0.367715984582901,0.5984579920768738,-0.018485596403479576,0.3851231336593628,0.592326819896698,-0.00969362910836935,0.4071228504180908,0.5978122353553772,-0.006898276507854462,0.4165084958076477,0.6698267459869385,-0.025134684517979622,0.37824684381484985,0.6436442136764526,-0.01748652197420597,0.39358144998550415,0.6360097527503967,-0.004547144751995802,0.4117312729358673,0.6386976838111877,0.0037504900246858597,thumbs_up,RRQ_p17,RRQ
0.5719701051712036,0.6122081279754639,-3.174689666707309e-08,0.544831395149231,0.525805652141571,-0.003813711926341057,0.5103639364242554,0.4539817273616791,-0.015730736777186394,0.4905718266963959,0.3899151682853699,-0.028060534968972206,0.4965703785419464,0.3401842415332794,-0.040090855211019516,0.44979366660118103,0.5104754567146301,-0.021930474787950516,0.4016834795475006,0.4999609589576721,-0.030321154743433,0.42300087213516235,0.49996083974838257,-0.036050453782081604,0.44594746828079224,0.5039875507354736,-0.03892473503947258,0.4434882700443268,0.5688198804855347,-0.024911778047680855,0.3960914611816406,0.5468320846557617,-0.02317955531179905,0.4140784740447998,0.5423585176467896,-0.020354904234409332,0.43612393736839294,0.547355592250824,-0.021436206996440887,0.44455471634864807,0.6207289099693298,-0.026576856151223183,0.40274640917778015,0.5946486592292786,-0.02115577459335327,0.4192919135093689,0.5892958641052246,-0.012402905151247978,0.4412520229816437,0.5940160155296326,-0.009882141835987568,0.4497070014476776,0.6638712286949158,-0.028818238526582718,0.41366201639175415,0.6408668756484985,-0.02094513364136219,0.4296906590461731,0.6347076892852783,-0.008031931705772877,0.44871804118156433,0.6376699209213257,-1.5354135030065663e-05,thumbs_up,RRQ_p17,RRQ
0.8048220276832581,0.6622538566589355,-4.1642945092235095e-08,0.7861693501472473,0.5696377754211426,-0.0037797018885612488,0.7513526678085327,0.4904109835624695,-0.017898276448249817,0.7337332963943481,0.4239773750305176,-0.03216501325368881,0.7490050196647644,0.37386399507522583,-0.0468069389462471,0.6977424621582031,0.5341691970825195,-0.03485717624425888,0.6348041296005249,0.525568962097168,-0.04865449666976929,0.6595388650894165,0.5282225012779236,-0.05521447956562042,0.6882997155189514,0.5330696702003479,-0.05755184590816498,0.6885029673576355,0.5935366749763489,-0.03955301269888878,0.6240168809890747,0.5706461071968079,-0.0437440350651741,0.6452735662460327,0.5684179663658142,-0.03992452844977379,0.6714633703231812,0.5769796371459961,-0.03911939263343811,0.685742974281311,0.6481471061706543,-0.04248504713177681,0.627666711807251,0.6211717128753662,-0.04178604483604431,0.6468676924705505,0.6159785985946655,-0.030805818736553192,0.6714448928833008,0.6221505999565125,-0.025664014741778374,0.6871874332427979,0.6955379843711853,-0.045604072511196136,0.6388133764266968,0.6703372001647949,-0.041178133338689804,0.6552965641021729,0.6635625958442688,-0.02733593061566353,0.6757610440254211,0.6683422327041626,-0.018362535163760185,thumbs_up,RRQ_p17,RRQ
0.43115147948265076,0.5375984311103821,-5.5877237059576146e-08,0.41190046072006226,0.4519926905632019,-0.00824701227247715,0.38333454728126526,0.38371914625167847,-0.019457688555121422,0.3552049398422241,0.3265973925590515,-0.03022099658846855,0.3529647886753082,0.27256107330322266,-0.04102904722094536,0.28823861479759216,0.438732385635376,-0.014126818627119064,0.29913175106048584,0.4363441467285156,-0.013633434660732746,0.32594847679138184,0.44353264570236206,-0.017176007851958275,0.3428136706352234,0.4515992999076843,-0.02176724746823311,0.2817005217075348,0.4974617660045624,-0.014452137984335423,0.2949973940849304,0.48551979660987854,-0.00792393647134304,0.31956005096435547,0.48685258626937866,-0.009401858784258366,0.33764833211898804,0.49329766631126404,-0.014978159219026566,0.2883559763431549,0.548852801322937,-0.013331462629139423,0.29891008138656616,0.533932626247406,-0.007427898235619068,0.32039058208465576,0.5308653116226196,-0.006020283792167902,0.3391725718975067,0.5341382026672363,-0.009015213698148727,0.2996252477169037,0.5930643677711487,-0.01314006932079792,0.3077053427696228,0.5768361687660217,-0.00846154149621725,0.3285008370876312,0.5708892345428467,-0.002211102284491062,0.3442927896976471,0.57140052318573,0.0018380425171926618,thumbs_up,RRQ_p17,RRQ
0.587268054485321,0.5130569338798523,-4.391310994833475e-07,0.6055182814598083,0.41778096556663513,-0.008211673237383366,0.6442347764968872,0.35679805278778076,-0.02138826996088028,0.6790578365325928,0.2982639670372009,-0.033913977444171906,0.6855303645133972,0.24026823043823242,-0.04511765018105507,0.7397000193595886,0.4124494791030884,-0.017361745238304138,0.7332800626754761,0.4263439476490021,-0.017597170546650887,0.7069501876831055,0.43693503737449646,-0.019856687635183334,0.6873866319656372,0.43859174847602844,-0.023908551782369614,0.7491108775138855,0.47295090556144714,-0.019414827227592468,0.7376934289932251,0.47816070914268494,-0.009900873526930809,0.7134559750556946,0.4783813953399658,-0.00834624096751213,0.6942867636680603,0.4769931137561798,-0.013752831146121025,0.7401796579360962,0.5287895798683167,-0.02003423310816288,0.7279447317123413,0.5217609405517578,-0.009546371176838875,0.7075995802879333,0.5199400782585144,-0.0037849233485758305,0.6883013844490051,0.5160837769508362,-0.0067953611724078655,0.7226594686508179,0.5752782225608826,-0.02199939824640751,0.7095622420310974,0.5679730176925659,-0.012573647312819958,0.6917744278907776,0.562292754650116,-0.003563250880688429,0.6759732365608215,0.5548372268676758,4.5533171942224726e-05,thumbs_up,RRQ_p17,RRQ
0.6112636923789978,0.7735303044319153,-1.6285872561638826e-07,0.6625530123710632,0.6828441619873047,-0.021953769028186798,0.7333090901374817,0.5877901911735535,-0.05934282764792442,0.7555938959121704,0.5042285323143005,-0.09269590675830841,0.7522836923599243,0.4132271409034729,-0.119903564453125,0.7330992817878723,0.6257248520851135,-0.11981187015771866,0.8736617565155029,0.6976357102394104,-0.1692992001771927,0.8384286761283875,0.7043631076812744,-0.1778399646282196,0.7858534455299377,0.6816492676734924,-0.17617486417293549,0.7040401697158813,0.7044856548309326,-0.13126318156719208,0.8600715398788452,0.7711978554725647,-0.1786196380853653,0.8162333965301514,0.761444091796875,-0.16443593800067902,0.7580696940422058,0.7426039576530457,-0.15144872665405273,0.6843292117118835,0.7836078405380249,-0.14082494378089905,0.8272266983985901,0.8363852500915527,-0.16817039251327515,0.7863286733627319,0.8219634294509888,-0.1313042938709259,0.7350854277610779,0.8066847920417786,-0.10576922446489334,0.6704078316688538,0.857368528842926,-0.15198840200901031,0.7833359241485596,0.8884519338607788,-0.15900859236717224,0.7533546686172485,0.8707610368728638,-0.13063889741897583,0.7054731845855713,0.8544464707374573,-0.11196873337030411,thumbs_up,RRQ_p17,RRQ
0.39015328884124756,0.8216630220413208,-4.364695485037373e-07,0.41950365900993347,0.7162273526191711,-0.051938772201538086,0.39078858494758606,0.5953701138496399,-0.07702042162418365,0.35494524240493774,0.512091875076294,-0.09505389630794525,0.3302708566188812,0.4304944574832916,-0.1080220490694046,0.26207026839256287,0.6179473996162415,-0.07051607966423035,0.34335994720458984,0.669566810131073,-0.11539900302886963,0.3775942027568817,0.6893520355224609,-0.13747021555900574,0.35977882146835327,0.6790361404418945,-0.1511712521314621,0.22938400506973267,0.7027057409286499,-0.06432420760393143,0.32957854866981506,0.7485902309417725,-0.10297144204378128,0.36804094910621643,0.7509284615516663,-0.1074368879199028,0.3521153926849365,0.7347611784934998,-0.11134468019008636,0.2222461998462677,0.7849144339561462,-0.06398852914571762,0.31194642186164856,0.8244110941886902,-0.10009126365184784,0.35168978571891785,0.8170104026794434,-0.09101797640323639,0.34048953652381897,0.7946513891220093,-0.08444085717201233,0.22806423902511597,0.8607391715049744,-0.06962588429450989,0.296047568321228,0.8892930746078491,-0.09442105144262314,0.32942628860473633,0.8783257603645325,-0.09376377612352371,0.32494881749153137,0.8574453592300415,-0.09150242805480957,thumbs_up,RRQ_p17,RRQ
0.4770817756652832,0.6443337798118591,-3.460171171809634e-07,0.5237988233566284,0.5491945147514343,-0.027961770072579384,0.5621025562286377,0.45211178064346313,-0.05222137272357941,0.5636036396026611,0.3688947558403015,-0.07386580109596252,0.5515207648277283,0.292281836271286,-0.09164612740278244,0.526425302028656,0.4992635250091553,-0.0762949138879776,0.6404998898506165,0.5440468788146973,-0.1189374327659607,0.6173774003982544,0.5575718879699707,-0.13777077198028564,0.5792588591575623,0.5398110747337341,-0.14886829257011414,0.4977531135082245,0.5732914805412292,-0.08282576501369476,0.6284428834915161,0.6149266362190247,-0.11483506858348846,0.5973323583602905,0.6115524172782898,-0.11155425012111664,0.5605344176292419,0.5952908992767334,-0.11582660675048828,0.48607152700424194,0.6395468711853027,-0.09165609627962112,0.6072742342948914,0.6749540567398071,-0.11596783250570297,0.5749120712280273,0.667709469795227,-0.09796269983053207,0.5417184233665466,0.6547197103500366,-0.09071908891201019,0.48145121335983276,0.6942228674888611,-0.10383043438196182,0.5754837989807129,0.7185730934143066,-0.11420764774084091,0.5518327951431274,0.7065514326095581,-0.10225582867860794,0.5174667835235596,0.6944946050643921,-0.0989774540066719,thumbs_up,RRQ_p17,RRQ
0.6277887225151062,0.5940958261489868,-2.0696180058621394e-07,0.6673538684844971,0.5140683650970459,-0.01016458123922348,0.7288656234741211,0.43931344151496887,-0.03328203037381172,0.7592992782592773,0.37482982873916626,-0.05543923005461693,0.7717682719230652,0.3076938986778259,-0.07439234107732773,0.7610300183296204,0.47481769323349,-0.06940434873104095,0.850258469581604,0.5385898947715759,-0.10090085864067078,0.8216652274131775,0.5468271970748901,-0.11023981869220734,0.7886545658111572,0.5281004309654236,-0.11345156282186508,0.7404295802116394,0.53066486120224,-0.08071786910295486,0.8374683856964111,0.5960918068885803,-0.10359761118888855,0.8050526976585388,0.5923032760620117,-0.09438356757164001,0.7703988552093506,0.5698553323745728,-0.08964399993419647,0.7185818552970886,0.5898425579071045,-0.09096697717905045,0.8077934384346008,0.6452587842941284,-0.10451165586709976,0.777735710144043,0.636685311794281,-0.08051770180463791,0.7457440495491028,0.6164458990097046,-0.06681077927350998,0.6973031759262085,0.6472348570823669,-0.10184253752231598,0.7750794291496277,0.6842992305755615,-0.10430337488651276,0.7519662380218506,0.6729086637496948,-0.08375027775764465,0.7210474014282227,0.6540125608444214,-0.07137914001941681,thumbs_up,RRQ_p17,RRQ
0.7381513714790344,0.6094263792037964,-9.101605655814637e-07,0.6601412892341614,0.5671900510787964,-0.06912928074598312,0.6099651455879211,0.47100839018821716,-0.10511790961027145,0.5784580111503601,0.3899129331111908,-0.12697020173072815,0.5482995510101318,0.30399227142333984,-0.1408231109380722,0.7334005832672119,0.43841809034347534,-0.10765307396650314,0.6967963576316833,0.5904768109321594,-0.14233748614788055,0.6734238862991333,0.5977814793586731,-0.15295253694057465,0.6736326813697815,0.5534308552742004,-0.16311798989772797,0.8105579018592834,0.46729642152786255,-0.09158790111541748,0.7399306893348694,0.64625084400177,-0.1205657571554184,0.7160611152648926,0.6345281600952148,-0.11857376247644424,0.7223929166793823,0.5876702666282654,-0.12202336639165878,0.8610279560089111,0.5158535242080688,-0.07864530384540558,0.7889314293861389,0.6701599359512329,-0.1130949929356575,0.7630405426025391,0.6604208946228027,-0.09749674797058105,0.7675523161888123,0.6190383434295654,-0.08715490251779556,0.8914379477500916,0.5669456720352173,-0.07308229058980942,0.8350604176521301,0.6776998043060303,-0.11173119395971298,0.8091500997543335,0.6787739992141724,-0.11450077593326569,0.8048726916313171,0.6467685699462891,-0.11221571266651154,thumbs_up,RRQ_p17,RRQ
0.6751863360404968,0.7462587356567383,1.3331476793609909e-06,0.6220002770423889,0.7331804037094116,-0.05195106565952301,0.5874583125114441,0.7035008668899536,-0.0922938734292984,0.6185534596443176,0.7112393975257874,-0.12894493341445923,0.6722337603569031,0.7200099229812622,-0.16623932123184204,0.592240571975708,0.5258703231811523,-0.09304894506931305,0.5629556775093079,0.4109346866607666,-0.13757126033306122,0.5461191534996033,0.3365723788738251,-0.16332289576530457,0.5386024713516235,0.265870600938797,-0.18273918330669403,0.6541502475738525,0.5159152746200562,-0.0992707908153534,0.6829122304916382,0.39155250787734985,-0.1450338214635849,0.7120115160942078,0.30881765484809875,-0.17132964730262756,0.7373570799827576,0.23147821426391602,-0.18745242059230804,0.7002211809158325,0.5557030439376831,-0.10766994208097458,0.7295564413070679,0.5158964991569519,-0.16468556225299835,0.7159398794174194,0.5857354998588562,-0.17866083979606628,0.7019098401069641,0.636963427066803,-0.17759732902050018,0.7313283681869507,0.6179744005203247,-0.11925423890352249,0.7263715863227844,0.6639541387557983,-0.1719190776348114,0.7029984593391418,0.7199140787124634,-0.1826886683702469,0.6833333969116211,0.7591346502304077,-0.18199190497398376,peace_sign,RRQ_p17,RRQ
0.7158859372138977,0.6175596714019775,6.963052214814525e-07,0.6604697108268738,0.6318038702011108,-0.03513548895716667,0.615460991859436,0.6059406995773315,-0.06095696985721588,0.6283879280090332,0.5519369840621948,-0.08609773218631744,0.6485428214073181,0.49948328733444214,-0.11117012053728104,0.5711641311645508,0.47315511107444763,-0.051457248628139496,0.5039404034614563,0.4135504961013794,-0.08449956774711609,0.463513046503067,0.3727971911430359,-0.10724953562021255,0.43121764063835144,0.32947465777397156,-0.1254754513502121,0.6103630065917969,0.4280504882335663,-0.05889562517404556,0.5729432106018066,0.3204140067100525,-0.09208492189645767,0.5492114424705505,0.2504911422729492,-0.1191941574215889,0.528808057308197,0.18699043989181519,-0.13983559608459473,0.6544022560119629,0.4216043949127197,-0.06888314336538315,0.6391117572784424,0.33404573798179626,-0.11206915974617004,0.638820230960846,0.39285123348236084,-0.12893028557300568,0.640765905380249,0.445090651512146,-0.13487361371517181,0.7005166411399841,0.4384901225566864,-0.08095742017030716,0.6904876828193665,0.43410494923591614,-0.12113707512617111,0.6815161108970642,0.4889206886291504,-0.13377347588539124,0.6750185489654541,0.5339769721031189,-0.13856692612171173,peace_sign,RRQ_p17,RRQ
0.40766406059265137,0.7051489949226379,4.229725050208799e-07,0.37511569261550903,0.6104017496109009,0.0036260229535400867,0.38578394055366516,0.5293028950691223,-0.00024023838341236115,0.4257553219795227,0.4922502338886261,-0.0044473204761743546,0.4629386067390442,0.484610378742218,-0.009081254713237286,0.42601901292800903,0.4820033013820648,-0.02598651498556137,0.4241302013397217,0.3724154233932495,-0.03578200563788414,0.4262465536594391,0.30969852209091187,-0.04069622606039047,0.4317896366119385,0.2593316435813904,-0.04375803843140602,0.4739185869693756,0.49978116154670715,-0.029109260067343712,0.5013605952262878,0.39346492290496826,-0.035130713135004044,0.5232511758804321,0.3322623372077942,-0.03788091987371445,0.5460790395736694,0.2919270992279053,-0.039990317076444626,0.5051543712615967,0.5348642468452454,-0.028261937201023102,0.49884724617004395,0.48147404193878174,-0.024770809337496758,0.47633716464042664,0.48991599678993225,-0.015289800241589546,0.46241042017936707,0.5138660669326782,-0.00851048156619072,0.5229490399360657,0.5715717673301697,-0.027761302888393402,0.5056911706924438,0.5331771373748779,-0.021043051034212112,0.4852331280708313,0.5436021089553833,-0.007683888543397188,0.4756498336791992,0.5679911375045776,0.0033737868070602417,peace_sign,RRQ_p17,RRQ
0.4952782392501831,0.7218237519264221,4.770849955093581e-07,0.5616552829742432,0.6906659603118896,-0.002398072276264429,0.6029017567634583,0.6301174163818359,-0.006717971060425043,0.6188638806343079,0.5828723311424255,-0.01581679657101631,0.6267192959785461,0.5479483008384705,-0.023946672677993774,0.5991646647453308,0.5239693522453308,-0.009905501268804073,0.6377025246620178,0.4491947293281555,-0.02774745412170887,0.6650996208190918,0.40681585669517517,-0.040113937109708786,0.6837542653083801,0.36757194995880127,-0.05018151178956032,0.5664471983909607,0.5167819857597351,-0.0266401506960392,0.5819782614707947,0.4075295329093933,-0.05162796378135681,0.607379138469696,0.3455670177936554,-0.07176785171031952,0.6232529282569885,0.29677751660346985,-0.08625539392232895,0.5358060598373413,0.536737859249115,-0.044152986258268356,0.5424685478210449,0.44765612483024597,-0.07915055006742477,0.5772260427474976,0.46006953716278076,-0.09595567733049393,0.5978361964225769,0.48380282521247864,-0.10238881409168243,0.5154608488082886,0.5759857892990112,-0.06134369969367981,0.5569979548454285,0.5436261892318726,-0.09386193752288818,0.5997937321662903,0.5538279414176941,-0.10861066728830338,0.6291931867599487,0.5698766112327576,-0.1162085086107254,peace_sign,RRQ_p17,RRQ
0.5761400461196899,0.43417561054229736,5.510393066288088e-07,0.5321289896965027,0.4560365080833435,-0.018365100026130676,0.4934941530227661,0.45399874448776245,-0.035387273877859116,0.4712026119232178,0.4300000071525574,-0.053737837821245193,0.4667181968688965,0.3915255665779114,-0.07161461561918259,0.4498913586139679,0.36758938431739807,-0.027440933510661125,0.4001045525074005,0.33614325523376465,-0.047792233526706696,0.3694802522659302,0.3165420591831207,-0.059682514518499374,0.34423473477363586,0.2937881648540497,-0.06866332143545151,0.47089868783950806,0.331010103225708,-0.03428783640265465,0.4341048300266266,0.25432464480400085,-0.05790003761649132,0.4091629385948181,0.2067890614271164,-0.07347766309976578,0.39099615812301636,0.16664108633995056,-0.08282514661550522,0.5006758570671082,0.3154563903808594,-0.04255165904760361,0.46489498019218445,0.28062930703163147,-0.07268677651882172,0.46225231885910034,0.3259105086326599,-0.08156818151473999,0.4674670100212097,0.36250150203704834,-0.08146382868289948,0.5333598852157593,0.314480185508728,-0.051614828407764435,0.5068824291229248,0.3283412456512451,-0.07756125181913376,0.49408411979675293,0.3639514148235321,-0.08394958823919296,0.4872985780239105,0.39064472913742065,-0.08392874151468277,peace_sign,RRQ_p17,RRQ
0.7661711573600769,0.45418691635131836,4.99595444125589e-07,0.7436408996582031,0.4133670926094055,-0.028114518150687218,0.7481377720832825,0.3613502085208893,-0.04251348599791527,0.7885108590126038,0.3302638530731201,-0.05488600209355354,0.8220856785774231,0.30821874737739563,-0.06622050702571869,0.7603887915611267,0.27916398644447327,-0.0245992299169302,0.7504760026931763,0.2075783908367157,-0.04050123319029808,0.7455108761787415,0.16229546070098877,-0.05304350331425667,0.7447353601455688,0.12491346895694733,-0.06281363219022751,0.7959853410720825,0.286031037569046,-0.023829394951462746,0.8278585076332092,0.21419724822044373,-0.037700917571783066,0.8534057140350342,0.17208550870418549,-0.0521325059235096,0.8757782578468323,0.13711468875408173,-0.06308191269636154,0.8169925212860107,0.31442925333976746,-0.02593305893242359,0.8502106666564941,0.27043113112449646,-0.04663531109690666,0.8448308706283569,0.2798004150390625,-0.05838719382882118,0.8377436995506287,0.29004761576652527,-0.06368332356214523,0.828850269317627,0.3540690541267395,-0.030036436393857002,0.8447023630142212,0.33079829812049866,-0.04864581674337387,0.8349215984344482,0.33769845962524414,-0.05393732711672783,0.8232374787330627,0.3464418351650238,-0.05568413436412811,peace_sign,RRQ_p17,RRQ
0.8053165674209595,0.45735350251197815,3.9522606698483287e-07,0.8012885451316833,0.40538492798805237,-0.023737091571092606,0.8215725421905518,0.35858869552612305,-0.02867395058274269,0.8599998354911804,0.32838910818099976,-0.030752230435609818,0.8899837732315063,0.30194056034088135,-0.030763214454054832,0.8158007860183716,0.30168700218200684,-0.0012717953650280833,0.8215168714523315,0.24331921339035034,-0.002490818500518799,0.8248348236083984,0.20882582664489746,-0.005633936263620853,0.8294112086296082,0.18026386201381683,-0.008854582905769348,0.8418540358543396,0.3168296813964844,0.00548646692186594,0.8649750351905823,0.2625034749507904,0.0027597718872129917,0.8809380531311035,0.22940903902053833,-0.007064093369990587,0.8944008350372314,0.20755790174007416,-0.014400969259440899,0.8598936200141907,0.3446792960166931,0.008922631852328777,0.8824220895767212,0.3078121244907379,-0.0031654536724090576,0.8768372535705566,0.3126865327358246,-0.015531438402831554,0.8692541718482971,0.3188278377056122,-0.02075261063873768,0.8732876181602478,0.3747958540916443,0.01094746869057417,0.8971168994903564,0.34508371353149414,-0.00012971219257451594,0.9094226956367493,0.32997679710388184,-0.00835060328245163,0.9187443256378174,0.31545624136924744,-0.012609235942363739,peace_sign,RRQ_p17,RRQ
0.654161810874939,0.44841712713241577,4.812242764273833e-07,0.6106774210929871,0.4579235911369324,-0.01593315601348877,0.5764455199241638,0.44513458013534546,-0.02956494875252247,0.559278130531311,0.4151550233364105,-0.04523749276995659,0.5534499287605286,0.38247016072273254,-0.06054602190852165,0.5384668707847595,0.35999366641044617,-0.017457319423556328,0.4960743188858032,0.32811805605888367,-0.03498968854546547,0.4702243506908417,0.30738455057144165,-0.047235313802957535,0.44911545515060425,0.28518280386924744,-0.05690610408782959,0.5608837604522705,0.33097517490386963,-0.02523832581937313,0.5334832668304443,0.2562858462333679,-0.04564586281776428,0.5134769082069397,0.21049746870994568,-0.06289796531200409,0.499290406703949,0.1733170449733734,-0.07469344884157181,0.5895510911941528,0.3241623640060425,-0.03497625142335892,0.563776969909668,0.27832311391830444,-0.061438512057065964,0.5577055811882019,0.31511789560317993,-0.07396414130926132,0.5588005781173706,0.34915921092033386,-0.07774979621171951,0.6192476749420166,0.3321043848991394,-0.04550729691982269,0.5948108434677124,0.32567930221557617,-0.0682588517665863,0.5788847804069519,0.3481789827346802,-0.0763857290148735,0.5686612725257874,0.36961105465888977,-0.07892338186502457,peace_sign,RRQ_p17,RRQ
0.41783612966537476,0.6298077702522278,3.449285657097789e-07,0.3752213716506958,0.5427734851837158,5.8501889725448564e-05,0.37746545672416687,0.4629875421524048,-0.004941408056765795,0.4216974377632141,0.4282025396823883,-0.007863985374569893,0.45792490243911743,0.42023682594299316,-0.011180384084582329,0.4144277274608612,0.4380301237106323,-0.03608604148030281,0.4046814441680908,0.3340620696544647,-0.046326350420713425,0.40294450521469116,0.2762838900089264,-0.052740972489118576,0.405949205160141,0.2290899157524109,-0.058062247931957245,0.4608902931213379,0.4472934603691101,-0.03638363629579544,0.47878026962280273,0.3393629789352417,-0.041530877351760864,0.4906167984008789,0.2795799970626831,-0.042979445308446884,0.5058975219726562,0.23916785418987274,-0.046259135007858276,0.4918152093887329,0.46953070163726807,-0.03253881260752678,0.5034627318382263,0.38303250074386597,-0.029595617204904556,0.47894224524497986,0.3853001892566681,-0.0185206551104784,0.46215519309043884,0.40926969051361084,-0.012241408228874207,0.5101795792579651,0.49655675888061523,-0.02885659784078598,0.49877288937568665,0.44332215189933777,-0.02559448964893818,0.47510814666748047,0.44774141907691956,-0.014600325375795364,0.4649282991886139,0.4685429632663727,-0.0059957727789878845,peace_sign,RRQ_p17,RRQ
0.3832659125328064,0.6503884792327881,5.175774617782736e-07,0.42352408170700073,0.5871803164482117,-0.01687679998576641,0.4371722936630249,0.5033738613128662,-0.025487348437309265,0.4169614017009735,0.4398222267627716,-0.0350760854780674,0.38481664657592773,0.4011712372303009,-0.043256960809230804,0.3943268656730652,0.42690208554267883,-0.01677359826862812,0.4063975512981415,0.33492204546928406,-0.03649796172976494,0.4151551127433777,0.27880823612213135,-0.04865460470318794,0.4193766415119171,0.23122769594192505,-0.05641394853591919,0.35865914821624756,0.4306005537509918,-0.023389020934700966,0.33306485414505005,0.3214126229286194,-0.046148162335157394,0.3253745436668396,0.2532566785812378,-0.05958373099565506,0.31721121072769165,0.20578795671463013,-0.06727573275566101,0.3346126973628998,0.45815932750701904,-0.032391179352998734,0.3086495101451874,0.3744533360004425,-0.06336867064237595,0.3410613238811493,0.36180341243743896,-0.07343780994415283,0.36996158957481384,0.36793428659439087,-0.07401859015226364,0.318452388048172,0.49824953079223633,-0.042553678154945374,0.3249935209751129,0.4364585280418396,-0.06947318464517593,0.3569248616695404,0.4155164361000061,-0.07736437767744064,0.3865817189216614,0.41017454862594604,-0.078803651034832,peace_sign,RRQ_p17,RRQ
0.6554586291313171,0.5494492053985596,5.484142775458167e-07,0.6639511585235596,0.4603608250617981,0.005888247396796942,0.6319714188575745,0.4027184844017029,0.0010091329459100962,0.5891803503036499,0.39453327655792236,-0.005173537880182266,0.5562522411346436,0.4000074565410614,-0.012451455928385258,0.6153713464736938,0.3654388189315796,-0.025457365438342094,0.5978170037269592,0.27374333143234253,-0.04326578974723816,0.5862632989883423,0.2176075279712677,-0.05426503345370293,0.5757784247398376,0.17473484575748444,-0.05926389619708061,0.5792626142501831,0.3923567831516266,-0.03071318380534649,0.5234889388084412,0.31579113006591797,-0.041076596826314926,0.48830318450927734,0.27318036556243896,-0.04536968097090721,0.45784035325050354,0.24542655050754547,-0.04807716980576515,0.5554854869842529,0.42856913805007935,-0.032506246119737625,0.5232977867126465,0.3845476508140564,-0.03697171062231064,0.5443838238716125,0.39368632435798645,-0.030679062008857727,0.5618509650230408,0.41294193267822266,-0.023988287895917892,0.544137179851532,0.46359241008758545,-0.03374982625246048,0.541537880897522,0.4363870322704315,-0.032181739807128906,0.5602364540100098,0.4417383074760437,-0.022220006212592125,0.5751326680183411,0.4518858790397644,-0.012515148147940636,peace_sign,RRQ_p17,RRQ
0.578455924987793,0.5548566579818726,7.247596727211203e-07,0.5363171100616455,0.5551420450210571,-0.020627586171030998,0.4997728168964386,0.5471025705337524,-0.041496943682432175,0.49631232023239136,0.5304304361343384,-0.06325899809598923,0.5143350958824158,0.5051190853118896,-0.0850592628121376,0.47852855920791626,0.4331018328666687,-0.04425548017024994,0.4344251751899719,0.37196749448776245,-0.07032694667577744,0.40896910429000854,0.3340441584587097,-0.0848224014043808,0.39019596576690674,0.29562830924987793,-0.09479335695505142,0.5145244002342224,0.4091903865337372,-0.051918745040893555,0.5035676956176758,0.3225195109844208,-0.07911667227745056,0.4993501901626587,0.26119911670684814,-0.0948406234383583,0.49692049622535706,0.2081468403339386,-0.10357048362493515,0.5510920882225037,0.41380760073661804,-0.060095250606536865,0.5399094820022583,0.3933475911617279,-0.0904250219464302,0.5311354994773865,0.4443632960319519,-0.09584345668554306,0.5262473821640015,0.4846881628036499,-0.09299558401107788,0.5824982523918152,0.4359681010246277,-0.06967486441135406,0.5682359337806702,0.46358710527420044,-0.09332439303398132,0.5509104132652283,0.5029313564300537,-0.09504849463701248,0.5383936166763306,0.5333845615386963,-0.09152643382549286,peace_sign,RRQ_p17,RRQ
0.5217668414115906,0.45293349027633667,5.230599526839796e-07,0.4793875217437744,0.4902200996875763,-0.01962772198021412,0.4367828667163849,0.49382832646369934,-0.035226356238126755,0.4120909571647644,0.46417856216430664,-0.05292139947414398,0.4021401107311249,0.4259043037891388,-0.07027637213468552,0.375362753868103,0.41997772455215454,-0.021324947476387024,0.31901657581329346,0.41183599829673767,-0.0412801057100296,0.28512072563171387,0.40243107080459595,-0.05614902079105377,0.256206214427948,0.3875426650047302,-0.06869453936815262,0.3876093029975891,0.3767065703868866,-0.02946442738175392,0.33434414863586426,0.3202431797981262,-0.05213678628206253,0.2992636263370514,0.28587374091148376,-0.07221013307571411,0.2737513780593872,0.2552489936351776,-0.0873870924115181,0.41395217180252075,0.3546554148197174,-0.040080778300762177,0.3668777346611023,0.30932724475860596,-0.06948340684175491,0.3745514750480652,0.3496657907962799,-0.0834379494190216,0.3901722729206085,0.38359197974205017,-0.08886361867189407,0.44764044880867004,0.348046213388443,-0.05192137137055397,0.41889768838882446,0.3500274419784546,-0.07868065685033798,0.41199415922164917,0.3848607540130615,-0.08933663368225098,0.4122855067253113,0.4161229431629181,-0.09412813186645508,peace_sign,RRQ_p17,RRQ
0.6218974590301514,0.12764829397201538,3.921383324723138e-07,0.5990942716598511,0.15297143161296844,-0.024846719577908516,0.5712575316429138,0.15519112348556519,-0.0411972850561142,0.5527825355529785,0.11238223314285278,-0.05661781504750252,0.5363558530807495,0.07270071655511856,-0.07098931819200516,0.5056458115577698,0.13806533813476562,-0.027553962543606758,0.461433082818985,0.15929757058620453,-0.046167172491550446,0.4320344626903534,0.1708899289369583,-0.05875514820218086,0.40618324279785156,0.1756432056427002,-0.06824492663145065,0.5049188137054443,0.09276929497718811,-0.028798947110772133,0.45464786887168884,0.06100746989250183,-0.04628442972898483,0.4256587326526642,0.0372658371925354,-0.05834164842963219,0.40255358815193176,0.017013750970363617,-0.06652447581291199,0.5230972170829773,0.0623437762260437,-0.032426271587610245,0.4871788024902344,0.03302929550409317,-0.05807182565331459,0.5065852999687195,0.050892993807792664,-0.06545434147119522,0.5248699188232422,0.06596817076206207,-0.0657481700181961,0.5518742203712463,0.040017466992139816,-0.03768554702401161,0.5400905609130859,0.03427211940288544,-0.061780981719493866,0.5487765669822693,0.05240679904818535,-0.06768447905778885,0.5580300688743591,0.06800973415374756,-0.067909374833107,peace_sign,RRQ_p17,RRQ
0.6852982044219971,0.37814828753471375,4.366648909126525e-07,0.6593443751335144,0.31597211956977844,0.005130496341735125,0.6171614527702332,0.28757089376449585,0.0007654909859411418,0.5824203491210938,0.2976420521736145,-0.005929815582931042,0.5566546320915222,0.31958073377609253,-0.013674073852598667,0.6018861532211304,0.25629085302352905,-0.01444804947823286,0.5737745761871338,0.19684144854545593,-0.032147906720638275,0.5584561228752136,0.1546647548675537,-0.043641917407512665,0.547140896320343,0.12098653614521027,-0.0491323322057724,0.5893632173538208,0.2857024073600769,-0.02224760688841343,0.524646520614624,0.2659507393836975,-0.03602968528866768,0.48462435603141785,0.25615954399108887,-0.042707618325948715,0.45231008529663086,0.250500351190567,-0.04674699902534485,0.5844325423240662,0.322170615196228,-0.028240783140063286,0.5358111262321472,0.3357146084308624,-0.03929508477449417,0.5514258146286011,0.34104031324386597,-0.03492537513375282,0.5697169303894043,0.3426097631454468,-0.028375906869769096,0.5838741064071655,0.35889527201652527,-0.03375395014882088,0.5518667101860046,0.36240068078041077,-0.03730710223317146,0.5653499960899353,0.3668988347053528,-0.027529392391443253,0.5812476277351379,0.3654593527317047,-0.017775366082787514,peace_sign,RRQ_p17,RRQ
0.7056240439414978,0.42154693603515625,6.604353757211356e-07,0.6794660687446594,0.4351831078529358,-0.0552830696105957,0.6667259931564331,0.46122464537620544,-0.09141938388347626,0.6632041931152344,0.49854832887649536,-0.11693498492240906,0.65933758020401,0.5334502458572388,-0.1403621882200241,0.7688955664634705,0.47543975710868835,-0.08749161660671234,0.7751230001449585,0.55585116147995,-0.11649207025766373,0.7597050070762634,0.6034307479858398,-0.132285937666893,0.742839515209198,0.6393812894821167,-0.1417480856180191,0.78827965259552,0.496469110250473,-0.07007847726345062,0.7896373867988586,0.5937318801879883,-0.10021888464689255,0.7632253170013428,0.6443749070167542,-0.11426308006048203,0.7361889481544495,0.6741792559623718,-0.12144148349761963,0.7920730710029602,0.5168881416320801,-0.0538216270506382,0.7889527678489685,0.603074848651886,-0.07933512330055237,0.7633684277534485,0.6482954025268555,-0.08938044309616089,0.7390148639678955,0.6779799461364746,-0.09360507875680923,0.7844024300575256,0.5329601764678955,-0.04093581438064575,0.7808811664581299,0.5956713557243347,-0.06199882924556732,0.7619898319244385,0.6315940022468567,-0.0704527348279953,0.7436052560806274,0.65868079662323,-0.07339475303888321,neutral,RRQ_p17,RRQ
0.6991029381752014,0.40325331687927246,-2.542797084004178e-08,0.6874583959579468,0.3434361517429352,0.01589766889810562,0.6627780795097351,0.31278061866760254,0.01824571192264557,0.6446629762649536,0.2930939197540283,0.016545334830880165,0.6393701434135437,0.2704299986362457,0.01316796988248825,0.6198723912239075,0.29716551303863525,-0.0020920627284795046,0.562771201133728,0.28926223516464233,-0.009281307458877563,0.5293716192245483,0.28985700011253357,-0.011383004486560822,0.5049092769622803,0.2940005660057068,-0.011649448424577713,0.6102476716041565,0.3228335678577423,-0.013978761620819569,0.5464834570884705,0.321704626083374,-0.021659662947058678,0.5122494697570801,0.33267268538475037,-0.02062695287168026,0.49139416217803955,0.3463982045650482,-0.018079008907079697,0.6058993935585022,0.35677412152290344,-0.02384798228740692,0.5477153062820435,0.3655538558959961,-0.02918638102710247,0.5285525321960449,0.3845192790031433,-0.02311764284968376,0.5203050374984741,0.40074512362480164,-0.01677720434963703,0.607784628868103,0.3963671326637268,-0.032314326614141464,0.5630958676338196,0.40835249423980713,-0.03562089428305626,0.5463014245033264,0.4182524085044861,-0.030346328392624855,0.537571132183075,0.42601338028907776,-0.023957068100571632,neutral,RRQ_p17,RRQ
0.6192488670349121,0.4695962071418762,2.180512268523671e-07,0.5715029835700989,0.4605923891067505,0.005205295979976654,0.5467677712440491,0.4338681101799011,0.004350588656961918,0.529289960861206,0.42390206456184387,-5.129784403834492e-05,0.5144459009170532,0.41577744483947754,-0.0057072765193879604,0.5528085827827454,0.3508790135383606,0.0033959250431507826,0.5424056649208069,0.3104836046695709,-0.0010360826272517443,0.5368700623512268,0.2806400954723358,-0.0038416509050875902,0.5339518189430237,0.25656983256340027,-0.005868416745215654,0.5600881576538086,0.34274980425834656,-0.005542201455682516,0.5443776845932007,0.2968277037143707,-0.008850098587572575,0.5336573719978333,0.2655180096626282,-0.011966177262365818,0.5250725746154785,0.2436361312866211,-0.014202655293047428,0.5655590295791626,0.35074153542518616,-0.015110112726688385,0.523799479007721,0.32986316084861755,-0.025639470666646957,0.49234142899513245,0.32271525263786316,-0.037093181163072586,0.46955132484436035,0.3260570764541626,-0.04418220371007919,0.5650516152381897,0.374624639749527,-0.0236919354647398,0.5192747712135315,0.3976532518863678,-0.03528717905282974,0.4921629726886749,0.41942042112350464,-0.043683674186468124,0.4725618362426758,0.44303449988365173,-0.04897591471672058,neutral,RRQ_p17,RRQ
0.6306467652320862,0.43048566579818726,4.482743420908264e-08,0.5858755707740784,0.4130866527557373,0.0010289279744029045,0.5639978647232056,0.38031846284866333,-0.004432518035173416,0.5473666191101074,0.3553575575351715,-0.01180607546120882,0.5295342803001404,0.33841052651405334,-0.01924271136522293,0.5868924856185913,0.30050238966941833,-0.010214652866125107,0.5519015789031982,0.2618532180786133,-0.023714356124401093,0.5246857404708862,0.2450513243675232,-0.03218371793627739,0.4997193217277527,0.23494449257850647,-0.03685888275504112,0.5930951833724976,0.2982754409313202,-0.01828698068857193,0.5548969507217407,0.24564585089683533,-0.032956913113594055,0.5212507843971252,0.23029875755310059,-0.04073147475719452,0.49231651425361633,0.22867518663406372,-0.043931521475315094,0.5934235453605652,0.3119802474975586,-0.026087190955877304,0.5378344058990479,0.29656046628952026,-0.04377290979027748,0.5070756077766418,0.3181300163269043,-0.050427209585905075,0.48760032653808594,0.34226495027542114,-0.051206812262535095,0.5855271816253662,0.3398780822753906,-0.033102378249168396,0.5371410846710205,0.3533681035041809,-0.045423369854688644,0.5137923359870911,0.3744752109050751,-0.0483442097902298,0.4985106587409973,0.3937486708164215,-0.048028670251369476,neutral,RRQ_p17,RRQ
0.6188328862190247,0.41546106338500977,-1.305659509398538e-07,0.6233532428741455,0.36834853887557983,0.0011117320973426104,0.6088075041770935,0.3326604664325714,0.0004817791632376611,0.5867469310760498,0.3297370970249176,-0.0008992556831799448,0.5679712891578674,0.3419966995716095,-0.0027394467033445835,0.5932875871658325,0.3027634620666504,0.0048550269566476345,0.5702365040779114,0.3165479302406311,0.0011911533074453473,0.5728622078895569,0.33680909872055054,-0.004597731865942478,0.583389401435852,0.3484562337398529,-0.008535685017704964,0.5724769830703735,0.31506749987602234,0.0020467296708375216,0.5531392097473145,0.331924170255661,0.002005527960136533,0.5571661591529846,0.35161471366882324,-0.0006087825167924166,0.5688835978507996,0.3614492118358612,-0.0027749191503971815,0.5567507743835449,0.3369040787220001,-0.0008560995338484645,0.5370702147483826,0.3508216440677643,-0.0022353867534548044,0.5430307984352112,0.37087351083755493,-0.0022670531179755926,0.5555360913276672,0.3781861960887909,-0.0025080011691898108,0.5458335280418396,0.36154940724372864,-0.0036679147742688656,0.527245819568634,0.3734533488750458,-0.006817583926022053,0.5342336297035217,0.39097708463668823,-0.004356343299150467,0.5463210940361023,0.39893263578414917,-0.0010203595738857985,neutral,RRQ_p17,RRQ
