x0,y0,z0,x1,y1,z1,x2,y2,z2,x3,y3,z3,x4,y4,z4,x5,y5,z5,x6,y6,z6,x7,y7,z7,x8,y8,z8,x9,y9,z9,x10,y10,z10,x11,y11,z11,x12,y12,z12,x13,y13,z13,x14,y14,z14,x15,y15,z15,x16,y16,z16,x17,y17,z17,x18,y18,z18,x19,y19,z19,x20,y20,z20,label,person_id,collector
0.3858910501003265,0.808382511138916,1.3760141825969185e-07,0.4233866930007934,0.8100943565368652,-0.0284006521105766,0.4620653986930847,0.7981420159339905,-0.0513783954083919,0.4453281164169311,0.8118107914924622,-0.071937508881092,0.4112519323825836,0.8251728415489197,-0.0913112536072731,0.4404365718364715,0.6761683225631714,-0.0542290918529033,0.4489264488220215,0.6437165141105652,-0.0928898081183433,0.4426053762435913,0.6178332567214966,-0.1181738749146461,0.4296765327453613,0.5906904935836792,-0.1344215869903564,0.3840380311012268,0.6501162052154541,-0.0557446926832199,0.3918527066707611,0.765215277671814,-0.093721717596054,0.4063620865345001,0.8049045205116272,-0.1009921208024025,0.4123167395591736,0.7958760261535645,-0.1005251556634903,0.3399614691734314,0.6722105741500854,-0.0603213347494602,0.3594473004341125,0.8138642311096191,-0.0899613350629806,0.3845991194248199,0.838403046131134,-0.0772428214550018,0.3987762928009033,0.8220550417900085,-0.062908187508583,0.3075092136859894,0.7076814770698547,-0.0692315101623535,0.3264543712139129,0.8152357935905457,-0.0944714918732643,0.3534532189369201,0.8474754691123962,-0.0879849642515182,0.3720417022705078,0.8454364538192749,-0.0753517895936966,point,RRQ_p12,RRQ
0.3072909712791443,0.7633970975875854,3.0971995101936045e-07,0.3471224904060364,0.7921478152275085,-0.0297678224742412,0.3875154554843902,0.8205471038818359,-0.0636864155530929,0.4193448722362518,0.8363717794418335,-0.0987361147999763,0.4206026494503021,0.831360399723053,-0.1350082159042358,0.4458626210689544,0.6975297331809998,-0.0635975301265716,0.5084924101829529,0.7001042366027832,-0.1036359444260597,0.5560960173606873,0.7017853260040283,-0.1276550740003585,0.594215989112854,0.7008269429206848,-0.1427506506443023,0.4054194390773773,0.651141881942749,-0.0698018968105316,0.4054292142391205,0.7716179490089417,-0.113505832850933,0.3747240304946899,0.8224073052406311,-0.1201967522501945,0.3599494695663452,0.816958487033844,-0.1201571449637413,0.3558089435100555,0.641322135925293,-0.0779201760888099,0.3490108251571655,0.771934449672699,-0.1134805977344513,0.336757093667984,0.8102716207504272,-0.1007247641682624,0.3314295411109924,0.8022913932800293,-0.0880545675754547,0.3083980083465576,0.650684118270874,-0.0895989164710044,0.3030248284339905,0.7456845045089722,-0.1086769178509712,0.3004331290721893,0.7884827256202698,-0.0953094661235809,0.2982710003852844,0.7931013703346252,-0.0816040262579917,point,RRQ_p12,RRQ
0.3272173702716827,0.8101511597633362,4.2538538025382884e-08,0.3644296526908874,0.8019304275512695,-0.0365849174559116,0.3957164883613586,0.7882872223854065,-0.067239798605442,0.3722746968269348,0.8056716322898865,-0.0930521413683891,0.3373569548130035,0.8328415155410767,-0.1175118237733841,0.3684818744659424,0.6693105697631836,-0.0701695680618286,0.3288861811161041,0.6365716457366943,-0.1113894060254097,0.2889435887336731,0.6226248741149902,-0.1405464261770248,0.247781902551651,0.6119985580444336,-0.1590521782636642,0.3181003928184509,0.6596380472183228,-0.069253921508789,0.3028879463672638,0.7528848052024841,-0.1069312766194343,0.3198839426040649,0.8081625699996948,-0.1163133531808853,0.3319482207298279,0.8182560205459595,-0.1190911680459976,0.2763234674930572,0.6795021891593933,-0.071360059082508,0.2753443121910095,0.7986152172088623,-0.0986588224768638,0.3055266141891479,0.8325340151786804,-0.0903083831071853,0.3260711133480072,0.8268798589706421,-0.081597238779068,0.2457705289125442,0.7082382440567017,-0.0784184262156486,0.2492870092391967,0.7945517301559448,-0.0980614945292472,0.2777286171913147,0.8341512084007263,-0.089377224445343,0.299697995185852,0.8419871926307678,-0.0782530978322029,point,RRQ_p12,RRQ
0.4713890850543976,0.7685462832450867,-3.268065142947308e-07,0.4679643809795379,0.6988388895988464,-0.0467499606311321,0.4940789043903351,0.629935622215271,-0.086811363697052,0.5412434339523315,0.6019099354743958,-0.1125310063362121,0.590135395526886,0.5962949395179749,-0.1359531432390213,0.4748840034008026,0.7367918491363525,-0.1381640881299972,0.5209393501281738,0.6693091988563538,-0.1753215193748474,0.5500257015228271,0.6468532085418701,-0.1811120808124542,0.573458194732666,0.6388291120529175,-0.1834651827812194,0.515007734298706,0.786003053188324,-0.1248729825019836,0.5920006632804871,0.6751308441162109,-0.156110942363739,0.5841314196586609,0.6465943455696106,-0.1411502808332443,0.5658138990402222,0.6603265404701233,-0.1323093324899673,0.5528347492218018,0.8142464756965637,-0.1096913665533065,0.6235861778259277,0.7008239030838013,-0.1393031775951385,0.603158712387085,0.6797437071800232,-0.1219784170389175,0.5798596739768982,0.7003638744354248,-0.1108954399824142,0.585051953792572,0.8234161734580994,-0.0963418558239936,0.6279127597808838,0.7306809425354004,-0.1247879490256309,0.6127932667732239,0.7136977314949036,-0.1227228865027427,0.5937952399253845,0.7312418818473816,-0.1199414953589439,point,RRQ_p12,RRQ
0.4287283420562744,0.8030098676681519,3.5790858277096056e-08,0.4603917896747589,0.7717558145523071,-0.037733431905508,0.4786504209041595,0.718890368938446,-0.0638460889458656,0.4467532634735107,0.6944162249565125,-0.0866899415850639,0.4035786390304565,0.6796008348464966,-0.1078371331095695,0.4263603985309601,0.5852100253105164,-0.0610653236508369,0.398664265871048,0.4961665868759155,-0.0970675647258758,0.3740824460983276,0.4412710070610046,-0.1180359721183776,0.3489915430545807,0.3909318447113037,-0.1330639570951461,0.3750971555709839,0.5917425155639648,-0.0594022199511528,0.380723625421524,0.6540123820304871,-0.1031409874558448,0.4063335359096527,0.7172809839248657,-0.1105306148529052,0.4208844602108001,0.7294057011604309,-0.1096624135971069,0.3380703032016754,0.6246318221092224,-0.0607553534209728,0.3537892699241638,0.7095441818237305,-0.0977064967155456,0.3860547840595245,0.7538465261459351,-0.0864928066730499,0.4040533304214477,0.7518180012702942,-0.0739709362387657,0.3116697072982788,0.6657568216323853,-0.0669113174080848,0.3311586380004883,0.7356840372085571,-0.091227114200592,0.3642387390136719,0.7749021053314209,-0.0829641446471214,0.3829052448272705,0.7764433026313782,-0.0712268203496933,point,RRQ_p12,RRQ
0.4151890575885772,0.7313007712364197,1.844458239474989e-07,0.4641631841659546,0.7475440502166748,-0.0199790280312299,0.5193384289741516,0.7505682110786438,-0.0419946946203708,0.5402407050132751,0.7303899526596069,-0.0651114881038665,0.5188811421394348,0.7063939571380615,-0.0872492715716362,0.5302818417549133,0.6031693816184998,-0.0462268218398094,0.5782579183578491,0.5510466694831848,-0.0794253274798393,0.6134296655654907,0.5166538953781128,-0.1004623547196388,0.6429656744003296,0.4849025905132293,-0.1162391453981399,0.4872307777404785,0.5587638020515442,-0.0538875348865985,0.4970009326934814,0.6536137461662292,-0.0895301476120948,0.490854799747467,0.7051063776016235,-0.0959506705403328,0.4853721261024475,0.7171751260757446,-0.0978999063372612,0.439446747303009,0.5632492899894714,-0.0633161142468452,0.4402518570423126,0.696503758430481,-0.0878611207008361,0.4456534683704376,0.72259920835495,-0.0767218917608261,0.4508759975433349,0.7090854644775391,-0.0688430443406105,0.3966639041900635,0.5912382006645203,-0.0765560567378997,0.398808866739273,0.694805920124054,-0.0921337231993675,0.4059253334999084,0.7192160487174988,-0.0851500332355499,0.4097883403301239,0.7047831416130066,-0.0779943689703941,point,RRQ_p12,RRQ
0.5781849026679993,0.6782376766204834,1.6658316326356728e-07,0.6476900577545166,0.6838477253913879,-0.0194048099219799,0.7039423584938049,0.6636539101600647,-0.0445087775588035,0.7376044988632202,0.628709614276886,-0.0721707046031951,0.7350355386734009,0.5939317941665649,-0.0977358743548393,0.7134442329406738,0.5259319543838501,-0.0482649505138397,0.7732914090156555,0.4561768770217895,-0.0873339027166366,0.8145008683204651,0.4127401411533355,-0.1075953617691993,0.8428855538368225,0.3705048561096191,-0.1219817847013473,0.667804479598999,0.4984870553016662,-0.0611986741423606,0.7123077511787415,0.5361775755882263,-0.1176859363913536,0.7000597715377808,0.6097474694252014,-0.1287548542022705,0.6857591867446899,0.6341607570648193,-0.1264571398496627,0.625747799873352,0.5067784786224365,-0.0751029402017593,0.6558622717857361,0.6123801469802856,-0.1200152114033699,0.6471202373504639,0.6654896140098572,-0.10903100669384,0.6369243860244751,0.6631629467010498,-0.0936438664793968,0.5905672311782837,0.5373484492301941,-0.0918751135468483,0.6110385656356812,0.6357907652854919,-0.1175649389624595,0.6097137928009033,0.6699687242507935,-0.1101305857300758,0.6019223928451538,0.6544545888900757,-0.0995706543326377,point,RRQ_p12,RRQ
0.358938455581665,0.7773023247718811,2.8690996600744256e-07,0.3967659175395965,0.7559492588043213,-0.0552016831934452,0.4042744934558868,0.7230596542358398,-0.0894614085555076,0.3523523509502411,0.7494586110115051,-0.1160761937499046,0.2972863018512726,0.763330340385437,-0.1399949491024017,0.330451488494873,0.617474377155304,-0.0803911089897155,0.2659197449684143,0.5622657537460327,-0.127278134226799,0.2171962857246399,0.539307177066803,-0.1532537788152694,0.1668887138366699,0.5182086825370789,-0.17087984085083,0.2826674878597259,0.6408804655075073,-0.0745950788259506,0.2580520808696747,0.6674426794052124,-0.1262759566307068,0.2764614224433899,0.6909893155097961,-0.1389961689710617,0.2757256627082824,0.6785024404525757,-0.1400106400251388,0.2534477412700653,0.68453449010849,-0.073987677693367,0.2584172785282135,0.7572387456893921,-0.1200971826910972,0.3045665025711059,0.780544102191925,-0.1119329780340194,0.3245035409927368,0.7612916231155396,-0.0984412431716919,0.2370126396417617,0.7303813695907593,-0.0791114345192909,0.2571266293525696,0.7941540479660034,-0.110503539443016,0.2962257862091064,0.813086211681366,-0.1048112660646438,0.3119852542877197,0.7975168228149414,-0.0943032279610633,point,RRQ_p12,RRQ
0.709553599357605,0.742083728313446,-5.477935616227114e-08,0.6710334420204163,0.7617417573928833,-0.0421885102987289,0.6300758123397827,0.7740943431854248,-0.0806475654244422,0.6291279196739197,0.8101539611816406,-0.1148975491523742,0.6652092933654785,0.8357384204864502,-0.1498257368803024,0.6365349888801575,0.6516162157058716,-0.0888130441308021,0.6265441179275513,0.6065195798873901,-0.1381820291280746,0.620573103427887,0.5785261988639832,-0.1736575812101364,0.6178159117698669,0.5514953136444092,-0.1996501833200454,0.68853360414505,0.6143701076507568,-0.0895894095301628,0.698654055595398,0.729887843132019,-0.1434034705162048,0.6943645477294922,0.8058441877365112,-0.1560433208942413,0.6878355145454407,0.8316863179206848,-0.1605332046747207,0.7387920618057251,0.6273015141487122,-0.0933305621147155,0.7461618781089783,0.7581928968429565,-0.1364784687757492,0.7298427820205688,0.8107612133026123,-0.1255685687065124,0.7137903571128845,0.820617139339447,-0.1140636652708053,0.7787245512008667,0.659052848815918,-0.1020083129405975,0.7812435030937195,0.763363242149353,-0.1387083232402801,0.7648976445198059,0.8169200420379639,-0.1340056508779525,0.7482856512069702,0.8362724781036377,-0.1244459524750709,point,RRQ_p12,RRQ
0.580085813999176,0.6810215711593628,3.7543852471344514e-08,0.5362116098403931,0.6395421028137207,-0.036537230014801,0.5086748600006104,0.5893123149871826,-0.0646713823080062,0.512637197971344,0.5503815412521362,-0.0927942767739296,0.5454587340354919,0.5338728427886963,-0.1195228323340416,0.5340616703033447,0.4392251670360565,-0.0488436333835125,0.5261918306350708,0.3129060566425323,-0.0879313945770263,0.5250434875488281,0.2415628880262375,-0.1087015122175216,0.5261505842208862,0.1777640879154205,-0.1218073666095733,0.5817880630493164,0.4555729329586029,-0.0539365224540233,0.5896331667900085,0.3986846208572387,-0.1183643415570259,0.5798462629318237,0.4768320024013519,-0.1325765252113342,0.5695695877075195,0.5419580340385437,-0.1245749443769455,0.6225332021713257,0.4889066815376282,-0.0625747218728065,0.6209689974784851,0.5056005716323853,-0.1194991841912269,0.6044148206710815,0.579106867313385,-0.1141486763954162,0.5912704467773438,0.6265015602111816,-0.0934433341026306,0.6542099714279175,0.5340173244476318,-0.0746617317199707,0.6570115089416504,0.5526533126831055,-0.1081758812069892,0.6365622282028198,0.6092992424964905,-0.1003839597105979,0.6195675134658813,0.6466427445411682,-0.0842718929052352,point,RRQ_p12,RRQ
0.5848861932754517,0.695119321346283,-2.430768120120774e-07,0.5186740756034851,0.7049741148948669,-0.0221876259893178,0.465862900018692,0.727295458316803,-0.0449330173432827,0.4364529550075531,0.7686924338340759,-0.0671819522976875,0.4313031136989593,0.7940098643302917,-0.0912339314818382,0.4578739106655121,0.6279810667037964,-0.0550528466701507,0.407953679561615,0.6439246535301208,-0.0875233709812164,0.3672494292259216,0.6579345464706421,-0.1077421307563781,0.3309578895568847,0.6662572622299194,-0.1238348931074142,0.4997254610061645,0.614190936088562,-0.065040685236454,0.4668432474136352,0.7350263595581055,-0.1025672703981399,0.4780481159687042,0.7997382879257202,-0.1070366948843002,0.487768143415451,0.8145615458488464,-0.1069038137793541,0.5482447147369385,0.6343405246734619,-0.0768592432141304,0.5249197483062744,0.7735166549682617,-0.1086189299821853,0.5332821011543274,0.8066103458404541,-0.0985697954893112,0.5398998856544495,0.7929258942604065,-0.0885365158319473,0.5925812125205994,0.6669052839279175,-0.0914999097585678,0.5741475820541382,0.7834665775299072,-0.1165065169334411,0.5702985525131226,0.8223732113838196,-0.1106964796781539,0.5688765048980713,0.823504626750946,-0.1029346287250518,point,RRQ_p12,RRQ
0.7218555212020874,0.5629949569702148,4.048903292641626e-07,0.6775989532470703,0.5656296610832214,-0.0636855885386467,0.6567447185516357,0.5670574307441711,-0.1133425310254097,0.68263179063797,0.6036360263824463,-0.1530302166938781,0.725174605846405,0.6226438879966736,-0.1889969557523727,0.7211377024650574,0.4548095762729645,-0.1126107200980186,0.7588332891464233,0.418348103761673,-0.1678454130887985,0.7989967465400696,0.388592004776001,-0.2018658965826034,0.8391033411026001,0.3657674193382263,-0.2277648895978927,0.7839586138725281,0.4546646475791931,-0.1041515320539474,0.7866652011871338,0.5509729385375977,-0.1659517586231231,0.7631008625030518,0.6058685183525085,-0.1783959716558456,0.7580320835113525,0.6129007935523987,-0.1823906898498535,0.8213328123092651,0.4883427023887634,-0.0997112840414047,0.8060306310653687,0.6137325763702393,-0.1484651863574981,0.7601109147071838,0.6441121101379395,-0.1307535320520401,0.7398062348365784,0.6253620982170105,-0.1151512116193771,0.8418074250221252,0.5352883338928223,-0.1026395037770271,0.816555380821228,0.638625979423523,-0.1448646634817123,0.7804779410362244,0.6630344390869141,-0.1427052915096283,0.7652593851089478,0.6454458832740784,-0.1353115141391754,point,RRQ_p12,RRQ
0.6015915870666504,0.6510220170021057,-2.605997906357516e-07,0.5469229817390442,0.6622185707092285,-0.0242767669260501,0.4988893866539001,0.6835203766822815,-0.0461138151586055,0.4688245356082916,0.7193490266799927,-0.0672682225704193,0.462930291891098,0.7393941283226013,-0.0896705761551857,0.4915186762809753,0.5784475803375244,-0.0505597554147243,0.4511518478393554,0.5815941691398621,-0.0778456106781959,0.415605366230011,0.5828193426132202,-0.096101775765419,0.3848165869712829,0.5814433097839355,-0.1116178259253501,0.5313677191734314,0.5579275488853455,-0.0583416149020195,0.504100501537323,0.686710000038147,-0.0923159271478653,0.5140870809555054,0.74844890832901,-0.0989813581109047,0.5253201127052307,0.7644178867340088,-0.1011705622076988,0.5784813761711121,0.5751692652702332,-0.0680383890867233,0.558992862701416,0.7155193090438843,-0.0989641323685646,0.5637930631637573,0.7512330412864685,-0.0939929410815239,0.5697174668312073,0.7474055290222168,-0.0875404477119445,0.6228319406509399,0.6059222221374512,-0.0806256905198097,0.606927752494812,0.7186582088470459,-0.1067169085144996,0.5972334146499634,0.7609772682189941,-0.1053658425807952,0.5920330286026001,0.7737563848495483,-0.1007119491696357,point,RRQ_p12,RRQ
0.6024941802024841,0.7509048581123352,2.023956966468177e-07,0.5631906390190125,0.710758626461029,-0.0500821694731712,0.5479127168655396,0.6798316240310669,-0.0912092998623848,0.5586660504341125,0.7123809456825256,-0.1259976029396057,0.581526517868042,0.7601014971733093,-0.1583839505910873,0.6407915949821472,0.6229457259178162,-0.0915326997637748,0.7022152543067932,0.5971068739891052,-0.1473050713539123,0.7504169940948486,0.5937641859054565,-0.1791833490133285,0.7942442893981934,0.5929388999938965,-0.1991923153400421,0.6846875548362732,0.6543356776237488,-0.0864525735378265,0.6714786291122437,0.7226897478103638,-0.1513552069664001,0.6173821091651917,0.7688280344009399,-0.1578358560800552,0.6042726039886475,0.7714558243751526,-0.1519873142242431,0.7045382857322693,0.6995643973350525,-0.08590018004179,0.6657401323318481,0.7873063683509827,-0.140524074435234,0.6120701432228088,0.7985621690750122,-0.1243844404816627,0.5997954607009888,0.7723228335380554,-0.10406294465065,0.7108761072158813,0.7469959855079651,-0.0903834775090217,0.6696300506591797,0.8145753145217896,-0.1308135241270065,0.6271815299987793,0.8216463923454285,-0.1254791021347046,0.615513026714325,0.7944718599319458,-0.1130570843815803,point,RRQ_p12,RRQ
0.6161964535713196,0.7048041820526123,1.5839103184589479e-07,0.5578217506408691,0.648995041847229,-0.0096182255074381,0.4988180100917816,0.6229060292243958,-0.0280959159135818,0.4577960073947906,0.6280561089515686,-0.0450594797730445,0.4328728020191192,0.65278559923172,-0.0669769644737243,0.525713324546814,0.595952033996582,-0.0724871084094047,0.4765535593032837,0.5512106418609619,-0.102644994854927,0.4435147643089294,0.5147800445556641,-0.117648109793663,0.4193187355995178,0.4800781011581421,-0.1280196458101272,0.5541205406188965,0.6354897618293762,-0.0826571434736251,0.4620224237442016,0.6907970309257507,-0.1100415140390396,0.4225091934204101,0.7285674810409546,-0.1097505018115043,0.4121251702308655,0.7473466396331787,-0.1108131110668182,0.5773844122886658,0.6970921158790588,-0.0908657312393188,0.4823657274246216,0.7633969187736511,-0.1159673109650611,0.4603485763072967,0.7790834903717041,-0.1043026596307754,0.4702080488204956,0.7783214449882507,-0.0943754836916923,0.5936995148658752,0.7593187093734741,-0.0991949364542961,0.5126425623893738,0.8169615864753723,-0.1242698803544044,0.4876163303852081,0.8245210647583008,-0.1214795783162117,0.4900681972503662,0.8190050721168518,-0.1156785860657692,point,RRQ_p12,RRQ
0.404294341802597,0.7130382061004639,2.425884417789348e-07,0.4348663985729217,0.6627454161643982,-0.0186693631112575,0.4580572843551636,0.609204113483429,-0.0357684753835201,0.4798543155193329,0.5719805955886841,-0.0546312406659126,0.4910679757595062,0.539173424243927,-0.0712514668703079,0.3987179100513458,0.5168265700340271,-0.0166477672755718,0.4275861382484436,0.4646081030368805,-0.0555599816143512,0.4602139592170715,0.4889528751373291,-0.0872657224535942,0.4791351556777954,0.5205549001693726,-0.1020317673683166,0.3704748153686523,0.5139000415802002,-0.0240566954016685,0.3552155196666717,0.4318082928657532,-0.0458162613213062,0.3505746722221374,0.3745047152042389,-0.0655037984251976,0.3426302671432495,0.3222493529319763,-0.0791651085019111,0.34601691365242,0.5351029634475708,-0.0364299938082695,0.3258304297924042,0.4599618911743164,-0.0567789711058139,0.3198810219764709,0.4068150222301483,-0.0715783685445785,0.3140235841274261,0.3579212725162506,-0.0797180458903312,0.3263413608074188,0.5719843506813049,-0.0508360229432582,0.2904834151268005,0.5241122245788574,-0.0642823576927185,0.269006609916687,0.4884389042854309,-0.0673383325338363,0.2518020272254944,0.45208939909935,-0.067892700433731,pinch,RRQ_p12,RRQ
0.4344218969345093,0.6386882066726685,1.9772417658714406e-07,0.4134417176246643,0.5728570818901062,-0.0134448632597923,0.3761119544506073,0.5157926082611084,-0.023423945531249,0.3488488495349884,0.4698867499828338,-0.0361652411520481,0.3217528462409973,0.4450450539588928,-0.0472821369767189,0.2924879789352417,0.5411656498908997,-0.0052553992718458,0.2539293169975281,0.4887230396270752,-0.0388226397335529,0.2775124311447143,0.461758017539978,-0.0675699487328529,0.3061684370040893,0.4521732628345489,-0.080994889140129,0.2752027213573456,0.5720391869544983,-0.0144541654735803,0.2046955823898315,0.5400838255882263,-0.0303041730076074,0.1612341552972793,0.5151163339614868,-0.0480889156460762,0.1234762221574783,0.4972025156021118,-0.0611741840839386,0.2750559747219085,0.6100456118583679,-0.0289141200482845,0.2074984908103943,0.5908987522125244,-0.0435110852122306,0.1641298830509185,0.5709224939346313,-0.0579637177288532,0.1259307414293289,0.5530365705490112,-0.0675851628184318,0.2876087725162506,0.6523945331573486,-0.0455078072845935,0.2324282974004745,0.65522301197052,-0.0556132607161998,0.1955614686012268,0.655164361000061,-0.0581403784453868,0.1617515236139297,0.6532137393951416,-0.0594769679009914,pinch,RRQ_p12,RRQ
0.6179147958755493,0.5348783135414124,3.0460248012786906e-07,0.6575467586517334,0.4802526831626892,-0.016892559826374,0.6914888620376587,0.4120522439479828,-0.0325320735573768,0.7256225347518921,0.3666546940803528,-0.0502473041415214,0.7516077756881714,0.3262501955032348,-0.0662227123975753,0.6312538981437683,0.3263705372810364,-0.014823630452156,0.6588436961174011,0.2584495544433594,-0.0532888025045394,0.6959483027458191,0.2777869403362274,-0.0842256397008895,0.7255625128746033,0.3082466423511505,-0.0990170985460281,0.6055454611778259,0.3247562348842621,-0.0234237741678953,0.6039609909057617,0.2342808842658996,-0.0447890013456344,0.6128802299499512,0.1730370670557022,-0.0649030432105064,0.6206008791923523,0.1208603978157043,-0.0792734324932098,0.5821488499641418,0.3467993438243866,-0.0371938683092594,0.5741009712219238,0.2621047496795654,-0.0569719150662422,0.5783461332321167,0.2035920470952987,-0.07255270332098,0.5833374261856079,0.1520207673311233,-0.0822765231132507,0.5628777146339417,0.3856629431247711,-0.0530048348009586,0.5399994254112244,0.3268978893756866,-0.0672993063926696,0.5265026688575745,0.2819683253765106,-0.0719879791140556,0.5173962116241455,0.2405323088169098,-0.074180856347084,pinch,RRQ_p12,RRQ
0.4672137200832367,0.4914320707321167,1.3611844451588698e-07,0.482585459947586,0.5138149261474609,-0.0480805560946464,0.4902024567127228,0.5151677131652832,-0.0823364928364753,0.460543692111969,0.5002468824386597,-0.1115632280707359,0.4277473092079162,0.4863704442977905,-0.13977712392807,0.5323666930198669,0.3910112679004669,-0.0663307309150695,0.5102686882019043,0.3792419135570526,-0.1051368564367294,0.4713135361671448,0.4085524082183838,-0.1336213499307632,0.4367293119430542,0.4293968379497528,-0.1499056071043014,0.5158877968788147,0.3476091921329498,-0.0618629120290279,0.5223993062973022,0.2729834914207458,-0.090512029826641,0.5176638960838318,0.22050441801548,-0.1104134321212768,0.5120447278022766,0.1704761683940887,-0.125109314918518,0.4921593070030212,0.3258606195449829,-0.0611609369516372,0.5004593133926392,0.2483638972043991,-0.085778072476387,0.5060660243034363,0.2013795524835586,-0.0991597473621368,0.5097067952156067,0.1571736484766006,-0.1075866594910621,0.4635365307331085,0.3197100758552551,-0.0640614405274391,0.4764018654823303,0.2576044797897339,-0.0770538821816444,0.4876423478126526,0.2156396806240081,-0.0784651562571525,0.4974661469459533,0.1759277135133743,-0.0796958357095718,pinch,RRQ_p12,RRQ
0.4994599521160126,0.4827193915843963,1.8946052193768995e-07,0.4722214639186859,0.4996666312217712,-0.0695254728198051,0.4302510619163513,0.4889343976974487,-0.1154391765594482,0.3765929043292999,0.4797786474227905,-0.1481680274009704,0.3321028351783752,0.4576774835586548,-0.1788374632596969,0.465999573469162,0.3577751815319061,-0.1225453540682792,0.3902701735496521,0.3593757748603821,-0.1696236580610275,0.3417955935001373,0.4025325775146484,-0.2021478563547134,0.3164854049682617,0.4365235567092895,-0.2211545407772064,0.4651962220668793,0.3216705024242401,-0.0979435071349144,0.4136542975902557,0.2495047301054,-0.1503888964653015,0.3835036158561706,0.1973486542701721,-0.1821186393499374,0.3602495491504669,0.1465504020452499,-0.203537106513977,0.4588483870029449,0.3049871921539306,-0.0728297606110572,0.4193600714206695,0.2243334203958511,-0.1108762919902801,0.3973910510540008,0.1654456853866577,-0.1321525871753692,0.3799850046634674,0.1154181659221649,-0.1442803591489792,0.4483246505260467,0.3057020008563995,-0.0507168211042881,0.4293437004089355,0.2294229865074157,-0.0699463486671447,0.416491836309433,0.1729604750871658,-0.078078418970108,0.4045341908931732,0.123241052031517,-0.0837250128388404,pinch,RRQ_p12,RRQ
0.4641795754432678,0.4840752482414245,2.1886080503463745e-07,0.4318621456623077,0.4933650493621826,-0.0658717155456543,0.3878001570701599,0.4798446893692016,-0.110042929649353,0.33538419008255,0.4651661515235901,-0.1416787207126617,0.2956601083278656,0.4301586151123047,-0.171433538198471,0.4313466846942901,0.3547005951404571,-0.1199094504117965,0.3543359041213989,0.344639778137207,-0.1670065075159073,0.3051892518997192,0.3814981579780578,-0.1997772306203842,0.2805300951004028,0.4132011532783508,-0.2187393456697464,0.4367297291755676,0.3176816999912262,-0.0962715893983841,0.3883196711540222,0.2325754463672638,-0.1495890617370605,0.3588415682315826,0.1735516488552093,-0.183625727891922,0.3362092077732086,0.1190229058265686,-0.2066455632448196,0.4329447448253631,0.3003098368644714,-0.0715352445840835,0.3981627225875854,0.2083379328250885,-0.1096044853329658,0.3784604966640472,0.1455584168434143,-0.1313036382198333,0.3631350696086883,0.0948887765407562,-0.1435340195894241,0.4219355881214142,0.2991247177124023,-0.0492621399462223,0.4044463634490967,0.2188139110803604,-0.0686044916510582,0.3926008939743042,0.1610867828130722,-0.0768860429525375,0.3813479244709015,0.1113756299018859,-0.0824111700057983,pinch,RRQ_p12,RRQ
0.4754533171653747,0.4891371130943298,1.60369026502849e-07,0.4444921314716339,0.5003440976142883,-0.0657559335231781,0.4021843373775482,0.485081672668457,-0.1082756146788597,0.3490386307239532,0.4705591201782226,-0.1384768635034561,0.307311087846756,0.4426223337650299,-0.1668534278869629,0.4473338723182678,0.3606553673744201,-0.1141937598586082,0.3698422312736511,0.3495010733604431,-0.1565457284450531,0.3195779919624328,0.3855847418308258,-0.1857332736253738,0.2927304804325104,0.4161291122436523,-0.203124538064003,0.4506042599678039,0.3236341774463653,-0.0913906916975975,0.4004529118537903,0.245168387889862,-0.1415512263774871,0.3698785006999969,0.1918559223413467,-0.1736006587743759,0.3462829887866974,0.139581874012947,-0.195660263299942,0.4462645053863525,0.3070771992206573,-0.0679381638765335,0.4152332842350006,0.2191190719604492,-0.1055370420217514,0.397796481847763,0.1558605730533599,-0.1291359364986419,0.3839795589447021,0.1031208336353302,-0.1430958956480026,0.4355842471122741,0.3070419728755951,-0.0469459258019924,0.4210664927959442,0.22709421813488,-0.0670636817812919,0.4114591181278229,0.1696629077196121,-0.0770336613059043,0.4021895229816437,0.1194392740726471,-0.0842007845640182,pinch,RRQ_p12,RRQ
0.493896335363388,0.4962868392467499,2.6915134299088095e-07,0.5361590385437012,0.4412083923816681,-0.0118360826745629,0.5680662393569946,0.3731003105640411,-0.0216859225183725,0.5977972745895386,0.329695850610733,-0.0346094332635402,0.6158288717269897,0.2898072898387909,-0.0455616191029548,0.5156576633453369,0.2842774093151092,-0.0010323690949007,0.5483093857765198,0.224177211523056,-0.0359375961124897,0.582572340965271,0.2448059916496276,-0.0658431947231292,0.6066691279411316,0.2743438482284546,-0.0798660740256309,0.4915511906147003,0.2760219573974609,-0.0104844374582171,0.494273841381073,0.1810208708047866,-0.0282753761857748,0.5063215494155884,0.121168777346611,-0.0458155237138271,0.516485333442688,0.0697551816701889,-0.0578088536858558,0.4685132503509521,0.2906937301158905,-0.0253351032733917,0.4648398756980896,0.204126700758934,-0.0414918772876262,0.4739964008331299,0.146228402853012,-0.0525270216166973,0.4834913313388824,0.0961460918188095,-0.0584118440747261,0.4477209448814392,0.320295512676239,-0.0423674657940864,0.4355823397636413,0.253165066242218,-0.0522215403616428,0.4310083985328674,0.2058157920837402,-0.0520490854978561,0.4295693039894104,0.1631815284490585,-0.0505220703780651,pinch,RRQ_p12,RRQ
0.5051747560501099,0.5238354802131653,-3.9259610673525465e-08,0.4527962803840637,0.4938398003578186,-0.0024139243178069,0.411942571401596,0.4525744915008545,-0.0129718296229839,0.3751339614391327,0.4338978230953216,-0.027284737676382,0.3416048288345337,0.4192466139793396,-0.0432851202785968,0.4315152764320373,0.360709935426712,-0.006492068991065,0.3843818306922912,0.335975170135498,-0.0381310172379016,0.3578071594238281,0.3672308325767517,-0.0677796378731727,0.3402184247970581,0.4020307064056396,-0.0850614681839943,0.447634220123291,0.3579476177692413,-0.020750842988491,0.4204884469509125,0.2839452624320984,-0.0413516610860824,0.3909535408020019,0.2482965439558029,-0.0618893802165985,0.3613040745258331,0.2197392135858535,-0.0763290449976921,0.4694213271141052,0.3727063536643982,-0.0377074554562568,0.4514722824096679,0.2953896522521972,-0.0582601502537727,0.4277571737766266,0.2524601221084595,-0.0744748413562774,0.4021371304988861,0.2144500315189361,-0.0855174511671066,0.4911699593067169,0.4018864035606384,-0.0545482374727726,0.4945069253444671,0.3502176403999328,-0.0718303024768829,0.4879466295242309,0.3138183653354645,-0.0778449475765228,0.4757259786128998,0.2785308957099914,-0.0816307663917541,pinch,RRQ_p12,RRQ
0.5655650496482849,0.5558962821960449,-5.29446282371282e-08,0.5297834277153015,0.509973406791687,-0.0072166454046964,0.5013655424118042,0.4528582692146301,-0.0158537998795509,0.4787536263465881,0.4154226183891296,-0.0270310696214437,0.4602086842060089,0.3824850022792816,-0.0387391224503517,0.5433799624443054,0.3904772996902466,-0.0022186676505953,0.5126579403877258,0.3477081954479217,-0.030171163380146,0.481651246547699,0.3476388454437256,-0.0560481064021587,0.4523956477642059,0.3547753691673279,-0.0706973075866699,0.5642169713973999,0.3848463892936706,-0.0117395957931876,0.5539287328720093,0.3102989494800567,-0.0297807790338993,0.5364176034927368,0.2664728164672851,-0.0463813208043575,0.5157409310340881,0.230793222784996,-0.0570795685052871,0.5853630900382996,0.3998707830905914,-0.0248131267726421,0.5878486037254333,0.3336120843887329,-0.0426861047744751,0.5784653425216675,0.2903827130794525,-0.0540324114263057,0.5626790523529053,0.2506734728813171,-0.060427900403738,0.6052610278129578,0.4311801493167877,-0.0387838445603847,0.622641921043396,0.3888799548149109,-0.0515461303293705,0.6237207651138306,0.3583927154541015,-0.0541566386818885,0.6136835813522339,0.3293398916721344,-0.0551654659211635,pinch,RRQ_p12,RRQ
0.4636713862419128,0.4436438679695129,-1.282016626191762e-07,0.4109245538711548,0.4175868928432464,-0.0026735458523035,0.3653027713298797,0.3800304234027862,-0.0129457740113139,0.3268876075744629,0.3649876713752746,-0.0272390116006135,0.2910445928573608,0.3504177927970886,-0.042705200612545,0.3842575848102569,0.2892159223556518,-0.0028242778498679,0.3367866277694702,0.2707602679729461,-0.032690655440092,0.3102588653564453,0.30059814453125,-0.0615446418523788,0.2930191159248352,0.3326401710510254,-0.0789360031485557,0.399782121181488,0.2838776707649231,-0.0162433292716741,0.3608659505844116,0.2195644676685333,-0.0386573337018489,0.3247411251068115,0.1952282637357711,-0.0609634742140769,0.2895480096340179,0.1762465685606002,-0.0764398053288459,0.4207655489444732,0.2922612428665161,-0.0324660539627075,0.3898513913154602,0.2191530168056488,-0.0545916520059108,0.3566555976867676,0.1868641823530197,-0.072418563067913,0.3230146765708923,0.1600531339645385,-0.0839915126562118,0.4431787431240082,0.31293386220932,-0.0485595166683197,0.4390532970428467,0.256104975938797,-0.0665491670370101,0.4222192764282226,0.223818689584732,-0.0750148892402648,0.3983644545078277,0.1976501941680908,-0.0806532949209213,pinch,RRQ_p12,RRQ
0.5491471290588379,0.5503764748573303,-8.53321324711942e-08,0.5179227590560913,0.4932649731636047,-0.0056442017666995,0.4925227761268616,0.4352232813835144,-0.016738835722208,0.4688345193862915,0.3989876508712768,-0.0317454971373081,0.4490556716918945,0.3668234944343567,-0.0473390482366085,0.5473447442054749,0.376922458410263,-0.0067090732045471,0.5176308751106262,0.3297420740127563,-0.0384677499532699,0.4854251742362976,0.3346267938613891,-0.068055622279644,0.4567486047744751,0.3504789471626282,-0.0841303318738937,0.5664579272270203,0.382952481508255,-0.0181463994085788,0.5745593309402466,0.3016199469566345,-0.0410074293613433,0.5537275075912476,0.2634619772434234,-0.060019239783287,0.5284031629562378,0.246407464146614,-0.0709316432476043,0.584771990776062,0.407002329826355,-0.0327064283192157,0.6054118275642395,0.3360219597816467,-0.0542546212673187,0.5823668837547302,0.3093777596950531,-0.0664778053760528,0.5548413395881653,0.3009750247001648,-0.0710764229297638,0.5986286401748657,0.4438227713108063,-0.0478793941438198,0.6280468702316284,0.4014648199081421,-0.0626581758260726,0.6161094903945923,0.3825308382511139,-0.0655059069395065,0.5937632322311401,0.377482920885086,-0.0649050176143646,pinch,RRQ_p12,RRQ
0.406408816576004,0.5896217823028564,1.7429490739573342e-08,0.367381751537323,0.5377731919288635,-0.0083905356004834,0.3369448482990265,0.4783027172088623,-0.0205655340105295,0.309183806180954,0.4456805288791656,-0.0352450013160705,0.2953384220600128,0.4139885008335113,-0.0502105616033077,0.3959589004516601,0.4008788764476776,-0.0101388227194547,0.3679384589195251,0.3494878113269806,-0.0430185422301292,0.3313725888729095,0.3650074601173401,-0.0735175237059593,0.3052514791488647,0.3916794061660766,-0.090055726468563,0.4173088073730469,0.4045460224151611,-0.0200419221073389,0.4250866770744324,0.3234177827835083,-0.0374318622052669,0.4176732003688812,0.2729397416114807,-0.0549643784761428,0.4088675379753113,0.231264442205429,-0.0671707466244697,0.435325562953949,0.4275254309177398,-0.0334103144705295,0.4439835250377655,0.3504663407802582,-0.0490802153944969,0.4400021433830261,0.2993782758712768,-0.0613057874143123,0.4351686537265777,0.2523955106735229,-0.0693557187914848,0.4478779137134552,0.4663026928901672,-0.0477367676794528,0.4640446901321411,0.4170579612255096,-0.0594189241528511,0.468818187713623,0.3805882930755615,-0.0607477687299251,0.4701457321643829,0.3435336649417877,-0.0607682950794696,pinch,RRQ_p12,RRQ
0.3618859350681305,0.5768639445304871,6.428153653814661e-08,0.3209703862667084,0.5317254066467285,-0.00706985918805,0.2899743020534515,0.4802148342132568,-0.0214218311011791,0.2562108933925628,0.4502118825912475,-0.0393079258501529,0.2243705093860626,0.4250187575817108,-0.0588339865207672,0.3338720500469208,0.4066309928894043,-0.0101248547434806,0.2873478233814239,0.3758004307746887,-0.0422131642699241,0.2533637881278991,0.3906534612178802,-0.0729532539844513,0.2279465794563293,0.413131445646286,-0.0907609760761261,0.3518003821372986,0.4062725603580475,-0.0226985085755586,0.3469861447811126,0.3248198628425598,-0.0444172322750091,0.3263460993766784,0.2786243557929992,-0.0643236488103866,0.3027116060256958,0.2474651485681533,-0.0776219144463539,0.3684936761856079,0.4279312193393707,-0.0384084992110729,0.3735584318637848,0.3476592302322387,-0.0599507018923759,0.3524326980113983,0.3037077784538269,-0.0757193192839622,0.3264091312885284,0.2729553878307342,-0.0850142389535904,0.3781953752040863,0.4652058482170105,-0.0544243231415748,0.3913884162902832,0.4182092845439911,-0.0713439658284187,0.3816972374916076,0.384029358625412,-0.0769755765795707,0.3627439141273498,0.3556023240089416,-0.0797173604369163,pinch,RRQ_p12,RRQ
0.6266368627548218,0.520709216594696,3.255821923175972e-08,0.5823050737380981,0.5234034061431885,-0.0127520784735679,0.5405665040016174,0.5199731588363647,-0.0277618020772933,0.5121643543243408,0.5292748212814331,-0.0453031361103057,0.4889001548290252,0.526531457901001,-0.0626725107431411,0.520082414150238,0.4151579439640045,-0.0118994461372494,0.4797257781028747,0.4099882841110229,-0.0462979227304458,0.4766804873943329,0.4576017260551452,-0.0764577612280845,0.4839601814746856,0.5005308985710144,-0.0921449661254882,0.5358790159225464,0.3937890231609344,-0.019916858524084,0.496543675661087,0.3424215912818908,-0.0395745001733303,0.4678443670272827,0.3206525444984436,-0.0564346611499786,0.44136443734169,0.3050951957702636,-0.067066989839077,0.5625991821289062,0.3855604827404022,-0.0322518050670623,0.5229377150535583,0.3356755673885345,-0.0499821081757545,0.4934162199497223,0.3109151721000671,-0.0611109659075737,0.4645849168300628,0.2910654842853546,-0.0670910999178886,0.5962803363800049,0.3914620578289032,-0.046105220913887,0.581723690032959,0.3420531153678894,-0.0587621703743934,0.566625714302063,0.3125790953636169,-0.0605909526348114,0.5493409037590027,0.2887714803218841,-0.0600086264312267,pinch,RRQ_p12,RRQ
0.3670064806938171,0.4997981190681457,-2.577204440967762e-07,0.3997724652290344,0.4679905772209167,-0.0213429443538188,0.4184707999229431,0.3955408930778503,-0.0263118054717779,0.4022197723388672,0.3399346470832824,-0.0297244936227798,0.3755306899547577,0.3089746236801147,-0.0268940236419439,0.4165326654911041,0.3480062186717987,0.0052566919475793,0.4295792281627655,0.3218472898006439,-0.0173076651990413,0.4216473698616028,0.3671666085720062,-0.0267197266221046,0.4118455946445465,0.3731059432029724,-0.0297629348933696,0.3889778852462768,0.3431204557418823,0.0071730446070432,0.3964811861515045,0.3241866827011108,-0.0171637441962957,0.3920355439186096,0.3752887547016144,-0.0214498937129974,0.3853024542331695,0.3658154606819153,-0.0174163728952407,0.362255185842514,0.3501238226890564,0.0030540626030415,0.3677886724472046,0.3504746556282043,-0.0258324276655912,0.3716728091239929,0.3982133567333221,-0.0234804768115282,0.3674845099449157,0.3888693153858185,-0.0138801233842968,0.3359913229942322,0.3605899512767792,-0.0024461026769131,0.3455952107906341,0.3629500567913055,-0.0186907649040222,0.351336658000946,0.3929228186607361,-0.0148682119324803,0.3472678661346435,0.3872139751911163,-0.0073379729874432,fist,RRQ_p12,RRQ
0.3744675815105438,0.4467209279537201,-1.25675086337651e-07,0.4169650375843048,0.4144515991210937,-0.008110050112009,0.4442294836044311,0.353116899728775,-0.009880531579256,0.4497896730899811,0.2990605235099792,-0.0145227154716849,0.431485652923584,0.264346182346344,-0.0161373652517795,0.4208697080612182,0.3123849034309387,0.0209584552794694,0.4380615949630737,0.2792140543460846,0.0005377987981773,0.4354444444179535,0.291907787322998,-0.0122394673526287,0.4238716959953308,0.2887498140335083,-0.0170200690627098,0.4022009968757629,0.3076862692832947,0.0175157245248556,0.4241425991058349,0.2899024188518524,-0.0060984063893556,0.4179003238677978,0.3324309289455414,-0.0143038257956504,0.4062676727771759,0.3339870274066925,-0.0127155631780624,0.3821465671062469,0.3062140345573425,0.0090632811188697,0.4055573344230652,0.2980507314205169,-0.0190309286117553,0.4006092846393585,0.342494249343872,-0.0190467108041048,0.3888966143131256,0.3461922407150268,-0.0101906843483448,0.3600921630859375,0.3071227073669433,0.0001258536503883,0.3879005312919616,0.3074417412281036,-0.0156257692724466,0.3861808478832245,0.3392189443111419,-0.0124283256009221,0.374614417552948,0.3438173532485962,-0.004894888959825,fist,RRQ_p12,RRQ
0.2361775338649749,0.3637506365776062,-2.040544302417402e-07,0.2689177989959717,0.3323633968830108,-0.0235177055001258,0.2891357839107513,0.2682723999023437,-0.0285540018230676,0.2700091898441314,0.2094155550003051,-0.0314603820443153,0.2485884726047516,0.1739481687545776,-0.0284740757197141,0.3071633875370025,0.2299045175313949,0.0061875428073108,0.3062386810779571,0.1948620676994323,-0.0174312274903059,0.2998105883598327,0.228871151804924,-0.028867769986391,0.2985972166061401,0.2407511919736862,-0.0320971868932247,0.276640772819519,0.2238053530454635,0.0090691521763801,0.2722893059253692,0.1941559910774231,-0.0142065566033124,0.2661040425300598,0.2328680902719497,-0.0210040584206581,0.2647421658039093,0.2242254316806793,-0.0187866576015949,0.2464757561683654,0.2273304015398025,0.00569190364331,0.2423811852931976,0.2103712111711502,-0.0243325550109148,0.2454615384340286,0.2594874501228332,-0.0232439376413822,0.2484606355428695,0.2588185966014862,-0.0133382137864828,0.2159337252378463,0.2363011837005615,0.0009599565528333,0.2173974514007568,0.2180004715919494,-0.0160348899662494,0.2225729078054428,0.2516694366931915,-0.0105328010395169,0.2240117490291595,0.2568925321102142,-0.0008582837181165,fist,RRQ_p12,RRQ
0.2212767452001571,0.6222183108329773,-2.7321064521856897e-07,0.2594182193279266,0.6070911288261414,-0.022963061928749,0.2834150493144989,0.5569828748703003,-0.0320331491529941,0.2536202669143677,0.5119488835334778,-0.0381398946046829,0.2203795164823532,0.4833966791629791,-0.0392251648008823,0.3018307685852051,0.4626028835773468,-0.0052914442494511,0.285135269165039,0.4771596193313598,-0.0279885940253734,0.2741908133029938,0.514642059803009,-0.0407974012196064,0.2747552990913391,0.5204683542251587,-0.0473015420138835,0.268033355474472,0.4435139000415802,-0.0035354166757315,0.2468006759881973,0.4802827537059784,-0.0232738777995109,0.2418209910392761,0.5251344442367554,-0.0280667003244161,0.2463709563016891,0.5191799998283386,-0.0275253821164369,0.2357024997472763,0.4468917846679687,-0.0067940778099,0.2155613005161285,0.4830870926380157,-0.0279856268316507,0.2172137200832367,0.5224875807762146,-0.0256237126886844,0.2231956422328949,0.5124730467796326,-0.020161772146821,0.205872356891632,0.4603404700756073,-0.0124605176970362,0.1977139711380005,0.4894338250160217,-0.0260249357670545,0.2000556290149688,0.5224452018737793,-0.0231505017727613,0.2036253064870834,0.5172720551490784,-0.0172510240226984,fist,RRQ_p12,RRQ
0.5101633071899414,0.596036970615387,3.9500626769495284e-08,0.5430344343185425,0.6086373329162598,-0.0190190337598323,0.5673186182975769,0.6195331811904907,-0.0359134972095489,0.5667073726654053,0.6223992109298706,-0.0512295477092266,0.5439932346343994,0.6128735542297363,-0.0653277114033699,0.5903573036193848,0.5079313516616821,-0.0301128923892974,0.581656813621521,0.5875594019889832,-0.0533470474183559,0.5748671293258667,0.5830410718917847,-0.0711024105548858,0.5760071277618408,0.5614725947380066,-0.0844071507453918,0.5587928891181946,0.4967764019966125,-0.0321912840008735,0.5514956712722778,0.5980175137519836,-0.0491008684039115,0.5484972596168518,0.5842224359512329,-0.0554920025169849,0.5514706969261169,0.5555644035339355,-0.062078833580017,0.5246019959449768,0.5061225295066833,-0.0363291129469871,0.5230438113212585,0.5993310213088989,-0.0499671399593353,0.5224844813346863,0.5863282680511475,-0.0456183664500713,0.526382327079773,0.5578001141548157,-0.0427779145538806,0.4930011332035064,0.5257956385612488,-0.0435555912554264,0.4971468150615692,0.5982728600502014,-0.0568267703056335,0.5010366439819336,0.5877221822738647,-0.057906299829483,0.5053553581237793,0.5615426898002625,-0.0568424649536609,fist,RRQ_p12,RRQ
0.4660806953907013,0.5601389408111572,-8.325753952931336e-08,0.5112890601158142,0.5139409899711609,-0.009295024909079,0.547784149646759,0.4754679799079895,-0.0241170283406972,0.5802006721496582,0.4633865356445312,-0.0399071536958217,0.5934573411941528,0.4850683510303497,-0.0520567782223224,0.5115910172462463,0.3888338506221771,-0.0201247632503509,0.578421413898468,0.4205456972122192,-0.0381526984274387,0.5699614882469177,0.4508773386478424,-0.0455821715295314,0.5521177649497986,0.4503769278526306,-0.0509483180940151,0.5017179846763611,0.4157292246818542,-0.0275181271135807,0.5735792517662048,0.4631592929363251,-0.044532123953104,0.5575575828552246,0.4876920878887176,-0.0442242175340652,0.5404052734375,0.4775848388671875,-0.0443277694284915,0.4986735582351684,0.4531684815883636,-0.0364488177001476,0.5676536560058594,0.4987302124500274,-0.0490161776542663,0.5500454902648926,0.5135493874549866,-0.0430549308657646,0.5321043133735657,0.5039947032928467,-0.0393940955400466,0.5002355575561523,0.4942056238651275,-0.0471872016787529,0.5563715100288391,0.523553192615509,-0.0520659647881984,0.5432807207107544,0.5315433740615845,-0.0482742153108119,0.5257886648178101,0.5251964330673218,-0.0460162907838821,fist,RRQ_p12,RRQ
0.4618616998195648,0.5533124804496765,-1.318301912078823e-07,0.4919447600841522,0.4949921071529388,0.0006657158373855,0.5354135036468506,0.4561002254486084,-0.0117728346958756,0.5836772918701172,0.4541922211647033,-0.0258724447339773,0.6097704172134399,0.4851047098636627,-0.0373382233083248,0.52010577917099,0.3996371924877167,-0.0217925235629081,0.5852623581886292,0.4203918278217315,-0.0354045182466506,0.5764657258987427,0.4511651396751404,-0.040108598768711,0.5594387054443359,0.4591588079929352,-0.0439144447445869,0.5200193524360657,0.4268738627433777,-0.0332253985106945,0.5872587561607361,0.4579638540744781,-0.0426641106605529,0.5738941431045532,0.4838472008705139,-0.0402828715741634,0.5547418594360352,0.4817808270454407,-0.0408210642635822,0.5245420336723328,0.4622071087360382,-0.044136106967926,0.5852901339530945,0.4922831952571869,-0.047540295869112,0.5695179104804993,0.5090305209159851,-0.0383835956454277,0.5501300096511841,0.5015866160392761,-0.035171341150999,0.5314977765083313,0.5009096264839172,-0.0558092221617698,0.5780650973320007,0.5183396339416504,-0.0520571768283844,0.5638936161994934,0.5315020680427551,-0.0422331839799881,0.5469773411750793,0.5271946787834167,-0.0376871600747108,fist,RRQ_p12,RRQ
0.5609819889068604,0.5111883282661438,-3.498182934436045e-07,0.5282166004180908,0.4915355443954468,-0.0209385566413402,0.5051307082176208,0.4591042101383209,-0.0343941636383533,0.4996537268161773,0.4367334246635437,-0.0446190945804119,0.5121398568153381,0.422797292470932,-0.0501068904995918,0.5279097557067871,0.3473362326622009,-0.0194890480488538,0.5017776489257812,0.4192233979701996,-0.0413653030991554,0.5075470805168152,0.4550181031227112,-0.0545390807092189,0.5189559459686279,0.4494334459304809,-0.0623853281140327,0.5596112012863159,0.3540919125080108,-0.0194659903645515,0.5276092290878296,0.4351797103881836,-0.0384331308305263,0.5312259197235107,0.4698496460914612,-0.0421019680798053,0.5413405895233154,0.460781455039978,-0.0422932766377925,0.587556004524231,0.3765485882759094,-0.0224927030503749,0.556305468082428,0.452356606721878,-0.0395141988992691,0.5568564534187317,0.4794535636901855,-0.0317534990608692,0.5643604397773743,0.4687409400939941,-0.0239490009844303,0.6113462448120117,0.4069663882255554,-0.0285318214446306,0.5872265696525574,0.4626221060752868,-0.0395095236599445,0.5859003663063049,0.4809906482696533,-0.0349544323980808,0.5928141474723816,0.469850480556488,-0.0281803254038095,fist,RRQ_p12,RRQ
0.6718623638153076,0.412875235080719,-3.405089330499323e-07,0.6467426419258118,0.3574902713298797,-0.0121545987203717,0.6499009132385254,0.2933419644832611,-0.0176683943718671,0.682040810585022,0.2632574737071991,-0.0249667335301637,0.7039284706115723,0.2542358040809631,-0.0289152394980192,0.6716669201850891,0.2472515702247619,0.0011845043627545,0.6865885257720947,0.1999478340148925,-0.024017484858632,0.6859555840492249,0.2329523265361786,-0.0362617969512939,0.6800122261047363,0.2657166421413421,-0.038659531623125,0.699913501739502,0.2628568112850189,-0.0023835927713662,0.7194782495498657,0.2228245139122009,-0.0268991831690073,0.7047713398933411,0.2757648527622223,-0.030284596607089,0.6930830478668213,0.2959953844547272,-0.0244029145687818,0.7261428833007812,0.2836604714393616,-0.0105422968044877,0.7429848313331604,0.2553658783435821,-0.0348389744758605,0.7228014469146729,0.3029983639717102,-0.026969201862812,0.710660994052887,0.3204516470432281,-0.0135578587651252,0.7502202987670898,0.3105804622173309,-0.0201740693300962,0.7654918432235718,0.2810749411582947,-0.0323568060994148,0.7472761273384094,0.3116615116596222,-0.0222833473235368,0.7344604730606079,0.3274122178554535,-0.0100244507193565,fist,RRQ_p12,RRQ
0.4030235409736633,0.4053399562835693,-3.961969810006849e-07,0.3542841672897339,0.4306488633155823,-0.0183659363538026,0.3158485889434814,0.4392632246017456,-0.0350284539163112,0.2935136258602142,0.4521737694740295,-0.0513574481010437,0.2825196385383606,0.4573669731616974,-0.0634566247463226,0.2587747275829315,0.3178625106811523,-0.0140892453491687,0.2444294691085815,0.403828501701355,-0.0430519208312034,0.2759226560592651,0.4311327636241913,-0.0608916580677032,0.2910771071910858,0.4196298122406006,-0.0705352202057838,0.279444009065628,0.2959874272346496,-0.0185381267219781,0.2661918997764587,0.3954033851623535,-0.0451602078974247,0.3015187680721283,0.4220497012138366,-0.0508127324283123,0.3127900660037994,0.4071044623851776,-0.0505341254174709,0.3082908093929291,0.2908349633216858,-0.0271385572850704,0.3004317283630371,0.3887917697429657,-0.0502152480185031,0.3307280838489532,0.4100631475448608,-0.0427779369056224,0.338595449924469,0.3928234875202179,-0.0335846953094005,0.340359479188919,0.2972374856472015,-0.0384709052741527,0.3352883458137512,0.370900809764862,-0.0501081384718418,0.352872759103775,0.387536346912384,-0.0438635498285293,0.358842521905899,0.3727673888206482,-0.0356561131775379,fist,RRQ_p12,RRQ
0.6002689003944397,0.6009748578071594,-4.660531942590751e-07,0.6405472755432129,0.5588172674179077,-0.0134702511131763,0.6950818300247192,0.5594329833984375,-0.0181212667375803,0.7225816249847412,0.5802271962165833,-0.0235368218272924,0.7351456880569458,0.6057057976722717,-0.0235500577837228,0.7560238838195801,0.6150107383728027,0.0063858903013169,0.7579765915870667,0.5779206156730652,-0.0184236075729131,0.7161001563072205,0.5660352110862732,-0.0331718102097511,0.7019056081771851,0.5720367431640625,-0.0402368120849132,0.748670756816864,0.6549666523933411,0.0006778874667361,0.7443382143974304,0.6089193820953369,-0.0234183650463819,0.699506938457489,0.5901087522506714,-0.0276114363223314,0.6915715336799622,0.6001037359237671,-0.0238080993294715,0.7258103489875793,0.6861803531646729,-0.0102219739928841,0.7160618305206299,0.6364338994026184,-0.0317748300731182,0.6778123378753662,0.6130792498588562,-0.0219813417643308,0.6745703816413879,0.6249135136604309,-0.0097025427967309,0.6972386240959167,0.7071825861930847,-0.0239682178944349,0.686758279800415,0.6613108515739441,-0.0331572815775871,0.6640357971191406,0.6406657099723816,-0.0244872979819774,0.6622357964515686,0.651546061038971,-0.0143869938328862,fist,RRQ_p12,RRQ
0.5172522664070129,0.5712069272994995,-1.51404250914311e-07,0.4934803247451782,0.5209552645683289,-0.0010839845053851,0.4542130827903747,0.4821135997772217,-0.013614859431982,0.4164879024028778,0.487007737159729,-0.0254236981272697,0.3932162523269653,0.4957453906536102,-0.0372095480561256,0.4727766811847687,0.4870339334011078,-0.0525512024760246,0.3871138393878937,0.4910036921501159,-0.0724980682134628,0.3983140587806701,0.5057076811790466,-0.0758520811796188,0.425311416387558,0.5114712715148926,-0.07466721534729,0.4775690734386444,0.5369508266448975,-0.0604912899434566,0.3858987092971802,0.540194571018219,-0.0807813555002212,0.4044777750968933,0.5450437664985657,-0.0766606479883194,0.4339910745620727,0.54533451795578,-0.0720251351594924,0.475353866815567,0.5814246535301208,-0.0658094063401222,0.3931320309638977,0.5855729579925537,-0.0797897428274154,0.4119921326637268,0.584352970123291,-0.066157042980194,0.4384263455867767,0.5811238288879395,-0.0554453283548355,0.4685228168964386,0.622812807559967,-0.0703981667757034,0.4051278531551361,0.6210548281669617,-0.0795807540416717,0.4174799621105194,0.6135557889938354,-0.0694330707192421,0.4402429759502411,0.6098648905754089,-0.0610156916081905,fist,RRQ_p12,RRQ
0.5268393158912659,0.3880635499954223,-3.942585067306936e-07,0.4848731458187103,0.4164104759693146,-0.012710427865386,0.4306870996952057,0.4149099588394165,-0.0167882069945335,0.4154486656188965,0.3817230761051178,-0.0214794818311929,0.4175437092781067,0.3377923369407654,-0.0214258693158626,0.3876760303974151,0.3638179898262024,0.0023539375979453,0.3792835474014282,0.3863083124160766,-0.0199776496738195,0.4174588024616241,0.3987650871276855,-0.0313061326742172,0.4264868795871734,0.3929376900196075,-0.0374974459409713,0.3941393494606018,0.3254620134830475,-0.00202351459302,0.386264830827713,0.3466285467147827,-0.0264291670173406,0.4307393133640289,0.3686249852180481,-0.0278947222977876,0.4372303485870361,0.3638429045677185,-0.0225587431341409,0.4134950339794159,0.2924532890319824,-0.0112288929522037,0.4097097218036651,0.3112150728702545,-0.033053133636713,0.4488057494163513,0.3377769887447357,-0.0216716416180133,0.4545348286628723,0.3343792557716369,-0.0086917970329523,0.4387059807777405,0.2665482461452484,-0.0228603817522525,0.4400624632835388,0.2857954204082489,-0.0356269590556621,0.4608461260795593,0.3065683245658874,-0.0290952045470476,0.4624800682067871,0.3018965423107147,-0.0205733757466077,fist,RRQ_p12,RRQ
0.6247342228889465,0.4603107273578644,-4.067790655426506e-07,0.5814130902290344,0.4335869550704956,-0.0133599713444709,0.5581831932067871,0.364861398935318,-0.0167531948536634,0.5721568465232849,0.3142312467098236,-0.0216665174812078,0.5892047882080078,0.2869033217430115,-0.0221034567803144,0.5594722628593445,0.3143939971923828,0.0028135660104453,0.5555472373962402,0.2621166110038757,-0.0231552720069885,0.5671223998069763,0.3100533783435821,-0.0346998907625675,0.5734299421310425,0.3387758731842041,-0.0369898006319999,0.5894680619239807,0.3083751797676086,-0.0007667539175599,0.5883230566978455,0.2546710669994354,-0.0271783173084259,0.593763530254364,0.316133052110672,-0.0306062120944261,0.594150722026825,0.3364312946796417,-0.0237413570284843,0.62037193775177,0.310041606426239,-0.0093736918643116,0.6216739416122437,0.2728810906410217,-0.0347372144460678,0.6213465929031372,0.3327836096286773,-0.0260727237910032,0.6193257570266724,0.3499614298343658,-0.0115204062312841,0.6513317227363586,0.317601591348648,-0.0196445100009441,0.6515529751777649,0.2857491075992584,-0.0306461583822965,0.6467072367668152,0.3265166580677032,-0.0195985920727252,0.6430355906486511,0.3449597358703613,-0.0067485300824046,fist,RRQ_p12,RRQ
0.6264117956161499,0.4558017551898956,-2.053492238474064e-07,0.5977243185043335,0.4580245614051819,-0.0222087278962135,0.5732332468032837,0.462992787361145,-0.0376685000956058,0.5661006569862366,0.4766696691513061,-0.0495495349168777,0.5732717514038086,0.4834293127059936,-0.0579960010945797,0.5599045157432556,0.3805637955665588,-0.035549521446228,0.5624052286148071,0.4792589545249939,-0.0541176423430442,0.5749658346176147,0.4985295236110687,-0.0624987594783306,0.5809255242347717,0.4809974133968353,-0.0672473981976509,0.5957932472229004,0.3732253313064575,-0.0346738919615745,0.5993948578834534,0.4913082420825958,-0.0499234311282634,0.6056960821151733,0.4975420236587524,-0.0517193228006362,0.6064338088035583,0.4699334800243377,-0.0525080300867557,0.6318800449371338,0.3802111148834228,-0.0353547595441341,0.6305575370788574,0.4899104535579681,-0.0484168343245983,0.6308601498603821,0.4882847666740417,-0.0411249175667762,0.6288837194442749,0.4586130380630493,-0.0350058525800704,0.6644957065582275,0.3943939208984375,-0.0389892123639583,0.6610696911811829,0.4777007102966308,-0.049132864922285,0.6584459543228149,0.4786742031574249,-0.0453406795859336,0.6581129431724548,0.4555734992027282,-0.0400203540921211,fist,RRQ_p12,RRQ
0.4670494794845581,0.7862652540206909,2.33656137993421e-07,0.5060354471206665,0.7481309771537781,-0.01804327219724655,0.5206116437911987,0.6726398468017578,-0.021334245800971985,0.5274652242660522,0.609447717666626,-0.023734813556075096,0.5402733087539673,0.564598560333252,-0.025055112317204475,0.49264219403266907,0.5915734171867371,-0.002548686694353819,0.49421510100364685,0.5193790793418884,-0.01220625825226307,0.49158775806427,0.476529598236084,-0.02155413292348385,0.486346960067749,0.4413197934627533,-0.028581960126757622,0.46626341342926025,0.5898193717002869,-0.0022587552666664124,0.4643629193305969,0.511652946472168,-0.009781000204384327,0.4612296521663666,0.4640260934829712,-0.017483582720160484,0.45613619685173035,0.42662930488586426,-0.02303076721727848,0.4426964521408081,0.6022428870201111,-0.005485352128744125,0.438915491104126,0.5308411717414856,-0.013633216731250286,0.439033567905426,0.4876967668533325,-0.01863393373787403,0.4386076331138611,0.45189768075942993,-0.022223299369215965,0.4195820987224579,0.626730740070343,-0.011135277338325977,0.4137665033340454,0.5740648508071899,-0.01934249885380268,0.4138292074203491,0.5385623574256897,-0.021865397691726685,0.4153232276439667,0.5056622624397278,-0.02320827730000019,open_palm,RRQ_p12,RRQ
0.43400096893310547,0.8069479465484619,2.6068187253258657e-07,0.4746328890323639,0.775412380695343,-0.021759435534477234,0.4934573769569397,0.7016501426696777,-0.026459459215402603,0.5017493367195129,0.637753427028656,-0.029260706156492233,0.5155905485153198,0.5940490365028381,-0.031008068472146988,0.46355319023132324,0.6172603964805603,-0.01004283782094717,0.4709776043891907,0.5436638593673706,-0.020992834120988846,0.4717719852924347,0.4988948106765747,-0.030360441654920578,0.46983203291893005,0.46267083287239075,-0.037268683314323425,0.43431606888771057,0.6137325763702393,-0.007911999709904194,0.4337795078754425,0.5336840748786926,-0.01691163145005703,0.4318692088127136,0.48488202691078186,-0.025009794160723686,0.4280250072479248,0.44651779532432556,-0.030673738569021225,0.40951913595199585,0.6252723336219788,-0.009163852781057358,0.40435120463371277,0.55376136302948,-0.018621394410729408,0.4047945737838745,0.5092343091964722,-0.025004081428050995,0.4046534299850464,0.4718623757362366,-0.02940485253930092,0.3865399658679962,0.6497943997383118,-0.012963913381099701,0.3768448233604431,0.5972414016723633,-0.022566718980669975,0.37285375595092773,0.5615516304969788,-0.026514526456594467,0.37033942341804504,0.527724027633667,-0.028726724907755852,open_palm,RRQ_p12,RRQ
0.5838888883590698,0.8098451495170593,2.218953198962481e-07,0.6252650022506714,0.7781796455383301,-0.016841432079672813,0.6469364762306213,0.7125083208084106,-0.021635539829730988,0.6610885858535767,0.656704306602478,-0.025727529078722,0.6789220571517944,0.6172685027122498,-0.02944527007639408,0.620408833026886,0.6292621493339539,-0.00673883268609643,0.6173003911972046,0.5582491159439087,-0.01785137504339218,0.6126816868782043,0.5147212147712708,-0.028393922373652458,0.6067488789558411,0.47636905312538147,-0.03627187758684158,0.594222366809845,0.6256328225135803,-0.007933194749057293,0.5924146175384521,0.5473234057426453,-0.017325498163700104,0.5902632474899292,0.4973399043083191,-0.026897145435214043,0.5867474675178528,0.45501214265823364,-0.03391081467270851,0.5701034069061279,0.6356744766235352,-0.012048061937093735,0.5676107406616211,0.5654171705245972,-0.02133668027818203,0.5684638619422913,0.5203263759613037,-0.027638152241706848,0.5684840083122253,0.4811127781867981,-0.03204960748553276,0.5460590124130249,0.65608149766922,-0.018339384347200394,0.544638991355896,0.600383460521698,-0.026737088337540627,0.5459570288658142,0.5656347870826721,-0.02904711663722992,0.5472375750541687,0.5335628986358643,-0.03021794930100441,open_palm,RRQ_p12,RRQ
0.325398713350296,0.7667169570922852,2.47683118459463e-07,0.3645499348640442,0.7293313145637512,-0.020593568682670593,0.3782018721103668,0.6553475856781006,-0.025090986862778664,0.38400501012802124,0.5929931402206421,-0.02834346704185009,0.3963523507118225,0.5466386079788208,-0.030607113614678383,0.34704962372779846,0.5691359043121338,-0.005742245819419622,0.3414478003978729,0.4960743486881256,-0.01777251437306404,0.33512061834335327,0.4494035542011261,-0.029102293774485588,0.32705923914909363,0.40936750173568726,-0.03775179758667946,0.32100993394851685,0.5664739012718201,-0.005316385067999363,0.315341591835022,0.4869779348373413,-0.015989763662219048,0.30975452065467834,0.4348992705345154,-0.026280848309397697,0.3035845458507538,0.3902185261249542,-0.03362833708524704,0.2980799376964569,0.5783805847167969,-0.008555501699447632,0.29132896661758423,0.5044665336608887,-0.019770845770835876,0.29030758142471313,0.45796021819114685,-0.026653042063117027,0.28953269124031067,0.41720831394195557,-0.03106718137860298,0.27613207697868347,0.6018772721290588,-0.014443033374845982,0.2722111642360687,0.5440894961357117,-0.02495240420103073,0.2731681168079376,0.5063164234161377,-0.02852332592010498,0.27565109729766846,0.47057658433914185,-0.030327361077070236,open_palm,RRQ_p12,RRQ
0.43373289704322815,0.7099874019622803,1.7585234957095963e-07,0.466969758272171,0.6825204491615295,-0.014610322192311287,0.48177528381347656,0.6248494386672974,-0.01754714734852314,0.4896398186683655,0.575908899307251,-0.019672811031341553,0.5012376308441162,0.5412023067474365,-0.021167734637856483,0.45537108182907104,0.5575650930404663,-0.002990567358210683,0.4507143497467041,0.501724362373352,-0.011150253936648369,0.44578054547309875,0.4669826030731201,-0.019320925697684288,0.4401247203350067,0.4374568462371826,-0.02555234543979168,0.4344342350959778,0.5559743642807007,-0.002699554432183504,0.43073439598083496,0.4945661723613739,-0.00928912591189146,0.4271920919418335,0.45561540126800537,-0.016103312373161316,0.42341238260269165,0.42380622029304504,-0.021130774170160294,0.4158492982387543,0.5648317337036133,-0.005155670922249556,0.41299065947532654,0.507201075553894,-0.012004738673567772,0.4129760265350342,0.47263485193252563,-0.016184810549020767,0.4127565622329712,0.4435287117958069,-0.019113710150122643,0.397453248500824,0.5825304985046387,-0.009590721689164639,0.3960285782814026,0.5391167998313904,-0.015919864177703857,0.39790087938308716,0.5116084814071655,-0.01766475848853588,0.4005875587463379,0.48608946800231934,-0.018559811636805534,open_palm,RRQ_p12,RRQ
0.5507549047470093,0.7876265048980713,2.798561808958766e-07,0.5950878262519836,0.7672111392021179,-0.02238619327545166,0.6257506012916565,0.7141015529632568,-0.030490392819046974,0.6431477069854736,0.6629703640937805,-0.0366961844265461,0.6628230810165405,0.628363311290741,-0.042510226368904114,0.5939656496047974,0.6269513964653015,-0.01844177022576332,0.6037228107452393,0.5591545104980469,-0.0318036787211895,0.6051038503646851,0.515177845954895,-0.04210277646780014,0.6034934520721436,0.4778527617454529,-0.04964767023921013,0.5642375349998474,0.6189168095588684,-0.017403222620487213,0.5656821131706238,0.5428355932235718,-0.029116101562976837,0.5639955997467041,0.497256338596344,-0.038601912558078766,0.5598245859146118,0.46113303303718567,-0.045189693570137024,0.5375739336013794,0.6265743374824524,-0.018959878012537956,0.5304694771766663,0.5606702566146851,-0.030247904360294342,0.5285331606864929,0.5193840861320496,-0.037000756710767746,0.5265491604804993,0.48408350348472595,-0.041455868631601334,0.5119990706443787,0.6463577151298523,-0.022864291444420815,0.5031855702400208,0.5948890447616577,-0.033446669578552246,0.49979984760284424,0.5610558390617371,-0.03737012669444084,0.49828872084617615,0.529079794883728,-0.03935527801513672,open_palm,RRQ_p12,RRQ
0.38002443313598633,0.7001712322235107,2.8028267706758925e-07,0.4093897342681885,0.658887505531311,-0.02808915637433529,0.41541653871536255,0.5966513156890869,-0.03992113471031189,0.4114854037761688,0.5386500358581543,-0.04899991676211357,0.4152247905731201,0.49124225974082947,-0.05725860595703125,0.3572542369365692,0.5227494835853577,-0.025744225829839706,0.33818280696868896,0.4511788487434387,-0.04222184419631958,0.32092443108558655,0.40786778926849365,-0.05503787100315094,0.3037007451057434,0.37172675132751465,-0.06463700532913208,0.3262406885623932,0.5306728482246399,-0.023308729752898216,0.2946775257587433,0.45844608545303345,-0.03800208866596222,0.272070974111557,0.4152904152870178,-0.0505562499165535,0.2516474723815918,0.38027286529541016,-0.05970951169729233,0.30511194467544556,0.5519094467163086,-0.02372947335243225,0.2724197506904602,0.49132198095321655,-0.03775492683053017,0.252420037984848,0.45111867785453796,-0.04775744676589966,0.23496730625629425,0.4169257879257202,-0.05468341335654259,0.2911134660243988,0.5842722058296204,-0.0269500482827425,0.2611744701862335,0.5412545204162598,-0.040329061448574066,0.24226164817810059,0.5115881562232971,-0.04700537025928497,0.2258264422416687,0.4828934967517853,-0.05099960416555405,open_palm,RRQ_p12,RRQ
0.5016433000564575,0.65284663438797,1.7382366479523625e-07,0.46611326932907104,0.6820753812789917,-0.01119739655405283,0.4214358627796173,0.6952369809150696,-0.01638713665306568,0.3865654468536377,0.6946927905082703,-0.021590253338217735,0.35927340388298035,0.6810553073883057,-0.02591152861714363,0.3851375877857208,0.6383048892021179,-0.0022907941602170467,0.34286627173423767,0.6302453279495239,-0.012897726148366928,0.3170660734176636,0.6254204511642456,-0.022110754624009132,0.2957132160663605,0.6192879676818848,-0.02889426425099373,0.38985326886177063,0.6097285151481628,-0.005288064479827881,0.34599506855010986,0.5919799208641052,-0.013713967055082321,0.31947556138038635,0.5802006125450134,-0.020940173417329788,0.2979649305343628,0.5699665546417236,-0.026081599295139313,0.40307798981666565,0.5858334302902222,-0.011060821823775768,0.36268481612205505,0.5663535594940186,-0.020402055233716965,0.33789128065109253,0.5552623271942139,-0.025490285828709602,0.31622734665870667,0.5465865731239319,-0.029058752581477165,0.42333465814590454,0.5655506253242493,-0.018377067521214485,0.3968520164489746,0.539959728717804,-0.026598995551466942,0.3781827390193939,0.5245455503463745,-0.029519466683268547,0.3604208827018738,0.5114588141441345,-0.0313255675137043,open_palm,RRQ_p12,RRQ
0.5537211894989014,0.692602276802063,3.95998881685955e-07,0.5921234488487244,0.6462931036949158,-0.010203653946518898,0.6166958212852478,0.5900196433067322,-0.021453725174069405,0.6326474547386169,0.5399171113967896,-0.030462952330708504,0.6544432640075684,0.5108614563941956,-0.040401484817266464,0.5781752467155457,0.5663294792175293,-0.03917941078543663,0.5809944868087769,0.476465106010437,-0.05349068343639374,0.5792174339294434,0.4232524633407593,-0.05926555022597313,0.5756865739822388,0.38176703453063965,-0.06255567818880081,0.5459195375442505,0.5703197121620178,-0.040801212191581726,0.5363792777061462,0.4758604168891907,-0.0548274852335453,0.5279053449630737,0.4195185899734497,-0.060980379581451416,0.5195121765136719,0.37834200263023376,-0.06510909646749496,0.5185862183570862,0.5776578187942505,-0.040984027087688446,0.5093042254447937,0.492679238319397,-0.05244359001517296,0.5043027400970459,0.43926897644996643,-0.05944281816482544,0.4994867146015167,0.4002527892589569,-0.06412732601165771,0.4963858723640442,0.5870218276977539,-0.040985673666000366,0.48236486315727234,0.5223119258880615,-0.051836010068655014,0.4736223518848419,0.48522406816482544,-0.0569278746843338,0.4653758704662323,0.45561933517456055,-0.05946965515613556,open_palm,RRQ_p12,RRQ
0.5759026408195496,0.702545702457428,3.083748367771477e-07,0.5384368300437927,0.6595427393913269,-0.022437362000346184,0.5148165822029114,0.5963675379753113,-0.03462003171443939,0.5075503587722778,0.5420467853546143,-0.044901229441165924,0.5073153972625732,0.4950298070907593,-0.05398847162723541,0.5613586902618408,0.5145633220672607,-0.01794549636542797,0.5678049921989441,0.44054386019706726,-0.03571362420916557,0.5739917159080505,0.395619660615921,-0.0505182258784771,0.5819318294525146,0.35776567459106445,-0.06068774312734604,0.5881922245025635,0.5190083980560303,-0.018794968724250793,0.5960628390312195,0.4393165111541748,-0.032359443604946136,0.6009660363197327,0.39103734493255615,-0.04331768676638603,0.6055577397346497,0.35016289353370667,-0.05107463523745537,0.6120358109474182,0.5359982848167419,-0.02309531904757023,0.6212221384048462,0.46369123458862305,-0.035334501415491104,0.6263158321380615,0.41776028275489807,-0.04151485860347748,0.6302581429481506,0.3772067427635193,-0.046071991324424744,0.6350022554397583,0.5650360584259033,-0.030096283182501793,0.6470006704330444,0.512527346611023,-0.040510404855012894,0.6539610624313354,0.4777369499206543,-0.0434059239923954,0.6591262221336365,0.4453916549682617,-0.04503309354186058,open_palm,RRQ_p12,RRQ
0.4217151999473572,0.7269980907440186,3.208813268429367e-07,0.37539494037628174,0.7131017446517944,-0.018495989963412285,0.33445489406585693,0.6659151315689087,-0.027758242562413216,0.3095571994781494,0.6232823729515076,-0.035627689212560654,0.2885932922363281,0.5852968096733093,-0.042664993554353714,0.34434327483177185,0.5811053514480591,-0.015354802832007408,0.3276483118534088,0.5149409770965576,-0.031636931002140045,0.3197731375694275,0.474143385887146,-0.044776201248168945,0.31440144777297974,0.4376879930496216,-0.053940411657094955,0.3665464222431183,0.5720346570014954,-0.017752990126609802,0.34757107496261597,0.5005419254302979,-0.030821748077869415,0.3379855751991272,0.4555031657218933,-0.04151313379406929,0.33061933517456055,0.416373610496521,-0.04907141253352165,0.3913521468639374,0.5753239393234253,-0.02312719076871872,0.3748970031738281,0.5086212158203125,-0.03603513911366463,0.3665064573287964,0.4670674204826355,-0.04265259951353073,0.3589959740638733,0.4295886754989624,-0.047267209738492966,0.41935303807258606,0.5889384150505066,-0.03063415363430977,0.41143590211868286,0.536879301071167,-0.042164530605077744,0.4075203835964203,0.5033647418022156,-0.04584363102912903,0.4031226336956024,0.47271963953971863,-0.04800964146852493,open_palm,RRQ_p12,RRQ
0.6106218099594116,0.5887562036514282,2.3245767977186915e-07,0.5672904849052429,0.5619582533836365,-0.016578132286667824,0.5318059325218201,0.5103016495704651,-0.02258913405239582,0.5119982361793518,0.4620758295059204,-0.027857914566993713,0.5030404925346375,0.41820189356803894,-0.031391698867082596,0.5481135845184326,0.42840325832366943,0.00020801804203074425,0.531988799571991,0.3664346933364868,-0.010771015658974648,0.5238109230995178,0.32835862040519714,-0.0217401422560215,0.518201470375061,0.29568588733673096,-0.02963249757885933,0.5714211463928223,0.4187280535697937,-0.00023229877115227282,0.557269275188446,0.35326164960861206,-0.007841559126973152,0.5491732358932495,0.31377679109573364,-0.016254650428891182,0.5420555472373962,0.28053295612335205,-0.022178970277309418,0.5963164567947388,0.42081084847450256,-0.004367832560092211,0.5843527913093567,0.35855233669281006,-0.012007707729935646,0.576870858669281,0.32082024216651917,-0.016313966363668442,0.5694007277488708,0.28900834918022156,-0.01941826567053795,0.6237553358078003,0.43274152278900146,-0.010932737961411476,0.6219321489334106,0.38453343510627747,-0.016798391938209534,0.6199079751968384,0.3541243076324463,-0.01791805401444435,0.6176209449768066,0.327410489320755,-0.018385710194706917,open_palm,RRQ_p12,RRQ
0.5633367300033569,0.5873498320579529,3.47628542840539e-07,0.5974574685096741,0.5370962619781494,-0.004171417560428381,0.6131301522254944,0.48342427611351013,-0.010867313481867313,0.6255235075950623,0.43705958127975464,-0.016688533127307892,0.6451671719551086,0.4091823101043701,-0.02352527156472206,0.5661454796791077,0.4472026824951172,-0.023501776158809662,0.5549463033676147,0.3659222722053528,-0.031751081347465515,0.5472390651702881,0.32043182849884033,-0.03539567068219185,0.5401318669319153,0.28601688146591187,-0.03769562020897865,0.5378959774971008,0.4568870961666107,-0.026103634387254715,0.5230305194854736,0.3733399212360382,-0.03345005586743355,0.5120396614074707,0.3225616216659546,-0.0374438650906086,0.502978503704071,0.2867901921272278,-0.040664300322532654,0.5156028866767883,0.4722915291786194,-0.027452992275357246,0.5002471208572388,0.39626601338386536,-0.03310234844684601,0.49324333667755127,0.349013090133667,-0.038616497069597244,0.48807382583618164,0.31516385078430176,-0.04307650774717331,0.49887987971305847,0.49078458547592163,-0.02843325212597847,0.48284393548965454,0.433377742767334,-0.035252317786216736,0.47313278913497925,0.3996732831001282,-0.03894347697496414,0.4653335213661194,0.37258774042129517,-0.04098885506391525,open_palm,RRQ_p12,RRQ
0.5483582019805908,0.7331192493438721,2.852316356438678e-07,0.5889979600906372,0.6854075789451599,-0.028164559975266457,0.6002063155174255,0.5980262160301208,-0.0357382632791996,0.6028796434402466,0.5238771438598633,-0.04092638939619064,0.6098114252090454,0.4679524898529053,-0.04511137306690216,0.551510751247406,0.5091685652732849,-0.014835095964372158,0.5399336814880371,0.42545002698898315,-0.029141273349523544,0.5286327004432678,0.37450292706489563,-0.042324405163526535,0.5161421895027161,0.33095622062683105,-0.05224871635437012,0.5192159414291382,0.5136346220970154,-0.011961560696363449,0.5010809898376465,0.42642539739608765,-0.0234454944729805,0.48578038811683655,0.3720388412475586,-0.03514914587140083,0.4701910614967346,0.3269228935241699,-0.043967150151729584,0.4931267201900482,0.534163236618042,-0.013116384856402874,0.4754418134689331,0.4551312029361725,-0.024702349677681923,0.4650179147720337,0.4052974581718445,-0.032865010201931,0.45386162400245667,0.3625776767730713,-0.03874731808900833,0.4697093665599823,0.5680250525474548,-0.01755615323781967,0.45258045196533203,0.5073323845863342,-0.028749793767929077,0.44208499789237976,0.46806928515434265,-0.032855089753866196,0.4315018057823181,0.4314895272254944,-0.03529216721653938,open_palm,RRQ_p12,RRQ
0.5220260620117188,0.761603832244873,3.8599088725277397e-07,0.576560914516449,0.7707935571670532,-0.032318491488695145,0.6342965960502625,0.7318081259727478,-0.04269375279545784,0.6829144358634949,0.685552179813385,-0.04967828467488289,0.7250683307647705,0.6560103297233582,-0.05521324649453163,0.6559332609176636,0.6227520108222961,-0.017250243574380875,0.699988842010498,0.5573173761367798,-0.03294087201356888,0.7242385149002075,0.5147477984428406,-0.04674172028899193,0.7443069219589233,0.47633594274520874,-0.056572865694761276,0.6324921250343323,0.5923771262168884,-0.012180360034108162,0.6766887307167053,0.522159218788147,-0.024734728038311005,0.703627347946167,0.4754742383956909,-0.03654623404145241,0.7254517078399658,0.43449240922927856,-0.04490081965923309,0.6034075021743774,0.5783894062042236,-0.011640110053122044,0.6404412984848022,0.5106597542762756,-0.024414027109742165,0.6649839878082275,0.47077447175979614,-0.03238668292760849,0.6864407062530518,0.4360678493976593,-0.03749774023890495,0.5691318511962891,0.5755400657653809,-0.014652488753199577,0.5954092144966125,0.5208724141120911,-0.026463277637958527,0.6146696209907532,0.48775678873062134,-0.030537188053131104,0.6338106989860535,0.45743441581726074,-0.03246469050645828,open_palm,RRQ_p12,RRQ
0.46968674659729004,0.5808406472206116,-2.578262581209856e-07,0.5037538409233093,0.521525502204895,-0.0027951442170888186,0.5516226887702942,0.4760477840900421,-0.010258362628519535,0.5819243788719177,0.433022677898407,-0.018029307946562767,0.5834845900535583,0.3885515630245209,-0.024029234424233437,0.5857024192810059,0.5203130841255188,-0.015357599593698978,0.6351916193962097,0.5421413779258728,-0.021870063617825508,0.6140928268432617,0.5374323129653931,-0.023726653307676315,0.5925945043563843,0.530927300453186,-0.024446258321404457,0.581764817237854,0.5682761073112488,-0.0193859301507473,0.627997100353241,0.5796334743499756,-0.0202957671135664,0.6098321676254272,0.5712413787841797,-0.01623324304819107,0.5886513590812683,0.5677489042282104,-0.014942847192287445,0.5735157132148743,0.6099607348442078,-0.02283555641770363,0.6141133308410645,0.6125291585922241,-0.020252538844943047,0.5987674593925476,0.6052737832069397,-0.010842500254511833,0.5790682435035706,0.6032771468162537,-0.006900902837514877,0.564368724822998,0.644633948802948,-0.026551850140094757,0.598281741142273,0.639774739742279,-0.020914560183882713,0.5855669975280762,0.6325554847717285,-0.009831688366830349,0.5694751143455505,0.6331691145896912,-0.003337601665407419,thumbs_up,RRQ_p12,RRQ
0.5530993938446045,0.6275209784507751,-3.0501070114041795e-07,0.5961179137229919,0.5699424147605896,-0.002697363728657365,0.6539497971534729,0.5442241430282593,-0.008762471377849579,0.7033131122589111,0.5258630514144897,-0.014827476814389229,0.7324267625808716,0.4951600432395935,-0.018388675525784492,0.6848447918891907,0.5977182984352112,-0.0115067632868886,0.7319637537002563,0.625802218914032,-0.017386209219694138,0.7141528725624084,0.6178153157234192,-0.01937696896493435,0.6934489011764526,0.6083924174308777,-0.01989288255572319,0.6746525168418884,0.6448224186897278,-0.014737728051841259,0.7170013189315796,0.6636155247688293,-0.013103723526000977,0.7018858790397644,0.654130756855011,-0.009154843166470528,0.6821866631507874,0.6464822888374329,-0.008709846995770931,0.6594671607017517,0.6848694086074829,-0.01768661104142666,0.6954436898231506,0.6948795914649963,-0.014250995591282845,0.6823644638061523,0.6859220266342163,-0.004831062164157629,0.6641601920127869,0.679399847984314,-0.0014144238084554672,0.6438112258911133,0.7184047102928162,-0.020867163315415382,0.6760156154632568,0.7224347591400146,-0.015303323976695538,0.6646081805229187,0.7122722268104553,-0.004287565127015114,0.6489325761795044,0.7077255845069885,0.0023730609100311995,thumbs_up,RRQ_p12,RRQ
0.49832800030708313,0.7125823497772217,-1.7185537615205249e-07,0.4869493842124939,0.651850163936615,-0.009508615359663963,0.48959243297576904,0.5791375041007996,-0.024444496259093285,0.4918063282966614,0.5295535922050476,-0.03832786902785301,0.48864999413490295,0.4850541651248932,-0.04905420169234276,0.5144988298416138,0.5737490057945251,-0.04423980414867401,0.5870032906532288,0.5382844805717468,-0.06817746162414551,0.5754426717758179,0.5602361559867859,-0.07639078050851822,0.5510627627372742,0.5759071707725525,-0.07805968821048737,0.5292357802391052,0.6144866943359375,-0.04968699812889099,0.6014057993888855,0.5780202746391296,-0.06552870571613312,0.5840813517570496,0.5967684388160706,-0.06031892076134682,0.5577458739280701,0.610260009765625,-0.05683966353535652,0.5446421504020691,0.6543694734573364,-0.05529702454805374,0.6071401834487915,0.617638885974884,-0.06488505005836487,0.5885737538337708,0.634385347366333,-0.04898139089345932,0.5644572377204895,0.6470216512680054,-0.03917780518531799,0.5597456693649292,0.6911746263504028,-0.061682652682065964,0.6081447601318359,0.6548461318016052,-0.06470188498497009,0.5917263627052307,0.6690217852592468,-0.05098617449402809,0.5692402124404907,0.6826324462890625,-0.0417795404791832,thumbs_up,RRQ_p12,RRQ
0.4700617790222168,0.6929185390472412,-2.395645708475058e-07,0.46290794014930725,0.6335729956626892,-0.02111033722758293,0.42970553040504456,0.5700346231460571,-0.02901569753885269,0.4032985270023346,0.521122395992279,-0.0358039028942585,0.3844588100910187,0.4839927554130554,-0.039664819836616516,0.37714603543281555,0.5880144834518433,-0.007694539614021778,0.360877126455307,0.5909512639045715,-0.032840579748153687,0.3947695195674896,0.6070183515548706,-0.04667966067790985,0.41831377148628235,0.6147240996360779,-0.050585828721523285,0.3692943751811981,0.6278822422027588,-0.004465481732040644,0.35525989532470703,0.634537935256958,-0.03250785917043686,0.3972770571708679,0.6428260207176208,-0.039427898824214935,0.4231695532798767,0.644576370716095,-0.03609047830104828,0.36751025915145874,0.6644530296325684,-0.0059108673594892025,0.35471025109291077,0.6729053258895874,-0.03284129500389099,0.39450332522392273,0.6738000512123108,-0.030405139550566673,0.4189220666885376,0.6701538562774658,-0.02019738219678402,0.3702761232852936,0.6979881525039673,-0.009073576889932156,0.359170138835907,0.7019738554954529,-0.026279523968696594,0.388668954372406,0.7002440690994263,-0.024055620655417442,0.40842047333717346,0.6944208741188049,-0.016110019758343697,thumbs_up,RRQ_p12,RRQ
0.630048930644989,0.5501946210861206,-1.9411690743709187e-07,0.6473073959350586,0.4755653738975525,-0.00020289505482651293,0.68675297498703,0.4164883494377136,-0.004131427966058254,0.7146897912025452,0.36744147539138794,-0.008828428573906422,0.7178356647491455,0.32304543256759644,-0.01210429985076189,0.7475180625915527,0.44080910086631775,-0.0034354431554675102,0.7965539693832397,0.4563606083393097,-0.007461615838110447,0.7928965091705322,0.4627428948879242,-0.009790895506739616,0.7813013792037964,0.46627119183540344,-0.010780193842947483,0.7534142732620239,0.48543399572372437,-0.006197311915457249,0.7938752174377441,0.4888266921043396,-0.0032069890294224024,0.7804804444313049,0.48788395524024963,0.0008143257582560182,0.7610558867454529,0.4885879158973694,0.002066179644316435,0.7505616545677185,0.526208221912384,-0.008909821510314941,0.7821655869483948,0.5215693116188049,-0.002952585695311427,0.7690332531929016,0.5193449258804321,0.004864284303039312,0.7491775155067444,0.5181153416633606,0.007350386120378971,0.744342029094696,0.5606266260147095,-0.011950247921049595,0.7654173970222473,0.5502514243125916,-0.005222163163125515,0.753947377204895,0.5492685437202454,0.003582270350307226,0.7384681105613708,0.548128604888916,0.008928739465773106,thumbs_up,RRQ_p12,RRQ
0.4729865491390228,0.6486296653747559,-2.854240506167116e-07,0.45918431878089905,0.5906174182891846,-0.02334369719028473,0.40975892543792725,0.545414924621582,-0.031142733991146088,0.369807630777359,0.5180860161781311,-0.036870405077934265,0.3459223210811615,0.47893205285072327,-0.040080826729536057,0.3530593514442444,0.5781076550483704,-0.008559690788388252,0.35682690143585205,0.588877260684967,-0.033404022455215454,0.3918686509132385,0.5938854813575745,-0.04850674793124199,0.4152125418186188,0.5941991806030273,-0.05336228385567665,0.3486537039279938,0.6212509274482727,-0.0029085143469274044,0.3626598119735718,0.6348149180412292,-0.028379708528518677,0.4028340280056,0.6288509964942932,-0.03537147864699364,0.42682042717933655,0.6206098198890686,-0.03268055617809296,0.35371699929237366,0.6602486968040466,-0.002026673872023821,0.36601755023002625,0.6719307899475098,-0.02727678418159485,0.40384575724601746,0.6596789956092834,-0.026634283363819122,0.42627498507499695,0.6454687118530273,-0.0180071834474802,0.36389702558517456,0.6929386854171753,-0.0031772165093570948,0.36890751123428345,0.6998671293258667,-0.019811373203992844,0.398092120885849,0.687330424785614,-0.019458476454019547,0.4155724048614502,0.6722491979598999,-0.01271898951381445,thumbs_up,RRQ_p12,RRQ
0.6599887609481812,0.6298086643218994,-2.889887014134729e-07,0.6848927140235901,0.5749974250793457,-0.022462686523795128,0.677680253982544,0.49558740854263306,-0.031607165932655334,0.6687842011451721,0.43551602959632874,-0.03854922205209732,0.6699109673500061,0.3809035122394562,-0.04340522363781929,0.6161032319068909,0.4653599262237549,-0.019709648564457893,0.642920196056366,0.5048149824142456,-0.043291617184877396,0.6622352004051208,0.5370643138885498,-0.057958509773015976,0.6677602529525757,0.5441038608551025,-0.0651828870177269,0.5876644849777222,0.49324220418930054,-0.01632125861942768,0.6249862909317017,0.5471310615539551,-0.03416096419095993,0.6492422223091125,0.5698642730712891,-0.037576064467430115,0.6578755974769592,0.5679715275764465,-0.038299914449453354,0.5703185796737671,0.5294176936149597,-0.016847576946020126,0.6060153841972351,0.5794669985771179,-0.034990645945072174,0.6323328614234924,0.5961837768554688,-0.031084304675459862,0.6429086923599243,0.5910006761550903,-0.0255512073636055,0.5591638684272766,0.5666300058364868,-0.020124061033129692,0.5835802555084229,0.59824538230896,-0.03087143786251545,0.608181893825531,0.6111934185028076,-0.02765899896621704,0.6193788051605225,0.6085498332977295,-0.022252338007092476,thumbs_up,RRQ_p12,RRQ
0.4894776940345764,0.5398898720741272,-2.601933601908968e-07,0.4738689661026001,0.47842806577682495,-0.02243761718273163,0.42194461822509766,0.43953654170036316,-0.02929965779185295,0.3816668391227722,0.4169163703918457,-0.033819831907749176,0.35763871669769287,0.3802376985549927,-0.0361519530415535,0.3649576008319855,0.48083963990211487,-0.011740662157535553,0.3842242956161499,0.49444636702537537,-0.034298285841941833,0.4166147708892822,0.49553167819976807,-0.048384398221969604,0.4315720498561859,0.49211111664772034,-0.05381518602371216,0.3620924949645996,0.5237906575202942,-0.006255889777094126,0.39499643445014954,0.5379084944725037,-0.026644665747880936,0.4284389913082123,0.5244118571281433,-0.031902022659778595,0.44379356503486633,0.510610044002533,-0.030558401718735695,0.37054190039634705,0.5618869066238403,-0.005063903518021107,0.40187811851501465,0.572031557559967,-0.025933464989066124,0.4324440658092499,0.5519200563430786,-0.025863224640488625,0.44777485728263855,0.5344025492668152,-0.020041346549987793,0.3840956687927246,0.5927535891532898,-0.0061530498787760735,0.4045730233192444,0.5992264747619629,-0.020251581445336342,0.430065780878067,0.5809750556945801,-0.02100474387407303,0.4435063898563385,0.5631914138793945,-0.016425341367721558,thumbs_up,RRQ_p12,RRQ
0.7541791796684265,0.6821797490119934,-3.709294560394483e-08,0.7263475060462952,0.6157259941101074,0.0031271493062376976,0.6809495091438293,0.5716949105262756,0.0014301680494099855,0.6491325497627258,0.5308394432067871,-0.0020565043669193983,0.6413893103599548,0.4880705177783966,-0.004787722136825323,0.6381092071533203,0.6027038097381592,0.0004515367327257991,0.5909071564674377,0.5988342761993408,-0.002298190724104643,0.6073808073997498,0.5962409377098083,-0.005465250462293625,0.6278733611106873,0.5967563986778259,-0.006638859398663044,0.6359789371490479,0.6453970670700073,-0.0026249971706420183,0.5949618816375732,0.636005699634552,0.0006305541028268635,0.6102615594863892,0.6299611926078796,0.0018793053459376097,0.6281102299690247,0.6314710974693298,0.0014210212975740433,0.6395135521888733,0.6841442584991455,-0.005143446382135153,0.6061148643493652,0.6702513098716736,0.001380756963044405,0.6189839243888855,0.6636102199554443,0.007711675949394703,0.6357872486114502,0.6651413440704346,0.009595442563295364,0.6452276110649109,0.7160260677337646,-0.007813356816768646,0.6192488074302673,0.6986640691757202,0.0006185167585499585,0.6306018233299255,0.69223952293396,0.010560101829469204,0.6441565752029419,0.6923216581344604,0.016928905621170998,thumbs_up,RRQ_p12,RRQ
0.591022253036499,0.6090419292449951,-8.517861971313323e-08,0.550780713558197,0.5636031031608582,0.0031214600894600153,0.49930790066719055,0.5458967685699463,0.0020647074561566114,0.4568514823913574,0.5293290615081787,-0.00017856045451480895,0.43404391407966614,0.49977347254753113,-0.002526848576962948,0.4581890106201172,0.5960653424263,0.005480526015162468,0.4390992522239685,0.6225098371505737,0.008469421416521072,0.456063836812973,0.6183608174324036,0.0065925088711082935,0.47123798727989197,0.6083416938781738,0.00473755644634366,0.4678928256034851,0.6330952644348145,0.0036594399716705084,0.4563156068325043,0.6463777422904968,0.011950104497373104,0.471056193113327,0.6388344168663025,0.012094584293663502,0.48537617921829224,0.6296095848083496,0.009843418374657631,0.4842780828475952,0.6648845076560974,0.0028223993722349405,0.4738903045654297,0.6666817665100098,0.012317338027060032,0.48658132553100586,0.6599364876747131,0.015316031873226166,0.5012020468711853,0.6511210799217224,0.014241393655538559,0.5010314583778381,0.6899378299713135,0.0018551130779087543,0.4918122887611389,0.6866127252578735,0.010707298293709755,0.5044442415237427,0.6790579557418823,0.017233408987522125,0.5159894227981567,0.670684814453125,0.021421212702989578,thumbs_up,RRQ_p12,RRQ
0.7771657705307007,0.6050440073013306,-3.068024057029106e-08,0.7540248036384583,0.5349324941635132,0.0012970356037840247,0.7150020599365234,0.479135662317276,-0.004814615938812494,0.6923485398292542,0.42733943462371826,-0.01193628553301096,0.6935089230537415,0.3808208107948303,-0.019041765481233597,0.6742711067199707,0.508719801902771,-0.012783657759428024,0.6236549615859985,0.5082148909568787,-0.017996659502387047,0.6388452053070068,0.5091540217399597,-0.020931804552674294,0.65925532579422,0.5101730823516846,-0.021866794675588608,0.6696792840957642,0.5515822172164917,-0.016402114182710648,0.6254944801330566,0.5430965423583984,-0.016330838203430176,0.6419647932052612,0.5406301617622375,-0.014360673725605011,0.6613292098045349,0.5439078211784363,-0.01416467223316431,0.6698485612869263,0.5918007493019104,-0.018703164532780647,0.6309011578559875,0.5768716335296631,-0.015138075686991215,0.6460196375846863,0.5736245512962341,-0.0075974068604409695,0.6641630530357361,0.5774267911911011,-0.0045822798274457455,0.6726939678192139,0.6256555914878845,-0.020967809483408928,0.6425900459289551,0.6068043112754822,-0.01546670962125063,0.656724214553833,0.6034946441650391,-0.005257976241409779,0.6714872717857361,0.6066192984580994,0.0015195795567706227,thumbs_up,RRQ_p12,RRQ
0.7735328078269958,0.6310905814170837,-2.1012734663372612e-08,0.7501813769340515,0.5602450370788574,0.0008951892959885299,0.7132927179336548,0.5046811699867249,-0.004886271432042122,0.6907981038093567,0.45440664887428284,-0.012004949152469635,0.6908760070800781,0.40841925144195557,-0.018909117206931114,0.6710819602012634,0.5353439450263977,-0.009377863258123398,0.6200222969055176,0.5303359031677246,-0.016065465286374092,0.6331897974014282,0.5289486646652222,-0.020651210099458694,0.6523661613464355,0.5299872756004333,-0.022472761571407318,0.6654464602470398,0.5780053734779358,-0.013298099860548973,0.6205668449401855,0.5664730072021484,-0.014564188197255135,0.6374972462654114,0.5637467503547668,-0.013733365572988987,0.6569065451622009,0.5665351152420044,-0.013868390582501888,0.6653341054916382,0.6178120374679565,-0.01638161949813366,0.62824547290802,0.6005882024765015,-0.013885029591619968,0.6430674195289612,0.5973451137542725,-0.0064602503553032875,0.6606536507606506,0.600652277469635,-0.0029962973203510046,0.6679472327232361,0.6515264511108398,-0.01961885765194893,0.6370425224304199,0.6301234364509583,-0.014422810636460781,0.650246262550354,0.6255568861961365,-0.0037761195562779903,0.6648056507110596,0.627910852432251,0.003617123467847705,thumbs_up,RRQ_p12,RRQ
0.7204679250717163,0.692164957523346,-1.8145840385841439e-07,0.6946572065353394,0.6338895559310913,-0.01030758861452341,0.6780337691307068,0.567904531955719,-0.02443743497133255,0.6846829056739807,0.518672525882721,-0.036497462540864944,0.7030178904533386,0.4789351522922516,-0.048757269978523254,0.6998744606971741,0.5895481109619141,-0.05048144981265068,0.6251083612442017,0.5957316756248474,-0.07159411907196045,0.6388148665428162,0.6092722415924072,-0.07762881368398666,0.6611188054084778,0.6084797382354736,-0.07951424270868301,0.7018927931785583,0.633445680141449,-0.05469871684908867,0.6214861869812012,0.6362199783325195,-0.07274726033210754,0.6395372748374939,0.6410260200500488,-0.06903380900621414,0.6620314717292786,0.6418694853782654,-0.06818504631519318,0.6984215974807739,0.673474133014679,-0.0584549605846405,0.6259429454803467,0.6698610782623291,-0.07425019145011902,0.6422157287597656,0.6724622845649719,-0.06332819908857346,0.6638593673706055,0.6749404072761536,-0.05613752081990242,0.6911588311195374,0.7091981768608093,-0.06255897134542465,0.6341581344604492,0.7013012170791626,-0.07440795749425888,0.646737813949585,0.6998332142829895,-0.06868255138397217,0.6669684648513794,0.7008343935012817,-0.06411013752222061,thumbs_up,RRQ_p12,RRQ
0.6950616836547852,0.6925148963928223,-3.0195474209904205e-07,0.6731628775596619,0.648909866809845,-0.030371185392141342,0.6828014850616455,0.5899322628974915,-0.041277166455984116,0.7021353840827942,0.548027515411377,-0.045341331511735916,0.7194097638130188,0.5071922540664673,-0.04575707018375397,0.7268986701965332,0.6153386235237122,-0.04120248928666115,0.6720726490020752,0.647060215473175,-0.055804286152124405,0.6731539964675903,0.6449939012527466,-0.06229434907436371,0.6876733899116516,0.6371375918388367,-0.06721512228250504,0.7468458414077759,0.6594045162200928,-0.031969163566827774,0.6663249731063843,0.6947681307792664,-0.03971207141876221,0.6824210286140442,0.6795077323913574,-0.03602509945631027,0.7011154294013977,0.6666874885559082,-0.03505413606762886,0.7498711347579956,0.7019530534744263,-0.024826785549521446,0.6758648753166199,0.7268021702766418,-0.03906576335430145,0.685638427734375,0.7141821384429932,-0.02649107202887535,0.7049612402915955,0.704001784324646,-0.015338058583438396,0.7451174259185791,0.7405868172645569,-0.021071184426546097,0.6900296211242676,0.7535167336463928,-0.03995878994464874,0.6967601776123047,0.7452269792556763,-0.038578182458877563,0.7142345309257507,0.7380532622337341,-0.03292005881667137,thumbs_up,RRQ_p12,RRQ
0.6994345188140869,0.6705009341239929,-2.981180102779035e-07,0.6738619208335876,0.6073532104492188,-0.011461838148534298,0.6460227370262146,0.5452219843864441,-0.02330855280160904,0.6274296045303345,0.4942196011543274,-0.03361159935593605,0.6223430037498474,0.4479203224182129,-0.04414284601807594,0.6882082223892212,0.5704284906387329,-0.0376724973320961,0.6186755299568176,0.5759412050247192,-0.0583239383995533,0.6300671696662903,0.5910124182701111,-0.06660965830087662,0.649915874004364,0.5875500440597534,-0.07053182274103165,0.6915839910507202,0.6173555850982666,-0.041823431849479675,0.6141741275787354,0.614029586315155,-0.05884431302547455,0.6297217607498169,0.6219502687454224,-0.05689128115773201,0.6520717144012451,0.6206907629966736,-0.0574980303645134,0.6874538660049438,0.6567399501800537,-0.04658026993274689,0.6169490814208984,0.6495987176895142,-0.06339176744222641,0.6307224035263062,0.6551090478897095,-0.05330997705459595,0.6527540683746338,0.6525081992149353,-0.04672101140022278,0.6797782778739929,0.6899872422218323,-0.05194613337516785,0.6234142780303955,0.6834222674369812,-0.06347166746854782,0.6360344290733337,0.6856175661087036,-0.057029206305742264,0.6579258441925049,0.6860244870185852,-0.05232004448771477,thumbs_up,RRQ_p12,RRQ
0.4654785692691803,0.6900474429130554,3.717548224813072e-07,0.48709872364997864,0.6506717801094055,-0.02977433055639267,0.484243243932724,0.587805449962616,-0.04033349081873894,0.45516732335090637,0.5381710529327393,-0.04897897318005562,0.4240766763687134,0.5040420889854431,-0.05508323386311531,0.4878902733325958,0.5039136409759521,-0.01421405654400587,0.48648524284362793,0.42490658164024353,-0.029770629480481148,0.48251619935035706,0.37663379311561584,-0.04075591266155243,0.4760644733905792,0.33699291944503784,-0.04756841063499451,0.4601443111896515,0.5058997273445129,-0.011005301028490067,0.4469219148159027,0.42598220705986023,-0.02971012331545353,0.4354817569255829,0.37885814905166626,-0.04256917163729668,0.4247708320617676,0.338506817817688,-0.04831180348992348,0.4373377859592438,0.526568591594696,-0.01150109525769949,0.4177930951118469,0.48683691024780273,-0.040811680257320404,0.42945027351379395,0.5244311094284058,-0.04739858955144882,0.4396893084049225,0.5535735487937927,-0.04238630086183548,0.4199572205543518,0.5566176176071167,-0.014270424842834473,0.40745604038238525,0.5234665274620056,-0.03771249204874039,0.4187755584716797,0.5488555431365967,-0.038660675287246704,0.43003565073013306,0.573191225528717,-0.03294544294476509,peace_sign,RRQ_p12,RRQ
0.5428227186203003,0.6448030471801758,4.052030533330253e-07,0.5835416913032532,0.6216710805892944,-0.020740294829010963,0.6094602346420288,0.5587041974067688,-0.02718469128012657,0.6020858883857727,0.49666282534599304,-0.034137316048145294,0.5840370059013367,0.4508419334888458,-0.03939647600054741,0.6313406825065613,0.4904819428920746,-0.006112326867878437,0.662476658821106,0.4256139397621155,-0.020594147965312004,0.6807628870010376,0.3843076229095459,-0.03011731058359146,0.6935080885887146,0.3486676812171936,-0.035572733730077744,0.6039170026779175,0.4785696864128113,-0.008524259552359581,0.6229466795921326,0.3958823084831238,-0.027022935450077057,0.6348278522491455,0.3492600917816162,-0.0379013828933239,0.6431345343589783,0.31142258644104004,-0.04155617207288742,0.5728591680526733,0.4849594235420227,-0.014031664468348026,0.5792353749275208,0.44199103116989136,-0.04470083862543106,0.5770735740661621,0.4928736686706543,-0.04691850766539574,0.5726312398910522,0.5275208353996277,-0.03788773715496063,0.5421028733253479,0.5024596452713013,-0.02103566564619541,0.5526747107505798,0.4705638289451599,-0.045180656015872955,0.5548369884490967,0.5095412135124207,-0.04175718128681183,0.5522722005844116,0.539629340171814,-0.03222323954105377,peace_sign,RRQ_p12,RRQ
0.42890384793281555,0.6483796834945679,3.116079199116939e-07,0.43377622961997986,0.5995470881462097,-0.03656338155269623,0.41166186332702637,0.5393067002296448,-0.04576157033443451,0.37027958035469055,0.5052466988563538,-0.05110284313559532,0.33266738057136536,0.48389479517936707,-0.053631119430065155,0.4038243293762207,0.4542391896247864,-0.013198391534388065,0.3799994885921478,0.3822512924671173,-0.02834312990307808,0.3617701828479767,0.3373696506023407,-0.03874906525015831,0.34368157386779785,0.30188262462615967,-0.04484404996037483,0.37870335578918457,0.4706372022628784,-0.005844223313033581,0.33666378259658813,0.40747779607772827,-0.025784451514482498,0.30808889865875244,0.372922420501709,-0.039146874099969864,0.2831078767776489,0.3468981981277466,-0.04319579154253006,0.3643607795238495,0.5023955702781677,-0.0033596635330468416,0.3316064774990082,0.4914098381996155,-0.0378696583211422,0.3548737168312073,0.5256034731864929,-0.04874541610479355,0.3737706243991852,0.546373724937439,-0.04369724914431572,0.36002039909362793,0.5358495712280273,-0.0033550914376974106,0.33785292506217957,0.5251791477203369,-0.0325549878180027,0.3558865487575531,0.5504594445228577,-0.03774069994688034,0.3734474778175354,0.5661793351173401,-0.03300619125366211,peace_sign,RRQ_p12,RRQ
0.5021855235099792,0.7501582503318787,5.865408638783265e-07,0.4913109838962555,0.6829800605773926,-0.006926469970494509,0.5191126465797424,0.6164593696594238,-0.02067704126238823,0.563928484916687,0.5770472288131714,-0.03260987997055054,0.5988684296607971,0.5515955686569214,-0.0433775819838047,0.49899792671203613,0.6048909425735474,-0.05100800469517708,0.5297412872314453,0.5082536935806274,-0.0699114054441452,0.5508632063865662,0.4564663767814636,-0.074196457862854,0.5683888792991638,0.4184296131134033,-0.07415982335805893,0.5254842638969421,0.6368404626846313,-0.05721265822649002,0.5756321549415588,0.5353868007659912,-0.07758232206106186,0.6065149903297424,0.4894331097602844,-0.07829739153385162,0.631102979183197,0.4583691358566284,-0.07599908858537674,0.5521771311759949,0.6692711114883423,-0.06051173806190491,0.5874043107032776,0.5830220580101013,-0.07878132909536362,0.5737692713737488,0.5973125696182251,-0.06560663133859634,0.560489296913147,0.6180973649024963,-0.05091698095202446,0.5762200355529785,0.6989719867706299,-0.06362029910087585,0.5992429852485657,0.6285733580589294,-0.06828423589468002,0.5848156213760376,0.6393727660179138,-0.05067184939980507,0.5733473300933838,0.6607223153114319,-0.0350324884057045,peace_sign,RRQ_p12,RRQ
0.4629500210285187,0.7224236726760864,6.712130584674014e-07,0.42791152000427246,0.6685144305229187,0.002807070966809988,0.4133667051792145,0.6024059057235718,-0.010832415893673897,0.42546507716178894,0.5438103675842285,-0.027532340958714485,0.43752408027648926,0.5022751092910767,-0.0441921167075634,0.367761492729187,0.6044383645057678,-0.030557740479707718,0.36237633228302,0.5116055607795715,-0.05009918659925461,0.36113256216049194,0.45782968401908875,-0.061787642538547516,0.35838499665260315,0.4155779182910919,-0.06949262320995331,0.3925442099571228,0.6184766292572021,-0.04558379575610161,0.4015178680419922,0.506669819355011,-0.06533312797546387,0.41240301728248596,0.4455782175064087,-0.0719582661986351,0.41768932342529297,0.4005538523197174,-0.07736922800540924,0.42414239048957825,0.6293416619300842,-0.05861300230026245,0.4385443925857544,0.5341379046440125,-0.07327042520046234,0.4456740617752075,0.556647777557373,-0.06349670886993408,0.44249600172042847,0.5871968269348145,-0.05581948161125183,0.4575153887271881,0.6362537741661072,-0.07190290838479996,0.46348273754119873,0.5626482367515564,-0.07710060477256775,0.46663010120391846,0.5813753604888916,-0.0640803799033165,0.46354931592941284,0.6088557839393616,-0.05428159981966019,peace_sign,RRQ_p12,RRQ
0.5095040798187256,0.6580681800842285,5.65278696740279e-07,0.5053457021713257,0.5835770964622498,-0.00019735301611945033,0.5388383865356445,0.5223792791366577,-0.01008631195873022,0.5844308137893677,0.4945391118526459,-0.020204702392220497,0.6196728944778442,0.47876593470573425,-0.029339870437979698,0.5276333093643188,0.4901852607727051,-0.032895684242248535,0.5678485035896301,0.40902042388916016,-0.04724081978201866,0.5930432081222534,0.36379536986351013,-0.05244433507323265,0.6136050224304199,0.3299694359302521,-0.05456911399960518,0.5501079559326172,0.5221805572509766,-0.04100990295410156,0.60951167345047,0.44929349422454834,-0.05476503446698189,0.6460648775100708,0.41394007205963135,-0.0571293868124485,0.6747512221336365,0.3888590931892395,-0.058308303356170654,0.5712286829948425,0.5577296614646912,-0.04653651639819145,0.6131276488304138,0.49519574642181396,-0.056269481778144836,0.5983228087425232,0.5064566135406494,-0.04469091072678566,0.5822994709014893,0.5216923356056213,-0.034430671483278275,0.5901992321014404,0.5927076935768127,-0.052086569368839264,0.6172420382499695,0.5382604002952576,-0.051720600575208664,0.6030450463294983,0.5477434396743774,-0.03574216738343239,0.5899829864501953,0.5646806955337524,-0.022933490574359894,peace_sign,RRQ_p12,RRQ
0.7913060784339905,0.681016206741333,4.2265554611731204e-07,0.7941199541091919,0.6009572744369507,-0.004412682261317968,0.7608653903007507,0.5438352227210999,-0.012389912270009518,0.7190728783607483,0.529928982257843,-0.019697029143571854,0.6887748837471008,0.5406785011291504,-0.027135800570249557,0.7537885904312134,0.532157301902771,-0.031164320185780525,0.708581268787384,0.45547547936439514,-0.04593350365757942,0.6820111274719238,0.4135371446609497,-0.0528298057615757,0.6600970029830933,0.3823578953742981,-0.05569310486316681,0.7243837714195251,0.5665547847747803,-0.034043096005916595,0.6644699573516846,0.5021352767944336,-0.048716746270656586,0.626839816570282,0.4654681086540222,-0.053864363580942154,0.5955986380577087,0.4429778754711151,-0.056197963654994965,0.7006006240844727,0.5982855558395386,-0.0347563736140728,0.6555850505828857,0.5379520654678345,-0.045268040150403976,0.6710358262062073,0.5243412256240845,-0.0420103557407856,0.6870557069778442,0.5289530754089355,-0.03640001639723778,0.6836209893226624,0.6213657259941101,-0.03548490256071091,0.6576652526855469,0.5645639896392822,-0.0391562283039093,0.6708244681358337,0.5520659685134888,-0.03202196583151817,0.6843001246452332,0.5559847950935364,-0.024448296055197716,peace_sign,RRQ_p12,RRQ
0.7639381885528564,0.6905971169471741,3.890083632995811e-07,0.7247012853622437,0.666799783706665,-0.017489856109023094,0.7021098136901855,0.6162755489349365,-0.026654187589883804,0.709843635559082,0.5655434727668762,-0.03751450777053833,0.71809321641922,0.5286772847175598,-0.04714134708046913,0.6863061189651489,0.5224965214729309,-0.009212031960487366,0.6565350294113159,0.45825642347335815,-0.024407820776104927,0.6391668915748596,0.4158390164375305,-0.03509686142206192,0.6260239481925964,0.3794430196285248,-0.04217201843857765,0.7154109477996826,0.5073381662368774,-0.014546915888786316,0.7012791037559509,0.4266877770423889,-0.030929507687687874,0.6920256614685059,0.377231240272522,-0.04276946932077408,0.6871600151062012,0.33937108516693115,-0.04912712424993515,0.7446658611297607,0.5154225826263428,-0.022657101973891258,0.7404913306236267,0.4603223204612732,-0.04710685834288597,0.7401777505874634,0.5021694302558899,-0.05005868896842003,0.7427273392677307,0.5384364724159241,-0.04517696425318718,0.773304283618927,0.5389811396598816,-0.032396309077739716,0.7694190740585327,0.5028505325317383,-0.05118187889456749,0.7663520574569702,0.5342673659324646,-0.04895888268947601,0.7671084403991699,0.5652812123298645,-0.042633458971977234,peace_sign,RRQ_p12,RRQ
0.572063148021698,0.7156802415847778,4.32983739528936e-07,0.527748703956604,0.7200543880462646,-0.016725167632102966,0.4923771917819977,0.6845245957374573,-0.027231210842728615,0.4878968894481659,0.6345272064208984,-0.03955485299229622,0.4880222678184509,0.5939965844154358,-0.051213961094617844,0.4667517840862274,0.5968910455703735,-0.012671642936766148,0.4306471347808838,0.5408516526222229,-0.029479902237653732,0.4094404876232147,0.5035750269889832,-0.04035523533821106,0.39275676012039185,0.46981313824653625,-0.04744601622223854,0.4900653660297394,0.5771050453186035,-0.018760468810796738,0.46242889761924744,0.5064622163772583,-0.03757329285144806,0.44558367133140564,0.462097704410553,-0.049475252628326416,0.43419861793518066,0.42398887872695923,-0.055768974125385284,0.5168356895446777,0.577202320098877,-0.02736075408756733,0.4998978078365326,0.5306771993637085,-0.05564267560839653,0.5057907104492188,0.5822824835777283,-0.0584641695022583,0.5145019888877869,0.621727705001831,-0.0527692474424839,0.544490396976471,0.5912015438079834,-0.03721768409013748,0.5295783281326294,0.5688389539718628,-0.06047927960753441,0.5310959219932556,0.6076297760009766,-0.05984438955783844,0.5356734991073608,0.6392144560813904,-0.05406505987048149,peace_sign,RRQ_p12,RRQ
0.6330051422119141,0.7062755823135376,5.695765707969258e-07,0.6032836437225342,0.6721736788749695,-0.01979476772248745,0.5957726836204529,0.6222991943359375,-0.034058600664138794,0.620040774345398,0.5929741263389587,-0.04911097511649132,0.6479986906051636,0.574701189994812,-0.06359673291444778,0.6244005560874939,0.5302560925483704,-0.023558299988508224,0.6393306255340576,0.45880386233329773,-0.04238106682896614,0.652776300907135,0.41552239656448364,-0.05511580407619476,0.6661099195480347,0.37855231761932373,-0.06454894691705704,0.6523827910423279,0.5419812798500061,-0.029028885066509247,0.6838666200637817,0.4746254086494446,-0.05055610090494156,0.7097695469856262,0.4386231005191803,-0.06328987330198288,0.7314971089363098,0.4099709391593933,-0.0709337517619133,0.6712971925735474,0.5700289607048035,-0.03650381788611412,0.690899670124054,0.5263212323188782,-0.06534010171890259,0.6692906022071838,0.5665913820266724,-0.06852086633443832,0.6522836685180664,0.5996295809745789,-0.06456539779901505,0.6833646297454834,0.6079825162887573,-0.04548685997724533,0.687682569026947,0.5900088548660278,-0.07093484699726105,0.6672835946083069,0.6198402643203735,-0.07225143164396286,0.6508545875549316,0.6450532078742981,-0.06852082908153534,peace_sign,RRQ_p12,RRQ
0.6276105046272278,0.7265480756759644,4.176467598426825e-07,0.5852625370025635,0.7261622548103333,-0.017383672297000885,0.5517116189002991,0.6881657838821411,-0.028086209669709206,0.5517304539680481,0.6371700763702393,-0.04027528315782547,0.5587734580039978,0.5955055952072144,-0.0518256276845932,0.528792679309845,0.5998212099075317,-0.015297592617571354,0.4938584864139557,0.5429944396018982,-0.03166627883911133,0.4723605513572693,0.5057735443115234,-0.04241371899843216,0.45591607689857483,0.47317320108413696,-0.04978933930397034,0.5529690384864807,0.5797668099403381,-0.02103515714406967,0.5288321375846863,0.5065028667449951,-0.03837263584136963,0.5125241279602051,0.4620018005371094,-0.0498211532831192,0.5024615526199341,0.4259965717792511,-0.056616026908159256,0.5803005695343018,0.5817412734031677,-0.02921047993004322,0.5669140815734863,0.5289022922515869,-0.05478129908442497,0.5695034861564636,0.5741702914237976,-0.05849895253777504,0.5757920742034912,0.6106414794921875,-0.05495292693376541,0.6078702807426453,0.5992279648780823,-0.03879960998892784,0.5973153710365295,0.5703995227813721,-0.06077934801578522,0.5961452126502991,0.6065399646759033,-0.06126511096954346,0.5987315773963928,0.6389855742454529,-0.057193782180547714,peace_sign,RRQ_p12,RRQ
0.5809952616691589,0.6847364902496338,5.087765089228924e-07,0.5696097016334534,0.6100005507469177,-0.0030024901498109102,0.5311338901519775,0.5656713247299194,-0.008848368190228939,0.48940280079841614,0.5696278810501099,-0.01325951050966978,0.4613254964351654,0.5871707201004028,-0.017354819923639297,0.5137385725975037,0.5647358894348145,-0.027434689924120903,0.47155678272247314,0.49037420749664307,-0.03893077373504639,0.44885069131851196,0.4540039300918579,-0.04223533347249031,0.4293202757835388,0.42765867710113525,-0.0424400195479393,0.48856645822525024,0.6025993824005127,-0.02864912524819374,0.4291400611400604,0.542052149772644,-0.03829976171255112,0.39831632375717163,0.5125616788864136,-0.038618624210357666,0.3733140826225281,0.49763351678848267,-0.037275493144989014,0.47303783893585205,0.6378564238548279,-0.027604712173342705,0.4316081702709198,0.5808082818984985,-0.03498053178191185,0.4506250023841858,0.5741744041442871,-0.028918707743287086,0.4681447446346283,0.585858166217804,-0.021589452400803566,0.4670802652835846,0.6633666157722473,-0.026393258944153786,0.4539355933666229,0.6184925436973572,-0.028598666191101074,0.46951398253440857,0.6123653650283813,-0.021181510761380196,0.48182347416877747,0.6220845580101013,-0.013273295946419239,peace_sign,RRQ_p12,RRQ
0.42216232419013977,0.7012797594070435,5.726847689402348e-07,0.4262571930885315,0.6330468058586121,-0.0074159204959869385,0.4706447422504425,0.5839999914169312,-0.020801568403840065,0.5221624374389648,0.570639967918396,-0.03197671100497246,0.5592808127403259,0.5652220845222473,-0.04214492440223694,0.46210500597953796,0.565395712852478,-0.04980139806866646,0.5147385001182556,0.49138230085372925,-0.06655014306306839,0.5467973947525024,0.45294883847236633,-0.07093104720115662,0.5731285214424133,0.4250175356864929,-0.07214673608541489,0.4809347689151764,0.6072638630867004,-0.054646991193294525,0.5527235865592957,0.5458210706710815,-0.07084009051322937,0.5947160720825195,0.5191813111305237,-0.07201294600963593,0.6279488205909729,0.5034523010253906,-0.07203972339630127,0.4970558285713196,0.6486393213272095,-0.056572575122117996,0.5498961806297302,0.5894750952720642,-0.06988188624382019,0.5312743186950684,0.5927891731262207,-0.05743560940027237,0.5117387771606445,0.6056548357009888,-0.04557708650827408,0.5104275941848755,0.6842218041419983,-0.05862744525074959,0.5459532141685486,0.6314345002174377,-0.06269443780183792,0.5304645895957947,0.6330652236938477,-0.04762543365359306,0.5158746838569641,0.647063672542572,-0.03479505702853203,peace_sign,RRQ_p12,RRQ
0.43187448382377625,0.72706139087677,7.298634727703757e-07,0.39097291231155396,0.6769213676452637,0.0011139718117192388,0.3768496811389923,0.6076698303222656,-0.015751661732792854,0.39490142464637756,0.5444833040237427,-0.0339500792324543,0.41387122869491577,0.5004923939704895,-0.05212683975696564,0.33711105585098267,0.6011907458305359,-0.047495048493146896,0.3356483280658722,0.5005317330360413,-0.06990405172109604,0.3373653292655945,0.4442538619041443,-0.08328916877508163,0.3392166495323181,0.4006199240684509,-0.09210135042667389,0.36483925580978394,0.6197587847709656,-0.06082037463784218,0.38259807229042053,0.5029695630073547,-0.08381674438714981,0.3966943025588989,0.44079363346099854,-0.08937783539295197,0.40642714500427246,0.39497947692871094,-0.09473410248756409,0.3979509770870209,0.633069634437561,-0.07092700898647308,0.41525185108184814,0.5345771312713623,-0.08367536962032318,0.4187280833721161,0.5550803542137146,-0.06911132484674454,0.41536590456962585,0.5858085751533508,-0.05970980226993561,0.43068361282348633,0.6426535248756409,-0.08166392147541046,0.4375126361846924,0.5617583394050598,-0.08427051454782486,0.43720394372940063,0.5782120227813721,-0.06772948801517487,0.4330717921257019,0.6070255041122437,-0.0561053492128849,peace_sign,RRQ_p12,RRQ
