x0,y0,z0,x1,y1,z1,x2,y2,z2,x3,y3,z3,x4,y4,z4,x5,y5,z5,x6,y6,z6,x7,y7,z7,x8,y8,z8,x9,y9,z9,x10,y10,z10,x11,y11,z11,x12,y12,z12,x13,y13,z13,x14,y14,z14,x15,y15,z15,x16,y16,z16,x17,y17,z17,x18,y18,z18,x19,y19,z19,x20,y20,z20,label,person_id,collector
0.8162490725517273,0.7707068920135498,-2.181425600156217e-07,0.7419971823692322,0.7328996658325195,-0.022474471479654312,0.6699338555335999,0.6494172811508179,-0.041485436260700226,0.6324883103370667,0.5737971663475037,-0.06566514819860458,0.6579959392547607,0.5160873532295227,-0.08737502992153168,0.6849355101585388,0.5056455135345459,-0.0013714652741327882,0.6480296850204468,0.41626930236816406,-0.0364927314221859,0.6233283281326294,0.359681099653244,-0.048878129571676254,0.6133099794387817,0.304485559463501,-0.05621424317359924,0.7357339262962341,0.4865034222602844,-0.012416167184710503,0.6845734715461731,0.45381975173950195,-0.059644915163517,0.6927501559257507,0.5597108602523804,-0.052405305206775665,0.7163577079772949,0.5697100758552551,-0.031799908727407455,0.7890480756759644,0.49019238352775574,-0.03133229538798332,0.7384635210037231,0.5028871297836304,-0.0766928419470787,0.7445663213729858,0.5966005921363831,-0.04925357177853584,0.7685223817825317,0.5938174724578857,-0.017598584294319153,0.8403624296188354,0.5142829418182373,-0.054249249398708344,0.7893252968788147,0.5416027307510376,-0.07394400238990784,0.7875398397445679,0.6069395542144775,-0.05315385386347771,0.8084021210670471,0.6045109033584595,-0.031696755439043045,point,RRQ_p19,RRQ
0.8196293115615845,0.7621630430221558,-9.347591856112558e-08,0.7579153776168823,0.7041089534759521,-0.025136496871709824,0.7149471640586853,0.592568576335907,-0.046148691326379776,0.7106595039367676,0.4940983057022095,-0.0725218877196312,0.7514981031417847,0.4597989022731781,-0.09701867401599884,0.7567402124404907,0.45992809534072876,-0.007021017838269472,0.7598380446434021,0.3496861755847931,-0.04552518203854561,0.7627719044685364,0.28291988372802734,-0.05998649820685387,0.7813420295715332,0.225714772939682,-0.06756488233804703,0.81065434217453,0.47229164838790894,-0.01890435814857483,0.7950382828712463,0.4004109799861908,-0.07197429239749908,0.7650666832923889,0.5056076645851135,-0.06584138423204422,0.7740979194641113,0.5340469479560852,-0.04321476072072983,0.8607487678527832,0.5046566724777222,-0.03874485194683075,0.8319053053855896,0.4784967601299286,-0.08828230202198029,0.8020131587982178,0.5725165605545044,-0.06155098229646683,0.8178285956382751,0.5855200886726379,-0.027572426944971085,0.9051162004470825,0.5523069500923157,-0.0625806674361229,0.8694082498550415,0.5385183691978455,-0.08224079012870789,0.8422690033912659,0.5966746211051941,-0.059848979115486145,0.8559106588363647,0.605129063129425,-0.036197539418935776,point,RRQ_p19,RRQ
0.5172929167747498,0.8360327482223511,-3.0046459187360597e-07,0.41880741715431213,0.7908554077148438,-0.01559409685432911,0.35655954480171204,0.7218192219734192,-0.037239380180835724,0.31403064727783203,0.667961835861206,-0.06400172412395477,0.3083011507987976,0.6130865216255188,-0.08859339356422424,0.4060252606868744,0.544879674911499,-0.009171227924525738,0.36317703127861023,0.44821101427078247,-0.043795861303806305,0.3278120756149292,0.3889240324497223,-0.06106087565422058,0.30058711767196655,0.33657053112983704,-0.07422780245542526,0.451347678899765,0.5376404523849487,-0.02507772669196129,0.34972625970840454,0.5328053832054138,-0.0741017684340477,0.3517095446586609,0.6279198527336121,-0.07465488463640213,0.3811874985694885,0.654784619808197,-0.06334733963012695,0.4854995906352997,0.5599029660224915,-0.046468231827020645,0.38400009274482727,0.6083434820175171,-0.0887928158044815,0.39501458406448364,0.6866841316223145,-0.06566024571657181,0.4267786741256714,0.6912137269973755,-0.04110514372587204,0.5056003332138062,0.6055870652198792,-0.07158006727695465,0.4232540726661682,0.6637022495269775,-0.09483233094215393,0.42893731594085693,0.7204309701919556,-0.07969330996274948,0.4570348560810089,0.7206221222877502,-0.06297922879457474,point,RRQ_p19,RRQ
0.6682366132736206,0.7230868339538574,-1.2625945089439483e-07,0.6188393235206604,0.6657399535179138,-0.0321529284119606,0.5827417373657227,0.5641433596611023,-0.05911159887909889,0.567263126373291,0.4792864918708801,-0.08922730386257172,0.5949122905731201,0.41760528087615967,-0.11675046384334564,0.6501740217208862,0.4261806309223175,-0.020927878096699715,0.6682671308517456,0.3097398579120636,-0.06432881206274033,0.680250883102417,0.2358485907316208,-0.0840047150850296,0.7003976106643677,0.18240514397621155,-0.09544268250465393,0.6992641091346741,0.44727736711502075,-0.030734341591596603,0.6726462244987488,0.3698268234729767,-0.09597921371459961,0.630291759967804,0.466178834438324,-0.09971705824136734,0.6274864673614502,0.5120307207107544,-0.08187743276357651,0.7414710521697998,0.4870907664299011,-0.047824926674366,0.6931836009025574,0.46505457162857056,-0.10650020092725754,0.6612020134925842,0.5527129173278809,-0.08404357731342316,0.6722383499145508,0.5768271684646606,-0.051051296293735504,0.7744000554084778,0.5409477353096008,-0.06901436299085617,0.7210209965705872,0.5302565097808838,-0.09974860399961472,0.6925278306007385,0.587594211101532,-0.08208319544792175,0.7033727169036865,0.6022262573242188,-0.05916363373398781,point,RRQ_p19,RRQ
0.7019105553627014,0.7501941919326782,-4.704718037373823e-07,0.6299744844436646,0.7298845052719116,-0.030295422300696373,0.5622235536575317,0.6897743940353394,-0.05805111676454544,0.5169121623039246,0.6588128209114075,-0.08612498641014099,0.5187776684761047,0.6098411083221436,-0.1115131825208664,0.5785824060440063,0.4863842725753784,-0.023356251418590546,0.5218443870544434,0.46443188190460205,-0.06616900861263275,0.47830039262771606,0.44609951972961426,-0.09359867870807648,0.442263126373291,0.43060165643692017,-0.11148384213447571,0.6291857361793518,0.46383583545684814,-0.03160138055682182,0.5604129433631897,0.505510687828064,-0.07729630917310715,0.5702608823776245,0.6057504415512085,-0.08290611207485199,0.5911164879798889,0.6303919553756714,-0.07586117088794708,0.6813151240348816,0.47910797595977783,-0.046568743884563446,0.6155515313148499,0.5638737678527832,-0.08663567900657654,0.6236662864685059,0.6459012031555176,-0.06862003356218338,0.6428547501564026,0.6494642496109009,-0.04726027697324753,0.7271468043327332,0.522547721862793,-0.06632402539253235,0.6696396470069885,0.6057094931602478,-0.08977413922548294,0.6691635847091675,0.6654488444328308,-0.07638049870729446,0.6851412653923035,0.6654092073440552,-0.05996550992131233,point,RRQ_p19,RRQ
0.7350467443466187,0.7204853296279907,-4.809328491006681e-09,0.6890442371368408,0.6530468463897705,-0.04982924461364746,0.666946530342102,0.5453294515609741,-0.08569878339767456,0.6797369122505188,0.4535547196865082,-0.12130352109670639,0.727645218372345,0.3942694067955017,-0.15300165116786957,0.7275652289390564,0.3984185457229614,-0.04240906611084938,0.7612619400024414,0.28434500098228455,-0.09475524723529816,0.7881520390510559,0.21336594223976135,-0.1192902997136116,0.8225066661834717,0.15870755910873413,-0.1329583078622818,0.7838161587715149,0.43647056818008423,-0.04542754590511322,0.8009700179100037,0.36086490750312805,-0.11247129738330841,0.75230872631073,0.4669041931629181,-0.11087345331907272,0.7446013689041138,0.5022396445274353,-0.0902794823050499,0.832679033279419,0.49139204621315,-0.05771264806389809,0.8339376449584961,0.4570772647857666,-0.11997882276773453,0.7818339467048645,0.5434522032737732,-0.09213830530643463,0.7762786149978638,0.5581005215644836,-0.05559109151363373,0.8726781010627747,0.5588580369949341,-0.0756397545337677,0.8700902462005615,0.5278204083442688,-0.10870963335037231,0.8246949911117554,0.5784479975700378,-0.08694131672382355,0.8131869435310364,0.5886517763137817,-0.061141237616539,point,RRQ_p19,RRQ
0.694279134273529,0.7401899099349976,-2.4322193326042907e-07,0.6302192211151123,0.675308108329773,-0.02077661268413067,0.5725976824760437,0.5554360747337341,-0.04242563992738724,0.5543699264526367,0.4493893086910248,-0.07094261050224304,0.5841686725616455,0.375806987285614,-0.09811589121818542,0.6060889363288879,0.42435652017593384,0.0029143632855266333,0.5753457546234131,0.31301528215408325,-0.03408273681998253,0.5487411618232727,0.24098017811775208,-0.04619019478559494,0.5386573672294617,0.1756402552127838,-0.05312482640147209,0.6627128720283508,0.41768375039100647,-0.01250754576176405,0.6171746850013733,0.3365052342414856,-0.06671194732189178,0.604245662689209,0.45636796951293945,-0.06019507348537445,0.6258622407913208,0.4869365394115448,-0.03579239547252655,0.7179189920425415,0.43456321954727173,-0.03591020777821541,0.6590613126754761,0.410893976688385,-0.08871139585971832,0.6484057307243347,0.52113938331604,-0.06083938479423523,0.6769590973854065,0.5329347848892212,-0.025481780990958214,0.7690296769142151,0.46859097480773926,-0.06259720027446747,0.7027642130851746,0.45326265692710876,-0.08594192564487457,0.6888860464096069,0.5289145708084106,-0.06233052536845207,0.7140331268310547,0.5402003526687622,-0.03755173832178116,point,RRQ_p19,RRQ
0.16663774847984314,0.7912924289703369,2.493945601145242e-07,0.2340025007724762,0.7263818383216858,-0.036957450211048126,0.2896146774291992,0.6315027475357056,-0.06553293019533157,0.31293725967407227,0.5420053601264954,-0.09525533765554428,0.2792573571205139,0.4825209975242615,-0.12261856347322464,0.2540791928768158,0.4756683111190796,-0.03910388424992561,0.2803933024406433,0.3357473909854889,-0.08203774690628052,0.29894980788230896,0.24993789196014404,-0.1011677160859108,0.3045652210712433,0.17277473211288452,-0.11259754002094269,0.18622079491615295,0.47808897495269775,-0.04780997708439827,0.23561812937259674,0.39642980694770813,-0.1149546355009079,0.2452842891216278,0.5195695161819458,-0.12268514186143875,0.227522075176239,0.5669527649879456,-0.10912954062223434,0.1275794804096222,0.5018810629844666,-0.06129733473062515,0.17978794872760773,0.498647540807724,-0.1294451206922531,0.18802204728126526,0.6007094383239746,-0.11500068753957748,0.16408725082874298,0.6143099069595337,-0.08671898394823074,0.07409562170505524,0.5380800366401672,-0.07761210948228836,0.12236239016056061,0.5339168906211853,-0.11779708415269852,0.14011071622371674,0.599362313747406,-0.10131150484085083,0.12104302644729614,0.6106125712394714,-0.07862801104784012,point,RRQ_p19,RRQ
0.14348365366458893,0.8148750066757202,1.2544158778382553e-07,0.257270485162735,0.787352979183197,-0.00041503013926558197,0.3452223241329193,0.7272393703460693,-0.021136993542313576,0.41071709990501404,0.6796815991401672,-0.051792364567518234,0.42932984232902527,0.6177846193313599,-0.08231844753026962,0.33151891827583313,0.5134257078170776,0.003434440353885293,0.4203028380870819,0.4883151650428772,-0.03636878356337547,0.48802998661994934,0.4750678539276123,-0.06139756366610527,0.5431292057037354,0.4649278223514557,-0.07757222652435303,0.2909923791885376,0.4941357970237732,-0.024965908378362656,0.4137518107891083,0.5413863658905029,-0.07724141329526901,0.3779371380805969,0.6446248888969421,-0.08393298089504242,0.33937183022499084,0.657401442527771,-0.07619538903236389,0.25647711753845215,0.5118703842163086,-0.057322658598423004,0.36600905656814575,0.5989784598350525,-0.10963109880685806,0.32908767461776733,0.681372344493866,-0.0951005145907402,0.2919560670852661,0.6727463006973267,-0.0734153762459755,0.2275371551513672,0.5537152290344238,-0.09079989045858383,0.31416112184524536,0.6233382225036621,-0.11858740448951721,0.2930634617805481,0.6804749369621277,-0.10202949494123459,0.259016752243042,0.6694243550300598,-0.08385433256626129,point,RRQ_p19,RRQ
0.452065110206604,0.5712030529975891,3.1930858312989585e-07,0.5309235453605652,0.6204060912132263,-0.016384780406951904,0.616620659828186,0.6472686529159546,-0.040792353451251984,0.6811856031417847,0.6514593362808228,-0.07010876387357712,0.7269138097763062,0.618714451789856,-0.09843861311674118,0.6986920833587646,0.49048933386802673,-0.014029175043106079,0.7760492563247681,0.562300443649292,-0.05889892578125,0.8289009928703308,0.6159013509750366,-0.08755188435316086,0.8760755658149719,0.6546311378479004,-0.10433368384838104,0.6751689910888672,0.4259350597858429,-0.0308296587318182,0.7487168312072754,0.5256572961807251,-0.08430923521518707,0.6753528714179993,0.5788054466247559,-0.0934615209698677,0.6382822394371033,0.567973792552948,-0.08610869944095612,0.6392745971679688,0.391885370016098,-0.05220368131995201,0.6826272010803223,0.5247083306312561,-0.10640916228294373,0.6174585223197937,0.5654077529907227,-0.09398628026247025,0.5903327465057373,0.5414516925811768,-0.0709853246808052,0.5948507785797119,0.3813350796699524,-0.07517661154270172,0.6372745633125305,0.48787787556648254,-0.10558247566223145,0.5991763472557068,0.5306356549263,-0.08950382471084595,0.575626015663147,0.5143314599990845,-0.06872688978910446,point,RRQ_p19,RRQ
0.5190727710723877,0.5571008920669556,2.0631729569231538e-07,0.5994206070899963,0.560754656791687,-0.03553605079650879,0.6855840682983398,0.5348902940750122,-0.0712340697646141,0.7511975765228271,0.4922054409980774,-0.1097489669919014,0.76104736328125,0.41927000880241394,-0.14711105823516846,0.727514922618866,0.35042980313301086,-0.048610128462314606,0.813534140586853,0.2706024646759033,-0.09721216559410095,0.8741666674613953,0.2149297147989273,-0.12113308906555176,0.9151903986930847,0.16146542131900787,-0.13510772585868835,0.6769728660583496,0.3056707978248596,-0.05935298278927803,0.7521189451217651,0.3207671642303467,-0.12390025705099106,0.7046370506286621,0.43057453632354736,-0.12724530696868896,0.6701939105987549,0.453611820936203,-0.11350707709789276,0.6261811852455139,0.2903357148170471,-0.0748305469751358,0.6818807125091553,0.3542184829711914,-0.13949015736579895,0.6400624513626099,0.44477909803390503,-0.1180921420454979,0.6113333106040955,0.4484957456588745,-0.08755272626876831,0.5746544003486633,0.29369139671325684,-0.09359539300203323,0.6260128021240234,0.34833183884620667,-0.13151708245277405,0.6047426462173462,0.4184797406196594,-0.111210398375988,0.5802697539329529,0.42220446467399597,-0.08631757646799088,point,RRQ_p19,RRQ
0.31899768114089966,0.4520023465156555,4.5580586061078066e-07,0.3612767457962036,0.452792227268219,-0.09448014199733734,0.3918432295322418,0.43532079458236694,-0.16037172079086304,0.3797001540660858,0.41202545166015625,-0.21438512206077576,0.35881513357162476,0.3909120559692383,-0.26324036717414856,0.3847183287143707,0.24415189027786255,-0.11658546328544617,0.33322450518608093,0.17665758728981018,-0.185343399643898,0.2935207486152649,0.12098845839500427,-0.22177156805992126,0.2551106810569763,0.07543137669563293,-0.24306973814964294,0.3314417004585266,0.23149150609970093,-0.09400676190853119,0.29685020446777344,0.2760959267616272,-0.16165636479854584,0.3277503252029419,0.3696012496948242,-0.1621207743883133,0.35727250576019287,0.37968742847442627,-0.1493718922138214,0.2841390073299408,0.24497874081134796,-0.08273635059595108,0.2578069269657135,0.31815382838249207,-0.141343355178833,0.2929757833480835,0.384407103061676,-0.12128062546253204,0.322336882352829,0.38067811727523804,-0.09663461893796921,0.242244154214859,0.26811128854751587,-0.08151545375585556,0.23117110133171082,0.3410404622554779,-0.12415970116853714,0.2670574486255646,0.39463216066360474,-0.11910754442214966,0.2986043691635132,0.39371582865715027,-0.10576388984918594,point,RRQ_p19,RRQ
0.2645519971847534,0.5122371912002563,-2.2784351472182607e-07,0.3158135414123535,0.5577253103256226,-0.0577998124063015,0.3440467119216919,0.6142064332962036,-0.11396856606006622,0.3171553611755371,0.7072991132736206,-0.16449026763439178,0.29022008180618286,0.7896607518196106,-0.21029266715049744,0.391709566116333,0.40001732110977173,-0.11135786026716232,0.3288958966732025,0.5522980093955994,-0.19486504793167114,0.26107102632522583,0.6556618213653564,-0.2503037452697754,0.21275663375854492,0.7249538898468018,-0.2760717272758484,0.31286129355430603,0.35159531235694885,-0.10545900464057922,0.2476681023836136,0.5612057447433472,-0.16195344924926758,0.2465384304523468,0.6233399510383606,-0.1678714007139206,0.24918703734874725,0.6414123773574829,-0.16398175060749054,0.2376728355884552,0.3492831885814667,-0.10564415156841278,0.19607651233673096,0.5487594604492188,-0.13726651668548584,0.22706352174282074,0.5725302696228027,-0.1062457263469696,0.2566426992416382,0.5511568784713745,-0.07671759277582169,0.17712107300758362,0.3661157488822937,-0.1148844063282013,0.16213741898536682,0.5192884802818298,-0.13065242767333984,0.18785881996154785,0.5519206523895264,-0.10529892146587372,0.21548020839691162,0.5396836996078491,-0.07657447457313538,point,RRQ_p19,RRQ
0.3099972605705261,0.6882737874984741,3.6755491805706697e-07,0.3869934678077698,0.6786563396453857,-0.042983848601579666,0.45114076137542725,0.6615216732025146,-0.09064721316099167,0.48753610253334045,0.626022219657898,-0.13951848447322845,0.47577035427093506,0.5770379900932312,-0.18605351448059082,0.48262080550193787,0.44276559352874756,-0.06819630414247513,0.5517773032188416,0.37875741720199585,-0.1270826756954193,0.6073208451271057,0.3283575475215912,-0.16082200407981873,0.6492453813552856,0.2850108742713928,-0.18200302124023438,0.4171059727668762,0.39192938804626465,-0.07796333730220795,0.46427226066589355,0.45289862155914307,-0.14749498665332794,0.4391142725944519,0.5620116591453552,-0.15969394147396088,0.41872674226760864,0.5828887224197388,-0.15423047542572021,0.3532792031764984,0.393419086933136,-0.09238451719284058,0.3894282579421997,0.5213347673416138,-0.1540432870388031,0.3738722801208496,0.5963283777236938,-0.14233000576496124,0.3589287996292114,0.585347056388855,-0.12209691852331161,0.2929982841014862,0.4252302050590515,-0.11154008656740189,0.3202105164527893,0.5356916189193726,-0.14896921813488007,0.32280251383781433,0.5930617451667786,-0.13884784281253815,0.3156942129135132,0.5799343585968018,-0.122334323823452,point,RRQ_p19,RRQ
0.25505512952804565,0.6410903930664062,-2.4025585076969946e-08,0.28365638852119446,0.6103222966194153,-0.02219308540225029,0.30097463726997375,0.5613116025924683,-0.031817853450775146,0.3008672595024109,0.5148794651031494,-0.0395854227244854,0.28336721658706665,0.4819915294647217,-0.04529043287038803,0.30509302020072937,0.49980199337005615,-0.01179828867316246,0.3013777434825897,0.44573497772216797,-0.026932166889309883,0.2963102161884308,0.410281777381897,-0.0340532548725605,0.28811830282211304,0.37999576330184937,-0.038336433470249176,0.2775428295135498,0.5042928457260132,-0.010270531289279461,0.27338114380836487,0.4675346314907074,-0.030905555933713913,0.27843475341796875,0.5184125304222107,-0.03091035969555378,0.2803493142127991,0.5360723733901978,-0.02414417825639248,0.25254330039024353,0.5166028738021851,-0.012288675643503666,0.25155842304229736,0.4976077973842621,-0.038262709975242615,0.25948816537857056,0.5468080639839172,-0.03101498633623123,0.2593686580657959,0.5562247037887573,-0.018356503918766975,0.22828635573387146,0.533478319644928,-0.016166221350431442,0.23195113241672516,0.5183182954788208,-0.03343706578016281,0.24008291959762573,0.5517395734786987,-0.02673822082579136,0.2393621951341629,0.5604115724563599,-0.01723104901611805,point,RRQ_p19,RRQ
0.7882615923881531,0.6727741956710815,-6.306116233645298e-07,0.7239773869514465,0.6030001640319824,0.0001763651380315423,0.6845202445983887,0.4890504777431488,-0.006922285072505474,0.6594963669776917,0.40348339080810547,-0.02336975745856762,0.6333050727844238,0.326227605342865,-0.038080498576164246,0.7655496001243591,0.41304197907447815,0.03914898633956909,0.7312183380126953,0.35100996494293213,0.008295110426843166,0.6820200681686401,0.32057201862335205,-0.0055411881767213345,0.6425171494483948,0.30185091495513916,-0.011699522845447063,0.8044793605804443,0.41112151741981506,0.02065858617424965,0.7358031272888184,0.3460446894168854,-0.01686054840683937,0.7157866954803467,0.44611355662345886,-0.013915159739553928,0.7489275336265564,0.46885690093040466,0.0012923319591209292,0.8429229855537415,0.4208689033985138,-0.006237522698938847,0.7622678279876709,0.38052308559417725,-0.047146204859018326,0.7486895322799683,0.476484090089798,-0.02977978065609932,0.7853905558586121,0.496675968170166,-0.0068670413456857204,0.8785219192504883,0.43738889694213867,-0.03437499329447746,0.7967379093170166,0.40946924686431885,-0.05969862639904022,0.7827906608581543,0.47347527742385864,-0.04911598563194275,0.815256655216217,0.4945775866508484,-0.03511003404855728,pinch,RRQ_p19,RRQ
0.7278675436973572,0.7961039543151855,-7.709261353738839e-07,0.6280083656311035,0.7215616703033447,-0.006452495232224464,0.5568687915802002,0.6104126572608948,-0.021918153390288353,0.49862706661224365,0.5487343072891235,-0.045369602739810944,0.4363950490951538,0.503339946269989,-0.06368779391050339,0.6388158798217773,0.43841761350631714,0.025066135451197624,0.5477064847946167,0.41734084486961365,-0.0195304062217474,0.48997098207473755,0.43315720558166504,-0.0471256785094738,0.43798983097076416,0.44656625390052795,-0.06269659101963043,0.6793314218521118,0.4248369634151459,0.004829775542020798,0.5567234754562378,0.43763428926467896,-0.04001576453447342,0.5759449005126953,0.5473458766937256,-0.04170500859618187,0.6160033345222473,0.5463204383850098,-0.034034762531518936,0.716931939125061,0.438012957572937,-0.024350346997380257,0.593148946762085,0.4667215049266815,-0.06615111976861954,0.6097068190574646,0.5720174908638,-0.040210891515016556,0.647149384021759,0.5717533826828003,-0.01541073340922594,0.7431066036224365,0.47461944818496704,-0.057120032608509064,0.6394147276878357,0.49862319231033325,-0.08079224824905396,0.6431812047958374,0.5679457187652588,-0.06311021745204926,0.6751896739006042,0.5697177648544312,-0.04543258622288704,pinch,RRQ_p19,RRQ
0.7699739933013916,0.6405515670776367,-6.010363335917646e-07,0.7435464859008789,0.5270189046859741,-0.0009518290753476322,0.7472271919250488,0.3904753625392914,-0.007443110924214125,0.7596256136894226,0.2946348786354065,-0.024686476215720177,0.7730950117111206,0.20156915485858917,-0.04048718139529228,0.8443874716758728,0.36378970742225647,0.04221748933196068,0.8387183547019958,0.28272414207458496,0.01559403259307146,0.8129919171333313,0.2280774563550949,0.0061847371980547905,0.8000011444091797,0.18310940265655518,0.002207521116361022,0.878548800945282,0.39041829109191895,0.02125665545463562,0.8535035848617554,0.28483062982559204,-0.01584349013864994,0.8008139729499817,0.374735563993454,-0.00827476941049099,0.8223767280578613,0.42305997014045715,0.012139853090047836,0.9132786989212036,0.43102094531059265,-0.008515025489032269,0.8737316727638245,0.34478041529655457,-0.04945690184831619,0.8256331086158752,0.43151646852493286,-0.024326998740434647,0.8512457013130188,0.47206512093544006,0.005999143701046705,0.9478765726089478,0.48148614168167114,-0.04016881436109543,0.9177548289299011,0.3948957324028015,-0.05927295982837677,0.8720613718032837,0.4411502778530121,-0.0380844846367836,0.8821054697036743,0.4820529818534851,-0.016608618199825287,pinch,RRQ_p19,RRQ
0.7394953966140747,0.674045741558075,3.115028448519297e-07,0.6588302254676819,0.636182427406311,-0.016964467242360115,0.5851227641105652,0.5543354153633118,-0.03276291862130165,0.5179242491722107,0.4929890036582947,-0.05320929363369942,0.46716228127479553,0.44797638058662415,-0.0714205950498581,0.6333798766136169,0.3957846164703369,-0.0061884680762887,0.5606757998466492,0.3512074649333954,-0.05546504631638527,0.5067334175109863,0.3709428608417511,-0.09466391056776047,0.47585904598236084,0.4000930190086365,-0.11532171070575714,0.6711204648017883,0.34896397590637207,-0.02176338993012905,0.6398755311965942,0.21861274540424347,-0.058982640504837036,0.6156981587409973,0.11624735593795776,-0.08178708702325821,0.6002854108810425,0.03521072864532471,-0.0942140743136406,0.7162435054779053,0.34528741240501404,-0.0447780042886734,0.7221083641052246,0.20949891209602356,-0.08071818202733994,0.7178162932395935,0.12201613187789917,-0.08944996446371078,0.7098778486251831,0.04860752820968628,-0.08943954110145569,0.7647079229354858,0.3762234151363373,-0.07043665647506714,0.810767650604248,0.27897709608078003,-0.09813018888235092,0.8346188068389893,0.20060402154922485,-0.10120176523923874,0.8495054244995117,0.13005661964416504,-0.09816460311412811,pinch,RRQ_p19,RRQ
0.4854302704334259,0.7504202127456665,2.9784916932840133e-07,0.39570021629333496,0.7024140954017639,-0.019867947325110435,0.3227294981479645,0.6177082657814026,-0.03861325979232788,0.25167086720466614,0.5483219623565674,-0.06406763195991516,0.19911403954029083,0.48451346158981323,-0.0859173834323883,0.3785255551338196,0.44980114698410034,0.014908441342413425,0.3085547685623169,0.39020073413848877,-0.039529427886009216,0.24545031785964966,0.4061811864376068,-0.08437485992908478,0.20820531249046326,0.44046616554260254,-0.10584313422441483,0.4143425226211548,0.4044675827026367,0.0014065854484215379,0.38444939255714417,0.26745104789733887,-0.03125787898898125,0.35131654143333435,0.17004647850990295,-0.04730728641152382,0.32467278838157654,0.090558260679245,-0.0532972477376461,0.45841336250305176,0.3996258080005646,-0.0233687125146389,0.4690697193145752,0.2682085633277893,-0.05196031555533409,0.46063268184661865,0.17906713485717773,-0.049286141991615295,0.4465678334236145,0.1053956151008606,-0.040440745651721954,0.5024628639221191,0.42957183718681335,-0.05302903428673744,0.540168285369873,0.3271874189376831,-0.06930013000965118,0.5552069544792175,0.24830114841461182,-0.061119191348552704,0.561956524848938,0.17868274450302124,-0.049743808805942535,pinch,RRQ_p19,RRQ
0.8797376155853271,0.6525843143463135,-4.623036886641785e-07,0.824013888835907,0.5651184916496277,-0.016938434913754463,0.8012833595275879,0.45550665259361267,-0.02604782208800316,0.7847152948379517,0.3638525605201721,-0.040223076939582825,0.7510055303573608,0.3034548759460449,-0.051505737006664276,0.8445394039154053,0.3736693263053894,0.024291830137372017,0.8436651825904846,0.28576087951660156,-0.008760176599025726,0.8078086972236633,0.302895188331604,-0.03526005148887634,0.7922729253768921,0.3297792077064514,-0.04956802353262901,0.8847041130065918,0.37403902411460876,0.01460348255932331,0.891730785369873,0.2592587471008301,-0.020483529195189476,0.8496450781822205,0.30290770530700684,-0.03910292312502861,0.8410277366638184,0.35133373737335205,-0.043180469423532486,0.9243097305297852,0.3947186768054962,-0.0026628931518644094,0.94199538230896,0.27850937843322754,-0.03344884514808655,0.8963942527770996,0.3148355782032013,-0.035760801285505295,0.8840575814247131,0.36460626125335693,-0.029016684740781784,0.9633989334106445,0.4303210973739624,-0.022794777527451515,0.9651494026184082,0.3512077331542969,-0.03869646042585373,0.9270848631858826,0.36786767840385437,-0.036035362631082535,0.9128243327140808,0.4028303027153015,-0.02982550486922264,pinch,RRQ_p19,RRQ
0.5332566499710083,0.7616052627563477,-7.600391995765676e-07,0.4335223138332367,0.6566370129585266,0.004198834300041199,0.3952425420284271,0.5371730923652649,-0.008960877545177937,0.35275137424468994,0.4565820097923279,-0.0315648578107357,0.30074211955070496,0.38238370418548584,-0.05185569077730179,0.526755690574646,0.4141702353954315,0.02177652157843113,0.45989200472831726,0.3175991475582123,-0.022633492946624756,0.38559994101524353,0.3188368082046509,-0.052135858684778214,0.33881330490112305,0.3379327654838562,-0.06841786205768585,0.5644141435623169,0.41769275069236755,-0.006398424971848726,0.4844568073749542,0.29436901211738586,-0.05338446795940399,0.41171786189079285,0.3497350513935089,-0.06484142690896988,0.38680198788642883,0.4022527039051056,-0.06280482560396194,0.5748999118804932,0.4425956904888153,-0.04122268781065941,0.4564770758152008,0.38394445180892944,-0.08053940534591675,0.4383719563484192,0.471893310546875,-0.06905236840248108,0.46745508909225464,0.515537679195404,-0.055237676948308945,0.5591734647750854,0.47963234782218933,-0.07815077155828476,0.44779887795448303,0.4886831045150757,-0.1056838408112526,0.44040748476982117,0.5562678575515747,-0.10196388512849808,0.4742376208305359,0.5774068832397461,-0.09538190066814423,pinch,RRQ_p19,RRQ
0.2963244915008545,0.8177952766418457,1.3822354105741397e-07,0.3734018802642822,0.7264921069145203,-0.003805727930739522,0.4118838906288147,0.5969467759132385,-0.016556264832615852,0.4359795153141022,0.4947211444377899,-0.03796472027897835,0.4629518687725067,0.40271636843681335,-0.057115212082862854,0.3060014843940735,0.48716896772384644,0.02244463376700878,0.3663342297077179,0.40875399112701416,-0.014152373187243938,0.4203471541404724,0.37451088428497314,-0.0322137176990509,0.46290671825408936,0.3468690812587738,-0.04139760136604309,0.2568242847919464,0.488008975982666,0.002388338092714548,0.3615161180496216,0.4186408221721649,-0.047410376369953156,0.3729812204837799,0.534626305103302,-0.05090688169002533,0.3434423506259918,0.568699300289154,-0.03808324411511421,0.22900256514549255,0.5057284832000732,-0.02423771470785141,0.34711596369743347,0.485943078994751,-0.07986980676651001,0.3502083122730255,0.594267725944519,-0.06784811615943909,0.3127838969230652,0.6124759912490845,-0.04399346932768822,0.21424153447151184,0.5346593260765076,-0.05144837126135826,0.3190250098705292,0.5234314799308777,-0.08261798322200775,0.326027512550354,0.595551073551178,-0.07130402326583862,0.29032883048057556,0.6126968264579773,-0.05437188223004341,pinch,RRQ_p19,RRQ
0.2199287712574005,0.714857816696167,1.9138734330681473e-07,0.2656165361404419,0.6578379273414612,-0.007288358639925718,0.28763672709465027,0.5739115476608276,-0.015946222469210625,0.3069249093532562,0.510325014591217,-0.029204290360212326,0.3217778503894806,0.45594924688339233,-0.039891697466373444,0.22403773665428162,0.5187810063362122,0.016104301437735558,0.24769993126392365,0.46790459752082825,-0.006821528077125549,0.27758222818374634,0.4436799883842468,-0.014994814060628414,0.3025813400745392,0.4191229045391083,-0.017443208023905754,0.19558604061603546,0.5220189094543457,0.0060753594152629375,0.24283064901828766,0.46648716926574707,-0.024043800309300423,0.25503841042518616,0.5386167168617249,-0.023129601031541824,0.23546333611011505,0.5522386431694031,-0.01202034205198288,0.17171743512153625,0.5302889943122864,-0.009583946317434311,0.22778266668319702,0.4972342550754547,-0.04582954943180084,0.23848775029182434,0.5670593976974487,-0.03645132854580879,0.21220818161964417,0.5784744620323181,-0.019272908568382263,0.14974263310432434,0.5459671020507812,-0.025861572474241257,0.206748828291893,0.5210460424423218,-0.0468653105199337,0.2218741625547409,0.5660595297813416,-0.03821110725402832,0.19926247000694275,0.5832723379135132,-0.0255594439804554,pinch,RRQ_p19,RRQ
0.5287196636199951,0.4679298996925354,1.9268273376837897e-07,0.6142023205757141,0.41883420944213867,0.0065948739647865295,0.6662606000900269,0.33481693267822266,0.0032645678147673607,0.7121974229812622,0.28258728981018066,-0.007825094275176525,0.7643961906433105,0.2469456046819687,-0.017360040917992592,0.5926523804664612,0.20701932907104492,0.030267765745520592,0.6807901859283447,0.19615569710731506,0.001685925992205739,0.7381775379180908,0.2005627155303955,-0.020802602171897888,0.787124514579773,0.19349488615989685,-0.03702372685074806,0.5683529376983643,0.19472365081310272,0.008674472570419312,0.6743156909942627,0.19523075222969055,-0.028513669967651367,0.6650105714797974,0.27036744356155396,-0.04140628129243851,0.6425491571426392,0.27994754910469055,-0.04267231002449989,0.556508481502533,0.20296530425548553,-0.016851183027029037,0.663762092590332,0.23611119389533997,-0.055810656398534775,0.6426276564598083,0.31003516912460327,-0.0521189421415329,0.6079337000846863,0.3047957122325897,-0.04054160416126251,0.5527620315551758,0.2253626435995102,-0.042569857090711594,0.6424557566642761,0.2563364803791046,-0.0643618255853653,0.6288605332374573,0.31092914938926697,-0.05601309612393379,0.5937485694885254,0.3109981119632721,-0.044843342155218124,pinch,RRQ_p19,RRQ
0.2542828917503357,0.5959604382514954,4.2925694287987426e-07,0.31562256813049316,0.5683584809303284,-0.02558967098593712,0.3700093924999237,0.5192127227783203,-0.04466639831662178,0.41733038425445557,0.47801992297172546,-0.06641030311584473,0.4368457794189453,0.43531501293182373,-0.08565425127744675,0.36460500955581665,0.3892044425010681,-0.013507137075066566,0.40834322571754456,0.33872008323669434,-0.05710645765066147,0.4235731363296509,0.3720853328704834,-0.09108373522758484,0.4245244860649109,0.41837435960769653,-0.10578341037034988,0.3315419554710388,0.3551347255706787,-0.02133699506521225,0.37234097719192505,0.24790175259113312,-0.04382951185107231,0.39751917123794556,0.17579388618469238,-0.06335154920816422,0.41507479548454285,0.10978811979293823,-0.07557127624750137,0.2895505428314209,0.3482002019882202,-0.03661668300628662,0.30254554748535156,0.24657340347766876,-0.05957349017262459,0.31534188985824585,0.18086834251880646,-0.0772482231259346,0.32774853706359863,0.1265064775943756,-0.08695976436138153,0.24251669645309448,0.3655199110507965,-0.054990772157907486,0.22802728414535522,0.2907611131668091,-0.07135212421417236,0.2216123640537262,0.23891109228134155,-0.07611806690692902,0.21949128806591034,0.1929726004600525,-0.07753636687994003,pinch,RRQ_p19,RRQ
0.19055813550949097,0.874352216720581,2.4269868958981533e-07,0.24683284759521484,0.8493892550468445,-0.0496702641248703,0.2889634668827057,0.7945998907089233,-0.0829184427857399,0.3164287507534027,0.75113844871521,-0.1152193546295166,0.3300725817680359,0.7034530639648438,-0.14285878837108612,0.29406002163887024,0.6018137335777283,-0.038201067596673965,0.32448306679725647,0.5544339418411255,-0.0947885736823082,0.31163081526756287,0.6196915507316589,-0.14252148568630219,0.2856828570365906,0.678657591342926,-0.16682757437229156,0.24837753176689148,0.5621830224990845,-0.04130521044135094,0.26943910121917725,0.4240472912788391,-0.07293912023305893,0.27704522013664246,0.3332858383655548,-0.10440343618392944,0.28185153007507324,0.24153432250022888,-0.12725207209587097,0.19609035551548004,0.5642232298851013,-0.05365663766860962,0.20435495674610138,0.4360660910606384,-0.08448374271392822,0.2089155614376068,0.35415297746658325,-0.11332745850086212,0.21522699296474457,0.2727871835231781,-0.13241399824619293,0.14213316142559052,0.6001201272010803,-0.07065381109714508,0.13038776814937592,0.510054349899292,-0.09025633335113525,0.12229003012180328,0.4556061625480652,-0.09730900079011917,0.1172361969947815,0.40141868591308594,-0.10258179903030396,pinch,RRQ_p19,RRQ
0.19537940621376038,0.7463973760604858,4.304409912947449e-07,0.2686282694339752,0.680905818939209,-0.03194103762507439,0.3167203366756439,0.5837633013725281,-0.05105387046933174,0.35833752155303955,0.49129700660705566,-0.0720757320523262,0.3947078585624695,0.4166279435157776,-0.09207619726657867,0.2738386392593384,0.4363277852535248,-0.01617349311709404,0.31025558710098267,0.3659503757953644,-0.05813900753855705,0.3420279026031494,0.3526444733142853,-0.09173331409692764,0.3625700771808624,0.3776785135269165,-0.1070920005440712,0.21778471767902374,0.40775009989738464,-0.021335216239094734,0.22163039445877075,0.28330665826797485,-0.05733448639512062,0.24655112624168396,0.2569131851196289,-0.08171558380126953,0.26773205399513245,0.30772751569747925,-0.08900146931409836,0.1607547104358673,0.4150362014770508,-0.03306525945663452,0.13250339031219482,0.3005375266075134,-0.06606358289718628,0.14930739998817444,0.2715340852737427,-0.08169577270746231,0.17845302820205688,0.3059711456298828,-0.08293573558330536,0.1023978590965271,0.4551234245300293,-0.04802032187581062,0.035483911633491516,0.37681710720062256,-0.07763002812862396,0.039125218987464905,0.34166109561920166,-0.08851642906665802,0.06933638453483582,0.35616058111190796,-0.08728048205375671,pinch,RRQ_p19,RRQ
0.4359056353569031,0.9063153266906738,2.65363183871159e-07,0.5247899293899536,0.8638546466827393,0.021265381947159767,0.5898061394691467,0.7739456295967102,0.025950932875275612,0.651610255241394,0.7233145236968994,0.017064478248357773,0.7055891752243042,0.701239287853241,0.0073935892432928085,0.5503357648849487,0.6391265988349915,0.038706615567207336,0.6114313006401062,0.6072676181793213,0.018357018008828163,0.6752372980117798,0.6268163919448853,0.0005142231239005923,0.7104037404060364,0.6641151309013367,-0.008163517341017723,0.5307342410087585,0.6157813668251038,0.00690450519323349,0.5478107333183289,0.47575974464416504,-0.013314671814441681,0.5976325869560242,0.4892014265060425,-0.02082294225692749,0.6105212569236755,0.5555184483528137,-0.017249787226319313,0.5002530813217163,0.6150903105735779,-0.02791723608970642,0.49417489767074585,0.47053393721580505,-0.04672131687402725,0.5401339530944824,0.4973086714744568,-0.03734100982546806,0.5548233985900879,0.5620197057723999,-0.022622255608439445,0.46873387694358826,0.6318448781967163,-0.06345953047275543,0.4576289653778076,0.5176351070404053,-0.08685119450092316,0.4919889569282532,0.5234261751174927,-0.08364471793174744,0.5112060308456421,0.5675143003463745,-0.072896808385849,pinch,RRQ_p19,RRQ
0.2448197454214096,0.7580376863479614,4.929233341499639e-07,0.3088359236717224,0.6779305934906006,-0.049759622663259506,0.33301812410354614,0.5667015910148621,-0.07259245216846466,0.3404364287853241,0.45836564898490906,-0.09471839666366577,0.3558158874511719,0.3660123944282532,-0.11570333689451218,0.2851312458515167,0.4354853332042694,-0.015004132874310017,0.29788899421691895,0.3661424517631531,-0.05433535948395729,0.31423690915107727,0.324097216129303,-0.08982797712087631,0.33105233311653137,0.3142552673816681,-0.11057206243276596,0.22540871798992157,0.42275816202163696,-0.012106641195714474,0.20635932683944702,0.3027169704437256,-0.051944177597761154,0.2148921936750412,0.26827967166900635,-0.08622998744249344,0.23827044665813446,0.2970654368400574,-0.10372590273618698,0.17046204209327698,0.4456847310066223,-0.017772721126675606,0.13234567642211914,0.33637508749961853,-0.05848650634288788,0.13834378123283386,0.31009441614151,-0.08579188585281372,0.16878539323806763,0.34337031841278076,-0.0960492193698883,0.118962861597538,0.499025821685791,-0.027896495535969734,0.057308703660964966,0.4233035743236542,-0.06511713564395905,0.05866988003253937,0.3874604105949402,-0.08610142767429352,0.08815184980630875,0.3999326825141907,-0.09420309215784073,pinch,RRQ_p19,RRQ
0.7788562178611755,0.6800001859664917,-8.785369232100493e-07,0.6868671774864197,0.6190519332885742,-0.02765938639640808,0.6012545824050903,0.49552857875823975,-0.041888896375894547,0.5728244781494141,0.3694218397140503,-0.06175896152853966,0.6259588003158569,0.2894669473171234,-0.07058937102556229,0.6385101079940796,0.35905933380126953,0.021703707054257393,0.5919817090034485,0.27051883935928345,-0.03279094398021698,0.6034760475158691,0.3784702718257904,-0.048500239849090576,0.6284277439117432,0.39200934767723083,-0.04990656301379204,0.6989632248878479,0.35004615783691406,0.012726036831736565,0.6543492674827576,0.26526179909706116,-0.04651403799653053,0.6616016030311584,0.4070386290550232,-0.039916615933179855,0.688353419303894,0.4038587510585785,-0.01424986869096756,0.7627114653587341,0.35895007848739624,-0.00975421816110611,0.7162001729011536,0.2991287112236023,-0.07050708681344986,0.7168789505958557,0.4354647696018219,-0.04295960068702698,0.746209979057312,0.4320499897003174,-0.0036160016898065805,0.8319977521896362,0.37551429867744446,-0.0356474444270134,0.7782644033432007,0.3427078425884247,-0.05865247920155525,0.768329381942749,0.4299205541610718,-0.035685449838638306,0.7923710346221924,0.4365978538990021,-0.008630967698991299,fist,RRQ_p19,RRQ
0.8035353422164917,0.7039575576782227,-7.524094485233945e-07,0.7065893411636353,0.6475744247436523,-0.053943898528814316,0.6324074268341064,0.5767393708229065,-0.09252521395683289,0.5782179236412048,0.5277602076530457,-0.12603537738323212,0.603374719619751,0.5019030570983887,-0.14947450160980225,0.7129701972007751,0.333992063999176,-0.046213213354349136,0.6352345943450928,0.37952283024787903,-0.10220970213413239,0.6390986442565918,0.4789237976074219,-0.13308417797088623,0.6595245599746704,0.48708611726760864,-0.15164633095264435,0.7809995412826538,0.3386749029159546,-0.04431939497590065,0.688232421875,0.42203637957572937,-0.09876150637865067,0.6886443495750427,0.5273975133895874,-0.10719224065542221,0.7113107442855835,0.5219089388847351,-0.10460329800844193,0.8389333486557007,0.38752004504203796,-0.051701370626688004,0.7486951351165771,0.4892071485519409,-0.09826906025409698,0.7428383231163025,0.5731486678123474,-0.0825810506939888,0.7659329175949097,0.5572115778923035,-0.06434258818626404,0.8812634944915771,0.4549531042575836,-0.0659041777253151,0.8044319748878479,0.5518342852592468,-0.09075036644935608,0.7968809008598328,0.6063525676727295,-0.08290143311023712,0.8195231556892395,0.5929189920425415,-0.07119400054216385,fist,RRQ_p19,RRQ
0.40760359168052673,0.7618503570556641,-7.37208893042407e-07,0.40220049023628235,0.6129322052001953,0.009271560236811638,0.3435579538345337,0.4777805209159851,-0.007492106407880783,0.25032636523246765,0.4040184020996094,-0.02732565999031067,0.17892825603485107,0.3761346936225891,-0.04338813200592995,0.38764339685440063,0.35247302055358887,-0.031308192759752274,0.23210552334785461,0.3126866817474365,-0.0653720423579216,0.2288457602262497,0.380262166261673,-0.07444348931312561,0.2602742612361908,0.4029310345649719,-0.07762128859758377,0.3710032105445862,0.4128324091434479,-0.05387389287352562,0.19455036520957947,0.3942556381225586,-0.08458633720874786,0.20879551768302917,0.4611947536468506,-0.07741693407297134,0.24957957863807678,0.47542625665664673,-0.07227698713541031,0.3392666280269623,0.4880395531654358,-0.07621050626039505,0.18590310215950012,0.49053236842155457,-0.10214024037122726,0.2129434496164322,0.5496399998664856,-0.08279287815093994,0.2576713263988495,0.5537898540496826,-0.0700213760137558,0.30109697580337524,0.5688413977622986,-0.0976644977927208,0.1915021538734436,0.5735461115837097,-0.11751741915941238,0.2173728048801422,0.6183457374572754,-0.10894163697957993,0.2561820149421692,0.6212277412414551,-0.10027823597192764,fist,RRQ_p19,RRQ
0.7432166337966919,0.5640983581542969,-7.257553988893051e-07,0.6763142347335815,0.5479215979576111,-0.057614441961050034,0.6110191941261292,0.4766927659511566,-0.08649430423974991,0.5805226564407349,0.4357377588748932,-0.10604031383991241,0.6187194585800171,0.44136902689933777,-0.1166505441069603,0.6855759620666504,0.35586073994636536,-0.07137217372655869,0.6700050830841064,0.45220500230789185,-0.09786177426576614,0.6597467660903931,0.5061790943145752,-0.09975098073482513,0.6580356359481812,0.5000266432762146,-0.10125791281461716,0.7533381581306458,0.3608264625072479,-0.060609448701143265,0.7275018095970154,0.4864744544029236,-0.08981966227293015,0.7090469598770142,0.5305970311164856,-0.08712857216596603,0.7048158049583435,0.511354386806488,-0.08411874622106552,0.8066472411155701,0.39366990327835083,-0.05462303012609482,0.7767655849456787,0.504690408706665,-0.08679217100143433,0.754586935043335,0.543440580368042,-0.07593933492898941,0.7476651668548584,0.5344266295433044,-0.06561794877052307,0.8446177244186401,0.4361155033111572,-0.054400041699409485,0.8271194696426392,0.5119034051895142,-0.07937341928482056,0.802589476108551,0.5436496138572693,-0.07729227095842361,0.7870667576789856,0.5438163876533508,-0.07220879942178726,fist,RRQ_p19,RRQ
0.8131856918334961,0.4953668415546417,-4.4443893898460374e-07,0.7524739503860474,0.45599523186683655,-0.03355947881937027,0.7023013830184937,0.377013236284256,-0.048202887177467346,0.6915091276168823,0.28365904092788696,-0.06348759680986404,0.7310693860054016,0.23394504189491272,-0.07051346451044083,0.7200462818145752,0.2835471034049988,0.010267711244523525,0.7111773490905762,0.2230745255947113,-0.03301260992884636,0.7148314714431763,0.28450915217399597,-0.048048678785562515,0.7228267788887024,0.2981424927711487,-0.04988367110490799,0.7646987438201904,0.28781989216804504,0.009769703261554241,0.7567780613899231,0.22481733560562134,-0.03522668406367302,0.7544076442718506,0.3207818865776062,-0.03304869681596756,0.7593333721160889,0.3190975785255432,-0.015682436525821686,0.8074102997779846,0.3012343645095825,-0.002374220872297883,0.8034813404083252,0.260464072227478,-0.04896200820803642,0.7929924130439758,0.3463955223560333,-0.03336659073829651,0.7956501245498657,0.34164857864379883,-0.007376341614872217,0.8519698977470398,0.31931760907173157,-0.01820550113916397,0.8429460525512695,0.29340845346450806,-0.03796563297510147,0.8312768340110779,0.35059046745300293,-0.024493170902132988,0.8337377905845642,0.35745373368263245,-0.0068157813511788845,fist,RRQ_p19,RRQ
0.5116065740585327,0.7406244277954102,-8.354468832294515e-07,0.43007606267929077,0.6682015657424927,-0.02531125769019127,0.3615589737892151,0.5559220910072327,-0.044445689767599106,0.32210659980773926,0.4670245349407196,-0.06784961372613907,0.3572220802307129,0.40299442410469055,-0.07929717004299164,0.4325827360153198,0.39828652143478394,0.011958785355091095,0.362430602312088,0.3510616421699524,-0.039480146020650864,0.3664954900741577,0.44540441036224365,-0.05848066136240959,0.39040690660476685,0.4693577289581299,-0.0640711858868599,0.4828713834285736,0.39762577414512634,0.0028166277334094048,0.3999669551849365,0.37928465008735657,-0.05219187214970589,0.40908050537109375,0.4999042749404907,-0.04941621050238609,0.44166070222854614,0.49813440442085266,-0.031652770936489105,0.5324230790138245,0.4169307351112366,-0.018173350021243095,0.447329580783844,0.4256897568702698,-0.07105142623186111,0.4535489082336426,0.536729097366333,-0.0473482720553875,0.48608314990997314,0.5306795239448547,-0.01636822521686554,0.574986457824707,0.4525429308414459,-0.04319362714886665,0.49382078647613525,0.4691590368747711,-0.06733673810958862,0.49348410964012146,0.5382468104362488,-0.05237341299653053,0.5227445960044861,0.5348365902900696,-0.03286096826195717,fist,RRQ_p19,RRQ
0.7922605276107788,0.693279504776001,-8.195464147320308e-07,0.7445405721664429,0.5947602987289429,-0.04140705615282059,0.7368999123573303,0.4423582851886749,-0.05542002618312836,0.7766624093055725,0.3231826424598694,-0.07070721685886383,0.8485813140869141,0.30794569849967957,-0.07322188466787338,0.7987088561058044,0.345958411693573,0.009833332151174545,0.8228318691253662,0.2510283589363098,-0.04620419442653656,0.7884093523025513,0.3491555452346802,-0.06470135599374771,0.792449951171875,0.3676730692386627,-0.06769675016403198,0.8505145311355591,0.3903462886810303,0.009202632121741772,0.8726702928543091,0.30766454339027405,-0.04807046428322792,0.8178059458732605,0.4227250814437866,-0.04494171962141991,0.828659176826477,0.4178832471370697,-0.02409285306930542,0.8959823250770569,0.4469120502471924,-0.00573789793998003,0.9136219620704651,0.38181132078170776,-0.0629560649394989,0.8530832529067993,0.48237866163253784,-0.039354655891656876,0.8635165095329285,0.4826424717903137,-0.005148647353053093,0.942230224609375,0.5062606334686279,-0.025651035830378532,0.9451777338981628,0.4586690366268158,-0.04600532725453377,0.8983939290046692,0.5148099660873413,-0.024812407791614532,0.901695728302002,0.5249384045600891,-0.0004159726086072624,fist,RRQ_p19,RRQ
0.2216539829969406,0.3915289044380188,-3.4508357771301235e-07,0.2945452332496643,0.3684987425804138,-0.042051270604133606,0.3827991783618927,0.2858913540840149,-0.06219511106610298,0.4302709102630615,0.19543610513210297,-0.07855133712291718,0.408902108669281,0.12276555597782135,-0.08477173000574112,0.3605446219444275,0.13181781768798828,-0.020462630316615105,0.4098151624202728,0.10680486261844635,-0.06250707805156708,0.38998931646347046,0.19827520847320557,-0.07384315878152847,0.36691614985466003,0.1926417499780655,-0.07705824077129364,0.3097488582134247,0.1076890304684639,-0.018280716612935066,0.3613392114639282,0.08947211503982544,-0.06515016406774521,0.339129775762558,0.2123686522245407,-0.0651182308793068,0.3208445906639099,0.19251830875873566,-0.0536825954914093,0.25706082582473755,0.10619597882032394,-0.024533258751034737,0.30049630999565125,0.11861618608236313,-0.07609102129936218,0.2889644205570221,0.22845155000686646,-0.058543384075164795,0.2696777582168579,0.21007588505744934,-0.03503871336579323,0.20439305901527405,0.11536020785570145,-0.034054119139909744,0.24622699618339539,0.15152978897094727,-0.06480903923511505,0.24517782032489777,0.2231624871492386,-0.052879832684993744,0.22511467337608337,0.2111748903989792,-0.03658002242445946,fist,RRQ_p19,RRQ
0.5866506099700928,0.29681915044784546,-4.5827371764062264e-07,0.6550917625427246,0.31553128361701965,-0.019789615646004677,0.7429019808769226,0.2872943878173828,-0.02912183478474617,0.8093307018280029,0.2439204603433609,-0.03955104574561119,0.8132725954055786,0.1773202270269394,-0.043240271508693695,0.7617021203041077,0.18446482717990875,-0.002414117334410548,0.8140321969985962,0.15261226892471313,-0.03656202554702759,0.782658576965332,0.21915271878242493,-0.048627570271492004,0.7613945603370667,0.2264420986175537,-0.051369231194257736,0.7312411069869995,0.15136201679706573,-0.00699283741414547,0.7837857007980347,0.13287776708602905,-0.04236576706171036,0.7408641576766968,0.21814316511154175,-0.043693989515304565,0.7229012250900269,0.20832876861095428,-0.03559795394539833,0.6938360929489136,0.1283140629529953,-0.01784881204366684,0.7375675439834595,0.13396583497524261,-0.05885452404618263,0.6996557116508484,0.21330751478672028,-0.04479425027966499,0.6795846819877625,0.1995299756526947,-0.025153782218694687,0.651652991771698,0.10979918390512466,-0.029864756390452385,0.6921076774597168,0.1310308426618576,-0.05349630117416382,0.6705307364463806,0.18642102181911469,-0.039679594337940216,0.6490377187728882,0.17684786021709442,-0.023418206721544266,fist,RRQ_p19,RRQ
0.2835823595523834,0.5287548899650574,-2.8167113441668334e-07,0.3293236196041107,0.4697907567024231,-0.047824520617723465,0.35682496428489685,0.3721659779548645,-0.07547938823699951,0.35270828008651733,0.28926873207092285,-0.0990038588643074,0.3079984486103058,0.26060041785240173,-0.11288463324308395,0.27572891116142273,0.225401371717453,-0.02606845833361149,0.27897730469703674,0.2094302624464035,-0.07211872935295105,0.30744022130966187,0.2775200605392456,-0.09136374294757843,0.31268540024757385,0.30585187673568726,-0.0983201339840889,0.22001118957996368,0.2448825240135193,-0.021514927968382835,0.23756200075149536,0.2577744722366333,-0.06561820954084396,0.2802972197532654,0.3433312475681305,-0.07056507468223572,0.27720847725868225,0.3435348868370056,-0.06328768283128738,0.17987768352031708,0.2912389039993286,-0.02636687457561493,0.21648037433624268,0.3355734348297119,-0.06824660301208496,0.2564825713634491,0.3956398665904999,-0.05780071020126343,0.2499842494726181,0.3886580467224121,-0.041774287819862366,0.15143495798110962,0.35036808252334595,-0.036592572927474976,0.1968051642179489,0.40540745854377747,-0.06287819892168045,0.23329439759254456,0.4374139904975891,-0.059994153678417206,0.23019228875637054,0.42524296045303345,-0.05066286772489548,fist,RRQ_p19,RRQ
0.1279740035533905,0.5048985481262207,1.2063259191563702e-07,0.22066384553909302,0.4762688875198364,-0.03690248727798462,0.2999752163887024,0.46190088987350464,-0.07249319553375244,0.35977303981781006,0.49038222432136536,-0.10588974505662918,0.4078732132911682,0.5164163708686829,-0.13483260571956635,0.25684070587158203,0.28792643547058105,-0.07237478345632553,0.3473316431045532,0.43068236112594604,-0.1214175894856453,0.3314844071865082,0.4684344530105591,-0.1515212506055832,0.3073141872882843,0.45025020837783813,-0.17250752449035645,0.19537222385406494,0.32403266429901123,-0.07930462062358856,0.2976146638393402,0.4928716719150543,-0.12053583562374115,0.27826040983200073,0.49506688117980957,-0.1295275092124939,0.25958558917045593,0.4512297213077545,-0.13938051462173462,0.14741307497024536,0.3880668580532074,-0.0903114527463913,0.24692639708518982,0.549501895904541,-0.12140817195177078,0.23239515721797943,0.535383403301239,-0.11110106855630875,0.21489563584327698,0.4887038469314575,-0.10504215955734253,0.1100151389837265,0.4588226079940796,-0.10719504952430725,0.19784915447235107,0.5791813135147095,-0.13222967088222504,0.19644536077976227,0.5585176348686218,-0.13143205642700195,0.18072053790092468,0.5144184827804565,-0.12931112945079803,fist,RRQ_p19,RRQ
0.24707773327827454,0.7702721357345581,-3.861131006033247e-07,0.3237682282924652,0.708145797252655,-0.0300500076264143,0.3950955867767334,0.5917177796363831,-0.0463203527033329,0.43389225006103516,0.4869040548801422,-0.06452527642250061,0.4041203260421753,0.4249279201030731,-0.07386357337236404,0.34756067395210266,0.4595361351966858,-0.002392207272350788,0.404346764087677,0.3943328261375427,-0.048570048063993454,0.4055403172969818,0.48825639486312866,-0.0636758953332901,0.3818970322608948,0.5079782605171204,-0.0665673092007637,0.29362252354621887,0.45618176460266113,-0.00900239311158657,0.3569393754005432,0.39315253496170044,-0.059117596596479416,0.35319146513938904,0.5204014778137207,-0.061151694506406784,0.32274964451789856,0.5214272141456604,-0.04939575120806694,0.23795561492443085,0.4655037522315979,-0.024608934298157692,0.30394691228866577,0.4237387478351593,-0.0831979364156723,0.30445387959480286,0.5456528067588806,-0.06527474522590637,0.27037790417671204,0.5531436800956726,-0.0380169041454792,0.17809578776359558,0.48435178399086,-0.04217350482940674,0.25100791454315186,0.4626142084598541,-0.07637079060077667,0.26036134362220764,0.545220136642456,-0.05829658359289169,0.22940006852149963,0.5619944930076599,-0.035720985382795334,fist,RRQ_p19,RRQ
0.16981178522109985,0.7581721544265747,-2.405467398602923e-07,0.18806424736976624,0.628415584564209,0.005587389227002859,0.22476355731487274,0.5059394836425781,-0.011646566912531853,0.2938592731952667,0.430881142616272,-0.03450045734643936,0.3539459705352783,0.4037383198738098,-0.05147784948348999,0.15247800946235657,0.3921721279621124,-0.016251832246780396,0.2910788059234619,0.3414211869239807,-0.04706813395023346,0.30130624771118164,0.40487074851989746,-0.06122998148202896,0.27868980169296265,0.43891650438308716,-0.07025571167469025,0.16221901774406433,0.41496580839157104,-0.037858374416828156,0.3239309787750244,0.38911691308021545,-0.06146231293678284,0.3193766176700592,0.45581263303756714,-0.05983041226863861,0.2855890691280365,0.47979027032852173,-0.059270501136779785,0.18902800977230072,0.4560767710208893,-0.060907840728759766,0.3392189145088196,0.45760536193847656,-0.07377737015485764,0.320426881313324,0.5213409662246704,-0.061945442110300064,0.28046703338623047,0.5349202156066895,-0.05639773607254028,0.22911638021469116,0.5065112113952637,-0.08552592247724533,0.34326139092445374,0.5172863006591797,-0.0842835083603859,0.32378995418548584,0.5693283081054688,-0.0739457905292511,0.287021279335022,0.5785838961601257,-0.06879527866840363,fist,RRQ_p19,RRQ
0.2113741785287857,0.7889939546585083,-3.998266038252041e-07,0.2945190370082855,0.7188495397567749,-0.04924119636416435,0.3530313968658447,0.6411728262901306,-0.08591432869434357,0.38498175144195557,0.578622043132782,-0.11860079318284988,0.37468451261520386,0.5452041625976562,-0.1428588628768921,0.24791085720062256,0.432503879070282,-0.055744968354701996,0.3157939016819,0.44535350799560547,-0.10992097854614258,0.32833364605903625,0.5501375794410706,-0.13952699303627014,0.30729731917381287,0.5725723505020142,-0.15730808675289154,0.1750774085521698,0.4513254165649414,-0.057624854147434235,0.2535543739795685,0.49361273646354675,-0.10685274004936218,0.28079384565353394,0.6080508828163147,-0.11636114120483398,0.2645014524459839,0.6142450571060181,-0.11712987720966339,0.12013782560825348,0.5067642331123352,-0.06623078882694244,0.20599831640720367,0.5815230011940002,-0.11010891199111938,0.23445403575897217,0.6670479774475098,-0.10002503544092178,0.21506951749324799,0.6650692224502563,-0.08734191209077835,0.08113126456737518,0.5757799744606018,-0.08025277405977249,0.1531188040971756,0.6429048776626587,-0.10505010187625885,0.1867217868566513,0.692847490310669,-0.09694118052721024,0.17881038784980774,0.6902850866317749,-0.08596641570329666,fist,RRQ_p19,RRQ
0.2378145307302475,0.7327992916107178,-3.211820853721292e-07,0.2950407862663269,0.6404373049736023,-0.028018271550536156,0.3246425986289978,0.5216465592384338,-0.047766245901584625,0.3286136984825134,0.4113195240497589,-0.07025770843029022,0.28001534938812256,0.37305623292922974,-0.08396196365356445,0.22977517545223236,0.4249786138534546,0.0008625441696494818,0.2743784487247467,0.3490321636199951,-0.05014650896191597,0.29954737424850464,0.4266343414783478,-0.06971999257802963,0.2810473144054413,0.45922228693962097,-0.0742940604686737,0.18461763858795166,0.44423535466194153,-0.006505200173705816,0.24552522599697113,0.371709406375885,-0.05810536444187164,0.27374503016471863,0.48731184005737305,-0.060312047600746155,0.2423284947872162,0.501183032989502,-0.04777956381440163,0.14836794137954712,0.47265592217445374,-0.023628342896699905,0.22173474729061127,0.42902541160583496,-0.08169517666101456,0.2456844300031662,0.5346998572349548,-0.06783981621265411,0.2091749608516693,0.5524279475212097,-0.04276223108172417,0.11726173758506775,0.5089560747146606,-0.04297143220901489,0.19389548897743225,0.4796900749206543,-0.07632853090763092,0.21226364374160767,0.547579824924469,-0.06412997096776962,0.1786975860595703,0.5704275965690613,-0.045552875846624374,fist,RRQ_p19,RRQ
0.7368956208229065,0.7208135724067688,6.296519359239028e-07,0.6635580658912659,0.6650769114494324,-0.0317051075398922,0.6098803877830505,0.5659511685371399,-0.049584001302719116,0.5693775415420532,0.4836368262767792,-0.06596627831459045,0.5211241245269775,0.43863633275032043,-0.08276399970054626,0.6686348915100098,0.4272017478942871,-0.026942763477563858,0.6627283692359924,0.30718502402305603,-0.0527297705411911,0.6594355702400208,0.23132172226905823,-0.07454321533441544,0.6595770120620728,0.16279256343841553,-0.09137661010026932,0.7212851643562317,0.42052388191223145,-0.033889494836330414,0.7285100221633911,0.2841634154319763,-0.05562734976410866,0.734245240688324,0.19561946392059326,-0.0755244791507721,0.7387402653694153,0.11654496192932129,-0.09072938561439514,0.7702091932296753,0.44076693058013916,-0.04567936807870865,0.7812106013298035,0.3151599168777466,-0.07079804688692093,0.7857449054718018,0.23579253256320953,-0.08690272271633148,0.7872823476791382,0.16411945223808289,-0.0983666330575943,0.8164827227592468,0.4805726706981659,-0.060472529381513596,0.8412264585494995,0.39041808247566223,-0.08235275745391846,0.856993556022644,0.3284144997596741,-0.09052971005439758,0.8684658408164978,0.2683297395706177,-0.09636062383651733,open_palm,RRQ_p19,RRQ
0.4905499219894409,0.8286973834037781,3.02771525184653e-07,0.41565001010894775,0.8212186694145203,-0.007485241629183292,0.3428085446357727,0.7565519213676453,-0.008853396400809288,0.2983133792877197,0.7145596742630005,-0.01363139133900404,0.25905656814575195,0.692129373550415,-0.01976875029504299,0.34116533398628235,0.5910505652427673,0.007559707388281822,0.30030423402786255,0.49966561794281006,-0.007988781668245792,0.2717646062374115,0.44501495361328125,-0.02419409155845642,0.24702341854572296,0.396978497505188,-0.0379386730492115,0.36626294255256653,0.567067563533783,-0.007202074397355318,0.32634085416793823,0.45399314165115356,-0.023456595838069916,0.2951814830303192,0.384566992521286,-0.04164585843682289,0.26519089937210083,0.3225671648979187,-0.055893056094646454,0.3980018198490143,0.5633533596992493,-0.02609621360898018,0.3617766499519348,0.4487641155719757,-0.04560421407222748,0.33207517862319946,0.38138777017593384,-0.06419391930103302,0.30174514651298523,0.3211134672164917,-0.07819825410842896,0.4354274272918701,0.5756864547729492,-0.046593450009822845,0.4192905128002167,0.4814314842224121,-0.06658487021923065,0.4021201729774475,0.416775643825531,-0.07988951355218887,0.38250932097435,0.3562544584274292,-0.09048473089933395,open_palm,RRQ_p19,RRQ
0.6939622759819031,0.7329020500183105,7.634393455191457e-07,0.618976354598999,0.6653096675872803,-0.03508143126964569,0.5532561540603638,0.5625371932983398,-0.05490674450993538,0.4999159872531891,0.48890015482902527,-0.07341033220291138,0.45190322399139404,0.45155325531959534,-0.09280939400196075,0.6491775512695312,0.40519648790359497,-0.034384969621896744,0.6450394988059998,0.280852347612381,-0.0586516410112381,0.6450056433677673,0.20352120697498322,-0.07868564128875732,0.6483813524246216,0.13635802268981934,-0.09534285962581635,0.709879457950592,0.40619245171546936,-0.04110705107450485,0.7410486936569214,0.2707047462463379,-0.06309296935796738,0.7659872770309448,0.18396174907684326,-0.08265366405248642,0.789486825466156,0.11202943325042725,-0.09833991527557373,0.7607225775718689,0.4362398386001587,-0.0533374585211277,0.8033978343009949,0.3173120617866516,-0.08447670191526413,0.8290570974349976,0.2419041246175766,-0.10962038487195969,0.8511304259300232,0.17557767033576965,-0.12698011100292206,0.8024951815605164,0.4887080788612366,-0.06829314678907394,0.8656048774719238,0.42278388142585754,-0.10106712579727173,0.9085773825645447,0.3734855651855469,-0.12003979086875916,0.9455324411392212,0.32544413208961487,-0.1328340619802475,open_palm,RRQ_p19,RRQ
0.6830705404281616,0.7128928303718567,5.0540492679829185e-08,0.6110095977783203,0.6447499990463257,-0.013751054182648659,0.5628974437713623,0.5248581171035767,-0.012917991727590561,0.5373178720474243,0.4411051273345947,-0.014271809719502926,0.5044198036193848,0.38683193922042847,-0.01493615098297596,0.6176106333732605,0.4278826415538788,0.01596038043498993,0.6025960445404053,0.33169347047805786,0.002435280242934823,0.5900569558143616,0.2758416533470154,-0.014018965885043144,0.5783998370170593,0.2221449911594391,-0.028881927952170372,0.6569092273712158,0.41910362243652344,0.007383214309811592,0.6389737725257874,0.3147085905075073,-0.004904501140117645,0.6259016394615173,0.2507862448692322,-0.02191293053328991,0.610676646232605,0.18972626328468323,-0.03587614372372627,0.6972047090530396,0.4314891993999481,-0.006575648672878742,0.680761992931366,0.3277759552001953,-0.02209801971912384,0.6646836996078491,0.2661651372909546,-0.035278480499982834,0.6446930170059204,0.2093736231327057,-0.04535341262817383,0.7403640151023865,0.4605635404586792,-0.023179229348897934,0.7252534627914429,0.37974292039871216,-0.03981596976518631,0.7071192860603333,0.32673048973083496,-0.04918510466814041,0.6861282587051392,0.2772220969200134,-0.05620363727211952,open_palm,RRQ_p19,RRQ
0.6924025416374207,0.7047074437141418,6.089557018640335e-07,0.6175788640975952,0.639629602432251,-0.02707488089799881,0.5634238719940186,0.5405309796333313,-0.037974581122398376,0.528630256652832,0.4598299562931061,-0.04882029443979263,0.4920514225959778,0.4143332242965698,-0.05915635824203491,0.6559330821037292,0.4026910364627838,-0.0024705410469323397,0.6494468450546265,0.29614436626434326,-0.01579241268336773,0.6470386385917664,0.23228789865970612,-0.030123727396130562,0.6482637524604797,0.1779288947582245,-0.042277123779058456,0.708945631980896,0.40297842025756836,-0.007996119558811188,0.7333469986915588,0.2836519479751587,-0.01877518929541111,0.7507790327072144,0.20747652649879456,-0.03059876710176468,0.7668009400367737,0.14645496010780334,-0.03977704048156738,0.7542919516563416,0.42712074518203735,-0.02011232264339924,0.7841097712516785,0.3167774975299835,-0.03985907509922981,0.7994686365127563,0.24499216675758362,-0.05430775135755539,0.8124993443489075,0.18271705508232117,-0.0637078806757927,0.7945712804794312,0.46957775950431824,-0.03533322736620903,0.8392126560211182,0.39574411511421204,-0.056843627244234085,0.8661901950836182,0.34170809388160706,-0.06704401224851608,0.8898020386695862,0.28911852836608887,-0.07340168207883835,open_palm,RRQ_p19,RRQ
0.692622721195221,0.7487959861755371,7.298353921214584e-07,0.6146622896194458,0.6888675093650818,-0.04116273298859596,0.5604955554008484,0.58384770154953,-0.06594088673591614,0.5213993787765503,0.49604663252830505,-0.08774964511394501,0.4711167812347412,0.43932265043258667,-0.11068867892026901,0.6386651992797852,0.43371766805648804,-0.04182090982794762,0.6459974646568298,0.30485302209854126,-0.07562480866909027,0.6552552580833435,0.22282174229621887,-0.10381391644477844,0.667056143283844,0.1488083004951477,-0.125081405043602,0.6977246403694153,0.432081401348114,-0.047621969133615494,0.7212778329849243,0.2875111401081085,-0.07542773336172104,0.7399320602416992,0.19448569416999817,-0.10019558668136597,0.7569854855537415,0.10959872603416443,-0.11950834840536118,0.7477468848228455,0.4608885645866394,-0.05889636278152466,0.7732387185096741,0.327656626701355,-0.08861590921878815,0.788191020488739,0.24315570294857025,-0.10742007941007614,0.7993913292884827,0.1635587513446808,-0.12151321768760681,0.7921245694160461,0.5122062563896179,-0.07388652116060257,0.81993168592453,0.42029470205307007,-0.10095935314893723,0.8358593583106995,0.3559238016605377,-0.11142194271087646,0.8469977378845215,0.29163825511932373,-0.11911597102880478,open_palm,RRQ_p19,RRQ
0.4365721642971039,0.9126132130622864,4.4234528218112246e-07,0.3423844873905182,0.8972240686416626,-0.019557010382413864,0.2515074610710144,0.8261852860450745,-0.03236973285675049,0.18509960174560547,0.7836721539497375,-0.0474742129445076,0.12454313039779663,0.7556192278862,-0.06370662152767181,0.2701059877872467,0.64325350522995,-0.008359705097973347,0.21996210515499115,0.5444418787956238,-0.03391851857304573,0.18322217464447021,0.4860781133174896,-0.05781097710132599,0.14944465458393097,0.4339182674884796,-0.07729517668485641,0.3045554459095001,0.6203897595405579,-0.023738006129860878,0.26342400908470154,0.4948453903198242,-0.04915117099881172,0.2289419025182724,0.41606953740119934,-0.07347941398620605,0.195030078291893,0.3449063003063202,-0.09187531471252441,0.3450778126716614,0.6247811317443848,-0.04423446208238602,0.3063792288303375,0.5008220672607422,-0.07244200259447098,0.27225252985954285,0.42767855525016785,-0.0930776372551918,0.23686496913433075,0.35829922556877136,-0.10845893621444702,0.3896801173686981,0.651232898235321,-0.06713797152042389,0.37521839141845703,0.5570468902587891,-0.09440416842699051,0.35593947768211365,0.49022990465164185,-0.10888774693012238,0.33394503593444824,0.42289459705352783,-0.11988907307386398,open_palm,RRQ_p19,RRQ
0.2557622790336609,0.8027284145355225,5.680345793734887e-07,0.35173672437667847,0.7524374723434448,-0.023650476709008217,0.42984116077423096,0.6579698324203491,-0.03335430845618248,0.4863196015357971,0.5853477716445923,-0.04537602514028549,0.5337110161781311,0.5352109670639038,-0.05769834294915199,0.3746773302555084,0.47117024660110474,-0.0019326191395521164,0.40215644240379333,0.3512042462825775,-0.023197125643491745,0.4219008684158325,0.2823833227157593,-0.04595379903912544,0.44180047512054443,0.22084581851959229,-0.06349009275436401,0.32669326663017273,0.45090213418006897,-0.012645844370126724,0.3483525812625885,0.3093177080154419,-0.031134502962231636,0.3679734766483307,0.21806660294532776,-0.05366145446896553,0.3852998912334442,0.1412072777748108,-0.07100214809179306,0.2779187560081482,0.46072816848754883,-0.02916574291884899,0.28443285822868347,0.32296743988990784,-0.049575094133615494,0.29894620180130005,0.23697420954704285,-0.06820642203092575,0.3152012825012207,0.16115257143974304,-0.08198539167642593,0.22629043459892273,0.49361589550971985,-0.049119994044303894,0.21893061697483063,0.3857545256614685,-0.07011272013187408,0.2219954878091812,0.31157004833221436,-0.08082806318998337,0.23077288269996643,0.23982369899749756,-0.0884159505367279,open_palm,RRQ_p19,RRQ
0.38728538155555725,0.9044323563575745,3.606022573876544e-07,0.4791674017906189,0.9010668396949768,0.0024177199229598045,0.5620815753936768,0.8387008309364319,0.00757446326315403,0.6249328851699829,0.8022238612174988,0.005766068119555712,0.670093297958374,0.7776935696601868,0.003839978715404868,0.5486968755722046,0.6566259264945984,0.03224977105855942,0.5913879871368408,0.5658442974090576,0.020641859620809555,0.6263382434844971,0.5229377746582031,0.004923415370285511,0.662301778793335,0.490577757358551,-0.007925092242658138,0.5239740014076233,0.6311564445495605,0.012662963010370731,0.5670137405395508,0.5199429988861084,0.001845258753746748,0.6102156639099121,0.45673900842666626,-0.014291220344603062,0.6507782936096191,0.4069460332393646,-0.02729034051299095,0.4929842948913574,0.6258803606033325,-0.011948610655963421,0.528820812702179,0.5133373737335205,-0.025393718853592873,0.5647229552268982,0.447525292634964,-0.037680484354496,0.5985991358757019,0.3927154541015625,-0.04750172793865204,0.4566024839878082,0.6384962201118469,-0.03841807320713997,0.4789646863937378,0.5478549003601074,-0.05330228805541992,0.5039728879928589,0.4862772226333618,-0.060946982353925705,0.531300961971283,0.4286426603794098,-0.06730744242668152,open_palm,RRQ_p19,RRQ
0.2691444456577301,0.8163785338401794,7.505702797061531e-07,0.34571966528892517,0.7673785090446472,-0.04771600663661957,0.4055439829826355,0.6959947347640991,-0.08044445514678955,0.46179720759391785,0.6442309021949768,-0.11106982827186584,0.5159573554992676,0.604646623134613,-0.14288638532161713,0.33455750346183777,0.5144253373146057,-0.05928952619433403,0.34078049659729004,0.39220723509788513,-0.09868241846561432,0.3468000888824463,0.31499630212783813,-0.1296236515045166,0.35100406408309937,0.24181294441223145,-0.15229450166225433,0.27617695927619934,0.5101450085639954,-0.06354713439941406,0.2582854926586151,0.372683048248291,-0.09794273227453232,0.24887040257453918,0.2839450240135193,-0.1257571280002594,0.2391050159931183,0.20453399419784546,-0.1466861218214035,0.22579166293144226,0.5400888919830322,-0.0724978819489479,0.1952226161956787,0.42256981134414673,-0.1044088825583458,0.17642126977443695,0.3420298099517822,-0.12627911567687988,0.1617274135351181,0.26695314049720764,-0.14147144556045532,0.18258939683437347,0.5953815579414368,-0.08603427559137344,0.1418725848197937,0.5111306309700012,-0.11507554352283478,0.11638210713863373,0.4528726637363434,-0.12860964238643646,0.09602445363998413,0.39242133498191833,-0.13710683584213257,open_palm,RRQ_p19,RRQ
0.274295449256897,0.7432411313056946,6.166562229736883e-07,0.33674269914627075,0.6872298717498779,-0.03929757699370384,0.3825596570968628,0.6081061363220215,-0.0660981833934784,0.42826569080352783,0.5469080805778503,-0.09111075848340988,0.472555547952652,0.5050749778747559,-0.11775529384613037,0.3060407042503357,0.46795788407325745,-0.05512775853276253,0.29881128668785095,0.3534025549888611,-0.08996277302503586,0.29286205768585205,0.28081732988357544,-0.11583103239536285,0.28509217500686646,0.2152700424194336,-0.13504604995250702,0.2539736032485962,0.4763047397136688,-0.06068184971809387,0.22274655103683472,0.35247179865837097,-0.0939321294426918,0.20198673009872437,0.27225109934806824,-0.11948978155851364,0.1813204288482666,0.20155343413352966,-0.13819658756256104,0.21234959363937378,0.5128749012947083,-0.06963969022035599,0.17006522417068481,0.40845537185668945,-0.10095839202404022,0.14308807253837585,0.33691322803497314,-0.12187309563159943,0.12008687853813171,0.27074891328811646,-0.13585823774337769,0.1791134774684906,0.5703446269035339,-0.0820205882191658,0.13235364854335785,0.49872347712516785,-0.1108081266283989,0.10301844775676727,0.44928061962127686,-0.12478990852832794,0.07848779857158661,0.3964453935623169,-0.13346172869205475,open_palm,RRQ_p19,RRQ
0.27033382654190063,0.7610489130020142,6.784839001738874e-07,0.35012322664260864,0.6955360770225525,-0.04724212363362312,0.4126827120780945,0.6008080244064331,-0.07770391553640366,0.4652857780456543,0.5236467123031616,-0.10561487823724747,0.511448085308075,0.4586057662963867,-0.13456317782402039,0.3316608667373657,0.4321606159210205,-0.06124524772167206,0.3412429988384247,0.29771924018859863,-0.10062284767627716,0.34569182991981506,0.21184346079826355,-0.13070638477802277,0.34637895226478577,0.13376429677009583,-0.15328307449817657,0.2722216248512268,0.43217846751213074,-0.06675423681735992,0.24770376086235046,0.28138548135757446,-0.10355138778686523,0.2319725751876831,0.18403807282447815,-0.13312289118766785,0.21419161558151245,0.10174766182899475,-0.15529847145080566,0.22272595763206482,0.4677209258079529,-0.07686297595500946,0.18026748299598694,0.339304119348526,-0.11258263140916824,0.15392209589481354,0.25172659754753113,-0.13787007331848145,0.13193129003047943,0.17298069596290588,-0.1553998589515686,0.181831955909729,0.5291138887405396,-0.09110982716083527,0.12922915816307068,0.4398713707923889,-0.12532922625541687,0.09723865985870361,0.37656593322753906,-0.1435500681400299,0.0708974301815033,0.3117949366569519,-0.15530075132846832,open_palm,RRQ_p19,RRQ
0.36145633459091187,0.8058655858039856,5.310355390975019e-07,0.44472014904022217,0.8106073141098022,-0.015266294591128826,0.5294901728630066,0.7822228670120239,-0.029370833188295364,0.5985713005065918,0.7747038006782532,-0.047349605709314346,0.655497133731842,0.7733836770057678,-0.06700585782527924,0.538809061050415,0.5927996039390564,-0.013848657719790936,0.6071181297302246,0.5236247181892395,-0.04113101586699486,0.6532213687896729,0.4865935742855072,-0.06530708819627762,0.6966300010681152,0.45469969511032104,-0.08335090428590775,0.5096603631973267,0.561302900314331,-0.03009572997689247,0.5585613250732422,0.445615291595459,-0.05316629260778427,0.5983394384384155,0.3751947283744812,-0.07495926320552826,0.6313092112541199,0.3143254220485687,-0.09197821468114853,0.47204285860061646,0.5586672425270081,-0.050250496715307236,0.49585989117622375,0.43762245774269104,-0.0737820640206337,0.5239433646202087,0.3617161214351654,-0.09121955931186676,0.5525727272033691,0.2944391965866089,-0.1043689027428627,0.4297429621219635,0.5786628127098083,-0.07275592535734177,0.43446841835975647,0.4784860610961914,-0.09671955555677414,0.45005476474761963,0.4112839698791504,-0.10828784853219986,0.469554603099823,0.3484490215778351,-0.11642037332057953,open_palm,RRQ_p19,RRQ
0.43163982033729553,0.8408387899398804,6.507133889499528e-07,0.5019245147705078,0.8001713752746582,-0.03774154931306839,0.5655482411384583,0.7409220337867737,-0.06560402363538742,0.6278845071792603,0.7068248391151428,-0.09259860217571259,0.6828719973564148,0.6898319125175476,-0.12123140692710876,0.5065484642982483,0.5631620287895203,-0.04725004732608795,0.5225797295570374,0.4530261754989624,-0.08047156035900116,0.5360559821128845,0.3863180875778198,-0.10720889270305634,0.5491999387741089,0.3241349458694458,-0.12711362540721893,0.46068626642227173,0.5574942231178284,-0.05358130857348442,0.4534412920475006,0.43239712715148926,-0.08226869255304337,0.45060840249061584,0.35054102540016174,-0.10656066238880157,0.44708412885665894,0.2795630991458893,-0.12512625753879547,0.4189683198928833,0.5831383466720581,-0.06392771750688553,0.39628544449806213,0.4710703492164612,-0.09107831120491028,0.3849477171897888,0.39487332105636597,-0.11182110756635666,0.377595454454422,0.32364895939826965,-0.1266327053308487,0.38131073117256165,0.6340829133987427,-0.07799413055181503,0.34279003739356995,0.5577465891838074,-0.10421387106180191,0.3218109607696533,0.5016898512840271,-0.11807337403297424,0.3065859079360962,0.44320887327194214,-0.12709447741508484,open_palm,RRQ_p19,RRQ
0.2787606120109558,0.734914243221283,4.314287025408703e-07,0.33851099014282227,0.6729043126106262,-0.028748158365488052,0.37851718068122864,0.5795485377311707,-0.044268649071455,0.4182078242301941,0.5049596428871155,-0.05934237316250801,0.4560372531414032,0.4583145081996918,-0.07523252069950104,0.29913806915283203,0.44476932287216187,-0.024424633011221886,0.2825664281845093,0.34168487787246704,-0.046598173677921295,0.2696581482887268,0.279326856136322,-0.06652409583330154,0.2577937841415405,0.22291609644889832,-0.0821547880768776,0.25589507818222046,0.45087742805480957,-0.02951669692993164,0.23094132542610168,0.333840548992157,-0.04961879551410675,0.21711130440235138,0.25991860032081604,-0.06904606521129608,0.20408886671066284,0.198747456073761,-0.08381189405918121,0.22043170034885406,0.4813470244407654,-0.03848935291171074,0.18767401576042175,0.379570335149765,-0.05754520371556282,0.17155513167381287,0.3108542561531067,-0.07313214987516403,0.1579023152589798,0.2477288544178009,-0.08475378900766373,0.19005507230758667,0.5296391844749451,-0.05078732967376709,0.15772120654582977,0.45530495047569275,-0.06886999309062958,0.14004506170749664,0.4048512876033783,-0.07783044874668121,0.12581251561641693,0.35271868109703064,-0.08412498980760574,open_palm,RRQ_p19,RRQ
0.7953361868858337,0.685113787651062,-6.906482781232626e-07,0.7596209049224854,0.5555027723312378,0.012116498313844204,0.686427652835846,0.4310787320137024,0.004994823131710291,0.6497032642364502,0.3293921649456024,-0.005520571954548359,0.6684151291847229,0.24632391333580017,-0.015383850783109665,0.636867105960846,0.36607468128204346,-0.03222255781292915,0.49572449922561646,0.4175410866737366,-0.06251810491085052,0.5203880667686462,0.4638819992542267,-0.07043182849884033,0.5632389783859253,0.4595814645290375,-0.07254389673471451,0.6422600150108337,0.43389204144477844,-0.05198923125863075,0.49106717109680176,0.49442845582962036,-0.08052471280097961,0.5276350378990173,0.5309293866157532,-0.07167689502239227,0.5740828514099121,0.5208459496498108,-0.06427168101072311,0.6460357904434204,0.5189456343650818,-0.07070404291152954,0.5114230513572693,0.570802628993988,-0.09783635288476944,0.5534495711326599,0.6008669137954712,-0.07612213492393494,0.5982685685157776,0.5912915468215942,-0.0594063363969326,0.6505525708198547,0.6109048128128052,-0.0878521054983139,0.5486841201782227,0.6442462205886841,-0.11238473653793335,0.5856837034225464,0.6628826260566711,-0.10256573557853699,0.6261093020439148,0.652558445930481,-0.09082839637994766,thumbs_up,RRQ_p19,RRQ
0.882196843624115,0.7291387319564819,-8.647751883472665e-07,0.8263751268386841,0.581077516078949,0.02636798843741417,0.733921229839325,0.46079111099243164,0.022044522687792778,0.6758396625518799,0.35614967346191406,0.011464092880487442,0.6790224313735962,0.25704577565193176,8.457463991362602e-05,0.6565059423446655,0.4178621768951416,-0.026694390922784805,0.5013633370399475,0.48739999532699585,-0.049659449607133865,0.5301463603973389,0.5417380332946777,-0.05235367268323898,0.5757471919059753,0.5423721671104431,-0.05153730511665344,0.6667678952217102,0.49612173438072205,-0.0533498078584671,0.5065568685531616,0.5825281739234924,-0.07196817547082901,0.5504190921783447,0.6128188967704773,-0.05886981263756752,0.6016690731048584,0.5970461964607239,-0.05082959309220314,0.679080069065094,0.5896556377410889,-0.07658884674310684,0.5496203303337097,0.665856659412384,-0.09225467592477798,0.5986998081207275,0.684272289276123,-0.06714996695518494,0.6443073749542236,0.6657131314277649,-0.05183343216776848,0.6940367221832275,0.6878542900085449,-0.09707633405923843,0.5907069444656372,0.7339251637458801,-0.11122149229049683,0.63432377576828,0.7451351881027222,-0.09437471628189087,0.6764804124832153,0.7306272387504578,-0.08009306341409683,thumbs_up,RRQ_p19,RRQ
0.8206599950790405,0.8409502506256104,-9.737146910993033e-07,0.7254339456558228,0.6451066136360168,-0.0259255263954401,0.7075294256210327,0.4641876518726349,-0.046315547078847885,0.7160229682922363,0.328049898147583,-0.0618596225976944,0.7352077960968018,0.2310347855091095,-0.06802515685558319,0.8421958684921265,0.35560154914855957,-0.06694461405277252,0.658236563205719,0.3484914302825928,-0.11129143834114075,0.6445474624633789,0.4386151432991028,-0.12077615410089493,0.6919410824775696,0.46258389949798584,-0.12433599680662155,0.8824655413627625,0.4412517249584198,-0.07775180041790009,0.6550828218460083,0.4770088493824005,-0.12371687591075897,0.6677156686782837,0.5475205183029175,-0.11745843291282654,0.7240138649940491,0.5538397431373596,-0.11114374548196793,0.8952307105064392,0.5558395981788635,-0.09168828278779984,0.6806293725967407,0.5987022519111633,-0.13109788298606873,0.6979721188545227,0.6538347005844116,-0.10783623158931732,0.7501049041748047,0.6567848920822144,-0.09007010608911514,0.888036847114563,0.6808052659034729,-0.10859877616167068,0.7167761921882629,0.7020200490951538,-0.13912980258464813,0.7274485230445862,0.7307438254356384,-0.13384227454662323,0.7753811478614807,0.7277677059173584,-0.12424870580434799,thumbs_up,RRQ_p19,RRQ
0.7947490215301514,0.7519152760505676,-7.203489644780348e-07,0.7369616031646729,0.6024450659751892,-0.0035959980450570583,0.6891314387321472,0.4439864456653595,-0.025410998612642288,0.6699002981185913,0.32097023725509644,-0.049479857087135315,0.6901313662528992,0.2113415002822876,-0.07578028738498688,0.7246768474578857,0.4113915264606476,-0.06637845933437347,0.5716330409049988,0.40876588225364685,-0.1049240380525589,0.5587972402572632,0.4522830843925476,-0.11692339926958084,0.5789510607719421,0.471821665763855,-0.12252301722764969,0.7415059804916382,0.5006804466247559,-0.08859828859567642,0.5564641952514648,0.5127537250518799,-0.12629690766334534,0.5667307376861572,0.5382987260818481,-0.12459932267665863,0.6006951928138733,0.5441280007362366,-0.1257384717464447,0.7469544410705566,0.6006046533584595,-0.10968051105737686,0.5714577436447144,0.6135283708572388,-0.15016767382621765,0.6050735116004944,0.6387803554534912,-0.1313984990119934,0.6569685339927673,0.6379117965698242,-0.11729095131158829,0.7438616752624512,0.7012335062026978,-0.1292043775320053,0.6003255844116211,0.6933887004852295,-0.1616283804178238,0.6318109631538391,0.7082246541976929,-0.14837783575057983,0.6838499903678894,0.7080249190330505,-0.13563968241214752,thumbs_up,RRQ_p19,RRQ
0.752145528793335,0.8080081343650818,-1.88582163218598e-07,0.7426372766494751,0.6245183944702148,0.008589902892708778,0.69874107837677,0.4732447564601898,-0.0036377403885126114,0.6761690974235535,0.33877116441726685,-0.0184724610298872,0.7026909589767456,0.2383304238319397,-0.034712985157966614,0.5593910813331604,0.4624629318714142,-0.032334230840206146,0.4363515377044678,0.47412630915641785,-0.03267597034573555,0.468977153301239,0.5201449394226074,-0.029192212969064713,0.5165860056877136,0.534180223941803,-0.02730717882514,0.5222017765045166,0.5665143132209778,-0.042219407856464386,0.419310063123703,0.5684916973114014,-0.03332548215985298,0.46089285612106323,0.603086531162262,-0.020853620022535324,0.5125430226325989,0.6168470978736877,-0.016980649903416634,0.49989408254623413,0.6754497289657593,-0.04678090661764145,0.4301684498786926,0.6621706485748291,-0.02998913638293743,0.4695490002632141,0.6850572824478149,-0.010498810559511185,0.5158562064170837,0.7001587748527527,-0.005539080128073692,0.49112051725387573,0.7776182889938354,-0.05089334771037102,0.4613894820213318,0.7551941275596619,-0.035638682544231415,0.5023009181022644,0.7748954892158508,-0.015045611187815666,0.5389026403427124,0.785789966583252,-0.0019366240594536066,thumbs_up,RRQ_p19,RRQ
0.8591059446334839,0.8316093683242798,-8.776813729127753e-07,0.7611135244369507,0.6301231384277344,-0.013447738252580166,0.7259583473205566,0.4365767240524292,-0.0357159748673439,0.7274338603019714,0.29655882716178894,-0.05677834525704384,0.7688828706741333,0.19894427061080933,-0.07214926183223724,0.8237478137016296,0.3569290041923523,-0.057259008288383484,0.651786744594574,0.40055543184280396,-0.09693263471126556,0.662938117980957,0.4699796140193939,-0.10789154469966888,0.7112901210784912,0.46829017996788025,-0.11261635273694992,0.8584779500961304,0.45391666889190674,-0.07489795237779617,0.6536020636558533,0.517764151096344,-0.11162064224481583,0.6831933856010437,0.5552895665168762,-0.10589706152677536,0.7329176068305969,0.544838547706604,-0.10348917543888092,0.8723416924476624,0.5662808418273926,-0.09421809017658234,0.6770696640014648,0.612216055393219,-0.12902715802192688,0.7085699439048767,0.6447899341583252,-0.10755801945924759,0.7616317868232727,0.6336222290992737,-0.09247677773237228,0.869458794593811,0.6826840043067932,-0.11473187804222107,0.7110222578048706,0.7002794742584229,-0.13745398819446564,0.7324687242507935,0.7190756797790527,-0.12584424018859863,0.7810854315757751,0.713973343372345,-0.11416690796613693,thumbs_up,RRQ_p19,RRQ
0.15699341893196106,0.647014856338501,-4.099166801552201e-07,0.18204191327095032,0.5179978609085083,-0.008919190615415573,0.22870148718357086,0.3693670332431793,-0.0334622822701931,0.23222362995147705,0.25829535722732544,-0.058659784495830536,0.19235539436340332,0.18267935514450073,-0.07915174961090088,0.2768000662326813,0.330063134431839,-0.07104372978210449,0.43589359521865845,0.37232398986816406,-0.11127514392137527,0.4039544463157654,0.4181059002876282,-0.1252809464931488,0.35237783193588257,0.4091613292694092,-0.1326388567686081,0.27295708656311035,0.4055597186088562,-0.08892777562141418,0.43492865562438965,0.4602537453174591,-0.11374879628419876,0.3952280282974243,0.49215561151504517,-0.10449548810720444,0.3441036343574524,0.47637560963630676,-0.10290732979774475,0.2731691896915436,0.4972907602787018,-0.10637736320495605,0.421688050031662,0.5454511046409607,-0.1230880618095398,0.38243788480758667,0.5676578283309937,-0.10179837048053741,0.3332938849925995,0.5519347190856934,-0.09256032854318619,0.2791683077812195,0.5911871194839478,-0.12457694113254547,0.4012071192264557,0.6185281872749329,-0.12905026972293854,0.36924415826797485,0.6317757964134216,-0.11176211386919022,0.3219392001628876,0.6225391030311584,-0.10299132764339447,thumbs_up,RRQ_p19,RRQ
0.4144394099712372,0.7764782905578613,-5.197994141781237e-07,0.4460577964782715,0.6314677596092224,0.004689092747867107,0.4892352223396301,0.5176397562026978,-0.01650637947022915,0.5081954002380371,0.4109431207180023,-0.03930869698524475,0.4954841732978821,0.3219170868396759,-0.059241894632577896,0.6153022050857544,0.5387455224990845,-0.040298979729413986,0.6968252062797546,0.5945166945457458,-0.043398283421993256,0.6655638813972473,0.6306771039962769,-0.03750879317522049,0.6262251138687134,0.6255884766578674,-0.03433715179562569,0.6338964700698853,0.6305878162384033,-0.054239556193351746,0.6889591217041016,0.6833285689353943,-0.037520673125982285,0.6515613198280334,0.7036112546920776,-0.021524090319871902,0.6105538606643677,0.6946326494216919,-0.020309897139668465,0.6358326077461243,0.7264226675033569,-0.06414257735013962,0.6651164293289185,0.7544452548027039,-0.0399075523018837,0.6333523988723755,0.7706078886985779,-0.01745460368692875,0.5957733988761902,0.7640780210494995,-0.015579503029584885,0.6296840310096741,0.814100444316864,-0.07452350109815598,0.6443688273429871,0.8266819715499878,-0.05267754942178726,0.612518846988678,0.8349816203117371,-0.028749141842126846,0.5812128186225891,0.8276869654655457,-0.01737275905907154,thumbs_up,RRQ_p19,RRQ
0.19454513490200043,0.6520951390266418,-3.762866356282757e-07,0.22620585560798645,0.5269662737846375,-0.00460027577355504,0.281451940536499,0.40274402499198914,-0.027118893340229988,0.2958216369152069,0.2977975606918335,-0.050733212381601334,0.26704663038253784,0.21724116802215576,-0.07075788080692291,0.390519380569458,0.4010361433029175,-0.04441646859049797,0.4936496615409851,0.48078370094299316,-0.06091891601681709,0.4599340558052063,0.5134270787239075,-0.06671204417943954,0.4161602854728699,0.5032246112823486,-0.071034736931324,0.39813873171806335,0.48841071128845215,-0.05859087035059929,0.4931640028953552,0.5645082592964172,-0.05938562750816345,0.45633387565612793,0.5838148593902588,-0.04996128007769585,0.41234663128852844,0.5686867833137512,-0.04953259974718094,0.3963138163089752,0.5842225551605225,-0.07125401496887207,0.4726557731628418,0.633729100227356,-0.06520963460206985,0.4396892189979553,0.6473510265350342,-0.04581733047962189,0.39816200733184814,0.6337979435920715,-0.04026013985276222,0.3893435299396515,0.6760912537574768,-0.08480808883905411,0.44973257184028625,0.6978557109832764,-0.07533697783946991,0.4231942296028137,0.7011523246765137,-0.054667990654706955,0.38865146040916443,0.6863580942153931,-0.04359013959765434,thumbs_up,RRQ_p19,RRQ
0.2640789747238159,0.7405176162719727,-4.416756382852327e-07,0.3509231507778168,0.6318689584732056,-0.01722760498523712,0.40076231956481934,0.4967786371707916,-0.030662672594189644,0.4189135432243347,0.3941612243652344,-0.04303307086229324,0.410643994808197,0.29791271686553955,-0.049132339656353,0.3328778147697449,0.3797292113304138,-0.055221013724803925,0.4681905508041382,0.45708101987838745,-0.1003321036696434,0.4507955014705658,0.5201467275619507,-0.11549508571624756,0.4104406237602234,0.5044015645980835,-0.12463826686143875,0.28296738862991333,0.4295690059661865,-0.06865624338388443,0.4389197826385498,0.5473917722702026,-0.11505977064371109,0.41498640179634094,0.5924963355064392,-0.12021293491125107,0.3786664605140686,0.570490300655365,-0.1244722306728363,0.24661946296691895,0.5088005661964417,-0.08437783271074295,0.39111196994781494,0.62432861328125,-0.12787291407585144,0.37608346343040466,0.6608984470367432,-0.1198582798242569,0.34764358401298523,0.641694188117981,-0.11214423179626465,0.22197048366069794,0.5985606908798218,-0.10234188288450241,0.3360096216201782,0.6772029399871826,-0.1390908807516098,0.3464966118335724,0.693498969078064,-0.14513561129570007,0.33206072449684143,0.6764243245124817,-0.1448017954826355,thumbs_up,RRQ_p19,RRQ
0.2751767039299011,0.7542705535888672,-5.596227197202097e-07,0.3592349886894226,0.6250447630882263,-0.050277069211006165,0.4195820093154907,0.45930442214012146,-0.0832054615020752,0.4834001064300537,0.3476060628890991,-0.11155293881893158,0.5370065569877625,0.2930618226528168,-0.1277494877576828,0.2270570993423462,0.3261091113090515,-0.0578252337872982,0.3036273121833801,0.2592030167579651,-0.1099257692694664,0.3316762149333954,0.3833516240119934,-0.13007967174053192,0.30988609790802,0.41631385684013367,-0.14106321334838867,0.15658816695213318,0.360910564661026,-0.05770839378237724,0.25581616163253784,0.33677759766578674,-0.1185247078537941,0.29282712936401367,0.46349969506263733,-0.13630732893943787,0.25913795828819275,0.4748539626598358,-0.14181683957576752,0.10712730884552002,0.4293125569820404,-0.06141643598675728,0.1964823305606842,0.4190238416194916,-0.11212199181318283,0.2398104965686798,0.5157743096351624,-0.10145234316587448,0.20794953405857086,0.5237057209014893,-0.08735834062099457,0.07103483378887177,0.5045300722122192,-0.06941471248865128,0.13512669503688812,0.4964863955974579,-0.09137729555368423,0.18752288818359375,0.5482733249664307,-0.0746549665927887,0.1712893545627594,0.5597874522209167,-0.0577189102768898,thumbs_up,RRQ_p19,RRQ
0.1640898734331131,0.7401100397109985,-5.378117293730611e-07,0.25679412484169006,0.5946524143218994,-0.014469441957771778,0.3308383822441101,0.44159358739852905,-0.03306446224451065,0.3497578203678131,0.32703548669815063,-0.05321589484810829,0.3316863179206848,0.2343209981918335,-0.06792896240949631,0.2995208501815796,0.3858155608177185,-0.0538162887096405,0.4353620707988739,0.48589783906936646,-0.09933686256408691,0.4061199128627777,0.5301859974861145,-0.1194632425904274,0.3742479681968689,0.5155348777770996,-0.13394461572170258,0.2525002658367157,0.4692091941833496,-0.07362189888954163,0.4209872782230377,0.598569929599762,-0.11311174184083939,0.3707951307296753,0.6105725169181824,-0.11622588336467743,0.3284967243671417,0.5749318599700928,-0.12413352727890015,0.2161611169576645,0.5646247863769531,-0.09574838727712631,0.3814692199230194,0.6896821856498718,-0.12779653072357178,0.3320654034614563,0.6900864839553833,-0.11626816540956497,0.2955440878868103,0.6527153253555298,-0.11201880872249603,0.19094310700893402,0.6574732065200806,-0.12072673439979553,0.3331320881843567,0.7504752278327942,-0.1386389285326004,0.3002462387084961,0.7439278364181519,-0.13376370072364807,0.2585986852645874,0.7118197679519653,-0.13296495378017426,thumbs_up,RRQ_p19,RRQ
0.1604793816804886,0.6541621685028076,-5.347994829207892e-07,0.19303801655769348,0.4974086880683899,0.005097022280097008,0.2493615746498108,0.36902177333831787,-0.012935266830027103,0.2731950581073761,0.24721799790859222,-0.03511958196759224,0.25227227807044983,0.15303191542625427,-0.05477471649646759,0.39558300375938416,0.39762550592422485,-0.013327553868293762,0.4687584340572357,0.47173646092414856,-0.014971469528973103,0.44169509410858154,0.512738823890686,-0.016155429184436798,0.40149831771850586,0.5159398913383484,-0.019117018207907677,0.41340959072113037,0.49439918994903564,-0.0294099822640419,0.46592652797698975,0.5672840476036072,-0.010951421223580837,0.4323998987674713,0.5914104580879211,-0.002033025259152055,0.38885730504989624,0.5854408740997314,-0.006204421631991863,0.4140145480632782,0.5959079265594482,-0.04358860105276108,0.4441964626312256,0.6431830525398254,-0.01760501228272915,0.4143694341182709,0.6594462394714355,-0.0008116124081425369,0.37480759620666504,0.6489979028701782,-0.0030982124153524637,0.4049830436706543,0.6917036771774292,-0.059242140501737595,0.4187099039554596,0.7183408737182617,-0.034624133259058,0.38724446296691895,0.7228773832321167,-0.013175955973565578,0.35264700651168823,0.7065602540969849,-0.004674889612942934,thumbs_up,RRQ_p19,RRQ
0.18333832919597626,0.6519970893859863,-3.9290006270675804e-07,0.2170354425907135,0.5031307935714722,-0.004290969111025333,0.2792902886867523,0.3488960266113281,-0.030880430713295937,0.28512492775917053,0.22633689641952515,-0.05916731432080269,0.2433464229106903,0.13461807370185852,-0.08402958512306213,0.38245680928230286,0.35200396180152893,-0.06593448668718338,0.5324702262878418,0.4265202581882477,-0.09695278108119965,0.49093374609947205,0.4533657431602478,-0.10885586589574814,0.43632277846336365,0.43646878004074097,-0.11540419608354568,0.38411185145378113,0.4541980028152466,-0.08503608405590057,0.5331018567085266,0.5228962302207947,-0.09529504925012589,0.48596101999282837,0.5329549312591553,-0.08037269115447998,0.4308568835258484,0.51365727186203,-0.07698405534029007,0.38101309537887573,0.565098762512207,-0.10275586694478989,0.5087713599205017,0.6116838455200195,-0.10035435855388641,0.4642477035522461,0.6166431903839111,-0.06814610213041306,0.4125005304813385,0.6004706621170044,-0.05550612509250641,0.37442272901535034,0.6703633666038513,-0.12161835283041,0.47869938611984253,0.6845194697380066,-0.10725578665733337,0.4393797814846039,0.6848182678222656,-0.07445359230041504,0.3931107819080353,0.6721999049186707,-0.05778805539011955,thumbs_up,RRQ_p19,RRQ
0.3964536786079407,0.7484370470046997,-3.3288918643847865e-07,0.4613427519798279,0.629889726638794,-0.014984402805566788,0.5573295950889587,0.4909443259239197,-0.046035099774599075,0.581626296043396,0.3753364682197571,-0.07680868357419968,0.5551407933235168,0.273986279964447,-0.10282889753580093,0.5830956101417542,0.43998315930366516,-0.10125145316123962,0.7518942952156067,0.5615313053131104,-0.15802693367004395,0.7146357297897339,0.610823929309845,-0.17858657240867615,0.6600727438926697,0.5847821831703186,-0.18978768587112427,0.5424816012382507,0.5254806280136108,-0.12499366700649261,0.7280737161636353,0.6710301637649536,-0.17110952734947205,0.6798765063285828,0.7014083862304688,-0.16342715919017792,0.6251389980316162,0.6693331003189087,-0.16146458685398102,0.5066968202590942,0.6325296759605408,-0.14841853082180023,0.6814979910850525,0.7575090527534485,-0.185466930270195,0.6374745965003967,0.7761346101760864,-0.16190382838249207,0.5875881910324097,0.745250940322876,-0.14835388958454132,0.47806841135025024,0.7415436506271362,-0.1724231243133545,0.625979483127594,0.8281447887420654,-0.19073769450187683,0.592157244682312,0.8337142467498779,-0.17274095118045807,0.5373170971870422,0.8105955123901367,-0.16245205700397491,thumbs_up,RRQ_p19,RRQ
0.7581443786621094,0.832162082195282,1.0227165603282629e-06,0.6880583763122559,0.7797291874885559,-0.02914448454976082,0.6444888114929199,0.6780894994735718,-0.0518527589738369,0.6466595530509949,0.5917186141014099,-0.07964760810136795,0.6776387691497803,0.5262985229492188,-0.10459005832672119,0.6532809734344482,0.48347288370132446,-0.023631593212485313,0.6216045022010803,0.3563508093357086,-0.05430735647678375,0.6046572327613831,0.281661719083786,-0.07197418063879013,0.5937225222587585,0.21555405855178833,-0.08336257934570312,0.7176393270492554,0.48404353857040405,-0.038675181567668915,0.734678328037262,0.31855636835098267,-0.07718291133642197,0.7497926354408264,0.22011715173721313,-0.10030758380889893,0.7684147953987122,0.13737332820892334,-0.11028322577476501,0.775709867477417,0.5247265100479126,-0.057947855442762375,0.7563146948814392,0.4619958996772766,-0.11346329748630524,0.715918779373169,0.563409149646759,-0.11846499890089035,0.6960582137107849,0.632453203201294,-0.10495179146528244,0.8249652981758118,0.5850586295127869,-0.07911141961812973,0.795613169670105,0.5363806486129761,-0.11931316554546356,0.758697509765625,0.6023378968238831,-0.11365094035863876,0.7387849688529968,0.6556985378265381,-0.09906944632530212,peace_sign,RRQ_p19,RRQ
0.8783462643623352,0.7057961821556091,7.879307304392569e-07,0.8846921324729919,0.5597929954528809,0.0613882802426815,0.8584139943122864,0.479530394077301,0.07145144790410995,0.8126080632209778,0.4352845251560211,0.06822698563337326,0.7696112990379333,0.42605265974998474,0.06350124627351761,0.8591070771217346,0.40500950813293457,0.007019879296422005,0.8280032277107239,0.2614114284515381,-0.008333737030625343,0.8075412511825562,0.17473092675209045,-0.01300850510597229,0.7927725315093994,0.11373651027679443,-0.012428655289113522,0.8078858256340027,0.4291618764400482,-0.025175925344228745,0.7365630865097046,0.2848525047302246,-0.05188833922147751,0.69062340259552,0.19882023334503174,-0.06133856251835823,0.660165011882782,0.14620232582092285,-0.06323446333408356,0.7565484642982483,0.4779587388038635,-0.046200450509786606,0.6923549175262451,0.4331546425819397,-0.03943147882819176,0.7102097272872925,0.46281296014785767,-0.009584111161530018,0.7334739565849304,0.4880366027355194,0.014212549664080143,0.7154598832130432,0.5390874147415161,-0.06359151005744934,0.6766444444656372,0.5049431324005127,-0.03598510101437569,0.697857677936554,0.5330057144165039,0.0015975134447216988,0.7209553718566895,0.5560482740402222,0.03166399151086807,peace_sign,RRQ_p19,RRQ
0.7431556582450867,0.780686616897583,1.3907715583627578e-06,0.6847481727600098,0.7277899980545044,-0.03807849809527397,0.6453250646591187,0.6432392001152039,-0.07299770414829254,0.673678994178772,0.6060320138931274,-0.11083287000656128,0.7220072150230408,0.5803707838058472,-0.1465590000152588,0.6855674982070923,0.44394373893737793,-0.06570744514465332,0.7125743627548218,0.3006928563117981,-0.12104718387126923,0.7365336418151855,0.2090635597705841,-0.15410780906677246,0.7634028196334839,0.1287837028503418,-0.17311806976795197,0.7509750127792358,0.4547955095767975,-0.08164484053850174,0.7787303328514099,0.2931494116783142,-0.1430174857378006,0.8061864972114563,0.18777334690093994,-0.17713424563407898,0.8356764316558838,0.08946925401687622,-0.19185207784175873,0.809780478477478,0.5006303787231445,-0.09974251687526703,0.8017711043357849,0.496504008769989,-0.16440948843955994,0.7528114914894104,0.6007333993911743,-0.16313683986663818,0.719917356967926,0.6648203730583191,-0.14372901618480682,0.8532902002334595,0.5667277574539185,-0.12151230126619339,0.8304581046104431,0.5875762701034546,-0.16130733489990234,0.7890694737434387,0.6538622379302979,-0.14911620318889618,0.7607091069221497,0.6884176731109619,-0.12903207540512085,peace_sign,RRQ_p19,RRQ
0.831842303276062,0.7462538480758667,1.2798020634363638e-06,0.770699143409729,0.7026618719100952,-0.03746294975280762,0.7160999774932861,0.6374342441558838,-0.07326290011405945,0.7237656116485596,0.606519341468811,-0.11154472827911377,0.7712123990058899,0.5942593216896057,-0.1492408812046051,0.7414926290512085,0.4425968527793884,-0.06960073113441467,0.7409781217575073,0.30548661947250366,-0.12079215049743652,0.7438086271286011,0.2211279273033142,-0.149954155087471,0.7523087859153748,0.14437240362167358,-0.16669000685214996,0.8154513835906982,0.43165159225463867,-0.08429098129272461,0.8281621336936951,0.27760934829711914,-0.13607898354530334,0.844465434551239,0.17625856399536133,-0.16393987834453583,0.862042248249054,0.0781664252281189,-0.1752604991197586,0.8836167454719543,0.46469202637672424,-0.10087016224861145,0.8608472943305969,0.4788500964641571,-0.15867339074611664,0.8135524392127991,0.5864495635032654,-0.16033603250980377,0.7826014161109924,0.6547786593437195,-0.14421029388904572,0.934395968914032,0.5259949564933777,-0.1206691637635231,0.8959127068519592,0.5726113319396973,-0.15641717612743378,0.8510606288909912,0.6401200294494629,-0.1468081921339035,0.823083758354187,0.6789407730102539,-0.12956193089485168,peace_sign,RRQ_p19,RRQ
0.6889458894729614,0.6370195150375366,5.142402415003744e-07,0.6458308696746826,0.5946298837661743,-0.01356731727719307,0.6271629929542542,0.5290016531944275,-0.022500745952129364,0.6351802349090576,0.4676555097103119,-0.0343005433678627,0.6601660251617432,0.43049946427345276,-0.04507782682776451,0.6307488083839417,0.46997231245040894,-0.006625793408602476,0.6225625276565552,0.39135655760765076,-0.02375841699540615,0.622944176197052,0.34538429975509644,-0.03348436951637268,0.6253064870834351,0.30534857511520386,-0.03864812105894089,0.6621190309524536,0.4683227837085724,-0.013099439442157745,0.6610109210014343,0.375663697719574,-0.03291899338364601,0.6658391952514648,0.3229992985725403,-0.043631669133901596,0.6730374693870544,0.2784275412559509,-0.04744584113359451,0.6939073801040649,0.48133984208106995,-0.02185223251581192,0.6846191883087158,0.4304092824459076,-0.050906240940093994,0.6715673804283142,0.4832726716995239,-0.05130557715892792,0.6670752167701721,0.5261220932006836,-0.04180152714252472,0.7225183844566345,0.5043866038322449,-0.03148552402853966,0.7046960592269897,0.47187888622283936,-0.051296476274728775,0.6881452202796936,0.5074785947799683,-0.04615166783332825,0.679965615272522,0.5407262444496155,-0.03657447174191475,peace_sign,RRQ_p19,RRQ
0.8507300019264221,0.6451659798622131,6.66945254579332e-07,0.8398029804229736,0.5408761501312256,0.016595976427197456,0.8004627823829651,0.49105191230773926,0.021836265921592712,0.762094259262085,0.4849569499492645,0.020244557410478592,0.7327098846435547,0.49940726161003113,0.017857758328318596,0.7873029708862305,0.4456143379211426,0.016522113233804703,0.7590663433074951,0.36564886569976807,0.007351842243224382,0.7450265288352966,0.3159831166267395,0.0021443681325763464,0.735040545463562,0.2788228392601013,0.0020408928394317627,0.7508299946784973,0.4638851583003998,0.003401548136025667,0.6965040564537048,0.3897753059864044,-0.0030472944490611553,0.6659874320030212,0.3414599299430847,-0.00814879685640335,0.6457913517951965,0.3065860867500305,-0.008541442453861237,0.7222830057144165,0.5022957921028137,-0.008674455806612968,0.7017800211906433,0.5124107003211975,-0.012478204444050789,0.7194504737854004,0.5343366861343384,-0.013291934505105019,0.7383808493614197,0.5498677492141724,-0.008406950160861015,0.6991766691207886,0.5511454939842224,-0.020102543756365776,0.695593535900116,0.5624251961708069,-0.015091035515069962,0.713035523891449,0.5829406976699829,-0.0057457792572677135,0.729930579662323,0.5973025560379028,0.004552920814603567,peace_sign,RRQ_p19,RRQ
0.2494519054889679,0.7128841876983643,1.36003427542164e-06,0.2489166259765625,0.5855407118797302,-0.007462953682988882,0.2599055767059326,0.43582645058631897,-0.03650603070855141,0.22965094447135925,0.3327588438987732,-0.06636515259742737,0.17918989062309265,0.2680245041847229,-0.09796111285686493,0.3175830543041229,0.41902056336402893,-0.08466026932001114,0.43996524810791016,0.3325076699256897,-0.1233823224902153,0.508725643157959,0.2816447913646698,-0.14480352401733398,0.5668392181396484,0.2434510439634323,-0.15884900093078613,0.3394924998283386,0.4862256348133087,-0.10134053975343704,0.48677992820739746,0.43641042709350586,-0.13787716627120972,0.5758697390556335,0.41460832953453064,-0.1481138914823532,0.6425789594650269,0.3955187499523163,-0.15733826160430908,0.3625940978527069,0.5665204524993896,-0.11217781156301498,0.47382235527038574,0.5332147479057312,-0.13415761291980743,0.4396846890449524,0.5571122765541077,-0.11041610687971115,0.39272961020469666,0.5720109939575195,-0.09415321052074432,0.383857786655426,0.6471025943756104,-0.12373417615890503,0.46688225865364075,0.6119042634963989,-0.13094668090343475,0.4365581274032593,0.627931535243988,-0.10305348038673401,0.3950287699699402,0.6403144598007202,-0.08239760249853134,peace_sign,RRQ_p19,RRQ
0.9345026612281799,0.6166146397590637,9.537677669868572e-07,0.9413614273071289,0.49382805824279785,0.0158518236130476,0.9294885396957397,0.39147520065307617,0.011255092918872833,0.9346295595169067,0.30327194929122925,-0.002182908123359084,0.970140814781189,0.25297650694847107,-0.01655205897986889,0.7989587783813477,0.3480936884880066,0.0005471589392982423,0.7110626697540283,0.24983003735542297,-0.009274734184145927,0.662480890750885,0.1901494562625885,-0.01330660842359066,0.625912070274353,0.14342492818832397,-0.013957060873508453,0.7549460530281067,0.39408814907073975,-0.013526761904358864,0.6456318497657776,0.32447338104248047,-0.02650137059390545,0.5757121443748474,0.2802485525608063,-0.036509715020656586,0.5336741209030151,0.25515317916870117,-0.04052687808871269,0.7269192337989807,0.4644566774368286,-0.02313012257218361,0.6801183223724365,0.4787234961986542,-0.02104838564991951,0.7100864052772522,0.49658989906311035,-0.011542036198079586,0.7460207939147949,0.5097381472587585,-0.0001576167269377038,0.7114380598068237,0.5394079089164734,-0.03309491276741028,0.6894584894180298,0.5532961487770081,-0.017825715243816376,0.7221197485923767,0.56770259141922,0.0009497989667579532,0.7551072239875793,0.5747528076171875,0.018519984558224678,peace_sign,RRQ_p19,RRQ
0.1246495246887207,0.6689977645874023,1.3394660527410451e-06,0.1291601061820984,0.5261728763580322,0.0024458274710923433,0.1456848531961441,0.3669331669807434,-0.02355344593524933,0.1232256293296814,0.2553701102733612,-0.052503786981105804,0.07182808220386505,0.1795419156551361,-0.08249904960393906,0.19730402529239655,0.3250323235988617,-0.08541267365217209,0.3076726794242859,0.195977583527565,-0.13148802518844604,0.3762842118740082,0.12066331505775452,-0.15820547938346863,0.4358476400375366,0.06896162033081055,-0.17561344802379608,0.2157900035381317,0.39046046137809753,-0.10908898711204529,0.37882059812545776,0.3318626284599304,-0.15682412683963776,0.4781787097454071,0.303728312253952,-0.17036136984825134,0.5508341789245605,0.2813147008419037,-0.18159250915050507,0.2408469319343567,0.47546809911727905,-0.1260344386100769,0.37932270765304565,0.4626970887184143,-0.15302276611328125,0.34817904233932495,0.4930715560913086,-0.12613748013973236,0.2970503866672516,0.5104568600654602,-0.10847988724708557,0.2661762833595276,0.5625409483909607,-0.1436757892370224,0.3721616864204407,0.5487637519836426,-0.15343786776065826,0.3431568145751953,0.566464900970459,-0.12479272484779358,0.2961255609989166,0.5728521347045898,-0.10404232889413834,peace_sign,RRQ_p19,RRQ
0.20378276705741882,0.6855260133743286,9.622104926165775e-07,0.24635662138462067,0.581026554107666,0.0013528037816286087,0.2806471586227417,0.4769914746284485,-0.018305890262126923,0.3221080005168915,0.40211424231529236,-0.044392235577106476,0.3600609302520752,0.34193623065948486,-0.06805536150932312,0.2029908448457718,0.3716771900653839,-0.04363495111465454,0.23068667948246002,0.23788271844387054,-0.08019313961267471,0.25241410732269287,0.15210860967636108,-0.10066062211990356,0.27131348848342896,0.0836091935634613,-0.11356688290834427,0.1934051215648651,0.4026086628437042,-0.06651648879051208,0.3087969422340393,0.3324218690395355,-0.11562980711460114,0.38038313388824463,0.28968364000320435,-0.13165122270584106,0.4312940239906311,0.2595375180244446,-0.13786229491233826,0.20262682437896729,0.45319122076034546,-0.0874914675951004,0.3411216735839844,0.44832125306129456,-0.12640908360481262,0.360439658164978,0.5082499980926514,-0.11171479523181915,0.3544923961162567,0.5500756502151489,-0.09327217191457748,0.2246001958847046,0.5080371499061584,-0.10999605804681778,0.3390194773674011,0.5022193193435669,-0.1261705458164215,0.35141897201538086,0.5440358519554138,-0.1072051003575325,0.3435181975364685,0.5745599269866943,-0.08814410865306854,peace_sign,RRQ_p19,RRQ
0.15882311761379242,0.6903036236763,1.2638747648452409e-06,0.17556709051132202,0.5425137281417847,0.006240003276616335,0.20320534706115723,0.39935368299484253,-0.023065026849508286,0.19611167907714844,0.29204195737838745,-0.05616176128387451,0.15254737436771393,0.21268035471439362,-0.08797343075275421,0.23565593361854553,0.35374051332473755,-0.0946100652217865,0.3117924630641937,0.20236872136592865,-0.14700894057750702,0.3564947843551636,0.10450246930122375,-0.17739634215831757,0.3971167802810669,0.02864697575569153,-0.19940239191055298,0.23840278387069702,0.42046183347702026,-0.12457603961229324,0.4020260274410248,0.3660191595554352,-0.19244995713233948,0.504897952079773,0.34073489904403687,-0.2140422910451889,0.5831778049468994,0.32173195481300354,-0.22846756875514984,0.25203096866607666,0.5060078501701355,-0.14628514647483826,0.40551215410232544,0.5074043869972229,-0.18639005720615387,0.3803689777851105,0.5385392308235168,-0.1562967449426651,0.33546504378318787,0.5485361218452454,-0.13405615091323853,0.270486980676651,0.5927616953849792,-0.16856831312179565,0.3918938934803009,0.5868822932243347,-0.18380224704742432,0.36747437715530396,0.6027241945266724,-0.15166103839874268,0.32236865162849426,0.6014304161071777,-0.12743493914604187,peace_sign,RRQ_p19,RRQ
0.41473060846328735,0.7374974489212036,8.60693205595453e-07,0.4391787052154541,0.6344137191772461,-0.004599028266966343,0.4806152582168579,0.5379117727279663,-0.029235852882266045,0.48502784967422485,0.4412841200828552,-0.05809781700372696,0.47218966484069824,0.3661429286003113,-0.08782371133565903,0.5964910387992859,0.5550532937049866,-0.0495087169110775,0.7006620764732361,0.49469804763793945,-0.07427462935447693,0.7620283365249634,0.4553372263908386,-0.0886322632431984,0.8120021224021912,0.42608416080474854,-0.09885600209236145,0.6179319620132446,0.626257061958313,-0.06313848495483398,0.7161592245101929,0.6721751689910889,-0.078819140791893,0.7702805995941162,0.7090991735458374,-0.08005570620298386,0.806341290473938,0.7341452240943909,-0.08230845630168915,0.6165468692779541,0.7013677954673767,-0.0747104212641716,0.6395183205604553,0.7317190766334534,-0.07496518641710281,0.6089691519737244,0.7342586517333984,-0.05884560942649841,0.578341543674469,0.7292987108230591,-0.050995681434869766,0.6030392050743103,0.7699010968208313,-0.0886591225862503,0.6076115965843201,0.7856062650680542,-0.08209068328142166,0.5768463611602783,0.7797247767448425,-0.06215163692831993,0.5492594838142395,0.7684359550476074,-0.0484003983438015,peace_sign,RRQ_p19,RRQ
0.4003547430038452,0.7335140109062195,5.750197829001991e-07,0.43853551149368286,0.6243774890899658,0.017435019835829735,0.5008971095085144,0.577022910118103,0.01558620948344469,0.553972601890564,0.5905369520187378,0.006924256682395935,0.5871495008468628,0.6300069689750671,-0.0014886782737448812,0.5435491800308228,0.5212806463241577,-0.005091563332825899,0.6242133378982544,0.4476269483566284,-0.014931820333003998,0.6702938079833984,0.4077305495738983,-0.017153425142169,0.7068111300468445,0.3750571310520172,-0.016601016744971275,0.5769960880279541,0.5747823119163513,-0.023606400936841965,0.6707250475883484,0.5219392776489258,-0.029607005417346954,0.7262651324272156,0.49115869402885437,-0.036228664219379425,0.7646304965019226,0.469505250453949,-0.03962304815649986,0.5940384864807129,0.6416268348693848,-0.03838355094194412,0.6207298040390015,0.6549191474914551,-0.03606004640460014,0.5936367511749268,0.669719934463501,-0.02992023341357708,0.5647294521331787,0.6744031310081482,-0.023560868576169014,0.5989161729812622,0.7066527009010315,-0.05309908464550972,0.6068177819252014,0.7108896374702454,-0.03831123188138008,0.5818809866905212,0.7206150889396667,-0.02038847655057907,0.5547202229499817,0.7261574864387512,-0.006175157148391008,peace_sign,RRQ_p19,RRQ
0.23766542971134186,0.748382568359375,1.2085624803148676e-06,0.2998862564563751,0.6933697462081909,-0.04749036580324173,0.33506226539611816,0.6470116972923279,-0.08519645780324936,0.34731099009513855,0.6283441781997681,-0.12460272759199142,0.33661895990371704,0.6231226921081543,-0.15996062755584717,0.31150755286216736,0.4448298215866089,-0.07238499075174332,0.32735204696655273,0.3029724657535553,-0.1287163645029068,0.34121811389923096,0.21688827872276306,-0.15710055828094482,0.3455088138580322,0.13834533095359802,-0.1695529967546463,0.239937424659729,0.4464800953865051,-0.08274663239717484,0.2228318750858307,0.31646978855133057,-0.1497010737657547,0.20691394805908203,0.21653962135314941,-0.18107642233371735,0.18638747930526733,0.1266375184059143,-0.18897780776023865,0.18038013577461243,0.48811545968055725,-0.0969008058309555,0.2341417819261551,0.5438582301139832,-0.17306771874427795,0.28784725069999695,0.6221765279769897,-0.18576554954051971,0.32006871700286865,0.6680310964584351,-0.16833020746707916,0.13957221806049347,0.5516528487205505,-0.11519073694944382,0.19470450282096863,0.6086568832397461,-0.15687228739261627,0.2399492859840393,0.6595330834388733,-0.15230406820774078,0.2687435746192932,0.68588787317276,-0.13457204401493073,peace_sign,RRQ_p19,RRQ
0.35549426078796387,0.6977095007896423,4.6771458528382936e-07,0.36564671993255615,0.5828058123588562,0.002189580351114273,0.41413289308547974,0.5298560261726379,-0.008032885380089283,0.46620073914527893,0.5380114316940308,-0.022470247000455856,0.4982295632362366,0.5605945587158203,-0.036905884742736816,0.4690268933773041,0.4605939984321594,-0.027039892971515656,0.5043829679489136,0.3508438467979431,-0.053812772035598755,0.5227776169776917,0.27591589093208313,-0.06901286542415619,0.5361855626106262,0.21416136622428894,-0.07658848166465759,0.5159427523612976,0.5143702030181885,-0.04038609564304352,0.5889646410942078,0.43590259552001953,-0.057893652468919754,0.6354979276657104,0.39285188913345337,-0.0674668550491333,0.6699184775352478,0.36500751972198486,-0.07157807797193527,0.5409690141677856,0.5884087681770325,-0.0518716424703598,0.5416392683982849,0.589532196521759,-0.05993829295039177,0.5107671022415161,0.6049731373786926,-0.05541170388460159,0.48492923378944397,0.6179404258728027,-0.04895016923546791,0.5488399863243103,0.667162299156189,-0.06482673436403275,0.5367611050605774,0.6753341555595398,-0.060814447700977325,0.5074431300163269,0.6864809989929199,-0.04638519138097763,0.48301050066947937,0.6979219317436218,-0.03338245674967766,peace_sign,RRQ_p19,RRQ
0.39248234033584595,0.7380995750427246,4.6633817873953376e-07,0.3425649404525757,0.6167459487915039,-0.008258680813014507,0.3266405463218689,0.5095033645629883,-0.02031826414167881,0.30952686071395874,0.4205402135848999,-0.02786129154264927,0.29840171337127686,0.3509177565574646,-0.03228602185845375,0.46627551317214966,0.4827658236026764,-0.017301607877016068,0.5397658348083496,0.39852261543273926,-0.00531361298635602,0.5709086060523987,0.3619404435157776,0.00943848304450512,0.5865985155105591,0.339527428150177,0.024573590606451035,0.5096948742866516,0.5325756072998047,0.000392408634070307,0.5743557810783386,0.4354913532733917,0.02465575747191906,0.5897887945175171,0.3937016725540161,0.05427157133817673,0.5928280353546143,0.36931517720222473,0.07823128253221512,0.5339900851249695,0.5832134485244751,0.020405422896146774,0.5673539638519287,0.4927126467227936,0.053662724792957306,0.5680610537528992,0.45193272829055786,0.08697933703660965,0.5585469603538513,0.4293462038040161,0.11026997119188309,0.5453202128410339,0.6241876482963562,0.03933093324303627,0.5611242055892944,0.5459157228469849,0.07484282553195953,0.5530128479003906,0.508589506149292,0.10589858889579773,0.5414489507675171,0.4912651777267456,0.1305837631225586,neutral,RRQ_p19,RRQ
0.3941136598587036,0.7491350173950195,5.732130148317083e-07,0.3270743489265442,0.6930062770843506,0.02879970334470272,0.2869528532028198,0.6251740455627441,0.030475227162241936,0.27704256772994995,0.5535881519317627,0.025060340762138367,0.2880059778690338,0.49960029125213623,0.018364010378718376,0.24901798367500305,0.6091731786727905,0.00818245206028223,0.2639963924884796,0.4768252372741699,-0.0028473318088799715,0.2750392556190491,0.3996073603630066,-0.010255766101181507,0.2847648859024048,0.34557366371154785,-0.014584009535610676,0.27028584480285645,0.5905175805091858,-0.015381225384771824,0.27502670884132385,0.444323867559433,-0.021062934771180153,0.28463801741600037,0.36839553713798523,-0.0214540995657444,0.29120996594429016,0.3144896924495697,-0.021956054493784904,0.30358633399009705,0.5759148001670837,-0.03678961470723152,0.300260454416275,0.43821999430656433,-0.03907400369644165,0.30508145689964294,0.3647122383117676,-0.033321965485811234,0.306397408246994,0.309459924697876,-0.030092714354395866,0.34987738728523254,0.5628200173377991,-0.05633360147476196,0.3383389711380005,0.45443448424339294,-0.05298849195241928,0.33604931831359863,0.3979664742946625,-0.04232196509838104,0.3322198688983917,0.3513815999031067,-0.03455368056893349,neutral,RRQ_p19,RRQ
0.39209213852882385,0.7376401424407959,5.667888558491541e-07,0.3278299570083618,0.6582658290863037,0.003624172182753682,0.27695533633232117,0.587013840675354,-0.01783044822514057,0.23562917113304138,0.5238450169563293,-0.039541810750961304,0.23164264857769012,0.459738165140152,-0.059206947684288025,0.35964760184288025,0.4778168797492981,-0.061251137405633926,0.3647220730781555,0.3095542788505554,-0.09755855798721313,0.38179171085357666,0.22180896997451782,-0.10883878916501999,0.39923763275146484,0.17187771201133728,-0.10529667884111404,0.40904954075813293,0.48993945121765137,-0.0654318705201149,0.4470982551574707,0.3284761905670166,-0.0838891938328743,0.47877687215805054,0.26543286442756653,-0.06478523463010788,0.49075424671173096,0.26692986488342285,-0.04176044091582298,0.4585631489753723,0.5229849219322205,-0.06771709769964218,0.4898909330368042,0.37297308444976807,-0.08259949833154678,0.5107292532920837,0.3193192183971405,-0.06086898222565651,0.5116114616394043,0.31900978088378906,-0.03572811558842659,0.5052887201309204,0.5666309595108032,-0.06767380982637405,0.5504461526870728,0.4669933021068573,-0.07418057322502136,0.5624130964279175,0.42499831318855286,-0.05588398873806,0.5569658875465393,0.4160538911819458,-0.0325847752392292,neutral,RRQ_p19,RRQ
