x0,y0,z0,x1,y1,z1,x2,y2,z2,x3,y3,z3,x4,y4,z4,x5,y5,z5,x6,y6,z6,x7,y7,z7,x8,y8,z8,x9,y9,z9,x10,y10,z10,x11,y11,z11,x12,y12,z12,x13,y13,z13,x14,y14,z14,x15,y15,z15,x16,y16,z16,x17,y17,z17,x18,y18,z18,x19,y19,z19,x20,y20,z20,label,person_id,collector
0.28739678859710693,0.8376846313476562,3.269547619311197e-07,0.3309749662876129,0.828521728515625,-0.048002731055021286,0.3668762445449829,0.8122639656066895,-0.08641985803842545,0.34056752920150757,0.8473467826843262,-0.11745887994766235,0.30390048027038574,0.8863382935523987,-0.14804968237876892,0.3149745464324951,0.6970866322517395,-0.10125654935836792,0.2931593358516693,0.6308974027633667,-0.1504039317369461,0.2748669981956482,0.5825200080871582,-0.18319086730480194,0.24918225407600403,0.5269876718521118,-0.20895269513130188,0.2619406282901764,0.6867862939834595,-0.09711119532585144,0.2635055184364319,0.7854915261268616,-0.14380882680416107,0.2992350161075592,0.8447325825691223,-0.1463189274072647,0.31580913066864014,0.8444842100143433,-0.1465362161397934,0.22324927151203156,0.716524064540863,-0.09671758115291595,0.2390081286430359,0.836771547794342,-0.1296340972185135,0.277498722076416,0.8679511547088623,-0.11067482084035873,0.2939046025276184,0.8533498048782349,-0.09802522510290146,0.19673596322536469,0.7537660598754883,-0.10232077538967133,0.21228620409965515,0.8485403656959534,-0.13021749258041382,0.24269378185272217,0.8779942393302917,-0.123647041618824,0.2562779188156128,0.8672240972518921,-0.11581346392631531,point,RRQ_p28,RRQ
0.5217001438140869,0.7281263470649719,2.7593949880611035e-07,0.571112334728241,0.6734758019447327,0.00042080090497620404,0.6429890394210815,0.6539384126663208,-0.01841198466718197,0.7033376693725586,0.6821541786193848,-0.04001479595899582,0.751176655292511,0.7116712331771851,-0.06202397122979164,0.6456761956214905,0.5830726027488708,-0.050234269350767136,0.7099592089653015,0.542432427406311,-0.07678896188735962,0.7465936541557312,0.5061637163162231,-0.0924285426735878,0.7759841084480286,0.4764397144317627,-0.1042792871594429,0.6287106275558472,0.6132254600524902,-0.06788761913776398,0.7171465158462524,0.667070209980011,-0.09364966303110123,0.7205449938774109,0.6996126770973206,-0.09301982820034027,0.7188182473182678,0.7104647755622864,-0.09376824647188187,0.610643744468689,0.6606695652008057,-0.08338919281959534,0.6928107738494873,0.7193518280982971,-0.09970950335264206,0.6689652800559998,0.7282871603965759,-0.07926148176193237,0.6459107995033264,0.7185860872268677,-0.0670318752527237,0.5946336984634399,0.7118655443191528,-0.10006173700094223,0.6656131744384766,0.7506378889083862,-0.1035534143447876,0.6461226344108582,0.7527111768722534,-0.08372271060943604,0.6211335062980652,0.7398081421852112,-0.07125687599182129,point,RRQ_p28,RRQ
0.274543434381485,0.5715622901916504,3.7929257956648144e-08,0.30341243743896484,0.5222659111022949,-0.02980438806116581,0.31261706352233887,0.4622159004211426,-0.049385957419872284,0.2892545163631439,0.43078529834747314,-0.06783916056156158,0.26228001713752747,0.40837135910987854,-0.0857967659831047,0.2594051659107208,0.370341032743454,-0.037953466176986694,0.24286258220672607,0.2875361442565918,-0.0668368712067604,0.23086510598659515,0.23055069148540497,-0.08564393222332001,0.22030127048492432,0.186845064163208,-0.09753222018480301,0.22187483310699463,0.39015063643455505,-0.036177702248096466,0.23128977417945862,0.3959581255912781,-0.08176616579294205,0.2542884945869446,0.45258140563964844,-0.09393201023340225,0.2719535529613495,0.4933142066001892,-0.0922432392835617,0.19393229484558105,0.4226509630680084,-0.03693148121237755,0.20677009224891663,0.4385445713996887,-0.07646141946315765,0.23511749505996704,0.48172521591186523,-0.07126747071743011,0.2561827003955841,0.5090512633323669,-0.057814233005046844,0.17296284437179565,0.46132493019104004,-0.04053547605872154,0.18443696200847626,0.4722871780395508,-0.06728069484233856,0.2126433104276657,0.5008895397186279,-0.06286884099245071,0.23227524757385254,0.5151022672653198,-0.05145879462361336,point,RRQ_p28,RRQ
0.2937608063220978,0.724195122718811,3.005035296155256e-07,0.32908895611763,0.6991811394691467,-0.039737310260534286,0.3608628213405609,0.6743554472923279,-0.07616710662841797,0.36878907680511475,0.7260329127311707,-0.10829943418502808,0.364484965801239,0.7840445637702942,-0.13885952532291412,0.3066115081310272,0.591079592704773,-0.08880822360515594,0.29101666808128357,0.5910818576812744,-0.14070290327072144,0.2619081437587738,0.5766243934631348,-0.1755433827638626,0.23283296823501587,0.5625893473625183,-0.19866812229156494,0.23886935412883759,0.6136959791183472,-0.08732249587774277,0.30852755904197693,0.7363353371620178,-0.13975411653518677,0.33836275339126587,0.7475911974906921,-0.14548252522945404,0.3416537046432495,0.7281411290168762,-0.1416875272989273,0.20196937024593353,0.666545033454895,-0.0891062393784523,0.28426921367645264,0.7844907641410828,-0.11949022114276886,0.3098871111869812,0.7649737000465393,-0.09299308806657791,0.3101102411746979,0.7263807654380798,-0.06901102513074875,0.18326881527900696,0.7191824316978455,-0.09787558019161224,0.2517893314361572,0.8010194897651672,-0.12462396919727325,0.2763509452342987,0.792243242263794,-0.11323265731334686,0.2759190797805786,0.7595453858375549,-0.09588650614023209,point,RRQ_p28,RRQ
0.530138373374939,0.5682110786437988,9.307240844691478e-08,0.6040480136871338,0.5239733457565308,0.006794907618314028,0.6754688620567322,0.516765832901001,-0.024524662643671036,0.7320225834846497,0.55036860704422,-0.060975708067417145,0.7786973714828491,0.5846390724182129,-0.09875663369894028,0.6740097999572754,0.4183535575866699,-0.07733172178268433,0.7486538887023926,0.37399372458457947,-0.1280299425125122,0.7950551509857178,0.32840824127197266,-0.15788213908672333,0.8306353688240051,0.2921478748321533,-0.1764136403799057,0.6446465849876404,0.44530805945396423,-0.10444454848766327,0.7358181476593018,0.5287715196609497,-0.14193886518478394,0.7053462862968445,0.554069995880127,-0.12888909876346588,0.6763327121734619,0.5461649298667908,-0.12061703205108643,0.6133170127868652,0.49262258410453796,-0.13034282624721527,0.7012428641319275,0.5731018781661987,-0.15954411029815674,0.6689305305480957,0.5766940712928772,-0.12900735437870026,0.6419287919998169,0.559843122959137,-0.10962605476379395,0.5867356061935425,0.5472661852836609,-0.15653479099273682,0.662125825881958,0.6025941967964172,-0.1659822165966034,0.6395984292030334,0.5992386937141418,-0.13919711112976074,0.6093854308128357,0.5797341465950012,-0.12251996994018555,point,RRQ_p28,RRQ
0.4012377858161926,0.6895094513893127,1.625876322464137e-08,0.3876969516277313,0.6187199354171753,-0.016994116827845573,0.3669593930244446,0.5686872601509094,-0.042882040143013,0.34841689467430115,0.5364276170730591,-0.0708804726600647,0.338272362947464,0.5322340726852417,-0.09795169532299042,0.27123942971229553,0.5924146771430969,-0.05567832663655281,0.2081272304058075,0.5725179314613342,-0.09544925391674042,0.15929880738258362,0.5616015195846558,-0.11941467970609665,0.11978116631507874,0.5546929240226746,-0.13528363406658173,0.2630274295806885,0.6467142105102539,-0.06458025425672531,0.30962809920310974,0.5763365030288696,-0.111179880797863,0.357833594083786,0.569970428943634,-0.11545035243034363,0.3805602788925171,0.5776195526123047,-0.11209344118833542,0.27924931049346924,0.690524160861969,-0.07451450079679489,0.3368968665599823,0.6145404577255249,-0.11170009523630142,0.36729979515075684,0.6177593469619751,-0.0997738465666771,0.3747895359992981,0.6354296803474426,-0.086331307888031,0.305391788482666,0.7229526042938232,-0.08694495260715485,0.3466798663139343,0.6610426306724548,-0.1081024631857872,0.3672378361225128,0.6572095155715942,-0.09906049817800522,0.3692382574081421,0.6707335710525513,-0.08849073201417923,point,RRQ_p28,RRQ
0.371050089597702,0.6283079385757446,1.0496692226524829e-07,0.3875601291656494,0.5496402978897095,-0.011894061230123043,0.3864133358001709,0.48935195803642273,-0.03469044342637062,0.38201335072517395,0.4446013867855072,-0.060565751045942307,0.3721836805343628,0.42520952224731445,-0.08633815497159958,0.2960074543952942,0.463758647441864,-0.049371443688869476,0.2573346197605133,0.40102919936180115,-0.0880255401134491,0.2247406244277954,0.3567657172679901,-0.11046554893255234,0.19650515913963318,0.3238968253135681,-0.12484442442655563,0.2748742997646332,0.5049299597740173,-0.06098984181880951,0.3335581123828888,0.45737168192863464,-0.10456962138414383,0.37718290090560913,0.4816319942474365,-0.10698580741882324,0.3889659643173218,0.503863513469696,-0.10268070548772812,0.276288241147995,0.5509128570556641,-0.07364238053560257,0.3441806733608246,0.5064699053764343,-0.11143454909324646,0.3721736967563629,0.527542233467102,-0.09865294396877289,0.3712812066078186,0.5479283332824707,-0.08420027792453766,0.2899329662322998,0.593037486076355,-0.08796405792236328,0.34137803316116333,0.5535396933555603,-0.10993030667304993,0.3611101806163788,0.5619080066680908,-0.09957686811685562,0.3577912747859955,0.576664388179779,-0.08810725808143616,point,RRQ_p28,RRQ
0.5018813014030457,0.7606106996536255,-1.1570678282168956e-07,0.439674437046051,0.7371708750724792,0.0014311810955405235,0.39550912380218506,0.7037901282310486,-0.010767013765871525,0.3568476438522339,0.6846947073936462,-0.026659198105335236,0.3260219693183899,0.6752315163612366,-0.04337039962410927,0.4124268591403961,0.6079599261283875,-0.020347964018583298,0.38760462403297424,0.5499964952468872,-0.04350524768233299,0.37326690554618835,0.5044464468955994,-0.058014266192913055,0.362510085105896,0.4650767743587494,-0.06911689788103104,0.434093177318573,0.6181283593177795,-0.03212263062596321,0.35676759481430054,0.6629075407981873,-0.058512140065431595,0.35532864928245544,0.7087946534156799,-0.05995751544833183,0.3685130774974823,0.7248573899269104,-0.05954139679670334,0.4475139081478119,0.6510519981384277,-0.04441528022289276,0.3728608787059784,0.6990992426872253,-0.06909077614545822,0.3759320378303528,0.7363850474357605,-0.05893222242593765,0.3912715017795563,0.749866783618927,-0.04882742464542389,0.45590198040008545,0.6892508268356323,-0.05690939724445343,0.39532190561294556,0.7217766642570496,-0.07834333181381226,0.38186880946159363,0.7548250555992126,-0.07674897462129593,0.3805134892463684,0.774324893951416,-0.07154864817857742,point,RRQ_p28,RRQ
0.5888537168502808,0.6987982988357544,-1.213579849945745e-07,0.5541563630104065,0.638835072517395,-0.004853883758187294,0.5422295331954956,0.5849878787994385,-0.019671684131026268,0.5376285314559937,0.5436018109321594,-0.03919117525219917,0.5260189771652222,0.49929121136665344,-0.06005313619971275,0.6061014533042908,0.512108564376831,-0.024799205362796783,0.6470756530761719,0.44885683059692383,-0.055610302835702896,0.6781711578369141,0.40614205598831177,-0.0754726380109787,0.7039538621902466,0.3755178153514862,-0.08874906599521637,0.6372255682945251,0.539111852645874,-0.03819647431373596,0.5779429078102112,0.5087848901748657,-0.08078580349683762,0.5361924767494202,0.5455648303031921,-0.08821218460798264,0.5177203416824341,0.5804954767227173,-0.08531074225902557,0.6495853066444397,0.57685786485672,-0.05330119654536247,0.5785933136940002,0.5639464259147644,-0.08980906009674072,0.5496243238449097,0.5998786687850952,-0.08047304302453995,0.5387415885925293,0.6315687894821167,-0.0655953586101532,0.6522535085678101,0.6146909594535828,-0.06957658380270004,0.5951942205429077,0.6004894375801086,-0.09778917580842972,0.5645251274108887,0.6153464913368225,-0.09459986537694931,0.5475921034812927,0.6301280856132507,-0.08447420597076416,point,RRQ_p28,RRQ
0.46050500869750977,0.5132187604904175,-1.4831834960205015e-07,0.40622034668922424,0.481525719165802,0.009425411000847816,0.3662087619304657,0.44983866810798645,0.0014762940118089318,0.32919198274612427,0.4319111704826355,-0.011174947023391724,0.300017774105072,0.4218628704547882,-0.024916021153330803,0.391779363155365,0.3617172837257385,-0.009884526021778584,0.36326339840888977,0.29812532663345337,-0.029124747961759567,0.3450416326522827,0.25156646966934204,-0.04194611683487892,0.3297150433063507,0.2121381014585495,-0.051561322063207626,0.3991851508617401,0.370463103055954,-0.023718446493148804,0.3257264196872711,0.39803194999694824,-0.046826962381601334,0.3261033296585083,0.44336065649986267,-0.04852142930030823,0.3428265452384949,0.4649105370044708,-0.04764396324753761,0.39828869700431824,0.39704975485801697,-0.037165820598602295,0.3299100399017334,0.4333074390888214,-0.05633214861154556,0.3362722396850586,0.47222840785980225,-0.04710361734032631,0.3547874093055725,0.4901426434516907,-0.03833078220486641,0.39366626739501953,0.4287627637386322,-0.05028226226568222,0.33921775221824646,0.45636922121047974,-0.06521057337522507,0.33534175157546997,0.48870423436164856,-0.06174656003713608,0.34323444962501526,0.5051648616790771,-0.05617882311344147,point,RRQ_p28,RRQ
0.3543258309364319,0.514416515827179,-2.3900201995274983e-07,0.31528714299201965,0.4785446226596832,0.014141258783638477,0.27433717250823975,0.484024316072464,0.018996212631464005,0.2497474104166031,0.505923330783844,0.018815835937857628,0.23997333645820618,0.5345472693443298,0.015851937234401703,0.24283653497695923,0.4643157720565796,0.010890010744333267,0.19181090593338013,0.47516390681266785,0.009215491823852062,0.15902048349380493,0.4812333583831787,0.007246627938002348,0.13317382335662842,0.4859611690044403,0.00445416709408164,0.23630374670028687,0.4835384488105774,0.0016138441860675812,0.22342300415039062,0.5498920679092407,-0.0060046361759305,0.24786165356636047,0.5759711265563965,-0.009517691098153591,0.27037331461906433,0.579091489315033,-0.01062071043998003,0.2380288690328598,0.5105191469192505,-0.006186425685882568,0.2288491576910019,0.5715532302856445,-0.014158440753817558,0.25501585006713867,0.5950050354003906,-0.014998850412666798,0.2784011960029602,0.5975407361984253,-0.014078116975724697,0.24281679093837738,0.5401227474212646,-0.012576812878251076,0.22781193256378174,0.5886495113372803,-0.01838519796729088,0.24798676371574402,0.6086044311523438,-0.01612997241318226,0.26964813470840454,0.6143795847892761,-0.01233926136046648,point,RRQ_p28,RRQ
0.48884615302085876,0.6001539826393127,-3.794102809706601e-08,0.4897424876689911,0.540444016456604,-0.007846332155168056,0.5156402587890625,0.48680785298347473,-0.012048699893057346,0.5422070622444153,0.4411257207393646,-0.0209893099963665,0.5672557353973389,0.40739959478378296,-0.029421797022223473,0.5752961039543152,0.5027931928634644,0.01636468432843685,0.6276413798332214,0.4915783703327179,0.005297713913023472,0.6583098769187927,0.4837493598461151,-0.0016452389536425471,0.6846736669540405,0.48222512006759644,-0.0057898396626114845,0.585048258304596,0.524703860282898,0.01040196605026722,0.604030966758728,0.4667607843875885,-0.014476120471954346,0.576903760433197,0.447187602519989,-0.02464802749454975,0.5562923550605774,0.447431355714798,-0.02295204997062683,0.591105580329895,0.549030065536499,0.0011766253737732768,0.598419189453125,0.4948633015155792,-0.027240673080086708,0.5627591013908386,0.49300745129585266,-0.029490133747458458,0.5392225980758667,0.5068327784538269,-0.01996505632996559,0.5966103076934814,0.5778571367263794,-0.008654979057610035,0.6020199060440063,0.5257024765014648,-0.027553211897611618,0.5760981440544128,0.5126338005065918,-0.027086365967988968,0.5537227988243103,0.5175072550773621,-0.01950712502002716,point,RRQ_p28,RRQ
0.612330973148346,0.43051478266716003,-2.599371669020911e-07,0.5633129477500916,0.4512360394001007,-0.0025652304757386446,0.5234759449958801,0.512319028377533,-0.008181048557162285,0.4978874921798706,0.5703057050704956,-0.01212094072252512,0.4761219322681427,0.6156218647956848,-0.01714635267853737,0.5060485601425171,0.5403308868408203,-0.03713308647274971,0.5012145638465881,0.6375388503074646,-0.05653022229671478,0.5032076239585876,0.6966965794563293,-0.06553080677986145,0.5059871077537537,0.7410441040992737,-0.0712825357913971,0.5346373319625854,0.5400371551513672,-0.04424145072698593,0.5613082647323608,0.6379560232162476,-0.06084940955042839,0.5727286338806152,0.612732470035553,-0.05577739700675011,0.5686345100402832,0.5801113843917847,-0.05254295840859413,0.5703805088996887,0.5390539169311523,-0.05076850578188896,0.5951974987983704,0.6226651668548584,-0.0661865696310997,0.6022747755050659,0.5969762802124023,-0.05353604629635811,0.5947402119636536,0.5712185502052307,-0.04461568966507912,0.6066469550132751,0.5354610085487366,-0.05721738561987877,0.6217659115791321,0.6061254143714905,-0.06777765601873398,0.625280499458313,0.5860751271247864,-0.05866031348705292,0.6212692260742188,0.5620664358139038,-0.051227837800979614,point,RRQ_p28,RRQ
0.6404393911361694,0.8130779266357422,-4.724586233351147e-08,0.615115225315094,0.7651616930961609,-0.02347622811794281,0.6047179102897644,0.7196598052978516,-0.045068200677633286,0.6038256883621216,0.6836845278739929,-0.0661151185631752,0.6249960660934448,0.6917051672935486,-0.08725912868976593,0.6785354018211365,0.6604406833648682,-0.04280446842312813,0.7250507473945618,0.614700436592102,-0.07096472382545471,0.7571625709533691,0.5857817530632019,-0.09002607315778732,0.7867323756217957,0.5660095810890198,-0.10388292372226715,0.7119917273521423,0.693680465221405,-0.04374733939766884,0.6599090099334717,0.7040624618530273,-0.07826901972293854,0.6230103969573975,0.7276312112808228,-0.08558487147092819,0.6117479205131531,0.7432675361633301,-0.08549989759922028,0.7218737006187439,0.7410871982574463,-0.046403758227825165,0.6570504903793335,0.7586157321929932,-0.0738707184791565,0.6270185708999634,0.7696518301963806,-0.06636305898427963,0.6190344095230103,0.7728629112243652,-0.05634606257081032,0.719018816947937,0.7873621582984924,-0.05195624381303787,0.6671146154403687,0.802227795124054,-0.07080615311861038,0.6396922469139099,0.8062149286270142,-0.06567234545946121,0.6282861828804016,0.8034745454788208,-0.05650556832551956,point,RRQ_p28,RRQ
0.7252541780471802,0.8083620071411133,-6.472370017718276e-08,0.6942240595817566,0.7325307130813599,-0.0123288594186306,0.6559988856315613,0.684499979019165,-0.03850412741303444,0.617571234703064,0.6779801845550537,-0.063819020986557,0.598000168800354,0.6976691484451294,-0.09067278355360031,0.7139061093330383,0.6646653413772583,-0.061351239681243896,0.6592057347297668,0.640636146068573,-0.09147324413061142,0.6158878207206726,0.6376784443855286,-0.10390764474868774,0.5826719999313354,0.6462464332580566,-0.1110805794596672,0.717958927154541,0.7137817144393921,-0.07164644449949265,0.6255476474761963,0.6981160044670105,-0.09912602603435516,0.6282863020896912,0.7179626226425171,-0.0951853096485138,0.6471053957939148,0.7244911789894104,-0.09221658855676651,0.7110543251037598,0.7666664123535156,-0.0818929597735405,0.6185377836227417,0.7484684586524963,-0.10678296536207199,0.6279472708702087,0.7578997015953064,-0.09126322716474533,0.6513882875442505,0.7599010467529297,-0.07852181792259216,0.6984868049621582,0.8157519102096558,-0.09278392791748047,0.6233747601509094,0.7881696224212646,-0.11351410299539566,0.6203992962837219,0.7804316282272339,-0.10617698729038239,0.6332646608352661,0.7750265598297119,-0.09856010973453522,point,RRQ_p28,RRQ
0.6345912218093872,0.6614537239074707,-3.383180171567801e-07,0.5955148935317993,0.596593976020813,-0.01196218654513359,0.5736923813819885,0.5377318859100342,-0.02862480841577053,0.5487846732139587,0.5059763193130493,-0.04514089971780777,0.5175490379333496,0.4843255579471588,-0.05977405980229378,0.6600739359855652,0.4676232933998108,-0.028364406898617744,0.5863694548606873,0.44944265484809875,-0.058730825781822205,0.5422327518463135,0.4531066417694092,-0.07829210162162781,0.510108232498169,0.4528140127658844,-0.090149886906147,0.6765757203102112,0.497619092464447,-0.0384426973760128,0.5924723744392395,0.48693907260894775,-0.06213889271020889,0.5945905447006226,0.5296642184257507,-0.06369736045598984,0.6141655445098877,0.5457884073257446,-0.06421862542629242,0.679692268371582,0.5423276424407959,-0.05143307149410248,0.5916864275932312,0.5373774766921997,-0.06998418271541595,0.5953080058097839,0.5740607380867004,-0.05619629845023155,0.616856575012207,0.580338180065155,-0.04687366634607315,0.6742842197418213,0.5934187769889832,-0.06680353730916977,0.6023246645927429,0.583203911781311,-0.08057567477226257,0.6020509004592896,0.6054980754852295,-0.07163422554731369,0.6188156008720398,0.6127410531044006,-0.06350728124380112,pinch,RRQ_p28,RRQ
0.6538692116737366,0.4106065630912781,-4.235140238506574e-07,0.6220665574073792,0.35192349553108215,-0.011392511427402496,0.6073920130729675,0.2815157473087311,-0.02517092414200306,0.5889954566955566,0.23354731500148773,-0.03997949883341789,0.5623493790626526,0.19260694086551666,-0.052173443138599396,0.6996682286262512,0.22641216218471527,-0.007486473768949509,0.6376699805259705,0.19102859497070312,-0.0338020958006382,0.598072350025177,0.17989207804203033,-0.054515156894922256,0.5672637224197388,0.166341632604599,-0.06827429682016373,0.7181397080421448,0.23636935651302338,-0.014977458864450455,0.6422513723373413,0.20997610688209534,-0.039303988218307495,0.6345027685165405,0.26342228055000305,-0.04514933004975319,0.649481475353241,0.28601208329200745,-0.047128841280937195,0.7247089147567749,0.2614166736602783,-0.025965014472603798,0.6461353302001953,0.23891252279281616,-0.045162878930568695,0.6414498686790466,0.2875063717365265,-0.034529153257608414,0.6587487459182739,0.3050360679626465,-0.026211993768811226,0.720878005027771,0.29417991638183594,-0.039632223546504974,0.6604430079460144,0.27235251665115356,-0.05395068973302841,0.6531851291656494,0.30368757247924805,-0.047654155641794205,0.6653591394424438,0.3212147653102875,-0.04065493494272232,pinch,RRQ_p28,RRQ
0.34461915493011475,0.5710016489028931,-2.405450629794359e-07,0.32809188961982727,0.5093938112258911,0.00043425659532658756,0.2823958694934845,0.45526835322380066,-0.00878820475190878,0.22438959777355194,0.44268232583999634,-0.01785529963672161,0.1837485134601593,0.4401683509349823,-0.02668042480945587,0.2984870672225952,0.40830549597740173,-0.020024355500936508,0.2281041294336319,0.41194742918014526,-0.03388747200369835,0.20640210807323456,0.4282299876213074,-0.03955993801355362,0.19514137506484985,0.43355685472488403,-0.043387770652770996,0.29211345314979553,0.44050753116607666,-0.02796117775142193,0.2192254215478897,0.44052135944366455,-0.0418105311691761,0.22935834527015686,0.46175599098205566,-0.0401497483253479,0.24610298871994019,0.4664054811000824,-0.03941217064857483,0.28411316871643066,0.4788326919078827,-0.035064708441495895,0.21561852097511292,0.4789464771747589,-0.04833424463868141,0.22941136360168457,0.4970439374446869,-0.03909787908196449,0.24801306426525116,0.4992927610874176,-0.03256973996758461,0.2742661237716675,0.5194122791290283,-0.041487518697977066,0.21987149119377136,0.5148239731788635,-0.052507031708955765,0.2318572998046875,0.5276246070861816,-0.04703386500477791,0.24843326210975647,0.5301227569580078,-0.04193968325853348,pinch,RRQ_p28,RRQ
0.73845374584198,0.520717203617096,-3.316529557650938e-07,0.723420262336731,0.4856734871864319,-0.015925144776701927,0.7222366333007812,0.4437653720378876,-0.028225315734744072,0.7292286157608032,0.4175606071949005,-0.03987611085176468,0.7301447987556458,0.3945280611515045,-0.04953872412443161,0.7861663103103638,0.38670602440834045,-0.008481749333441257,0.7740011215209961,0.3712002635002136,-0.0312434583902359,0.7534962296485901,0.37404707074165344,-0.04889319837093353,0.7360712885856628,0.3798021078109741,-0.05812419205904007,0.8081892132759094,0.4048554599285126,-0.010676482692360878,0.7882039546966553,0.3940775692462921,-0.031545836478471756,0.7591958045959473,0.41894736886024475,-0.03997494652867317,0.7456009387969971,0.4356301724910736,-0.04093767702579498,0.8223323822021484,0.43249475955963135,-0.016212569549679756,0.798914909362793,0.4259132146835327,-0.03257514163851738,0.7741623520851135,0.44970622658729553,-0.02827375940978527,0.7661391496658325,0.4647706151008606,-0.021330034360289574,0.8315637707710266,0.4680243134498596,-0.024093495681881905,0.8138360977172852,0.4585696756839752,-0.03183853626251221,0.7941147685050964,0.47142863273620605,-0.025423869490623474,0.7886496782302856,0.4809674024581909,-0.01764748804271221,pinch,RRQ_p28,RRQ
0.7008506059646606,0.5611801743507385,-1.3995773429087421e-07,0.6720811128616333,0.5862771272659302,-0.03330012410879135,0.6505629420280457,0.6202252507209778,-0.061684172600507736,0.6525064706802368,0.6753028035163879,-0.08534689247608185,0.6672390699386597,0.717155933380127,-0.10600057989358902,0.6232648491859436,0.5305611491203308,-0.06735695153474808,0.636479914188385,0.6367824077606201,-0.10139919817447662,0.6537663340568542,0.6883406639099121,-0.11807140707969666,0.6649174690246582,0.7191838026046753,-0.12376783788204193,0.6610217690467834,0.5079458355903625,-0.06271916627883911,0.6789422631263733,0.6284141540527344,-0.08485720306634903,0.6823837161064148,0.6102859377861023,-0.08292299509048462,0.6806259751319885,0.5786744952201843,-0.07898350059986115,0.701807975769043,0.5055384039878845,-0.05998184531927109,0.7087806463241577,0.6161082983016968,-0.0734853595495224,0.7062436938285828,0.5988914966583252,-0.05227077007293701,0.7017505168914795,0.5675508975982666,-0.033497270196676254,0.7367733716964722,0.5124572515487671,-0.06208367273211479,0.7395742535591125,0.5964109301567078,-0.07395916432142258,0.7335928082466125,0.585502028465271,-0.06163840740919113,0.7292858958244324,0.5574349761009216,-0.04616609960794449,pinch,RRQ_p28,RRQ
0.4593988358974457,0.5733662843704224,3.846797369533306e-07,0.506106972694397,0.5287215709686279,-0.029268525540828705,0.5210105180740356,0.45058536529541016,-0.049018003046512604,0.512581467628479,0.38004523515701294,-0.06029485538601875,0.49521225690841675,0.3376113772392273,-0.06894541531801224,0.48026955127716064,0.47973060607910156,-0.07861106097698212,0.5056164264678955,0.36861640214920044,-0.10381326824426651,0.5217634439468384,0.3160095512866974,-0.10896945744752884,0.5304948091506958,0.2717365026473999,-0.11027735471725464,0.43300360441207886,0.4760538935661316,-0.07047581672668457,0.4666999578475952,0.349109411239624,-0.10021467506885529,0.48205888271331787,0.37300562858581543,-0.09300069510936737,0.47860097885131836,0.41151732206344604,-0.0822448879480362,0.3980634808540344,0.4663149118423462,-0.06125954911112785,0.4394504427909851,0.35714516043663025,-0.07973608374595642,0.4538285732269287,0.3833932876586914,-0.06311289966106415,0.4484959840774536,0.4152912497520447,-0.04856974259018898,0.37601959705352783,0.4544064998626709,-0.05413886532187462,0.4138263761997223,0.37210679054260254,-0.06307967007160187,0.42815303802490234,0.3954847753047943,-0.05384496599435806,0.4228239059448242,0.42454150319099426,-0.04594165459275246,pinch,RRQ_p28,RRQ
0.53422611951828,0.5194663405418396,2.201139608359881e-07,0.4805572032928467,0.5077555179595947,-0.004730054177343845,0.4327707290649414,0.4855687618255615,-0.017463097348809242,0.38919419050216675,0.48194342851638794,-0.03393523767590523,0.3509534001350403,0.4869902729988098,-0.0518467016518116,0.4434220492839813,0.383121132850647,-0.006632599048316479,0.4004639685153961,0.40300750732421875,-0.03536214679479599,0.3708476126194,0.4360013008117676,-0.06238526105880737,0.35237807035446167,0.4637176990509033,-0.07913621515035629,0.45448964834213257,0.3607785403728485,-0.021258771419525146,0.41760122776031494,0.29434147477149963,-0.04465438425540924,0.38760533928871155,0.24438460171222687,-0.06485093384981155,0.36353352665901184,0.20135468244552612,-0.07904962450265884,0.4725956916809082,0.36003196239471436,-0.0384812168776989,0.4626251757144928,0.2749343514442444,-0.06275594979524612,0.44687867164611816,0.22360777854919434,-0.0779491513967514,0.4295811057090759,0.18005330860614777,-0.08706820756196976,0.4937475323677063,0.37999749183654785,-0.0557575561106205,0.5108555555343628,0.3168761730194092,-0.07356829941272736,0.5165359973907471,0.27079886198043823,-0.07815831154584885,0.5184884071350098,0.230356827378273,-0.08069798350334167,pinch,RRQ_p28,RRQ
0.22502177953720093,0.7860016226768494,2.5787502977436816e-07,0.25889918208122253,0.7481608390808105,-0.016726555302739143,0.28338444232940674,0.7017112970352173,-0.031371116638183594,0.3040255904197693,0.6688269972801208,-0.04760195314884186,0.32667484879493713,0.6480323076248169,-0.06278764456510544,0.25714391469955444,0.6162416934967041,-0.016439402475953102,0.2880899906158447,0.5828397274017334,-0.04942908138036728,0.30897390842437744,0.6053356528282166,-0.07564177364110947,0.32003167271614075,0.6338074207305908,-0.08847975730895996,0.22704537212848663,0.6031442880630493,-0.024516627192497253,0.23052887618541718,0.5226582288742065,-0.04338237643241882,0.23509755730628967,0.47028791904449463,-0.05827043950557709,0.2361466884613037,0.42556649446487427,-0.06816592812538147,0.19635717570781708,0.6152914762496948,-0.03717779368162155,0.18864372372627258,0.5359997749328613,-0.056729089468717575,0.18856923282146454,0.4835824966430664,-0.07153540849685669,0.1898387223482132,0.4368911385536194,-0.08008158951997757,0.1681893914937973,0.6466917991638184,-0.05138019844889641,0.1410084068775177,0.5975385308265686,-0.066417396068573,0.12538233399391174,0.5634111762046814,-0.07150401175022125,0.11378268897533417,0.5304819941520691,-0.07379023730754852,pinch,RRQ_p28,RRQ
0.301263689994812,0.7077162265777588,2.7505808475325466e-07,0.32221028208732605,0.6392642855644226,-0.014483929611742496,0.30835840106010437,0.5625088810920715,-0.02043275535106659,0.29136472940444946,0.5018309950828552,-0.027638420462608337,0.28483548760414124,0.4548097550868988,-0.03547815978527069,0.2522473931312561,0.5195844173431396,-0.004094403702765703,0.2509004473686218,0.4743247926235199,-0.02346476912498474,0.2569124102592468,0.4464399218559265,-0.04087187349796295,0.26447296142578125,0.42931118607521057,-0.05181622877717018,0.21733662486076355,0.5286282300949097,-0.01178038027137518,0.1769087314605713,0.4486008286476135,-0.025171011686325073,0.15085642039775848,0.39454495906829834,-0.037771228700876236,0.12669238448143005,0.3477269411087036,-0.046895816922187805,0.1919720619916916,0.5581492185592651,-0.023601168766617775,0.14808842539787292,0.48773184418678284,-0.04228662699460983,0.12345002591609955,0.4389668107032776,-0.056763797998428345,0.10250209271907806,0.3951098322868347,-0.06590856611728668,0.17388346791267395,0.6063805818557739,-0.0367087759077549,0.12959164381027222,0.5709139704704285,-0.05469997227191925,0.1002604141831398,0.542495846748352,-0.061964210122823715,0.0738864541053772,0.5127629041671753,-0.06670834124088287,pinch,RRQ_p28,RRQ
0.6143203973770142,0.49136096239089966,3.455457715517696e-07,0.653540849685669,0.4445689022541046,-0.0037659802474081516,0.6777991652488708,0.38410818576812744,-0.009386749938130379,0.7059164047241211,0.33547696471214294,-0.018657086417078972,0.733877420425415,0.29757604002952576,-0.028053706511855125,0.6225914359092712,0.3195379972457886,0.006729848217219114,0.6627005934715271,0.2857418656349182,-0.01579105854034424,0.6980569362640381,0.27821528911590576,-0.03650210425257683,0.7256566286087036,0.27613380551338196,-0.04859742894768715,0.607345700263977,0.3039008677005768,-0.006358894053846598,0.6100656390190125,0.21869921684265137,-0.020018672570586205,0.6222678422927856,0.15774059295654297,-0.032328613102436066,0.6316670179367065,0.10688604414463043,-0.04085822030901909,0.5912335515022278,0.3087274134159088,-0.02321060188114643,0.5783080458641052,0.23019209504127502,-0.038105908781290054,0.5804793834686279,0.17269223928451538,-0.045633215457201004,0.5840162634849548,0.12341566383838654,-0.04965142533183098,0.5777970552444458,0.3266497552394867,-0.04139917343854904,0.5579332709312439,0.2669420838356018,-0.05189058929681778,0.5594825148582458,0.2229115068912506,-0.05083877220749855,0.5677290558815002,0.18473106622695923,-0.04937305301427841,pinch,RRQ_p28,RRQ
0.2798643410205841,0.476919025182724,3.2644169323248207e-07,0.29133081436157227,0.4040972590446472,-0.020200295373797417,0.26907432079315186,0.33092254400253296,-0.026269402354955673,0.23727472126483917,0.2746358811855316,-0.0325176827609539,0.2135593444108963,0.23018379509449005,-0.0385475754737854,0.22190812230110168,0.3083546757698059,-0.0024993473198264837,0.2046395242214203,0.25811249017715454,-0.022022413089871407,0.19998334348201752,0.23155274987220764,-0.039016250520944595,0.1989530324935913,0.21693308651447296,-0.04844318702816963,0.19222676753997803,0.32506704330444336,-0.004477124661207199,0.1515972763299942,0.25314468145370483,-0.017063530161976814,0.12388093769550323,0.20420309901237488,-0.029210392385721207,0.09893497824668884,0.16175322234630585,-0.03735146299004555,0.1723230481147766,0.35608381032943726,-0.011652812361717224,0.12855222821235657,0.3003980815410614,-0.02779870107769966,0.10263492912054062,0.25949299335479736,-0.03984637185931206,0.08300364017486572,0.22203677892684937,-0.04679014906287193,0.15952660143375397,0.4011184275150299,-0.021040741354227066,0.11778415739536285,0.3760460615158081,-0.03597252443432808,0.0901777371764183,0.354166179895401,-0.04242323711514473,0.06616063416004181,0.3299907445907593,-0.04619768261909485,pinch,RRQ_p28,RRQ
0.4563271999359131,0.8003079295158386,5.403257574698728e-08,0.48454058170318604,0.783562958240509,-0.050743915140628815,0.503387451171875,0.7483630180358887,-0.08659106492996216,0.5089697241783142,0.737550675868988,-0.11709646135568619,0.49947816133499146,0.7509036660194397,-0.14563266932964325,0.4382988512516022,0.6450751423835754,-0.07352784276008606,0.43789663910865784,0.6200017929077148,-0.12094786763191223,0.45651015639305115,0.6624836325645447,-0.15267014503479004,0.4681199789047241,0.7077557444572449,-0.16898074746131897,0.39546215534210205,0.6572282910346985,-0.06954662501811981,0.3639880418777466,0.6109319925308228,-0.10723376274108887,0.3508566915988922,0.6081457138061523,-0.1303412765264511,0.33757904171943665,0.6159772872924805,-0.1446153223514557,0.3623843789100647,0.6906054615974426,-0.07081097364425659,0.3193083703517914,0.6404733657836914,-0.10221628844738007,0.28797274827957153,0.6193196177482605,-0.12337034940719604,0.25915464758872986,0.6024065613746643,-0.1369202882051468,0.34310436248779297,0.740423858165741,-0.07541772723197937,0.2915090322494507,0.7205615639686584,-0.09722831845283508,0.2591041922569275,0.7207931876182556,-0.10836048424243927,0.22952839732170105,0.7191004157066345,-0.11650039255619049,pinch,RRQ_p28,RRQ
0.6706430912017822,0.6954825520515442,2.1964119412132277e-07,0.7127845287322998,0.62862628698349,0.012821340933442116,0.7305504679679871,0.5608950853347778,0.010720742866396904,0.7542278170585632,0.5174869894981384,0.002566918497905135,0.7866464853286743,0.48812878131866455,-0.005907966755330563,0.6660235524177551,0.503727912902832,0.009131064638495445,0.7147451043128967,0.46151429414749146,-0.014467844739556313,0.7548193335533142,0.45991426706314087,-0.03331911191344261,0.7855671048164368,0.467896044254303,-0.04414490610361099,0.6532586216926575,0.5007174015045166,-0.013196167536079884,0.6602445244789124,0.40134596824645996,-0.031206447631120682,0.6869032979011536,0.3427385091781616,-0.042230911552906036,0.7135263681411743,0.3020145297050476,-0.048673756420612335,0.6485355496406555,0.5158221125602722,-0.037580184638500214,0.634437620639801,0.42880141735076904,-0.056679800152778625,0.6485628485679626,0.3709448575973511,-0.06762692332267761,0.6648934483528137,0.32637178897857666,-0.07410077005624771,0.6566533446311951,0.5363559126853943,-0.061249103397130966,0.6364378929138184,0.4839197099208832,-0.07737182080745697,0.6384271383285522,0.44285401701927185,-0.08311723172664642,0.6465144753456116,0.4065491855144501,-0.08693543076515198,pinch,RRQ_p28,RRQ
0.5605734586715698,0.7170655131340027,3.564071562323079e-07,0.5946096777915955,0.6558406352996826,-0.0003826727333944291,0.6139234304428101,0.5819843411445618,-0.008683881722390652,0.6410492062568665,0.5301711559295654,-0.021363306790590286,0.6733598709106445,0.4982703924179077,-0.03424090892076492,0.5422064065933228,0.5272648334503174,-0.00029035270563326776,0.5892400145530701,0.4809037148952484,-0.02788802981376648,0.6332200765609741,0.47911566495895386,-0.051616307348012924,0.6662229299545288,0.4866565763950348,-0.06493376195430756,0.5271455645561218,0.5259920358657837,-0.016521252691745758,0.5342565178871155,0.4405752718448639,-0.03512983396649361,0.5606540441513062,0.38317158818244934,-0.049166787415742874,0.5847358703613281,0.34154948592185974,-0.05812601000070572,0.5186111330986023,0.5442022681236267,-0.03604118153452873,0.5020871162414551,0.4671296179294586,-0.05576800927519798,0.5159164667129517,0.41283226013183594,-0.06806319206953049,0.5318638682365417,0.370628297328949,-0.07472443580627441,0.5209805965423584,0.5723769664764404,-0.056130826473236084,0.49822914600372314,0.5250594615936279,-0.07055769860744476,0.49526384472846985,0.48791027069091797,-0.07499944418668747,0.4986584484577179,0.45645207166671753,-0.07730953395366669,pinch,RRQ_p28,RRQ
0.492103636264801,0.7081140279769897,3.9022700093482854e-07,0.5211663246154785,0.6514233350753784,-0.008801729418337345,0.5370211601257324,0.578865110874176,-0.019897349178791046,0.5602479577064514,0.5218743085861206,-0.03337278962135315,0.5888181924819946,0.4856112003326416,-0.046560633927583694,0.46822991967201233,0.5274652242660522,-0.006713152397423983,0.5111110210418701,0.4817514419555664,-0.036202602088451385,0.5510567426681519,0.47363415360450745,-0.06037060543894768,0.5816085338592529,0.4743121862411499,-0.07340282946825027,0.44832223653793335,0.5248460173606873,-0.01875579170882702,0.44730818271636963,0.43716901540756226,-0.037696827203035355,0.4636323153972626,0.37849974632263184,-0.048841673880815506,0.47891199588775635,0.33097055554389954,-0.0549013651907444,0.4333241283893585,0.5432153344154358,-0.03485621511936188,0.4073789417743683,0.4704417586326599,-0.055116910487413406,0.4142928123474121,0.41536733508110046,-0.06309018284082413,0.4256620407104492,0.36767470836639404,-0.0659637376666069,0.42618778347969055,0.5759737491607666,-0.05240701138973236,0.3878101110458374,0.5383870005607605,-0.067803293466568,0.38746005296707153,0.49966609477996826,-0.06890962272882462,0.39852824807167053,0.46158367395401,-0.06802872568368912,pinch,RRQ_p28,RRQ
0.4097413718700409,0.6539686322212219,-5.873540089851303e-07,0.35916417837142944,0.6027190089225769,0.005872124340385199,0.3374632000923157,0.5349380373954773,0.005457949824631214,0.3235923945903778,0.4837023615837097,0.00037243656697683036,0.30955976247787476,0.4382965862751007,-0.0007961908122524619,0.39389002323150635,0.4536023437976837,0.019527526572346687,0.32395750284194946,0.4590853750705719,0.0009186505922116339,0.3285599946975708,0.5111379623413086,-0.011527817696332932,0.3475099503993988,0.5263953804969788,-0.017825210466980934,0.40433329343795776,0.45367684960365295,0.007046285551041365,0.32163289189338684,0.47268518805503845,-0.011794378980994225,0.33214837312698364,0.5268030166625977,-0.014352980069816113,0.3537241220474243,0.5405052900314331,-0.012134241871535778,0.40814197063446045,0.4669632315635681,-0.00839994102716446,0.3295377194881439,0.48655104637145996,-0.02392365224659443,0.3413526117801666,0.5378703474998474,-0.014295695349574089,0.36319705843925476,0.5500228404998779,-0.0045181200839579105,0.40712055563926697,0.4897306263446808,-0.02506016567349434,0.3473173677921295,0.5057584643363953,-0.03452922776341438,0.35439959168434143,0.5387315154075623,-0.029095174744725227,0.3729858994483948,0.54902583360672,-0.02143053337931633,fist,RRQ_p28,RRQ
0.18837608397006989,0.5899930000305176,-2.1611994327486173e-07,0.20443116128444672,0.5375434160232544,0.011035612784326077,0.19462715089321136,0.5006284713745117,0.015905801206827164,0.17022743821144104,0.4897899627685547,0.016892004758119583,0.14910578727722168,0.494258850812912,0.017306078225374222,0.1918071061372757,0.4677993953227997,0.02203521877527237,0.15942856669425964,0.46802768111228943,0.021175352856516838,0.15622101724147797,0.4905734956264496,0.017598362639546394,0.16523566842079163,0.5106456279754639,0.015326046384871006,0.16844800114631653,0.46419715881347656,0.014599530957639217,0.13425351679325104,0.47831064462661743,0.015275530517101288,0.13613252341747284,0.5036120414733887,0.011016882956027985,0.1481228619813919,0.5193887948989868,0.0085713816806674,0.14696475863456726,0.47268983721733093,0.007221681997179985,0.11129340529441833,0.48966845870018005,0.007106896489858627,0.11723950505256653,0.5192657709121704,0.0055175479501485825,0.13076938688755035,0.5307071805000305,0.0044127414003014565,0.12742498517036438,0.48919257521629333,0.0006658565253019333,0.09376804530620575,0.5039336681365967,-0.0013905786909162998,0.10091470927000046,0.5291390419006348,0.0003727697767317295,0.11450204998254776,0.5393690466880798,0.0033148021902889013,fist,RRQ_p28,RRQ
0.5156913995742798,0.5790056586265564,-5.403390446190315e-07,0.4499216377735138,0.5800775289535522,-0.005823608487844467,0.3899783492088318,0.550693154335022,-0.00933995470404625,0.3505344092845917,0.5164549350738525,-0.017299247905611992,0.32716429233551025,0.4725310206413269,-0.021477404981851578,0.4006553292274475,0.4646991193294525,0.01754942163825035,0.3626689016819,0.4637136161327362,-0.006515394896268845,0.39196375012397766,0.5050147771835327,-0.019583752378821373,0.41388165950775146,0.5122116208076477,-0.02477765828371048,0.42398035526275635,0.4447305500507355,0.010558360256254673,0.3869776725769043,0.4443874657154083,-0.01260166335850954,0.4186687469482422,0.4953558146953583,-0.014751379378139973,0.43787455558776855,0.4939221441745758,-0.010129456408321857,0.452830970287323,0.4271746873855591,-0.0015991372056305408,0.41229698061943054,0.41989636421203613,-0.025380542501807213,0.4410327076911926,0.4744488596916199,-0.012105456553399563,0.46255767345428467,0.4784635007381439,0.003639208385720849,0.48694849014282227,0.4144325852394104,-0.015162481926381588,0.4489867687225342,0.40723687410354614,-0.028215257450938225,0.4612928330898285,0.45052269101142883,-0.016620540991425514,0.47889599204063416,0.46033334732055664,-0.0034323229920119047,fist,RRQ_p28,RRQ
0.7206535339355469,0.6066145896911621,-3.7520860018958047e-07,0.6805307865142822,0.5816634893417358,-0.022933056578040123,0.6470432877540588,0.5215603113174438,-0.03075931966304779,0.6308882832527161,0.4646439850330353,-0.03791340813040733,0.6323966383934021,0.42015451192855835,-0.0400310717523098,0.6656444072723389,0.46663737297058105,0.003533043200150132,0.6680808663368225,0.4330984950065613,-0.019070539623498917,0.6744806170463562,0.4834787845611572,-0.029250333085656166,0.6741959452629089,0.5003607273101807,-0.03273787349462509,0.6968532204627991,0.4626021087169647,0.005952241364866495,0.69962477684021,0.43628889322280884,-0.016615670174360275,0.7021287083625793,0.495421826839447,-0.019449252635240555,0.6974287033081055,0.5032724142074585,-0.015429326333105564,0.7268859148025513,0.4653260409832001,0.0022049813997000456,0.731497049331665,0.4397038519382477,-0.02186751179397106,0.7296100854873657,0.4925888776779175,-0.01331611629575491,0.722894012928009,0.5036132335662842,-0.0012846792815253139,0.7550674080848694,0.4731783866882324,-0.003689299803227186,0.7574087381362915,0.44913098216056824,-0.01567815989255905,0.7538040280342102,0.4876565933227539,-0.007126188836991787,0.747857391834259,0.5011253356933594,0.0028836994897574186,fist,RRQ_p28,RRQ
0.2934194803237915,0.6206286549568176,-5.244706926532672e-07,0.23860153555870056,0.6006343960762024,0.0026901420205831528,0.20339488983154297,0.5542991161346436,0.002586864400655031,0.1803462952375412,0.5185906887054443,-0.002940236823633313,0.15655523538589478,0.48455268144607544,-0.006227788049727678,0.22216758131980896,0.4829418659210205,0.022602863609790802,0.18468670547008514,0.48494815826416016,0.002219523536041379,0.1986347883939743,0.5304655432701111,-0.010156574659049511,0.2172645479440689,0.5474324822425842,-0.014953427016735077,0.237760990858078,0.47299519181251526,0.012347242794930935,0.19550617039203644,0.4810448884963989,-0.010103190317749977,0.2132776379585266,0.5330743789672852,-0.015111411921679974,0.23400624096393585,0.5426609516143799,-0.01218018215149641,0.25699013471603394,0.46560707688331604,-0.0017870577285066247,0.2115119844675064,0.47518688440322876,-0.023425158113241196,0.23012053966522217,0.5242689251899719,-0.016589077189564705,0.25238966941833496,0.531855583190918,-0.005444348324090242,0.27823102474212646,0.4637128710746765,-0.016487129032611847,0.23447757959365845,0.4690723717212677,-0.02915334701538086,0.24304869771003723,0.5043776631355286,-0.022458892315626144,0.2622539699077606,0.5134819149971008,-0.012654952704906464,fist,RRQ_p28,RRQ
0.5762326121330261,0.7852922081947327,-4.47952146487296e-07,0.517788290977478,0.7667295336723328,-0.019135858863592148,0.4681418538093567,0.7218707799911499,-0.028237756341695786,0.4414772689342499,0.6841105222702026,-0.03639031574130058,0.4255814552307129,0.6447498798370361,-0.03942466527223587,0.49469834566116333,0.6121125817298889,-0.0031295903027057648,0.4633540213108063,0.6496163606643677,-0.028185803443193436,0.4808478355407715,0.6902235746383667,-0.0436151884496212,0.49743837118148804,0.691001296043396,-0.05186162516474724,0.5256578326225281,0.5974352359771729,-0.0046671233139932156,0.4968400299549103,0.6532114148139954,-0.027308529242873192,0.5119262337684631,0.696930468082428,-0.03122253343462944,0.5257214307785034,0.6901614665985107,-0.03003348782658577,0.5582695603370667,0.6026832461357117,-0.011513099074363708,0.5324852466583252,0.6541208028793335,-0.03354472666978836,0.540786862373352,0.6923126578330994,-0.025357449427247047,0.5523064732551575,0.6838364601135254,-0.015589402057230473,0.5905695557594299,0.618530809879303,-0.021322935819625854,0.5696077346801758,0.6534304618835449,-0.03425376117229462,0.5693356394767761,0.6843501329421997,-0.02858036756515503,0.57578045129776,0.6831144690513611,-0.02042277716100216,fist,RRQ_p28,RRQ
0.6422033905982971,0.7090725898742676,-3.838402165001753e-07,0.627155065536499,0.6364896297454834,-0.005938476882874966,0.6144254803657532,0.5595330595970154,-0.014406709000468254,0.6001335382461548,0.5011197924613953,-0.022493204101920128,0.5881032943725586,0.45269274711608887,-0.02879728563129902,0.6573439240455627,0.5370652079582214,-0.027812998741865158,0.5839024782180786,0.5051020383834839,-0.0487421490252018,0.5774450302124023,0.5401667356491089,-0.054071538150310516,0.5944716334342957,0.5571951270103455,-0.05509541556239128,0.6536540389060974,0.5776021480560303,-0.03461268171668053,0.570140540599823,0.549896240234375,-0.0546284094452858,0.5745663642883301,0.579676628112793,-0.05125465616583824,0.5951994061470032,0.5906028747558594,-0.04841753840446472,0.6423805952072144,0.6187838315963745,-0.04239891842007637,0.5655178427696228,0.5914901494979858,-0.06145874410867691,0.5737448930740356,0.6186057925224304,-0.050753623247146606,0.5955684185028076,0.6281043291091919,-0.0421871691942215,0.6278243660926819,0.6601309776306152,-0.050262946635484695,0.5675047039985657,0.6310358047485352,-0.06509996205568314,0.5744222402572632,0.6483299136161804,-0.06075631454586983,0.5947830677032471,0.6572998762130737,-0.055372048169374466,fist,RRQ_p28,RRQ
0.7071621417999268,0.3676195740699768,-5.205920388107188e-07,0.67767733335495,0.2969724237918854,0.002859360072761774,0.6734411716461182,0.23070964217185974,0.0005066589219495654,0.6695186495780945,0.18186545372009277,-0.005924120545387268,0.6679335832595825,0.1342744678258896,-0.00924244336783886,0.7411760091781616,0.18333593010902405,0.017625439912080765,0.6794734597206116,0.1644831895828247,-0.0024328723084181547,0.6704760193824768,0.2102692872285843,-0.017882950603961945,0.6818925142288208,0.23707348108291626,-0.02543761022388935,0.7515758872032166,0.1916755735874176,0.007497027516365051,0.6780998110771179,0.17871269583702087,-0.01215321198105812,0.6717966794967651,0.22602330148220062,-0.018921125680208206,0.6842765212059021,0.25003689527511597,-0.019347380846738815,0.7537686228752136,0.20760802924633026,-0.00546560762450099,0.6832506060600281,0.19594281911849976,-0.02111685834825039,0.6782728433609009,0.24043384194374084,-0.0152305131778121,0.6907168626785278,0.26193711161613464,-0.007526705507189035,0.7492749094963074,0.22887934744358063,-0.01968831941485405,0.6951208710670471,0.22003088891506195,-0.02820863574743271,0.6894818544387817,0.2504940927028656,-0.023323602974414825,0.699393630027771,0.269458144903183,-0.0159151591360569,fist,RRQ_p28,RRQ
0.7823629379272461,0.4207950830459595,-5.196176289246068e-07,0.7785608768463135,0.33593443036079407,0.006581597030162811,0.7961660623550415,0.27803611755371094,0.006621349137276411,0.8102667927742004,0.23477324843406677,0.0012487085768952966,0.824816107749939,0.19424419105052948,-0.0009694223990663886,0.8793727159500122,0.279418021440506,0.027276625856757164,0.8314151167869568,0.224105566740036,0.01045504305511713,0.8079479336738586,0.2591109871864319,-0.003844131948426366,0.8120086193084717,0.2853800058364868,-0.011845082975924015,0.8878847360610962,0.28788378834724426,0.014616657048463821,0.8276320099830627,0.22853317856788635,-0.003988991025835276,0.8054665327072144,0.266642302274704,-0.010934318415820599,0.8106791377067566,0.29589101672172546,-0.01134916115552187,0.8851476907730103,0.29833343625068665,-0.0010559228248894215,0.828356921672821,0.24054640531539917,-0.016590088605880737,0.8075990676879883,0.27697333693504333,-0.01090209186077118,0.8138071298599243,0.3051391839981079,-0.0032838855404406786,0.8742431402206421,0.31046202778816223,-0.017906613647937775,0.8293565511703491,0.26628008484840393,-0.02813299186527729,0.8136180639266968,0.2915816307067871,-0.024276260286569595,0.8179531693458557,0.31695473194122314,-0.01720377989113331,fist,RRQ_p28,RRQ
0.33663246035575867,0.7303822040557861,-1.9518331839663006e-07,0.3490777611732483,0.6512405872344971,-0.01410464383661747,0.34802117943763733,0.571035623550415,-0.026816921308636665,0.3492504954338074,0.5162630081176758,-0.03835640475153923,0.3498169481754303,0.46730396151542664,-0.04660467430949211,0.277903288602829,0.565109372138977,-0.045305732637643814,0.3590176999568939,0.5253628492355347,-0.07213189452886581,0.37654486298561096,0.5611427426338196,-0.0814058780670166,0.3603408634662628,0.582388162612915,-0.08733007311820984,0.27845147252082825,0.6178686022758484,-0.05209572985768318,0.37889349460601807,0.5815489888191223,-0.07616005837917328,0.3810126483440399,0.6173214912414551,-0.07660846412181854,0.3601016402244568,0.6296223402023315,-0.07961554080247879,0.29430824518203735,0.6712902188301086,-0.05998687073588371,0.3922877013683319,0.6372575163841248,-0.0798582062125206,0.38566911220550537,0.6681888699531555,-0.07259909063577652,0.3628852367401123,0.6780933737754822,-0.06987657397985458,0.3155171573162079,0.720322847366333,-0.06968125700950623,0.39400994777679443,0.6877982020378113,-0.08490411192178726,0.3854580223560333,0.7049914002418518,-0.08477584272623062,0.3618554174900055,0.7171818614006042,-0.0853138342499733,fist,RRQ_p28,RRQ
0.2139073610305786,0.700455367565155,-3.8491478449032e-07,0.2089489996433258,0.6128897070884705,-0.019682031124830246,0.17045599222183228,0.5329443216323853,-0.028988774865865707,0.1357622742652893,0.48887577652931213,-0.03746602311730385,0.10356654971837997,0.4595382809638977,-0.04172322526574135,0.07139574736356735,0.5631441473960876,-0.01284744031727314,0.10168412327766418,0.5147414803504944,-0.04031015560030937,0.14653907716274261,0.5381535291671753,-0.05643083155155182,0.1544000804424286,0.5582054853439331,-0.06521119177341461,0.057527363300323486,0.6133432984352112,-0.014926837757229805,0.11014522612094879,0.5652017593383789,-0.039168741554021835,0.1535894274711609,0.5883641839027405,-0.04504876956343651,0.15152207016944885,0.6051672101020813,-0.04616686329245567,0.06112777441740036,0.6641594171524048,-0.02138548716902733,0.11750075221061707,0.6174421906471252,-0.04505355656147003,0.15468262135982513,0.6332900524139404,-0.041131392121315,0.15000686049461365,0.6470906734466553,-0.03534034639596939,0.07474368810653687,0.7104032635688782,-0.030269751325249672,0.12220214307308197,0.6686023473739624,-0.04402795433998108,0.15239280462265015,0.6743565201759338,-0.040393926203250885,0.1507405787706375,0.686346173286438,-0.03463244065642357,fist,RRQ_p28,RRQ
0.2586006224155426,0.5379970073699951,-3.5361895811547583e-07,0.27745628356933594,0.44453635811805725,-0.008140563033521175,0.2637072503566742,0.35682377219200134,-0.015385841019451618,0.25059300661087036,0.3006092309951782,-0.024392832070589066,0.2386319935321808,0.25027763843536377,-0.02968832477927208,0.16916470229625702,0.34023502469062805,-0.0019344197353348136,0.22677333652973175,0.29684582352638245,-0.026708686724305153,0.25358957052230835,0.33962470293045044,-0.042278409004211426,0.2457314431667328,0.36436545848846436,-0.05211929231882095,0.15299195051193237,0.3721293807029724,-0.010179933160543442,0.22603638470172882,0.3291820287704468,-0.03251291811466217,0.2521291971206665,0.3724129796028137,-0.03770500048995018,0.24173764884471893,0.391757071018219,-0.03971370309591293,0.15085701644420624,0.4113684892654419,-0.02191517874598503,0.22459149360656738,0.3734140992164612,-0.04388941824436188,0.24790625274181366,0.41148677468299866,-0.03884444013237953,0.23619826138019562,0.4297110140323639,-0.033265162259340286,0.15868636965751648,0.4519403576850891,-0.0351155661046505,0.21736805140972137,0.41728144884109497,-0.04710472747683525,0.23500414192676544,0.44380876421928406,-0.04214223101735115,0.2247554212808609,0.4623924493789673,-0.036806173622608185,fist,RRQ_p28,RRQ
0.6249091625213623,0.47270143032073975,-3.461621247424773e-07,0.6450991034507751,0.39731213450431824,0.023607684299349785,0.6843070387840271,0.3358845114707947,0.020000556483864784,0.7194799780845642,0.2917100191116333,0.01149057038128376,0.7421234250068665,0.2504849433898926,0.004555387422442436,0.6787102222442627,0.2968240976333618,-0.020126093178987503,0.7533489465713501,0.29298049211502075,-0.028027115389704704,0.7419953346252441,0.32566583156585693,-0.023192614316940308,0.7208664417266846,0.3340801000595093,-0.020160511136054993,0.685739278793335,0.32833850383758545,-0.04223243147134781,0.7614359259605408,0.334261417388916,-0.042356912046670914,0.7447441816329956,0.3623925447463989,-0.028909947723150253,0.7231799364089966,0.3665562868118286,-0.025794167071580887,0.6941103339195251,0.3695509731769562,-0.06134737282991409,0.7624748349189758,0.3784791827201843,-0.05565904080867767,0.7421525120735168,0.4028972387313843,-0.035131268203258514,0.7198187112808228,0.40513357520103455,-0.02974013052880764,0.704337477684021,0.41462475061416626,-0.07915981858968735,0.7609729766845703,0.41776320338249207,-0.07011659443378448,0.740462601184845,0.4364471435546875,-0.053958579897880554,0.7166244983673096,0.4372200667858124,-0.04817947372794151,fist,RRQ_p28,RRQ
0.7209619879722595,0.7102492451667786,-3.1340803730017797e-07,0.7431137561798096,0.6305043697357178,0.004205169156193733,0.7888841032981873,0.5778845548629761,-0.0014230641536414623,0.8353615403175354,0.5448474884033203,-0.007298835553228855,0.8728677034378052,0.5389057993888855,-0.010410183109343052,0.8133128881454468,0.5829796195030212,-0.019053157418966293,0.8796216249465942,0.5893681049346924,-0.028718382120132446,0.8605590462684631,0.5979509353637695,-0.028768831863999367,0.8359372615814209,0.6014403700828552,-0.026241622865200043,0.8205653429031372,0.6350331902503967,-0.024587899446487427,0.882299542427063,0.6356221437454224,-0.022951658815145493,0.8665026426315308,0.6424449682235718,-0.013976812362670898,0.8461645841598511,0.6438168883323669,-0.010416682809591293,0.82541823387146,0.6871247887611389,-0.028733741492033005,0.8766294121742249,0.6816180348396301,-0.024591904133558273,0.8607509732246399,0.6893810629844666,-0.009317893534898758,0.841282069683075,0.6928902268409729,-0.0022652316838502884,0.8274046778678894,0.7330450415611267,-0.03228394687175751,0.8686581254005432,0.7185521125793457,-0.024370364844799042,0.852794349193573,0.7251442670822144,-0.009371097199618816,0.836873471736908,0.7314467430114746,-0.00042431254405528307,fist,RRQ_p28,RRQ
0.4335886538028717,0.7614410519599915,-3.433138715536188e-07,0.4965773820877075,0.7460408210754395,-0.016319172456860542,0.5547966361045837,0.6847996115684509,-0.019030598923563957,0.5890483856201172,0.6328365206718445,-0.021563410758972168,0.6049390435218811,0.5869302153587341,-0.018886815756559372,0.5384082794189453,0.5974209904670715,-0.00042457421659491956,0.5721509456634521,0.581842839717865,-0.019891349598765373,0.5519317984580994,0.6404118537902832,-0.02555730566382408,0.5370511412620544,0.6416152715682983,-0.027338776737451553,0.5052351355552673,0.5815852284431458,-0.0019604137632995844,0.5363075733184814,0.5797894597053528,-0.022433089092373848,0.5153188705444336,0.6466273665428162,-0.023696308955550194,0.502140462398529,0.634565532207489,-0.020938964560627937,0.4685310423374176,0.5779837369918823,-0.00790934357792139,0.49952349066734314,0.5765940546989441,-0.03326912969350815,0.4828721284866333,0.6412813663482666,-0.022915998473763466,0.467605322599411,0.63450026512146,-0.011100834235548973,0.4296306371688843,0.5781146287918091,-0.014791596680879593,0.4613185226917267,0.5746497511863708,-0.029487093910574913,0.4560718536376953,0.6236850023269653,-0.017504917457699776,0.44161850214004517,0.6271089315414429,-0.005003438796848059,fist,RRQ_p28,RRQ
0.31917333602905273,0.8383707404136658,3.2260066973321955e-07,0.36464136838912964,0.7956804633140564,-0.02216295525431633,0.3949436843395233,0.7287051677703857,-0.03099263273179531,0.41076087951660156,0.6722930669784546,-0.03845283389091492,0.4261459410190582,0.6307594180107117,-0.04587448015809059,0.34687793254852295,0.6527213454246521,-0.020681539550423622,0.3489980101585388,0.5779333710670471,-0.03558240085840225,0.3458156883716583,0.5303384065628052,-0.04745379090309143,0.34099575877189636,0.49045372009277344,-0.05637592449784279,0.31290170550346375,0.6532431244850159,-0.02189306914806366,0.3028033375740051,0.5715539455413818,-0.03545939177274704,0.2947501540184021,0.5182093381881714,-0.04770853370428085,0.2866276800632477,0.4750303626060486,-0.05690702423453331,0.28363537788391113,0.669844388961792,-0.025709493085741997,0.27096688747406006,0.5970268845558167,-0.03994469717144966,0.26449263095855713,0.5496593713760376,-0.051042743027210236,0.2593348026275635,0.5100606083869934,-0.058890193700790405,0.2567756474018097,0.6998258233070374,-0.03162647411227226,0.233909010887146,0.652698278427124,-0.046645279973745346,0.21914035081863403,0.6192991733551025,-0.05439091846346855,0.20717795193195343,0.5876999497413635,-0.059039391577243805,open_palm,RRQ_p28,RRQ
0.15030761063098907,0.8015961647033691,3.984449961080827e-07,0.18345990777015686,0.75654137134552,-0.029644830152392387,0.20440346002578735,0.6883259415626526,-0.04054601490497589,0.2113267481327057,0.6289864778518677,-0.04863611236214638,0.219275563955307,0.5848783850669861,-0.055856190621852875,0.14677664637565613,0.619480311870575,-0.02129453234374523,0.13995574414730072,0.5452600121498108,-0.0362967923283577,0.13127049803733826,0.4990774095058441,-0.04917709901928902,0.12239043414592743,0.4596729278564453,-0.058320511132478714,0.11606823652982712,0.6248162388801575,-0.017825687304139137,0.09862229228019714,0.5472158193588257,-0.03020825795829296,0.0841115266084671,0.49576669931411743,-0.04234623908996582,0.07197728008031845,0.4541099965572357,-0.05112847313284874,0.09129109978675842,0.6442478895187378,-0.017877278849482536,0.07551220804452896,0.5751039981842041,-0.03063593991100788,0.06731239706277847,0.5304681062698364,-0.04046359658241272,0.061241112649440765,0.4931682050228119,-0.047003019601106644,0.06843917816877365,0.6768794059753418,-0.020990222692489624,0.047695040702819824,0.6334505677223206,-0.03354974091053009,0.0346163734793663,0.6048960089683533,-0.03913585841655731,0.02350258082151413,0.5781605243682861,-0.0420081727206707,open_palm,RRQ_p28,RRQ
0.20321640372276306,0.5283335447311401,4.1525490246385743e-07,0.25435566902160645,0.4911873936653137,-0.029633015394210815,0.29306429624557495,0.42731043696403503,-0.03786398097872734,0.3174768090248108,0.3658504784107208,-0.043252572417259216,0.3367840349674225,0.3232664167881012,-0.047435637563467026,0.24778132140636444,0.3321017622947693,-0.014193130657076836,0.2581218183040619,0.25361788272857666,-0.025074925273656845,0.2601889371871948,0.20476838946342468,-0.03654663264751434,0.26037126779556274,0.16207167506217957,-0.045214176177978516,0.2141304761171341,0.32621872425079346,-0.009511754848062992,0.2133445292711258,0.2429334819316864,-0.01635495200753212,0.20971830189228058,0.1878942996263504,-0.02693748287856579,0.20642761886119843,0.1436464786529541,-0.035611607134342194,0.18247534334659576,0.3374301493167877,-0.008845232427120209,0.18108001351356506,0.2662709653377533,-0.01685628667473793,0.18133707344532013,0.2216767966747284,-0.026494232937693596,0.1819552332162857,0.1858721673488617,-0.03402479737997055,0.14936885237693787,0.3626560568809509,-0.011563577689230442,0.1357036530971527,0.317313551902771,-0.020205896347761154,0.12670569121837616,0.2877562642097473,-0.02498272992670536,0.11944933235645294,0.26053115725517273,-0.028098085895180702,open_palm,RRQ_p28,RRQ
0.662169873714447,0.5872504115104675,2.3056122699927073e-07,0.7123392224311829,0.5750378966331482,-0.017445363104343414,0.7540006041526794,0.5252587199211121,-0.02404489368200302,0.784796416759491,0.48020392656326294,-0.030534682795405388,0.809181809425354,0.4494382441043854,-0.037237346172332764,0.7391074895858765,0.42617183923721313,-0.014879205264151096,0.760761559009552,0.3579520285129547,-0.02974410355091095,0.7726525068283081,0.31373131275177,-0.04199535399675369,0.7819733023643494,0.2756009101867676,-0.05135730281472206,0.7123737335205078,0.410551518201828,-0.018426023423671722,0.7239484190940857,0.32977715134620667,-0.03186432272195816,0.7339036464691162,0.27740707993507385,-0.04363331198692322,0.7404490113258362,0.23472683131694794,-0.05243755504488945,0.6859502792358398,0.4130516052246094,-0.024669216945767403,0.687788724899292,0.33655229210853577,-0.03903471678495407,0.6941590309143066,0.28727009892463684,-0.04959559068083763,0.6998576521873474,0.2464568167924881,-0.05683901533484459,0.6596397757530212,0.42988625168800354,-0.032845016568899155,0.6475260257720947,0.3708299398422241,-0.04826103150844574,0.643328070640564,0.3292698264122009,-0.05656372383236885,0.6414152979850769,0.29223623871803284,-0.06160840764641762,open_palm,RRQ_p28,RRQ
0.6994634866714478,0.7369129657745361,-7.576699267985987e-09,0.7520751357078552,0.7412700057029724,0.006630287505686283,0.7969739437103271,0.7059735655784607,0.012239175848662853,0.8234308958053589,0.6811808347702026,0.013336028903722763,0.8439563512802124,0.6745196580886841,0.013362628407776356,0.8151863217353821,0.6226117014884949,0.015322989784181118,0.8437555432319641,0.5724659562110901,0.008588646538555622,0.8621382117271423,0.5426385998725891,0.001167728565633297,0.878559947013855,0.516697347164154,-0.0055727059952914715,0.8042688369750977,0.6067755222320557,0.001983105903491378,0.8320850729942322,0.5399253368377686,-0.0061574531719088554,0.8547567129135132,0.4991827607154846,-0.015549933537840843,0.8727396726608276,0.46411457657814026,-0.02286662347614765,0.7885264754295349,0.6042762398719788,-0.012825348414480686,0.809290885925293,0.536356508731842,-0.022931184619665146,0.8266054391860962,0.49584460258483887,-0.03173038735985756,0.8418166637420654,0.45835331082344055,-0.03828755393624306,0.7680970430374146,0.6138800978660583,-0.027670778334140778,0.7751216292381287,0.5561519861221313,-0.039550233632326126,0.7869958281517029,0.5209051370620728,-0.046508725732564926,0.799399733543396,0.4874113202095032,-0.051658667623996735,open_palm,RRQ_p28,RRQ
0.49584001302719116,0.8769035935401917,4.0732760453465744e-07,0.546960711479187,0.9150176048278809,-0.030647996813058853,0.6067351698875427,0.9205583333969116,-0.049147699028253555,0.6591488718986511,0.9226851463317871,-0.06467824429273605,0.7037934064865112,0.9333146810531616,-0.08125242590904236,0.6354184150695801,0.8344208002090454,-0.0493408627808094,0.6949615478515625,0.8034548759460449,-0.07665736973285675,0.733436107635498,0.7782133221626282,-0.09454579651355743,0.7653345465660095,0.7537360191345215,-0.10749155282974243,0.6166403293609619,0.7873236536979675,-0.05185495689511299,0.670718252658844,0.7295699715614319,-0.0777997225522995,0.7070270776748657,0.692689836025238,-0.09459829330444336,0.7370140552520752,0.6587501764297485,-0.10670233517885208,0.5859814882278442,0.759472131729126,-0.056750837713479996,0.6269698143005371,0.6977460384368896,-0.08199208229780197,0.6579630374908447,0.6573477983474731,-0.09710362553596497,0.6868330240249634,0.6227206587791443,-0.10749635100364685,0.5482237339019775,0.7483013272285461,-0.06382887810468674,0.5645714998245239,0.6869392991065979,-0.08821991831064224,0.5775454640388489,0.6452685594558716,-0.10007836669683456,0.5924787521362305,0.6081827282905579,-0.1075044497847557,open_palm,RRQ_p28,RRQ
0.43676063418388367,0.7124010324478149,3.750657242562738e-07,0.4926730990409851,0.7151277661323547,-0.028179464861750603,0.5483942627906799,0.6789446473121643,-0.040281444787979126,0.591910183429718,0.6421873569488525,-0.05002571642398834,0.6278709769248962,0.6193286776542664,-0.05973336100578308,0.5458222031593323,0.5725390315055847,-0.028913848102092743,0.5833062529563904,0.5108804702758789,-0.048421066254377365,0.6057387590408325,0.4683166444301605,-0.06336406618356705,0.6230731010437012,0.43012821674346924,-0.07453583925962448,0.5164857506752014,0.5434799194335938,-0.029426241293549538,0.5467330813407898,0.46672916412353516,-0.047470152378082275,0.566331148147583,0.41496697068214417,-0.06193865090608597,0.5813597440719604,0.37000375986099243,-0.07254702597856522,0.48280826210975647,0.5347515344619751,-0.03320811316370964,0.5047038197517395,0.46104052662849426,-0.05231323838233948,0.5214210152626038,0.4126322865486145,-0.06588949263095856,0.5366175770759583,0.37036070227622986,-0.07516437768936157,0.44568729400634766,0.5420767664909363,-0.03949045017361641,0.44561782479286194,0.48277896642684937,-0.05892328545451164,0.44643083214759827,0.44106173515319824,-0.0689043402671814,0.4492913484573364,0.40205085277557373,-0.07504139095544815,open_palm,RRQ_p28,RRQ
0.6126230359077454,0.833271324634552,4.812344513993594e-07,0.5591813325881958,0.7946212291717529,-0.022999312728643417,0.5258565545082092,0.7302379608154297,-0.0381137952208519,0.5058896541595459,0.6780419945716858,-0.05148707702755928,0.4802933931350708,0.641429603099823,-0.06594403088092804,0.5854887962341309,0.6408534049987793,-0.03182500600814819,0.5960313081741333,0.5595406889915466,-0.0535334050655365,0.6064345240592957,0.508141279220581,-0.07021283358335495,0.6173158884048462,0.4641995429992676,-0.08229032158851624,0.6240149140357971,0.646307647228241,-0.03696422651410103,0.6412869691848755,0.5556948184967041,-0.05603490397334099,0.6536878943443298,0.4967365860939026,-0.07233496755361557,0.6640657186508179,0.4449470043182373,-0.08463199436664581,0.6565344333648682,0.6677072048187256,-0.04458680748939514,0.6771657466888428,0.5830352306365967,-0.06522571295499802,0.6885111331939697,0.5291234254837036,-0.07863672822713852,0.6963441967964172,0.47956815361976624,-0.08816961944103241,0.6853808164596558,0.7024731636047363,-0.05383925884962082,0.7138839364051819,0.6447935104370117,-0.07271477580070496,0.7309551239013672,0.6061185598373413,-0.08035983145236969,0.743910551071167,0.5684922933578491,-0.08538323640823364,open_palm,RRQ_p28,RRQ
0.7225250601768494,0.640659511089325,3.177784435592912e-07,0.6724268794059753,0.5968651175498962,-0.019715359434485435,0.6443743705749512,0.5161938667297363,-0.02618218958377838,0.6346860527992249,0.4526827335357666,-0.03168633580207825,0.6169655919075012,0.4106193780899048,-0.03700321912765503,0.7061311602592468,0.4324009418487549,-0.011499932035803795,0.7108543515205383,0.34921014308929443,-0.02567385323345661,0.7173682451248169,0.29839956760406494,-0.038345735520124435,0.7247128486633301,0.25462841987609863,-0.04815112426877022,0.7424069046974182,0.43042388558387756,-0.014343122951686382,0.7571706175804138,0.33748894929885864,-0.025623125955462456,0.7660083770751953,0.2793908417224884,-0.036582786589860916,0.7722340226173401,0.23182620108127594,-0.045212272554636,0.7738484740257263,0.44517484307289124,-0.02078959159553051,0.7888398170471191,0.36272695660591125,-0.03384755551815033,0.7941759824752808,0.3109161853790283,-0.04341520369052887,0.7963941097259521,0.26596352458000183,-0.050805605947971344,0.8032429814338684,0.47476834058761597,-0.02968602254986763,0.8287543058395386,0.4196411371231079,-0.041964221745729446,0.8416373133659363,0.3822938799858093,-0.04801386967301369,0.8500529527664185,0.3464921712875366,-0.05266010761260986,open_palm,RRQ_p28,RRQ
0.8028573989868164,0.7842065095901489,3.922040718862263e-07,0.7623828649520874,0.7481026649475098,-0.03503876551985741,0.746680736541748,0.691910445690155,-0.05423692986369133,0.7511066198348999,0.6442148089408875,-0.06949208676815033,0.7438827157020569,0.6062251329421997,-0.08437009155750275,0.8178945183753967,0.6020113229751587,-0.04064996540546417,0.8309926986694336,0.5227809548377991,-0.06433900445699692,0.8440404534339905,0.4718281328678131,-0.08328194916248322,0.8573060035705566,0.42764273285865784,-0.09680625051259995,0.8498203754425049,0.6014885902404785,-0.038165133446455,0.8730612397193909,0.5152091979980469,-0.05868050828576088,0.889251172542572,0.4583170711994171,-0.07436278462409973,0.9039148092269897,0.40841546654701233,-0.08586777001619339,0.8738805055618286,0.617244303226471,-0.03930893540382385,0.8978062272071838,0.5397759675979614,-0.05811396613717079,0.9111273288726807,0.4879291355609894,-0.07104579359292984,0.9220322370529175,0.44208472967147827,-0.08025018870830536,0.893975555896759,0.6478651165962219,-0.04399782419204712,0.9242204427719116,0.5966784358024597,-0.060060881078243256,0.9402465224266052,0.5607858896255493,-0.06910492479801178,0.9526976943016052,0.5250622034072876,-0.07551127672195435,open_palm,RRQ_p28,RRQ
0.3458438813686371,0.838783860206604,5.134174330123642e-07,0.28280773758888245,0.834324061870575,-0.01661772094666958,0.23015950620174408,0.7940698266029358,-0.031214898452162743,0.1920219361782074,0.7623982429504395,-0.045323457568883896,0.15378576517105103,0.7417609095573425,-0.06110375002026558,0.23754973709583282,0.7133455276489258,-0.03600837662816048,0.21696558594703674,0.6376158595085144,-0.06405393779277802,0.20433849096298218,0.5898059010505676,-0.0843375027179718,0.19282391667366028,0.5456501245498657,-0.0989290252327919,0.26163727045059204,0.7073426246643066,-0.046774208545684814,0.24178139865398407,0.6269226670265198,-0.07379569113254547,0.22475728392601013,0.571232259273529,-0.09294109046459198,0.2102152556180954,0.520086407661438,-0.1069820374250412,0.28944170475006104,0.7180173993110657,-0.059397995471954346,0.27865204215049744,0.6387403607368469,-0.08779314160346985,0.2659659683704376,0.5849023461341858,-0.10365709662437439,0.2517026662826538,0.5345568060874939,-0.11452896147966385,0.3191177248954773,0.7423430681228638,-0.07284080237150192,0.319232314825058,0.68443363904953,-0.09997713565826416,0.3180025517940521,0.6429111957550049,-0.11148934066295624,0.3158801794052124,0.6029056310653687,-0.11907537281513214,open_palm,RRQ_p28,RRQ
0.23964513838291168,0.5129941701889038,3.6998764585405297e-07,0.18771730363368988,0.4966825842857361,-0.00986500084400177,0.14929074048995972,0.4457505941390991,-0.014808311127126217,0.12321039289236069,0.404745489358902,-0.02089870721101761,0.09767164289951324,0.3810497522354126,-0.027424795553088188,0.16640833020210266,0.3416099548339844,-0.0005873727495782077,0.1615149974822998,0.2721070349216461,-0.01215266901999712,0.15817488729953766,0.2289646863937378,-0.024244505912065506,0.15623775124549866,0.1903778463602066,-0.03346211463212967,0.18535010516643524,0.32907068729400635,-0.0076819611713290215,0.1839732825756073,0.24634206295013428,-0.016359755769371986,0.18132923543453217,0.19175486266613007,-0.026189088821411133,0.1808423101902008,0.14490261673927307,-0.034321367740631104,0.20476722717285156,0.3303942084312439,-0.01788787916302681,0.20882835984230042,0.2496442198753357,-0.0273139551281929,0.20906390249729156,0.19814611971378326,-0.035710304975509644,0.2094775289297104,0.15324625372886658,-0.04274539276957512,0.22475871443748474,0.34440457820892334,-0.02995873987674713,0.235260009765625,0.2822801172733307,-0.03860020264983177,0.24120205640792847,0.24063405394554138,-0.04298537224531174,0.2466205656528473,0.20281727612018585,-0.04682556912302971,open_palm,RRQ_p28,RRQ
0.4205341339111328,0.459442138671875,3.756313731173577e-07,0.36144983768463135,0.43060651421546936,-0.019109055399894714,0.31620150804519653,0.3626565933227539,-0.025789396837353706,0.2856879234313965,0.30989256501197815,-0.03194720298051834,0.2553146779537201,0.27918508648872375,-0.03837777301669121,0.362070769071579,0.2555040121078491,-0.006876759696751833,0.3580732047557831,0.1766897439956665,-0.020312102511525154,0.3564741313457489,0.12561266124248505,-0.03390144184231758,0.3568064570426941,0.08106981217861176,-0.04495495185256004,0.396331787109375,0.2441791594028473,-0.011307375505566597,0.39729052782058716,0.15440350770950317,-0.021961715072393417,0.3974634110927582,0.09549480676651001,-0.034185875207185745,0.3981567621231079,0.04605315625667572,-0.044372234493494034,0.42785322666168213,0.2516820430755615,-0.019755003973841667,0.43416494131088257,0.1687970608472824,-0.033092156052589417,0.4367207884788513,0.11665840446949005,-0.043463658541440964,0.4381079375743866,0.07047384977340698,-0.05188068374991417,0.45713523030281067,0.27459147572517395,-0.03064020536839962,0.47250449657440186,0.21587440371513367,-0.0444006584584713,0.48391926288604736,0.1759510040283203,-0.0509692020714283,0.4938657283782959,0.13794055581092834,-0.05612950026988983,open_palm,RRQ_p28,RRQ
0.42438721656799316,0.5010905861854553,3.7986239931342425e-07,0.36529892683029175,0.47212642431259155,-0.017973443493247032,0.3206411600112915,0.4089486598968506,-0.02653971128165722,0.29091203212738037,0.3596508502960205,-0.03476671874523163,0.2606702744960785,0.3330303132534027,-0.043804045766592026,0.3649243116378784,0.30561113357543945,-0.012906642630696297,0.3597116768360138,0.22603347897529602,-0.029565278440713882,0.3575015068054199,0.1728205531835556,-0.044508472084999084,0.3580818176269531,0.1275595724582672,-0.055766619741916656,0.40025126934051514,0.2954496145248413,-0.01854812353849411,0.3993535041809082,0.20394320785999298,-0.03282186761498451,0.39906108379364014,0.14212757349014282,-0.04674805328249931,0.3994482457637787,0.09031906723976135,-0.0573294423520565,0.4330286681652069,0.3026219606399536,-0.027481313794851303,0.4382873475551605,0.21757078170776367,-0.04378100112080574,0.44002896547317505,0.16244028508663177,-0.05518994852900505,0.44044530391693115,0.11525963246822357,-0.06340862065553665,0.463959276676178,0.3249446749687195,-0.038332242518663406,0.47950178384780884,0.26335448026657104,-0.05324079096317291,0.4906807541847229,0.22155126929283142,-0.059311963617801666,0.49969053268432617,0.18395210802555084,-0.06356647610664368,open_palm,RRQ_p28,RRQ
0.45467448234558105,0.6122197508811951,4.549969219169725e-07,0.3924671411514282,0.5883224606513977,-0.022976960986852646,0.3411555886268616,0.5287020802497864,-0.035788457840681076,0.3060104548931122,0.47900670766830444,-0.04719746485352516,0.2715784013271332,0.4498230516910553,-0.0593009814620018,0.38370048999786377,0.423515647649765,-0.02569061517715454,0.3746122121810913,0.33753257989883423,-0.0462062805891037,0.36925601959228516,0.28150928020477295,-0.06257488578557968,0.3662364184856415,0.23301827907562256,-0.07483601570129395,0.41850072145462036,0.4136785864830017,-0.030875427648425102,0.4147283732891083,0.31650543212890625,-0.04869389533996582,0.4116821885108948,0.2525951564311981,-0.06361428648233414,0.4096411168575287,0.19858482480049133,-0.07487567514181137,0.4516749083995819,0.4220799505710602,-0.03927415609359741,0.45457521080970764,0.33096620440483093,-0.058703210204839706,0.4548703134059906,0.2723384499549866,-0.07106643915176392,0.45396870374679565,0.2207670360803604,-0.0799654871225357,0.48422157764434814,0.44576600193977356,-0.04978330433368683,0.49988043308258057,0.38166046142578125,-0.06801667809486389,0.5103996992111206,0.33656013011932373,-0.07574411481618881,0.5187303423881531,0.29506945610046387,-0.08095114678144455,open_palm,RRQ_p28,RRQ
0.545133113861084,0.7047650814056396,-1.3633993933837019e-09,0.5350868701934814,0.6107842922210693,-0.007206103298813105,0.506843090057373,0.5420513153076172,-0.016416851431131363,0.47097161412239075,0.48737257719039917,-0.02460503578186035,0.45482712984085083,0.4377281665802002,-0.03167948126792908,0.4315590262413025,0.5775619149208069,-0.010602923110127449,0.39880555868148804,0.5609148740768433,-0.010292315855622292,0.4229782521724701,0.5674220323562622,-0.011403465643525124,0.4444114565849304,0.5777620673179626,-0.012229865416884422,0.4170380234718323,0.6287779211997986,-0.008372156880795956,0.3970823287963867,0.6073840260505676,0.0015617061872035265,0.41905078291893005,0.6095486283302307,0.00492370780557394,0.4358501732349396,0.6180868744850159,0.003199375933036208,0.413343220949173,0.6787688732147217,-0.005463396664708853,0.39693549275398254,0.6513475179672241,0.0047045801766216755,0.41530728340148926,0.6531983613967896,0.0107045266777277,0.4333569407463074,0.6626604199409485,0.01024482399225235,0.4135744273662567,0.7214959859848022,-0.003128922078758478,0.3949914872646332,0.6954042911529541,0.0054000141099095345,0.4123222529888153,0.6953123807907104,0.014933206140995026,0.4291410744190216,0.7022429704666138,0.020896267145872116,thumbs_up,RRQ_p28,RRQ
0.7035272121429443,0.6487254500389099,-1.2285462958061544e-07,0.6919155120849609,0.5622239708900452,-0.005769446492195129,0.6616812348365784,0.4896950125694275,-0.019023848697543144,0.6407294869422913,0.4265858232975006,-0.031536977738142014,0.6362993717193604,0.37135064601898193,-0.04440304636955261,0.6192498803138733,0.5163382291793823,-0.039817094802856445,0.5604221820831299,0.5143054723739624,-0.05158646032214165,0.5821155905723572,0.5241844654083252,-0.05393904075026512,0.6060222387313843,0.5279382467269897,-0.0541941300034523,0.6104483604431152,0.5706960558891296,-0.04360170289874077,0.5571661591529846,0.5621001720428467,-0.04904049262404442,0.5790408849716187,0.5692918300628662,-0.04275431111454964,0.6009716391563416,0.57326740026474,-0.040721893310546875,0.6052432060241699,0.6240870356559753,-0.04580541327595711,0.5590218305587769,0.6064473986625671,-0.04841608181595802,0.5782453417778015,0.6112208366394043,-0.034971367567777634,0.5992691516876221,0.6152592897415161,-0.028300384059548378,0.6027600765228271,0.6728483438491821,-0.0480765737593174,0.5581946969032288,0.6521127820014954,-0.047634340822696686,0.5757585167884827,0.6529465913772583,-0.03387313708662987,0.5962638854980469,0.6577112078666687,-0.024589525535702705,thumbs_up,RRQ_p28,RRQ
0.8222219347953796,0.6298816204071045,-1.9350223112724052e-07,0.8152773380279541,0.555336594581604,-0.0039204079657793045,0.7871905565261841,0.4740612804889679,-0.017175929620862007,0.7757803201675415,0.4121856987476349,-0.029901957139372826,0.7819767594337463,0.3598126769065857,-0.043040066957473755,0.7727518677711487,0.4936121106147766,-0.04671673849225044,0.6989657282829285,0.4927294850349426,-0.065738245844841,0.7160128355026245,0.5059778690338135,-0.06970342993736267,0.7408474683761597,0.5077435374259949,-0.06968845427036285,0.7684057354927063,0.5451197028160095,-0.053714338690042496,0.6939310431480408,0.5405763387680054,-0.06895017623901367,0.7153893113136292,0.5489631295204163,-0.06298601627349854,0.7407017946243286,0.5496340990066528,-0.059531405568122864,0.7637655735015869,0.5939415097236633,-0.05944231525063515,0.6959633827209473,0.582749605178833,-0.0723295584321022,0.7170332670211792,0.5882393717765808,-0.05866486206650734,0.7419171333312988,0.5897812843322754,-0.049359776079654694,0.7589224576950073,0.6377599835395813,-0.0647093802690506,0.7027443647384644,0.6209233999252319,-0.0735025554895401,0.7206153273582458,0.6221113204956055,-0.0633237436413765,0.7444490790367126,0.6252672672271729,-0.055225152522325516,thumbs_up,RRQ_p28,RRQ
0.2538071274757385,0.690433144569397,-1.4308507445548457e-07,0.2406119853258133,0.6003754138946533,-0.009206409566104412,0.1972499042749405,0.54066002368927,-0.013219539076089859,0.15393033623695374,0.4992530941963196,-0.01560980174690485,0.1313665807247162,0.4549127221107483,-0.0182668324559927,0.1236720085144043,0.5966099500656128,-0.0062417141161859035,0.13793672621250153,0.5854223966598511,-0.003492505056783557,0.16351166367530823,0.5904994010925293,-0.007378361653536558,0.17593394219875336,0.5999147891998291,-0.012467666529119015,0.11870002746582031,0.6474534869194031,-0.0030178106389939785,0.13544917106628418,0.6351307034492493,0.0074046761728823185,0.15715503692626953,0.635028064250946,0.005564806517213583,0.16940906643867493,0.6421919465065002,-0.00121069117449224,0.12648814916610718,0.691643476486206,0.0007988536381162703,0.13768497109413147,0.6778090000152588,0.008833307772874832,0.15695153176784515,0.6744440793991089,0.01026303693652153,0.17019112408161163,0.678869366645813,0.006569915451109409,0.13791514933109283,0.7297511100769043,0.003735243808478117,0.14324253797531128,0.7181679606437683,0.009329992346465588,0.16097472608089447,0.7105606198310852,0.01518577802926302,0.17355892062187195,0.710337221622467,0.01825057901442051,thumbs_up,RRQ_p28,RRQ
0.46951553225517273,0.7345305681228638,-7.223110287668533e-07,0.4211086928844452,0.6614287495613098,-0.021747063845396042,0.3978857696056366,0.5599808096885681,-0.03214145451784134,0.3845495283603668,0.4900091588497162,-0.042633164674043655,0.36127814650535583,0.4378470778465271,-0.048707809299230576,0.48912152647972107,0.4955309331417084,-0.003977993968874216,0.44124358892440796,0.4974593222141266,-0.03290091082453728,0.42938169836997986,0.5587928891181946,-0.05330890044569969,0.43560484051704407,0.5977713465690613,-0.06378662586212158,0.5257813930511475,0.5125676989555359,-0.0058840978890657425,0.4654284119606018,0.5386155247688293,-0.03132688254117966,0.45431196689605713,0.5988849401473999,-0.039645902812480927,0.4647321403026581,0.626336395740509,-0.04128430411219597,0.5539100766181946,0.5499531030654907,-0.013420389033854008,0.49766361713409424,0.572409451007843,-0.03850335255265236,0.483862042427063,0.6195623874664307,-0.03344067931175232,0.49241751432418823,0.6400458812713623,-0.02470853179693222,0.5776808261871338,0.5950623750686646,-0.024165106937289238,0.5378429889678955,0.5989152193069458,-0.0378095768392086,0.5173409581184387,0.6265320181846619,-0.03191244974732399,0.5168903470039368,0.6426013112068176,-0.023394018411636353,thumbs_up,RRQ_p28,RRQ
0.5681101083755493,0.909196138381958,-7.483931199203653e-07,0.496748685836792,0.8834606409072876,-0.02690497227013111,0.4393601417541504,0.8140138387680054,-0.03867147117853165,0.4000070095062256,0.7664436101913452,-0.04785534366965294,0.3599739968776703,0.7375233173370361,-0.05240323767066002,0.4994482398033142,0.7006123661994934,-0.0220483485609293,0.4701835513114929,0.7665039300918579,-0.04642071574926376,0.47817862033843994,0.8235382437705994,-0.06003347039222717,0.4913264513015747,0.836737871170044,-0.06786958128213882,0.5435063242912292,0.6995556354522705,-0.02173837646842003,0.508873701095581,0.7876253724098206,-0.04164955019950867,0.5103830099105835,0.8368115425109863,-0.045938633382320404,0.5207435488700867,0.8365412950515747,-0.04854477196931839,0.5840463638305664,0.7226714491844177,-0.025714561343193054,0.5500659942626953,0.8005359768867493,-0.04841948673129082,0.5460694432258606,0.840243399143219,-0.0431828498840332,0.5523369312286377,0.8374022245407104,-0.0375804603099823,0.6193848252296448,0.7548292875289917,-0.032871320843696594,0.596413254737854,0.7998155355453491,-0.048642877489328384,0.5875083208084106,0.8293250203132629,-0.04461899772286415,0.5891091227531433,0.8333030343055725,-0.03878135606646538,thumbs_up,RRQ_p28,RRQ
0.5023839473724365,0.3463786244392395,-5.567897005676059e-07,0.45633694529533386,0.31397223472595215,-0.0030284670647233725,0.4233914315700531,0.2549512982368469,-0.005073938984423876,0.40349629521369934,0.2100694328546524,-0.01212697010487318,0.3843366503715515,0.17739306390285492,-0.017318226397037506,0.47424352169036865,0.19342949986457825,0.014947003684937954,0.4601145088672638,0.14302688837051392,-0.004551175516098738,0.45607155561447144,0.18699097633361816,-0.01764225959777832,0.46081602573394775,0.22751806676387787,-0.02214874140918255,0.5004902482032776,0.19639620184898376,0.007756070699542761,0.48538026213645935,0.14817407727241516,-0.013927901163697243,0.4800054430961609,0.20933818817138672,-0.021675312891602516,0.48660093545913696,0.25112834572792053,-0.01969870738685131,0.5289806127548218,0.2029159516096115,-0.0029387131799012423,0.5135563015937805,0.15604418516159058,-0.021715933457016945,0.5044170618057251,0.21377111971378326,-0.0172622911632061,0.5091812014579773,0.25381919741630554,-0.007297234144061804,0.5608888864517212,0.21516114473342896,-0.014454091899096966,0.5505573749542236,0.16387434303760529,-0.02292955480515957,0.5354993343353271,0.19266682863235474,-0.015188528224825859,0.53315669298172,0.2218279391527176,-0.005417961161583662,thumbs_up,RRQ_p28,RRQ
0.2902988791465759,0.7060927152633667,-1.2144411698500335e-07,0.3073561489582062,0.6538138389587402,-0.02539459429681301,0.30731630325317383,0.5971167683601379,-0.03856523707509041,0.29905247688293457,0.5532039999961853,-0.04784306511282921,0.28695037961006165,0.5057531595230103,-0.05626128613948822,0.26398879289627075,0.6227290630340576,-0.0449015311896801,0.3293627202510834,0.6403628587722778,-0.06613409519195557,0.3229310214519501,0.6472327709197998,-0.08051259815692902,0.3033229112625122,0.6461294293403625,-0.09151192009449005,0.2510051131248474,0.6701923608779907,-0.04150115326046944,0.3317357301712036,0.683048665523529,-0.05413193255662918,0.3185305893421173,0.6804473996162415,-0.05681854113936424,0.2950228750705719,0.6742942333221436,-0.06373881548643112,0.2497742623090744,0.7135749459266663,-0.03959651663899422,0.32217344641685486,0.7212187647819519,-0.051879994571208954,0.3100810647010803,0.7185093760490417,-0.04425760731101036,0.2886126935482025,0.7117069363594055,-0.041465070098638535,0.25344032049179077,0.7532508969306946,-0.041266702115535736,0.30467528104782104,0.7525889277458191,-0.05607887730002403,0.2935826778411865,0.7467330098152161,-0.056258637458086014,0.27377498149871826,0.7451191544532776,-0.05582640692591667,thumbs_up,RRQ_p28,RRQ
0.5938912034034729,0.6691582798957825,-2.8618941882996296e-07,0.6265646815299988,0.6001988053321838,-0.00916912779211998,0.6726664304733276,0.5461029410362244,-0.022645270451903343,0.7142634391784668,0.5047967433929443,-0.034583281725645065,0.7455337643623352,0.4724854826927185,-0.043467018753290176,0.7150780558586121,0.6073924899101257,-0.03228580579161644,0.7782484889030457,0.6208906769752502,-0.04523620381951332,0.7588014006614685,0.6162202954292297,-0.049038875848054886,0.7329450845718384,0.6104490756988525,-0.049450021237134933,0.7081362009048462,0.662972092628479,-0.034546975046396255,0.7627977728843689,0.6709180474281311,-0.03805803880095482,0.744739294052124,0.6604581475257874,-0.03287416696548462,0.7214803695678711,0.6538423299789429,-0.031339697539806366,0.6958698630332947,0.7110894918441772,-0.036465808749198914,0.7449126839637756,0.7116822600364685,-0.037275973707437515,0.7287021279335022,0.7031545639038086,-0.024642150849103928,0.706455409526825,0.6994239687919617,-0.018830865621566772,0.6817631125450134,0.7525918483734131,-0.03873042017221451,0.7228506803512573,0.7460311651229858,-0.03813081607222557,0.7076330184936523,0.7380014061927795,-0.02558363974094391,0.6882591247558594,0.7372637987136841,-0.017043186351656914,thumbs_up,RRQ_p28,RRQ
0.5971226692199707,0.6543428301811218,-2.7445054229247035e-07,0.6243245601654053,0.5831314325332642,-0.009152659215033054,0.6700429916381836,0.5259802341461182,-0.02245643548667431,0.7120075225830078,0.4799410104751587,-0.0343383327126503,0.740237295627594,0.441765695810318,-0.04405216872692108,0.7135311365127563,0.5719541311264038,-0.03315193951129913,0.7863503694534302,0.5868046879768372,-0.04748186469078064,0.776875913143158,0.5884107947349548,-0.05187365785241127,0.7548696994781494,0.5899144411087036,-0.051814742386341095,0.7110207080841064,0.6292914748191833,-0.03452245146036148,0.7712307572364807,0.6346310377120972,-0.038686469197273254,0.7576338648796082,0.6301382780075073,-0.03407587483525276,0.7359682321548462,0.6279142498970032,-0.0324789322912693,0.7022795081138611,0.6800264120101929,-0.03555433452129364,0.7541725635528564,0.6782895922660828,-0.03705134615302086,0.7397359013557434,0.671550452709198,-0.02568342536687851,0.7175174355506897,0.6679827570915222,-0.020163709297776222,0.6920409798622131,0.7238506078720093,-0.036853715777397156,0.7351972460746765,0.714545488357544,-0.035259753465652466,0.7206630110740662,0.70784592628479,-0.023207983002066612,0.7008825540542603,0.7061847448348999,-0.015076421201229095,thumbs_up,RRQ_p28,RRQ
0.224577859044075,0.6284738183021545,-6.774921246233134e-08,0.23546093702316284,0.5645121335983276,-0.03372584655880928,0.21095289289951324,0.49549850821495056,-0.050799716264009476,0.18094785511493683,0.4469905495643616,-0.06244044750928879,0.1530182957649231,0.409277081489563,-0.07074812799692154,0.16814057528972626,0.5608394742012024,-0.06012728065252304,0.2396322786808014,0.5547453165054321,-0.08943971991539001,0.2320680320262909,0.5484845638275146,-0.10461530089378357,0.20973719656467438,0.544087827205658,-0.11307616531848907,0.15868061780929565,0.6267059445381165,-0.0528583861887455,0.2660108506679535,0.612902820110321,-0.06726858019828796,0.2398688942193985,0.600951075553894,-0.06014563888311386,0.2053600400686264,0.5959326028823853,-0.05725915729999542,0.17089763283729553,0.6788792610168457,-0.04830552265048027,0.2644765079021454,0.659317672252655,-0.062145695090293884,0.24584732949733734,0.6528396606445312,-0.03802429512143135,0.21833328902721405,0.6531108617782593,-0.01974707469344139,0.19148828089237213,0.7214956283569336,-0.049219608306884766,0.2529624104499817,0.7020704746246338,-0.06570318341255188,0.23749852180480957,0.696922779083252,-0.05765437334775925,0.21346420049667358,0.7017491459846497,-0.04687275364995003,thumbs_up,RRQ_p28,RRQ
0.3055144250392914,0.6937355399131775,-3.3394888987459126e-07,0.33370745182037354,0.6246014833450317,-0.027151593938469887,0.3348180949687958,0.5347250699996948,-0.03808073699474335,0.329781174659729,0.46630215644836426,-0.04616406187415123,0.3318621516227722,0.41260212659835815,-0.04987875744700432,0.25542160868644714,0.49245935678482056,-0.018329249694943428,0.2443394958972931,0.5142375826835632,-0.04616645351052284,0.27115291357040405,0.5601382255554199,-0.0601494200527668,0.29008814692497253,0.5790807008743286,-0.06418337672948837,0.2223125398159027,0.517350971698761,-0.012483088299632072,0.22119680047035217,0.564145565032959,-0.03932606428861618,0.25767379999160767,0.6006150841712952,-0.04342440888285637,0.2785898447036743,0.6046324372291565,-0.040072184056043625,0.19954094290733337,0.5529302358627319,-0.011548343114554882,0.20134375989437103,0.594524621963501,-0.03928845748305321,0.2395717054605484,0.6220811605453491,-0.03528471663594246,0.26270267367362976,0.6214299201965332,-0.02547914907336235,0.18304583430290222,0.5917747616767883,-0.013150526210665703,0.18315619230270386,0.614469051361084,-0.03197833523154259,0.21634216606616974,0.6343393325805664,-0.029570862650871277,0.238921120762825,0.6331232786178589,-0.021227531135082245,thumbs_up,RRQ_p28,RRQ
0.23767122626304626,0.5204930901527405,-2.9515575761251966e-07,0.26129040122032166,0.44887101650238037,-0.022372333332896233,0.2651503086090088,0.3594685196876526,-0.03135473281145096,0.26064133644104004,0.2929493188858032,-0.03905827924609184,0.2576674222946167,0.24587425589561462,-0.04366155341267586,0.1917015016078949,0.348000705242157,-0.0123212905600667,0.1604001671075821,0.3225175142288208,-0.03856099769473076,0.18672901391983032,0.3628416657447815,-0.05331925302743912,0.21084582805633545,0.39623603224754333,-0.05729146674275398,0.1669560670852661,0.37690800428390503,-0.00821254588663578,0.1443709135055542,0.3709433078765869,-0.03562169522047043,0.18006376922130585,0.4103470742702484,-0.04349317401647568,0.20385229587554932,0.43312954902648926,-0.04190993681550026,0.14794492721557617,0.4075016975402832,-0.00864877738058567,0.13093619048595428,0.4073696732521057,-0.034853290766477585,0.16694752871990204,0.43652698397636414,-0.03313298523426056,0.19108940660953522,0.45242393016815186,-0.024361608549952507,0.13209863007068634,0.4402827024459839,-0.010821745730936527,0.11612788587808609,0.4344891607761383,-0.02780470997095108,0.1463836282491684,0.45459863543510437,-0.024745188653469086,0.16977660357952118,0.46520859003067017,-0.01640792191028595,thumbs_up,RRQ_p28,RRQ
0.22302338480949402,0.5427781343460083,-3.312019032364333e-07,0.2438112199306488,0.4685286283493042,-0.025857293978333473,0.24429520964622498,0.3803759515285492,-0.03747191280126572,0.23727941513061523,0.31158381700515747,-0.04753497242927551,0.23100173473358154,0.26225095987319946,-0.05443737655878067,0.17331868410110474,0.36816418170928955,-0.019470520317554474,0.13466571271419525,0.34560254216194153,-0.0498940609395504,0.16064636409282684,0.385915070772171,-0.06547652184963226,0.18757125735282898,0.41791754961013794,-0.06897561997175217,0.14906509220600128,0.40232720971107483,-0.01478416658937931,0.11851698160171509,0.39739084243774414,-0.04933330416679382,0.15783317387104034,0.43923842906951904,-0.057678770273923874,0.18729501962661743,0.46367427706718445,-0.054200656712055206,0.130146324634552,0.4346693754196167,-0.014958696439862251,0.10744493454694748,0.4349982738494873,-0.04711277782917023,0.14778082072734833,0.46675628423690796,-0.044790349900722504,0.1773270219564438,0.48325687646865845,-0.03341330215334892,0.11533534526824951,0.4669168293476105,-0.017138568684458733,0.09436026960611343,0.46012189984321594,-0.03808359429240227,0.12503017485141754,0.482259601354599,-0.03546934202313423,0.1500944048166275,0.49340879917144775,-0.02621792070567608,thumbs_up,RRQ_p28,RRQ
0.6333471536636353,0.4708702564239502,-3.590186281599017e-07,0.6848627924919128,0.4252587854862213,-0.014425816014409065,0.715806782245636,0.3456488847732544,-0.02200215496122837,0.7335674166679382,0.287613183259964,-0.029700784012675285,0.7524539232254028,0.24218234419822693,-0.03478216379880905,0.658482015132904,0.2668422758579254,-0.012688797898590565,0.7028751373291016,0.28973332047462463,-0.03663596510887146,0.6998836398124695,0.34310826659202576,-0.04998909309506416,0.6876564621925354,0.35041648149490356,-0.05775602161884308,0.622048020362854,0.27892109751701355,-0.016252057626843452,0.6773160099983215,0.3211221694946289,-0.03768252581357956,0.6747424602508545,0.3738533854484558,-0.04149993136525154,0.6613761186599731,0.3753844201564789,-0.04254147410392761,0.5926200747489929,0.3072764575481415,-0.023233456537127495,0.6466830968856812,0.3503989577293396,-0.04493708908557892,0.6462792158126831,0.39502641558647156,-0.040534090250730515,0.6322855949401855,0.3949994146823883,-0.035341497510671616,0.5690192580223083,0.34123694896698,-0.031861562281847,0.612977921962738,0.36957889795303345,-0.04453006759285927,0.6176179051399231,0.40340447425842285,-0.04014275223016739,0.6059175729751587,0.4072957932949066,-0.03475543484091759,thumbs_up,RRQ_p28,RRQ
0.2954835295677185,0.7610105276107788,6.066389914849424e-07,0.3310818076133728,0.7343926429748535,-0.03235052525997162,0.3351905047893524,0.6933100819587708,-0.051413394510746,0.2883061468601227,0.6903830766677856,-0.06903573870658875,0.24483701586723328,0.6904157400131226,-0.08615382760763168,0.30814680457115173,0.6020170450210571,-0.03728080540895462,0.3018859922885895,0.5293348431587219,-0.0652240514755249,0.292971134185791,0.4818609356880188,-0.08153682202100754,0.2834104001522064,0.4400135278701782,-0.09117832034826279,0.27021846175193787,0.6053621172904968,-0.03913575038313866,0.2469484955072403,0.5264067649841309,-0.06950823217630386,0.2284471094608307,0.4732871651649475,-0.08612372726202011,0.2124433070421219,0.4251173138618469,-0.09280431270599365,0.24494554102420807,0.6315423250198364,-0.04388526454567909,0.21604958176612854,0.6111396551132202,-0.0856967344880104,0.23764902353286743,0.6584337949752808,-0.0926472470164299,0.258316308259964,0.6895670890808105,-0.0850885808467865,0.22964045405387878,0.6724045872688293,-0.05037584528326988,0.21641361713409424,0.6736980080604553,-0.08335040509700775,0.23856422305107117,0.7034056782722473,-0.08398514240980148,0.2601161599159241,0.7224646806716919,-0.07581227272748947,peace_sign,RRQ_p28,RRQ
0.46916472911834717,0.6637099981307983,6.008253308209532e-07,0.5121787786483765,0.656424880027771,-0.029515227302908897,0.5435421466827393,0.6336713433265686,-0.04927286505699158,0.5349515676498413,0.6095815300941467,-0.06895674765110016,0.5087215304374695,0.5878185033798218,-0.08744381368160248,0.5431904792785645,0.5201312899589539,-0.035114724189043045,0.562419593334198,0.44884541630744934,-0.06252098083496094,0.5726101398468018,0.40277570486068726,-0.07887879014015198,0.5800928473472595,0.3613756597042084,-0.08856987208127975,0.5078172087669373,0.5097880363464355,-0.04003258794546127,0.5127993226051331,0.426908016204834,-0.07147455960512161,0.5184215903282166,0.37209054827690125,-0.08987850695848465,0.5233718752861023,0.3234798312187195,-0.0983717069029808,0.47420942783355713,0.5236270427703857,-0.04760763421654701,0.4814470112323761,0.5006206631660461,-0.08975829929113388,0.4924216568470001,0.5537772178649902,-0.09824533015489578,0.49885767698287964,0.5915567278862,-0.09240298718214035,0.4442712664604187,0.5532065033912659,-0.057167891412973404,0.4547788202762604,0.5597715377807617,-0.0906592532992363,0.4707016050815582,0.5985093116760254,-0.09425793588161469,0.48170268535614014,0.6249149441719055,-0.08889921754598618,peace_sign,RRQ_p28,RRQ
0.6371005773544312,0.5961639285087585,3.973452180616732e-07,0.6854189038276672,0.5935590863227844,-0.01271132379770279,0.7183359861373901,0.5636712908744812,-0.022293820977211,0.7340241074562073,0.5353987216949463,-0.0341905802488327,0.7512457370758057,0.5118365287780762,-0.044507645070552826,0.7388510704040527,0.4655967056751251,-0.018590399995446205,0.7710060477256775,0.40016600489616394,-0.037107739597558975,0.7880864143371582,0.3607671856880188,-0.04846564307808876,0.8004194498062134,0.3237854838371277,-0.056752633303403854,0.7103930115699768,0.45102521777153015,-0.029048314318060875,0.7352148294448853,0.3677517771720886,-0.05509224161505699,0.7554696202278137,0.3207250237464905,-0.07318274676799774,0.7705503702163696,0.27978450059890747,-0.08338966220617294,0.6793949007987976,0.45794448256492615,-0.04045563563704491,0.7107894420623779,0.4327346384525299,-0.07580304890871048,0.7255277037620544,0.46868327260017395,-0.08756346255540848,0.7290785908699036,0.4953116178512573,-0.08773602545261383,0.6507503390312195,0.48222780227661133,-0.052331872284412384,0.6842063665390015,0.49674707651138306,-0.08316321671009064,0.7031468152999878,0.5294857025146484,-0.09123426675796509,0.7107733488082886,0.5531033873558044,-0.0912393257021904,peace_sign,RRQ_p28,RRQ
0.5546233057975769,0.800479531288147,5.303659804667404e-07,0.6044700741767883,0.8169715404510498,-0.014608645811676979,0.6379497051239014,0.8233568668365479,-0.040613189339637756,0.6583250164985657,0.833107590675354,-0.06934186071157455,0.6725022196769714,0.8481103777885437,-0.09588346630334854,0.6814346313476562,0.7542828321456909,-0.055151309818029404,0.7355931401252747,0.7164669036865234,-0.09010320156812668,0.767889142036438,0.6901687383651733,-0.11247535049915314,0.7959133386611938,0.6624473333358765,-0.12926079332828522,0.6560313701629639,0.7298704385757446,-0.07102987170219421,0.6976578235626221,0.6826951503753662,-0.11726707220077515,0.7298960089683533,0.6534057855606079,-0.14328879117965698,0.7558290362358093,0.6296170949935913,-0.159920334815979,0.6227162480354309,0.7260861396789551,-0.0854274109005928,0.652234673500061,0.7564051747322083,-0.12365023791790009,0.6510363817214966,0.8038812279701233,-0.12327012419700623,0.6431229114532471,0.8318314552307129,-0.11779649555683136,0.5906218886375427,0.744499146938324,-0.10198219865560532,0.6132981777191162,0.7928586006164551,-0.12987004220485687,0.6238755583763123,0.8391157984733582,-0.13027708232402802,0.6273967623710632,0.8636835217475891,-0.12669381499290466,peace_sign,RRQ_p28,RRQ
0.22482749819755554,0.6498488783836365,5.321135176927783e-07,0.22726887464523315,0.6190252900123596,-0.04041898995637894,0.19780151546001434,0.5897772908210754,-0.05615445226430893,0.15009398758411407,0.5723481178283691,-0.06734047085046768,0.11306561529636383,0.5650186538696289,-0.07634025067090988,0.1770513355731964,0.5032292604446411,-0.03473501279950142,0.15353532135486603,0.4328663945198059,-0.05567316338419914,0.14159446954727173,0.3926490843296051,-0.07160857319831848,0.12719082832336426,0.35768014192581177,-0.08393576741218567,0.15027661621570587,0.5099897980690002,-0.02417559176683426,0.12219653278589249,0.4325709939002991,-0.04816117882728577,0.10470281541347504,0.3941754996776581,-0.06451057642698288,0.0828825905919075,0.3494224548339844,-0.07539127767086029,0.13542979955673218,0.5351851582527161,-0.016813645139336586,0.0880957543849945,0.4964664876461029,-0.04182102531194687,0.10548160970211029,0.5392748117446899,-0.04463426396250725,0.1236768364906311,0.5635377764701843,-0.041092950850725174,0.13128045201301575,0.5776709318161011,-0.013192755170166492,0.09974606335163116,0.56269371509552,-0.03402750566601753,0.11121447384357452,0.5886716842651367,-0.037230588495731354,0.12966680526733398,0.6070031523704529,-0.036318641155958176,peace_sign,RRQ_p28,RRQ
0.2949550151824951,0.5948829650878906,2.6078208748003817e-07,0.27054348587989807,0.5291270613670349,0.010242410004138947,0.2782613933086395,0.47445449233055115,0.007642287760972977,0.3020160496234894,0.44636180996894836,0.0010725004831328988,0.3284844160079956,0.439151406288147,-0.0047656940296292305,0.27049142122268677,0.4420410692691803,-0.007405501324683428,0.2636794447898865,0.37022167444229126,-0.01958022452890873,0.25843536853790283,0.3255240321159363,-0.027164774015545845,0.2555924952030182,0.28972750902175903,-0.03212106600403786,0.2972128093242645,0.4407574534416199,-0.019380025565624237,0.3001457452774048,0.36019623279571533,-0.029750952497124672,0.3031729757785797,0.3078480660915375,-0.03650178760290146,0.3060789108276367,0.26794832944869995,-0.04151397943496704,0.3245725631713867,0.4543227255344391,-0.029178999364376068,0.34965068101882935,0.3944530785083771,-0.0341198667883873,0.3451530337333679,0.41712871193885803,-0.02562682144343853,0.33560124039649963,0.4411357641220093,-0.018082108348608017,0.35022759437561035,0.47776487469673157,-0.039092056453228,0.3665804862976074,0.44849693775177,-0.037656016647815704,0.35861557722091675,0.46444857120513916,-0.02741978131234646,0.3493718206882477,0.4803394079208374,-0.018619392067193985,peace_sign,RRQ_p28,RRQ
0.22826410830020905,0.5781081914901733,2.856264416095655e-07,0.2070513665676117,0.5146579146385193,0.018412867560982704,0.20998559892177582,0.4579405188560486,0.01732831820845604,0.23089013993740082,0.42753705382347107,0.008876323699951172,0.253612220287323,0.40968549251556396,0.0009742864640429616,0.18995718657970428,0.4253830313682556,0.0033172143157571554,0.17648868262767792,0.35075294971466064,-0.006513830740004778,0.1677170991897583,0.3079928457736969,-0.010574541985988617,0.15958918631076813,0.27307403087615967,-0.0138608543202281,0.20603759586811066,0.4195641577243805,-0.016593141481280327,0.19792969524860382,0.3359282612800598,-0.03184393793344498,0.19641390442848206,0.28641611337661743,-0.04062469303607941,0.19444572925567627,0.24630990624427795,-0.04576139152050018,0.22810561954975128,0.4299222230911255,-0.03406491503119469,0.2629251182079315,0.3655937910079956,-0.045348942279815674,0.272432804107666,0.3936573565006256,-0.03713058680295944,0.26813995838165283,0.4176138639450073,-0.028305813670158386,0.25607624650001526,0.4489801824092865,-0.050884634256362915,0.28708696365356445,0.41499367356300354,-0.05465378239750862,0.2893224060535431,0.43362191319465637,-0.04555456340312958,0.2806922197341919,0.4492722451686859,-0.03706789016723633,peace_sign,RRQ_p28,RRQ
0.7239300608634949,0.6563531756401062,4.884630016022129e-07,0.7284234762191772,0.5776183009147644,0.004163945559412241,0.7019060254096985,0.5137643814086914,-0.0032493260223418474,0.6685521006584167,0.49103453755378723,-0.011083504185080528,0.6376374363899231,0.48527514934539795,-0.02063787169754505,0.7045764327049255,0.504169225692749,-0.03985128551721573,0.6819788217544556,0.4189155101776123,-0.05778626352548599,0.6669180989265442,0.37033841013908386,-0.06542398780584335,0.6535747051239014,0.33173829317092896,-0.06856151670217514,0.6779429316520691,0.535271167755127,-0.048274993896484375,0.6312205195426941,0.4499132037162781,-0.06213817372918129,0.6050851345062256,0.4020196199417114,-0.06406328082084656,0.5823591947555542,0.36859118938446045,-0.06631709635257721,0.6502552032470703,0.5716517567634583,-0.05311793088912964,0.5936936140060425,0.5002481937408447,-0.06498148292303085,0.6111167073249817,0.5081049799919128,-0.05567242205142975,0.6318005919456482,0.527702808380127,-0.04673430696129799,0.626775860786438,0.6068471670150757,-0.05672861635684967,0.5867828130722046,0.548480749130249,-0.063425213098526,0.602627158164978,0.5504480600357056,-0.05246131494641304,0.6212512254714966,0.5640752911567688,-0.04215534031391144,peace_sign,RRQ_p28,RRQ
0.8212429285049438,0.6181557774543762,5.616925591311883e-07,0.8215704560279846,0.5378235578536987,0.008189983665943146,0.7948142886161804,0.46611520648002625,-0.003351193619892001,0.745572566986084,0.4423268139362335,-0.018177209421992302,0.7087677121162415,0.4367339015007019,-0.034102607518434525,0.8243700265884399,0.43800556659698486,-0.03637741878628731,0.8191871643066406,0.3434605598449707,-0.05848335474729538,0.8167886734008789,0.2860385477542877,-0.06951405107975006,0.8131939768791199,0.24161401391029358,-0.07585489004850388,0.8087552189826965,0.4576648473739624,-0.05065600946545601,0.7898169159889221,0.3602619171142578,-0.07467298209667206,0.7758638858795166,0.2984957993030548,-0.08488572388887405,0.7618220448493958,0.2519112229347229,-0.09171780943870544,0.7845312356948853,0.48522618412971497,-0.06088533625006676,0.7204496264457703,0.4159199893474579,-0.0754259005188942,0.7148033976554871,0.43780937790870667,-0.06482994556427002,0.7230207920074463,0.4599030017852783,-0.05443722754716873,0.7577951550483704,0.5149922966957092,-0.07035025209188461,0.7020285129547119,0.4636051654815674,-0.07426968961954117,0.6991560459136963,0.47373291850090027,-0.06229507923126221,0.7082827687263489,0.4884752631187439,-0.0520876906812191,peace_sign,RRQ_p28,RRQ
0.5145666599273682,0.6884336471557617,5.296918743624701e-07,0.513349711894989,0.6035544872283936,-0.01443422306329012,0.4804385304450989,0.5489133596420288,-0.02139357477426529,0.4352138042449951,0.5570330619812012,-0.023750217631459236,0.4088788628578186,0.5802856683731079,-0.024690886959433556,0.43555334210395813,0.5681464672088623,-0.03998067229986191,0.37781792879104614,0.5102779865264893,-0.04966069757938385,0.34710365533828735,0.4820724129676819,-0.04993028566241264,0.32264548540115356,0.4615969657897949,-0.047067224979400635,0.41039136052131653,0.6113734245300293,-0.03319579362869263,0.34141063690185547,0.5579299330711365,-0.04414821043610573,0.30269718170166016,0.5236913561820984,-0.04507632553577423,0.2770109474658966,0.5026034116744995,-0.04236414283514023,0.3986808657646179,0.6437464356422424,-0.02400359883904457,0.3787384629249573,0.5842248201370239,-0.030139638110995293,0.39851129055023193,0.5730717182159424,-0.025415953248739243,0.41735604405403137,0.581313967704773,-0.01760092005133629,0.39557719230651855,0.6647247672080994,-0.015705939382314682,0.3931582272052765,0.6119235157966614,-0.013261818327009678,0.40973976254463196,0.605582594871521,-0.004801518749445677,0.4241141676902771,0.6151213049888611,0.004096276126801968,peace_sign,RRQ_p28,RRQ
0.38211801648139954,0.6496995091438293,4.291215134344384e-07,0.3954060673713684,0.5822992920875549,-0.01269535906612873,0.3828469514846802,0.5312262773513794,-0.013677258044481277,0.3543653190135956,0.5294948816299438,-0.012500029988586903,0.33261656761169434,0.5413791537284851,-0.009962417185306549,0.32072606682777405,0.5142629742622375,-0.01404552347958088,0.28430700302124023,0.4517541527748108,-0.016750305891036987,0.26302242279052734,0.41912540793418884,-0.015482630580663681,0.24474462866783142,0.39575791358947754,-0.012350435368716717,0.2976537346839905,0.5444744825363159,-0.008502578362822533,0.25538015365600586,0.4897001087665558,-0.010544177144765854,0.2325180321931839,0.45490074157714844,-0.011303147301077843,0.21867486834526062,0.4345354437828064,-0.009317951276898384,0.2904926836490631,0.5743939876556396,-0.003042233642190695,0.29770007729530334,0.5446720719337463,-0.008860275149345398,0.3190472424030304,0.5441423654556274,-0.013293370604515076,0.3350163698196411,0.55451500415802,-0.011091399006545544,0.2910594344139099,0.6008671522140503,0.0017559269908815622,0.30361154675483704,0.5768715739250183,0.00020919175585731864,0.320436030626297,0.5783669352531433,0.0012866442557424307,0.3337530493736267,0.5875260829925537,0.005409862380474806,peace_sign,RRQ_p28,RRQ
0.4148843288421631,0.5981123447418213,1.7745020386428223e-07,0.39847174286842346,0.5287370085716248,-0.0033009054604917765,0.3701596260070801,0.4993334114551544,0.0018850541673600674,0.3502863347530365,0.5133982300758362,0.0072533669881522655,0.3445757329463959,0.5395123958587646,0.0131307914853096,0.3023749887943268,0.5315616726875305,0.0024281188379973173,0.24924743175506592,0.5418230295181274,0.005718891508877277,0.2196148782968521,0.552218496799469,0.007965664379298687,0.19644606113433838,0.5625503063201904,0.009684170596301556,0.3008643090724945,0.5770202279090881,0.004959195386618376,0.2559739351272583,0.5925765037536621,0.010276072658598423,0.22895726561546326,0.605327844619751,0.00995445903390646,0.21218031644821167,0.6183609962463379,0.009717137552797794,0.3131336271762848,0.6099320650100708,0.00753728486597538,0.3103175759315491,0.599019467830658,0.010883626528084278,0.32726728916168213,0.5838358402252197,0.0071456036530435085,0.340820848941803,0.5781578421592712,0.006194335874170065,0.32905805110931396,0.6382835507392883,0.0095633864402771,0.33221858739852905,0.6190277934074402,0.014355493709445,0.34544435143470764,0.610257625579834,0.015110048465430737,0.35598689317703247,0.6048177480697632,0.016549142077565193,peace_sign,RRQ_p28,RRQ
0.46829521656036377,0.7243843078613281,9.134803917731915e-07,0.41958972811698914,0.7393190264701843,-0.01708224043250084,0.3779366910457611,0.7515538930892944,-0.0380694679915905,0.3542225658893585,0.7543196082115173,-0.061305392533540726,0.3581911027431488,0.7355124354362488,-0.08395213633775711,0.3252260982990265,0.6672441959381104,-0.0389305055141449,0.2762167751789093,0.6080225110054016,-0.0673973560333252,0.2486574947834015,0.5671977400779724,-0.08386362344026566,0.22799426317214966,0.5279359817504883,-0.09343106299638748,0.3570934236049652,0.6318802833557129,-0.04991593584418297,0.31947579979896545,0.5573756098747253,-0.07970178127288818,0.29548779129981995,0.5011904835700989,-0.09597702324390411,0.2762022912502289,0.45370718836784363,-0.10367643088102341,0.39674463868141174,0.6197360157966614,-0.06133721396327019,0.37894493341445923,0.649337649345398,-0.09535610675811768,0.3860204517841339,0.7098132967948914,-0.09936024248600006,0.39315059781074524,0.7520586252212524,-0.09321587532758713,0.43393057584762573,0.6321933269500732,-0.07384619116783142,0.4218681752681732,0.6764735579490662,-0.09492575377225876,0.41832032799720764,0.7268288135528564,-0.09052621573209763,0.4169140160083771,0.7648811340332031,-0.08225985616445541,peace_sign,RRQ_p28,RRQ
0.6963305473327637,0.8683486580848694,8.702624541001569e-07,0.6609861850738525,0.8757626414299011,-0.014653959311544895,0.6299019455909729,0.8811259865760803,-0.03131314739584923,0.6431884765625,0.8989536762237549,-0.04874776303768158,0.6669575572013855,0.9153078198432922,-0.06768850982189178,0.5996347665786743,0.8127782344818115,-0.04613224416971207,0.5766673684120178,0.7694644331932068,-0.0691804513335228,0.5639439225196838,0.7364934086799622,-0.08220728486776352,0.5538666248321533,0.703220546245575,-0.09172187000513077,0.6373152136802673,0.7756395936012268,-0.0572483167052269,0.6315118670463562,0.7235041856765747,-0.08243931829929352,0.6341625452041626,0.6801191568374634,-0.09526240825653076,0.6319797039031982,0.6414773464202881,-0.10153737664222717,0.6818824410438538,0.7674646973609924,-0.06742529571056366,0.6953018307685852,0.8183755874633789,-0.09503300487995148,0.6947526931762695,0.8751232028007507,-0.09849727898836136,0.6856169104576111,0.9085593223571777,-0.09518463164567947,0.7201311588287354,0.7833766341209412,-0.07853391021490097,0.7304912805557251,0.8554044365882874,-0.09969643503427505,0.7244791984558105,0.9041000008583069,-0.09739554673433304,0.7146623134613037,0.9370114207267761,-0.09193987399339676,peace_sign,RRQ_p28,RRQ
0.8202038407325745,0.723552405834198,6.0668202195302e-07,0.7814429998397827,0.7115272879600525,-0.040471401065588,0.7660717368125916,0.6690057516098022,-0.06315682828426361,0.8106533288955688,0.6470656991004944,-0.08225368708372116,0.858005940914154,0.6386712193489075,-0.09993941336870193,0.7851453423500061,0.5725383758544922,-0.04931541159749031,0.777364194393158,0.49024438858032227,-0.07708404213190079,0.7733718156814575,0.4384026527404785,-0.09288826584815979,0.7731679081916809,0.39111095666885376,-0.10320637375116348,0.8247880935668945,0.5588716268539429,-0.04801623150706291,0.8254436254501343,0.47011706233024597,-0.07611394673585892,0.8284734487533569,0.41125237941741943,-0.09286346286535263,0.8317556977272034,0.35547715425491333,-0.10203513503074646,0.8562376499176025,0.5749583840370178,-0.05010131374001503,0.8890907764434814,0.5424945950508118,-0.09059080481529236,0.8881244659423828,0.5938998460769653,-0.10064084827899933,0.8791900277137756,0.6355608701705933,-0.09702138602733612,0.8802351951599121,0.608600914478302,-0.05502144247293472,0.905363142490387,0.6065810918807983,-0.09207306057214737,0.90093994140625,0.6428503394126892,-0.09927970170974731,0.8885394930839539,0.6755534410476685,-0.09674373269081116,peace_sign,RRQ_p28,RRQ
0.2536783218383789,0.8468806743621826,-9.187824900891428e-08,0.2865583300590515,0.8037571907043457,0.0010492566507309675,0.2941585183143616,0.7518502473831177,0.0031378965359181166,0.28559327125549316,0.7123908996582031,0.005303441546857357,0.2742336392402649,0.692712128162384,0.007836265489459038,0.24560889601707458,0.712787389755249,-0.006909768097102642,0.24854469299316406,0.663759708404541,-0.008592982776463032,0.2624783515930176,0.663151204586029,-0.009302067570388317,0.2742983400821686,0.676163911819458,-0.008522611111402512,0.2195555418729782,0.7246922850608826,-0.005816591903567314,0.23434977233409882,0.7161260843276978,0.00012960656022187322,0.2443745881319046,0.7329896092414856,0.0029738880693912506,0.2477574646472931,0.7495667934417725,0.0024151161778718233,0.20441000163555145,0.7477865815162659,-0.003771706484258175,0.22090893983840942,0.742591381072998,0.0028959608171135187,0.23081275820732117,0.7535215616226196,0.005747992545366287,0.23491822183132172,0.7685598731040955,0.004719519522041082,0.19414782524108887,0.7724635004997253,-0.0016917686443775892,0.20905785262584686,0.7675351500511169,0.004005730152130127,0.21839982271194458,0.7756972312927246,0.008380034007132053,0.22226335108280182,0.7872315049171448,0.011180858127772808,neutral,RRQ_p28,RRQ
0.2396823912858963,0.6076310276985168,-1.6222411147737148e-07,0.28055062890052795,0.5775317549705505,0.027119072154164314,0.3033752143383026,0.540526270866394,0.03648729249835014,0.31313201785087585,0.5056458115577698,0.03977378085255623,0.3099987506866455,0.4772563576698303,0.04094348102807999,0.3193879723548889,0.5348305106163025,0.01948065124452114,0.3331589102745056,0.46476078033447266,0.016532238572835922,0.33183416724205017,0.4209257960319519,0.01477607898414135,0.3296450674533844,0.3904268741607666,0.013909948989748955,0.31451162695884705,0.5255284309387207,0.0021138496231287718,0.33300161361694336,0.44756007194519043,0.0007066463003866374,0.3360704779624939,0.40238675475120544,0.0005599547876045108,0.33590346574783325,0.369769811630249,0.00016604183474555612,0.30048149824142456,0.5135605335235596,-0.013800588436424732,0.321008563041687,0.4364590644836426,-0.014976266771554947,0.32595667243003845,0.3925625681877136,-0.015476434491574764,0.33008041977882385,0.3591815233230591,-0.016697905957698822,0.27886584401130676,0.4997956156730652,-0.027249237522482872,0.294812947511673,0.4391520619392395,-0.02993522770702839,0.3032790720462799,0.40514254570007324,-0.029611781239509583,0.3114924430847168,0.377252459526062,-0.0294430460780859,neutral,RRQ_p28,RRQ
0.23453490436077118,0.6283597946166992,2.0304069892063126e-07,0.2167959362268448,0.5743245482444763,0.011825000867247581,0.19574570655822754,0.5283307433128357,0.014345711097121239,0.18331082165241241,0.4917548596858978,0.011887207627296448,0.1714019626379013,0.4632924795150757,0.008489296771585941,0.1738509088754654,0.5275686979293823,0.011873072013258934,0.15551994740962982,0.4721960723400116,0.0037217093631625175,0.14429478347301483,0.4348784387111664,-0.0029967676382511854,0.1354745328426361,0.4036894738674164,-0.008005798794329166,0.17447565495967865,0.5289806723594666,-0.002150320215150714,0.15082822740077972,0.46752288937568665,-0.01051330752670765,0.1371127814054489,0.4260338246822357,-0.0184310395270586,0.12623801827430725,0.3913864493370056,-0.023426786065101624,0.18437816202640533,0.5318643450737,-0.01632608473300934,0.15871457755565643,0.46974077820777893,-0.025139523670077324,0.1457458734512329,0.43254464864730835,-0.031124114990234375,0.13321858644485474,0.40270692110061646,-0.03491462394595146,0.20319290459156036,0.5324772000312805,-0.029785366728901863,0.186726376414299,0.4906758666038513,-0.03802504390478134,0.1726585030555725,0.467035710811615,-0.04148127883672714,0.15856730937957764,0.44715335965156555,-0.04351559281349182,neutral,RRQ_p28,RRQ
0.31972500681877136,0.6552882194519043,-2.3050344566399872e-07,0.33827683329582214,0.590026319026947,0.01606326550245285,0.3412551283836365,0.5235624313354492,0.019178079441189766,0.3448200821876526,0.474124550819397,0.01898956671357155,0.3577277362346649,0.4475201964378357,0.016163082793354988,0.31340834498405457,0.4875657856464386,-0.0014917738735675812,0.25627201795578003,0.44903385639190674,-0.006487206090241671,0.2204316258430481,0.442638635635376,-0.007902510464191437,0.19819878041744232,0.44343990087509155,-0.008172965608537197,0.2925739884376526,0.49878329038619995,-0.01309182308614254,0.23256219923496246,0.44894182682037354,-0.017134414985775948,0.1964159607887268,0.4374374449253082,-0.015856822952628136,0.1727641075849533,0.4327750504016876,-0.015093470923602581,0.27000460028648376,0.5187360048294067,-0.022720789536833763,0.21571749448776245,0.4618127942085266,-0.027139734476804733,0.18393300473690033,0.4483545422554016,-0.024680674076080322,0.16143088042736053,0.4414650797843933,-0.023064125329256058,0.24682793021202087,0.5482953190803528,-0.030349742621183395,0.20290905237197876,0.500032365322113,-0.03607615455985069,0.17783232033252716,0.4821944534778595,-0.03398522734642029,0.1574193835258484,0.470002681016922,-0.03135772421956062,neutral,RRQ_p28,RRQ
